0.1 158.300038865156
0.1639359769355841 209.37182489770183
0.22787195387116815 302.21092237674065
0.2918079308067522 457.74961809226767
0.35574390774233633 698.1626558474038
0.4196798846779204 1010.6195893729052
0.48361586161350456 1211.0648858515167
0.5475518385490886 952.7435969191063
0.6114878154846727 465.9923660385198
0.6754237924202569 499.3238739779613
0.7393597693558408 1449.5874807876733
0.803295746291425 3088.2571375813545
0.8672317232270089 4979.940200390033
0.9311677001625931 7126.217674762705
0.9951036770981773 9302.755117496503
1.0590396540337614 10549.199467780692
1.1229756309693455 10483.999635144248
1.1869116079049296 8675.190772890388
1.2508475848405136 4972.732732277452
1.3147835617760977 2157.676606809985
1.3787195387116815 3582.9305665621914
1.442655515647266 10796.270168072444
1.50659149258285 22076.589912858588
1.570527469518434 31040.153221649944
1.634463446454018 32856.04668881492
1.6983994233896023 27865.931389047462
1.7623354003251863 18228.91508270553
1.8262713772607704 8338.066018754651
1.8902073541963544 3236.92303373052
1.9541433311319387 4068.7852407713663
2.018079308067523 9268.54760472385
2.0820152850031066 16126.782662380416
2.145951261938691 21353.24911934302
2.209887238874275 23542.829770178207
2.273823215809859 22687.14058203755
2.3377591927454437 19234.479035472326
2.401695169681027 15003.329488745105
2.4656311466166114 11664.821215378426
2.5295671235521953 9189.18951915644
2.5935031004877795 7143.256614259346
2.6574390774233634 5657.921489151208
2.721375054358948 4967.898210422617
2.785311031294532 4804.491038454122
2.849247008230116 4459.321690075864
2.9131829851657 3388.74359296731
2.977118962101284 1926.304351808996
3.041054939036868 1399.0643691391228
3.104990915972452 2984.190702284937
3.1689268929080363 6488.176487877833
3.2328628698436206 10321.517739621078
3.2967988467792044 12616.054240781315
3.3607348237147887 12759.018260519138
3.4246708006503725 11350.41070144892
3.488606777585957 9074.252468123768
3.5525427545215407 6665.438344542745
3.616478731457125 5145.529380411654
3.680414708392709 5196.597125794597
3.7443506853282926 6237.204995362752
3.808286662263877 6626.744817894391
3.8722226391994607 5648.898888623442
3.9361586161350446 5107.903523751195
4.000094593070629 8649.750657591692
4.064030570006214 18225.91118829869
4.1279665469417965 30220.334488571752
4.19190252387738 37594.17359521337
4.255838500812965 35738.105696824474
4.31977447774855 25134.785941458056
4.383710454684134 11467.216109179652
4.4476464316197175 2308.7960343386253
4.5115824085553005 773.4584041097877
4.575518385490886 4022.7602807522167
4.63945436242647 7335.521908457449
4.703390339362054 7902.918427185152
4.7673263162976385 6311.010830838512
4.831262293233222 4977.580256517396
4.895198270168806 5370.120299248737
4.95913424710439 7329.70990967968
5.023070224039976 10066.571852375211
5.0870062009755594 12910.824934861765
5.150942177911142 15327.733164337838
5.214878154846726 16900.89087075236
5.278814131782311 17780.08944807456
5.342750108717895 18510.1941465936
5.4066860856534795 18848.570326234432
5.470622062589063 17593.580024255632
5.534558039524647 13996.439799852978
5.598494016460231 8759.42507360623
5.662429993395815 3796.9631629665705
5.7263659703314 1066.5886777792307
5.790301947266984 1005.9089957775416
5.854237924202567 2347.535341553109
5.918173901138152 3520.8680942901187
5.982109878073736 4049.8279313975345
6.04604585500932 4773.448919782253
6.109981831944904 6321.422826950348
6.173917808880488 7908.800322640798
6.237853785816072 8351.972274377686
6.301789762751656 7360.591086723791
6.365725739687241 5520.251636669242
6.429661716622824 3617.097013778505
6.493597693558408 2063.47312803372
6.557533670493992 976.0528901857137
6.621469647429577 640.3315435052195
6.685405624365161 1558.0234452275608
6.749341601300745 3732.154833983087
6.813277578236328 6223.9745903930725
6.877213555171913 7696.499096501384
6.941149532107497 7248.1051476482735
7.005085509043081 5118.794847391784
7.0690214859786655 2623.863594074174
7.1329574629142485 999.2461794633294
7.196893439849833 599.7916530703657
7.260829416785419 1130.9837067437911
7.324765393721002 2120.014161853273
7.388701370656586 3055.135819838883
7.4526373475921694 3356.828824066358
7.516573324527753 2702.664642847275
7.580509301463338 1426.693815638074
7.644445278398922 440.2428874642183
7.708381255334506 561.59240327714
7.7723172322700895 1717.8277297147938
7.836253209205673 3200.4813404749007
7.900189186141257 4720.650888029814
7.964125163076842 6957.665692655606
8.028061140012428 11178.861443261394
8.091997116948011 17568.589318913982
8.155933093883595 23847.35412267369
8.219869070819179 26816.190923874114
8.283805047754761 24951.302678413715
8.347741024690345 18992.736456601702
8.411677001625929 11296.86577107088
8.475612978561514 4796.506334680817
8.5395489554971 1401.957839656269
8.603484932432686 1086.280498070215
8.667420909368268 2571.2412851896147
8.731356886303852 4419.446318307305
8.795292863239435 5558.49290854014
8.85922884017502 5458.481183168595
8.923164817110603 4180.643085668619
8.987100794046189 2280.9008029908014
9.051036770981773 633.9658136358535
9.114972747917356 164.42824132747566
9.17890872485294 1427.836095928495
9.242844701788524 4210.543610851478
9.30678067872411 7448.660593515898
9.370716655659693 9621.741079830612
9.434652632595277 9557.923746281924
9.498588609530861 7241.599969837465
9.562524586466447 3901.8631249670734
9.626460563402029 1178.2264345703675
9.690396540337613 64.76287918319468
9.754332517273197 420.3786998361994
9.81826849420878 1334.5544454186663
9.882204471144366 1949.9555692688557
9.946140448079948 1955.178178199908
10.010076425015532 1501.8818114351336
10.074012401951116 942.8195294223384
10.1379483788867 742.2111378424795
10.201884355822283 1494.2957877168367
10.265820332757867 3618.665930876533
10.329756309693453 6726.160727586177
10.393692286629038 9346.217230603686
10.457628263564622 9643.649037823625
10.521564240500206 7013.926944450257
10.585500217435788 3048.824735997209
10.649436194371372 427.20777558228895
10.713372171306956 728.0995899227523
10.77730814824254 3091.9814245075036
10.841244125178129 4866.5279658335885
10.90518010211371 4188.773938810488
10.969116079049295 1877.3454138523628
11.033052055984879 395.72291852913247
11.096988032920462 1409.421668867953
11.160924009856046 4235.265656902388
11.22485998679163 6409.327295570835
11.288795963727216 6116.096428150585
11.3527319406628 3873.8331144802905
11.416667917598383 1743.1606251559915
11.480603894533967 1270.4591106777216
11.544539871469553 2147.076481059556
11.608475848405133 2838.149308287951
11.672411825340719 2385.538635699876
11.736347802276304 1258.1833966012584
11.800283779211888 643.1167451481627
11.864219756147472 1112.5870045424683
11.928155733083056 2021.3619982334396
11.99209171001864 2323.2324070409386
12.056027686954224 1699.7241692497992
12.119963663889807 731.0043135555964
12.183899640825391 210.14678279908097
12.247835617760977 421.63269814337343
12.31177159469656 1118.347720332668
12.375707571632145 2060.9310962035097
12.439643548567728 3328.894263246694
12.503579525503312 5026.3802478881225
12.567515502438896 6794.076594854151
12.63145147937448 7895.822457792515
12.695387456310064 7830.350277502431
12.759323433245648 6697.04374439884
12.823259410181231 5091.958727278633
12.887195387116815 3727.896564179605
12.9511313640524 2979.9763549509794
13.015067340987985 2707.72299497063
13.07900331792357 2491.0483581888866
13.142939294859154 2000.1236657200136
13.206875271794736 1208.439960684736
13.27081124873032 406.58052320805496
13.334747225665904 65.56248953912578
13.398683202601488 539.6183375956228
13.462619179537072 1754.0144345260092
13.526555156472657 3131.248469758744
13.590491133408243 3886.627373128363
13.654427110343827 3596.96456078377
13.71836308727941 2538.7427096105966
13.782299064214994 1405.6884801162216
13.846235041150578 767.2838707999533
13.91017101808616 762.5192789743908
13.974106995021748 1135.0897358500447
14.038042971957331 1497.1688305464863
14.101978948892915 1584.0749287643275
14.1659149258285 1359.2541258997767
14.229850902764081 1025.1985834209856
14.293786879699667 947.7844822805891
14.35772285663525 1452.3864638279047
14.421658833570836 2529.538370306295
14.48559481050642 3665.017749810772
14.549530787442004 4090.508145918061
14.613466764377588 3439.5327623302046
14.677402741313172 2312.656127349313
14.741338718248755 2086.483270023509
14.80527469518434 3839.924511230922
14.869210672119925 7295.615096570301
14.933146649055509 10846.14708731774
14.997082625991093 12634.225272386417
15.061018602926676 11751.104477773271
15.12495457986226 8756.330548115593
15.188890556797844 5219.842525311144
15.252826533733428 2616.6235085296457
15.316762510669012 1508.0533110304011
15.380698487604596 1604.2697138196315
15.44463446454018 2338.8626961651166
15.508570441475763 3266.5423511621457
15.572506418411349 4050.025185262863
15.636442395346933 4385.89003634532
15.700378372282517 4199.478462522644
15.7643143492181 3875.1724347865825
15.828250326153684 4129.097477701887
15.892186303089268 5416.825698944749
15.956122280024852 7271.897633240883
16.02005825696044 8405.66020003229
16.08399423389602 7743.196362360966
16.147930210831607 5489.891573668445
16.211866187767193 3177.6317590896683
16.275802164702775 2396.587232156756
16.33973814163836 3370.0243888009486
16.403674118573942 4918.453906242975
16.467610095509528 5645.003320140586
16.531546072445114 5043.922024271908
16.595482049380696 3751.233725647744
16.65941802631628 2829.2045191983084
16.723354003251863 2815.181285688481
16.78728998018745 3573.8446400670796
16.85122595712303 4820.83073054398
16.915161934058617 6347.728398601904
16.979097910994202 7747.0022187161085
17.043033887929784 8262.410099747609
17.106969864865366 7290.053763823021
17.170905841800952 5333.075118956571
17.234841818736538 4211.430699344952
17.29877779567212 5619.96612984776
17.362713772607705 9322.058989750356
17.42664974954329 13002.778624129134
17.490585726478873 13948.164741012628
17.55452170341446 11258.594989919578
17.61845768035004 6800.195731057585
17.682393657285626 3689.1363477287614
17.74632963422121 3598.2279756210746
17.81026561115679 5582.30711976777
17.87420158809238 7312.022184754817
17.93813756502796 7181.242591604658
18.002073541963547 5318.303557756412
18.06600951889913 2952.57305403482
18.129945495834715 1163.1937009810067
18.193881472770297 294.8609066170394
18.25781744970588 280.5876815982912
18.321753426641468 1026.8339046933052
18.385689403577047 2233.548856636862
18.449625380512636 3142.637348303991
18.513561357448214 2925.817750137872
18.577497334383803 1541.2664150200578
18.641433311319386 179.1757283253687
18.705369288254968 499.86959568569927
18.76930526519056 3039.0893119612215
18.833241242126135 6449.433751593061
18.897177219061724 8503.103180391476
18.961113195997303 7834.72464763347
19.02504917293289 4972.867245389386
19.088985149868478 1899.760258802473
19.152921126804056 419.78150869019737
19.216857103739645 830.6667020801851
19.280793080675227 2079.7673052262166
19.344729057610813 2920.2713269933424
19.408665034546395 2874.1681388035704
19.47260101148198 2305.0123282485706
19.53653698841756 1789.5885722615133
19.60047296535315 1566.6013458579482
19.66440894228873 1506.8636880822671
19.72834491922432 1407.7254060483558
19.7922808961599 1231.7665933218632
19.856216873095484 1078.6850720653688
19.92015285003107 1003.27408014193
19.984088826966648 948.8599634296189
20.04802480390224 847.758223687911
20.111960780837823 728.0019687876543
20.175896757773405 695.0251429981296
20.23983273470899 805.939968536674
20.30376871164457 983.4719057394504
20.36770468858016 1050.3099358360423
20.43164066551574 859.2232626650947
20.495576642451326 469.0893926958644
20.559512619386908 178.76876476455558
20.623448596322493 295.65676773620214
20.68738457325808 857.193672923063
20.75132055019366 1559.3479768346783
20.815256527129247 1960.687747625052
20.87919250406483 1837.6127657757609
20.94312848100041 1361.5735339457524
21.007064457936 900.1545659800281
21.071000434871586 669.4033436565438
21.134936411807168 607.8340140279889
21.19887238874275 569.4929488651662
21.26280836567833 582.9917010701541
21.32674434261392 846.9065587745956
21.390680319549503 1424.1606229747804
21.454616296485085 2008.7047715708
21.51855227342067 2131.149062526664
21.582488250356256 1658.2490065280033
21.64642422729184 1065.1399022946507
21.710360204227424 1122.7327394837312
21.77429618116301 2205.211164437186
21.83823215809859 3844.0526941831336
21.902168135034174 4968.388439896101
21.96610411196976 4736.822088124421
22.030040088905345 3281.251851477304
22.093976065840927 1582.4406785815163
22.157912042776513 645.7140089973443
22.22184801971209 834.9583043442774
22.28578399664768 1755.884882228672
22.349719973583262 2628.2572067133933
22.413655950518848 2890.627584045458
22.477591927454437 2523.478659857689
22.541527904390012 1867.0952623370124
22.6054638813256 1249.7259212057027
22.669399858261183 787.4821309602739
22.73333583519677 450.9477812100389
22.79727181213235 251.53992222592873
22.861207789067937 321.43490856531525
22.92514376600352 802.0172451799533
22.989079742939104 1655.657573259198
23.053015719874686 2561.0968065539087
23.116951696810272 3006.8666306435425
23.180887673745858 2641.8326264178568
23.24482365068144 1620.304941892686
23.308759627617025 527.0435845464071
23.372695604552607 13.060846195302304
23.436631581488193 440.30210740221287
23.500567558423775 1585.2877532917623
23.56450353535936 2717.764959269948
23.628439512294943 3162.7604725635474
23.69237548923053 2723.7815854171918
23.756311466166117 1718.9288018585396
23.820247443101696 759.2081229053593
23.88418342003728 304.61308994436746
23.948119396972867 345.8036703684376
24.01205537390845 533.8210170073808
24.075991350844035 523.0078964192578
24.139927327779617 283.1951285271962
24.2038633047152 194.38431404241223
24.267799281650788 794.1723716328589
24.331735258586367 2352.539807226726
24.395671235521956 4501.395229120766
24.459607212457534 6421.571656041305
24.523543189393123 7524.431127727225
24.587479166328706 7678.575651626596
24.651415143264288 7305.6455896674
24.71535112019988 7580.805299411214
24.779287097135455 9322.941882436338
24.843223074071044 11622.104245150203
24.907159051006623 12600.798489330447
24.97109502794221 11007.067628413935
25.035031004877798 7021.803103809622
25.098966981813376 2535.297748015668
25.162902958748965 181.39555479397256
25.226838935684547 1387.8764601882756
25.290774912620133 5410.352356094764
25.354710889555715 9944.61406379025
25.4186468664913 12610.43497522809
25.48258284342688 12364.054343179041
25.54651882036247 9820.370198651875
25.61045479729805 6419.973475091211
25.67439077423364 3420.195308698796
25.73832675116922 1488.0502088490143
25.802262728104804 766.5629418528897
25.86619870504039 992.1888917358048
25.930134681975968 1608.9361089970175
25.99407065891156 2012.829022469556
26.058006635847143 1862.7641100017413
26.121942612782725 1236.0989937597847
26.18587858971831 528.9750987303455
26.24981456665389 162.95230933996612
26.31375054358948 267.51069030606186
26.37768652052506 634.2313446020821
26.441622497460646 966.8905650570291
26.50555847439623 1124.4746763304806
26.569494451331813 1202.7061878826232
26.6334304282674 1451.7768201767576
26.69736640520298 2060.822239344139
26.761302382138567 2927.1530311337706
26.82523835907415 3602.30439643756
26.88917433600973 3553.634767447247
26.95311031294532 2628.3299269745153
27.017046289880906 1383.0571370866587
27.080982266816488 794.7889030249657
27.14491824375207 1359.7314687980604
27.208854220687652 2546.752958692136
27.27279019762324 3214.081766978453
27.336726174558823 2624.441441093083
27.40066215149441 1319.7292375191507
27.46459812842999 749.4827535806563
27.528534105365576 1724.658323710092
27.59247008230116 3510.0232847980487
27.656406059236744 4434.308526883681
27.72034203617233 3468.9224183864094
27.78427801310791 1505.4874798662383
27.848213990043497 654.2004694599251
27.91214996697908 2092.904548083017
27.976085943914665 4929.064675717351
28.040021920850247 6976.437442208872
28.103957897785833 6613.021305714395
28.16789387472141 4170.293853510097
28.231829851657 1510.375972522794
28.295765828592582 270.66918021537026
28.359701805528168 555.0476940303055
28.423637782463757 1226.3335396044397
28.487573759399332 1270.2526059392112
28.55150973633492 736.234919597766
28.615445713270503 456.24342786610015
28.67938169020609 981.3418805017408
28.743317667141675 1934.5115220844127
28.807253644077257 2477.001872187751
28.87118962101284 2340.062172743066
28.935125597948424 2384.379181304879
28.999061574884006 3939.176989103872
29.062997551819592 7487.103615496658
29.126933528755178 12060.179584576068
29.19086950569076 15600.272900609487
29.254805482626345 16126.0000213904
29.318741459561927 13241.807392657614
29.382677436497513 8437.16633320535
29.446613413433095 3867.6690902252585
29.51054939036868 1013.6361673512966
29.574485367304263 60.55075814494925
29.63842134423985 171.0864660570437
29.702357321175437 412.5165078245624
29.766293298111016 452.976066940246
29.8302292750466 458.4920896861877
29.894165251982187 594.5204666745028
29.95810122891777 761.4291344792512
30.022037205853355 734.754406120721
30.085973182788937 494.62352822100246
30.14990915972452 351.616396168624
30.213845136660108 688.7875392090197
30.277781113595687 1639.0615719962293
30.341717090531276 3005.8357698719633
30.405653067466854 4398.244877201697
30.469589044402444 5438.709178432419
30.533525021338026 5876.363561662029
30.597460998273608 5595.249635999495
30.6613969752092 4657.919677278767
30.725332952144775 3342.344770379065
30.789268929080365 2041.6817727326047
30.853204906015943 1064.0750569523116
30.91714088295153 515.2780402318771
30.981076859887114 381.22300014472415
31.045012836822696 640.4229058588244
31.108948813758285 1237.6539845938782
31.172884790693868 2029.3652002482825
31.236820767629453 2749.841443455677
31.300756744565035 3059.74137696675
31.36469272150062 2777.7878401278367
31.4286286984362 2063.9323456616607
31.49256467537179 1332.8748405347594
31.55650065230737 988.074233189872
31.62043662924296 1167.9951743621568
31.68437260617854 1691.322700523816
31.748308583114124 2221.654808684488
31.81224456004971 2476.2907296668595
31.876180536985288 2342.8421164171605
31.94011651392088 1882.935749536312
32.00405249085646 1278.7289129216679
32.06798846779204 741.6923903803257
32.13192444472763 396.60239813520263
32.195860421663205 247.67913085496656
32.259796398598795 249.0281560311205
32.323732375534384 364.60269563170823
32.387668352469966 553.4535309501753
32.45160432940555 728.6135009922725
32.51554030634114 794.5981061999256
32.57947628327672 765.5347140567105
32.6434122602123 760.5927795462129
32.70734823714788 840.5759243479554
32.77128421408347 929.3188600080682
32.835220191019054 876.7685011100195
32.89915616795464 653.3187263747656
32.963092144890226 551.470344165537
33.02702812182581 944.48496526418
33.09096409876139 1764.3090218351388
33.154900075696965 2420.695278180147
33.21883605263256 2297.680470117976
33.28277202956814 1414.6866181869404
33.346708006503725 611.5775653147567
33.410643983439314 855.3516149879172
33.474579960374896 2211.198155599769
33.53851593731048 3620.261658828536
33.60245191424606 3871.245872261312
33.66638789118165 2733.9666327520786
33.73032386811723 1112.4391391394436
33.794259845052814 136.93976200598289
33.8581958219884 66.6766846528711
33.922131798923985 239.72996275556517
33.98606777585957 131.78349611327113
34.05000375279515 192.76917192908
34.11393972973074 1436.413483868136
34.17787570666632 4078.5919456429447
34.2418116836019 6875.900797399817
34.305747660537484 8028.362705062251
34.369683637473074 6613.275245026246
34.43361961440865 3514.550741991193
34.49755559134424 865.4968506651093
34.56149156827983 124.52061432534084
34.62542754521541 1016.6761228856708
34.68936352215099 2203.511355800195
34.75329949908658 2490.7409728412504
34.81723547602216 1753.330965769458
34.881171452957744 759.5208801895984
34.945107429893326 154.41075526390796
35.009043406828916 25.844690173650765
35.0729793837645 94.61195822212088
35.13691536070008 86.44466029076364
35.20085133763567 138.9206606136346
35.26478731457125 959.8426978406713
35.32872329150683 3747.747310436164
35.392659268442415 9463.669334648952
35.456595245378004 17498.23179877844
35.520531222313586 25099.11435097692
35.58446719924917 28425.661933357234
35.64840317618476 25071.79341412589
35.71233915312033 16330.507667777732
35.77627513005592 6728.703984117151
35.840211106991504 1035.5653475853915
35.904147083927086 1054.5687848865728
35.968083060862675 4545.0656420181085
36.03201903779826 7454.491256888112
36.095955014733846 7358.189743611312
36.159890991669435 4801.161481878964
36.22382696860501 2003.1377465628748
36.28776294554059 611.731314931263
36.351698922476174 622.0851012726257
36.41563489941176 1227.602805276077
36.47957087634735 2115.5684592110906
36.54350685328293 3593.1906324569222
36.60744283021852 5702.499110769499
36.6713788071541 7645.572968329321
36.73531478408968 8287.326409090298
36.79925076102527 7210.1040165386175
36.863186737960845 5157.109581302106
36.927122714896434 3257.9043051061108
36.991058691832016 1976.6347811526305
37.054994668767606 1076.4591113562503
37.118930645703195 395.8601570676608
37.18286662263877 328.27932928090206
37.24680259957436 1383.552873987472
37.310738576509934 3374.4222546704414
37.37467455344552 5222.989453083024
37.43861053038111 5655.580081483851
37.50254650731669 4344.582418702813
37.56648248425228 2318.4635482587746
37.63041846118786 922.7287181858387
37.69435443812345 667.31480265289
37.75829041505903 1135.3540262896347
37.822226391994604 1517.8452118932566
37.8861623689302 1337.8903355598231
37.950098345865776 836.8068706920611
38.01403432280136 546.3642072809905
38.077970299736954 723.6615147039295
38.141906276672536 1257.4497081902791
38.20584225360812 1845.950187011612
38.26977823054369 2255.851500989112
38.33371420747929 2445.405337038479
38.39765018441487 2424.3928581879413
38.461586161350446 2162.1064030329826
38.52552213828604 1674.5654163831723
38.58945811522162 1073.5684189171495
38.65339409215721 519.4179594313362
38.71733006909279 151.5798102952152
38.78126604602838 22.51198649381386
38.84520202296396 79.98726290105418
38.909137999899535 220.7961344204888
38.97307397683512 352.12107135043885
39.03700995377071 413.2080370715016
39.100945930706295 373.04356899215304
39.16488190764188 240.24920509039552
39.22881788457747 107.46951550438251
39.29275386151305 161.12629177723795
39.35668983844863 551.5989154072912
39.420625815384206 1197.0017352555615
39.4845617923198 1718.9970245520883
39.54849776925538 1656.2995956793047
39.612433746190966 931.139010693458
39.67636972312656 161.00227375934745
39.74030570006214 372.5311081601952
39.80424167699772 2268.9352268856537
39.868177653933294 5554.634989115161
39.93211363086889 8850.87858587966
39.99604960780447 10512.857683231212
40.05998558474005 9761.820775756663
40.12392156167564 7123.097461136516
40.187857538611226 3953.685207490109
40.25179351554681 1526.774085506239
40.31572949248239 330.05461140829215
40.37966546941798 43.26619111638116
40.44360144635356 58.1380899155853
40.507537423289136 34.985931742640716
40.571473400224725 67.66975365461178
40.63540937716032 412.79356980995726
40.6993453540959 1142.3301764188152
40.76328133103148 2034.5794819332295
40.82721730796706 2706.144964872866
40.89115328490265 2842.423310633836
40.95508926183823 2389.1166134361474
41.01902523877381 1589.0551462940073
41.0829612157094 812.908041609618
41.146897192644985 317.6260435250717
41.21083316958057 143.4750598304611
41.27476914651616 177.09870657811453
41.33870512345174 275.78507493146947
41.40264110038732 381.2285423565213
41.466577077322896 557.5844081528976
41.530513054258485 886.9429336117142
41.59444903119408 1321.4116315189835
41.658385008129656 1687.3529518636856
41.722320985065245 1825.3165282076952
41.78625696200083 1701.5436224948808
41.85019293893641 1420.892288700796
41.91412891587199 1130.5108580976027
41.97806489280758 874.5501552533418
42.04200086974316 585.0136706844837
42.10593684667874 251.0169266479836
42.16987282361433 47.453874726506704
42.23380880054992 255.76698595923608
42.2977447774855 1034.7186603153566
42.36168075442108 2227.3394952819663
42.42561673135666 3385.627724225444
42.48955270829225 4023.9357821233257
42.55348868522783 3912.864738664749
42.61742466216342 3185.0098402006165
42.681360639099005 2194.1439708912494
42.74529661603459 1289.706716508534
42.80923259297017 666.4151749750877
42.87316856990576 334.60767055009
42.93710454684133 200.83475904269
43.00104052377692 173.7674486070071
43.06497650071251 198.41601859888607
43.128912477648086 227.03424056765067
43.19284845458368 209.66090744946376
43.25678443151926 146.13397543047466
43.32072040845485 143.41696148536747
43.38465638539042 374.85217410126734
43.44859236232601 904.8733695926906
43.5125283392616 1538.2712266568185
43.57646431619718 1899.4921554075772
43.64040029313276 1711.4112687009103
43.704336270068346 1060.4570943346407
43.768272247003935 391.78427930649053
43.83220822393952 145.39078765536848
43.8961442008751 369.9545378093625
43.96008017781069 717.8955908051696
44.02401615474627 814.9180588380589
44.087952131681845 632.0113495259684
44.15188810861744 469.24734794209934
44.215824085553024 587.4047488498766
44.279760062488606 905.4182444824056
44.34369603942418 1067.7323275613012
44.40763201635978 832.1705318126795
44.47156799329536 390.2110516546508
44.53550397023094 261.13564258134426
44.59943994716652 864.9306807126707
44.66337592410211 2167.3643748379864
44.727311901037694 3693.9147253582687
44.79124787797328 4854.446268128836
44.85518385490887 5224.873251195117
44.91911983184445 4661.534644078012
44.98305580878002 3351.6603346773154
45.046991785715605 1762.5582689554092
45.1109277626512 488.56951795377194
45.17486373958678 36.83575619794015
45.238799716522365 544.4982317004627
45.302735693457954 1656.7214514384032
45.366671670393536 2756.449141971273
45.43060764732912 3342.9481089676788
45.4945436242647 3283.813919761822
45.55847960120029 2803.729606448528
45.62241557813587 2244.233294066069
45.68635155507145 1828.3689190574848
45.75028753200704 1608.134560799104
45.81422350894263 1551.7537631322928
45.87815948587821 1631.710120764651
45.94209546281378 1830.8209149524296
46.00603143974938 2094.527811650428
46.06996741668496 2308.701864004633
46.13390339362054 2346.249613325113
46.197839370556125 2140.323385271992
46.261775347491714 1710.8296210878523
46.325711324427296 1146.216073318141
46.38964730136288 580.4812238794727
46.453583278298474 161.71811170260128
46.51751925523405 0.9572982397995757
46.58145523216963 120.16120660385648
46.64539120910521 414.20425102279313
46.7093271860408 665.1644218270635
46.773263162976384 667.0039699083392
46.83719913991197 396.4372897576203
46.90113511684756 73.49951893089745
46.96507109378314 45.602046786295695
47.02900707071872 509.3032823477936
47.09294304765431 1269.8372917197523
47.15687902458989 1872.1540627833128
47.22081500152547 1960.8413997493408
47.284750978461055 1515.0190250793519
47.34868695539664 920.5967077717376
47.41262293233223 702.1909058640326
47.47655890926781 1000.1301489290948
47.5404948862034 1474.2803086866209
47.60443086313897 1723.5293661028948
47.66836684007456 1596.335829690592
47.732302817010144 1229.7192474974877
47.796238793945726 894.074900683245
47.86017477088132 753.2031796355748
47.9241107478169 813.1668551956255
47.988046724752486 1025.7460572849004
48.051982701688075 1324.2417302550468
48.11591867862365 1609.6601344635267
48.17985465555923 1796.90632618456
48.243790632494814 1943.2650107874117
48.3077266094304 2297.299439994467
48.37166258636599 3044.988309848547
48.43559856330157 3961.5629740265936
48.49953454023716 4488.024649567381
48.56347051717274 4182.6366179399165
48.62740649410832 3057.2434304269664
48.69134247104391 1635.8673952033027
48.755278447979485 649.607699416046
48.819214424915074 436.64186581349816
48.883150401850656 692.903873309897
48.947086378786246 881.98362942379
49.011022355721835 756.5053412087784
49.07495833265741 471.0707375027748
49.138894309593 297.77800807170416
49.202830286528574 304.6159336774188
49.26676626346416 331.27206865769955
49.33070224039975 230.7246839114169
49.39463821733533 65.11154051919563
49.45857419427092 41.30963178924687
49.5225101712065 281.2346053725923
49.58644614814209 675.0852779459456
49.65038212507767 957.6845227405075
49.714318102013245 931.5580871546979
49.77825407894884 630.029990548134
49.842190055884416 299.9313321871635
49.90612603282 218.07351628857552
49.970062009755594 455.9108211198475
50.033997986691176 791.4372884690824
50.09793396362676 882.8908984989885
50.16186994056233 601.4374669670215
50.22580591749793 207.04049957213536
50.28974189443351 117.31897795731884
50.35367787136909 469.68122509405816
50.41761384830468 931.8790937618953
50.48154982524026 1004.5337474915012
50.54548580217585 573.3120483220412
50.60942177911143 86.44698275427761
50.67335775604702 100.47100763134024
50.7372937329826 666.2506094513809
50.801229709918175 1220.7697665065436
50.86516568685376 1199.9826706303177
50.92910166378935 729.875821520895
50.993037640724935 537.611634507834
51.05697361766052 1170.5190830178744
51.12090959459611 2342.0574697220086
51.18484557153169 3092.300117374384
51.24878154846727 2718.6188588909135
51.312717525402846 1495.9710145404972
51.37665350233844 384.3715658391537
51.44058947927402 103.27694725787747
51.504525456209606 513.6723806763249
51.5684614331452 893.5728414739718
51.63239741008078 774.8378470347885
51.69633338701636 385.0630058067412
51.760269363951934 297.86790761150786
51.82420534088753 770.2611556772715
51.88814131782311 1456.379749964778
51.95207729475869 1773.5569670656323
52.01601327169429 1482.8106608056767
52.079949248629866 849.5029875339768
52.14388522556545 317.8755755420563
52.20782120250103 130.27608389326008
52.27175717943662 249.07667913506896
52.3356931563722 535.8486043070084
52.399629133307776 903.4725118327773
52.463565110243366 1280.8559011695895
52.52750108717896 1517.9848574856662
52.59143706411454 1460.0447485131604
52.65537304105012 1123.438352420342
52.7193090179857 712.4714568268481
52.78324499492129 454.1213656057614
52.84718097185687 413.60809138962736
52.91111694879246 453.7133131935657
52.97505292572804 403.69603295042606
53.038988902663625 259.80975252936065
53.10292487959921 183.94558982726812
53.1668608565348 320.3878306707234
53.23079683347038 643.1138504534289
53.29473281040596 990.2323525393624
53.35866878734154 1222.804977829058
53.422604764277125 1328.1900264732851
53.48654074121272 1382.6638314964243
53.550476718148296 1422.0181652682347
53.614412695083885 1370.128011336006
53.67834867201947 1132.5607731759335
53.74228464895505 738.3201760224168
53.80622062589064 345.42912691614833
53.87015660282622 108.7594085488938
53.9340925797618 50.32470086338265
53.99802855669738 62.50685925359935
54.06196453363297 41.68988548148472
54.12590051056856 2.252878024237849
54.18983648750414 47.62712169142982
54.25377246443973 236.68858049105916
54.3177084413753 495.6215828171204
54.38164441831089 675.6142144088477
54.44558039524647 685.228156762941
54.50951637218206 555.3833110549293
54.573452349117645 389.3466634158193
54.63738832605323 266.2509317675773
54.701324302988816 208.8391156448896
54.7652602799244 234.0343041652284
54.82919625685999 383.06423445098847
54.89313223379556 664.2959999101189
54.95706821073115 979.9185670048995
55.021004187666726 1153.8947087412923
55.08494016460232 1064.8997429248864
55.148876141537905 758.0849876762156
55.21281211847349 415.581131641692
55.27674809540906 199.08504755763943
55.34068407234465 130.91210813827675
55.40462004928024 146.23720345484037
55.46855602621582 233.01462437314623
55.5324920031514 472.0627489252103
55.59642798008699 907.8890970956877
55.660363957022575 1397.1078786909236
55.72429993395816 1644.7336664992806
55.78823591089374 1436.0682152127324
55.85217188782933 862.4521050980084
55.91610786476491 305.55684824756355
55.980043841700486 144.50758751601944
56.04397981863608 460.4195502464052
56.107915795571664 993.290191347603
56.171851772507246 1347.1668707322488
56.23578774944282 1290.9501428994977
56.29972372637842 907.6186959510054
56.363659703314 460.41811116591526
56.42759568024958 165.44390392333872
56.49153165718517 88.66556972583348
56.55546763412075 176.55923846556257
56.619403611056335 345.8428900964064
56.68333958799192 543.6526736390184
56.74727556492751 732.696224830961
56.81121154186309 856.3763834520605
56.87514751879866 852.8706467483065
56.93908349573426 703.45751901337
57.00301947266984 455.3218959787256
57.06695544960542 205.63822669497625
57.130891426541005 60.215006802999696
57.194827403476594 71.60474909577945
57.25876338041218 201.23906315467684
57.32269935734776 348.8347255459451
57.386635334283355 418.13754648732856
57.45057131121893 369.56394774431186
57.51450728815451 236.2598331683544
57.57844326509009 95.06620269472712
57.64237924202568 15.7411786150571
57.70631521896127 30.964275549615014
57.77025119589685 139.45399046250373
57.83418717283242 316.65478084196
57.89812314976802 514.294309781037
57.9620591267036 663.8789889322019
58.02599510363918 701.1363883961609
58.089931080574765 607.8823242737093
58.153867057510354 448.17926438582873
58.217803034445936 347.1926108900833
58.28173901138152 394.12886247047936
58.345674988317114 556.7023799467553
58.40961096525269 704.7412535412159
58.47354694218827 716.1839800645371
58.53748291912385 571.2394445890714
58.60141889605944 368.09859622912046
58.665354872995024 244.56248810124072
58.72929084993061 273.85701052894785
58.7932268268662 431.30562708123097
58.85716280380178 637.7899971144417
58.92109878073736 820.5110335115803
58.98503475767295 950.2551233346304
59.04897073460853 1038.5910722934875
59.11290671154411 1103.1971771116275
59.176842688479695 1133.2926409411643
59.24077866541528 1083.4198416740571
59.30471464235087 906.6568547212568
59.36865061928645 609.5959268811467
59.43258659622204 283.9669994775639
59.49652257315761 81.41097951102897
59.5604585500932 127.99470774029255
59.624394527028784 411.1178013230196
59.688330503964366 742.6604653999715
59.75226648089996 889.5370785929317
59.81620245783554 761.4862681930915
59.880138434771126 465.8496215914128
59.944074411706715 205.7140310118423
60.00801038864229 113.01926054681815
60.07194636557787 148.29421645591856
60.135882342513455 176.93548142782336
60.19981831944904 138.99319814553343
60.26375429638463 117.74255860687504
60.32769027332021 239.92038860569005
60.3916262502558 512.9181662792463
60.45556222719138 790.2794981297129
60.51949820412696 910.4343956573223
60.58343418106255 841.8443408802173
60.647370157998125 708.8743471817248
60.711306134933714 681.654746222412
60.7752421118693 805.7011531321663
60.839178088804886 958.4607861922782
60.903114065740475 980.6598874505987
60.96705004267605 812.137909096662
61.03098601961164 521.9410220488576
61.094921996547214 245.2039232321688
61.1588579734828 78.5658752629768
61.22279395041839 24.51278586716506
61.28672992735397 24.880903370216064
61.35066590428956 25.690522757603276
61.41460188122514 12.386529859829755
61.47853785816073 1.0792064971972224
61.54247383509631 8.14933483299993
61.606409812031885 34.52646876926044
61.67034578896748 74.34289286011442
61.734281765903056 129.7873318009368
61.79821774283864 212.56717107860575
61.862153719774234 322.8976611478732
61.926089696709816 425.2522030168876
61.9900256736454 457.13757366108285
62.05396165058097 374.9746940411399
62.11789762751657 203.21927775961112
62.18183360445215 46.499510980200554
62.24576958138773 39.59430395827045
62.30970555832332 256.19562073110666
62.3736415352589 649.1626145664719
62.43757751219449 1078.3233383067427
62.50151348913007 1402.1694429661911
62.56544946606566 1560.1161853359347
62.62938544300124 1592.9760878970071
62.693321419936815 1582.6442761582184
62.7572573968724 1552.9920629893177
62.82119337380799 1447.4271126786848
62.885129350743576 1211.5082337552951
62.94906532767916 874.2136488872818
63.01300130461475 553.8565526290618
63.07693728155033 376.5118552154836
63.14087325848591 365.2069845827659
63.204809235421486 425.56557965664496
63.26874521235708 434.98070120284297
63.33268118929266 337.1265022844591
63.396617166228246 182.66317945116444
63.46055314316384 82.95690922028578
63.52448912009942 121.83823614561656
63.588425097035 319.0332480140634
63.652361073970575 647.1979715969945
63.71629705090617 1049.7484321853542
63.78023302784175 1418.2892539431148
63.84416900477733 1578.0838398797084
63.90810498171293 1384.825081063194
63.972040958648506 869.8070800056295
64.03597693558409 288.8946822925116
64.09991291251967 15.550504470564816
64.16384888945525 284.4626235015842
64.22778486639083 965.5098437723271
64.29172084332642 1621.8188101082328
64.355656820262 1828.5141164363924
64.41959279719758 1485.007390940387
64.48352877413318 878.0005379361729
64.54746475106876 437.79246117075616
64.61140072800434 393.34025109006313
64.67533670493992 625.2077595044817
64.7392726818755 816.0035258314916
64.80320865881109 739.8649395027062
64.86714463574667 437.1414529763301
64.93108061268227 133.60054161161017
64.99501658961785 7.622074710232625
65.05895256655343 47.48186656067964
65.12288854348901 115.44151284005818
65.1868245204246 118.63466180650651
65.25076049736018 103.44485263650684
65.31469647429576 180.14748400696223
65.37863245123135 364.28741785602347
65.44256842816694 519.6687302380643
65.50650440510252 484.4875978148543
65.5704403820381 256.3831089698222
65.63437635897368 37.272847940865695
65.69831233590926 70.74567807829273
65.76224831284485 405.57953724682807
65.82618428978044 817.0560928687555
65.89012026671601 985.0415514848625
65.9540562436516 774.2712453918903
66.01799222058719 367.67370454648744
66.08192819752277 112.81938817494849
66.14586417445835 195.8236911759742
66.20980015139394 475.0521623301443
66.27373612832953 641.326766762766
66.33767210526511 516.137037061618
66.4016080822007 220.5572596254709
66.46554405913628 64.18773654012534
66.52948003607186 222.7852180127969
66.59341601300744 547.7124001058263
66.65735198994302 727.972828974382
66.72128796687862 595.3137002421604
66.7852239438142 273.54444937463995
66.84915992074977 61.495856150848695
66.91309589768537 134.4474767140243
66.97703187462095 368.0684920315544
67.04096785155653 489.609617251297
67.10490382849211 366.1751347155824
67.16883980542771 126.17749923436408
67.23277578236329 11.939074955298324
67.29671175929887 123.64687953982846
67.36064773623445 329.87248730489745
67.42458371317004 420.9887980597077
67.48851969010562 328.18107611625607
67.5524556670412 184.1531209898936
67.6163916439768 164.60338867139563
67.68032762091238 302.68952210089753
67.74426359784796 476.46699679037926
67.80819957478353 540.0992514673569
67.87213555171913 453.69011487081934
67.93607152865471 294.895837512082
68.00000750559029 157.00885524086135
68.06394348252589 71.8242340770792
68.12787945946147 37.02067328632005
68.19181543639705 71.35790717163414
68.25575141333263 203.82759126496393
68.31968739026821 408.1733400306176
68.3836233672038 581.1871045193043
68.44755934413938 615.9973851195406
68.51149532107497 496.94795354941795
68.57543129801056 316.7945316113481
68.63936727494614 199.14135154888376
68.70330325188172 195.1248115516728
68.7672392288173 254.046375003018
68.83117520575288 296.0747802824509
68.89511118268847 297.2832940336496
68.95904715962406 295.82648056065966
69.02298313655965 339.6414899240998
69.08691911349523 448.81798931356167
69.15085509043081 614.6199966549469
69.21479106736639 804.7602049344345
69.27872704430197 956.3316411445821
69.34266302123756 980.022505153071
69.40659899817315 810.9083920996286
69.47053497510873 494.5122594957005
69.53447095204432 213.63856431571364
69.5984069289799 172.72329255931413
69.66234290591548 424.9605621320022
69.72627888285106 813.7997483445681
69.79021485978664 1081.5250131018772
69.85415083672224 1062.779356760985
69.91808681365782 817.2590633496196
69.9820227905934 572.7341322074194
70.04595876752899 512.0112491315906
70.10989474446457 610.9720454798256
70.17383072140015 683.6750053804521
70.23776669833573 574.974003477236
70.30170267527133 321.96950452734325
70.36563865220691 135.0213948796518
70.4295746291425 194.18699284343427
70.49351060607808 470.82218878055454
70.55744658301366 748.5461581104738
70.62138255994924 789.5112070710414
70.68531853688482 539.1938406128605
70.74925451382042 200.64604774666384
70.813190490756 40.08615525305726
70.87712646769158 159.53317815159943
70.94106244462716 475.34137927477445
71.00499842156275 801.673957193928
71.06893439849833 979.1317851320727
71.13287037543391 1008.0395157289526
71.1968063523695 988.2764940278696
71.26074232930509 946.1713272015411
71.32467830624067 815.7979528497019
71.38861428317625 549.0026275843733
71.45255026011183 217.33181316282815
71.51648623704742 22.480641806754857
71.580422213983 149.05870660089312
71.6443581909186 577.9394687072962
71.70829416785418 1064.5153398213727
71.77223014478976 1308.5160974842872
71.83616612172534 1186.0809816994931
71.90010209866092 843.148274752347
71.9640380755965 546.4810297462607
72.02797405253209 448.6780943664204
72.09191002946768 485.46525512214686
72.15584600640327 475.8983402354265
72.21978198333885 335.85635005632525
72.28371796027443 175.98651324045613
72.34765393721001 167.6006170131977
72.41158991414558 345.45327871246724
72.47552589108116 554.329854957494
72.53946186801677 589.3567010464834
72.60339784495235 403.0717982311503
72.66733382188794 152.259056081141
72.73126979882352 30.54981453694084
72.7952057757591 80.39413357713087
72.85914175269468 173.59256262545503
72.92307772963025 167.73925764733983
72.98701370656586 65.85431867558654
73.05094968350144 0.4481419046711243
73.11488566043703 72.76995519084701
73.17882163737261 238.15006353530543
73.24275761430819 355.3216821996769
73.30669359124377 335.73481277075985
73.37062956817934 228.1690915800527
73.43456554511496 147.838074367782
73.49850152205053 146.43452776719815
73.56243749898611 185.35726574057344
73.6263734759217 224.00319297258812
73.69030945285726 293.67122486654245
73.75424542979286 457.059966537124
73.81818140672844 694.4668082765035
73.88211738366404 866.551597257313
73.94605336059962 823.3897496316182
74.0099893375352 551.9925366732483
74.07392531447078 213.16374992793567
74.13786129140637 22.19452151407296
74.20179726834195 76.63429664880614
74.26573324527753 297.9271971291571
74.32966922221313 530.6724784518841
74.39360519914872 680.7120178349085
74.45754117608429 760.5522210832811
74.52147715301987 824.6768482066544
74.58541312995546 882.1718663706221
74.64934910689102 879.1294502613197
74.71328508382662 762.9261649422285
74.7772210607622 550.2775300463387
74.8411570376978 318.25668520591364
74.9050930146334 139.4934582089688
74.96902899156896 40.3783836196529
75.03296496850454 8.384763279085863
75.09690094544013 21.75260468223384
75.16083692237571 67.84356448798702
75.22477289931129 135.5251156705488
75.28870887624689 202.76769122857988
75.35264485318247 245.5754455406218
75.41658083011805 258.28167116808766
75.48051680705363 260.586811690878
75.54445278398921 282.9210505818259
75.60838876092478 337.6944293784975
75.67232473786038 399.590832728864
75.73626071479597 420.004405113726
75.80019669173156 369.0457247777556
75.86413266866715 266.0104884368387
75.92806864560272 169.872306851408
75.9920046225383 139.39516706420827
76.05594059947389 192.3315799322064
76.11987657640947 289.18784914794054
76.18381255334505 355.7787604412794
76.24774853028065 335.6769099120148
76.31168450721623 233.62118356620408
76.37562048415182 113.418772824878
76.43955646108739 54.03210978095997
76.50349243802297 95.52073762300995
76.56742841495857 207.61318134922988
76.63136439189414 307.99093486550225
76.69530036882973 324.80468916094617
76.75923634576532 251.0021707299753
76.8231723227009 144.70429304805825
76.88710829963648 81.01886123707074
76.95104427657206 94.17976664357313
77.01498025350764 151.52462474469678
77.07891623044323 182.7183739094949
77.14285220737882 145.81951519616103
77.2067881843144 68.98989294269639
77.27072416124999 26.994468371387967
77.33466013818558 78.16813544044442
77.39859611512115 216.5806481868688
77.46253209205673 380.25351285552
77.52646806899233 509.7295984447796
77.5904040459279 594.2052429175918
77.6543400228635 654.7221609598917
77.71827599979908 688.3924533201633
77.78221197673466 646.3789998681517
77.84614795367024 484.7316478999657
77.91008393060582 237.49246347203388
77.9740199075414 34.4366000023165
78.03795588447699 30.313867330897654
78.10189186141258 278.3880404769942
78.16582783834816 666.2031604416685
78.22976381528375 995.3942299024046
78.29369979221933 1129.8459520208585
78.35763576915491 1091.9341657539433
78.42157174609049 1029.3151285864972
78.48550772302607 1059.7386213251023
78.54944369996167 1149.3699030979087
78.61337967689725 1157.1539870408287
78.67731565383284 975.8053108568123
78.74125163076842 632.7936266796628
78.80518760770401 277.7753216570132
78.86912358463958 58.96585546435399
78.93305956157516 1.0429237394778823
78.99699553851077 14.42969329865948
79.06093151544634 20.73710657532782
79.12486749238192 54.211053156948154
79.1888034693175 223.05014710539123
79.2527394462531 554.8775207355271
79.31667542318867 888.0934006300232
79.38061140012425 962.057843933402
79.44454737705983 668.1023388060723
79.50848335399543 218.0769639712988
79.57241933093101 25.47515194692235
79.6363553078666 363.6871373461802
79.70029128480219 1088.8581318584127
79.76422726173777 1717.2748982488852
79.82816323867334 1830.4495472022095
79.89209921560892 1402.450968050184
79.95603519254452 770.5137388078142
80.0199711694801 347.9469475373082
80.08390714641568 299.8752925319482
80.14784312335128 458.30520472145554
80.21177910028686 569.537711496472
80.27571507722243 533.3750648800295
80.33965105415801 398.0114661867328
80.4035870310936 243.22244187381807
80.4675230080292 106.21529405190356
80.53145898496477 18.11745671803436
80.59539496190035 61.87124457849578
80.65933093883595 304.87893286180304
80.72326691577153 676.874577864509
80.7872028927071 961.3318262011011
80.85113886964268 962.6063215690609
80.91507484657828 696.1189018616099
80.97901082351386 364.4546746973333
81.04294680044946 156.9025773869522
81.10688277738502 98.97323979024088
81.17081875432062 91.00764207300784
81.23475473125619 85.37219608246201
81.29869070819177 163.95254058142066
81.36262668512737 413.25280160116085
81.42656266206296 767.0485977099444
81.49049863899855 1004.5265626833348
81.55443461593411 943.604579908896
81.61837059286971 629.4004774169093
81.68230656980529 283.62859855981566
81.74624254674086 95.29254455807015
81.81017852367644 93.26141008092652
81.87411450061204 186.89998270677987
81.93805047754763 284.25032989853634
82.00198645448322 354.3028276102317
82.06592243141878 396.7237161082411
82.12985840835438 399.7962068469945
82.19379438528995 357.1966371917423
82.25773036222553 302.3243149062687
82.32166633916113 282.89484067093485
82.38560231609671 295.8768654004419
82.4495382930323 281.0361077024899
82.51347426996787 199.27252184240612
82.57741024690345 93.76934602024593
82.64134622383905 49.79052266292157
82.70528220077462 97.84408404661296
82.76921817771021 170.83909038282115
82.8331541546458 176.06491900225595
82.8970901315814 103.2434950042725
82.96102610851698 29.51445709359899
83.02496208545254 16.27193842710369
83.08889806238814 36.28866433004151
83.15283403932371 27.829243678150902
83.21677001625929 0.5438639908474956
83.28070599319489 48.11580427720966
83.34464197013048 241.17016919545287
83.40857794706606 520.1416090753916
83.47251392400163 726.1089783748112
83.53644990093721 748.7849684448381
83.60038587787281 614.6055032215368
83.66432185480838 429.75570554637665
83.72825783174397 274.2485516917011
83.79219380867957 163.12609068461856
83.85612978561515 92.12603318356304
83.92006576255073 86.28355028684446
83.9840017394863 174.59294015947418
84.04793771642188 324.97413662675893
84.11187369335747 437.29418998548374
84.17580967029306 426.59083302438233
84.23974564722867 309.8514470360454
84.30368162416424 187.5902379291148
84.36761760109982 141.20807399931235
84.43155357803539 165.78658580415612
84.49548955497097 196.7356172276185
84.55942553190657 181.4518306531336
84.62336150884214 118.19779250532784
84.68729748577775 44.63327052460282
84.75123346271333 8.12479697275236
84.81516943964891 40.95628707031258
84.8791054165845 147.06624174679231
84.94304139352006 290.0762613441711
85.00697737045564 391.82257075881535
85.07091334739123 380.20642191439134
85.13484932432684 258.75248179978394
85.19878530126243 111.87370737746866
85.262721278198 33.206027022572044
85.32665725513358 47.22084282284268
85.39059323206915 94.81660070462527
85.45452920900473 103.29161152491307
85.51846518594031 73.01892898189219
85.58240116287593 80.8512755036017
85.64633713981151 204.1905547545128
85.71027311674709 440.3833046277484
85.77420909368267 680.8191521656378
85.83814507061825 775.4621189826422
85.90208104755382 641.8422851308051
85.9660170244894 338.9560085553435
86.02995300142501 61.21732927358958
86.0938889783606 24.166934300961397
86.15782495529618 302.07984441427374
86.22176093223176 735.2096264181248
86.28569690916734 1005.7005487722586
86.34963288610291 893.4638474991639
86.41356886303849 488.25163570717257
86.4775048399741 129.49915662215747
86.54144081690968 130.24131676801255
86.60537679384527 507.8818529134469
86.66931277078083 962.4598352785482
86.73324874771643 1140.713665713077
86.79718472465201 930.9559076729189
86.86112070158758 530.2621001839989
86.92505667852319 243.1873280207452
86.98899265545877 221.78042679337972
87.05292863239436 391.4941643821277
87.11686460932994 565.450339052451
87.18080058626552 604.8144107999756
87.2447365632011 499.11650492860696
87.30867254013667 323.4403842763247
87.3726085170723 159.22391163976008
87.43654449400786 59.12517638601756
87.50048047094344 41.66538445733028
87.56441644787903 90.90824509795165
87.6283524248146 162.0606846385701
87.69228840175019 205.67745676970608
87.75622437868577 203.5821255481013
87.82016035562138 179.7584298280051
87.88409633255695 170.2511852044958
87.94803230949253 184.2735507098272
88.01196828642811 197.86605953612727
88.0759042633637 184.14144496164516
88.13984024029926 144.82678957794383
88.20377621723486 109.60341615206057
88.26771219417044 111.07024928478384
88.33164817110605 165.56434403155967
88.39558414804162 264.4083849373871
88.4595201249772 370.26889088216416
88.52345610191279 432.05399116093406
88.58739207884835 417.56681508171135
88.65132805578395 335.82025700746215
88.71526403271953 228.71751281579827
88.77920000965511 139.96689183671168
88.84313598659072 88.61998404564342
88.90707196352629 69.28351385869303
88.97100794046187 72.07049535017006
89.03494391739746 94.56617336028286
89.09887989433302 132.2642888068575
89.16281587126862 166.36943104443867
89.2267518482042 172.2510375601136
89.29068782513981 141.835373651323
89.35462380207538 91.63849371538512
89.41855977901096 45.258035601865515
89.48249575594654 15.120963521910879
89.54643173288211 7.234391928181917
89.61036770981772 34.67951058178121
89.67430368675329 106.52267154194868
89.73823966368889 193.8016278585713
89.80217564062448 227.51092432499937
89.86611161756005 159.41687717432535
89.93004759449563 38.23499395516168
89.99398357143122 12.454389884549464
90.05791954836681 220.18770100655357
90.1218555253024 656.9121353704606
90.18579150223795 1146.3552034723075
90.24972747917357 1449.0273176280648
90.31366345610914 1426.7658665387803
90.37759943304472 1113.5369791293908
90.4415354099803 682.8662884127835
90.5054713869159 376.5300229872229
90.56940736385148 371.80954879778415
90.63334334078705 677.0083851368636
90.69727931772265 1122.8987483661763
90.76121529465824 1413.3610912431247
90.8251512715938 1322.4582543951162
90.8890872485294 914.7635364545731
90.95302322546499 490.8933208096252
91.01695920240056 318.4089017285881
91.08089517933615 400.66266627540983
91.1448311562717 483.1744116290056
91.20876713320733 348.09333954445725
91.2727031101429 98.5288419744643
91.33663908707848 84.06883419625649
91.40057506401408 523.5125442783351
91.46451104094965 1224.7702251009675
91.52844701788524 1706.698420247496
91.59238299482081 1631.0119967231683
91.6563189717564 1121.2952201348216
91.72025494869199 608.0972324280142
91.78419092562757 387.25139402064224
91.84812690256317 394.34502532758813
91.91206287949875 371.0656578645424
91.97599885643432 212.05496433225096
92.03993483336993 110.04054852369654
92.10387081030547 318.87562342794695
92.16780678724109 826.8158848687993
92.23174276417664 1307.7707671678922
92.29567874111224 1401.4602051193963
92.35961471804784 1047.487463177992
92.42355069498339 516.8409199564096
92.487486671919 142.78709091246986
92.55142264885458 67.7260613953883
92.61535862579017 202.43600512330937
92.67929460272575 363.6842172081846
92.74323057966134 435.45747078555235
92.80716655659693 414.5440047311729
92.8711025335325 346.40930271280024
92.93503851046809 262.1818882943457
92.99897448740369 176.56599412107903
93.06291046433923 106.77919002965714
93.12684644127485 70.08964149176367
93.19078241821043 70.62183623263815
93.254718395146 98.31489518217478
93.3186543720816 143.692116723611
93.38259034901715 206.95919226171
93.44652632595277 280.9542882507246
93.51046230288834 336.70135322511214
93.57439827982392 346.9559466332918
93.63833425675952 320.3010883778214
93.7022702336951 294.82737182823985
93.76620621063068 288.97890768175535
93.83014218756625 273.64324571105635
93.89407816450185 210.29420105706347
93.95801414143745 106.31321560867995
94.021950118373 26.32989672107041
94.08588609530862 40.10095851926437
94.14982207224419 146.7248364451283
94.21375804917976 267.6217714300159
94.27769402611536 312.9491531283886
94.34163000305091 251.32004426817724
94.40556597998655 133.81652166924624
94.4695019569221 39.09707531976123
94.5334379338577 2.7580115608799525
94.59737391079328 21.123859508536206
94.66130988772886 83.72917463620638
94.72524586466444 178.95741820566548
94.78918184160001 277.063148439818
94.85311781853562 321.43010507747897
94.9170537954712 269.7879906277592
94.98098977240679 147.52340513912867
95.04492574934237 40.172726239897855
95.10886172627795 23.555410821754233
95.17279770321352 94.86920004558488
95.23673368014911 176.45785630418823
95.30066965708467 191.57671612134945
95.36460563402031 137.06232925280773
95.42854161095588 81.37985961556105
95.49247758789144 91.28843783166974
95.55641356482705 173.98874411450797
95.62034954176262 288.5674385996932
95.6842855186982 387.24454333361007
95.74822149563377 444.1796753379372
95.81215747256935 462.5579404779269
95.87609344950496 459.8962567417997
95.94002942644055 448.12882083003274
96.00396540337613 424.80073311118286
96.06790138031171 374.71875452987297
96.13183735724728 283.19710117855567
96.19577333418287 160.66271376387843
96.25970931111843 57.90741783994565
96.32364528805405 43.23635741458259
96.38758126498963 145.14574804901042
96.4515172419252 311.1617508226646
96.5154532188608 434.8089154875902
96.57938919579638 438.8935879286871
96.64332517273196 334.36250836396266
96.70726114966753 195.97409503709545
96.77119712660314 90.66816411321696
96.83513310353872 35.78350387133518
96.8990690804743 20.15567765579849
96.96300505740989 49.44954176215519
97.02694103434547 149.24216250396185
97.09087701128104 319.07751174006705
97.15481298821663 501.67274668226554
97.21874896515224 613.4285508857982
97.28268494208781 605.8737005794295
97.3466209190234 497.19798511400927
97.41055689595896 352.5566173548965
97.47449287289456 239.7408045063681
97.53842884983014 198.76856028004093
97.60236482676572 233.22444027541624
97.66630080370132 307.42812704696104
97.7302367806369 355.3965865675075
97.79417275757248 321.9768961051552
97.85810873450806 217.5947274428344
97.92204471144365 122.45935013161288
97.98598068837923 114.3729811336152
98.0499166653148 184.49548001834697
98.1138526422504 235.96128787192345
98.177788619186 190.38288469198136
98.24172459612157 86.60496486525814
98.30566057305715 43.130034924052715
98.36959654999272 126.93092800686853
98.43353252692832 272.1047682366671
98.49746850386389 342.3205941805157
98.56140448079948 280.0999087482942
98.62534045773508 163.9409872866578
98.68927643467066 110.5360137647174
98.75321241160624 146.09066014990256
98.81714838854182 189.67330666725772
98.8810843654774 161.6476241227549
98.94502034241299 77.08282680637049
99.00895631934857 13.942954468232802
99.07289229628417 15.659193299712095
99.13682827321975 55.46673834366379
99.20076425015533 95.47096816090803
99.26470022709091 144.95947101111642
99.32863620402648 234.44331810067575
99.39257218096208 343.84045729694566
99.45650815789767 394.9890042024709
99.52044413483324 339.03643678705
99.58438011176884 222.18237952586395
99.64831608870442 140.781389491088
99.71225206564 139.91870483005874
99.77618804257558 173.70748389434883
99.84012401951117 187.57647140715497
99.90405999644675 211.1915801506166
99.96799597338233 321.46327826512413
100.03193195031793 524.1709758503073
100.0958679272535 704.3797268549947
100.15980390418908 718.112464448718
100.22373988112469 536.4691584652379
100.28767585806024 277.8187848865407
100.35161183499584 93.60055995381076
100.41554781193145 38.02094979726275
100.479483788867 55.90178891110627
100.5434197658026 73.82042580412023
100.60735574273816 69.74971598592498
100.67129171967376 58.43357787401734
100.73522769660934 46.61828591820019
100.79916367354492 32.04947917363595
100.86309965048052 32.27467790902568
100.9270356274161 74.87859197404661
100.99097160435169 147.10475644072818
101.05490758128725 182.45134933358085
101.11884355822284 131.3051748091662
101.18277953515845 38.526795598060474
101.24671551209401 13.530433480940914
101.3106514890296 107.27210670610526
101.3745874659652 239.73277372350847
101.43852344290076 279.174105815102
101.50245941983636 187.6097663217292
101.56639539677192 61.7974735346351
101.63033137370752 21.353477046840453
101.69426735064312 72.18365420600979
101.75820332757868 114.36779672471636
101.82213930451428 79.45475039104505
101.88607528144986 22.626721440809312
101.95001125838544 66.44502252314814
102.01394723532103 259.523264223876
102.0778832122566 520.5265918037137
102.1418191891922 721.8146827643757
102.20575516612779 784.8905620941649
102.26969114306335 701.4341617366531
102.33362711999897 505.60300122552593
102.39756309693452 269.62917037823223
102.46149907387012 134.59017978020182
102.52543505080568 266.8644523371822
102.58937102774128 703.9706687164635
102.65330700467688 1239.3313836477876
102.71724298161244 1521.7514401688427
102.78117895854804 1335.7124145285843
102.84511493548362 794.9407027097602
102.9090509124192 255.50174509124017
102.97298688935479 19.730849495365906
103.03692286629038 102.99329988196195
103.10085884322596 297.7114123108332
103.16479482016155 419.0432184685197
103.22873079709711 442.3457204936412
103.29266677403272 442.2932564128636
103.35660275096828 446.32961865522714
103.42053872790387 393.081924584044
103.48447470483949 247.93637338313684
103.54841068177504 93.61691136113912
103.61234665871063 58.17328448602294
103.6762826356462 172.41564398300747
103.7402186125818 332.1390178647864
103.80415458951738 401.442613967922
103.86809056645296 333.13086811802003
103.93202654338856 192.04329513160968
103.99596252032414 73.83749607204787
104.05989849725972 17.921467494130113
104.1238344741953 5.090745006525499
104.18777045113087 6.062118478618289
104.25170642806646 6.701477237440578
104.31564240500204 2.769800902074199
104.37957838193763 1.5463712424482083
104.44351435887324 35.0058888368982
104.5074503358088 142.12927730473328
104.5713863127444 312.503579610012
104.63532228967996 450.77095676824143
104.69925826661556 436.7117934266031
104.76319424355114 256.7166931252832
104.82713022048672 53.56643246805314
104.89106619742232 14.567694646382675
104.9550021743579 198.1661595595297
105.01893815129348 465.2904539213586
105.08287412822907 604.1012174301819
105.14681010516465 531.8857729143587
105.21074608210021 355.9599118564565
105.27468205903583 246.73951472337265
105.3386180359714 272.7642730563575
105.40255401290698 354.92815690621603
105.46648998984256 365.1912802686288
105.53042596677815 260.22765629234374
105.59436194371372 113.11851257219972
105.65829792064932 21.09825641426168
105.72223389758491 9.237554644701452
105.78616987452048 32.33630038867666
105.85010585145608 44.98103112537262
105.91404182839166 48.06951367070205
105.97797780532724 65.62874534458041
106.04191378226282 95.21835254790719
106.1058497591984 103.16798820518278
106.169785736134 68.47818827021804
106.23372171306958 17.47006398034506
106.29765769000517 1.5059225688109095
106.36159366694073 37.93958420516665
106.42552964387632 86.2616455156579
106.48946562081191 92.23694990464142
106.55340159774748 49.93199694490737
106.61733757468308 9.494380622783492
106.68127355161867 19.574356066078945
106.74520952855424 68.14760179073659
106.80914550548984 93.75433115066976
106.8730814824254 60.44728396181056
106.937017459361 8.539084889103057
107.00095343629658 19.747541270425412
107.06488941323218 129.87884949491303
107.12882539016776 277.68874240150654
107.19276136710334 352.0971954372933
107.25669734403893 295.9521091482525
107.3206333209745 156.4207303021751
107.38456929791008 37.408623072429386
107.44850527484569 11.876365198202924
107.51244125178125 76.36222187243993
107.57637722871684 174.9541070557856
107.64031320565245 251.76953654846957
107.704249182588 278.41877194995834
107.7681851595236 249.38390841603257
107.83212113645916 175.7472490831136
107.89605711339476 87.07043899285355
107.95999309033036 23.454052906219623
108.02392906726593 13.454323374145059
108.08786504420152 54.79943738607695
108.1518010211371 119.27263405023062
108.21573699807269 180.88884120254409
108.27967297500825 229.64473513100472
108.34360895194384 254.35994308358153
108.40754492887945 233.09648152674364
108.47148090581501 156.22530557571017
108.5354168827506 58.8790752063917
108.5993528596862 17.514227166761167
108.66328883662176 86.53315023768425
108.72722481355736 230.3422392994474
108.79116079049292 337.8807698107431
108.85509676742852 317.298469741138
108.91903274436412 182.242296478772
108.98296872129968 42.154032052035056
109.04690469823528 4.902554482740955
109.11084067517086 98.38049935235463
109.17477665210644 275.46218962257143
109.23871262904203 468.2164415439673
109.30264860597762 629.6701686146868
109.3665845829132 726.9322132296882
109.43052055984877 722.5039699342477
109.49445653678436 596.9223484809439
109.55839251371997 386.4379605891545
109.62232849065552 179.79238814846752
109.68626446759112 59.527343980639806
109.75020044452673 37.43978842438232
109.81413642146228 60.58909376235992
109.87807239839788 79.46233732278793
109.94200837533344 95.7321219191471
110.00594435226904 147.41450134613092
110.06988032920462 257.1476809427917
110.1338163061402 396.9262163844497
110.1977522830758 501.5618787026241
110.26168826001138 513.8038197370738
110.32562423694696 419.3590816827328
110.38956021388255 253.57803591497984
110.45349619081811 88.98266459264549
110.51743216775373 4.123196381050173
110.58136814468928 34.21383023357856
110.64530412162487 140.86001347829333
110.70924009856049 241.91895860373677
110.77317607549604 278.5267142390132
110.83711205243164 253.69145781931567
110.9010480293672 211.50068503588895
110.9649840063028 180.2612396272042
111.02891998323838 142.61485963907316
111.09285596017396 78.3176975329503
111.15679193710956 21.128095709584453
111.22072791404514 40.873031574713394
111.28466389098072 166.81682552730027
111.3485998679163 337.822251795344
111.41253584485187 442.5604571648655
111.47647182178748 421.40162543704594
111.54040779872307 314.0492298385155
111.60434377565863 202.49047277120764
111.66827975259424 129.6231354916957
111.7322157295298 84.66313708215064
111.7961517064654 54.15667707781752
111.86008768340096 57.56013873758096
111.92402366033656 114.01691516336908
111.98795963727216 189.201749402207
112.05189561420772 207.53025113929624
112.11583159114332 135.09957262946472
112.1797675680789 34.02254116886684
112.24370354501448 4.789976492785368
112.30763952195007 74.97138715480693
112.37157549888563 168.581683976196
112.43551147582124 193.95399473393263
112.49944745275683 148.30911915803347
112.5633834296924 118.14831204338702
112.62731940662798 170.2154770745988
112.69125538356356 261.95607872564796
112.75519136049915 287.54016482105703
112.81912733743472 202.13992382277564
112.88306331437032 74.00572574122043
112.94699929130591 10.89666952382988
113.01093526824148 42.61490884263048
113.07487124517708 94.57888340126048
113.13880722211266 86.72743624948694
113.20274319904824 31.999606693435965
113.26667917598382 19.643816101472964
113.33061515291942 108.98664850012413
113.394551129855 252.291934510053
113.45848710679059 337.6762009868576
113.52242308372615 300.63008056775715
113.58635906066174 177.7956178993905
113.65029503759732 61.57152159375396
113.71423101453291 13.123576911958272
113.7781669914685 20.778442747531752
113.84210296840408 36.76128714691197
113.90603894533967 35.54865636010687
113.96997492227524 29.697944491426767
114.03391089921084 41.57889724658968
114.09784687614642 72.73762087314624
114.161782853082 104.20733561055624
114.2257188300176 117.72323572837888
114.28965480695318 109.56420950476124
114.35359078388876 87.79276566429533
114.41752676082434 61.98098560946506
114.48146273775993 38.72979738729646
114.5453987146955 23.53750741383493
114.60933469163108 19.359123853424578
114.67327066856669 23.31473353795038
114.73720664550225 31.345053796548285
114.80114262243784 49.60207392709416
114.86507859937343 96.24219447377347
114.929014576309 181.88028927613885
114.9929505532446 284.3981848941125
115.05688653018017 348.9900811584058
115.12082250711576 325.08096915650793
115.18475848405136 214.53440015193456
115.24869446098693 83.08093013596685
115.31263043792252 13.359271026528024
115.3765664148581 36.22677418172904
115.44050239179369 103.5846235456078
115.50443836872925 134.05470733678004
115.56837434566484 95.06538243751194
115.63231032260045 41.12194034757441
115.69624629953601 66.16141440205867
115.7601822764716 212.01592416405916
115.8241182534072 416.25027391643727
115.88805423034276 551.3354417009582
115.95199020727836 526.4812290173874
116.01592618421392 358.9938252257254
116.07986216114952 154.06672943281075
116.14379813808512 23.664448448974927
116.20773411502068 14.13470300808518
116.27167009195628 89.43952972321513
116.33560606889186 174.020744066347
116.39954204582745 211.39883218545128
116.46347802276301 188.91098135032664
116.52741399969862 126.94015627308762
116.5913499766342 58.28647067781185
116.65528595356977 11.833403044103733
116.71922193050536 4.4420340559289135
116.78315790744097 39.098034882085834
116.84709388437652 103.28813007439135
116.91102986131212 169.8349488659593
116.97496583824773 207.77055358515403
117.03890181518328 200.32853380278087
117.10283779211888 158.32531661833343
117.16677376905444 118.8005202047593
117.23070974599004 120.63817434475541
117.29464572292562 166.6001865380518
117.3585816998612 211.49989104135824
117.4225176767968 198.92283402477483
117.48645365373238 117.9473982962902
117.55038963066796 35.141612674108586
117.61432560760355 62.0280761223336
117.67826158453911 264.2802375975878
117.74219756147473 592.8478287446961
117.80613353841028 895.5268699585174
117.87006951534588 1009.5445235324676
117.93400549228149 888.4153788893436
117.99794146921704 629.0180939389489
118.06187744615264 366.5699659355637
118.1258134230882 196.4412061679084
118.1897494000238 162.14344918415603
118.25368537695938 230.09887057881107
118.31762135389496 302.948706301893
118.38155733083056 298.7797398214871
118.44549330776614 203.6044003727832
118.50942928470172 73.3506910094415
118.5733652616373 1.6574073734317962
118.63730123857287 52.64597803090557
118.70123721550848 206.59593232225055
118.76517319244407 367.0278807787254
118.82910916937963 426.7254931450737
118.89304514631525 348.1536475930436
118.9569811232508 190.2999286290573
119.0209171001864 59.35491086263213
119.08485307712196 29.20463967335228
119.14878905405756 95.26076661622132
119.21272503099316 195.55596474800748
119.27666100792872 271.51505625837643
119.34059698486432 306.7828161590121
119.4045329617999 318.76066533593405
119.46846893873548 322.9872873690151
119.53240491567107 306.0380601504519
119.59634089260663 238.3227475058144
119.66027686954224 121.8192971538726
119.72421284647783 18.618698788996983
119.7881488234134 16.728141952652688
119.852084800349 156.86534624280947
119.91602077728456 382.072949658768
119.97995675422015 559.9352076412209
120.04389273115572 578.2459190665492
120.10782870809132 436.92775554505647
120.17176468502691 244.618605731396
120.23570066196248 123.2528189510398
120.29963663889808 111.14271952131004
120.36357261583366 151.78355710825895
120.42750859276924 173.9418222143974
120.49144456970483 173.64755254479252
120.55538054664042 210.42566608782155
120.619316523576 327.23788622750516
120.68325250051159 484.18626514581257
120.74718847744715 581.8759325313764
120.81112445438274 550.2703913954026
120.87506043131832 412.93496228292577
120.93899640825391 267.21019462815013
121.00293238518952 192.54382054171953
121.06686836212508 180.78046301534343
121.13080433906067 167.20784568675907
121.19474031599624 110.6853177782428
121.25867629293184 34.012620899412084
121.32261226986742 0.32960383878618355
121.386548246803 47.3447886610897
121.4504842237386 144.7698364698999
121.51442020067418 218.57634379517452
121.57835617760976 209.77081444956727
121.64229215454534 123.28277317678356
121.70622813148093 31.44530390467112
121.7701641084165 24.511180982018104
121.83410008535208 151.65373974287422
121.89803606228767 384.4244703843128
121.96197203922326 623.3820406183278
122.02590801615884 761.8933799268742
122.08984399309443 751.7313912276395
122.15377997003 616.4729163935472
122.2177159469656 427.56168641438813
122.28165192390117 261.3370899644453
122.34558790083676 156.69209169526715
122.40952387777236 110.63583881645692
122.47345985470794 107.34400870318022
122.53739583164352 138.6862132969604
122.6013318085791 197.5248521816442
122.66526778551469 261.93480326876727
122.72920376245025 296.41661595676527
122.79313973938586 273.44035187210847
122.85707571632145 196.02667457065485
122.92101169325701 101.09447874922922
122.9849476701926 39.52944140280024
123.0488836471282 47.274731598855375
123.11281962406376 124.92317874004848
123.17675560099936 233.36022584642268
123.24069157793495 305.70931564898336
123.30462755487052 280.4050577074635
123.36856353180612 154.80156459053748
123.43249950874169 21.918294867325336
123.49643548567728 32.720696527802886
123.56037146261286 277.83002168772293
123.62430743954845 676.2628541174092
123.68824341648404 988.1847216412813
123.75217939341962 978.5573819204666
123.8161153703552 633.9626207446545
123.88005134729077 236.27919005100676
123.94398732422636 154.631342074457
124.00792330116197 519.6433425701698
124.07185927809752 1095.146560354742
124.13579525503312 1449.708151502029
124.19973123196873 1301.917577085745
124.26366720890428 763.9638937158605
124.32760318583988 227.72480020635507
124.39153916277544 4.324873613045026
124.45547513971104 83.29807799690381
124.51941111664662 206.80887824540417
124.5833470935822 167.7810432426433
124.6472830705178 33.579695432466885
124.71121904745338 57.48907065266044
124.77515502438897 394.8385950779861
124.83909100132453 921.2550728451514
124.90302697826012 1311.4524094094816
124.96696295519573 1311.7405809569489
125.0308989321313 949.3056236681122
125.09483490906688 475.0348290330522
125.15877088600249 138.47892252107826
125.22270686293804 23.981380012451066
125.28664283987364 49.605545732949444
125.3505788168092 88.02043596059627
125.4145147937448 82.33039506958734
125.4784507706804 57.06113779263051
125.54238674761596 55.912009524038176
125.60632272455156 90.14137419369683
125.67025870148714 135.17846071736017
125.73419467842272 161.96116400766388
125.7981306553583 161.52697403305427
125.86206663229387 143.14587742173654
125.92600260922949 122.13118440867775
125.98993858616505 110.88641546055716
126.05387456310063 113.20065444484284
126.11781054003625 121.64796887907204
126.1817465169718 121.62314706156089
126.2456824939074 102.46902614352491
126.30961847084296 67.5881928095657
126.37355444777856 32.729970857673635
126.43749042471416 12.422533091776575
126.50142640164972 8.718879071037017
126.56536237858532 12.509445871532632
126.6292983555209 13.319277258493944
126.69323433245648 7.91591777968449
126.75717030939207 1.501766732800618
126.82110628632766 4.967704678122007
126.88504226326324 32.702386047214176
126.94897824019883 98.35499482490695
127.0129142171344 205.67140686911893
127.07685019407 335.9336897389206
127.14078617100556 447.3558953931152
127.20472214794115 497.4686989484721
127.26865812487677 466.830221437313
127.33259410181232 366.2349784903668
127.39653007874792 232.6774807753648
127.46046605568348 112.79375524102517
127.52440203261908 37.688077728595246
127.58833800955466 11.5902178665334
127.65227398649024 20.337065611090697
127.71620996342584 44.7595105759625
127.78014594036142 70.29301259416428
127.844081917297 92.91823188577858
127.90801789423259 120.29375947044022
127.97195387116815 165.04776983678207
128.03588984810375 233.117443333454
128.09982582503935 316.51410088119144
128.1637618019749 394.2544822615914
128.2276977789105 438.77850998093527
128.29163375584608 428.15719061292776
128.35556973278167 359.7564491111204
128.41950570971727 253.3837420038035
128.48344168665284 141.54794344154882
128.54737766358843 54.6779029120348
128.611313640524 8.745753954984583
128.6752496174596 2.150313763072852
128.73918559439517 23.40243798084426
128.80312157133076 61.09329774525576
128.86705754826636 107.43036180675723
128.93099352520193 155.4032816865249
128.99492950213752 195.0016668888387
129.0588654790731 213.0861034170664
129.1228014560087 198.65314436837545
129.18673743294423 151.64793301794828
129.25067340987985 88.49688477503108
129.31460938681545 35.410765105847915
129.378545363751 10.909922041634147
129.4424813406866 13.479922450535984
129.50641731762218 26.549374383680515
129.57035329455775 37.55569697427805
129.63428927149334 55.272547879865904
129.69822524842894 104.8497588693864
129.7621612253645 199.16054611484228
129.8260972023001 314.0425540662595
129.8900331792357 394.2325113555765
129.95396915617127 390.3476161982383
130.01790513310686 300.38503006666105
130.08184111004243 176.91438977110664
130.14577708697803 93.07902643290305
130.20971306391363 103.8258139625326
130.2736490408492 225.7164881294701
130.3375850177848 431.96689319313214
130.40152099472036 658.1362284832366
130.46545697165595 814.3000127416318
130.52939294859152 815.1770160789841
130.59332892552712 635.6935311668332
130.6572649024627 346.1997103114133
130.72120087939828 88.5216541389277
130.78513685633388 1.795994677900904
130.84907283326945 125.58032439879868
130.91300881020504 354.71667610482046
130.9769447871406 517.8656219010062
131.0408807640762 509.15886866506054
131.1048167410118 348.6335509114038
131.16875271794737 149.22434244675816
131.23268869488297 29.6585168494136
131.2966246718185 30.227351102970044
131.36056064875413 99.81736389610435
131.42449662568967 157.20784149401783
131.48843260262527 155.88630901335443
131.5523685795609 105.15666540835568
131.61630455649643 47.35386843416045
131.68024053343203 16.546042334862346
131.74417651036762 16.97896540214078
131.8081124873032 31.91035531602642
131.8720484642388 43.10830636995979
131.93598444117438 44.08351652878738
131.99992041810995 40.171754224608705
132.06385639504555 39.18938701891727
132.12779237198114 43.727662058555794
132.1917283489167 51.17313403150201
132.2556643258523 58.49164860641348
132.31960030278788 66.10459651226284
132.38353627972347 77.45445421962172
132.44747225665907 96.27736435960404
132.51140823359464 128.5243937327001
132.57534421053023 182.05424823837248
132.6392801874658 254.489985173313
132.7032161644014 326.17250206019094
132.76715214133696 368.1253964810361
132.83108811827256 354.62781870159773
132.89502409520816 280.7855594386121
132.95896007214373 174.69829037902124
133.02289604907932 81.51823112312246
133.0868320260149 33.04648773773006
133.15076800295049 34.290890724179505
133.21470397988605 68.880408490163
133.27863995682165 109.98498110774284
133.34257593375725 130.91174108500132
133.4065119106928 115.25323994948432
133.4704478876284 67.7238539006049
133.53438386456395 18.262214733395197
133.59831984149957 5.6582626734713015
133.66225581843514 44.03150607116992
133.7261917953707 101.49581334637148
133.7901277723063 124.32308643476917
133.8540637492419 94.63751762754968
133.91799972617747 61.02620805576255
133.98193570311307 105.16422099021553
134.04587168004866 267.04746805215115
134.10980765698423 494.0667465447946
134.17374363391983 672.4996865665652
134.23767961085542 714.8399112725914
134.301615587791 618.4235154494872
134.3655515647266 454.29636341797885
134.42948754166216 307.5009748714295
134.49342351859775 221.04794172937437
134.55735949553332 188.1779798046336
134.62129547246892 182.97244767709563
134.6852314494045 184.17264759193395
134.74916742634008 176.11425816110284
134.81310340327568 147.51805550673947
134.87703938021124 100.97189532493192
134.94097535714684 59.35387061712581
135.0049113340824 52.97972732529121
135.068847311018 91.77361846180314
135.1327832879536 150.38361780834865
135.19671926488917 189.01587949509167
135.26065524182476 190.0268374940852
135.32459121876033 168.224434664412
135.38852719569593 147.4999060929648
135.45246317263147 136.60982148006875
135.5163991495671 130.04920485701317
135.5803351265027 124.17766974029712
135.64427110343823 122.55387613336
135.70820708037385 123.0910058084982
135.77214305730942 109.17025991132645
135.836079034245 67.62302724857658
135.90001501118059 17.081391292912798
135.96395098811618 7.065425823041144
136.02788696505175 79.06270425455966
136.09182294198735 220.55498005497657
136.15575891892294 358.6155789438055
136.2196948958585 413.202489938842
136.2836308727941 361.2531313437031
136.34756684972967 245.9919229796254
136.41150282666527 133.02356621584107
136.47543880360087 61.41305578359223
136.53937478053643 28.372873928216865
136.60331075747203 12.388815110763892
136.6672467344076 3.6470009477502665
136.7311827113432 10.079972815927407
136.79511868827876 40.03051102163808
136.85905466521436 86.00923575028281
136.92299064214995 128.4361633930261
136.98692661908552 152.60347986435215
137.05086259602112 159.57869149197114
137.1147985729567 163.66411774434275
137.17873454989228 180.66666619969905
137.24267052682785 214.2202267300788
137.30660650376345 248.9402802273709
137.37054248069904 257.20798020926014
137.4344784576346 217.38411060733185
137.4984144345702 132.96483755250912
137.56235041150575 41.814576817330426
137.62628638844137 5.832878869005523
137.6902223653769 78.46830187520173
137.7541583423125 267.1569427218988
137.81809431924813 517.5113357888514
137.8820302961837 732.9516222960436
137.94596627311927 824.4514830467629
138.00990225005486 763.3402508608788
138.07383822699046 598.521168852128
138.13777420392603 426.86883076663247
138.20171018086162 341.17354592176844
138.26564615779722 381.3095289022592
138.3295821347328 509.4698735148865
138.39351811166839 630.85282014111
138.45745408860395 652.8121866885209
138.52139006553955 540.4530961749958
138.58532604247512 335.8446725539049
138.6492620194107 136.04528106919193
138.7131979963463 34.37187129867088
138.77713397328188 53.494508262290495
138.84106995021747 130.46350395420967
138.90500592715304 173.13812205306726
138.96894190408864 136.21899409181313
139.0328778810242 56.636154893649646
139.0968138579598 17.19586806083326
139.1607498348954 62.8588155177523
139.22468581183097 153.11611517353975
139.28862178876656 200.67672147707748
139.35255776570213 158.4545413524393
139.41649374263773 72.34970512052163
139.48042971957327 37.744020087345085
139.5443656965089 97.91819313812297
139.6083016734445 197.47562495674296
139.67223765038003 236.7813758870423
139.73617362731565 170.59540449785814
139.8001096042512 57.68348542381168
139.8640455811868 4.628090176536613
139.92798155812238 58.40443103296048
139.99191753505795 164.27886242403278
140.05585351199355 224.35629601298425
140.11978948892914 190.04338392678488
140.1837254658647 99.12122345122584
140.2476614428003 24.671141772678588
140.3115974197359 0.28920022238617044
140.37553339667147 4.365306823192758
140.43946937360707 4.517983734623513
140.50340535054266 1.179188800184983
140.56734132747823 19.78007161680332
140.63127730441383 67.91522416415303
140.6952132813494 116.62928423810207
140.759149258285 128.16411091519998
140.82308523522056 98.92339702565305
140.88702121215616 64.03233215530207
140.95095718909175 55.65187682244497
141.01489316602732 71.53843969265296
141.07882914296292 85.30798216940559
141.14276511989848 85.31601061782118
141.20670109683408 98.43706554656733
141.27063707376965 156.99917638534515
141.33457305070525 252.6977261662747
141.39850902764084 330.24032668399894
141.4624450045764 324.06148289791105
141.526380981512 227.75855421085532
141.59031695844757 108.86234285439726
141.65425293538317 36.04224197634896
141.7181889123187 26.679736615747487
141.78212488925433 50.81310947582408
141.84606086618993 59.89404753176068
141.90999684312547 34.75131961690768
141.9739328200611 4.213113563780996
142.03786879699666 9.370609529580227
142.10180477393223 62.98440745139085
142.16574075086783 138.46034108988206
142.22967672780342 195.72636143600175
142.293612704739 216.15482076813953
142.3575486816746 208.07132476678825
142.42148465861018 190.5674225407159
142.48542063554575 173.9333031569336
142.54935661248135 150.73666475656395
142.61329258941691 110.2343376134487
142.6772285663525 57.52921944541828
142.7411645432881 13.792042844557418
142.80510052022368 0.4370245914623936
142.86903649715927 21.862799371607437
142.93297247409484 61.466244830351116
142.99690845103044 93.48533489983129
143.060844427966 98.7660196548359
143.1247804049016 75.28646531539194
143.1887163818372 38.23608471478883
143.25265235877276 9.224878411654668
143.31658833570836 4.019929965448122
143.38052431264393 25.353773320897687
143.44446028957952 62.093735285163966
143.5083962665151 96.8964783348704
143.5723322434507 116.17013030092679
143.63626822038628 114.41999786258901
143.70020419732185 94.65711349290176
143.76414017425745 65.06764083878895
143.828076151193 33.3986561737007
143.8920121281286 7.7640144231072705
143.95594810506418 0.9509720899954583
144.01988408199975 26.512493610095767
144.08382005893537 87.76009528665587
144.14775603587094 168.37334019495165
144.2116920128065 233.66879375418776
144.2756279897421 249.67571763617144
144.3395639666777 207.8436663518826
144.40349994361327 130.91784054459035
144.46743592054887 56.826625750200655
144.53137189748446 17.40870124019452
144.59530787442003 26.958806156519607
144.65924385135563 87.58223075518403
144.7231798282912 202.1914475910293
144.7871158052268 373.5302795428557
144.85105178216236 585.1594363955838
144.91498775909795 786.6157383034292
144.97892373603355 905.681720235308
145.04285971296912 886.4206610333146
145.10679568990471 726.4351732938622
145.17073166684028 484.32531095107527
145.23466764377588 248.16758391484592
145.29860362071145 85.70472598529135
145.36253959764704 14.308460997663754
145.42647557458264 8.553558724507592
145.4904115515182 28.70072069342573
145.5543475284538 43.7728778258538
145.61828350538937 39.80002840363042
145.68221948232497 21.065975188268244
145.7461554592605 8.121546195024342
145.81009143619613 26.41466861433249
145.87402741313173 84.69295389400446
145.93796339006727 158.50176847171443
146.0018993670029 201.24751542211447
146.06583534393843 182.0084366486369
146.12977132087403 118.4090871101955
146.19370729780962 72.44417667035539
146.25764327474522 103.48063778642276
146.3215792516808 215.20691325156045
146.38551522861638 350.7854453571153
146.44945120555198 439.34237113768165
146.51338718248755 444.572961344372
146.57732315942314 378.98289182827654
146.6412591363587 283.2315536894596
146.7051951132943 194.5943415942382
146.7691310902299 133.45496941997803
146.83306706716547 109.3954231128031
146.89700304410107 124.49546974379956
146.96093902103664 165.2354982647242
147.02487499797223 199.62431161446273
147.0888109749078 194.09184431885103
147.1527469518434 139.13615545546284
147.216682928779 60.91453815182526
147.28061890571456 7.439587267883363
147.34455488265016 19.166212114662343
147.40849085958573 106.66640757922487
147.47242683652132 245.6756065639555
147.5363628134569 387.2534054492701
147.6002987903925 477.5396112150392
147.66423476732808 476.45822989625833
147.72817074426365 376.7467344207543
147.79210672119925 219.26000874481224
147.8560426981348 76.6771969588606
147.9199786750704 6.6349798620140765
147.98391465200595 14.827228166030345
148.04785062894155 57.17396599766885
148.11178660587717 80.07128257177163
148.1757225828127 65.47753630045553
148.2396585597483 37.8837899816133
148.3035945366839 29.707139433183453
148.36753051361947 44.771328977021774
148.43146649055507 57.07349570907367
148.49540246749066 43.08579221670758
148.55933844442623 12.060341741479364
148.62327442136183 1.3953417962245722
148.68721039829742 39.70082849196676
148.751146375233 114.5228731748094
148.8150823521686 176.6963167061512
148.87901832910416 178.48348084078788
148.94295430603975 115.7233046673557
149.00689028297535 38.93260652107056
149.07082625991092 18.960025336109528
149.1347622368465 93.39921335795658
149.19869821378208 238.47209416652953
149.26263419071768 383.94531283914296
149.32657016765324 457.1883677337655
149.39050614458884 430.97019670905
149.45444212152444 337.9201947866151
149.51837809846 236.2468299091369
149.5823140753956 163.74302251986012
149.64625005233117 119.21356109062933
149.71018602926677 78.88294390200473
149.77412200620233 33.03549515655156
149.83805798313793 3.3092619605931346
149.90199396007353 23.772491308635782
149.9659299370091 112.51013215888028
150.0298659139447 254.47265968952055
150.09380189088023 407.48358440716027
150.15773786781585 524.410047929343
150.22167384475142 565.1005097999537
150.285609821687 506.0504793822885
150.3495457986226 356.9130921536393
150.41348177555818 168.69077736174052
150.47741775249375 27.366329220786017
150.54135372942935 15.039631709390909
150.60528970636494 145.91782910956425
150.6692256833005 342.55513196607956
150.7331616602361 483.0408931577037
150.7970976371717 481.94602535018953
150.86103361410727 347.3364360681608
150.92496959104287 169.20859670297983
150.98890556797843 47.14446663282364
151.05284154491403 20.71496155133844
151.1167775218496 61.05607360612281
151.1807134987852 113.2184614571188
151.2446494757208 136.77977467008296
151.30858545265636 121.28382431217328
151.37252142959196 81.41737036457283
151.43645740652752 43.47096207933256
151.50039338346312 34.874456910317015
151.5643293603987 70.37355384924497
151.62826533733428 135.0576040166338
151.69220131426988 190.81796322056272
151.75613729120545 214.3715817477194
151.82007326814104 234.3377621676786
151.8840092450766 323.9892404906617
151.9479452220122 537.4498216876792
152.01188119894775 835.3881688157375
152.07581717588337 1081.8308968302736
152.13975315281897 1141.2791131032131
152.2036891297545 986.4936466120351
152.26762510669013 708.2479833177853
152.3315610836257 438.68334940198326
152.39549706056127 270.72460442484896
152.45943303749686 222.58915986519855
152.52336901443246 255.58916159138357
152.58730499136803 318.3479409620627
152.65124096830363 371.6277957440329
152.71517694523922 387.95432547910224
152.7791129221748 353.66791558917686
152.84304889911039 281.5151217893435
152.90698487604595 210.34502077522336
152.97092085298155 177.3110036964851
153.03485682991715 183.99306109965505
153.0987928068527 190.37512089651207
153.1627287837883 155.4119467692831
153.22666476072388 85.37843110149767
153.29060073765947 23.98932614418592
153.35453671459504 0.5683119218929606
153.41847269153064 4.32493118153361
153.48240866846623 6.746513808003545
153.5463446454018 2.090331382518124
153.6102806223374 14.08613309929048
153.67421659927297 58.50479949491238
153.73815257620856 113.42063676395657
153.80208855314413 136.37409307069035
153.86602453007973 110.60980511657668
153.92996050701532 65.03550470518257
153.9938964839509 39.640814232141686
154.0578324608865 40.34697879592886
154.12176843782203 39.81180603760139
154.18570441475765 19.89084359022897
154.2496403916932 1.3529001289134754
154.3135763686288 23.910944793119988
154.3775123455644 100.3633489209056
154.44144832249995 198.45365470175676
154.50538429943555 271.2340240490047
154.56932027637114 297.67140202906427
154.63325625330674 287.72353246332307
154.6971922302423 258.2331151083265
154.7611282071779 215.27591957788823
154.8250641841135 159.59353179751153
154.88900016104907 100.12218402908648
154.95293613798466 52.705959644772015
155.01687211492023 26.74410663727984
155.08080809185583 20.59745100896181
155.1447440687914 30.33316730316221
155.208680045727 53.674302919433686
155.2726160226626 80.11040044006118
155.33655199959816 86.71085510483104
155.40048797653375 58.0568969881968
155.46442395346932 13.949135994165273
155.52835993040492 3.1828795814160293
155.59229590734049 53.620764230928906
155.65623188427608 132.33389691379952
155.72016786121168 170.18197163849362
155.78410383814725 134.2572063883246
155.84803981508284 69.89274806935926
155.9119757920184 54.972219294405576
155.975911768954 113.70188670817748
156.03984774588957 194.2838337498573
156.10378372282517 234.87537633382988
156.16771969976077 237.52270008711832
156.2316556766963 265.25591851967465
156.29559165363193 358.0287604885361
156.35952763056747 462.4632186880116
156.42346360750307 476.38840210326646
156.48739958443866 361.96722849929427
156.55133556137423 185.90074662839177
156.61527153830983 50.62131206342129
156.67920751524542 2.019398892794715
156.743143492181 6.636335459111752
156.8070794691166 12.635556146085053
156.87101544605218 11.459039017245468
156.93495142298775 27.175864198151142
156.99888739992335 64.3696642099006
157.06282337685894 94.94097454507201
157.1267593537945 105.39099795035388
157.1906953307301 134.26449404644472
157.25463130766568 235.30674987038148
157.31856728460127 401.1209633813807
157.38250326153684 540.2311462121901
157.44643923847244 551.1754857386807
157.51037521540803 419.9864138677838
157.5743111923436 230.520109348474
157.6382471692792 83.38799051431194
157.70218314621476 16.41019061772646
157.76611912315036 1.4025342638054834
157.83005510008593 0.7845277828309064
157.89399107702152 6.467889724995998
157.95792705395712 25.461652525216568
158.0218630308927 52.89520159945513
158.08579900782829 81.18066335805214
158.14973498476385 127.00875217732388
158.21367096169945 218.09051731814327
158.277606938635 343.52040916377166
158.3415429155706 432.5492949699847
158.4054788925062 406.5757343699552
158.46941486944175 270.59216565213313
158.53335084637737 134.7046087349337
158.59728682331294 118.06459158588214
158.6612228002485 229.98572906961076
158.7251587771841 351.72342050024633
158.7890947541197 350.59941092719754
158.85303073105527 216.900857556278
158.91696670799087 71.53839287054082
158.98090268492646 44.73083478006376
159.04483866186203 153.52465369618096
159.10877463879763 287.6466269504936
159.1727106157332 319.88585064390185
159.2366465926688 225.68358452331924
159.3005825696044 89.78157316507772
159.36451854653995 18.73977072407727
159.42845452347555 51.35917831213921
159.49239050041112 136.48928407179133
159.55632647734672 191.1142987552437
159.62026245428228 173.8202203020981
159.68419843121788 104.74081206125236
159.74813440815348 34.515820702175006
159.81207038508904 1.50305181089474
159.87600636202464 8.332116775182259
159.9399423389602 30.58107046673675
160.0038783158958 43.76137617788504
160.06781429283137 41.14965082953509
160.13175026976697 30.930796116277385
160.19568624670256 22.154239948941388
160.25962222363813 15.242608942568898
160.32355820057373 7.063439405584001
160.38749417750927 2.781501042798887
160.4514301544449 16.96237165758556
160.51536613138046 61.122157554956715
160.57930210831603 130.6444853925723
160.64323808525165 205.8208401684911
160.70717406218722 265.42094951939646
160.7711100391228 293.48243425443934
160.83504601605839 278.2687740933396
160.89898199299398 218.07073820483808
160.96291796992955 129.42357505628323
161.02685394686515 47.67976201557165
161.09078992380074 13.203162189869763
161.1547259007363 40.451206544383126
161.2186618776719 98.19010065453283
161.28259785460747 131.09488145923626
161.34653383154307 107.58872210589097
161.41046980847864 51.21113031557523
161.47440578541423 22.85259406080343
161.53834176234983 68.15671270635829
161.6022777392854 183.56812104726896
161.666213716221 324.17682993378475
161.73014969315656 432.4964154912847
161.79408567009216 465.1995363172604
161.85802164702773 406.8145058322932
161.92195762396332 273.3649911134728
161.98589360089892 115.89604305310964
162.0498295778345 12.144485894941072
162.11376555477008 25.988196657665377
162.17770153170565 155.53603075571678
162.24163750864125 321.0140410291018
162.3055734855768 416.69626082305285
162.3695094625124 392.7173951894304
162.433445439448 292.2996760699628
162.49738141638355 205.23293178232768
162.56131739331917 186.9410149466794
162.6252533702547 219.78099578530768
162.6891893471903 240.8748170543568
162.7531253241259 205.12024431719027
162.8170613010615 126.8476087929196
162.88099727799707 62.79788271462216
162.94493325493266 56.758372717273474
163.00886923186826 102.1226280842148
163.07280520880383 151.35640603513917
163.13674118573942 155.97187298991886
163.200677162675 105.246328679657
163.2646131396106 35.26066817682622
163.32854911654618 0.3049608498533259
163.39248509348175 29.481643429363483
163.45642107041735 101.46731763687252
163.52035704735292 160.40298994724836
163.5842930242885 163.23058127774547
163.64822900122408 113.75384904591648
163.71216497815968 52.93803653694732
163.77610095509525 17.365295305407546
163.84003693203084 7.688967390108982
163.90397290896644 2.946397381968689
163.967908885902 1.8475022391743268
164.0318448628376 35.492597922361526
164.09578083977317 129.29488202391747
164.15971681670877 253.52059963859335
164.22365279364433 326.535281332159
164.28758877057993 283.84298616490975
164.35152474751553 148.88542937371366
164.4154607244511 26.516657686730177
164.4793967013867 11.072429555828855
164.54333267832223 99.73377619607815
164.60726865525783 201.37710904832295
164.67120463219342 226.9520279102146
164.735140609129 172.5091715819523
164.7990765860646 112.08027195848764
164.86301256300018 106.83047621657128
164.92694853993575 138.74516360577476
164.99088451687135 142.77347036833913
165.05482049380694 92.09019638743152
165.1187564707425 42.888198014813206
165.1826924476781 85.14442352883793
165.2466284246137 243.55334284698924
165.31056440154927 436.00070647704666
165.37450037848487 533.9440412975072
165.43843635542044 466.348931067069
165.50237233235603 280.36582871131867
165.5663083092916 98.99610102570384
165.6302442862272 12.100951769755463
165.6941802631628 16.433021264747353
165.75811624009836 48.87817322543767
165.82205221703396 55.56432721682727
165.88598819396952 31.91036979885953
165.94992417090512 8.473310557104378
166.0138601478407 9.109161213809786
166.07779612477628 30.367631607106848
166.14173210171188 53.41036696571774
166.20566807864745 64.53464427824493
166.26960405558305 63.28092299812928
166.3335400325186 56.513130170353385
166.3974760094542 51.255541585801765
166.46141198638975 52.53260941372045
166.52534796332537 60.57205860744996
166.58928394026097 66.80747759445535
166.6532199171965 58.158946745113134
166.71715589413213 33.142486869681086
166.7810918710677 15.923649583316788
166.84502784800327 47.12393235293658
166.90896382493887 147.23635075121305
166.97289980187446 285.3130089846003
167.03683577881003 391.3309038174954
167.10077175574563 404.3192572150004
167.16470773268122 318.77794946523045
167.2286437096168 195.0357820633792
167.2925796865524 115.99964521284745
167.35651566348795 123.82477205091928
167.42045164042355 195.9637346785001
167.48438761735915 273.02386138529107
167.54832359429471 306.1672327421021
167.6122595712303 284.6158734057622
167.67619554816588 226.55577704589172
167.74013152510148 155.95090515259062
167.80406750203704 90.69485426423144
167.86800347897264 41.40522401680038
167.93193945590824 12.577202520151198
167.9958754328438 2.3001506426682705
168.0598114097794 2.6831795504075617
168.12374738671497 6.433416622570565
168.18768336365056 15.73869470852368
168.25161934058613 41.87005967829565
168.31555531752173 91.92168051553068
168.37949129445732 154.07930500530344
168.4434272713929 197.92296652041904
168.5073632483285 194.53711833482384
168.57129922526403 141.68863559588715
168.63523520219965 69.06548568062027
168.69917117913522 15.694353954726253
168.7631071560708 1.2463405957139528
168.8270431330064 15.387728045316567
168.89097910994198 30.69371578309845
168.95491508687755 28.64810369716224
169.01885106381314 15.184550703050803
169.08278704074874 10.129354163770614
169.1467230176843 24.887185165577968
169.2106589946199 50.63426584764928
169.2745949715555 65.19166424072552
169.33853094849107 54.12699764106788
169.40246692542667 25.723265273859383
169.46640290236223 2.9829451332386783
169.53033887929783 4.977211593763785
169.5942748562334 36.894446691204216
169.658210833169 94.43080781025488
169.7221468101046 176.1762497645537
169.78608278704016 284.9083683408255
169.85001876397575 413.6187775416947
169.91395474091132 537.3229838969128
169.97789071784692 617.3803722701438
170.0418266947825 615.6685250070216
170.10576267171808 522.144057336049
170.16969864865368 371.3285758534125
170.23363462558925 219.67833333974335
170.29757060252484 108.3962318391664
170.3615065794604 48.56586684662018
170.425442556396 27.843015944258124
170.48937853333155 24.68208972551108
170.55331451026717 22.467640241635866
170.61725048720277 16.255877887053757
170.6811864641383 10.181878948519387
170.74512244107393 11.479978971461806
170.80905841800947 26.045079328512017
170.87299439494507 55.58858065743621
170.93693037188066 95.65458926518141
171.00086634881623 135.80610354161027
171.06480232575183 163.31970774826308
171.12873830268742 168.974978476369
171.19267427962302 151.16940738318823
171.2566102565586 115.4947119983918
171.32054623349418 71.49213153436962
171.38448221042975 30.67470568131715
171.44841818736535 4.966358793023736
171.51235416430094 2.6463743765516727
171.5762901412365 24.358900185939763
171.6402261181721 61.76043544679732
171.70416209510768 99.36231518781261
171.76809807204327 122.61040074384984
171.83203404897884 127.48092752966996
171.89597002591444 119.76846108173297
171.95990600285003 106.59004186896708
172.0238419797856 91.35148936389913
172.0877779567212 73.337256057263
172.15171393365677 51.36909922458872
172.21564991059236 31.86048521563328
172.27958588752793 30.86840072437108
172.34352186446353 61.91471413221576
172.40745784139912 119.85019793475588
172.4713938183347 176.4586605820465
172.5353297952703 193.43160437155436
172.59926577220585 148.681674608147
172.66320174914145 62.68486373482222
172.727137726077 2.0861613716321408
172.7910737030126 43.660138499040194
172.8550096799482 216.82845031701956
172.91894565688375 471.6120241160139
172.98288163381935 697.4079299324767
173.04681761075494 782.1711600349704
173.1107535876905 681.8904174812031
173.1746895646261 452.8160889244302
173.2386255415617 214.1588333722996
173.30256151849727 67.87551966316455
173.36649749543287 39.52673548499802
173.43043347236846 83.33488472064586
173.49436944930403 136.65576420299902
173.55830542623963 168.6761069839996
173.6222414031752 186.95440732404455
173.6861773801108 207.56713535011193
173.7501133570464 223.2524894852639
173.81404933398196 207.1714103260016
173.87798531091755 147.74546168989676
173.94192128785312 70.2729071379213
174.00585726478872 19.198871108023383
174.06979324172428 19.673518513262543
174.13372921865988 58.54682898967332
174.19766519559548 101.65828366029469
174.26160117253104 126.44854968877551
174.32553714946664 138.95429655001868
174.3894731264022 158.69457245694167
174.4534091033378 189.00224562581496
174.51734508027337 211.66510514980803
174.58128105720897 209.97216276354183
174.64521703414457 186.07830101953977
174.70915301108013 154.41833043003095
174.77308898801573 125.75323292513032
174.83702496495127 100.09546543523189
174.9009609418869 72.17851130782282
174.96489691882246 43.75142918325952
175.02883289575803 26.407847016482343
175.09276887269365 26.192416737505127
175.15670484962922 32.95266002063169
175.2206408265648 32.703323319289
175.28457680350039 25.876549431778965
175.34851278043598 28.2596496481066
175.41244875737155 53.29200311499822
175.47638473430715 97.3049683805552
175.54032071124274 147.82821476195355
175.6042566881783 204.97414077118407
175.6681926651139 286.7442211972207
175.73212864204947 405.37960040400776
175.79606461898507 535.7637603362532
175.86000059592064 613.9226876910067
175.92393657285623 579.5074427680238
175.98787254979183 427.57351516658485
176.0518085267274 221.0832686687192
176.115744503663 55.18542609325897
176.17968048059856 0.27166216653972847
176.24361645753416 59.44151589703009
176.30755243446973 172.50571471951736
176.37148841140532 261.76716092286944
176.43542438834092 277.5921954599298
176.4993603652765 218.95568276223403
176.56329634221208 128.48755305076656
176.62723231914765 61.31878148094434
176.69116829608325 46.457685403168114
176.7551042730188 73.51505992353994
176.8190402499544 107.72834352582164
176.88297622689 118.582651610885
176.94691220382555 104.01628000487445
177.01084818076117 84.31474138251414
177.07478415769674 75.01546045924054
177.1387201346323 73.74325211465097
177.2026561115679 67.45365750634991
177.2665920885035 51.54023285135256
177.33052806543907 41.359857516084794
177.39446404237466 59.10430322500211
177.45840001931026 117.60619119083832
177.52233599624583 216.8953616988647
177.58627197318143 344.30046127122773
177.650207950117 474.8601679676139
177.7141439270526 566.1703760389353
177.77807990398819 563.5009614531182
177.84201588092375 440.7884521476398
177.90595185785935 240.7031587710459
177.96988783479492 62.916148059021936
178.0338238117305 5.134145637131
178.09775978866608 92.13972301989256
178.16169576560168 249.10929079668523
178.22563174253727 358.7329207953396
178.28956771947284 352.5622573108567
178.35350369640844 250.98555670039713
178.417439673344 128.89610970779205
178.4813756502796 48.014674072436634
178.54531162721517 17.42443597149753
178.60924760415077 11.211830299478132
178.67318358108636 10.268643665076816
178.73711955802193 19.34726385225019
178.80105553495753 48.43401310250198
178.86499151189307 88.25644344987651
178.9289274888287 112.8594733326528
178.99286346576423 104.71716556681957
179.05679944269983 72.72327321145022
179.12073541963545 43.96051604602125
179.184671396571 37.326039763919376
179.2486073735066 50.549830851090555
179.31254335044218 74.62127640701182
179.37647932737775 111.209344301682
179.44041530431335 167.98454053843304
179.50435128124894 236.1261325217266
179.56828725818454 280.29598816813586
179.6322232351201 264.4441541587155
179.6961592120557 196.40817077368968
179.76009518899127 143.91735143533165
179.82403116592687 188.31960576668135
179.88796714286244 348.27928716266564
179.95190311979803 554.2693129525856
180.01583909673363 696.9276845845369
180.0797750736692 697.5047994235496
180.1437110506048 557.5779883623703
180.2076470275404 357.25179224318964
180.27158300447596 189.74080862757972
180.33551898141152 100.22983009856618
180.39945495834712 89.53285603587507
180.46339093528272 140.1200625524999
180.52732691221829 222.99611379905065
180.59126288915388 293.1754464964687
180.65519886608945 294.4056064721714
180.71913484302505 201.05877233727293
180.7830708199606 66.15269626348619
180.8470067968962 1.2779741868161867
180.9109427738318 89.32641846074905
180.97487875076737 302.0088268101496
181.03881472770297 503.9821129365831
181.1027507046385 558.307037201841
181.1666866815741 435.3847756418377
181.23062265850967 227.4077484708301
181.29455863544527 63.2236385696032
181.35849461238087 2.6750347285860014
181.4224305893165 12.4666420982836
181.48636656625203 30.350121788159303
181.5503025431876 33.789678330101445
181.6142385201232 48.91797077610028
181.6781744970588 101.34603535362072
181.7421104739944 173.45964095763196
181.80604645093 218.86678613814877
181.86998242786555 206.8305518413528
181.93391840480115 147.90701366592123
181.99785438173672 80.54999592298864
182.0617903586723 35.636720255880384
182.12572633560788 18.07175392889404
182.18966231254348 16.477083652254766
182.25359828947907 18.5077357479908
182.31753426641464 16.253711666865154
182.38147024335024 7.407863700022744
182.4454062202858 0.08911255915913625
182.5093421972214 14.43796240401846
182.57327817415697 67.82138770753055
182.63721415109256 149.32473618175007
182.70115012802816 215.85188628282887
182.76508610496367 225.79933664030628
182.82902208189927 180.97500772384845
182.8929580588349 134.6667421087543
182.9568940357705 147.35472258913532
183.02083001270603 224.29171438524332
183.08476598964165 301.229424464091
183.14870196657725 299.03896888504624
183.2126379435128 199.85605131509297
183.2765739204484 72.26034932754634
183.340509897384 15.220271941817256
183.4044458743196 72.50182089359141
183.46838185125517 196.3283608803441
183.53231782819077 290.18763705592016
183.59625380512637 289.46393452788755
183.6601897820619 205.39320822293928
183.72412575899753 100.81480454265872
183.78806173593304 31.790503561760158
183.85199771286864 10.149885386702428
183.91593368980423 13.115871057322291
183.97986966673983 16.654265832147324
184.04380564367543 14.0855402638504
184.10774162061097 10.243207438696952
184.17167759754656 8.910639635878436
184.23561357448213 11.567310702738496
184.29954955141773 24.084028111936988
184.36348552835327 55.02944138786864
184.4274215052889 102.4147184713234
184.4913574822245 145.28772843804063
184.55529345916008 156.1952753764942
184.61922943609568 126.5927702786814
184.68316541303125 78.05503342179726
184.74710138996684 44.13155187204901
184.8110373669024 40.173299956323774
184.874973343838 53.213581660172
184.9389093207736 60.70517124077471
185.0028452977092 55.07258765221465
185.0667812746448 47.50943004941118
185.13071725158036 49.85928936271458
185.19465322851596 58.29318536177699
185.25858920545153 58.08517560745826
185.32252518238707 42.2638255491157
185.3864611593227 21.347963197393927
185.45039713625823 13.319547998519356
185.51433311319383 25.963886988761345
185.57826909012945 51.287714080473435
185.64220506706505 76.24760224210048
185.70614104400056 94.52635842190408
185.77007702093616 107.4702805218828
185.83401299787175 118.01202942533148
185.89794897480732 124.8330944332938
185.96188495174292 122.4220133032514
186.02582092867848 107.03937608380204
186.08975690561408 81.21452703479528
186.15369288254968 54.00059274157364
186.21762885948527 37.15072640676553
186.28156483642087 37.606548529714814
186.34550081335644 51.3681765140803
186.40943679029203 63.759526945860486
186.4733727672276 60.908248923212255
186.5373087441632 45.95738618860201
186.6012447210988 38.45810956076691
186.6651806980344 52.53214210870762
186.72911667496996 77.14547726046607
186.79305265190553 84.23895190963438
186.85698862884112 60.84028990718052
186.9209246057767 28.15152348592988
186.9848605827123 23.204849520362167
187.04879655964783 58.415843122045914
187.11273253658345 103.50851933063012
187.17666851351905 118.33809626540084
187.2406044904546 97.08036926494643
187.3045404673902 70.0651251105107
187.36847644432575 65.10855010755488
187.43241242126135 70.95425626173775
187.49634839819691 54.01925578024118
187.5602843751325 15.145125874571756
187.6242203520681 6.4408104440768845
187.68815632900368 80.22037222529447
187.75209230593927 220.60473837948464
187.81602828287487 335.8311394567175
187.8799642598105 339.3056510827667
187.94390023674603 235.25607631457737
188.0078362136816 118.54261860931256
188.0717721906172 95.27752086776462
188.1357081675528 198.0739232646162
188.1996441444884 372.9487936684984
188.26358012142396 534.231654780046
188.32751609835955 616.128007067273
188.39145207529512 587.8601691042475
188.45538805223072 453.77504448643776
188.5193240291663 263.13785512768885
188.58326000610188 109.7095188491984
188.64719598303748 83.11458712423963
188.71113195997305 198.02002076826273
188.77506793690864 367.5686818021626
188.8390039138442 454.554120971608
188.9029398907798 380.368243293698
188.9668758677154 200.50882201738068
189.03081184465097 52.91990194434587
189.09474782158657 30.872171560080503
189.15868379852213 109.4429124773622
189.22261977545767 184.6784503056525
189.28655575239327 178.09184462355947
189.3504917293289 102.18693533226488
189.4144277062645 28.62302975247928
189.47836368320003 10.343734426516948
189.54229966013563 41.54507668910451
189.6062356370712 79.65466077092195
189.6701716140068 92.38449252256576
189.7341075909424 77.72951397088684
189.798043567878 50.485460333931606
189.8619795448136 26.035852478145223
189.92591552174915 15.816582623962976
189.98985149868477 28.386448459152096
190.0537874756203 66.8565473384129
190.1177234525559 125.0504170145646
190.18165942949148 189.27019224031608
190.24559540642707 242.18691685473917
190.30953138336264 265.402577726859
190.37346736029824 241.53913730813335
190.43740333723383 166.6395938637847
190.50133931416937 72.9151351695327
190.56527529110497 27.708886139943687
190.62921126804056 87.89148755716472
190.69314724497616 239.9834334815893
190.75708322191173 390.5013205682442
190.82101919884727 436.0374063889003
190.8849551757829 347.8782591154067
190.9488911527185 191.3703307995108
191.01282712965408 69.41438077718112
191.07676310658965 35.05991396403346
191.14069908352525 54.99565896806315
191.20463506046084 63.79031049320061
191.2685710373964 38.698400215182566
191.332507014332 9.356159432952142
191.3964429912676 7.845787768468349
191.4603789682032 28.63497573107368
191.52431494513877 43.48935603121495
191.58825092207437 46.411480633881055
191.65218689900996 66.42097151296718
191.71612287594553 125.93947145386048
191.78005885288107 198.1585159708765
191.84399482981664 223.47167960409007
191.90793080675223 170.08257882204583
191.97186678368783 72.58238222228054
192.03580276062343 5.722444020678224
192.09973873755905 16.055047887742106
192.16367471449456 83.1517059975756
192.22761069143016 150.44011798152206
192.29154666836573 183.31038708791968
192.35548264530132 191.27690857934928
192.4194186222369 200.27389485104368
192.4833545991725 211.4101673639283
192.54729057610808 197.01269070289607
192.61122655304368 140.26685490094104
192.67516252997927 69.72298738593705
192.73909850691484 47.33296797339632
192.80303448385044 118.06725710231213
192.866970460786 270.4489844647582
192.9309064377216 441.8398531464438
192.9948424146572 552.5494291236827
193.0587783915928 548.1061970229684
193.1227143685284 430.2216748055496
193.18665034546396 254.1908944694142
193.25058632239953 103.98361723093625
193.31452229933507 55.824043001423895
193.3784582762707 133.07312350450295
193.4423942532063 286.4716218181023
193.50633023014183 419.9801358013207
193.57026620707745 447.1651593657724
193.63420218401305 351.5043259500258
193.6981381609486 202.82775347883944
193.76207413788416 103.82092220121248
193.82601011481975 112.63429481908464
193.88994609175535 206.94048082851313
193.95388206869092 307.61176871683534
194.0178180456265 336.42599371738646
194.08175402256208 269.84667872758047
194.14568999949768 151.80082278405803
194.20962597643327 53.37817805464802
194.27356195336887 17.980363339443755
194.3374979303045 40.02202011574028
194.40143390724003 81.79515915328354
194.4653698841756 105.93199454943452
194.5293058611112 101.77337619778471
194.5932418380468 88.84879858038502
194.6571778149824 95.23903642794745
194.72111379191796 130.11232641098255
194.78504976885355 174.4409584461402
194.84898574578912 195.60796087119317
194.91292172272472 172.30541878775813
194.9768576996603 112.76598366686896
195.04079367659588 51.44915836783674
195.10472965353145 20.464888514399448
195.16866563046705 20.477563584218085
195.23260160740264 24.254989562431646
195.2965375843382 11.940031580862247
195.3604735612738 0.4817622011360121
195.42440953820935 30.53416396491374
195.48834551514497 117.35501877147539
195.5522814920805 219.7656408256432
195.6162174690161 266.64213883106487
195.68015344595173 219.58776011632537
195.74408942288727 116.51542464296384
195.80802539982287 46.980826107500334
195.8719613767585 68.09674298619808
195.93589735369403 148.5166258381624
195.9998333306296 201.38856000366889
196.0637693075652 167.98782905467203
196.1277052845008 75.18502938806142
196.1916412614364 10.142534697655837
196.255577238372 32.274738384027444
196.31951321530755 120.13807667484464
196.38344919224315 201.33618410997687
196.44738516917872 221.42854229548325
196.5113211461143 189.599707776402
196.5752571230499 160.19425344550626
196.63919309998548 168.94078927024293
196.70312907692107 198.9121306524567
196.76706505385664 208.8981590560216
196.83100103079224 181.1509708925052
196.8949370077278 136.32866826194547
196.9588729846634 107.98144107076752
197.02280896159897 109.64087984079865
197.08674493853457 126.0236389547294
197.15068091547016 131.01022703331563
197.21461689240567 112.48342365110936
197.27855286934127 79.75951424628732
197.3424888462769 49.64392005560609
197.4064248232125 31.7282448913338
197.4703608001481 27.42626049526652
197.53429677708365 35.42751667770848
197.59823275401925 52.57398834826212
197.6621687309548 70.89443543303722
197.7261047078904 79.794154372752
197.790040684826 75.21392114954702
197.8539766617616 65.64387979806577
197.9179126386972 66.88776692567008
197.98184861563277 86.73382313441773
198.04578459256837 112.92301346258093
198.1097205695039 122.0366740068293
198.17365654643953 101.96577791375572
198.23759252337507 62.432529857550016
198.30152850031064 26.23780923867148
198.36546447724623 10.81820191106757
198.42940045418183 15.075670643852474
198.49333643111743 25.049598758275085
198.55727240805297 31.79702896089662
198.62120838498856 40.162218611734815
198.68514436192413 60.53777800983405
198.74908033885973 94.4132141058464
198.81301631579532 129.11111821949424
198.8769522927309 148.78998643305056
198.9408882696665 150.43814238988116
199.00482424660208 144.513733444435
199.06876022353768 139.79593740356003
199.13269620047325 132.57809904730823
199.19663217740884 111.75885733084776
199.26056815434444 74.92977364709625
199.32450413128 39.192558138823195
199.3884401082156 30.416876542473243
199.4523760851512 58.8205526529235
199.5163120620868 106.8063667100982
199.58024803902236 142.6500713854829
199.64418401595796 148.24786864085004
199.70811999289353 133.03840235948107
199.77205596982907 119.85773145216888
199.8359919467647 119.97763537185163
199.89992792370023 122.29229950391093
199.96386390063583 105.39095917752852
200.02779987757145 63.25165458158784
200.09173585450705 18.72029462391817
200.1556718314426 6.161966981864932
200.21960780837816 40.25079258605461
200.28354378531375 100.49109694340461
200.34747976224932 143.2719620782559
200.41141573918492 137.1549195257271
200.47535171612049 92.9665866246365
200.53928769305608 55.75198500900121
200.60322366999168 68.47009505676115
200.66715964692727 138.25814385052573
200.73109562386287 225.83056090635196
200.79503160079844 272.3444098541552
200.85896757773403 247.20930867278193
200.9229035546696 172.6772322807644
200.9868395316052 105.54883921474756
201.0507755085408 92.69201414123725
201.1147114854764 134.3932620480492
201.17864746241196 185.15888781066656
201.24258343934753 192.32631590569864
201.30651941628312 140.4633275403082
201.3704553932187 63.04461868205896
201.4343913701543 12.2536247512255
201.49832734708988 15.906566240201109
201.56226332402545 58.22802692843585
201.62619930096105 96.72000610213155
201.6901352778966 98.69187751525244
201.7540712548322 67.57140678755643
201.81800723176775 35.568345999910925
201.88194320870335 30.721364226819986
201.94587918563897 51.9526725754586
202.0098151625745 71.24722644304423
202.0737511395101 60.582404870425925
202.13768711644568 24.43697691029728
202.20162309338127 4.857709695294576
202.26555907031687 49.262028961244994
202.3294950472525 165.5981218085076
202.3934310241881 303.26876287572594
202.4573670011236 385.269704145293
202.5213029780592 367.87073881224205
202.5852389549948 275.78395114088227
202.6491749319304 183.47422468698213
202.71311090886596 156.28686467324587
202.77704688580155 203.18220881100612
202.84098286273715 279.2658116290788
202.90491883967272 327.47692961826533
202.9688548166083 318.47087418877413
203.03279079354388 255.82088836386657
203.09672677047948 160.988530844155
203.16066274741505 64.67199969733387
203.22459872435064 6.896035333966944
203.28853470128624 41.49329045201967
203.3524706782218 213.00310144965331
203.4164066551574 503.37391354302486
203.48034263209297 815.3272532119155
203.54427860902857 1013.0385110004836
203.6082145859641 993.8134637001228
203.67215056289973 764.8194136465575
203.73608653983527 449.1267569132584
203.80002251677087 195.44240948901927
203.8639584937065 85.32094979810172
203.92789447064203 105.05035938046346
203.99183044757763 177.56895495285667
204.0557664245132 223.81571638855385
204.1197024014488 208.18236292619827
204.1836383783844 143.9948993488725
204.24757435532 69.63585147974132
204.3115103322556 18.123260378335676
204.37544630919115 0.3000073082071471
204.43938228612677 6.187590229186834
204.5033182630623 17.272643181848284
204.5672542399979 20.706987851608915
204.63119021693353 16.106132467813563
204.69512619386907 11.180243548956215
204.75906217080464 11.596296014270434
204.82299814774024 15.251619724100376
204.88693412467583 16.161231452149245
204.9508701016114 12.86052378250796
205.01480607854697 12.062929161496388
205.07874205548256 22.950734214025328
205.14267803241816 48.20945573807112
205.20661400935373 81.8014773750185
205.27054998628927 113.93182828059714
205.3344859632249 137.2524812742476
205.3984219401605 149.3353208167725
205.46235791709609 149.60677632674793
205.52629389403168 135.85635615070444
205.59022987096725 106.74575870461408
205.65416584790285 67.52112119057585
205.7181018248384 31.187221076299263
205.782037801774 12.782101339084251
205.8459737787096 19.857004362771228
205.9099097556452 45.22292796539973
205.9738457325808 69.59907802055355
206.03778170951637 74.47847064955921
206.10171768645196 56.9542234997222
206.16565366338753 37.87544782043673
206.22958964032307 51.27422028575291
206.29352561725864 114.06549762087757
206.35746159419423 206.0557286123192
206.42139757112983 282.60822619518103
206.48533354806543 304.8626002532123
206.54926952500105 265.6791467386012
206.61320550193656 194.00185253908833
206.67714147887216 130.13958801675145
206.74107745580773 96.37189537222355
206.80501343274332 94.40351671949058
206.86894940967892 125.71834467149127
206.9328853866145 202.93349914144684
206.99682136355008 333.0060821558687
207.06075734048568 488.0243065184209
207.12469331742128 600.5404575881292
207.18862929435684 604.6531146330342
207.25256527129244 490.49920667000697
207.31650124822804 313.31518796994544
207.3804372251636 150.1864797331183
207.4443732020992 50.25057000552518
207.5083091790348 18.064144235204363
207.5722451559704 34.35946270249232
207.63618113290596 80.98608481671081
207.70011710984153 140.10684539416175
207.76405308677712 182.15908560479411
207.8279890637127 174.19392866036176
207.8919250406483 111.4716557678168
207.95586101758383 35.94941782478045
208.01979699451945 6.075025675037448
208.08373297145505 40.07920577724375
208.1476689483906 94.26583131616742
208.2116049253262 105.4390893218694
208.27554090226175 59.22260224697717
208.33947687919735 7.89886685758981
208.40341285613292 11.350436619896623
208.4673488330685 68.58390130907715
208.53128481000408 118.69313794361216
208.59522078693968 112.58828193063648
208.65915676387527 80.69507339551194
208.72309274081087 110.27482744487475
208.78702871774647 243.36334976736535
208.85096469468203 415.8505397520656
208.91490067161763 508.372888215593
208.9788366485532 451.8756972521788
209.0427726254888 292.0137290906281
209.1067086024244 150.26173815227915
209.17064457935996 110.76587328222368
209.23458055629555 152.86024582907208
209.29851653323112 194.09514235165557
209.36245251016672 179.40886890789392
209.4263884871023 122.46872947343776
209.49032446403788 73.02548035561348
209.55426044097348 60.88921576607024
209.61819641790905 78.51204733420781
209.68213239484464 105.3915689752352
209.7460683717802 130.4230098485134
209.8100043487158 148.14592133070215
209.87394032565135 149.76566610583004
209.93787630258697 132.68629273349606
210.00181227952257 118.14523197034453
210.0657482564581 141.1323005750448
210.12968423339373 204.4921459250357
210.19362021032927 254.2508980698313
210.25755618726487 224.03372756078812
210.3214921642005 113.4795062438584
210.3854281411361 18.700656174296174
210.44936411807163 59.98760673740446
210.5133000950072 259.3380271584183
210.5772360719428 498.0997300898418
210.6411720488784 606.2212159740914
210.705108025814 505.8942872238692
210.76904400274955 279.47016484729966
210.83297997968515 91.2095886888211
210.89691595662077 37.69783720645538
210.9608519335563 76.74945471416734
211.0247879104919 99.01329808091289
211.08872388742748 56.27664473759249
211.15265986436307 11.831730210064489
211.21659584129864 72.39498680400554
211.28053181823424 270.7881874041104
211.34446779516983 515.4018639690132
211.4084037721054 659.5837159704563
211.47233974904097 616.6955202672672
211.53627572597657 422.8385815112846
211.60021170291216 203.45763695690576
211.66414767984767 72.36663265972963
211.72808365678327 57.201275193540646
211.7920196337189 100.5256940718834
211.8559556106545 119.01378263750232
211.9198915875901 78.47166462922479
211.98382756452563 17.43378087540996
212.04776354146125 4.62528954336624
212.1116995183968 73.18434568991059
212.1756354953324 183.35859909603428
212.239571472268 255.5863840987462
212.3035074492036 235.372483797414
212.3674434261392 135.57062813091085
212.43137940307477 38.637955471122865
212.49531538001037 23.31773879890039
212.5592513569459 82.94583194288353
212.62318733388153 147.79935761355162
212.68712331081707 156.82716620652923
212.75105928775264 103.1334578506264
212.81499526468824 37.63009399785761
212.87893124162383 16.01946510857489
212.94286721855943 45.2738627387825
213.00680319549497 91.47499723328224
213.07073917243056 122.2410805629398
213.13467514936616 139.97604299471155
213.19861112630173 174.74486987193052
213.26254710323732 240.83124438147027
213.3264830801729 312.5054199150984
213.3904190571085 345.0933678610761
213.45435503404408 311.92943595562576
213.51829101097968 223.9206552888644
213.58222698791528 120.17549757088332
213.64616296485084 43.47735680673762
213.71009894178644 20.58557223436276
213.774034918722 54.32506626985752
213.8379708956576 127.18887051127686
213.9019068725932 211.88788740338745
213.9658428495288 282.0827456771325
214.0297788264644 320.21886704710846
214.09371480339996 319.74741452474285
214.15765078033553 281.3503097524245
214.22158675727107 210.50137364229727
214.2855227342067 121.18933851917724
214.34945871114223 40.88437565377614
214.41339468807783 5.491389530724375
214.47733066501343 38.18463096160153
214.54126664194905 127.91575101935648
214.6052026188846 232.289090009407
214.66913859582016 305.97443630791224
214.73307457275575 329.89901492260776
214.79701054969132 313.33392203420595
214.86094652662692 268.3075199172238
214.92488250356251 193.28927708067184
214.98881848049808 93.66985279649708
215.05275445743368 12.229895354598227
215.11669043436927 19.780920649892487
215.18062641130487 160.40837939087507
215.24456238824044 400.3269398891681
215.30849836517604 631.4530681741517
215.37243434211163 742.5894725414972
215.4363703190472 705.7418773755044
215.5003062959828 581.775724024658
215.5642422729184 442.8485419320078
215.62817824985396 316.10728046221334
215.69211422678953 194.56964666335844
215.75605020372512 82.27211062305476
215.81998618066072 23.696756069195676
215.8839221575963 68.7181457268401
215.94785813453188 202.40694192448527
216.01179411146745 333.49707961061193
216.07573008840305 363.6927740671461
216.1396660653386 268.6296667654467
216.2036020422742 117.6094969746596
216.2675380192098 15.28530951279376
216.33147399614535 16.625481425267573
216.39540997308097 92.28883647895226
216.4593459500165 170.23769820972066
216.5232819269521 199.5009525895588
216.58721790388768 178.08319988469017
216.65115388082327 140.31621791356423
216.71508985775887 124.76974254052156
216.7790258346945 146.9911779559046
216.8429618116301 192.16735652926192
216.9068977885656 225.8086479560684
216.9708337655012 216.70395969856057
217.0347697424368 159.25733972742592
217.0987057193724 80.62122390628488
217.162641696308 26.689780870593744
217.22657767324355 29.129240194664572
217.29051365017915 79.05195087656963
217.35444962711472 135.1893056147611
217.41838560405031 157.22174637956206
217.48232158098588 134.2145986750315
217.54625755792148 86.31216964183469
217.61019353485707 41.7967807871965
217.67412951179264 15.28653026779439
217.73806548872824 5.078064744978651
217.8020014656638 3.167839032526166
217.8659374425994 3.888087735018884
217.92987341953497 5.468913083041783
217.99380939647057 7.792167204914596
218.05774537340616 10.382461875985172
218.12168135034173 11.371124049103972
218.18561732727727 8.339416842334705
218.24955330421287 2.601136559000384
218.3134892811485 3.3379366959391286
218.37742525808403 23.09890693126464
218.44136123501963 62.89411810011582
218.50529721195525 101.86130212257248
218.5692331888908 109.85901162825076
218.6331691658264 76.42965774326794
218.697105142762 27.52768447371515
218.7610411196976 8.281791943537918
218.82497709663315 40.75186096017553
218.88891307356877 99.8633724966192
218.95284905050437 136.95561815328367
219.0167850274399 124.73960114022964
219.08072100437553 77.84213962953719
219.14465698131107 32.02517827189926
219.20859295824664 7.876996760185339
219.27252893518224 2.1544834189616915
219.33646491211783 10.1360496212104
219.40040088905343 39.031542193345
219.46433686598897 90.65054400686617
219.52827284292457 140.12266073007777
219.59220881986016 148.74127329812916
219.65614479679573 106.62899777931116
219.72008077373127 56.606934880610645
219.7840167506669 58.19269982287921
219.8479527276025 118.7105401750578
219.9118887045381 175.40814012621667
219.97582468147368 162.08630980912406
220.03976065840925 87.40270517250612
220.10369663534485 35.721746726338566
220.1676326122804 87.91467963495155
220.231568589216 239.6016565567852
220.2955045661516 396.9465876928132
220.3594405430872 457.67213210449165
220.4233765200228 395.9924004165601
220.48731249695837 267.5203967665644
220.55124847389396 146.5140977494392
220.61518445082953 70.97225846596533
220.67912042776507 37.231185127204206
220.74305640470067 26.082321366502743
220.80699238163623 22.72899706271963
220.87092835857183 18.185950242448666
220.93486433550743 8.368535073859304
220.99880031244305 0.13630574351545324
221.06273628937856 9.773113575349544
221.12667226631416 44.09519906747638
221.19060824324976 86.52676540519644
221.25454422018532 116.39400914505576
221.31848019712092 144.35446684937736
221.3824161740565 212.30877735055896
221.44635215099208 345.4092834561494
221.51028812792768 501.05183357045195
221.57422410486328 572.8421001351979
221.63816008179887 480.63279039199296
221.70209605873444 272.4365821402283
221.76603203567004 97.58137102823468
221.8299680126056 66.19998264735139
221.8939039895412 155.17294073836484
221.9578399664768 238.4941679185027
222.0217759434124 209.52278245172985
222.085711920348 89.88979133316037
222.14964789728353 3.445015644498973
222.21358387421913 41.16554206596263
222.2775198511547 172.17212739341568
222.3414558280903 281.82542638127467
222.40539180502583 282.8341496376444
222.46932778196145 187.13153538652583
222.53326375889705 75.18883089523389
222.5971997358326 11.73743925634216
222.6611357127682 0.9584674682059352
222.72507168970375 10.994825038525164
222.78900766663935 19.527338993679734
222.85294364357492 24.449058732011693
222.9168796205105 24.411784171270455
222.9808155974461 12.806976113895155
223.04475157438168 0.17613708407367923
223.10868755131727 29.81191689511896
223.17262352825287 145.45600115322847
223.23655950518847 335.5996257007148
223.30049548212403 517.3406878082615
223.36443145905963 581.382030351012
223.4283674359952 477.35764102256513
223.4923034129308 269.2928854343796
223.5562393898664 84.63553663887551
223.62017536680196 7.314723171644929
223.68411134373756 28.587235586801416
223.74804732067312 77.93702763058533
223.81198329760872 92.16620951509267
223.87591927454432 62.57332797638344
223.93985525147988 21.85417245467736
224.00379122841548 1.2403127630967516
224.06772720535105 6.38538362555528
224.13166318228664 23.53141929866348
224.1955991592222 40.00787679789136
224.2595351361578 55.446731708580266
224.3234711130934 77.84671344017336
224.38740709002897 116.24414219052657
224.45134306696457 174.59059386828474
224.5152790439001 242.97310748995503
224.57921502083573 290.78341637310484
224.64315099777127 277.5371430052605
224.70708697470687 188.68082620475633
224.7710229516425 68.79851558348611
224.8349589285781 5.6209929700528605
224.89889490551363 63.817975421903895
224.9628308824492 221.5071652981563
225.0267668593848 368.4609902562594
225.0907028363204 390.2628380493524
225.154638813256 270.756740528914
225.2185747901916 103.09148616463366
225.28251076712715 6.342542818844248
225.34644674406275 31.151682139432655
225.4103827209983 124.99785210205368
225.4743186979339 187.02920582071093
225.53825467486948 163.41748207014956
225.60219065180507 85.42295900087582
225.66612662874067 23.814482122141047
225.73006260567624 18.963390525425435
225.79399858261183 52.47087125802323
225.8579345595474 77.764122433202
225.92187053648297 69.08489641233149
225.98580651341857 38.90445187991352
226.04974249035416 16.891202173619202
226.11367846728973 19.1802087478295
226.17761444422527 37.11728720808642
226.24155042116087 50.69099601982279
226.3054863980965 47.55867915853823
226.3694223750321 30.351032604415167
226.43335835196763 12.258293392940388
226.49729432890325 8.538189924338734
226.56123030583885 29.736289778295244
226.6251662827744 77.75785708642783
226.68910225971 144.89160794675547
226.7530382366456 216.31298274541473
226.8169742135812 272.6362454518607
226.88091019051677 293.94782403222854
226.94484616745237 270.1569861145185
227.00878214438796 208.86413116204767
227.07271812132353 132.43990380323723
227.13665409825913 69.67246303148423
227.20059007519464 44.08876720268746
227.26452605213024 59.12625653885654
227.32846202906583 92.69684897174979
227.39239800600143 111.75375492347052
227.45633398293705 95.79662754041648
227.52026995987256 51.26569755208968
227.58420593680816 9.197520196104472
227.64814191374373 4.9038342367413295
227.71207789067932 49.48352506244449
227.7760138676149 115.9323301607168
227.8399498445505 154.62223581658034
227.90388582148609 135.17923586368812
227.96782179842168 85.2310035935083
228.03175777535728 78.81551850802238
228.09569375229285 170.37201568109896
228.15962972922844 330.7606851724287
228.223565706164 450.66787081660885
228.2875016830996 428.6146008811986
228.3514376600352 269.3862433494268
228.4153736369708 89.95207167702206
228.4793096139064 22.76774351832461
228.54324559084196 100.23569616304506
228.60718156777756 226.69338851642596
228.67111754471307 276.91752805853986
228.73505352164867 217.6575889548564
228.7989894985843 119.45024621754122
228.86292547551983 65.26401395871927
228.92686145245543 65.35299620621186
228.99079742939105 65.95520788822832
229.0547334063266 38.515582960864414
229.11866938326216 35.974350071781224
229.18260536019775 138.03644279384773
229.24654133713335 347.4940998295269
229.31047731406892 558.0629011805014
229.37441329100452 639.0190703040801
229.43834926794008 557.8335213956249
229.50228524487568 408.2896920632954
229.56622122181128 310.8852578970441
229.63015719874687 299.7630620048168
229.69409317568244 313.24146961814614
229.75802915261804 276.85047545406417
229.82196512955363 181.75702601899775
229.8859011064892 84.30612651570127
229.9498370834248 36.5356337095963
230.0137730603604 32.12639563277282
230.077709037296 29.216253674432146
230.14164501423153 11.359962528544004
230.20558099116712 9.78719807878904
230.26951696810272 64.84823932888715
230.3334529450383 173.36004415622435
230.39738892197389 282.8378576255409
230.46132489890945 334.82200698523314
230.52526087584505 307.46304481283306
230.5891968527806 224.59054588964727
230.6531328297162 132.90055489420007
230.7170688066518 67.68849473045825
230.78100478358735 37.250556806609325
230.84494076052297 34.462640853324494
230.9088767374585 53.59460184958819
230.9728127143941 94.19445492392344
231.03674869132968 154.7048511330194
231.10068466826527 224.84499151498449
231.16462064520087 282.0624144395045
231.22855662213647 297.66098942378403
231.2924925990721 256.27102252876733
231.35642857600763 176.1254572605485
231.4203645529432 106.0086749497918
231.4843005298788 93.56547540103053
231.5482365068144 146.7779768915936
231.61217248375 220.74342917629085
231.67610846068555 249.80303768387904
231.74004443762115 202.1508875906677
231.80398041455672 105.13964059411856
231.86791639149232 22.758816138705978
231.93185236842788 9.28460687450472
231.99578834536348 72.35053701817245
232.05972432229908 172.42087817303667
232.12366029923464 255.7685202785824
232.18759627617024 286.1797332818191
232.2515322531058 256.34525191824423
232.3154682300414 185.69936924888765
232.37940420697697 107.11245577966721
232.44334018391257 46.86446645036976
232.50727616084816 13.710341004558236
232.57121213778373 2.0540045997055727
232.63514811471927 1.2214969152069204
232.69908409165487 3.6476780682461345
232.7630200685905 7.721338652447233
232.8269560455261 15.118829026597695
232.89089202246163 27.830596436122
232.95482799939725 48.0262057036856
233.0187639763328 77.35656101385278
233.0826999532684 113.81888983483402
233.146635930204 150.1376042824934
233.2105719071396 177.86021514840166
233.27450788407515 196.43778312368505
233.33844386101077 217.77853097455645
233.40237983794637 253.11191334825028
233.4663158148819 292.27218287497294
233.53025179181753 310.54469365990894
233.59418776875307 302.2025141620358
233.65812374568864 298.9759307264315
233.72205972262424 357.1317820129176
233.78599569955983 511.53414526889543
233.84993167649543 715.5333972352079
233.91386765343097 845.0595392576331
233.97780363036657 792.8416778226908
234.04173960730216 563.3236115831261
234.10567558423773 283.3576723917938
234.16961156117327 115.96854864690324
234.2335475381089 137.8251062017626
234.2974835150445 282.2299518604986
234.3614194919801 397.4472257662837
234.42535546891568 373.0731230128658
234.48929144585125 223.8335377636496
234.55322742278685 62.03947505932478
234.6171633997224 1.4588100840270088
234.681099376658 72.18788166077246
234.7450353535936 206.2493564141417
234.8089713305292 306.3569994405804
234.8729073074648 323.4313704987061
234.93684328440037 272.45828440521643
235.00077926133596 199.68142536877065
235.06471523827153 140.87030452863587
235.12865121520707 101.47126433361498
235.19258719214267 71.19148389937841
235.25652316907824 50.09335985692724
235.32045914601383 52.85561105432422
235.38439512294943 89.11867575433297
235.44833109988505 147.67923004515873
235.51226707682056 199.549078531932
235.57620305375616 213.82709813092487
235.64013903069176 179.68754480650043
235.70407500762732 116.57310820274088
235.76801098456292 57.4645566981735
235.8319469614985 22.93005716588865
235.89588293843408 12.171779562428524
235.95981891536968 12.911342696388559
236.02375489230528 16.363949698841807
236.08769086924087 23.51299116739632
236.15162684617644 39.74240370302274
236.21556282311204 65.94775182534437
236.2794988000476 94.01625254487288
236.3434347769832 108.57680858097456
236.4073707539188 96.8051418942813
236.4713067308544 62.24127880176096
236.53524270779 26.27407727396988
236.59917868472553 14.643012306761808
236.66311466166113 42.180734227215645
236.7270506385967 98.95980080088978
236.7909866155323 149.8843850845164
236.85492259246783 160.3667633603451
236.91885856940343 125.11585673841773
236.98279454633905 76.49221865790702
237.0467305232746 66.71883513985615
237.1106665002102 124.57349200266678
237.17460247714575 223.2280915938724
237.23853845408135 296.7253031913584
237.30247443101692 288.9572321964817
237.36641040795251 200.5241123352164
237.4303463848881 95.6210711159245
237.49428236182368 49.50537915724925
237.55821833875927 84.77525046983854
237.62215431569487 156.68220841733702
237.68609029263047 193.7724488732706
237.75002626956604 159.34881722799383
237.81396224650163 79.92423187580833
237.8778982234372 15.680472898515324
237.9418342003728 5.604536058351457
238.0057701773084 37.571110360477356
238.06970615424396 68.93624085163397
238.13364213117956 73.31940213545657
238.19757810811512 62.85925059719754
238.26151408505072 69.31658405902499
238.32545006198632 107.8848644101214
238.38938603892188 159.78466522792033
238.45332201585748 191.19713979444316
238.51725799279305 185.27853863063328
238.58119396972864 152.4812025281099
238.6451299466642 113.00720724585241
238.7090659235998 75.93558491173043
238.7730019005354 41.767561702320165
238.83693787747097 22.645788889081256
238.90087385440657 49.06454080438791
238.9648098313421 145.8878156352974
239.02874580827773 297.05538060245084
239.09268178521327 438.70726513649765
239.15661776214887 495.2867706285805
239.2205537390845 437.30288393491594
239.2844897160201 318.32279851691834
239.34842569295563 243.08183906735144
239.4123616698912 281.13909643005974
239.4762976468268 410.3934288537468
239.5402336237624 534.9332492289076
239.604169600698 553.5057287873079
239.6681055776336 434.85543539589594
239.73204155456915 244.2818501332393
239.79597753150475 95.72430856826797
239.85991350844031 68.60486039304475
239.9238494853759 154.87608870156225
239.98778546231148 276.47763199963134
240.05172143924707 350.3500547451072
240.11565741618267 339.42457907997607
240.17959339311824 262.6344455882776
240.24352937005384 170.4433919258838
240.3074653469894 104.55909147770346
240.37140132392497 78.63722942592561
240.43533730086057 86.03317640315558
240.49927327779616 107.46175654249848
240.56320925473173 117.33149922519456
240.62714523166727 97.28857063417176
240.69108120860287 52.431598074575405
240.7550171855385 21.87802199805101
240.8189531624741 61.89242338031356
240.88288913940963 198.95033020875215
240.94682511634525 391.0224268413016
241.01076109328085 537.0708325673381
241.0746970702164 543.6059152543256
241.138633047152 398.9870769476456
241.2025690240876 187.03237617709172
241.2665050010232 31.34567079710797
241.33044097795877 11.780945614552042
241.39437695489437 114.93587995100071
241.45831293182997 258.8570058110427
241.52224890876553 357.3618032800141
241.58618488570113 370.580755248112
241.65012086263664 316.56927511364694
241.71405683957224 238.8606748413896
241.77799281650783 168.09319730923193
241.84192879344343 112.71028741379376
241.90586477037905 66.08565493729213
241.96980074731457 24.21741757293788
242.03373672425016 6.503449176163988
242.09767270118573 52.75316979380199
242.16160867812133 196.2420424894017
242.2255446550569 432.06777205338767
242.2894806319925 698.502694146795
242.3534166089281 890.5563924199504
242.41735258586368 914.3273780000536
242.48128856279928 755.659396389318
242.54522453973485 496.7174270034716
242.60916051667044 252.4156505470356
242.673096493606 96.2538983990983
242.7370324705416 36.857778382657074
242.8009684474772 34.64706019721587
242.8649044244128 40.2348872667035
242.9288404013484 32.19902262625708
242.99277637828396 22.60297214038244
243.05671235521956 33.21358779544873
243.12064833215507 70.47708774612373
243.18458430909067 118.0056592476018
243.2485202860263 149.8025696157214
243.31245626296183 149.73819221613735
243.37639223989743 120.23975179082004
243.44032821683305 78.68531812332756
243.5042641937686 47.05251082988106
243.56820017070416 39.37175695775912
243.63213614763976 53.20422102059621
243.69607212457535 72.62449524145748
243.76000810151092 84.43096507205289
243.82394407844652 96.28590391837552
243.88788005538208 139.3165583707414
243.95181603231768 248.90264202417464
244.01575200925328 432.4982080164687
244.07968798618887 643.6106671850049
244.14362396312447 787.3140704357579
244.20755994006004 771.5808405489366
244.27149591699563 580.2667735954319
244.3354318939312 303.536461624231
244.3993678708668 86.26740328953731
244.4633038478024 35.044952780458594
244.527239824738 153.0511599311256
244.59117580167356 340.08839565185514
244.65511177860913 461.11452766608704
244.71904775554472 440.12725266397496
244.7829837324803 302.0554874516401
244.8469197094159 135.87711641684317
244.91085568635145 26.191408709881166
244.97479166328705 4.78658186307563
245.03872764022265 45.163942773875846
245.1026636171582 95.45308654292631
245.1665995940938 118.90270070096933
245.23053557102935 113.61983031680433
245.29447154796495 102.08961676574673
245.3584075249005 103.06996982140124
245.4223435018361 116.81985375527788
245.4862794787717 134.66940185323415
245.55021545570727 151.82534409357743
245.61415143264287 170.6323897560177
245.67808740957847 194.02070701402323
245.7420233865141 210.43567675722352
245.80595936344963 193.76970950164227
245.8698953403852 132.58606710064473
245.9338313173208 52.64688968250747
245.9977672942564 3.306628305232647
246.061703271192 20.528442522336128
246.12563924812756 94.70796276933581
246.18957522506315 177.0176521623272
246.25351120199872 223.49059613406715
246.31744717893432 225.8503444406657
246.3813831558699 200.24368633022848
246.44531913280548 156.57695125717277
246.50925510974108 92.93154328370696
246.57319108667664 28.413450386103605
246.63712706361224 25.71176367799911
246.7010630405478 155.21464961126424
246.7649990174834 418.1981774305772
246.828934994419 706.2606900118906
246.89287097135457 859.7943577937776
246.95680694829016 786.5386440886577
247.02074292522573 534.1269972489335
247.08467890216127 250.71104178561433
247.14861487909687 66.70519366023045
247.2125508560325 9.426935498986019
247.2764868329681 19.544067624852747
247.34042280990363 28.883558598132915
247.40435878683925 17.682236984819394
247.4682947637748 6.351045848708262
247.5322307407104 11.21201166890624
247.596166717646 23.01744010660357
247.6601026945816 23.33629284884116
247.7240386715172 10.286120202566014
247.78797464845275 0.6280654479055935
247.85191062538837 8.925497170075488
247.9158466023239 32.71308357912255
247.9797825792595 57.19509390480896
248.04371855619507 68.7033922684678
248.10765453313067 63.09440694855236
248.17159051006624 48.87415426716732
248.23552648700183 49.54729891305215
248.29946246393743 96.37268261323167
248.36339844087297 203.58824752003153
248.42733441780857 344.76204341439814
248.49127039474416 456.0559944603785
248.55520637167973 464.6819207505927
248.61914234861533 344.0766106632197
248.68307832555087 167.8669858800208
248.7470143024865 65.27184671890541
248.8109502794221 95.9895848628421
248.87488625635768 209.81179203560308
248.93882223329325 304.79588865035856
249.00275821022885 296.245537309504
249.06669418716444 192.1028426138361
249.1306301641 96.61496857392505
249.1945661410356 95.57688803321808
249.2585021179712 180.24139571696128
249.3224380949068 281.8827617893389
249.38637407184237 328.485211633859
249.45031004877796 302.59139619277806
249.51424602571356 260.4136125355833
249.57818200264913 261.2186970814066
249.64211797958467 308.3426169552524
249.70605395652024 368.01170454282266
249.76998993345583 402.456149448558
249.83392591039143 395.3434999223772
249.89786188732705 359.99691352824453
249.96179786426265 311.16077319114305
250.02573384119816 248.6502282613104
250.08966981813376 176.34151139464913
250.15360579506932 115.0011970048384
250.21754177200492 90.73764310926785
250.2814777489405 111.40099437266512
250.34541372587609 156.38420818267335
250.40934970281168 200.81321429874916
250.47328567974728 242.15094017430815
250.53722165668287 290.0847407839435
250.60115763361844 343.2118199134832
250.66509361055404 381.2012986643588
250.7290295874896 372.20312633019455
250.7929655644252 302.53573934353767
250.8569015413608 201.73888718212163
250.9208375182964 117.5771666065824
250.984773495232 75.29008977626347
251.04870947216756 67.19198135979194
251.11264544910313 66.64116643416781
251.17658142603867 54.82441660996396
251.2405174029743 34.14583592289909
251.3044533799099 15.143725081944671
251.36838935684543 8.00551313211119
251.43232533378105 27.237279576480972
251.4962613107166 90.37837940335059
251.5601972876522 200.58459576766012
251.62413326458775 325.46925457152867
251.68806924152335 408.4148512468937
251.75200521845895 406.8819881585803
251.81594119539452 319.9565973482583
251.8798771723301 192.980017914089
251.94381314926568 86.4356574509257
252.00774912620128 28.50959800441362
252.07168510313687 8.137534940256973
252.13562108007247 4.446376756489527
252.1995570570081 7.978530943458956
252.26349303394363 19.117706442393672
252.3274290108792 38.13006678321839
252.3913649878148 64.62044536919694
252.4553009647504 101.6809206903844
252.519236941686 153.15007483168534
252.58317291862156 211.16556462061527
252.64710889555715 246.6460105629176
252.71104487249272 228.2837792036948
252.77498084942832 157.3181193162528
252.83891682636389 73.70142938550542
252.90285280329948 24.01212850926279
252.96678878023505 23.998617644578847
253.03072475717065 51.92592390486839
253.09466073410624 76.12298615154681
253.1585967110418 85.4078253531803
253.2225326879774 90.52524906820956
253.28646866491297 100.70984393984023
253.35040464184857 109.45967277368204
253.4143406187841 104.28057613971257
253.47827659571973 83.35203207178282
253.54221257265533 58.697632450701406
253.60614854959087 42.78203451710448
253.67008452652647 37.19263749079164
253.7340205034621 36.62239147051613
253.79795648039763 38.843121832225286
253.8618924573332 47.97133730213309
253.9258284342688 69.62402167094469
253.9897644112044 105.63386986221548
254.05370038814 152.54857095361157
254.1176363650756 200.07891147370333
254.18157234201115 227.30242318526348
254.24550831894675 209.85940254568408
254.30944429588232 146.98622605545555
254.3733802728179 76.56297057077836
254.4373162497535 49.65020770218575
254.50125222668908 85.01072852898373
254.56518820362467 144.3133309806138
254.62912418056024 162.36374401573414
254.69306015749584 114.45528580200975
254.7569961344314 48.47151328045109
254.820932111367 43.55481956795226
254.88486808830257 129.99244992394196
254.94880406523816 251.71269262467223
255.01274004217376 318.1862792152053
255.07667601910927 286.1737629239156
255.14061199604487 187.4265650268713
255.2045479729805 88.88490145545295
255.2684839499161 32.387858439228786
255.33241992685168 15.177291424498373
255.39635590378725 20.135053155552516
255.46029188072285 42.57276221319822
255.5242278576584 78.29733097059048
255.588163834594 102.7049991680688
255.6520998115296 87.52264491660148
255.7160357884652 42.82465590201723
255.7799717654008 27.034285708107706
255.84390774233637 95.55986060485208
255.90784371927197 228.52904420307243
255.97177969620753 328.36320484553204
256.0357156731431 309.72800597563224
256.0996516500786 186.0812018169602
256.1635876270143 65.27254014792177
256.22752360394986 55.07873791608585
256.2914595808855 162.0714381654117
256.35539555782105 288.67932744231206
256.4193315347566 328.425604082398
256.48326751169213 259.6890167273041
256.5472034886278 156.03381242966447
256.6111394655634 108.9629273975435
256.6750754424989 144.01661306416932
256.7390114194346 210.7498119860906
256.80294739637014 239.19696002548577
256.86688337330565 202.22783168500837
256.9308193502413 128.10894800756813
256.9947553271769 61.60239494561266
257.0586913041125 25.188912803502056
257.12262728104804 12.877330760958996
257.18656325798366 9.926445210060583
257.25049923491923 15.824909449280987
257.3144352118548 45.16232330184519
257.3783711887904 103.88991222601769
257.442307165726 169.90377971820106
257.5062431426616 201.72104751638088
257.5701791195971 169.21030707306377
257.63411509653275 86.5177190179485
257.6980510734683 14.15811782807517
257.7619870504039 11.223582028004495
257.82592302733946 83.33692073323391
257.8898590042751 177.44739835437275
257.95379498121065 224.46190165564528
258.0177309581462 198.36767423590328
258.08166693508184 132.749355728441
258.1456029120174 77.43656557450487
258.209538888953 52.31800111843324
258.27347486588855 41.20968536815057
258.33741084282417 24.05944750564036
258.40134681975974 9.298295492027686
258.4652827966953 23.9164245656578
258.52921877363093 76.14352089746248
258.5931547505665 136.4651301029856
258.65709072750207 160.6999408587162
258.72102670443763 133.54020707668383
258.78496268137326 79.34824210343565
258.8488986583088 33.87421894697659
258.9128346352444 14.70951391937596
258.97677061218 13.913625778887447
259.0407065891156 16.598865395390593
259.10464256605115 21.399102011974104
259.1685785429867 35.29499723592364
259.23251451992235 58.06479933484295
259.2964504968579 77.80007596777546
259.3603864737935 80.4244507976599
259.4243224507291 65.63464181639445
259.4882584276647 46.759125534206696
259.55219440460024 34.147348629992855
259.6161303815358 29.272743910862417
259.68006635847144 32.57469077395314
259.744002335407 48.46996894504078
259.80793831234257 79.3304256859975
259.87187428927814 115.35949138125092
259.93581026621376 137.25577153350187
259.99974624314933 130.60986520924175
260.0636822200849 96.92373513939685
260.12761819702047 53.53910342278825
260.1915541739561 21.63428191863003
260.25549015089166 11.463046582911865
260.3194261278273 19.59251868755228
260.38336210476285 36.98919380093815
260.4472980816984 55.18861738510041
260.511234058634 66.03276271499455
260.5751700355696 61.8330952251244
260.6391060125052 41.19239384971112
260.70304198944075 14.585875320269352
260.7669779663764 0.34935275268185745
260.83091394331194 11.708196917160988
260.8948499202475 46.57075517910307
260.9587858971831 89.51710577061152
261.0227218741187 122.52845560051144
261.0866578510542 134.09950583092197
261.15059382798984 123.07400644458583
261.21452980492546 99.14789676702836
261.27846578186103 77.74059321948194
261.34240175879654 68.11573519601666
261.40633773573217 65.04636864682841
261.47027371266773 55.653636886749055
261.5342096896033 36.81892353607783
261.59814566653887 26.624186072351048
261.6620816434745 53.66888364704534
261.72601762041006 122.5002746839084
261.7899535973457 191.4308573377988
261.85388957428125 201.24822468651445
261.9178255512169 133.81245640516147
261.98176152815245 43.60721865493056
262.045697505088 22.479325315366744
262.10963348202364 117.07858940705736
262.1735694589592 278.0102270984133
262.2375054358948 393.1947084519813
262.30144141283034 379.96012293534886
262.365377389766 254.2640360516542
262.42931336670154 107.2871994611792
262.4932493436371 21.52539533738673
262.5571853205727 15.22241510362748
262.6211212975083 51.608791548988336
262.68505727444386 85.21389864131025
262.74899325137943 94.49258385555972
262.81292922831506 81.33349777223766
262.8768652052506 57.25889915125787
262.94080118218614 34.888043851370554
263.0047371591218 28.461593913580288
263.0686731360574 47.91588987627095
263.1326091129929 83.09023349964497
263.19654508992846 106.81962215349336
263.26048106686414 103.44886942928903
263.32441704379966 88.63144260941604
263.3883530207353 92.40162896941072
263.4522889976709 120.75535439476091
263.5162249746065 140.95013432818547
263.58016095154204 114.79174661445715
263.6440969284776 50.7381109663708
263.70803290541323 9.678308613200889
263.7719688823488 45.23428259143304
263.8359048592844 143.64339720214483
263.89984083622 229.6772951521889
263.9637768131556 235.9942253406487
264.02771279009113 166.7488263908596
264.0916487670267 86.4531506280171
264.1555847439623 49.91663747534479
264.2195207208979 53.580428806741374
264.28345669783346 57.90635568267262
264.3473926747691 44.99567387182272
264.41132865170465 37.34877089334525
264.4752646286402 61.50585195598849
264.5392006055758 105.93114224155131
264.6031365825114 127.24352544878532
264.667072559447 100.82265411875296
264.73100853638255 49.02194157937103
264.79494451331817 13.091317119094011
264.85888049025374 8.13938764480336
264.9228164671893 13.974698401055102
264.9867524441249 13.444208496466988
265.0506884210605 27.951571156079797
265.11462439799607 97.92480203345208
265.17856037493164 226.705575037523
265.24249635186726 353.0970653972765
265.3064323288028 394.68779174337817
265.3703683057384 324.5823511405855
265.434304282674 197.9992770002042
265.4982402596096 102.45208674016402
265.56217623654516 84.24642900710268
265.6261122134807 120.60038470378409
265.69004819041635 154.43747161860347
265.7539841673519 146.25313147884955
265.8179201442875 98.55519800998896
265.88185612122305 42.4087245939091
265.9457920981587 7.720382075152004
266.00972807509424 12.660421825569944
266.0736640520298 66.7569452953476
266.13760002896544 161.97282043774135
266.201536005901 262.83561080236166
266.2654719828366 317.41345867793245
266.32940795977214 291.3569004290833
266.39334393670777 200.99787468835572
266.45727991364333 109.82787831976685
266.5212158905789 84.01900485010998
266.58515186751447 138.2255189635127
266.6490878444501 223.1401419446317
266.71302382138566 276.7270097169463
266.7769597983212 278.33287816924604
266.84089577525685 248.75585068926537
266.9048317521924 218.08689722273803
266.968767729128 196.45416802229224
267.0327037060636 170.54974960100463
267.0966396829992 130.85438462345184
267.16057565993475 92.91665597627181
267.2245116368703 83.58420295817034
267.28844761380594 110.49870843617337
267.3523835907415 150.076432562056
267.4163195676771 167.30234793279288
267.4802555446127 146.5724141324033
267.54419152154827 103.5350615645786
267.60812749848384 68.41658062969772
267.6720634754194 59.09403926794143
267.73599945235503 71.41889212975535
267.79993542929054 90.00801178083856
267.86387140622617 101.89454109055139
267.92780738316173 102.0149391353367
267.9917433600973 90.13457660998768
268.05567933703287 67.15238742027432
268.1196153139685 37.65369314248888
268.18355129090406 11.971926951287056
268.2474872678397 0.8847294785005123
268.31142324477526 8.225358634492668
268.3753592217109 28.854069292150594
268.43929519864645 53.59869787143715
268.503231175582 76.0473344931431
268.5671671525176 94.72322753904167
268.6311031294532 111.31684068063822
268.6950391063888 128.4207765414776
268.75897508332434 148.68017332110833
268.82291106026 175.23231682962128
268.88684703719554 207.5289696337252
268.9507830141311 236.22424930398728
269.0147189910667 250.87720353577265
269.0786549680023 251.7707009748625
269.14259094493787 247.96350700291185
269.20652692187343 249.33927671482516
269.27046289880906 262.1210628167635
269.3343988757446 281.7406851855671
269.39833485268014 287.54940646507674
269.46227082961576 253.61072143041196
269.5262068065514 172.90163667854176
269.5901427834869 73.40188587957662
269.65407876042246 8.342419460174602
269.71801473735815 25.47570515371387
269.78195071429366 130.79512939320196
269.8458866912293 267.20076942135825
269.90982266816485 341.8158663336708
269.9737586451005 298.69995011785994
270.03769462203604 168.2020669444588
270.1016305989716 46.746470984007686
270.16556657590723 25.18349896493572
270.2295025528428 116.5112849281768
270.2934385297784 245.41350615858573
270.35737450671394 312.93017029421696
270.4213104836496 275.10100942727325
270.4852464605852 168.79238270180937
270.5491824375207 66.7757118185027
270.6131184144563 12.894819822640008
270.6770543913919 2.43719500297024
270.74099036832746 9.057343523289848
270.804926345263 16.180678326000574
270.86886232219865 22.75335357781285
270.9327982991342 28.690341094444527
270.9967342760698 29.10506469082341
271.0606702530054 25.263771729352772
271.124606229941 31.528039156999508
271.18854220687655 62.37197209297605
271.25247818381206 111.39835560351298
271.31641416074774 153.02007568449812
271.3803501376833 171.7405077448458
271.4442861146189 182.52119643577737
271.5082220915545 212.1552941601648
271.57215806849007 262.1953532289029
271.63609404542564 297.567362083004
271.7000300223612 274.52242960303874
271.7639659992968 185.82077272993
271.8279019762324 77.51910331998344
271.891837953168 10.216455172093
271.9557739301036 5.593364614611212
272.01970990703916 33.787519772208086
272.0836458839747 48.052834209248395
272.1475818609103 32.85652172659093
272.2115178378459 16.549530651573395
272.2754538147815 36.963735652380805
272.33938979171705 101.67471290651804
272.4033257686527 180.3189100834336
272.46726174558825 230.00225783840935
272.5311977225238 227.43421263438617
272.5951336994594 179.58913544778346
272.659069676395 112.4137604934498
272.7230056533306 52.68997495735073
272.78694163026614 14.723796562867012
272.85087760720177 0.34784786755032354
272.91481358413733 6.362818514392393
272.9787495610729 27.61133660198241
273.04268553800847 56.12723214717084
273.1066215149441 81.23321736671384
273.17055749187966 92.1963964738166
273.23449346881523 84.89298289498755
273.29842944575086 67.39614155531667
273.3623654226864 55.24441690916917
273.426301399622 59.46057429721707
273.49023737655756 78.40197981091748
273.5541733534932 98.09061049689667
273.61810933042875 103.09975834136333
273.6820453073643 92.71546928887783
273.74598128429994 85.65690121349667
273.8099172612355 106.4139416425215
273.8738532381711 164.13009166336803
273.93778921510665 240.9760008171749
274.0017251920423 300.04248391010316
274.06566116897784 307.20746988400646
274.1295971459134 254.18136204720383
274.19353312284903 169.16787339750059
274.2574690997846 104.37740710966013
274.32140507672017 102.92281010647208
274.38534105365574 166.09723456366228
274.44927703059136 248.2799664778204
274.5132130075269 285.61094236591487
274.5771489844625 241.37368539573623
274.64108496139806 137.20402983451885
274.7050209383337 37.77838646631844
274.76895691526926 0.9811843806998685
274.8328928922048 40.28149014565902
274.89682886914045 123.14172826406372
274.960764846076 202.2041832933085
275.0247008230116 249.41358847520053
275.0886367999472 265.71234377369365
275.1525727768828 272.11943852588223
275.21650875381835 294.23696121993265
275.2804447307539 344.8514269602959
275.34438070768954 412.47678964838633
275.4083166846251 462.3927410168598
275.4722526615607 451.9098396743765
275.5361886384963 361.2629717176112
275.60012461543187 219.661671643062
275.66406059236743 91.38005860077048
275.727996569303 34.57748663217704
275.7919325462386 62.337531310920475
275.85586852317414 129.332880868902
275.91980450010976 173.19806460905698
275.9837404770454 166.2607560241401
276.0476764539809 128.53047045506327
276.11161243091647 111.90910064958688
276.1755484078521 147.61928268693723
276.23948438478766 210.1426111966404
276.3034203617233 249.29541875249993
276.36735633865885 229.0024657383508
276.4312923155945 151.3276309021852
276.49522829253004 62.15544299111961
276.5591642694656 8.968413933014201
276.6231002464012 1.748521111265647
276.6870362233368 19.226128873296098
276.7509722002724 36.5056189162074
276.81490817720794 48.4099749979788
276.8788441541436 69.34535584388891
276.94278013107913 102.77713787965097
277.0067161080147 119.07024520575408
277.07065208495027 87.9969311886595
277.1345880618859 28.249796628515764
277.19852403882146 9.595023287323139
277.26246001575703 98.30704213418362
277.32639599269265 282.4602923109287
277.3903319696282 448.58152157266414
277.45426794656373 466.58946750389833
277.5182039234993 331.3845886761058
277.582139900435 188.0884645624402
277.6460758773705 190.5562316930097
277.71001185430606 359.3331608409572
277.77394783124174 545.3844878321169
277.83788380817725 553.3523108591037
277.9018197851129 349.99750949955313
277.96575576204845 101.91385759413544
278.02969173898407 20.813006892523948
278.09362771591964 171.54678519338574
278.1575636928552 395.1298714244198
278.22149966979083 480.5827977665493
278.2854356467264 367.34329494775056
278.349371623662 165.60888219173071
278.41330760059753 47.67488082615057
278.47724357753316 73.5443667360816
278.5411795544687 144.5466719943932
278.6051155314043 145.8261829287306
278.6690515083399 66.63758519681113
278.7329874852755 3.0306051673422645
278.79692346221105 45.78077472189945
278.8608594391466 179.5795807409675
278.92479541608225 311.56581443403746
278.9887313930178 361.2780545226478
279.0526673699534 336.9706351269484
279.116603346889 303.14378481841226
279.1805393238246 284.27044454974634
279.24447530076014 260.1197539225842
279.30841127769565 203.94617834599327
279.37234725463134 117.43309773468071
279.4362832315669 44.829276977021806
279.5002192085025 23.76342938429115
279.5641551854381 50.416335172135824
279.62809116237366 96.85738713769071
279.69202713930923 145.77465619711768
279.7559631162448 195.58105850992408
279.8198990931804 234.92903505638367
279.883835070116 245.42662906523023
279.9477710470516 214.49519103979983
