0.1 29.20301410706012
0.16393598409640747 21.99172267402828
0.2278719681928149 15.389448549407556
0.2918079522892224 16.485696012453882
0.35574393638562984 30.1706794635036
0.4196799204820373 41.24411734711539
0.4836159045784448 43.46398870302825
0.5475518886748523 56.44814626456704
0.6114878727712597 146.85313860607295
0.6754238568676671 483.44990671094257
0.7393598409640746 1059.5137464210568
0.803295825060482 1501.7547433995767
0.8672318091568895 1514.854833685641
0.9311677932532969 1113.6782383828206
0.9951037773497043 729.5994730021681
1.059039761446112 1315.8646062154169
1.1229757455425196 3615.173080375028
1.186911729638927 6843.748460071285
1.2508477137353344 8813.111376170638
1.314783697831742 7859.545198572787
1.3787196819281493 4376.038853293737
1.4426556660245569 916.4505547973118
1.5065916501209644 442.0503816028464
1.5705276342173715 3646.584279639148
1.6344636183137793 8118.975905459763
1.6983996024101868 10282.971794805318
1.762335586506594 8372.804862147459
1.8262715706030015 4305.040171162096
1.8902075546994088 2072.264651992516
1.9541435387958164 3894.8011852025697
2.018079522892224 8609.350116929852
2.0820155069886312 12959.49641983275
2.145951491085039 13615.847699794189
2.2098874751814463 9868.79408438676
2.273823459277854 4556.283569531859
2.337759443374261 978.1618501674646
2.4016954274706688 343.4639367337253
2.4656314115670765 1958.9896206031472
2.529567395663484 4165.038396836978
2.593503379759891 5565.106523651629
2.6574393638562985 5907.1212233174065
2.7213753479527063 5650.007775297816
2.7853113320491136 5232.939792056593
2.849247316145521 4802.010672826985
2.9131833002419287 4230.694158169001
2.977119284338336 3333.894216799599
3.0410552684347434 2173.7845785601658
3.104991252531151 1111.028235377502
3.1689272366275585 533.3029903096866
3.232863220723966 513.2138680613781
3.296799204820373 661.7196906724756
3.360735188916781 501.6219122684324
3.424671173013188 119.63767787042296
3.488607157109596 404.41323649235136
3.552543141206004 2460.362353718175
3.6164791253024102 6555.609058122172
3.6804151093988176 11737.041215447329
3.7443510934952258 16257.43481228448
3.8082870775916327 18325.193136645103
3.87222306168804 17309.792283257477
3.936159045784448 14075.536495000704
4.000095029880855 9942.899723535886
4.064031013977263 5952.737773354113
4.12796699807367 2860.116401192696
4.1919029821700775 1000.302817044957
4.255838966266484 247.62888274994583
4.319774950362892 330.9292231632606
4.3837109344593 1035.4722200619515
4.447646918555708 2152.7229272481445
4.511582902652115 3413.959716491848
4.5755188867485215 4483.08323904718
4.639454870844929 4953.774907740033
4.703390854941337 4507.12612532374
4.767326839037745 3254.3946529408367
4.831262823134153 1733.6786999746034
4.89519880723056 540.2770367293235
4.959134791326967 170.47516189833377
5.023070775423375 875.2520782859777
5.087006759519782 2410.858767038671
5.15094274361619 3956.2548334704534
5.2148787277125965 4393.090708274566
5.278814711809004 3312.16308758502
5.342750695905412 1608.7932767973527
5.406686680001818 768.1026431730289
5.470622664098227 1912.7557399249276
5.5345586481946345 4879.983297828168
5.5984946322910405 8250.86343409303
5.662430616387449 10784.406888938798
5.726366600483857 12122.482143672123
5.790302584580264 12543.137223421576
5.854238568676672 12306.189155271602
5.918174552773079 10872.840824849294
5.982110536869486 7729.259082900835
6.046046520965894 3853.9529383938366
6.109982505062302 1582.5732146223704
6.173918489158709 2846.2938243764647
6.237854473255116 7034.38995426456
6.301790457351524 11290.998971860874
6.365726441447931 13018.799403196183
6.429662425544338 11353.382935180738
6.493598409640747 7401.790008466416
6.5575343937371535 3583.0110043111545
6.62147037783356 1649.7979910442969
6.685406361929969 1380.4371402553427
6.749342346026376 1515.6532454853036
6.813278330122784 1289.374367515451
6.877214314219192 784.7185009847907
6.941150298315598 395.5825663096491
7.005086282412006 310.3984639542995
7.069022266508414 468.2227801974559
7.132958250604821 952.8727502711824
7.196894234701229 2237.857262845468
7.2608302187976355 4793.476334671655
7.324766202894043 8207.072813009876
7.388702186990451 10984.167247015632
7.452638171086858 11589.073575982848
7.516574155183266 9591.787025181455
7.580510139279673 6358.392833727808
7.64444612337608 4369.364322135987
7.708382107472488 4919.10597851734
7.772318091568896 6867.490504200593
7.836254075665303 7680.017194802784
7.9001900597617105 5736.350908061118
7.964126043858118 2256.545747280277
8.028062027954526 440.5471930796375
8.091998012050933 2336.677343076607
8.155933996147342 6686.6476094103855
8.219869980243747 10048.476098914893
8.283805964340155 10290.034828354123
8.347741948436562 8446.422218758593
8.411677932532971 7417.663275535822
8.475613916629378 9076.074880055277
8.539549900725785 12032.181532226456
8.603485884822193 13035.991099409426
8.6674218689186 10632.375691507452
8.731357853015007 6436.348110885859
8.795293837111414 3444.040828792468
8.859229821207823 3431.4340913952046
8.92316580530423 5597.472736776838
8.987101789400638 7643.271211054072
9.051037773497043 7813.528063650534
9.114973757593454 5942.381937928898
9.178909741689859 3125.1907767282355
9.24284572578627 802.7968873294291
9.306781709882674 20.861531606023185
9.370717693979085 916.7908332203837
9.43465367807549 2488.149734837044
9.498589662171897 3127.735915619088
9.562525646268304 2189.0884086271512
9.626461630364712 1189.4841696496771
9.69039761446112 2816.9518933598374
9.75433359855753 8157.450299152553
9.818269582653935 14555.875528499473
9.88220556675034 17136.23147868413
9.94614155084675 13615.15322361001
10.010077534943155 7202.17348303072
10.074013519039564 4337.691788362385
10.137949503135973 9028.76550681128
10.20188548723238 18555.001219513368
10.265821471328787 25326.72394516837
10.329757455425192 23618.12594348089
10.393693439521602 14584.06247612358
10.457629423618007 5041.24855910227
10.521565407714416 1084.1174823709227
10.585501391810825 2899.690055872215
10.649437375907231 5861.714046559711
10.713373360003638 5766.391911927701
10.777309344100045 2867.6051643102046
10.841245328196452 1196.8050380243767
10.90518131229286 3907.9504583186977
10.969117296389268 9948.547101889231
11.033053280485676 15372.140764264255
11.096989264582083 16765.890925554795
11.160925248678492 13547.295175623738
11.224861232774899 7982.0440945814225
11.288797216871304 3106.90829269258
11.352733200967714 524.1180664838416
11.41666918506412 51.515179113171534
11.480605169160528 621.9303826874242
11.544541153256937 1118.6831595417732
11.608477137353344 939.2887785606947
11.67241312144975 329.6376056724307
11.73634910554616 281.2923208201652
11.800285089642564 1781.7657177617496
11.864221073738973 4808.533460391312
11.92815705783538 7914.2386478831695
11.992093041931788 8967.496688143661
12.056029026028195 6952.407874008581
12.119965010124604 3205.4756635068666
12.18390099422101 403.23625352333033
12.247836978317416 356.9410642210517
12.311772962413826 2644.812464827842
12.375708946510231 5042.248616967899
12.43964493060664 5585.921985677424
12.503580914703049 4197.744366284457
12.567516898799456 2228.5009495613576
12.631452882895863 972.9934737337331
12.695388866992271 646.8747886343398
12.759324851088678 542.0692962689214
12.823260835185083 189.14596698600917
12.887196819281492 41.70374137965332
12.9511328033779 848.3163903153041
13.015068787474307 2588.441227555964
13.079004771570716 4170.210886085692
13.142940755667121 4360.560363443568
13.206876739763528 3024.150940650837
13.270812723859938 1247.725832475091
13.334748707956344 315.10492393280543
13.398684692052752 590.906585811138
13.46262067614916 1330.0352437913068
13.526556660245568 1556.0293056243931
13.590492644341975 1005.9999432135892
13.654428628438383 249.92813293358313
13.71836461253479 114.33340926902189
13.782300596631195 1075.3034372122738
13.846236580727604 3083.7597157338337
13.910172564824013 5639.101908418335
13.97410854892042 7880.220468764933
14.038044533016828 8838.923833147397
14.101980517113237 7857.215170502773
14.16591650120964 5118.169804146973
14.22985248530605 1948.78399050437
14.293788469402456 185.55158958928644
14.357724453498864 851.3780292145634
14.421660437595271 3320.9954493440337
14.48559642169168 5751.834096551076
14.549532405788087 6451.789797836766
14.613468389884492 5059.690007838177
14.677404373980902 2632.6316522706747
14.741340358077307 681.6546676336457
14.805276342173716 4.375073672726914
14.869212326270125 313.91574258526396
14.933148310366532 803.7793121813728
14.997084294462939 913.8679692129436
15.061020278559347 682.4697306667042
15.124956262655754 548.3373589080988
15.18889224675216 884.347858247065
15.252828230848568 1709.3519221243043
15.316764214944977 2704.8882808770036
15.380700199041383 3414.333970099802
15.444636183137792 3515.115128286134
15.508572167234197 3011.3965109267688
15.572508151330604 2236.8437413799525
15.636444135427015 1704.208921320753
15.70038011952342 1866.688073282106
15.764316103619828 2848.010695111743
15.828252087716235 4279.3251945251095
15.892188071812644 5424.835921350348
15.95612405590905 5596.8060760825565
16.02006004000546 4602.125747493681
16.083996024101868 2885.813186331657
16.147932008198275 1226.5840876362663
16.21186799229468 231.33987188474512
16.275803976391092 33.3662405391806
16.3397399604875 361.7060369035431
16.403675944583902 908.0049949656636
16.467611928680313 1667.5830216850993
16.53154791277672 2851.6111769465897
16.595483896873127 4494.62005447693
16.659419880969534 6231.112177985096
16.723355865065944 7392.889183702156
16.78729184916235 7360.873113285082
16.851227833258758 6021.308342913086
16.915163817355165 3924.180732766144
16.97909980145157 1902.7961457976603
17.04303578554798 556.9450674194089
17.10697176964439 43.70818716064629
17.170907753740796 126.87010408178584
17.234843737837203 356.92093887367065
17.29877972193361 369.8975699481196
17.362715706030016 163.31251822846866
17.426651690126423 98.11882063241217
17.490587674222834 553.8719295113619
17.55452365831924 1481.9158172680247
17.618459642415647 2271.9301896162374
17.682395626512054 2210.1539616938
17.74633161060846 1257.7991253462624
17.810267594704868 342.75100055468414
17.87420357880128 690.8440720803145
17.938139562897685 2682.4798296128915
18.002075546994092 5295.516884178538
18.066011531090496 6767.661452048102
18.129947515186903 5984.852830556868
18.193883499283313 3463.8928876931045
18.257819483379723 1059.2130291643716
18.321755467476127 499.9228591819435
18.385691451572537 2082.666147132915
18.449627435668944 4626.666674023523
18.51356341976535 6443.052588202845
18.57749940386176 6526.290944761632
18.64143538795817 5138.975286255673
18.70537137205457 3297.218956836861
18.769307356150986 1824.785843903103
18.83324334024739 943.1507059780323
18.897179324343796 475.62808188103946
18.9611153084402 239.19624924692005
19.025051292536613 251.02658965835312
19.088987276633016 621.0435089906995
19.152923260729423 1311.7935329402928
19.216859244825837 2045.378773564192
19.28079522892224 2459.2780497000663
19.344731213018648 2355.2651862620755
19.408667197115054 1815.1053881550367
19.472603181211465 1114.8289479778828
19.53653916530787 545.2668516729674
19.60047514940428 293.3527924695968
19.664411133500685 435.2445560095072
19.72834711759709 982.9811308998032
19.792283101693503 1895.3033523069623
19.85621908578991 3014.661604983842
19.92015506988632 4023.2390814065047
19.984091053982723 4510.424443446741
20.048027038079127 4171.091653409836
20.111963022175537 3069.4271634037764
20.175899006271948 1690.3985098684843
20.239834990368355 638.2898705274047
20.30377097446476 236.7207910046777
20.36770695856117 317.430819077058
20.43164294265757 409.623740247707
20.495578926753986 242.53499073718396
20.55951491085039 48.20490386268852
20.6234508949468 394.21711378285056
20.687386879043206 1662.791303770674
20.751322863139613 3579.304529916475
20.81525884723602 5348.594187736671
20.879194831332423 6222.676497619634
20.943130815428837 5919.327909672759
21.007066799525244 4746.696166305721
21.071002783621648 3335.631142983569
21.134938767718054 2150.3267581380906
21.198874751814465 1313.642619301968
21.262810735910872 764.441208981499
21.32674672000728 446.73037510935166
21.39068270410369 384.87087447851786
21.454618688200092 591.2868225501206
21.518554672296503 941.637528306877
21.58249065639291 1186.2671869932835
21.64642664048932 1133.2730748184272
21.710362624585724 837.8285545077939
21.77429860868213 579.454477440332
21.83823459277854 688.7138107787091
21.902170576874948 1318.082605377224
21.966106560971355 2274.350594317668
22.03004254506776 3179.1685317118167
22.09397852916417 3826.0961550964953
22.157914513260575 4307.498965539794
22.221850497356986 4818.679730128244
22.285786481453393 5346.734795765808
22.3497224655498 5526.875820230083
22.413658449646206 4889.871391013951
22.477594433742613 3386.3977013583076
22.541530417839024 1605.2556817301424
22.60546640193543 347.6393118496033
22.66940238603184 6.446904035417004
22.733338370128244 313.6304145451923
22.797274354224648 647.5036645293476
22.861210338321055 633.3217899613755
22.92514632241747 402.99141238716675
22.989082306513875 280.82060622947864
23.05301829061028 357.7861853560858
23.11695427470669 455.37113095535886
23.180890258803096 464.764053882711
23.244826242899503 611.7526947601094
23.308762226995917 1236.6814965950887
23.37269821109232 2259.349490289923
23.436634195188727 3099.7988474309423
23.50057017928513 3209.611249717452
23.56450616338154 2532.620282937921
23.628442147477948 1654.9733094188575
23.69237813157436 1450.9985100122915
23.756314115670765 2132.7059404192087
23.82025009976717 2913.117676871645
23.884186083863575 2885.728144143646
23.948122067959986 1918.5604628340325
24.012058052056393 698.6683603689257
24.075994036152803 93.85073600566285
24.139930020249206 458.27870874301954
24.203866004345617 1456.3647804506952
24.267801988442024 2432.445256130682
24.33173797253843 3016.302762223897
24.39567395663484 3323.3881729685727
24.459609940731248 3482.356726026723
24.52354592482765 3342.530276733275
24.58748190892406 2749.327089748853
24.65141789302047 1766.776288205393
24.715353877116875 718.272955660302
24.77928986121328 108.03471958290582
24.84322584530969 261.60004708526566
24.907161829406096 1020.9590059073608
24.971097813502503 1850.2685208742969
25.035033797598917 2218.9369090809423
25.09896978169532 1978.5558741972563
25.162905765791727 1428.3295616536075
25.22684174988813 1002.2515720699062
25.290777733984545 939.2437438269102
25.35471371808095 1186.2121201477803
25.41864970217736 1502.6882016075235
25.482585686273765 1720.1671370116628
25.54652167037017 1904.6963625589551
25.610457654466575 2198.9936365734343
25.67439363856299 2628.475049868228
25.7383296226594 3128.3147868770966
25.802265606755803 3642.5156659008626
25.866201590852206 4158.389996210924
25.930137574948617 4654.38537985908
25.994073559045024 5004.421398553457
26.058009543141434 4964.4728357185
26.12194552723784 4309.799376275623
26.185881511334248 3061.153517929203
26.24981749543065 1585.9401592534996
26.31375347952706 435.1640105559176
26.37768946362347 6.103114090744444
26.44162544771988 259.4689399502194
26.505561431816282 780.3936650641534
26.56949741591269 1127.244403470587
26.633433400009096 1101.25758620554
26.697369384105503 789.6887211585832
26.761305368201917 424.03355446821615
26.825241352298324 169.43133803747338
26.889177336394727 47.90097438977929
26.953113320491138 7.608950990481821
27.017049304587545 0.6707706886240318
27.08098528868395 8.095130582190697
27.14492127278036 23.655932640086263
27.20885725687677 43.27556034848502
27.272793240973172 67.39043040035246
27.336729225069583 94.25461890435187
27.40066520916599 105.92572395238932
27.4646011932624 75.06716663369673
27.528537177358803 24.097957135086546
27.592473161455214 78.04848037418972
27.65640914555162 424.2123568819193
27.720345129648027 1175.944570907304
27.784281113744434 2225.348781782681
27.84821709784084 3249.8931634484184
27.912153081937248 3899.6027391338407
27.976089066033655 3977.7866858729744
28.040025050130065 3499.8091125379087
28.103961034226472 2644.3604504294585
28.16789701832288 1660.1007796021956
28.23183300241929 812.6254138907576
28.29576898651569 346.6069267111188
28.359704970612103 383.45854733519775
28.42364095470851 833.538739565171
28.48757693880492 1418.0870145745164
28.551512922901324 1793.3578655342549
28.615448906997727 1743.0872286516535
28.679384891094134 1315.9348579516136
28.74332087519055 758.8618620748935
28.807256859286955 315.6203951334307
28.87119284338336 87.6629406651745
28.93512882747977 27.310501112404303
28.999064811576172 23.878381546643553
29.063000795672583 18.550608948346028
29.12693677976899 57.965943901907096
29.1908727638654 238.05335628878103
29.254808747961807 578.9241064331287
29.318744732058214 937.0556656646727
29.38268071615462 1074.126534020526
29.446616700251028 866.2923009105648
29.510552684347434 456.5322827579613
29.574488668443845 164.353292623648
29.638424652540248 191.12200821387503
29.702360636636655 398.01247860917704
29.766296620733065 438.5440146019743
29.830232604829472 205.78649571450447
29.89416858892588 94.88207390336723
29.95810457302229 653.8149040212497
30.022040557118697 1940.3487081575315
30.085976541215103 3236.8434110918047
30.14991252531151 3495.4062792440427
30.21384850940792 2356.8926413369004
30.277784493504324 720.7462332738432
30.34172047760073 36.47900401602072
30.40565646169714 982.1839342027965
30.46959244579355 2795.9079953470728
30.533528429889955 3891.1200219018106
30.59746441398636 3309.1263815270822
30.66140039808277 1591.6125949395216
30.725336382179176 204.8336093147612
30.789272366275583 159.97000644682612
30.853208350371997 1124.2216462605074
30.9171443344684 1866.3200934314889
30.981080318564807 1569.854749599388
31.04501630266121 621.8627336424104
31.108952286757624 190.3678655550977
31.17288827085403 1106.9522279074395
31.23682425495044 3082.652835679792
31.300760239046845 4935.442295422776
31.36469622314325 5526.336268268602
31.428632207239655 4565.063616061129
31.49256819133607 2731.6573940284534
31.556504175432476 1043.976358436377
31.62044015952888 129.82727600453188
31.68437614362529 64.82991606267517
31.748312127721697 610.6092581871217
31.812248111818104 1467.895670844565
31.876184095914518 2381.9350995219183
31.94012008001092 3056.391153076188
32.004056064107324 3176.647401097681
32.067992048203735 2666.7246048259262
32.131928032300145 1772.2823843162098
32.19586401639655 872.3595970002837
32.25980000049296 268.33389047834856
32.32373598458936 26.94598137118571
32.387671968685765 10.41053782729508
32.45160795278218 92.41983051160737
32.515543936878586 253.39171252256824
32.579479920975 465.7025414047735
32.6434159050714 571.0402332125371
32.70735188916781 407.1213251083003
32.771287873264214 156.8766683265912
32.835223857360624 420.8757335188776
32.899159841457035 1781.9655325580015
32.96309582555344 4122.016176774764
33.02703180964985 6283.910117014776
33.090967793746245 6821.222221895846
33.15490377784266 5274.249411228765
33.218839761939066 2577.936743139556
33.28277574603548 442.41893628894434
33.34671173013189 146.1035444314443
33.41064771422829 1513.7770735772056
33.4745836983247 3195.8237505876286
33.538519682421104 3898.333167379923
33.602455666517514 3281.516546474183
33.666391650613924 2018.7520553415627
33.73032763471033 1062.812028698028
33.79426361880674 811.1149339484632
33.85819960290314 1006.527751877662
33.92213558699955 1210.2539296903376
33.986071571095955 1248.464896996082
34.050007555192366 1291.2868946931865
34.113943539288776 1569.8358256887448
34.17787952338518 2111.7455730193424
34.24181550748159 2734.2199384670325
34.30575149157799 3147.705026518035
34.369687475674404 3073.7661923632213
34.433623459770814 2478.689763161932
34.49755944386722 1782.1597852712466
34.56149542796363 1598.345558071415
34.62543141206003 2115.0550772497527
34.68936739615644 2927.2996046264348
34.753303380252845 3434.053119648772
34.817239364349255 3180.703592850841
34.881175348445666 2169.3709340163086
34.94511133254207 1040.4763050384959
35.00904731663848 518.4987276927753
35.07298330073488 673.576596348558
35.13691928483129 1007.4740029189898
35.200855268927704 1020.2616395222476
35.26479125302411 612.8080347300244
35.32872723712052 137.34735178917245
35.39266322121692 19.118489177139143
35.45659920531333 322.2189163861639
35.520535189409735 735.4619625005075
35.584471173506145 900.2183959922382
35.648407157602556 716.4896924814868
35.71234314169896 362.6553981479364
35.77627912579537 82.53478052285989
35.840215109891766 8.089617892182284
35.90415109398818 137.72971318809942
35.968087078084594 410.3652171271288
36.032023062181 757.1483401065212
36.09595904627741 1067.4743029346075
36.15989503037381 1175.4578133606149
36.22383101447022 966.8020146723699
36.287766998566624 515.5211414430465
36.35170298266304 103.58152636107332
36.415638966759445 60.3803502027752
36.47957495085585 507.36920262385615
36.54351093495226 1217.98354765294
36.607446919048655 1729.309247861226
36.67138290314507 1677.0245094547547
36.73531888724148 1120.6115112624911
36.79925487133789 513.4387506506573
36.8631908554343 331.59903964816885
36.92712683953071 713.5282200840155
36.99106282362711 1350.561920547623
37.05499880772352 1728.4130073163124
37.11893479181992 1554.025268757254
37.182870775916335 947.0394375922403
37.24680676001274 297.7428545958002
37.31074274410914 2.714030910818829
37.37467872820555 216.6745497515304
37.43861471230196 772.7156098282198
37.502550696398366 1332.0910842372843
37.566486680494776 1594.4152183221331
37.630422664591194 1442.3731577718604
37.69435864868759 974.2790265632675
37.758294632784 439.9442079062892
37.8222306168804 127.87808855125164
37.886166600976814 194.98055903794284
37.95010258507322 542.4023025947142
38.01403856916962 904.0134937053293
38.07797455326604 1047.375116518599
38.14191053736244 914.4510445155885
38.205846521458845 636.0087868313502
38.269782505555256 397.35584750639555
38.33371848965167 279.3501175508375
38.39765447374808 241.37929487852168
38.46159045784448 209.16063085980977
38.52552644194089 151.70000008978596
38.58946242603729 97.60061726710975
38.6533984101337 90.73511017883392
38.717334394230114 144.2970801208313
38.78127037832652 242.46466019281203
38.84520636242293 360.9215109951102
38.909142346519324 475.4440659975477
38.97307833061574 566.8186142901395
39.03701431471215 622.5050095444793
39.10095029880856 632.6859991775104
39.164886282904966 592.8137983076724
39.22882226700137 512.5777433218669
39.29275825109777 415.8459929679772
39.356694235194176 327.04739577949886
39.420630219290594 259.87883423725214
39.48456620338701 218.44315035842152
39.54850218748341 202.3446367538753
39.61243817157982 208.71727257096288
39.67637415567622 232.91350494508964
39.74031013977263 270.10476076664804
39.80424612386904 317.1761722674309
39.868182107965445 371.81323942953645
39.932118092061856 425.05436909405375
39.99605407615826 453.9564936453382
40.05999006025466 438.6624971809599
40.12392604435107 413.16032713254856
40.18786202844748 497.72550128355925
40.25179801254389 839.8202473520405
40.3157339966403 1474.5132541549883
40.379669980736715 2211.1908325168497
40.44360596483311 2677.5726687898646
40.50754194892952 2578.3204780887954
40.57147793302592 1982.6576366510103
40.635413917122335 1308.3312775793947
40.699349901218746 995.5336888590684
40.76328588531514 1179.401647682132
40.82722186941156 1557.2665175210411
40.89115785350796 1610.4025353871405
40.955093837604366 1149.874156615717
41.01902982170078 559.0721916984469
41.082965805797194 397.01455388918765
41.1469017898936 920.8285987690404
41.21083777399 1897.436627429733
41.27477375808641 2703.937030163717
41.338709742182814 2820.8944576552644
41.40264572627922 2277.7289585616377
41.46658171037564 1488.2744298845028
41.53051769447204 852.5713713119682
41.59445367856845 578.5303427319658
41.658389662664845 650.5335008760233
41.72232564676126 920.4028215631008
41.78626163085767 1245.3296108303807
41.85019761495408 1506.5970953215212
41.91413359905049 1587.4695505469488
41.97806958314689 1422.8748089302019
42.042005567243294 1060.1396374153944
42.1059415513397 660.3004259508696
42.169877535436115 429.8662873888854
42.233813519532525 503.25806994648786
42.29774950362893 836.1255532118787
42.36168548772534 1192.9263607531263
42.42562147182174 1273.4160112218397
42.48955745591815 947.8463532082361
42.55349344001456 466.5424887381266
42.617429424110966 437.840262746758
42.68136540820738 1471.9163809257195
42.74530139230377 3645.170668885685
42.80923737640019 6204.57910546204
42.873173360496594 7885.531916549734
42.93710934459301 7702.867838563034
43.00104532868941 5662.875128672648
43.06498131278582 2868.709804104761
43.12891729688223 824.133392840217
43.19285328097863 423.26857477386955
43.25678926507504 1429.7968908122475
43.320725249171446 2745.6944654745525
43.384661233267856 3258.4708417542824
43.44859721736427 2673.8958235187497
43.51253320146066 1596.2688842932582
43.57646918555708 907.5177122245093
43.64040516965348 1114.9104557686796
43.70434115374989 2035.7407409428863
43.768277137846304 2969.6552043861743
43.832213121942715 3267.1899923401334
43.89614910603912 2767.716477146933
43.96008509013552 1783.2407637163756
44.024021074231925 806.3701691567088
44.087957058328335 197.54479486291615
44.151893042424746 14.973348223728372
44.21582902652116 71.99648222968968
44.27976501061756 149.9565438398947
44.34370099471397 170.43217413848075
44.407636978810366 205.16923665935343
44.471572962906784 365.98456369048097
44.5355089470032 681.0518621974132
44.5994449310996 1048.9159691096943
44.66338091519601 1303.902597191616
44.72731689929241 1333.4676422479931
44.791252883388815 1150.0567258786657
44.855188867485225 869.4031656648352
44.91912485158164 626.0995522997397
44.983060835678046 499.9776626843676
45.04699681977445 500.08303483330417
45.11093280387085 592.74440481679
45.17486878796726 737.5719003204499
45.23880477206367 919.1953482969982
45.30274075616008 1175.315532538467
45.36667674025649 1602.9199604983055
45.4306127243529 2304.64498942984
45.494548708449294 3266.614460496553
45.55848469254571 4252.512477744682
45.622420676642115 4828.978300341727
45.686356660738525 4555.726895884269
45.750292644834936 3309.0866874527323
45.81422862893134 1555.6970447741755
45.87816461302775 240.89074012297843
45.94210059712415 273.0789872111808
46.00603658122056 1945.2893056107407
46.06997256531697 4600.600733886881
46.13390854941338 6892.802549793008
46.19784453350979 7642.990880059752
46.26178051760619 6543.1290693542915
46.3257165017026 4231.6056548944725
46.389652485799004 1874.2633456439044
46.45358846989541 425.3682672607232
46.51752445399183 47.78760295371306
46.58146043808823 225.10764579174077
46.64539642218464 361.27005452997633
46.70933240628104 280.4435670152506
46.773268390377446 228.5869574972409
46.837204374473856 466.2587742048845
46.90114035857027 949.5683294594147
46.96507634266668 1351.7387813556786
47.02901232676308 1388.4992119517449
47.09294831085949 1177.1084927207476
47.15688429495589 1094.9337855160632
47.220820279052305 1286.7994183349383
47.28475626314872 1541.0839066891065
47.34869224724512 1569.5963318686393
47.41262823134153 1318.8946343911582
47.476564215437925 1086.375137334502
47.540500199534335 1278.51206225882
47.604436183630746 2045.2467229119527
47.66837216772716 3104.0703622888286
47.73230815182357 3819.5497396161622
47.79624413591997 3674.751803785567
47.86018012001638 2745.1395324656255
47.924116104112784 1552.7208409567313
47.9880520882092 601.4097601758103
48.0519880723056 113.23549750684704
48.11592405640201 1.7626979732111097
48.17986004049842 43.49810929105136
48.243796024594815 93.38400690582769
48.30773200869123 134.13541988751112
48.37166799278764 204.16471867268223
48.435603976884046 366.28196473662297
48.49953996098046 741.5040145666627
48.56347594507685 1492.1483510470855
48.62741192917327 2649.8877939930126
48.691347913269674 3851.46659890194
48.75528389736608 4396.875892932152
48.819219881462494 3858.8669267161094
48.8831558655589 2570.5285518537335
48.9470918496553 1418.4985538442552
49.01102783375171 1223.6059020255595
49.07496381784812 2087.124507418836
49.138899801944525 3193.208695614046
49.202835786040936 3481.4518043819
49.26677177013735 2614.500244771696
49.33070775423375 1226.077632910806
49.39464373833016 243.90083633240783
49.45857972242656 44.68906559927824
49.52251570652297 274.59537818776766
49.58645169061938 387.4533285021853
49.65038767471579 253.13844792653083
49.7143236588122 184.8392024739638
49.7782596429086 442.29503496825726
49.842195627005005 893.5079632982115
49.906131611101415 1243.6227386320188
49.97006759519783 1506.711591993824
50.03400357929424 2021.8080401448988
50.09793956339064 2904.425310389296
50.16187554748705 3688.1054116921505
50.225811531583446 3661.342404074336
50.289747515679856 2632.8699778459654
50.35368349977627 1356.0066216418895
50.41761948387268 939.1054904829244
50.48155546796909 1748.8722270782534
50.54549145206549 2991.3845878415727
50.6094274361619 3400.490837320031
50.673363420258305 2453.4345380160694
50.73729940435472 895.6311003507288
50.801235388451126 15.264369199477905
50.86517137254753 531.0186511778161
50.92910735664394 2067.7005002043365
50.993043340740336 3528.472020745104
51.05697932483675 4048.0181277437714
51.12091530893316 3597.0469086528565
51.18485129302957 2746.771228446971
51.24878727712598 2081.412998591112
51.31272326122238 1809.6621404534085
51.37665924531879 1735.519989061257
51.4405952294152 1504.4553333195863
51.5045312135116 956.732491448118
51.568467197608015 371.6601458926498
51.63240318170442 371.8341765510276
51.69633916580082 1510.875675464276
51.76027514989723 3772.296251035081
51.82421113399364 6306.4511682107695
51.888147118090046 7842.449086492059
51.95208310218646 7579.825904136421
52.016019086282874 5694.815485938463
52.07995507037927 3143.6692745609384
52.14389105447568 1053.0166604734327
52.20782703857208 82.53462315319058
52.271763022668495 226.87721170570808
52.335699006764905 1082.1967735319352
52.3996349908613 2156.5028346744302
52.46357097495772 3056.2551446853854
52.52750695905412 3551.4284279151493
52.591442943150525 3557.1815257682742
52.655378927246936 3142.689924583855
52.71931491134335 2509.5933835998007
52.78325089543976 1860.4917500947224
52.84718687953616 1293.2442993906473
52.91112286363257 838.5609393067976
52.97505884772897 527.2874461669967
53.03899483182538 358.6466016090332
53.102930815921795 249.9650662413594
53.1668668000182 109.7549153971006
53.23080278411461 3.036557539618076
53.294738768211005 166.99451807679148
53.35867475230742 706.3865972416592
53.42261073640383 1277.1534721428975
53.48654672050024 1300.6484474951997
53.55048270459665 672.2903616350053
53.61441868869305 225.05199461193584
53.67835467278945 1298.3508069334428
53.74229065688586 4542.837785044187
53.806226640982274 8973.62661924033
53.87016262507868 12392.066533900692
53.93409860917509 12970.924414660423
53.9980345932715 10536.622519485829
54.0619705773679 6542.188625020348
54.12590656146431 2916.942561805568
54.18984254556072 789.299428652796
54.253778529657126 148.1744529786264
54.317714513753536 478.56191616033794
54.38165049784994 1432.3938919048271
54.44558648194634 2911.997054212539
54.50952246604275 4788.320725723667
54.57345845013916 6751.5261130642475
54.63739443423557 8451.780461190114
54.70133041833198 9672.795948914621
54.765266402428395 10231.730678498485
54.82920238652479 9787.928161709668
54.8931383706212 8072.366156241337
54.957074354717605 5383.7400945284335
55.021010338814015 2630.074699104914
55.084946322910426 767.6642385184989
55.14888230700682 147.1823599162806
55.21281829110324 328.17708640726
55.27675427519964 556.0700081600289
55.340690259296046 443.5055798348525
55.40462624339246 157.36486989208828
55.468562227488874 32.39750618891874
55.53249821158528 152.484699878656
55.59643419568168 319.034534028921
55.66037017977809 337.4700118977665
55.724306163874495 227.72099624073968
55.788242147970905 123.83948059434192
55.85217813206732 81.81747775599517
55.91611411616372 60.472771566736576
55.98005010026013 38.43319411310599
56.043986084356526 61.26395963493478
56.10792206845294 129.66751990072154
56.171858052549354 144.99855718647154
56.23579403664576 64.39263009542105
56.29973002074217 58.33624133694945
56.36366600483857 418.9212465862264
56.427601988934974 1213.1782649026848
56.49153797303138 2061.013811642411
56.555473957127795 2420.8905177570105
56.619409941224205 2117.2550374554244
56.68334592532061 1518.3421230390004
56.74728190941702 1183.524657930895
56.81121789351342 1335.1254125708024
56.87515387760983 1705.9490226903715
56.93908986170624 1937.3503005051568
57.00302584580265 2055.623779866324
57.06696182989906 2449.1336592325943
57.13089781399545 3375.688006731733
57.19483379809187 4558.745020877212
57.258769782188274 5337.657899647718
57.322705766284685 5219.308416071798
57.386641750381095 4210.546902032389
57.4505777344775 2716.6519381536127
57.51451371857391 1278.784078766028
57.57844970267031 340.8535751915547
57.64238568676672 175.1178412257991
57.706321670863126 883.9404568475516
57.770257654959536 2266.4987317824634
57.83419363905595 3733.122617352896
57.89812962315235 4536.478706036452
57.96206560724876 4252.542909660326
58.02600159134516 3105.644625964462
58.08993757544157 1755.1665580631056
58.15387355953798 773.1136725100092
58.217809543634395 325.25138769429225
58.2817455277308 256.76559020834964
58.3456815118272 431.72794576651086
58.409617495923605 925.0745088369661
58.473553480020016 1838.8856460482816
58.537489464116426 2969.9477047817318
58.60142544821284 3764.2953731232537
58.66536143230924 3702.9336391416
58.72929741640565 2743.215254230696
58.79323340050205 1416.2941597296924
58.857169384598464 447.2414880864615
58.921105368694874 166.86259856002332
58.98504135279128 333.02704844647167
59.04897733688769 467.9665185379748
59.112913320984084 315.3945201891554
59.176849305080495 64.51850005279354
59.240785289176905 76.78575572863276
59.30472127327332 426.4360742529736
59.368657257369726 809.931361023631
59.43259324146613 855.7456463409313
59.49652922556253 533.0676923496286
59.56046520965894 187.8457545536454
59.624401193755354 117.35615824696104
59.68833717785176 277.6149856815635
59.75227316194817 464.360719287996
59.81620914604458 701.7628412954103
59.880145130140974 1320.7204047772248
59.94408111423739 2481.122274230696
60.0080170983338 3677.012349472328
60.071953082430205 3980.5623862445495
60.135889066526616 2959.428214178936
60.19982505062302 1330.3154254635267
60.26376103471943 569.2134171324581
60.32769701881583 1643.0058013071007
60.39163300291224 3973.6968878726257
60.45556898700865 5840.249811839656
60.51950497110506 5931.173542466542
60.58344095520146 4447.737338066899
60.64737693929787 2853.364626089098
60.71131292339428 2536.9909627806405
60.775248907490685 3544.858880906272
60.839184891587095 4713.788617353508
60.90312087568351 4914.59991845593
60.96705685977991 3940.38392482996
61.03099284387632 2429.0002445162045
61.09492882797272 1161.5002868066051
61.158864812069126 450.77798693721707
61.22280079616554 162.91193520338868
61.28673678026195 103.41319929782136
61.35067276435836 191.26303743913343
61.41460874845476 338.8303720942564
61.47854473255117 374.152894001894
61.54248071664757 210.07883571972656
61.606416700743985 20.771621124296093
61.670352684840395 121.7017790746102
61.7342886689368 621.579574240501
61.79822465303321 1217.97429464358
61.862160637129605 1437.0171661451664
61.926096621226016 1103.4015462186871
61.990032605322426 499.4957123906928
62.05396858941884 70.40965547786344
62.11790457351525 25.56869019551734
62.18184055761165 228.32994175659925
62.24577654170806 438.31103245418706
62.309712525804464 584.6603387117581
62.37364850990088 763.2089000979634
62.43758449399728 1015.5267192226846
62.50152047809369 1188.3712859067823
62.5654564621901 1073.699230086304
62.629392446286495 664.4747349008859
62.69332843038291 206.63520583285495
62.75726441447932 2.019262024122973
62.821200398575726 167.02077728164673
62.88513638267214 560.4598347613764
62.94907236676855 932.1618598222419
63.01300835086495 1126.3188485209473
63.076944334961354 1157.1735561718124
63.14088031905776 1132.2492357129224
63.20481630315417 1122.1046677289771
63.26875228725058 1101.3865630343037
63.33268827134698 1004.2217993303844
63.39662425544339 823.2454338987577
63.4605602395398 662.1390366040889
63.524496223636206 690.9449367086414
63.588432207732616 984.7898358331554
63.652368191829034 1387.259548765103
63.71630417592543 1609.0795855681304
63.78024016002184 1458.7330246149425
63.84417614411824 979.5065315284304
63.908112128214654 448.9473724515233
63.97204811231106 201.356685371235
64.03598409640746 363.8544489942918
64.09992008050388 763.073953420408
64.16385606460028 1074.558794123855
64.22779204869668 1075.1455914168355
64.29172803279309 785.3422232928215
64.35566401688949 394.7912018675068
64.41960000098591 103.62805625590065
64.48353598508231 11.02721232296562
64.54747196917872 82.22862587633989
64.61140795327513 199.37132060857851
64.67534393737154 249.1170660771822
64.73927992146794 203.0847482587679
64.80321590556436 145.85010067554015
64.86715188966076 206.21031230768
64.93108787375716 437.26479736503984
64.99502385785357 749.0297129046148
65.05895984194999 972.4544592098771
65.12289582604639 1002.3645863751376
65.18683181014279 873.7871471131857
65.25076779423921 714.8189957903521
65.31470377833561 620.7613644680212
65.37863976243202 569.5898696912924
65.44257574652842 491.92630329120766
65.50651173062484 407.186521233013
65.57044771472124 437.71332773843613
65.63438369881764 674.7204033696344
65.69831968291406 1047.6619701938032
65.76225566701046 1350.1433172737095
65.82619165110687 1408.4890690666728
65.89012763520327 1228.6086182213255
65.95406361929969 974.540726598388
66.01799960339609 804.3894494284792
66.0819355874925 745.6785803853171
66.14587157158891 722.6718618076545
66.20980755568532 666.0756691023016
66.27374353978172 581.9592266060556
66.33767952387812 521.4462367666832
66.40161550797454 497.38339719931093
66.46555149207094 456.5088820699842
66.52948747616735 348.92834368037217
66.59342346026376 214.73417655291692
66.65735944436017 175.58699254836063
66.72129542845657 322.68420608292377
66.78523141255299 616.1407715972944
66.84916739664939 892.275851009691
66.9131033807458 967.6804431581949
66.9770393648422 774.6877116706787
67.04097534893862 429.6718781902508
67.10491133303502 150.10465327712336
67.16884731713142 90.07699702287363
67.23278330122784 250.820257696482
67.29671928532424 515.441075247027
67.36065526942065 751.303013345503
67.42459125351705 881.1804630127267
67.48852723761347 869.9434756435069
67.55246322170987 704.8609270646141
67.61639920580627 425.893948756156
67.68033518990269 162.842204257117
67.7442711739991 145.0271409392404
67.8082071580955 584.6746169023648
67.8721431421919 1433.845460979346
67.93607912628832 2321.8622059488494
68.00001511038472 2799.2746778614214
68.06395109448113 2617.4431839144268
68.12788707857753 1876.111350422004
68.19182306267395 979.0608966347763
68.25575904677035 337.19951887036683
68.31969503086677 74.0152785109292
68.38363101496317 40.47590458799193
68.44756699905957 43.2661237740906
68.51150298315598 15.645180014811991
68.5754389672524 8.762736734134617
68.6393749513488 66.56874209241707
68.7033109354452 150.25595826233672
68.76724691954162 191.0077004558612
68.83118290363801 181.45577040649883
68.89511888773443 188.3835586915997
68.95905487183083 273.5067164336688
69.02299085592725 412.064880552498
69.08692684002365 506.28880555574494
69.15086282412005 482.8173715179134
69.21479880821647 361.99729692992
69.27873479231287 232.5429391641252
69.34267077640928 175.4998678626065
69.40660676050568 212.84905911176816
69.4705427446021 314.0640107894475
69.5344787286985 430.9443535484036
69.5984147127949 519.5650080761429
69.66235069689132 548.020468420819
69.72628668098773 498.45285384889286
69.79022266508413 372.942953680505
69.85415864918053 207.70795056417603
69.91809463327695 66.0194616456648
69.98203061737335 2.102144150277564
70.04596660146976 38.27423191764053
70.10990258556618 169.9786110826933
70.17383856966258 374.513857010596
70.23777455375898 615.8731894722932
70.3017105378554 853.4175901161542
70.3656465219518 1047.609244828819
70.4295825060482 1160.0531046485282
70.49351849014461 1167.321598247837
70.55745447424103 1077.0661129531543
70.62139045833743 912.792255874239
70.68532644243383 696.756236439568
70.74926242653025 465.4978945370745
70.81319841062665 286.0495470903018
70.87713439472306 245.44620401604712
70.94107037881946 409.0560963810235
71.00500636291588 754.642673163129
71.06894234701228 1146.8279603417216
71.13287833110869 1412.0453410836856
71.1968143152051 1438.9968356744682
71.2607502993015 1216.9147773565849
71.32468628339791 836.879398613553
71.38862226749431 456.4189463771559
71.45255825159073 212.27841370809367
71.51649423568713 146.3317978887405
71.58043021978354 201.52127945039453
71.64436620387995 279.4341765526054
71.70830218797636 312.9724461369648
71.77223817207276 299.02987810817336
71.83617415616918 280.05570722919055
71.90011014026558 295.75052323847405
71.96404612436199 339.64111011852793
72.02798210845839 365.1752193330816
72.0919180925548 333.7919814967301
72.15585407665121 254.4888045991974
72.21979006074761 184.68954297689575
72.28372604484403 189.70200881152388
72.34766202894043 293.0083469857667
72.41159801303684 460.9582874124478
72.47553399713325 627.4336549031389
72.53946998122964 734.7521394909097
72.60340596532606 763.0849043436393
72.66734194942246 730.9269582976199
72.73127793351888 673.0162645642793
72.79521391761529 616.5382583907791
72.85914990171167 568.5726441302388
72.92308588580809 515.386201979667
72.98702186990451 432.5168473100224
73.05095785400091 307.63803033788446
73.11489383809732 166.32281897772012
73.17882982219373 72.24549998000745
73.24276580629012 86.1747947221767
73.30670179038654 209.15639884170264
73.37063777448294 361.3515179551126
73.43457375857936 431.6036599805096
73.49850974267576 370.29950311386034
73.56244572677215 240.4550882196564
73.62638171086857 169.23261445910998
73.69031769496499 238.59159941502392
73.75425367906139 414.63157077079126
73.81818966315781 582.1144483181819
73.88212564725421 649.14825736044
73.9460616313506 611.7382099036191
74.00999761544702 522.9412624889876
74.07393359954342 427.38129398154933
74.13786958363984 333.9105840661639
74.20180556773624 235.7450826697165
74.26574155183266 141.92768730759005
74.32967753592905 74.43734764564874
74.39361352002547 40.30559620081275
74.45754950412187 36.3700062636927
74.52148548821829 90.91545571455487
74.58542147231469 270.6973682373427
74.64935745641108 605.7557815333574
74.7132934405075 1001.7550134034007
74.7772294246039 1258.5204565257648
74.84116540870032 1206.0704056526179
74.90510139279672 850.3851765318643
74.96903737689314 396.95458262452377
75.03297336098953 99.38529584366384
75.09690934508593 60.31036699763454
75.16084532918237 184.445101034984
75.22478131327875 306.9192522456325
75.28871729737517 339.4083217857044
75.3526532814716 305.87622329972817
75.41658926556798 273.9518965643013
75.48052524966438 279.39067541162984
75.5444612337608 322.1501723002129
75.60839721785722 406.3666288342828
75.67233320195362 545.4463966949824
75.73626918605001 717.5985694373717
75.80020517014643 837.2177816557111
75.86414115424284 801.7454525465389
75.92807713833923 588.2721148464682
75.99201312243565 307.1530706836444
76.05594910653207 147.4592390539469
76.11988509062846 256.2317327116458
76.18382107472486 639.603710810786
76.24775705882129 1127.107697936384
76.3116930429177 1441.2192479709956
76.37562902701411 1372.3255551510088
76.4395650111105 934.198101490552
76.5035009952069 379.6503038717651
76.56743697930332 45.92673786825591
76.63137296339971 102.99752084852696
76.69530894749614 409.12358654077417
76.75924493159255 634.1770985027829
76.82318091568894 560.4111831632395
76.88711689978538 274.2256394560128
76.95105288388177 56.388634298892406
77.01498886797818 88.16323587633157
77.07892485207459 269.7721237551575
77.142860836171 345.3464898919822
77.20679682026741 206.8079216286498
77.2707328043638 24.296187653905285
77.33466878846022 61.04768915175506
77.39860477255662 379.05180246571126
77.46254075665303 742.6330424481616
77.52647674074943 844.2574125517369
77.59041272484583 615.77714434234
77.65434870894225 277.53730517786585
77.71828469303865 97.71910321971994
77.78222067713507 144.1004070584568
77.84615666123148 279.3284919659946
77.91009264532788 361.31104006699775
77.97402862942428 398.7049262540296
78.0379646135207 487.65133562012966
78.1019005976171 634.1994442452063
78.1658365817135 720.9009199019905
78.22977256580992 650.9033595495422
78.29370854990631 488.1438563874533
78.35764453400273 449.4116392767357
78.42158051809913 688.2834384236957
78.48551650219555 1075.4788178465371
78.54945248629195 1289.6176540691224
78.61338847038836 1113.8379269467302
78.67732445448476 622.4573714454614
78.74126043858118 141.96808939982427
78.80519642267758 11.019083692430948
78.869132406774 318.13303670971123
78.9330683908704 849.8081126628131
78.9970043749668 1265.8351654347
79.06094035906321 1332.8616354350283
79.12487634315961 1044.1929849705136
79.18881232725603 580.8920767311849
79.25274831135243 185.8995765253456
79.31668429544885 22.004769860428382
79.38062027954525 88.77121232710115
79.44455626364166 251.42909486039244
79.50849224773806 344.662718945719
79.57242823183448 291.35642926170806
79.63636421593088 166.68833051248163
79.70030020002729 139.38078960034164
79.76423618412369 326.1480701711046
79.82817216822009 675.8352509696609
79.89210815231651 985.12210334887
79.95604413641291 1054.1130573701098
80.01998012050933 841.1785540105699
80.08391610460573 482.6066406273388
80.14785208870212 191.0798697456996
80.21178807279854 107.69032503725344
80.27572405689494 207.638701752102
80.33966004099136 353.3150019271535
80.4035960250878 431.8449269279092
80.46753200918418 427.6183725802803
80.53146799328057 392.0231372395624
80.59540397737699 370.5601987024808
80.6593399614734 358.23212131570585
80.72327594556981 320.26633153632304
80.78721192966621 243.66680034701915
80.85114791376263 155.18186332084275
80.91508389785902 92.23754965563586
80.97901988195542 68.58284672287645
81.04295586605184 71.81752572641055
81.10689185014826 81.05833565736657
81.17082783424466 79.20898611680846
81.23476381834105 62.89854802452256
81.29869980243747 52.264350789512605
81.36263578653389 93.44144954248824
81.42657177063029 241.86754497027027
81.49050775472669 506.4354774029636
81.55444373882311 800.0273831100553
81.6183797229195 981.9287588733315
81.6823157070159 966.0093020362007
81.74625169111233 790.8322079418293
81.81018767520874 590.3242408866647
81.87412365930514 478.8347344388617
81.93805964340153 452.32394980825586
82.00199562749795 411.0887094218357
82.06593161159437 283.46891407890195
82.12986759569075 114.35606383352793
82.19380357978719 15.41223799237804
82.2577395638836 36.63921905834055
82.32167554797998 112.46180604123636
82.38561153207641 146.84952307174956
82.44954751617281 137.75432614749275
82.51348350026922 187.06217044809617
82.57741948436562 384.7158656385984
82.64135546846204 688.2639792810919
82.70529145255843 917.7375483011735
82.76922743665484 911.6078502022211
82.83316342075126 684.8011517351821
82.89709940484767 386.79534658898024
82.96103538894407 155.14833824636136
83.02497137304046 45.948991457013726
83.08890735713689 54.70775003358486
83.1528433412333 171.04849811364332
83.2167793253297 383.0094539819413
83.28071530942611 622.8961553542161
83.34465129352252 760.8716249025204
83.4085872776189 691.5390607105594
83.47252326171532 451.61136104111046
83.53645924581174 234.1752890284516
83.60039522990814 228.1672302036628
83.66433121400455 444.7571212628114
83.72826719810097 708.7129198117432
83.79220318219737 799.9528092027361
83.85613916629377 636.0740519183634
83.92007515039019 343.79442697859923
83.9840111344866 136.51183575299646
84.047947118583 133.96208498744372
84.11188310267941 298.5267340658449
84.1758190867758 499.3293740619988
84.23975507087222 618.32744451054
84.30369105496862 611.3618125445125
84.36762703906504 495.31204072101247
84.43156302316144 315.8839489619928
84.49549900725786 135.79306632910303
84.55943499135425 21.302293123408088
84.62337097545067 16.05162166040279
84.68730695954707 115.38129482560171
84.75124294364348 263.01832490557325
84.8151789277399 388.9742318341648
84.87911491183628 456.72280603013417
84.9430508959327 473.25303446025634
85.0069868800291 469.1503320335288
85.07092286412552 475.75557445796017
85.13485884822192 510.43809717051687
85.19879483231831 570.6956631206169
85.26273081641473 633.052757448943
85.32666680051113 657.8016936644619
85.39060278460755 609.1015477123257
85.45453876870398 485.9111071097093
85.51847475280037 330.1080748661845
85.58241073689676 195.5002182753834
85.64634672099318 109.4259756028376
85.71028270508958 61.54861000413278
85.774218689186 29.167049606482838
85.8381546732824 13.673816106729848
85.90209065737882 42.57373140464097
85.96602664147521 131.97333525940928
86.02996262557161 254.5567896246665
86.09389860966803 354.73881843246045
86.15783459376445 404.574039880777
86.22177057786085 432.0546630452176
86.28570656195724 472.3772542262831
86.34964254605366 507.3369062007002
86.41357853015006 479.0252687979838
86.47751451424648 352.7660466924105
86.54145049834288 166.330003546825
86.6053864824393 31.68153194483182
86.66932246653569 54.724988050306585
86.73325845063209 227.8065492588874
86.79719443472851 429.63929218396095
86.86113041882493 529.2375246608538
86.92506640292133 479.9930732714236
86.98900238701773 350.0870111922153
87.05293837111414 273.3255080911132
87.11687435521054 341.9816752981479
87.18081033930694 537.852150894698
87.24474632340338 759.7479070069011
87.3086823074998 899.3595428039232
87.37261829159618 896.6487640761347
87.43655427569261 764.6439134341582
87.50049025978899 587.8361116405744
87.5644262438854 466.57060225916314
87.62836222798181 430.0382439538821
87.69229821207823 423.16172193039154
87.75623419617462 391.666537589726
87.82017018027102 354.4196246479883
87.88410616436745 397.7134660484683
87.94804214846386 611.7012624428261
88.01197813256026 983.4174717053064
88.07591411665666 1337.7374132696216
88.1398501007531 1450.552775634363
88.20378608484947 1242.0425222649667
88.26772206894589 834.3091899389274
88.3316580530423 433.1001322169904
88.39559403713871 173.10528005047817
88.45953002123511 59.21940112658668
88.5234660053315 24.331579080282623
88.58740198942793 20.611891690504436
88.65133797352433 45.3246360182866
88.71527395762074 94.5530271065781
88.77920994171716 129.7593906922976
88.84314592581357 111.01102849864284
88.90708190990995 55.75116650113246
88.97101789400638 42.75137549193985
89.03495387810278 142.21208988342715
89.09888986219919 350.26358679007353
89.1628258462956 594.0399132817789
89.226761830392 787.539223705079
89.29069781448841 881.1373601672365
89.35463379858481 860.0053898666138
89.41856978268123 719.6616847638497
89.48250576677763 480.34907538521594
89.54644175087405 218.41515634299637
89.61037773497043 47.91492296111406
89.67431371906686 41.157237231625295
89.73824970316326 157.63439870124935
89.80218568725967 272.5624221445641
89.86612167135608 290.5347006784524
89.93005765545249 223.4487282874716
89.99399363954889 156.7925618067595
90.0579296236453 153.74675109762703
90.12186560774173 204.5693850767477
90.18580159183811 262.1722119750969
90.24973757593453 300.3920164114464
90.3136735600309 317.3684897607709
90.37760954412732 299.6610657370824
90.44154552822374 226.11035231877744
90.50548151232015 120.31084660297653
90.56941749641656 74.19576229399921
90.63335348051297 177.5437300767946
90.69728946460937 397.972778323982
90.76122544870577 571.5757370859128
90.8251614328022 559.793084686033
90.8890974168986 402.89756201447005
90.95303340099501 306.02407288278783
91.01696938509139 451.22719741935555
91.0809053691878 783.8649171981301
91.14484135328422 1022.8788647737342
91.20877733738064 931.0296439747152
91.27271332147704 546.260775096752
91.33664930557345 148.9367178585846
91.40058528966986 26.11290983904416
91.46452127376625 233.2609801223184
91.52845725786267 566.12219039044
91.59239324195907 763.322519916953
91.65632922605549 711.0175643035416
91.72026521015187 479.0815013449847
91.78420119424828 222.7725470701681
91.84813717834471 60.582442723658815
91.91207316244112 22.11611959561797
91.97600914653752 77.01413772229022
92.03994513063392 179.13447464136937
92.10388111473034 287.1287242159528
92.16781709882673 371.6103229455885
92.23175308292313 421.903687643309
92.29568906701955 451.24470549297234
92.35962505111598 490.0890568771263
92.42356103521236 566.5632491762415
92.4874970193088 687.9099003562524
92.5514330034052 831.3740357377178
92.6153689875016 942.4224703886998
92.679304971598 947.3999801032128
92.7432409556944 800.322712792787
92.80717693979082 538.1818870040108
92.87111292388721 267.5690738587896
92.93504890798364 84.00215780427052
92.99898489208003 10.659730891086628
93.06292087617645 1.679878172302854
93.12685686027284 1.0472537719607715
93.19079284436928 4.618303088149744
93.25472882846567 54.328296677964325
93.31866481256208 175.02699419458003
93.38260079665848 331.910369529281
93.44653678075488 454.14057418834955
93.5104727648513 492.2015759807621
93.57440874894769 444.154112131438
93.63834473304412 341.04993537486695
93.70228071714051 219.6308616041086
93.76621670123693 113.61587762603968
93.83015268533335 59.467482928860605
93.89408866942976 65.81956515637397
93.95802465352617 83.05069349935333
94.02196063762257 53.47182699135869
94.08589662171896 10.157793693641723
94.14983260581536 114.83560970020439
94.21376858991178 533.6874835306037
94.2777045740082 1227.6758520551587
94.34164055810461 1899.4993357536168
94.40557654220099 2177.1901349046516
94.46951252629742 1907.3533711696136
94.53344851039382 1304.3495441631067
94.59738449449024 763.9147801645834
94.66132047858665 530.4372463895265
94.72525646268305 533.5344172925423
94.78919244677944 527.6826171043799
94.85312843087584 382.699437505136
94.91706441497229 201.31734982343605
94.98100039906868 161.53866898196034
95.04493638316511 311.52861237054526
95.10887236726147 539.4192131404468
95.1728083513579 712.4627478451754
95.2367443354543 808.7624094488552
95.30068031955071 898.2049664081508
95.36461630364713 1009.7074020061197
95.42855228774351 1055.6194662535347
95.49248827183992 920.5000927774314
95.55642425593632 603.1851234224587
95.62036024003277 245.3839400320097
95.68429622412916 46.4885874639636
95.74823220822559 164.2100334875148
95.81216819232195 648.5775251919998
95.87610417641838 1387.5258115585248
95.94004016051478 2089.25114349626
96.0039761446112 2394.936450368911
96.0679121287076 2106.547482987064
96.131848112804 1371.789276190112
96.1957840969004 662.2039775202236
96.25972008099683 481.8895894912088
96.32365606509325 963.4098300835004
96.38759204918964 1715.744804847524
96.45152803328605 2137.9265595420898
96.51546401738243 1920.4723855689404
96.57940000147886 1264.2479182035609
96.64333598557526 668.5244608940556
96.70727196967168 507.4887037932128
96.77120795376808 768.1750852487845
96.83514393786449 1167.0029574059172
96.89907992196089 1458.643838918634
96.9630159060573 1601.9208102174268
97.02695189015373 1679.6544433019585
97.09088787425011 1715.7469145008542
97.15482385834653 1608.8542244754913
97.2187598424429 1260.7446393005887
97.28269582653932 737.0039555337288
97.34663181063576 256.86335694386486
97.41056779473217 17.311444897708505
97.47450377882856 41.76295176163743
97.53843976292498 192.50072488614128
97.60237574702137 305.50247804721334
97.66631173111777 309.83492842046746
97.7302477152142 238.62388053767813
97.7941836993106 157.070698353838
97.85811968340701 102.61606295277626
97.92205566750339 86.267232490605
97.98599165159985 119.20630171971064
98.04992763569624 211.1802167091588
98.11386361979264 341.8697532766718
98.17779960388904 451.43060273267554
98.24173558798546 480.1459882407792
98.30567157208186 426.07789571682525
98.36960755617825 349.43555792868455
98.43354354027468 310.1651860100856
98.49747952437107 309.9346366077869
98.56141550846749 295.6027885227416
98.62535149256387 218.80877874730237
98.68928747666033 98.76524821778877
98.75322346075671 16.386729330964513
98.81715944485312 35.30858775845809
98.88109542894952 134.3692378617251
98.94503141304592 221.16038650716587
99.00896739714234 217.04681645956876
99.07290338123873 139.0342576625953
99.13683936533516 88.40223816226299
99.20077534943155 142.27032233938232
99.26471133352798 264.26283294192643
99.32864731762439 333.1868057723644
99.3925833017208 259.92811019783
99.4565192858172 91.2150368511112
99.5204552699136 1.2984312495126644
99.58439125401 145.3001096779614
99.6483272381064 502.8476805362517
99.71226322220282 874.6490566781079
99.77619920629925 1028.4561755352645
99.84013519039564 871.0986919349164
99.90407117449203 518.600268269763
99.96800715858846 194.03870220737875
100.03194314268487 42.099590697457664
100.09587912678128 43.068134852263135
100.15981511087767 83.16440599734943
100.22375109497408 81.70022631125565
100.28768707907048 48.67603080597205
100.35162306316688 35.90312354485924
100.41555904726332 61.09970005938945
100.47949503135972 99.7484501389992
100.54343101545612 144.17700961038557
100.60736699955253 241.17828078398995
100.67130298364894 445.7099103244541
100.73523896774535 732.8267569936214
100.79917495184174 967.6069953252963
100.86311093593817 995.57142569227
100.92704692003456 785.7761115791191
100.99098290413096 469.044273369367
101.0549188882274 230.32619459274227
101.1188548723238 168.03220055317888
101.1827908564202 237.72778022002692
101.2467268405166 317.08588524997833
101.310662824613 322.0927300821595
101.37459880870942 265.2351433651131
101.43853479280583 218.53995597739967
101.50247077690224 229.12335491788025
101.56640676099865 274.51471150259835
101.63034274509504 297.959261310618
101.69427872919144 268.3898560446581
101.75821471328788 201.3883965022933
101.82215069738427 136.29597581317267
101.88608668148068 98.31743941217624
101.95002266557708 80.20262021205404
102.01395864967348 59.14434892247425
102.0778946337699 28.189110471515583
102.1418306178663 4.745183927292319
102.20576660196272 6.0490679972664685
102.26970258605913 23.456671328194467
102.33363857015551 30.162808783136075
102.39757455425195 18.971090957530095
102.46151053834834 28.13864805365544
102.52544652244477 114.14002669447721
102.58938250654116 287.9526022085828
102.65331849063756 480.32699063369057
102.71725447473396 577.4930945300806
102.78119045883038 512.2752698169346
102.8451264429268 332.86242984258206
102.9090624270232 161.43156503211276
102.9729984111196 82.87205225621203
103.03693439521602 88.5088713145487
103.10087037931243 111.31079807941656
103.16480636340881 104.55617886728749
103.22874234750525 88.7987328496222
103.29267833160164 114.65964109100624
103.35661431569804 196.18421591824537
103.42055029979444 303.39421736812966
103.48448628389087 404.9837471237516
103.54842226798728 494.4852462928523
103.61235825208368 574.5659755453986
103.67629423618008 627.1222809055391
103.7402302202765 609.494206860586
103.8041662043729 497.289322950137
103.8681021884693 328.14478141603604
103.93203817256573 173.68286625099296
103.99597415666211 75.24875140963697
104.05991014075852 34.01197970775342
104.12384612485492 56.96948012827044
104.18778210895135 187.0075136095336
104.25171809304776 460.7864049335731
104.31565407714416 825.315483158359
104.37959006124056 1117.117566320724
104.44352604533698 1178.4084435073837
104.50746202943338 1021.3804152855464
104.5713980135298 831.3482499020024
104.6353339976262 793.5168103513115
104.6992699817226 941.123199366312
104.763205965819 1127.9272771017959
104.82714194991541 1140.5697419166052
104.89107793401185 895.3787297003349
104.95501391810824 513.2288221971861
105.01894990220464 191.4532243704141
105.08288588630104 40.54059009082525
105.14682187039746 31.952301359974857
105.21075785449386 64.01077667651941
105.27469383859028 64.70612241104125
105.33862982268668 33.69878730001323
105.40256580678307 6.01662200987318
105.4665017908795 0.7443110908420587
105.5304377749759 9.018450182247951
105.59437375907233 15.463688415948564
105.65830974316872 15.837356215301416
105.72224572726512 15.086048776877211
105.78618171136152 18.325485110012284
105.85011769545793 28.125776168203032
105.91405367955436 46.07729127135845
105.97798966365076 72.2099259804807
106.04192564774716 105.21695219927716
106.10586163184358 147.2971670361681
106.16979761593998 206.51560391621297
106.23373360003637 287.6061357988486
106.2976695841328 374.74734402505777
106.3616055682292 425.5837480477442
106.4255415523256 401.9751157014885
106.489477536422 322.73208149971686
106.55341352051845 267.81332722541606
106.61734950461484 309.6290386205645
106.68128548871124 443.0826553996216
106.74522147280764 582.5441143229718
106.80915745690406 625.4594058159713
106.87309344100046 532.9264541512339
106.93702942509687 358.75433649456687
107.00096540919328 199.61481664418895
107.06490139328967 120.16811152231897
107.12883737738608 125.57359166973006
107.19277336148248 186.46058687958777
107.25670934557893 265.93425111995487
107.32064532967532 318.00661227203716
107.38458131377172 287.50760156823605
107.44851729786812 160.28269223028806
107.51245328196453 28.51080838432337
107.57638926606094 68.8990103952731
107.64032525015735 409.5573749850096
107.70426123425376 974.133864848193
107.76819721835017 1458.3441599960408
107.83213320244656 1543.3379710381055
107.89606918654297 1171.2971253870808
107.9600051706394 586.9617288523859
108.0239411547358 136.34154194741453
108.0878771388322 11.993415327689684
108.1518131229286 126.27561371637512
108.215749107025 238.09054733487247
108.27968509112142 207.94726815270567
108.34362107521784 93.80823100477028
108.40755705931424 28.78573154614404
108.47149304341065 54.046052034457766
108.53542902750706 90.045675592367
108.59936501160345 63.55560006647514
108.66330099569988 13.391399295195788
108.72723697979627 44.16173312071344
108.79117296389268 188.2567643748066
108.85510894798908 344.60923896440426
108.91904493208548 388.4319172156785
108.98298091618192 316.98983370072807
109.04691690027832 255.85583174888188
109.11085288437472 330.37990077273366
109.17478886847113 528.6368678916605
109.23872485256754 704.3986965217083
109.30266083666395 724.9821229624118
109.36659682076034 587.0959731241246
109.43053280485675 392.23503116388855
109.49446878895316 239.6003438243668
109.55840477304956 154.16899585675932
109.622340757146 112.07452766223174
109.6862767412424 99.52237315802024
109.7502127253388 115.78432439279108
109.8141487094352 136.6316295575768
109.8780846935316 117.68655650805056
109.94202067762802 52.050169804954095
110.00595666172443 2.461145299697921
110.06989264582084 47.634637371345995
110.13382862991725 188.5407738019217
110.19776461401364 323.1217674642748
110.26170059811004 335.44580433615016
110.32563658220649 212.7176139033301
110.38957256630287 62.86757845040335
110.45350855039928 7.300621663926138
110.51744453449568 68.87472690864313
110.58138051859208 175.50086751714454
110.6453165026885 246.22227076883416
110.7092524867849 264.3235464876786
110.77318847088132 278.8604021278141
110.83712445497773 340.2224117669843
110.90106043907412 474.37487165422897
110.96499642317055 714.9572090062644
111.02893240726696 1076.693731291949
111.09286839136335 1481.6996216064688
111.15680437545976 1748.0140070016198
111.22074035955616 1675.2075104273642
111.28467634365256 1209.332042812534
111.34861232774898 560.2140780337681
111.4125483118454 90.49591206502673
111.4764842959418 27.21691795733473
111.5404202800382 278.82564211696695
111.60435626413462 531.4617429022828
111.66829224823103 528.5695472634143
111.73222823232742 290.9296069990927
111.79616421642385 79.94608851844768
111.86010020052024 138.45835383683925
111.92403618461664 460.500037209101
111.98797216871304 795.296798278122
112.05190815280947 871.2038177083498
112.11584413690588 636.8555858359841
112.17978012100228 296.9506787525296
112.24371610509868 128.07121676940477
112.3076520891951 254.67433170736223
112.3715880732915 557.9393744997153
112.4355240573879 782.7421974188532
112.49946004148433 754.7720354413677
112.56339602558072 510.3422368231308
112.62733200967712 236.7312986279269
112.69126799377352 103.55396891310552
112.75520397786995 135.9523228508656
112.81913996196636 225.4890871319984
112.88307594606276 248.82824591216487
112.94701193015916 172.23420940699467
113.01094791425558 59.72695335812893
113.07488389835198 3.4603932704691998
113.1388198824484 48.02287554275037
113.2027558665448 172.4290470392346
113.2666918506412 322.4646760522217
113.3306278347376 436.024339427622
113.39456381883402 457.66285658460384
113.45849980293043 367.6048445147639
113.52243578702684 204.5418023473248
113.58637177112324 55.59900607234185
113.65030775521964 5.213953126470585
113.71424373931606 65.24675346850219
113.77817972341246 158.4111916015133
113.84211570750888 188.79047323076415
113.90605169160528 134.74496752799735
113.96998767570167 71.86035836392209
114.0339236597981 94.71378702806564
114.0978596438945 213.23697955911624
114.16179562799093 336.7353672625472
114.22573161208732 360.90146881938654
114.28966759618372 265.7163583279872
114.35360358028012 126.55942498040729
114.41753956437653 33.43388526944296
114.48147554847296 12.121166633366425
114.54541153256936 30.938719602880877
114.60934751666576 69.51626500957717
114.67328350076218 154.30309732442615
114.73721948485858 314.0449133703068
114.80115546895497 510.9216681822005
114.8650914530514 634.0220233274102
114.9290274371478 583.3085211486629
114.9929634212442 373.1617485240536
115.0568994053406 136.16786012826623
115.12083538943703 10.580476616440777
115.18477137353344 28.485497125783972
115.24870735762984 106.95071603928612
115.31264334172624 138.60315290440374
115.37657932582266 91.79868964452253
115.44051530991906 25.674280993552383
115.50445129401545 15.650500941338116
115.56838727811189 72.85810531374268
115.63232326220827 138.43381812570232
115.69625924630468 152.6630327910538
115.76019523040108 121.93004885619816
115.82413121449753 115.442131020947
115.88806719859392 197.80128059705316
115.95200318269032 363.62486663025686
116.01593916678672 533.4229099697245
116.07987515088314 610.5089268510163
116.14381113497954 552.7179380936135
116.20774711907595 399.2990681866282
116.27168310317236 228.9691999614797
116.33561908726875 99.94348052074585
116.39955507136516 28.431065221804722
116.46349105546157 3.695759305861245
116.527427039558 12.571752961003618
116.5913630236544 46.66627052608539
116.6552990077508 87.6745716166663
116.7192349918472 101.60861334885713
116.7831709759436 66.05432349803677
116.84710696004002 10.81000525907794
116.91104294413644 18.185010903554673
116.97497892823284 158.2973533120665
117.03891491232925 406.6861019985884
117.10285089642566 625.3207960108855
117.16678688052205 655.3409540642698
117.23072286461849 459.64318884104733
117.29465884871487 174.1103433475108
117.35859483281128 7.213543019749813
117.42253081690768 66.68416831727305
117.48646680100408 265.7231876315237
117.55040278510052 407.3404736628914
117.61433876919692 364.26020465521026
117.67827475329332 184.71168815970864
117.74221073738973 36.07394899887321
117.80614672148614 38.65662583454337
117.87008270558255 161.15502788126457
117.93401868967896 274.22261126596686
117.99795467377535 275.826462182908
118.06189065787176 175.6951292281337
118.12582664196816 71.51147334696518
118.1897626260646 35.90136019362499
118.253698610161 56.22076399840012
118.3176345942574 83.2868277014567
118.3815705783538 90.72185976121833
118.4455065624502 81.00731329314881
118.50944254654662 60.95763654676368
118.57337853064303 37.33390251730972
118.63731451473944 51.11842030983154
118.70125049883583 189.18323113151183
118.76518648293224 516.289241037817
118.82912246702864 971.3141169471064
118.89305845112509 1338.62863565055
118.95699443522147 1377.568629010889
119.02093041931788 1033.4268662965114
119.08486640341428 509.1999626318315
119.14880238751068 109.7781621526096
119.2127383716071 7.533750979991902
119.2766743557035 124.41844462934408
119.34061033979992 233.3040247113381
119.40454632389633 194.60434742439733
119.46848230799272 79.86870868556035
119.53241829208913 64.5425740486766
119.59635427618556 224.96657523720043
119.66029026028195 439.28467200267113
119.72422624437836 501.5482133436511
119.78816222847476 342.8025953740936
119.85209821257116 105.43107366608164
119.91603419666758 0.7660498662559707
119.979970180764 113.34899202115992
120.0439061648604 331.1089829181144
120.1078421489568 466.61871869002977
120.17177813305322 438.93086967550505
120.23571411714963 316.5914395523066
120.29965010124604 211.54590638995307
120.36358608534243 165.6889445978859
120.42752206943884 140.02873023832143
120.49145805353524 97.78377453166314
120.55539403763164 63.183080814566345
120.61933002172808 78.95447747764835
120.68326600582448 130.7484397977789
120.74720198992088 150.20721198677418
120.81113797401729 102.35669032397315
120.8750739581137 44.13695031868281
120.9390099422101 71.237733189095
121.0029459263065 211.41461576365973
121.06688191040293 392.71849147497886
121.13081789449932 532.4299609968322
121.19475387859572 643.1905438682535
121.25868986269212 818.4569711952344
121.32262584678855 1098.855368514143
121.38656183088496 1378.3945468789086
121.45049781498136 1481.6936276912857
121.51443379907776 1343.6399830305395
121.57836978317418 1094.341017013691
121.64230576727059 933.981187684106
121.706241751367 925.6081237051804
121.7701777354634 958.1178362280666
121.8341137195598 901.1651798111367
121.8980497036562 762.8403141198957
121.96198568775264 711.8086331917148
122.02592167184903 907.368869928694
122.08985765594544 1288.4007832965858
122.15379364004184 1603.6654336528654
122.21772962413824 1638.701463952931
122.28166560823466 1366.8541612992883
122.34560159233106 942.3114527172957
122.40953757642748 579.4764453299749
122.47347356052389 399.257896267167
122.53740954462027 377.3268882748745
122.6013455287167 419.373611816141
122.6652815128131 451.0146799720096
122.72921749690953 445.2655944105696
122.79315348100592 404.4082497715364
122.85708946510232 340.3211686947655
122.92102544919872 267.1866896283867
122.98496143329514 197.89713509644113
123.04889741739156 143.8884639020486
123.11283340148796 119.29851957321812
123.17676938558436 138.8335920197187
123.24070536968075 202.3503829867332
123.30464135377719 280.96965190364733
123.36857733787357 328.76953790851667
123.43251332197 320.55612296681676
123.4964493060664 287.0200522492819
123.5603852901628 301.75298420824555
123.6243212742592 405.7114308468728
123.68825725835563 547.4575889161362
123.75219324245204 621.6473622324852
123.81612922654844 560.5502103562162
123.88006521064484 383.32502728841433
123.94400119474126 177.2502757178227
124.00793717883766 37.64962362563068
124.07187316293405 12.672736677512704
124.13580914703049 92.02322826293066
124.19974513112687 228.2055615073681
124.26368111522328 357.9648620158094
124.32761709931968 423.1142012380994
124.39155308341611 398.2951400139579
124.45548906751252 312.62339301908395
124.51942505160892 235.3147861262984
124.58336103570532 215.86503581731483
124.64729701980174 237.37110155866748
124.71123300389814 245.7977142786993
124.77516898799453 222.7556065713526
124.83910497209096 210.93473835802385
124.90304095618735 253.37454921230025
124.96697694028376 322.26945613095324
125.03091292438017 337.09133393006744
125.0948489084766 252.32062477942733
125.158784892573 112.92984341896327
125.2227208766694 17.37517313630923
125.2866568607658 22.748776158312168
125.35059284486222 102.50494960664578
125.41452882895862 209.71933741662676
125.47846481305504 342.9959451068772
125.54240079715144 511.2988889492232
125.60633678124783 658.9029498328252
125.67027276534427 669.9392543344128
125.73420874944065 479.65845837381994
125.79814473353709 193.3867128447692
125.86208071763348 40.3353727988591
125.92601670172988 149.64108673011393
125.98995268582628 396.4551180293706
126.05388866992269 513.574659042304
126.11782465401912 366.22854629731256
126.18176063811552 103.87577221555544
126.24569662221192 15.949805237064815
126.30963260630833 232.40112519889303
126.37356859040474 578.8315432134335
126.43750457450113 745.9768481797504
126.50144055859757 598.9979906824756
126.56537654269395 287.38536467516326
126.62931252679036 65.45875328648151
126.69324851088676 45.238432692661505
126.7571844949832 127.892257999135
126.8211204790796 157.0559512713084
126.885056463176 94.05533346585882
126.9489924472724 21.60510046879121
127.01292843136882 16.958333279624544
127.07686441546522 61.3494453687296
127.14080039956163 82.05468682473763
127.20473638365804 52.831964936120336
127.26867236775443 13.375702781211611
127.33260835185084 2.2725547141012155
127.39654433594724 8.658746109119859
127.46048032004369 10.860046309641092
127.52441630414008 47.73991120568053
127.58835228823648 208.3413735507081
127.65228827233288 528.9366919580582
127.71622425642929 907.4754347485117
127.7801602405257 1145.962713596041
127.8440962246221 1106.2388766938316
127.90803220871852 823.8381161824797
127.97196819281493 470.4850048201334
128.03590417691134 221.6631180160317
128.09984016100776 155.2876386422712
128.16377614510415 250.35133026340492
128.22771212920057 447.7019520204448
128.29164811329696 692.3796379497153
128.35558409739335 927.129384255408
128.4195200814898 1070.3430596891983
128.48345606558618 1037.4342963518816
128.5473920496826 809.8626186802213
128.611328033779 475.6880805744452
128.6752640178754 185.18723781385071
128.73920000197182 56.55947240772643
128.8031359860682 106.46982740541019
128.86707197016463 246.68808749735427
128.93100795426105 346.46273773983467
128.99494393835744 323.56990846916153
129.05887992245383 196.77177784237563
129.12281590655027 61.75409104900671
129.18675189064666 12.945622427228415
129.25068787474308 66.56726851039423
129.31462385883947 147.7551415975501
129.37855984293589 160.31921124410223
129.4424958270323 83.20691603072748
129.50643181112872 6.978056695750169
129.5703677952251 67.7363777541895
129.63430377932153 334.132704272961
129.69823976341792 742.916880120227
129.76217574751433 1127.1513929092548
129.82611173161075 1319.89863789263
129.89004771570714 1254.3355881604928
129.95398369980356 979.5517565760867
130.01791968389995 612.3676428883446
130.08185566799636 279.1405110971053
130.14579165209278 69.72525683863424
130.2097276361892 14.620866761666312
130.2736636202856 76.0826552872783
130.337599604382 158.16681765382043
130.40153558847842 166.17650671818296
130.4654715725748 87.31697030941129
130.52940755667123 15.032727964898115
130.59334354076762 91.51507794273283
130.65727952486404 392.47778791574734
130.72121550896043 830.0579779351427
130.78515149305684 1193.5277446854625
130.84908747715326 1304.5901682117178
130.91302346124968 1123.497697325705
130.97695944534607 754.117460534328
131.0408954294425 383.6074983395063
131.1048314135389 160.36254735290913
131.1687673976353 98.29055726027251
131.2327033817317 118.16586319574986
131.29663936582813 160.8413707842796
131.36057534992452 244.45729903811153
131.4245113340209 425.4899165412325
131.48844731811735 710.6594484750788
131.55238330221374 1012.0740526552883
131.61631928631016 1190.7896629800664
131.68025527040655 1156.943811845554
131.74419125450297 950.134898610533
131.80812723859938 715.2614659935489
131.87206322269577 588.2281616209358
131.9359992067922 613.8101715038437
131.9999351908886 749.1526510084227
132.063871174985 904.5836520733443
132.1278071590814 980.5905346667907
132.19174314317783 898.299876338947
132.25567912727422 644.195826572887
132.31961511137064 313.4440827403988
132.38355109546703 85.94329788050732
132.44748707956344 130.25138451645964
132.51142306365986 485.8938773588081
132.57535904775625 993.4951546240488
132.63929503185267 1368.0024658569907
132.7032310159491 1391.3127687847827
132.76716700004548 1059.1114287742967
132.8311029841419 571.9571912373076
132.8950389682383 181.07278831674932
132.95897495233467 17.78881759832075
133.02291093643112 52.692758537679595
133.0868469205275 179.12700712616248
133.15078290462392 310.4822062730391
133.21471888872034 404.6738214600618
133.27865487281676 430.4924395404016
133.34259085691315 362.2922458095708
133.40652684100957 215.51039421474908
133.47046282510598 68.22650772238691
133.53439880920237 21.991054826783422
133.5983347932988 108.57797870212671
133.66227077739515 247.125535662504
133.7262067614916 317.8597174337595
133.790142745588 284.7605813356586
133.8540787296844 244.70697417662328
133.91801471378082 333.1077126094144
133.98195069787724 577.1601722187302
134.04588668197363 843.3496158098784
134.10982266607004 926.4722284224657
134.17375865016646 730.381916050448
134.23769463426285 371.7107908614001
134.30163061835927 85.61141621918497
134.3655666024557 43.4528304828042
134.42950258655208 243.89578150916344
134.4934385706485 541.0446707069995
134.5573745547449 778.8281485585651
134.62131053884127 908.5974644811539
134.68524652293772 977.3470263969018
134.7491825070341 1012.9139427713184
134.81311849113052 960.8613950320063
134.87705447522694 760.9397424934307
134.94099045932333 453.5347098807713
135.00492644341975 181.0140274451298
135.06886242751617 86.06976173259469
135.13279841161255 186.10729898202905
135.19673439570897 339.3189420207742
135.2606703798054 380.0935596787037
135.32460636390175 292.0081075286097
135.3885423479982 209.2889330287034
135.4524783320946 251.4899527249445
135.516414316191 373.8294462752928
135.58035030028742 405.5933338265742
135.6442862843838 258.5550082042224
135.70822226848023 68.03386387062163
135.77215825257665 90.82750628013588
135.83609423667303 440.8564680555176
135.90003022076945 931.5389519890691
135.96396620486587 1222.0064667759655
136.02790218896223 1117.0974542402323
136.09183817305868 717.8807123319287
136.1557741571551 314.26349131527587
136.21971014125148 131.7865444705025
136.2836461253479 166.4613991409724
136.34758210944432 252.36113896523688
136.4115180935407 250.3087144205416
136.47545407763712 152.95811883686537
136.53939006173354 43.6864568415192
136.60332604582993 6.828653626741149
136.66726202992635 82.48209500862869
136.7311980140227 259.22774211762936
136.79513399811916 464.98757786525624
136.85906998221557 573.1340605841167
136.92300596631196 481.6859560063565
136.98694195040835 231.1804583197244
137.0508779345048 34.228016061623414
137.1148139186012 138.6616728047156
137.1787499026976 596.9444916610573
137.24268588679402 1172.9542306167682
137.3066218708904 1515.9108492280359
137.37055785498683 1433.4539439259547
137.43449383908325 1021.042570501295
137.49842982317963 550.7661715074076
137.56236580727605 233.63130545799248
137.62630179137244 98.9753370905598
137.69023777546883 79.71996479915083
137.75417375956528 148.08968201389584
137.81810974366167 329.82397025167137
137.88204572775808 605.5255288784718
137.9459817118545 849.4746334369303
138.0099176959509 900.9803015252819
138.0738536800473 707.8118700000306
138.13778966414372 388.02572512365646
138.2017256482401 130.88795656584432
138.26566163233653 43.863442639328
138.32959761643295 97.05709760524832
138.3935336005293 184.93938528298972
138.45746958462576 221.118689839384
138.52140556872217 187.1027236901676
138.58534155281856 119.12558747588868
138.64927753691495 67.28820707440462
138.71321352101137 61.649889846615736
138.7771495051078 94.87141362827379
138.8410854892042 126.6098241633016
138.9050214733006 115.82644073621933
138.968957457397 62.83247380228167
139.03289344149343 19.209735684247462
139.0968294255898 38.918488305183054
139.16076540968623 114.02485124976847
139.22470139378265 176.20333706241493
139.28863737787904 169.7704888301549
139.35257336197543 117.8175024568751
139.41650934607188 102.62328639576374
139.48044533016827 168.79240578998267
139.54438131426468 260.7656834510027
139.60831729836107 274.85689358454454
139.6722532824575 173.8358935411106
139.7361892665539 40.89245389630318
139.80012525065027 5.760529691638653
139.8640612347467 120.22443817104016
139.92799721884313 313.91742686504466
139.99193320293952 461.9793915021808
140.0558691870359 492.88470743369527
140.11980517113236 436.11491384796307
140.18374115522874 377.83981026734824
140.24767713932516 388.1694423737018
140.31161312342158 478.4581599411448
140.37554910751797 597.8031749484319
140.4394850916144 661.3930028812468
140.5034210757108 605.1170754342077
140.5673570598072 441.9269614902649
140.6312930439036 260.21386271693325
140.695229028 154.6585415503667
140.7591650120964 155.63998662849212
140.82310099619284 213.66848636671213
140.88703698028922 256.799009241852
140.95097296438564 268.14026022531374
141.01490894848203 289.8589303899215
141.07884493257845 344.08591169575567
141.14278091667487 373.237636330909
141.20671690077128 302.357155241157
141.27065288486767 149.78922926562626
141.3345888689641 32.542801660351365
141.3985248530605 59.91679175934685
141.46246083715687 205.99744013457007
141.52639682125331 316.269638003119
141.59033280534973 285.25111883662925
141.65426878944612 156.29819974064034
141.7182047735425 54.05164822625035
141.78214075763893 77.17426558596279
141.84607674173535 213.4981876963604
141.91001272583176 377.5873655916902
141.97394870992815 535.9370376659174
142.03788469402457 699.7030248720093
142.101820678121 833.9970745866757
142.16575666221735 855.2863214809782
142.2296926463138 717.4490277029203
142.2936286304102 502.45667753984856
142.3575646145066 384.7157359733964
142.421500598603 448.96724998747817
142.48543658269944 577.2675994020094
142.54937256679582 579.0565529062969
142.61330855089224 407.0423602292644
142.67724453498863 189.1589373295805
142.74118051908505 65.06172983198556
142.80511650318147 38.50354470439574
142.86905248727783 27.569641340917983
142.93298847137427 40.012513936657626
142.9969244554707 204.37741684912197
143.06086043956708 566.7587125306238
143.12479642366347 907.0039817258896
143.18873240775991 899.5284774267618
143.2526683918563 521.3898001868455
143.31660437595272 219.31750914179972
143.3805403600491 576.9533845565044
143.44447634414553 1703.7738642776512
143.50841232824195 2968.165647733238
143.57234831233836 3498.023028078177
143.63628429643475 2936.2659221557387
143.70022028053117 1689.9764153569697
143.76415626462756 551.0226507763697
143.82809224872395 37.5497539174242
143.8920282328204 56.651698611210094
143.95596421691678 192.43782764077235
144.0199002010132 188.71252090625407
144.0838361851096 99.29281886055801
144.147772169206 78.24581632059174
144.21170815330242 161.85644467554667
144.27564413739884 307.01164462119107
144.33958012149523 543.8592152532657
144.40351610559165 963.7230419102561
144.46745208968807 1521.556678746049
144.53138807378443 1930.9720328825729
144.59532405788087 1884.2514679690976
144.65926004197726 1394.2235805396347
144.72319602607368 835.7556766397406
144.78713201017007 601.94678116174
144.8510679942665 734.6633125436589
144.9150039783629 925.3495640035219
144.97893996245932 867.8835828394388
145.0428759465557 560.4113252024897
145.10681193065213 253.84448088569744
145.17074791474855 158.63481243497003
145.2346838988449 245.921582568356
145.29861988294135 330.07246328952976
145.36255586703777 298.9211035975812
145.42649185113416 204.7734958648059
145.49042783523055 143.82885977157568
145.554363819327 126.4626276223741
145.61829980342338 98.38035715892973
145.6822357875198 47.18589203197294
145.7461717716162 26.05330434828204
145.8101077557126 63.19378768538903
145.87404373980903 103.84091489504192
145.9379797239054 82.19796907914275
146.00191570800183 32.35928862051393
146.06585169209825 70.81339428497016
146.12978767619464 244.13343460950088
146.19372366029103 437.4072797860273
146.25765964438747 474.6985138672849
146.32159562848386 313.9208723531693
146.38553161258028 108.84771899816876
146.44946759667667 39.374658727693244
146.5134035807731 111.82564604355719
146.5773395648695 175.0112474033576
146.64127554896592 122.04543550997067
146.7052115330623 35.37502645083019
146.76914751715873 95.9405005982692
146.83308350125512 359.41388422527655
146.8970194853515 672.0188079574596
146.96095546944795 835.0898623225618
147.02489145354434 834.4123166872579
147.08882743764076 848.3963618014288
147.15276342173715 1018.576465987934
147.21669940583357 1274.3994920358568
147.28063538992998 1395.3707227356372
147.3445713740264 1217.5164206484355
147.4085073581228 793.1973254332382
147.4724433422192 348.892909938905
147.53637932631563 77.90167246156491
147.600315310412 5.865150462593755
147.66425129450843 56.36562947785401
147.72818727860482 182.103001827125
147.79212326270124 391.2116242027036
147.85605924679763 659.7345084712564
147.91999523089405 865.2941167593996
147.98393121499046 860.8210425393949
148.04786719908688 619.8448659654288
148.11180318318327 280.18188324955753
148.1757391672797 43.2928714313241
148.2396751513761 28.390149237407808
148.3036111354725 196.0063500715937
148.3675471195689 396.2470796155432
148.43148310366533 493.2985092450391
148.49541908776172 450.05162801587073
148.5593550718581 313.5922457134668
148.62329105595455 154.23689753053995
148.68722704005094 33.8359812523227
148.75116302414736 3.4062340454917006
148.81509900824375 91.07503204181837
148.87903499234017 274.95008452249897
148.94297097643658 468.78005922783535
149.00690696053297 560.51740477103
149.0708429446294 497.31298560301
149.1347789287258 333.8899614762787
149.1987149128222 191.40275591633105
149.2626508969186 165.65076231650718
149.32658688101503 254.57501852110047
149.39052286511142 363.55436072357327
149.45445884920784 393.00821999554336
149.51839483330423 323.2055054051039
149.58233081740065 211.8358437585555
149.64626680149706 123.67652707890154
149.71020278559345 74.6767752270495
149.77413876968987 41.454171781355015
149.8380747537863 13.374810849171707
149.90201073788268 19.03278684103614
149.9659467219791 93.24366333287665
150.0298827060755 224.4017558700677
150.0938186901719 349.24020609493857
150.15775467426832 408.0276286130318
150.2216906583647 397.201435822506
150.28562664246112 363.40153098320184
150.34956262655754 354.7881652553333
150.41349861065396 386.34870640534933
150.47743459475035 449.9043713205272
150.54137057884677 537.7272599867206
150.60530656294318 637.8773080820627
150.66924254703957 709.5302304857172
150.733178531136 683.2318174162625
150.79711451523238 519.1463502942632
150.8610504993288 272.6805414465021
150.9249864834252 69.88613797737342
150.9889224675216 1.0597457319361887
151.05285845161802 42.42933820264852
151.11679443571444 88.45719356015188
151.18073041981083 74.21787737738161
151.24466640390725 49.51898888689188
151.30860238800366 113.87967444819208
151.37253837210005 292.45028309078907
151.43647435619647 478.0064591346546
151.5004103402929 518.1120795497054
151.56434632438928 383.02040046739046
151.62828230848567 201.41961257008705
151.69221829258208 122.35860909730629
151.7561542766785 178.1551897870917
151.82009026077492 262.8560890704582
151.8840262448713 247.85705739095823
151.94796222896773 130.08943014357675
152.01189821306414 28.792245677887177
152.07583419716053 44.53667813432646
152.13977018125695 151.7203586784784
152.20370616535337 233.02672803253424
152.26764214944976 218.66395848381487
152.33157813354617 158.33636324757427
152.3955141176426 151.15073996967018
152.45945010173898 232.69946050737863
152.5233860858354 322.42017642041395
152.5873220699318 312.22675518166966
152.6512580540282 217.84103163428628
152.71519403812462 172.97804550614205
152.779130022221 281.5933909012108
152.84306600631743 510.5292870188165
152.90700199041385 695.756243102964
152.97093797451024 680.7871979403807
153.03487395860665 473.37435452926184
153.09880994270307 222.91315906811067
153.16274592679943 65.88019036459207
153.22668191089588 27.216907476131937
153.29061789499227 37.26689370252203
153.35455387908868 27.947276592580245
153.4184898631851 8.29972351934242
153.48242584728152 35.34655655075371
153.5463618313779 134.54693843668727
153.61029781547433 264.9461704306064
153.67423379957074 353.069410435058
153.73816978366713 357.6806741451365
153.80210576776355 294.71492821742527
153.8660417518599 203.66144476112927
153.92997773595636 114.21200190122138
153.99391372005277 45.572642718058006
154.05784970414916 14.220610112135583
154.12178568824558 27.389126487808976
154.185721672342 67.51678736569704
154.2496576564384 94.28395548830846
154.3135936405348 78.05568396929702
154.37752962463122 32.091310885131065
154.4414656087276 1.099105489049809
154.50540159282403 14.323887902610643
154.56933757692045 53.13419020024964
154.63327356101684 70.28460549192054
154.69720954511325 44.48916918496207
154.76114552920964 9.59621292314907
154.82508151330603 21.607780359286927
154.88901749740248 97.02683167376634
154.95295348149887 187.1385483945705
155.01688946559528 217.68883507972197
155.0808254496917 159.23278936014265
155.1447614337881 58.66131321917717
155.2086974178845 2.423015521700537
155.27263340198093 50.48739117047347
155.33656938607731 195.6954216945117
155.40050537017373 373.3329505802776
155.46444135427015 506.7979017380707
155.5283773383665 549.5674960384875
155.59231332246296 499.29092606999245
155.65624930655937 391.18054801472925
155.72018529065576 284.23946808142836
155.78412127475218 245.57077286289632
155.84805725884857 324.3869557724056
155.911993242945 513.3360153058233
155.9759292270414 732.0421146614236
156.0398652111378 863.8899317455864
156.1038011952342 821.5338012152814
156.16773717933063 603.5287120689884
156.231673163427 311.40755737709173
156.29560914752344 86.6669260374847
156.35954513161985 4.445108206886244
156.42348111571624 35.13431189965938
156.48741709981266 93.31844751230344
156.55135308390908 112.7804972648434
156.61528906800547 93.0304458456864
156.67922505210188 78.06255481421024
156.74316103619827 99.90928124041348
156.8070970202947 154.29652425671557
156.8710330043911 214.64325152257072
156.93496898848747 263.0684804471139
156.99890497258392 304.9041435937476
157.06284095668033 346.2713603912632
157.12677694077672 376.4962068860156
157.1907129248731 382.5955751057501
157.25464890896956 367.43344771041023
157.31858489306595 341.7751533943227
157.38252087716236 298.35725540622116
157.44645686125878 215.448379398544
157.51039284535517 98.76729119082727
157.5743288294516 9.482204724525392
157.638264813548 35.780478212708104
157.7022007976444 209.25977331263047
157.7661367817408 443.890397053305
157.8300727658372 582.2624352625741
157.8940087499336 516.6276681329949
157.95794473403004 289.50759205049644
158.02188071812643 83.22187345620942
158.08581670222284 69.94485002411179
158.14975268631926 258.78890284935324
158.21368867041565 497.6839880822296
158.27762465451207 608.8248823400096
158.34156063860848 531.3766916094546
158.40549662270487 353.80694527199057
158.4694326068013 211.37975811068412
158.5333685908977 160.0631038537217
158.59730457499407 151.33259090868077
158.66124055909052 114.3550148847962
158.72517654318693 43.69754179433959
158.78911252728332 0.3396323168598462
158.8530485113797 40.11877534294168
158.91698449547613 147.9743775239319
158.98092047957255 243.11943559989817
159.04485646366896 254.3284095214537
159.10879244776535 183.59840372434863
159.17272843186177 96.6710873156416
159.2366644159582 65.8799129983469
159.30060040005455 118.80501473875938
159.364536384151 228.79260157404076
159.4284723682474 343.63518724289395
159.4924083523438 418.73396224890394
159.5563443364402 437.40585459523146
159.62028032053664 414.9973067182082
159.68421630463303 384.822358849739
159.74815228872944 373.1874117050707
159.81208827282583 376.0264994801244
159.87602425692225 356.5483329598041
159.93996024101867 277.02946336248306
160.00389622511503 144.87447955066065
160.06783220921147 27.432097591728407
160.1317681933079 8.180175965455058
160.19570417740428 114.79051274229768
160.25964016150067 288.11324221329
160.32357614559712 428.36359857730224
160.3875121296935 480.33846725539
160.45144811378992 477.9619087301117
160.51538409788634 502.0773924736238
160.57932008198273 587.9642528568684
160.64325606607915 678.1710534724784
160.70719205017556 674.3114948510265
160.77112803427195 532.437598084145
160.83506401836837 311.835025431333
160.89900000246476 139.83354151004383
160.96293598656115 118.5458368268914
161.0268719706576 249.9492416718172
161.09080795475398 439.87544117320107
161.1547439388504 565.6532175411396
161.2186799229468 553.8104396426271
161.2826159070432 417.3592478062373
161.34655189113963 231.65400090283092
161.41048787523604 80.83339340206825
161.47442385933243 18.653457901631853
161.53835984342885 57.77264376388685
161.60229582752527 181.16968630240063
161.66623181162163 359.4068418177835
161.73016779571807 558.1410124834574
161.79410377981446 734.5718302170745
161.85803976391088 836.330421469722
161.92197574800727 817.5362131063315
161.9859117321037 668.3575375667343
162.0498477162001 434.0617986005008
162.11378370029652 203.24347073501607
162.1777196843929 63.10055022562496
162.24165566848933 43.06856071061557
162.30559165258575 95.72685317369373
162.3695276366821 139.9350316065221
162.43346362077855 126.24606116544678
162.49739960487497 71.76581541662193
162.56133558897136 41.26369769976793
162.62527157306775 87.69209381915513
162.6892075571642 203.1969108478936
162.75314354126058 322.96343295102827
162.817079525357 375.92951253194207
162.8810155094534 339.670865746182
162.9449514935498 251.20811112785083
163.00888747764623 169.8983819741746
163.0728234617426 135.1874097237073
163.13675944583903 151.222375100922
163.20069542993545 197.47413087000376
163.26463141403184 247.39988327872544
163.32856739812823 278.8499099634902
163.39250338222467 277.1071627958804
163.45643936632106 240.94914228088015
163.52037535041748 191.4057748013742
163.58431133451387 167.71611866123024
163.6482473186103 199.3616462900908
163.7121833027067 274.4914940910916
163.77611928680307 342.7881594848475
163.8400552708995 356.03408723954215
163.90399125499593 311.0410201226361
163.96792723909232 261.8959276945692
164.0318632231887 282.2824457341844
164.09579920728515 397.7970749572068
164.15973519138154 558.3223937724549
164.22367117547796 674.6273992474378
164.28760715957435 671.5273870747412
164.35154314367077 532.5168564146842
164.41547912776718 320.2381046882746
164.4794151118636 140.2303673807712
164.54335109596 69.47249083869254
164.6072870800564 107.1534039432806
164.67122306415283 179.2727857719765
164.7351590482492 197.628869299046
164.79909503234563 133.5182801938003
164.86303101644202 41.45010177407092
164.92696700053844 0.2929299604850671
164.99090298463483 28.408455140610172
165.05483896873125 72.06645077121283
165.11877495282766 78.73716241677344
165.18271093692408 74.49533902702302
165.24664692102047 152.2747247036592
165.3105829051169 354.3669690394146
165.3745188892133 579.9816926534612
165.43845487330967 648.5123056044159
165.5023908574061 483.40569116084095
165.56632684150253 242.2568938789065
165.63026282559892 215.47864486602217
165.6941988096953 560.3679787864313
165.75813479379175 1140.7824301054893
165.82207077788814 1606.653550255996
165.88600676198456 1652.5526568475939
165.94994274608095 1261.3047625536572
166.01387873017737 694.1775134352025
166.07781471427379 252.73116092057103
166.14175069837017 71.96909817091664
166.2056866824666 92.18884528133155
166.269622666563 175.69270717969147
166.3335586506594 238.2074775135236
166.3974946347558 276.2723762435955
166.46143061885223 307.76985276733774
166.52536660294862 325.4846529669919
166.58930258704504 306.0882787823707
166.65323857114143 244.15087364862077
166.71717455523785 164.9645956861046
166.78111053933426 101.71295151201826
166.84504652343065 67.14788506938302
166.90898250752707 52.07102083324688
166.9729184916235 43.43063516678112
167.03685447571988 36.79610963047428
167.10079045981627 36.76042178636658
167.1647264439127 54.081637882170945
167.2286624280091 102.32379967132532
167.29259841210552 187.70401867626188
167.3565343962019 293.251828849541
167.42047038029833 376.796775155899
167.48440636439474 398.8052570628362
167.54834234849116 357.8302355429078
167.61227833258755 294.34974215175765
167.67621431668397 259.24151889852914
167.74015030078039 275.5369025802699
167.80408628487675 324.22035405231674
167.8680222689732 366.3848834555517
167.93195825306958 377.435752713138
167.995894237166 357.6154351250092
168.0598302212624 317.73921876940113
168.1237662053588 267.2433075166176
168.18770218945522 218.74519535631117
168.25163817355164 194.1903309797202
168.31557415764803 211.72231241270683
168.37951014174445 260.48282677895367
168.44344612584086 298.190517615696
168.50738210993725 284.0835045712848
168.57131809403367 214.51784965142815
168.6352540781301 127.51123843305864
168.69919006222648 71.94713352671084
168.76312604632287 66.2156591511492
168.82706203041928 87.55887422805014
168.8909980145157 102.94484028610364
168.95493399861212 102.56841594971456
169.0188699827085 99.7801510975423
169.08280596680493 106.28185125562923
169.14674195090134 116.05995499919248
169.21067793499773 114.27217313389824
169.27461391909415 98.33979362923378
169.33854990319057 85.2070678974542
169.40248588728696 96.43149796306288
169.46642187138335 141.1575270417405
169.5303578554798 211.55005237518384
169.59429383957618 288.6095787072011
169.6582298236726 354.4726195211723
169.722165807769 400.08185999381527
169.7861017918654 421.44313942668
169.85003777596182 414.1762422725396
169.9139737600582 372.75893233872944
169.97790974415463 293.2388664986747
170.04184572825105 181.28165251844777
170.10578171234744 65.0662865206061
170.16971769644385 1.466492262142908
170.23365368054027 55.34990456886801
170.29758966463666 246.80035033559872
170.36152564873308 508.0322243622464
170.42546163282947 707.1761245887097
170.48939761692588 731.4639583671462
170.5533336010223 564.6546071354933
170.61726958511872 302.58232566450414
170.6812055692151 87.98581788665082
170.74514155331153 8.221396188039494
170.80907753740794 45.37730050405133
170.87301352150433 117.77741158996233
170.93694950560075 159.39487802091517
171.00088548969714 160.3172411295543
171.06482147379356 145.73235219531375
171.12875745788995 132.6268650470716
171.19269344198636 113.06498681197894
171.25662942608278 75.71284972008867
171.3205654101792 34.690132863959754
171.3845013942756 27.15100374794297
171.448437378372 80.1562915298238
171.51237336246842 184.9392884243537
171.5763093465648 303.6786722702521
171.64024533066123 396.03225389729846
171.70418131475765 438.10442691185034
171.76811729885404 422.7164418831373
171.83205328295043 353.084675431524
171.89598926704684 244.78477914410945
171.95992525114326 130.14399158938764
172.02386123523968 48.088664428782906
172.08779721933607 23.06936258650713
172.15173320343249 52.82270590960892
172.2156691875289 111.57485295189528
172.2796051716253 166.3493239320788
172.3435411557217 197.58755211327687
172.40747713981813 202.876470399457
172.47141312391452 186.0017434743885
172.53534910801093 153.10876133901456
172.59928509210735 112.44436503291044
172.66322107620374 72.01773011709699
172.72715706030016 41.11468282342784
172.79109304439655 31.63622220345381
172.85502902849296 54.31602949539565
172.91896501258938 109.13056585611136
172.98290099668577 178.37342661050747
173.0468369807822 230.03651195394843
173.1107729648786 230.05117484997328
173.174708948975 168.20963877055135
173.2386449330714 77.07602008315415
173.30258091716783 14.99893178379113
173.3665169012642 29.82486584833732
173.43045288536064 124.05968472651632
173.49438886945703 244.11371607703964
173.55832485355344 315.37470723302926
173.62226083764986 292.5815612251971
173.68619682174628 193.36677386849337
173.75013280584267 98.67225544556524
173.81406878993909 102.77813928849508
173.87800477403547 245.2659927320928
173.9419407581319 475.60149219198615
174.0058767422283 678.5717581866013
174.06981272632467 754.136524056319
174.13374871042112 681.4832814849054
174.19768469451753 514.5896954723787
174.26162067861392 334.5878733033899
174.32555666271034 201.26041918438733
174.38949264680676 134.25447823810308
174.45342863090315 130.13174408882082
174.51736461499956 177.667832012212
174.58130059909598 245.41618132546395
174.64523658319237 274.3657815330845
174.7091725672888 213.03440122620424
174.7731085513852 82.54134631675402
174.8370445354816 5.710585264397282
174.900980519578 127.7129472667941
174.9649165036744 480.2374626147464
175.0288524877708 934.771310831008
175.09278847186724 1277.0433439015183
175.15672445596363 1350.9135966204396
175.22066044006004 1181.0140046989359
175.28459642415646 917.2870894553837
175.34853240825285 658.8665352116876
175.41246839234927 412.02818666827847
175.47640437644569 182.69139025304483
175.54034036054207 30.897146039827263
175.6042763446385 43.38867938154873
175.6682123287349 243.5030516200036
175.73214831283127 516.8060459612185
175.79608429692772 677.8749800741267
175.86002028102413 630.2304461842066
175.92395626512052 436.79742209635447
175.98789224921694 245.74390492219092
176.05182823331333 165.6046165499997
176.11576421740975 204.1383418885451
176.17970020150617 311.9114055038252
176.24363618560255 453.46599996192987
176.30757216969897 608.7343352271099
176.3715081537954 726.5462263546251
176.43544413789175 724.0433144813677
176.4993801219882 558.9591070459819
176.5633161060846 302.97679724508646
176.627252090181 118.9912095470292
176.69118807427742 129.22331960808577
176.75512405837384 300.8674599069803
176.81906004247023 488.2196227006989
176.88299602656664 583.5981488426239
176.94693201066303 607.7794632763233
177.01086799475945 659.2580607473972
177.07480397885587 776.5970433730298
177.13873996295223 865.3143404855181
177.20267594704868 794.4470079078429
177.2666119311451 548.2172895098524
177.33054791524148 250.81864097930557
177.39448389933787 54.65692494244824
177.45841988343432 12.677879140935492
177.5223558675307 52.43408770402143
177.58629185162712 71.30199901513187
177.65022783572354 41.50240774696088
177.71416381981993 14.208530622110644
177.77809980391635 37.223363464520574
177.84203578801277 91.46607962037838
177.90597177210915 116.75295584786193
177.96990775620557 85.11932999270574
178.03384374030196 33.72452316319673
178.09777972439835 24.354351267828086
178.1617157084948 77.87859368393887
178.22565169259119 160.9025493436313
178.2895876766876 231.80598275387365
178.35352366078402 281.553713676601
178.4174596448804 324.0052390383424
178.48139562897683 351.4777395123178
178.54533161307324 323.1803262853827
178.60926759716963 218.1446920213386
178.67320358126605 82.25837321390581
178.73713956536247 6.009191151769835
178.80107554945883 51.397774371014926
178.86501153355528 185.62321623214208
178.92894751765166 295.30094139374506
178.99288350174808 287.64408461850127
179.05681948584447 175.1259502780405
179.1207554699409 63.10711194174008
179.1846914540373 58.65347972963836
179.24862743813372 178.19038757519513
179.3125634222301 338.67108271602007
179.37649940632653 433.7497733341541
179.44043539042295 412.99860816979344
179.5043713745193 307.0849686078423
179.56830735861575 191.6882715622106
179.63224334271217 117.44584020261529
179.69617932680856 81.73571782692481
179.76011531090495 69.96285693528247
179.8240512950014 91.2246355820936
179.88798727909779 162.7090940120624
179.9519232631942 274.0664992401074
180.0158592472906 365.13850635959267
180.079795231387 354.7049752368672
180.14373121548343 222.56301693372197
180.2076671995798 58.42557720060824
180.27160318367623 10.733983903513524
180.33553916777265 172.2941449692731
180.39947515186904 494.91270388228793
180.46341113596543 808.7787792678001
180.52734712006188 940.4015901972527
180.59128310415824 831.7349262006583
180.65521908825468 564.1438391150746
180.71915507235113 282.1618405148519
180.7830910564475 92.61557578682991
180.8470270405439 16.455408738325108
180.91096302464027 11.123906348373431
180.9748990087367 22.355376080016836
181.03883499283316 20.25734600235412
181.10277097692952 9.231309813634745
181.16670696102597 22.275906828131337
181.23064294512236 103.28750367725569
181.29457892921877 272.63541277245
181.3585149133152 488.6191611958702
181.4224508974116 651.3614785940082
181.486386881508 680.5099432146912
181.5503228656044 603.7786110666768
181.6142588497008 551.3345337949312
181.6781948337972 647.3177609710144
181.7421308178936 885.4454544967185
181.80606680199 1095.3881154294272
181.8700027860864 1068.5849248702955
181.93393877018283 756.5778118578296
181.9978747542792 336.9586023122358
182.06181073837564 72.84074527379744
182.12574672247203 97.67040546782451
182.18968270656845 317.8613619687813
182.2536186906649 514.4287454674715
182.31755467476128 532.5023488826148
182.38149065885767 383.6786850090675
182.4454266429541 194.13163112813783
182.50936262705048 71.40169955340282
182.57329861114687 30.613446415734597
182.63723459524329 34.58095393577675
182.70117057933973 62.403314194361585
182.7651065634361 118.25905329363792
182.8290425475325 189.92413757851952
182.89297853162893 230.87835286907548
182.95691451572532 202.0161106065442
183.02085049982176 120.42131728770487
183.08478648391812 46.30338208875689
183.14872246801457 18.89868247937593
183.21265845211096 27.07300231948401
183.27659443620735 60.456671855709274
183.34053042030376 174.78435352541513
183.4044664044002 463.94238570252577
183.46840238849657 931.9917049383771
183.532338372593 1407.678141426124
183.59627435668943 1621.4803024906867
183.66021034078585 1407.14495645399
183.72414632488224 882.3475392296234
183.78808230897863 415.7123663576375
183.85201829307505 342.1913878107819
183.91595427717144 687.523380934569
183.97989026126783 1150.583956820518
184.04382624536427 1340.0338315147817
184.1077622294607 1086.0852011336829
184.17169821355708 567.2751969815212
184.23563419765347 139.34013570995168
184.2995701817499 44.64362038081314
184.36350616584633 257.21030071140774
184.42744214994272 561.0122730111466
184.49137813403917 749.3935457867392
184.55531411813553 755.2496574260535
184.61925010223197 639.5142316242471
184.6831860863284 499.38242766451754
184.74712207042475 394.6815416452256
184.8110580545212 342.2927224057437
184.8749940386176 340.67561936118875
184.938930022714 371.01210963375433
185.0028660068104 386.7356104100765
185.0668019909068 336.6953666259112
185.1307379750032 216.53072557105108
185.1946739590996 86.47261231701118
185.258609943196 21.261090688677687
185.3225459272924 34.75620996637854
185.38648191138884 67.04823981538752
185.45041789548523 67.77324624680529
185.51435387958165 84.60813910670467
185.5782898636781 237.71198989765807
185.64222584777443 578.3973163114881
185.70616183187087 968.4437432720495
185.7700978159673 1142.1661666243804
185.83403380006368 942.5164780449904
185.89796978416007 499.59800565949615
185.96190576825649 145.51579203660367
186.02584175235287 131.90345849378335
186.0897777364493 414.4810219810121
186.15371372054568 701.8297617986562
186.21764970464207 723.5634013476109
186.28158568873852 467.3837799166839
186.34552167283493 156.96463606180663
186.40945765693132 10.96527823301936
186.47339364102777 51.03660446002555
186.53732962512413 134.20722142290143
186.60126560922055 131.26692054868568
186.66520159331697 53.5268758794168
186.72913757741335 7.181931595097405
186.7930735615098 52.51808196561291
186.8570095456062 142.235094343875
186.9209455297026 184.6794949651834
186.98488151379905 140.86331500231898
187.0488174978954 54.91967061227772
187.11275348199183 2.270902271679148
187.17668946608825 35.63001083297262
187.24062545018464 172.68842465626813
187.30456143428103 393.2040121975487
187.36849741837747 622.7599417696615
187.43243340247383 727.812347410867
187.49636938657028 596.8046627263344
187.56030537066667 282.2258740495198
187.6242413547631 29.46653566586682
187.68817733885953 118.76332404667068
187.75211332295592 628.3239724115138
187.8160493070523 1312.7278547879423
187.87998529114873 1755.8456157603403
187.94392127524517 1694.7591828894024
188.00785725934156 1212.0601841799914
188.07179324343795 633.3506279902958
188.13572922753437 250.08705188686324
188.19966521163076 131.56431539598333
188.2636011957272 159.6339534818507
188.3275371798236 198.20048582770855
188.39147316392 223.70842515463696
188.4554091480164 295.1775711671226
188.5193451321128 433.272990133054
188.5832811162092 575.8579174651627
188.6472171003056 634.3764738493662
188.711153084402 571.3012074075765
188.77508906849843 429.918810345774
188.83902505259485 290.32065158056275
188.90296103669124 206.51751167194735
188.96689702078763 184.35510341130455
189.03083300488404 201.03282940770592
189.0947689889805 236.17244546288993
189.15870497307688 286.14929950225786
189.22264095717327 357.15307074124627
189.2865769412697 450.74552619672875
189.35051292536608 550.098930975779
189.4144489094625 615.7246369215642
189.47838489355888 603.6008589727275
189.54232087765527 494.9181135657888
189.6062568617517 318.5311528308636
189.6701928458481 152.7785833689393
189.73412882994452 79.23042129750402
189.7980648140409 112.08607337481185
189.86200079813733 189.829290634163
189.92593678223375 234.94371710303557
189.98987276633017 210.56269909318317
190.05380875042655 137.09226337915948
190.11774473452297 62.91125279381236
190.18168071861936 18.444724066629696
190.2456167027158 3.608914433370369
190.30955268681217 7.3039764395142734
190.3734886709086 22.60520989139516
190.43742465500503 42.35464951697882
190.50136063910145 51.820595546650345
190.56529662319784 41.29783813529407
190.62923260729423 29.132042216332593
190.69316859139064 55.954534690171215
190.75710457548703 140.08615769190865
190.82104055958348 244.32232210887625
190.88497654367984 295.42663696944044
190.9489125277763 242.80875718783153
191.01284851187268 118.23735919481435
191.0767844959691 33.60618153756416
191.1407204800655 91.20447421870976
191.20465646416193 293.6272673539231
191.26859244825832 540.4101309403163
191.33252843235476 699.8064998130238
191.39646441645112 696.4967483730817
191.46040040054757 551.8382149499686
191.52433638464396 351.23063570587607
191.58827236874035 179.02954135384235
191.6522083528368 73.35829974494328
191.7161443369332 24.379316294847115
191.7800803210296 5.709565037155933
191.844016305126 3.4446758156497963
191.9079522892224 18.78270360701868
191.9718882733188 51.07352834139872
192.0358242574152 84.23095572048511
192.0997602415116 96.04134104989488
192.163696225608 85.11690621772915
192.22763220970444 84.61313965836213
192.2915681938008 141.6919092500984
192.35550417789725 273.864244898161
192.4194401619937 435.5652188731094
192.48337614609005 537.3164954547793
192.54731213018647 519.0119368478382
192.6112481142829 402.2870511670304
192.67518409837928 266.74177137732033
192.7391200824757 181.0787738758843
192.80305606657208 149.01524400366873
192.86699205066847 122.00819748122161
192.9309280347649 75.66566095810708
192.99486401886128 61.47853268123177
193.05880000295767 165.5753155002492
193.1227359870541 410.2656053610832
193.18667197115053 698.3617094937297
193.25060795524692 871.435399896687
193.31454393934337 838.5826542436405
193.37847992343973 652.9880675711639
193.44241590753617 461.7368737688523
193.50635189163256 379.3842693170452
193.57028787572895 412.7488786577689
193.63422385982537 488.26497033020246
193.6981598439218 523.3475542831668
193.7620958280182 483.7222149846653
193.82603181211465 395.00663279276586
193.88996779621104 306.1607835743922
193.95390378030743 253.40447645938292
194.01783976440385 252.47142739556165
194.08177574850023 294.70393324952323
194.14571173259665 338.4569229282887
194.20964771669304 322.33530997511934
194.27358370078943 216.55349193500248
194.33751968488588 73.40667076081718
194.4014556689823 3.0808622308006504
194.46539165307868 74.3674731463945
194.52932763717513 241.0904758594166
194.59326362127152 374.8039340958766
194.6571996053679 385.2083187658012
194.72113558946432 318.37321324875023
194.78507157356077 309.1770320119113
194.84900755765716 420.1491826704215
194.91294354175355 553.5219740012758
194.97687952585 542.7476830908346
195.04081550994636 344.9549404920268
195.1047514940428 144.8933543136462
195.1686874781392 229.19540389657476
195.2326234622356 720.2553344998463
195.296559446332 1422.6503737696755
195.3604954304284 1937.1595997239767
195.4244314145248 1955.3141364395567
195.4883673986212 1482.3308881000469
195.5523033827176 811.8533463771638
195.616239366814 286.5759520317618
195.68017535091045 51.68905892109084
195.74411133500683 19.54726293155557
195.80804731910325 34.3600889938771
195.87198330319967 27.99934632780649
195.93591928729603 32.8734952730309
195.99985527139248 82.23832429663902
196.0637912554889 134.00678081374343
196.12772723958528 118.10387474559052
196.19166322368167 43.39251884831323
196.2555992077781 37.5893184852154
196.31953519187448 254.5783481357012
196.38347117597087 709.9845204457711
196.44740716006729 1226.4654175781905
196.51134314416373 1547.6512259412195
196.57527912826012 1503.5911217794119
196.6392151123565 1127.403444578142
196.70315109645293 637.6472125591048
196.76708708054937 265.506839295909
196.83102306464576 96.14687738327011
196.89495904874215 69.32459589513125
196.95889503283857 80.28667999332147
197.02283101693496 67.10519534955672
197.0867670010314 32.2283512741598
197.15070298512777 5.822801944131849
197.2146389692242 1.179765502044691
197.27857495332063 6.272471546171497
197.342510937417 6.143947369814057
197.40644692151344 1.021749228867394
197.47038290560985 2.1016205747237477
197.53431888970624 16.532404561591957
197.59825487380263 41.27645620573773
197.66219085789908 70.31350265841479
197.72612684199544 102.331298447227
197.79006282609188 139.9863012890918
197.85399881018833 184.77246298719953
197.9179347942847 232.58126911527256
197.9818707783811 271.3889017375154
198.04580676247747 283.06756767288636
198.10974274657391 250.4565026204842
198.17367873067036 170.21512206860046
198.23761471476672 69.49371129169057
198.30155069886317 4.361663402100781
198.36548668295956 23.12237767363929
198.42942266705597 127.0058542541014
198.4933586511524 264.7011484945311
198.5572946352488 363.9458654639266
198.6212306193452 383.44879127327954
198.6851666034416 339.1745596505078
198.749102587538 276.0126638937584
198.8130385716344 225.46704430329248
198.8769745557308 193.02017325252177
198.9409105398272 172.3257345027002
199.0048465239236 162.87563794368594
199.06878250802004 171.6855115342318
199.1327184921164 201.39129138425977
199.19665447621284 243.6961753292709
199.26059046030923 285.8150432123102
199.32452644440565 316.1903176511819
199.38846242850207 317.9931441930495
199.45239841259848 268.0763204483331
199.51633439669487 162.87395482590404
199.5802703807913 49.847131062496544
199.64420636488768 17.212847686474596
199.70814234898407 129.81184117785375
199.7720783330805 354.1041481068418
199.83601431717693 548.6852940274936
199.8999503012733 567.4774177170385
199.9638862853697 392.73587897294266
200.02782226946613 152.69292894650908
200.09175825356252 10.57536035799592
200.15569423765896 28.12384418071709
200.21963022175532 120.75621757659545
200.28356620585177 158.41435078595998
200.34750218994816 101.15880203451871
200.41143817404455 20.197579111455127
200.47537415814097 6.948123289844993
200.5393101422374 70.67052797607118
200.6032461263338 132.0304187955508
200.6671821104302 122.88771948092143
200.73111809452664 62.52612300048446
200.79505407862305 25.10659539904545
200.85899006271944 51.21109383503683
200.92292604681583 103.50885798870924
200.98686203091225 116.63553931896016
201.05079801500864 76.93880449804297
201.11473399910503 34.258449618782905
201.17866998320147 39.64285258037046
201.2426059672979 86.16533117072787
201.30654195139428 124.49478758836077
201.37047793549067 129.12290295583404
201.43441391958712 127.33954598143357
201.49834990368353 158.4893813819666
201.56228588777992 217.681959485508
201.62622187187637 263.1856339774004
201.69015785597273 287.1497974349345
201.75409384006915 348.4623125897037
201.8180298241656 506.1575404544015
201.88196580826195 728.8720163830756
201.9459017923584 893.4861853340894
202.0098377764548 881.2142216657902
202.0737737605512 686.6751520465107
202.1377097446476 438.123128865545
202.201645728744 283.10928866496573
202.2655817128404 250.79813002983596
202.3295176969368 252.54239925057936
202.3934536810332 200.0047367683448
202.4573896651296 96.89257521284472
202.52132564922604 21.86353891092825
202.58526163332243 33.5530428407954
202.64919761741885 113.30443910197536
202.71313360151527 208.3316313107969
202.77706958561163 303.2730969414817
202.84100556970807 422.60431565941445
202.9049415538045 563.6752135555764
202.96887753790088 666.4550618987163
203.03281352199727 686.5804551608036
203.0967495060937 681.3224113591641
203.16068549019008 783.6928614554685
203.2246214742865 1063.923210551042
203.28855745838288 1407.9610280483575
203.35249344247927 1559.6115072765144
203.41642942657572 1330.03326086666
203.4803654106721 792.8363989334051
203.54430139476852 255.72270453919504
203.60823737886497 8.15646467543081
203.67217336296133 94.14032235391987
203.73610934705775 320.346103760262
203.80004533115417 451.57333556232544
203.86398131525056 398.58010552945575
203.927917299347 243.7755800143495
203.9918532834434 111.29404105209044
204.0557892675398 46.03182043879677
204.11972525163625 20.651737034754607
204.1836612357326 13.335736456535667
204.24759721982903 40.9391858749968
204.31153320392545 118.5305235202458
204.37546918802184 214.0830285429061
204.43940517211823 266.2080123801075
204.50334115621467 243.97495039782896
204.56727714031103 173.4863001277983
204.63121312440748 103.83471281589613
204.69514910850387 63.21779338081443
204.7590850926003 59.23545682129903
204.82302107669673 107.73644789951312
204.88695706079312 227.45385686380376
204.9508930448895 389.00866813693506
205.01482902898593 495.0696704683341
205.07876501308232 447.2674924585648
205.14270099717876 250.9191079706968
205.20663698127515 49.54802407667846
205.27057296537157 16.50724944038394
205.33450894946796 180.25684200215125
205.3984449335644 381.74014112565135
205.4623809176608 427.39050773618646
205.5263169017572 277.5428366099827
205.5902528858536 83.79028852653262
205.65418886995 35.467632818050525
205.7181248540464 167.17257649697012
205.7820608381428 333.4853889459459
205.8459968222392 369.0661625638047
205.90993280633563 254.26677418279948
205.97386879043205 120.52128761691645
206.03780477452844 102.68463272853703
206.10174075862483 202.78147058155363
206.16567674272125 305.0024753019157
206.2296127268177 307.61037086018683
206.29354871091408 223.8122626839434
206.35748469501047 147.7451347184547
206.4214206791069 136.90744543196823
206.48535666320328 160.33840262526854
206.5492926472997 158.71520910151986
206.61322863139608 120.6129937444182
206.67716461549247 86.64642500697131
206.7411005995889 88.91799541299174
206.8050365836853 107.24469805345404
206.86897256778173 98.31808341952474
206.9329085518781 54.085908900374086
206.99684453597456 11.3998534370544
207.06078052007095 2.2372117403921736
207.12471650416737 12.746706953114773
207.18865248826376 10.788449720089812
207.25258847236017 6.321838340387044
207.31652445645656 57.245215227084834
207.380460440553 197.14642901452183
207.44439642464937 367.12184663340946
207.5083324087458 447.40336721109054
207.57226839284223 369.26932744996407
207.63620437693865 191.6549498655129
207.70014036103504 58.026982700830494
207.76407634513143 62.65670381285157
207.82801232922785 162.0778036102332
207.89194831332424 234.1817851475097
207.95588429742068 212.17401280951353
208.01982028151707 141.66663134242592
208.0837562656135 117.89621438514908
208.14769224970988 181.3269140174093
208.21162823380627 277.67206608073604
208.2755642179027 322.02691578123734
208.33950020199913 285.7640806301603
208.40343618609552 204.23395046890607
208.46737217019196 120.14756318582025
208.53130815428833 49.46803804699338
208.59524413838477 6.121969772419006
208.6591801224812 38.77241897642248
208.72311610657755 208.68682387304065
208.787052090674 509.1618565734884
208.8509880747704 822.6040786089666
208.9149240588668 988.9887736768194
208.9788600429632 924.8161505519768
209.0427960270596 678.0413103097535
209.106732011156 383.54823439674976
209.1706679952524 163.5401020269457
209.2346039793488 58.01502271883167
209.2985399634452 43.176280500879365
209.36247594754164 87.4820042152105
209.426411931638 166.4063213460584
209.49034791573445 239.38936557363263
209.5542838998309 247.31270859093888
209.61821988392725 163.92991077829117
209.68215586802367 49.76192061537746
209.7460918521201 22.94424721038956
209.81002783621648 151.1661239724177
209.87396382031287 367.2932711311987
209.93789980440928 508.4462420412751
210.00183578850567 459.6393992655409
210.0657717726021 260.6636066377624
210.12970775669848 70.35735845643518
210.19364374079487 22.376368634250603
210.25757972489131 106.11531559644553
210.32151570898773 194.20207017028713
210.38545169308412 187.60310555237172
210.44938767718057 118.9569567072172
210.51332366127693 113.36510882290848
210.57725964537337 252.4817563204049
210.64119562946976 480.5929008909919
210.70513161356615 652.7830019347388
210.76906759766257 666.0544795982216
210.833003581759 536.2360980745195
210.8969395658554 362.07746582961215
210.96087554995185 224.97289885562785
211.02481153404824 134.02583344533002
211.08874751814463 69.81402566590292
211.15268350224105 51.93106458094633
211.21661948633744 138.44738386418342
211.28055547043385 353.68690970444516
211.34449145453027 626.2973524080741
211.40842743862663 818.612031245544
211.47236342272308 821.5679971110765
211.53629940681947 633.8242960942272
211.60023539091588 375.4883536640485
211.66417137501233 224.2210223874848
211.72810735910872 314.9742103716763
211.7920433432051 660.0006523890825
211.85597932730153 1122.4992688000127
211.91991531139797 1470.5221431692971
211.98385129549436 1494.1513343134684
212.04778727959075 1141.101714668798
212.1117232636872 592.0230075656451
212.17565924778356 155.72004484329318
212.23959523188 40.53617596253176
212.3035312159764 221.239918708694
212.3674672000728 481.217156555104
212.4314031841692 585.008601002151
212.4953391682656 473.86860331428886
212.559275152362 276.99773554950644
212.6232111364584 130.84482669349765
212.6871471205548 60.78284932916203
212.7510831046512 23.589930428180143
212.81501908874765 0.5762079445523621
212.87895507284404 24.61832484863564
212.94289105694045 114.57165992309488
213.00682704103687 211.17345307905524
213.0707630251333 221.00845163974677
213.13469900922968 127.85018023766632
213.19863499332607 28.33499636458796
213.26257097742248 39.86644575141809
213.32650696151887 179.0613637460356
213.3904429456153 340.42194570950426
213.45437892971168 401.91712123102127
213.51831491380807 339.68592002298004
213.5822508979045 222.77328058091595
213.64618688200093 121.81779386062
213.71012286609732 60.79370621423584
213.7740588501937 57.14298388899967
213.83799483429013 168.3154780442332
213.90193081838655 444.3264540452981
213.96586680248296 821.4975781031447
214.02980278657935 1099.3816510532104
214.09373877067577 1073.6075357265624
214.15767475477216 731.6412939183774
214.2216107388686 302.79151892939007
214.28554672296497 67.9682072857428
214.3494827070614 113.277342783317
214.41341869115783 277.36229144996275
214.4773546752542 328.6026493523189
214.54129065935064 194.21837768218072
214.60522664344705 25.85841088618256
214.66916262754344 43.40099171115964
214.73309861163983 316.48722081971005
214.79703459573628 697.808196604454
214.86097057983264 951.255207340846
214.92490656392908 930.5289001331964
214.98884254802553 663.947351780415
215.0527785321219 315.35348858354746
215.1167145162183 70.4208140613378
215.18065050031467 26.96904918924704
215.24458648441112 151.40835166169668
215.30852246850756 314.43887205494246
215.37245845260392 380.6113602147013
215.43639443670037 298.8759110491735
215.50033042079676 136.18715860538867
215.56426640489315 24.713514155253957
215.6282023889896 47.55023089513832
215.692138373086 161.15026081943225
215.7560743571824 240.56411032214348
215.8200103412788 201.27519502364376
215.8839463253752 80.00463672572374
215.9478823094716 1.1781723857148465
216.011818293568 53.92155476527688
216.07575427766443 199.91460695581787
216.1396902617608 307.9672682746191
216.20362624585724 279.6916013084666
216.2675622299536 143.2132936413172
216.33149821405004 25.40060938254827
216.3954341981465 35.29369643007598
216.45937018224285 167.61852095128447
216.52330616633927 308.1684388172499
216.58724215043569 339.19204879864526
216.65117813453207 241.6766962789528
216.7151141186285 96.83922658666613
216.77905010272488 7.720747837746781
216.84298608682127 17.88486674876845
216.9069220709177 87.93521045186392
216.97085805501413 144.92238083897587
217.0347940391105 147.7856014939516
217.0987300232069 106.94583240289728
217.16266600730327 58.90878927379819
217.22660199139972 31.223195635740396
217.29053797549616 27.084779416578122
217.35447395959253 34.377481484765504
217.41840994368897 40.328705449405675
217.48234592778536 37.33616333821711
217.54628191188175 24.12927091459719
217.61021789597817 8.70135795781228
217.6741538800746 7.489908010333745
217.738089864171 33.22839268777663
217.8020258482674 81.4550800294807
217.86596183236384 136.67449984100097
217.92989781646023 199.53310772150445
217.99383380055664 306.05743763028534
218.05776978465303 503.76984630573554
218.12170576874945 789.7239820652109
218.18564175284584 1072.8290989741167
218.24957773694223 1217.8722888604618
218.31351372103867 1154.6732864348924
218.3774497051351 955.8388567659805
218.44138568923148 785.7781852865459
218.50532167332787 759.0620966240141
218.56925765742432 851.6091627232277
218.63319364152073 924.1230626953045
218.69712962561712 830.4993548141008
218.76106560971357 553.0641219336227
218.82500159380993 235.43600477499223
218.88893757790635 56.541153010217
218.9528735620028 81.59531112427696
219.01680954609915 227.8140137879849
219.0807455301956 347.975212541193
219.144681514292 349.4628042086092
219.2086174983884 246.8437323404992
219.2725534824848 119.48566883107785
219.3364894665812 37.587994209351805
219.4004254506776 22.119056812000185
219.464361434774 57.314907474646894
219.5282974188704 120.8901136050946
219.5922334029668 191.57799927489128
219.65616938706324 246.4290901310352
219.72010537115963 266.6920495321342
219.78404135525605 248.57781570897336
219.84797733935247 214.3355063404924
219.91191332344883 201.5224628942136
219.97584930754527 225.69992524008785
220.0397852916417 264.15554307538747
220.10372127573808 282.8066678705602
220.16765725983447 269.16204243966126
220.2315932439309 235.28142811301296
220.29552922802728 194.94845958706273
220.35946521212367 148.33102415331558
220.42340119622008 92.76613447737756
220.48733718031647 40.288421702283166
220.55127316441292 13.668244150324409
220.6152091485093 22.262160523804663
220.67914513260573 48.48467107592132
220.74308111670217 64.51195207601333
220.80701710079856 61.19474731394062
220.87095308489495 54.87852639231668
220.93488906899137 64.76583944854815
220.99882505308776 94.12017308393085
221.0627610371842 142.50451877819683
221.12669702128065 226.09203135640385
221.190633005377 363.66862948982464
221.25456898947343 533.4612110072524
221.3185049735698 655.7620557063631
221.38244095766623 637.0008547350442
221.44637694176265 454.62960357433246
221.51031292585904 205.38150740009337
221.57424890995543 35.368012521458006
221.63818489405188 6.408344541742904
221.70212087814824 53.8342360692401
221.76605686224468 72.31555952449311
221.82999284634107 30.6058169654102
221.8939288304375 1.775667523073628
221.9578648145339 69.67351835671082
222.02180079863032 217.6341300092737
222.0857367827267 335.1549540520894
222.14967276682316 329.0834559843417
222.21360875091952 224.43719063495288
222.27754473501597 153.51538500825976
222.34148071911235 224.5611454877284
222.40541670320877 405.53268389498794
222.4693526873052 557.6221487854531
222.5332886714016 569.5332905928341
222.597224655498 452.4692434339871
222.6611606395944 329.99765880402686
222.7250966236908 332.2173482563361
222.7890326077872 475.17382139047766
222.8529685918836 646.6786375269767
222.91690457598 705.9756418684327
222.9808405600764 586.7020244973337
223.04477654417283 339.28986760981945
223.10871252826925 101.72911042880239
223.17264851236564 1.1866626759296275
223.23658449646203 63.6423955861108
223.30052048055845 212.6603859774441
223.3644564646549 333.510775245164
223.42839244875128 348.6986590821389
223.49232843284767 269.01430493062804
223.5562644169441 176.67996617407442
223.62020040104048 152.8637839527181
223.68413638513687 223.43445722738971
223.74807236923328 355.36654981967206
223.81200835332973 489.88485473462873
223.8759443374261 575.8675815988956
223.9398803215225 578.9866640736669
224.00381630561893 497.7553737931672
224.06775228971532 377.43060189477774
224.13168827381176 275.81819606172064
224.19562425790815 231.19629326199072
224.25956024200457 258.4190904305179
224.32349622610096 327.9695577702486
224.38743221019735 372.61450573866944
224.45136819429376 345.3209082506123
224.5153041783902 250.7729272876633
224.57924016248657 131.84492695179645
224.643176146583 41.18422552656426
224.70711213067943 6.5595328809696785
224.77104811477585 13.491394338391837
224.83498409887224 23.61878374477999
224.89892008296863 14.87628267826368
224.96285606706505 9.236319437993881
225.02679205116144 58.27373098210778
225.09072803525788 193.90792736757683
225.15466401935427 383.03252740437335
225.2186000034507 532.0625113202477
225.28253598754708 553.3789161370139
225.34647197164347 436.2812672654959
225.4104079557399 254.92746858654465
225.47434393983633 112.11761200579316
225.53827992393272 69.18783001188505
225.60221590802917 114.9390485366944
225.66615189212553 190.51054218008687
225.73008787622197 238.9669605623455
225.7940238603184 235.70382890874535
225.85795984441475 187.1304325111556
225.9218958285112 115.26204463794636
225.9858318126076 46.49691301453888
226.049767796704 6.78147797006589
226.1137037808004 13.79699857776147
226.1776397648968 66.59857100362983
226.2415757489932 145.5261216673389
226.3055117330896 225.97319432893087
226.369447717186 298.83607067123125
226.4333837012824 377.55028234311646
226.49731968537884 474.1305505555569
226.56125566947523 571.0646279689552
226.62519165357165 619.5931832495352
226.6891276376681 562.903078113951
226.75306362176445 387.5533283124436
226.81699960586087 164.44498099957903
226.8809355899573 16.052090355588742
226.94487157405368 32.934414868554974
227.00880755815007 199.66904222262613
227.07274354224649 386.8462259793612
227.13667952634287 450.34205490128954
227.2006155104393 352.26674895977806
227.26455149453568 183.00626850474208
227.32848747863207 81.05275417598618
227.39242346272852 120.388208181904
227.45635944682493 261.1105414536252
227.52029543092132 404.57751470323194
227.58423141501777 485.73133745762607
227.64816739911413 511.9552858783611
227.71210338321055 518.0885686094235
227.77603936730696 506.0260554533496
227.83997535140335 451.256920997536
227.90391133549977 348.1309828247745
227.9678473195962 228.19280569217705
228.0317833036926 135.05813712513623
228.09571928778905 84.78272078862084
228.15965527188544 62.70570711192735
228.22359125598183 56.56853287085865
228.28752724007825 72.72414922686406
228.35146322417464 114.82838729546178
228.41539920827103 163.06189560666127
228.47933519236747 192.92405797160993
228.54327117646383 214.0077155198744
228.60720716056028 270.09138955956894
228.67114314465667 377.87853312302656
228.73507912875309 475.6929062547696
228.79901511284953 469.8126273437998
228.86295109694592 336.3282994508526
228.9268870810423 159.57992933285388
228.99082306513873 58.46924965297083
229.05475904923517 68.10889868704373
229.11869503333156 111.86895913226248
229.18263101742795 103.46045190627784
229.2465670015244 55.623084221031114
229.31050298562076 62.80450494536955
229.3744389697172 171.46726232917095
229.4383749538136 296.3797640748242
229.50231093791 299.66634780904934
229.5662469220064 155.3659848610587
229.6301829061028 15.063120576878338
229.6941188901992 81.87483307939469
229.7580548742956 409.394028263062
229.821990858392 831.9982708404686
229.88592684248843 1094.2111589810938
229.94986282658485 1058.6429525449148
230.01379881068124 798.1652596905124
230.07773479477763 494.42067810034
230.14167077887407 276.30147556633466
230.2056067629705 159.3443297871192
230.26954274706688 97.00880067216364
230.33347873116327 57.68266306867897
230.39741471525969 50.62488325358134
230.46135069935607 89.34913756990254
230.5252866834525 151.45486073024483
230.58922266754888 187.80915365189864
230.65315865164527 164.67770998050582
230.7170946357417 94.57849094122388
230.78103061983813 27.7210033152654
230.84496660393452 6.918201991107798
230.9089025880309 30.95039111243208
230.97283857212733 63.083514648171914
231.03677455622375 69.5469995032553
231.10071054032016 49.761038220394006
231.16464652441655 30.25316013506278
231.228582508513 29.190980948397
231.29251849260936 33.95677205943136
231.3564544767058 22.59345976443624
231.42039046080217 3.497744654242122
231.4843264448986 18.155237266870984
231.54826242899503 93.35285067091928
231.61219841309145 193.05499845353475
231.67613439718784 237.93529858139283
231.74007038128423 189.0559578991225
231.80400636538064 99.68623687415364
231.86794234947703 64.90176201184362
231.93187833357348 115.31764907242348
231.99581431766984 176.04990087068367
232.0597503017663 154.11754876407963
232.12368628586273 62.62650907401185
232.1876222699591 32.92384327879148
232.2515582540555 185.9831776478972
232.31549423815187 491.6623048970496
232.37943022224832 769.8449724682295
232.44336620634476 843.2462466084937
232.50730219044112 689.1323498784193
232.57123817453757 435.87594717754337
232.63517415863396 221.46693653644277
232.69911014273035 89.78722122523011
232.7630461268268 25.80479551470977
232.8269821109232 42.023617882940826
232.8909180950196 183.6881330559784
232.954854079116 439.467570179442
233.0187900632124 685.3004777045496
233.0827260473088 769.0007123742291
233.1466620314052 659.717108834574
233.21059801550163 491.7510717713984
233.274533999598 438.764730085026
233.33846998369444 534.6280855176225
233.4024059677908 640.6773201919622
233.46634195188724 607.0669900271511
233.5302779359837 440.49973568065
233.59421392008005 299.1305346336203
233.65814990417647 328.18974729046954
233.7220858882729 497.03546467144054
233.78602187236928 619.4312437418803
233.8499578564657 545.4879455416374
233.91389384056208 306.3552575856325
233.97782982465847 74.01157648488369
234.0417658087549 1.6287476463201715
234.1057017928513 98.5668680568294
234.16963777694767 246.054278224536
234.2335737610441 319.66991180045426
234.29750974514053 285.53785124466043
234.36144572923692 188.02397424723873
234.42538171333337 88.34697573178111
234.48931769742973 31.099500383867703
234.55325368152617 35.02116298763929
234.61718966562256 104.22120411822009
234.68112564971895 225.422616953356
234.74506163381537 335.9955776538728
234.8089976179118 353.02990553182156
234.8729336020082 250.52908138982576
234.93686958610465 91.31364636025128
235.00080557020104 3.6474918888933945
235.06474155429743 87.3645444014558
235.12867753839384 311.4961056305776
235.19261352249023 531.6237417726264
235.25654950658665 601.5123517314642
235.32048549068304 484.57805379862566
235.38442147477943 287.8686457451183
235.44835745887588 164.2098741891424
235.5122934429723 175.95882162307115
235.57622942706868 265.77951973818733
235.64016541116507 334.93004407453355
235.70410139526152 337.18716785639447
235.7680373793579 307.6568691593169
235.83197336345432 294.6680016368435
235.89590934755077 284.17074274550595
235.95984533164716 233.06504796284335
236.02378131574355 141.12058989299018
236.08771729984 50.51843953488742
236.15165328393635 4.538693572880216
236.2155892680328 5.47268413904763
236.2795252521292 11.27297378183095
236.3434612362256 11.368027037051723
236.407397220322 82.62472023066368
236.4713332044184 330.44015009677133
236.5352691885148 763.797507808825
236.5992051726112 1219.4563765179123
236.6631411567076 1450.2158858066882
236.727077140804 1320.1953188289067
236.79101312490045 916.0862730111107
236.85494910899683 489.5353269282281
236.91888509309325 268.3103490871464
236.98282107718967 290.3016487232523
237.04675706128603 421.2185002802378
237.11069304538248 498.82360137116206
237.1746290294789 454.3112580877088
237.23856501357528 348.3631877080669
237.30250099767167 299.98460639957904
237.3664369817681 367.50165683798554
237.43037296586448 504.49232248570576
237.49430894996087 612.9229069069625
237.55824493405729 618.9617408852251
237.62218091815373 514.2488905780136
237.68611690225012 349.5279580354864
237.7500528863465 194.0985140485608
237.81398887044293 93.16910353088127
237.87792485453937 52.02296106840901
237.94186083863576 48.11791837168787
238.00579682273215 54.89156180896476
238.06973280682857 62.20655498263236
238.13366879092496 80.03783528020763
238.1976047750214 122.89561008270636
238.26154075911785 191.03486061863816
238.3254767432142 265.0864434455028
238.38941272731063 315.9682585774353
238.453348711407 323.0520042512025
238.51728469550343 290.4035803174839
238.58122067959985 248.44865515082247
238.64515666369624 235.23814015056712
238.70909264779263 268.6738890969021
238.77302863188908 329.99684974539326
238.83696461598544 369.60631933008017
238.90090060008188 336.4681472941907
238.96483658417833 222.32653490606893
239.0287725682747 85.81882996950587
239.0927085523711 21.310269134178473
239.15664453646752 88.93678235841801
239.2205805205639 259.4773823127987
239.28451650466036 422.2944651359053
239.34845248875672 463.6955178905991
239.41238847285317 354.7406823781946
239.47632445694956 171.9970928769448
239.54026044104597 35.60336899868584
239.6041964251424 15.27931526237875
239.6681324092388 83.95522612106886
239.7320683933352 155.8837541118025
239.7960043774316 167.24973101925383
239.859940361528 125.71639535750295
239.9238763456244 85.57739865160664
239.9878123297208 90.68046983221741
240.0517483138172 148.12491072776479
240.1156842979136 230.36822291780217
240.17962028201003 298.29009159020404
240.24355626610645 329.48617646390846
240.30749225020284 322.3994227291424
240.37142823429923 301.89718747700607
240.43536421839565 318.1906342758752
240.4993002024921 401.41824647317475
240.56323618658848 515.5376028553775
240.62717217068487 561.0052694240317
240.6911081547813 447.4859251687119
240.75504413887768 207.841956929586
240.81898012297407 24.090108681750337
240.88291610707049 99.63248617323936
240.94685209116693 477.43746137966446
241.0107880752633 963.6786373445544
241.0747240593597 1247.5406940430976
241.13866004345613 1135.631107784724
241.20259602755252 706.3011295262353
241.26653201164896 245.904659943986
241.33046799574535 14.124007866145234
241.39440397984177 59.47912239411968
241.45833996393816 234.7469548697768
241.52227594803455 351.7296919296029
241.58621193213096 329.6999821576136
241.6501479162274 225.26523456643676
241.7140839003238 149.59773423606575
241.7780198844202 179.22612924651844
241.84195586851664 327.81544965634544
241.90589185261305 563.972464671704
241.96982783670944 825.8337315997458
242.03376382080583 1024.653881179024
242.09769980490225 1077.0648444169976
242.16163578899864 955.7018226350141
242.22557177309508 712.2669810312755
242.28950775719147 451.82697418861056
242.3534437412879 263.04340542626767
242.41737972538428 162.92723046529133
242.48131570948067 120.27918698271462
242.54525169357711 125.77387657834961
242.60918767767353 221.10864514237528
242.67312366176992 443.65944578490166
242.73705964586637 739.7557489581216
242.80099562996273 957.5702697847048
242.86493161405917 951.5912547258703
242.9288675981556 704.8857504552981
242.99280358225195 354.9823451912211
243.0567395663484 96.95523570967165
243.1206755504448 40.261133137911976
243.1846115345412 134.44400526333416
243.2485475186376 229.67543689155332
243.312483502734 217.32458643588427
243.3764194868304 113.55560734122126
243.4403554709268 23.48820878874965
243.5042914550232 38.689092566412135
243.5682274391196 156.59029638378664
243.63216342321604 287.88195220701647
243.69609940731243 335.7600705455388
243.76003539140885 269.17429590948734
243.82397137550527 140.05348864390788
243.88790735960163 39.52005862003672
243.95184334369807 35.795823903496746
244.0157793277945 140.72857752046176
244.07971531189088 304.7171385439272
244.14365129598727 443.2612280766497
244.2075872800837 488.1099194226968
244.27152326418008 418.916169302091
244.3354592482765 268.97035205181515
244.39939523237288 111.90810517041675
244.46333121646927 17.445734981947393
244.52726720056572 4.459372100590364
244.5912031846621 36.69937658324612
244.65513916875852 61.50844094452052
244.71907515285497 53.29203180717312
244.78301113695133 24.990860693875558
244.84694712104775 7.675897327393235
244.91088310514417 19.92031259355769
244.97481908924055 52.09593069060321
245.038755073337 80.1498321709795
245.1026910574334 87.34089235937203
245.1666270415298 74.20323920740206
245.23056302562625 59.028299403204
245.29449900972264 68.15501051022461
245.35843499381903 118.23751107256155
245.42237097791545 197.85947743881377
245.48630696201184 264.776709826278
245.55024294610823 272.60789223784894
245.61417893020467 206.73265531402856
245.67811491430103 100.62726752537066
245.74205089839748 17.415217828623767
245.80598688249387 5.749140647257601
245.8699228665903 64.70066553332599
245.93385885068673 143.63620766857747
245.99779483478312 182.26717439616388
246.0617308188795 162.25920656646952
246.12566680297593 115.4444337943808
246.18960278707235 87.01661214235716
246.25353877116876 96.55377772595116
246.31747475526515 123.64910457112516
246.38141073936157 129.3558863044103
246.44534672345796 95.48421321667885
246.5092827075544 45.910001828115405
246.5732186916508 37.747401248279004
246.6371546757472 127.69494334703776
246.7010906598436 329.3897764838525
246.76502664394 591.7201409279176
246.8289626280364 819.4479174592761
246.8928986121328 924.2377208915843
246.9568345962292 870.1395046117701
247.02077058032563 689.169974926874
247.08470656442205 459.7940032113427
247.14864254851844 256.8994868039016
247.21257853261483 114.94181630145145
247.27651451671127 34.07661891426626
247.3404505008077 6.734188767255892
247.40438648490408 37.701712007341264
247.46832246900047 146.2497367629209
247.5322584530969 341.5854633904667
247.59619443719328 590.6571467154229
247.6601304212897 815.3210178084566
247.72406640538608 922.7957035788615
247.78800238948247 851.5103560043901
247.8519383735789 617.0439305901812
247.9158743576753 319.41319528237744
247.97981034177172 87.0968988467363
248.0437463258681 3.4962816297673966
248.10768230996453 63.16654597295949
248.17161829406095 176.95225459215067
248.23555427815737 241.94874202055937
248.29949026225376 220.737183693586
248.3634262463502 146.36145397024418
248.42736223044656 72.70445680680724
248.491298214543 30.022321734245647
248.55523419863937 13.413137699119508
248.6191701827358 8.247764455869884
248.68310616683223 17.483252145107542
248.74704215092865 52.9741555871484
248.81097813502504 102.23402301474091
248.87491411912143 122.08221196179028
248.93885010321785 86.38011540220931
249.00278608731423 31.99750526589525
249.06672207141068 46.25019922785616
249.13065805550704 203.87241811561927
249.1945940396035 482.5465257049525
249.25853002369993 741.6016410841064
249.3224660077963 824.6097035542055
249.3864019918927 683.2929833854886
249.45033797598913 404.07882744615296
249.51427396008552 140.83096366233968
249.57820994418196 10.160252990900954
249.64214592827832 19.79613285540494
249.70608191237477 88.4028568617568
249.77001789647116 128.64753035605847
249.83395388056755 109.72890001870506
249.897889864664 58.01549329386449
249.9618258487604 16.060688336417606
250.0257618328568 2.2729013329471983
250.0896978169532 4.956761706923622
250.1536338010496 5.858143200266949
250.217569785146 1.211752949034083
250.2815057692424 2.8388183134128995
250.34544175333883 22.282418422179024
250.4093777374352 55.16536087365927
250.47331372153164 81.01401364461368
250.537249705628 83.85639638762649
250.60118568972445 79.05186635707713
250.6651216738209 108.44121605772554
250.72905765791725 203.87389753270796
250.79299364201367 347.43762621711494
250.8569296261101 451.8128178703277
250.92086561020648 415.88119219610326
250.9848015943029 236.56274761291343
251.04873757839928 49.129756208537145
251.11267356249567 35.80351279224943
251.1766095465921 269.7558547099536
251.2405455306885 624.14975881022
251.30448151478487 844.5140487959284
251.3684174988813 750.7169549776228
251.43235348297773 412.7104722325817
251.49628946707412 110.84766122099
251.56022545117057 91.14268781017209
251.62416143526693 363.72373447116183
251.68809741936337 703.8693285834382
251.75203340345976 849.3456105434132
251.81596938755615 738.9145355733788
251.87990537165257 526.4349716446476
251.943841355749 389.76992730101034
252.0077773398454 383.19835018971935
252.07171332394185 420.7618596485137
252.13564930803824 382.71828229555086
252.19958529213463 256.4360163070296
252.26352127623105 142.1335361660738
252.32745726032744 131.83486154674648
252.39139324442385 212.10688431079927
252.45532922852027 286.2016145818957
252.51926521261663 286.9296315594722
252.58320119671308 244.62212497588888
252.64713718080947 240.2712193315539
252.71107316490588 315.2665202064326
252.77500914900233 424.5115302917905
252.83894513309872 472.267651898548
252.9028811171951 402.69398438757287
252.96681710129153 252.44653652034157
253.03075308538797 118.22820889713208
253.09468906948436 87.97957791165479
253.15862505358075 186.88742229059784
253.2225610376772 354.5430116565075
253.28649702177356 474.07769512167266
253.35043300587 452.4536810965596
253.4143689899664 296.31956875526686
253.4783049740628 117.64616372523297
253.5422409581592 64.72976902266652
253.6061769422556 229.9392553513485
253.670112926352 579.7775491050426
253.7340489104484 958.648160344684
253.7979848945448 1188.8082206273389
253.8619208786412 1180.0704149118965
253.92585686273765 962.2979941923865
253.98979284683404 650.8213137721814
254.05372883093045 376.9294320658349
254.11766481502687 222.95038174947297
254.18160079912323 208.55875692549327
254.24553678321968 315.5315468675263
254.30947276731607 503.77346562734846
254.37340875141248 713.1466486537662
254.43734473550887 872.0576399473075
254.5012807196053 914.5879042728745
254.56521670370168 803.6268237453025
254.62915268779807 564.4721818176364
254.6930886718945 299.54476417972694
254.75702465599093 135.49624085824536
254.82096064008732 125.50993467012628
254.8848966241837 200.22284265291364
254.94883260828013 226.4187780749044
255.01276859237657 139.82239630674462
255.07670457647296 31.773256945270855
255.14064056056935 74.13776598036597
255.20457654466577 323.5878643642712
255.26851252876216 616.4300668552092
255.3324485128586 698.7491567486682
255.39638449695505 473.0700479917997
255.4603204810514 130.4666417456052
255.52425646514783 19.80683962957788
255.5881924492442 308.7710576447841
255.65212843334064 786.4971044698998
255.71606441743705 1050.4307796047378
255.78000040153344 866.6321032531257
255.84393638562983 391.7130455718108
255.90787236972628 51.81690042742584
255.97180835382264 126.75604437754724
256.0357443379191 493.33054252435613
256.0996803220155 787.5607613105082
256.1636163061119 746.8117599095075
256.22755229020834 430.07560009163853
256.29148827430475 125.3021754632282
256.3554242584012 36.949726222826605
256.41936024249753 116.36678098202422
256.48329622659395 177.78745391405738
256.5472322106904 124.82136782873717
256.6111681947868 46.58480220950607
256.6751041788832 93.19464936478296
256.7390401629796 291.0494983120962
256.802976147076 501.1285682991344
256.8669121311724 554.9684472882902
256.9308481152688 419.3710506387316
256.99478409936523 209.6652138279883
257.05872008346165 64.91379282356053
257.122656067558 35.56866406676845
257.1865920516544 75.97301171097406
257.25052803575085 120.15724991893183
257.31446401984726 147.81912438021203
257.3784000039437 176.95484606310217
257.4423359880401 208.90269955449884
257.50627197213646 207.1722452816963
257.5702079562329 145.521475203226
257.6341439403293 54.145321471629416
257.69807992442566 1.2357488261508027
257.76201590852213 30.74474628002393
257.82595189261855 114.97267648824818
257.88988787671485 175.8569149057032
257.95382386081127 160.15650708081589
258.01775984490774 90.23431815501296
258.08169582900416 39.28172979657748
258.1456318131006 56.06043742582517
258.20956779719694 118.7897868755242
258.2735037812933 162.39856567948675
258.3374397653898 143.02664609833107
258.40137574948614 77.28857652648398
258.4653117335826 21.804058211266824
258.529247717679 16.345173617666415
258.5931837017754 53.39241092008994
258.6571196858718 97.92322480615833
258.7210556699682 119.97705463136558
258.78499165406464 110.89173988273144
258.84892763816106 81.32825353535017
258.9128636222575 46.234552959832705
258.97679960635384 25.306179833513532
259.04073559045025 51.97338534266981
259.10467157454667 146.5453873789836
259.1686075586431 281.79197646119496
259.2325435427395 395.7601950501116
259.29647952683587 436.1695030233949
259.3604155109323 392.77276489359383
259.4243514950287 299.23118925949166
259.4882874791251 203.8461214661804
259.55222346322154 122.5512189837682
259.61615944731795 45.54561792207624
259.6800954314143 1.8481931836028465
259.74403141551073 53.58644309006401
259.80796739960715 216.5991387345132
259.8719033837036 418.8432331259469
259.9358393678 530.3501035811681
259.99977535189635 466.7604663811615
260.0637113359928 281.7690668013224
260.1276473200892 115.74009514401696
260.1915833041856 66.02081097950455
260.255519288282 118.94146487572844
260.31945527237843 184.39169242091003
260.3833912564748 193.64399970495697
260.4473272405712 155.74337360902075
260.5112632246676 115.8724271221239
260.57519920876405 89.34343058664646
260.63913519286046 59.59501285128804
260.7030711769569 30.511083553492846
260.76700716105324 49.68037828916589
260.83094314514966 153.9944923663515
260.8948791292461 296.98540443411105
260.9588151133425 366.52320495539806
261.02275109743886 291.8935868071767
261.0866870815353 124.19466379000664
261.1506230656317 6.477058364114033
261.21455904972805 43.6371345734045
261.27849503382447 196.1901381147764
261.34243101792094 325.28934080710025
261.40636700201736 327.0141975432604
261.47030298611367 213.24263594284227
261.53423897021014 82.6107662953289
261.5981749543065 16.02965913160782
261.662110938403 10.897023722526503
261.72604692249934 20.164799544773064
261.7899829065958 24.026940738543463
261.85391889069217 45.360394711194566
261.9178548747886 103.98042098139967
261.981790858885 176.46206156995103
262.0457268429814 212.7487282643139
262.10966282707784 185.4277932649744
262.1735988111742 115.67730961850808
262.2375347952706 49.818795312634606
262.30147077936704 18.426194340631987
262.36540676346345 25.048047286781493
262.4293427475599 62.794275581631446
262.4932787316563 124.61915094230245
262.55721471575265 193.01634514275975
262.62115069984907 234.05517939303977
262.6850866839455 220.61364585963432
262.7490226680419 166.3686751712413
262.8129586521383 127.35780137888985
262.87689463623474 156.22384210359624
262.9408306203311 253.8787320512388
263.0047666044275 368.8387013633143
263.06870258852393 437.2171714423693
263.13263857262035 429.14295928326936
263.1965745567168 366.4782874307896
263.26051054081313 296.13879490423284
263.32444652490955 253.14876847436832
263.388382509006 250.64895334253083
263.4523184931024 287.6049291309421
263.5162544771988 350.44330835351013
263.5801904612952 408.7558608798435
263.6441264453916 422.90241544862823
263.708062429488 371.1181492607026
263.7719984135844 277.72168837936124
263.83593439768083 207.31792038156888
263.89987038177725 217.03192690029212
263.96380636587367 310.8466748165579
264.02774234997 437.92497427332586
264.09167833406644 527.9495756716847
264.15561431816286 532.676964799039
264.2195503022593 449.6693176687284
264.2834862863557 315.849506051347
264.34742227045206 178.424254345617
264.4113582545485 71.34580836699259
264.4752942386449 11.828764434903382
264.53923022274125 3.465933165913608
264.60316620683767 37.23445353092535
264.66710219093414 97.34892888936291
264.7310381750305 169.9783267020215
264.79497415912687 243.63837727297087
264.85891014322334 303.7348290622816
264.9228461273197 331.64367970870984
264.9867821114162 309.82076209972325
265.05071809551254 233.9012880573632
265.1146540796089 126.82700450020984
265.17859006370537 34.321195411758225
265.24252604780173 0.6024270416307989
265.3064620318982 46.908692899946665
265.3703980159946 162.7956840023462
265.434334000091 312.03240786858447
265.4982699841874 449.0617290236687
265.5622059682838 533.5948646316683
265.62614195238024 542.5398391131773
265.69007793647665 479.00845476705126
265.7540139205731 369.6281637076332
265.81794990466943 251.37109861403803
265.88188588876585 154.55006006338593
265.94582187286227 90.27101534142012
266.0097578569587 52.966353428797234
266.0736938410551 32.723553762544846
266.13762982515146 22.61309042024557
266.2015658092479 19.007685052338186
266.2655017933443 22.598202946700056
266.3294377774407 41.696255683094286
266.39337376153713 87.3978077692879
266.45730974563355 154.07964857305993
266.5212457297299 205.614056085302
266.5851817138264 195.30522773616988
266.64911769792275 112.12242322561121
266.7130536820192 17.013086599621957
266.7769896661156 24.589449946714847
266.840925650212 211.1650001997508
266.9048616343084 523.7834286279306
266.9687976184048 792.1011715989587
267.0327336025012 840.4195263764831
267.0966695865976 624.5743282017646
267.16060557069403 286.57564720832755
267.2245415547904 45.23078973228829
267.2884775388868 14.746423373399823
267.3524135229832 128.7647151328836
267.41634950707964 221.03598363987092
267.48028549117606 183.8386941395464
267.5442214752725 62.69953803074854
267.60815745936884 0.5826238591232513
267.67209344346526 94.51203460038
267.7360294275617 298.2078357172442
267.7999654116581 458.485347016639
267.86390139575445 451.6970952169205
267.92783737985087 288.18882692898745
267.9917733639473 97.63289433270307
268.0557093480437 17.132733032830977
268.11964533214007 81.29890394771952
268.18358131623654 211.24397991593025
268.2475173003329 295.9520819836505
268.31145328442926 281.2251617956642
268.37538926852574 197.6107139298488
268.4393252526221 114.07421598533146
268.5032612367186 68.78415225272353
268.56719722081493 48.430423591802544
268.6311332049114 28.8077940302044
268.69506918900777 21.467960740532497
268.7590051731042 70.21810743387057
268.8229411572006 198.57893960157617
268.886877141297 367.13377969677873
268.95081312539344 494.50485654806994
269.01474910948986 521.9110518856289
269.0786850935862 458.6552715830233
269.14262107768263 375.7877287194653
269.20655706177905 348.30817018875183
269.2704930458754 381.86654812131775
269.3344290299719 404.78933111794066
269.39836501406825 348.8797411717894
269.46230099816466 221.5611132835917
269.5262369822611 90.00822963753363
269.5901729663575 16.696227049168044
269.6541089504539 9.491499348750024
269.71804493455033 21.685786359759263
269.7819809186467 13.205299172026463
269.8459169027431 15.943359080115195
269.9098528868396 122.62598028633204
269.97378887093595 397.0484200282757
270.0377248550324 784.1198055758604
270.1016608391287 1101.171656637826
270.16559682322514 1140.6961522280549
270.2295328073216 843.0991181628007
270.293468791418 384.652845686764
270.3574047755144 52.67996411168623
270.4213407596108 36.46146700878042
270.4852767437072 313.69977793529534
270.5492127278036 668.0567431929323
270.6131487119 843.3418615049642
270.6770846959964 742.2125033964292
270.74102068009284 464.2752463548736
270.80495666418926 180.9735031914346
270.8688926482856 21.47156124449509
270.93282863238204 32.47033853461121
270.99676461647846 186.5404744176749
271.0607006005749 419.1779721699524
271.1246365846713 649.0398661297602
271.18857256876765 776.1029165391731
271.2525085528641 722.4208243269918
271.3164445369605 503.47341548099513
271.3803805210569 235.88199534781535
271.44431650515327 61.16300811530586
271.50825248924974 54.589267213001534
271.5721884733461 181.1913887288731
271.63612445744246 324.0328911290959
271.70006044153894 373.043450178696
271.7639964256353 302.6790232073252
271.8279324097318 169.92264972207204
271.89186839382813 54.80808363890404
271.9558043779245 3.9201927020720153
272.01974036202097 14.114874723290283
272.0836763461174 60.81052699514209
272.1476123302138 133.88050848173327
272.2115483143102 242.10573723778245
272.2754842984066 384.6236117902437
272.33942028250294 517.121180659256
272.4033562665994 554.9544932106414
272.46729225069583 439.6515245890374
272.53122823479225 216.17562191126936
272.5951642188886 29.98656416604739
272.65910020298503 32.52669118630536
272.72303618708145 252.68425173424848
272.78697217117787 547.8382228597569
272.8509081552743 707.8044842450108
272.9148441393707 617.2407621962611
272.9787801234671 350.8630467890324
273.0427161075635 120.03683391579732
273.1066520916599 92.26971180422004
273.1705880757563 273.59280236328306
273.2345240598528 527.7734053760154
273.29846004394915 671.4133335480288
273.3623960280455 609.0582338635483
273.4263320121419 386.72645725248503
273.49026799623834 136.0746835526089
273.5542039803348 9.986196383578482
273.6181399644312 106.2898321708346
273.6820759485276 404.5751184042194
273.74601193262396 769.2402747531116
273.8099479167204 1012.3734418986209
273.8738839008168 1011.4807318738368
273.9378198849132 794.2266309619872
274.0017558690096 499.8531151287461
274.06569185310605 269.3046702310302
274.1296278372024 159.20994887426693
274.1935638212988 134.45000167927995
274.25749980539524 128.153664267094
274.32143578949166 102.33622979836603
274.3853717735881 61.276474967331424
274.44930775768444 29.439170485081632
274.51324374178085 24.734800804411258
274.5771797258773 46.4182999652601
274.6411157099737 86.08618163739905
274.7050516940701 136.7041379443682
274.76898767816647 196.9899272582026
274.8329236622629 280.9248426185552
274.8968596463593 396.0404802044912
274.96079563045566 515.4761931361811
275.02473161455214 593.0409634225654
275.0886675986485 597.9043430192838
275.15260358274486 546.9787949790684
275.21653956684133 500.51228873219617
275.2804755509377 497.23514617766966
275.34441153503417 508.6133023524643
275.4083475191306 482.7754036093227
275.472283503227 418.38587658461194
275.53621948732336 373.1598674391148
275.6001554714198 397.0595014476013
275.66409145551614 456.06227613185536
275.7280274396126 449.26148486417617
275.79196342370903 335.60446391632547
275.85589940780545 217.49678984265364
275.9198353919018 249.02213086040453
275.98377137599823 445.95831239432266
276.04770736009465 636.4084634024736
276.11164334419107 630.9288908128524
276.1755793282875 415.5209831979332
276.23951531238384 198.90606379695257
276.30345129648026 228.45981024497928
276.3673872805767 513.0334340806289
276.4313232646731 822.6795561731013
276.4952592487695 924.2129180663501
276.55919523286593 752.8109932721121
276.6231312169623 444.744101717461
276.6870672010587 197.19859267168576
276.7510031851551 82.88989319062502
276.81493916925155 59.65818991733571
276.878875153348 88.9182044113023
276.9428111374444 176.46678033490238
277.00674712154074 311.59371103359706
277.07068310563716 418.3429035162605
277.1346190897336 414.926054997016
277.19855507383 310.9355531301056
277.2624910579264 203.03083763458585
277.3264270420228 160.16399462994397
277.3903630261192 151.50653451482705
277.4542990102156 108.6532100643058
277.518234994312 30.11126112477736
277.58217097840844 5.407618150005461
277.64610696250486 109.20421019596284
277.7100429466012 288.8706388356413
277.77397893069764 401.22093718123944
277.83791491479406 350.6526641492369
277.9018508988905 187.60720895325173
277.9657868829869 53.17269349715463
278.0297228670833 23.92340121430628
278.09365885117967 56.27838458817069
278.1575948352761 64.98747743175252
278.2215308193725 27.814904159215995
278.28546680346886 0.9700521952879374
278.34940278756534 29.833317756522128
278.4133387716617 86.17761671892198
278.47727475575806 104.60077076432144
278.54121073985453 65.25726116927113
278.6051467239509 21.64733616171909
278.66908270804737 35.563211859560866
278.7330186921438 112.09305265067368
278.79695467624015 201.9921972154662
278.86089066033657 251.93182264963048
278.924826644433 253.112268490474
278.9887626285294 237.15298554521385
279.0526986126258 236.29830967469036
279.1166345967222 261.1868180700424
279.18057058081854 300.72305587329254
279.244506564915 328.0203023183215
279.30844254901143 312.93075235633137
279.37237853310785 237.9085484567222
279.43631451720427 122.2039914462054
279.5002505013006 29.01620910433164
279.56418648539704 7.489197679020721
279.62812246949346 40.1692072399502
279.6920584535899 70.65775463081339
279.7559944376863 72.66338597224262
279.8199304217827 98.36454754729589
279.8838664058791 210.26662225506092
279.9478023899755 374.5071162272766
