0.1 5721.5281250619
0.12988521968988892 5504.629121668436
0.15977043937977783 5402.138816920447
0.18965565906966675 5596.301892294285
0.2195408787595557 6085.278462177692
0.24942609844944455 6435.134835648259
0.2793113181393335 6110.1312326649695
0.3091965378292224 5011.123417935938
0.3390817575191113 3867.2114056778073
0.3689669772090002 4688.340999030505
0.3988521968988892 10953.704516712436
0.42873741658877806 26244.59033958757
0.45862263627866695 51535.55422342309
0.48850785596855584 81674.34869964869
0.5183930756584448 105289.77351992548
0.5482782953483337 112852.48138549592
0.5781635150382226 102039.99894143088
0.6080487347281115 77733.15690359996
0.6379339544180004 51648.73288757855
0.6678191741078894 40429.85379691638
0.6977043937977783 57520.24597143905
0.727589613487667 105027.11776353935
0.7574748331775562 173688.5349355336
0.7873600528674449 246631.0771313676
0.8172452725573339 302339.1999782949
0.8471304922472227 320083.9286327
0.8770157119371118 291750.97816871706
0.9069009316270008 229527.70306731688
0.9367861513168896 158249.86604021367
0.9666713710067784 101275.7473154146
0.9965565906966674 71713.86451129682
1.0264418103865565 71308.816649483
1.0563270300764451 90187.73552897049
1.0862122497663342 110304.21238578614
1.1160974694562231 118281.46359841136
1.145982689146112 113858.7095616656
1.175867908836001 102572.15776800145
1.20575312852589 85533.62251703005
1.235638348215779 60119.43931442738
1.2655235679056676 29199.415302597736
1.2954087875955567 5277.559395593465
1.3252940072854456 3287.588681334568
1.3551792269753344 28337.08848211534
1.385064446665223 66653.28499550035
1.4149496663551124 92276.37529293155
1.444834886045001 88663.76692882256
1.4747201057348902 60105.49932962365
1.504605325424779 24740.756364195724
1.534490545114668 2335.2223675765968
1.5643757648045569 4720.0358315216645
1.5942609844944455 29965.832712879914
1.6241462041843346 62583.08432534605
1.6540314238742235 82960.78672637147
1.6839166435641126 79408.98797367026
1.7138018632540015 54072.51889877552
1.7436870829438904 22636.84547622464
1.7735723026337793 7341.328377356735
1.803457522323668 23450.344671084113
1.8333427420135568 66394.50725222476
1.8632279617034455 113246.6016114459
1.8931131813933353 140782.55591637807
1.922998401083224 140613.05710756444
1.9528836207731128 119588.66380565448
1.9827688404630015 92641.754054335
2.0126540601528906 74376.41080099261
2.0425392798427793 72007.97097335535
2.0724244995326684 83620.4120746834
2.102309719222557 101257.57658905964
2.132194938912446 114611.53829759572
2.1620801586023353 115001.0609724738
2.191965378292224 100779.79088016629
2.2218505979821126 80263.68880900205
2.2517358176720017 67332.70752901532
2.281621037361891 70959.19439212543
2.31150625705178 85487.41825181332
2.3413914767416686 91950.73552972266
2.3712766964315577 75735.48903285981
2.4011619161214464 45254.95626975528
2.4310471358113355 27287.015689344527
2.460932355501224 43451.72630895862
2.490817575191113 93427.40862271417
2.5207027948810024 154916.47260911737
2.550588014570891 194834.17410575604
2.58047323426078 188407.82677661543
2.610358453950669 138305.22685557007
2.6402436736405575 74464.48070239795
2.6701288933304466 29002.037269920296
2.700014113020336 11542.528210471144
2.729899332710225 9770.16933241445
2.759784552400113 7642.608440691785
2.7896697720900026 3493.590918053545
2.819554991779891 17551.256328488704
2.8494402114697803 77211.50124483113
2.879325431159669 184620.92620704597
2.909210650849558 304790.44356732926
2.9390958705394468 389826.2151104237
2.968981090229336 404530.94893023634
2.998866309919225 341034.04134500574
3.0287515296091136 228166.20699183573
3.0586367492990028 116099.11111016096
3.0885219689888914 41315.84703569384
3.1184071886787805 13056.254478779627
3.1482924083686687 22413.88886780072
3.1781776280585583 50937.83791148176
3.208062847748447 81074.8675798491
3.237948067438336 104160.8644770434
3.2678332871282247 114414.04914071596
3.2977185068181134 104648.27610904325
3.327603726508003 75107.55260349649
3.357488946197892 36941.24256214767
3.3873741658877807 6876.693805564955
3.4172593855776694 3898.645715422209
3.4471446052675585 40872.9183847746
3.477029824957448 114203.4026584844
3.506915044647336 206209.82061556156
3.5368002643372254 296075.7031530575
3.566685484027114 366196.5577011312
3.596570703717003 401074.43758774945
3.626455923406892 389797.9925244855
3.656341143096781 334867.75268488046
3.6862263627866705 251716.31276897204
3.716111582476559 158313.67941868622
3.745996802166448 72741.17072044521
3.775882021856336 15807.771463733889
3.8057672415462256 2111.6068879071977
3.835652461236114 27675.95542173592
3.8655376809260034 71800.21120785382
3.895422900615892 108628.33534804457
3.9253081203057807 119037.22579749876
3.9551933399956702 101113.76137834215
3.9850785596855594 70309.4663091193
4.014963779375448 45910.411899507904
4.044848999065336 37666.571232423514
4.074734218755226 42385.952502919354
4.104619438445114 48964.08984415479
4.134504658135003 47474.806732576966
4.164389877824892 36747.84941896566
4.1942750975147804 24860.206125731274
4.22416031720467 22144.16622435775
4.2540455368945596 32695.607173725057
4.283930756584447 51077.70447198744
4.313815976274337 66056.33653648381
4.3437011959642255 68732.65917174492
4.373586415654113 59430.21389228634
4.403471635344002 46831.480181582
4.433356855033892 41086.318177853165
4.463242074723781 48549.209475235104
4.49312729441367 68536.38850320115
4.523012514103559 92534.60555302483
4.552897733793448 110357.17443257193
4.582782953483337 116931.8297740688
4.612668173173224 110798.54455205996
4.642553392863114 91140.03875231808
4.672438612553004 61010.34451052762
4.702323832242892 29549.142341442475
4.732209051932782 7217.340881591438
4.76209427162267 138.57443096171667
4.791979491312559 8029.314600102446
4.821864711002448 24441.3921228192
4.851749930692336 39927.31819887782
4.881635150382226 47227.757695032175
4.911520370072115 44562.814400406736
4.941405589762004 35476.522845275285
4.971290809451893 25462.728590011848
5.001176029141781 17918.183490062427
5.03106124883167 13034.765610511304
5.06094646852156 9338.0551543233
5.090831688211448 5463.8219667198655
5.120716907901337 1720.4001131671982
5.150602127591227 1228.475591071006
5.180487347281115 9155.480800071535
5.210372566971004 30214.048712666314
5.240257786660893 66073.50960185952
5.270143006350782 112824.79785066997
5.300028226040671 160401.0675914829
5.32991344573056 197145.2653575634
5.359798665420449 215660.44723557855
5.389683885110338 213790.96488867133
5.4195691048002255 192437.8722739956
5.449454324490115 155847.03269652135
5.479339544180005 113957.82873356674
5.509224763869893 79241.89869770237
5.539109983559782 57737.66740170676
5.5689952032496715 46543.5807577681
5.59888042293956 40953.84912258309
5.628765642629449 39304.5360413646
5.6586508623193374 40370.523187783
5.688536082009227 40676.42658243698
5.718421301699116 36582.95023791219
5.748306521389004 27446.457967127295
5.778191741078893 15928.133614830587
5.808076960768783 7108.308305204902
5.837962180458671 7419.463966303319
5.86784740014856 20677.613355118723
5.897732619838449 43192.30398469036
5.927617839528337 65022.6673517688
5.957503059218227 77612.34408632526
5.987388278908115 79376.7606824534
6.017273498598005 74495.22452690582
6.047158718287894 69409.13778845755
6.077043937977782 70774.79435325992
6.106929157667672 81630.23177635814
6.1368143773575605 97145.2604536746
6.166699597047449 108283.99974113188
6.196584816737338 110535.7709910622
6.226470036427227 105173.64192260556
6.256355256117116 93526.44714868073
6.286240475807005 75475.72400305897
6.3161256954968925 53198.34685566632
6.346010915186783 32010.75098828681
6.375896134876672 16839.839308628198
6.40578135456656 10376.21652480319
6.43566657425645 14357.401954452707
6.465551793946338 29206.933406365282
6.495437013636227 52300.833752011786
6.525322233326116 79418.57097559061
6.5552074530160045 107410.70765455812
6.585092672705894 133055.33484652147
6.614977892395784 150398.48794682743
6.644863112085672 152880.89545145974
6.674748331775561 138859.67757896695
6.70463355146545 113015.46070790508
6.734518771155337 82744.28024975123
6.764403990845228 54640.657232079066
6.7942892105351165 32959.218612188655
6.824174430225005 18968.70319128885
6.854059649914896 11237.042309012688
6.883944869604783 7388.1423057646625
6.913830089294672 5846.379662082851
6.943715308984561 5873.581188733088
6.973600528674449 6594.737940715394
7.003485748364338 6715.9996349064895
7.033370968054228 5440.3583143100495
7.063256187744117 3310.1884190428655
7.093141407434006 1534.36974899903
7.1230266271238944 539.7457100990534
7.152911846813783 124.59276632699157
7.182797066503673 2219.644626705723
7.212682286193561 14412.427774074564
7.242567505883451 50543.05515110702
7.2724527255733395 125131.04420090214
7.302337945263229 242102.7501404552
7.332223164953117 383903.8083840288
7.362108384643005 511388.926001001
7.391993604332894 580356.9530496537
7.421878824022782 564429.2797992483
7.451764043712672 467217.75308192446
7.481649263402562 319560.9644903645
7.51153448309245 167216.71135446936
7.541419702782339 54426.12937295862
7.571304922472229 8914.777699291039
7.601190142162117 33241.24354527861
7.631075361852006 106606.91308688986
7.660960581541894 196866.9710072892
7.690845801231783 273852.59630975727
7.720731020921674 316610.12451674003
7.750616240611562 316265.9724001491
7.7805014603014495 276544.2762113735
7.810386679991341 210373.8484938312
7.840271899681229 134420.78013358207
7.870157119371116 65419.019656593395
7.900042339061007 18145.582592643605
7.929927558750895 2902.667225955744
7.959812778440784 22420.33607719434
7.989697998130672 69954.13639808557
8.019583217820562 130325.49002385869
8.049468437510452 184004.3348814684
8.07935365720034 212990.6900273772
8.10923887689023 207553.03906335324
8.139124096580117 171005.87669935447
8.169009316270007 117605.23357261672
8.198894535959896 64526.23177575314
8.228779755649784 24930.409757703103
8.258664975339673 4533.699058143612
8.288550195029563 734.9607258291069
8.318435414719449 5779.993334984192
8.34832063440934 12236.954401138311
8.378205854099228 16137.556877554523
8.408091073789118 16971.709557708768
8.437976293479007 16115.665396846449
8.467861513168895 14686.719657423335
8.497746732858785 12567.759154925585
8.527631952548674 9575.449167099476
8.557517172238564 6505.0265389522765
8.587402391928451 4429.560836791056
8.617287611618341 3849.546392694464
8.647172831308227 4576.250843997258
8.677058050998118 5899.251951712957
8.706943270688006 7245.471419555612
8.736828490377894 9033.960553528874
8.766713710067785 12768.080856882623
8.796598929757673 20002.250259916
8.82648414944756 30753.0471844659
8.856369369137452 42567.141274943395
8.886254588827342 51134.61603615252
8.91613980851723 52478.13075288009
8.94602502820712 46032.223150082165
8.975910247897007 36844.95420896683
9.005795467586896 34431.80438026627
9.035680687276784 47948.26335827116
9.065565906966672 80715.33498409316
9.095451126656563 127724.17937575716
9.125336346346451 177479.49054745183
9.155221566036339 216103.12084849784
9.18510678572623 231239.12543360723
9.214992005416116 215668.07845064256
9.244877225106007 171040.28023988943
9.274762444795897 109743.7263436588
9.304647664485785 50605.236026369486
9.334532884175674 10928.444717048387
9.364418103865566 2224.4669261362988
9.394303323555453 25816.992350012333
9.424188543245341 67691.23550848107
9.45407376293523 104813.0941436879
9.483958982625118 119337.0356181136
9.513844202315008 105683.05404468557
9.543729422004896 71386.75284050166
9.573614641694784 36106.2118625474
9.603499861384675 21551.05685403069
9.633385081074561 34146.12403005748
9.66327030076445 59728.98097229778
9.69315552045434 76407.84861203967
9.723040740144228 70370.53457223023
9.75292595983412 44504.5226378724
9.782811179524009 16385.813976033467
9.812696399213896 5347.4455584542175
9.842581618903786 19741.18847209855
9.872466838593672 52793.65296752283
9.902352058283565 87495.94683862409
9.932237277973455 109614.78099524855
9.96212249766334 117440.4867649342
9.99200771735323 118020.77051817245
10.02189293704312 117977.31925839184
10.051778156733008 119896.93181135102
10.081663376422895 123674.1438978016
10.111548596112787 127779.60725039816
10.141433815802674 130908.32076603238
10.171319035492564 134010.4954020681
10.201204255182452 137157.7189019854
10.23108947487234 135216.26970873543
10.26097469456223 121831.66122726772
10.290859914252119 96023.58865046145
10.320745133942008 63016.864820637216
10.350630353631896 31833.206898260523
10.380515573321784 11646.317111842547
10.410400793011677 7713.887383045862
10.440286012701565 19527.38127683469
10.470171232391452 41137.398912068915
10.50005645208134 63140.37066468954
10.529941671771232 76267.91925001267
10.55982689146112 74850.3038161183
10.589712111151009 58795.655782637215
10.619597330840898 33994.91218893068
10.649482550530786 10916.571722741852
10.679367770220676 402.7005244283087
10.709252989910564 7986.332669414062
10.739138209600451 31355.150345260314
10.769023429290343 61841.45513553427
10.79890864898023 87434.86460910969
10.82879386867012 97713.94490903112
10.858679088360008 88990.71680270985
10.888564308049896 65741.04205868953
10.918449527739787 38142.157229861565
10.948334747429676 17043.08956698689
10.978219967119564 8664.067308543248
11.008105186809452 11898.678305638536
11.03799040649934 19538.254887467272
11.067875626189233 23222.8033071232
11.09776084587912 18974.6358216264
11.127646065569008 9502.627237630402
11.157531285258896 1795.33714199096
11.187416504948787 1553.475526055528
11.217301724638675 9002.643853043986
11.247186944328565 18944.497481537855
11.277072164018454 24893.91244238748
11.306957383708342 24206.177145938425
11.336842603398232 19214.095562377806
11.36672782308812 14703.10249093074
11.396613042778007 14352.20624013178
11.426498262467899 17826.578987047076
11.456383482157786 21582.845289209818
11.486268701847676 21783.096145456548
11.516153921537564 16908.865533861244
11.546039141227451 9436.474567480092
11.575924360917343 3459.8185629369427
11.605809580607232 1043.9620592696572
11.63569480029712 1385.2998635045633
11.665580019987008 1931.489290357584
11.6954652396769 1316.0581460635788
11.725350459366785 980.114579869808
11.755235679056677 4188.678008240129
11.785120898746564 13696.060827456324
11.815006118436452 27816.345833408068
11.844891338126343 41046.35429991312
11.874776557816231 48729.79268920435
11.90466177750612 47972.32276336582
11.93454699719601 39120.445835402286
11.964432216885898 27454.358300040276
11.994317436575788 18465.844529644422
12.024202656265675 13849.386494682663
12.054087875955563 12540.03616162505
12.083973095645455 12368.663591555283
12.113858315335344 11728.981976408244
12.143743535025232 10586.881404413736
12.17362875471512 9535.711248764637
12.203513974405007 8556.036665023172
12.233399194094899 7024.026020623272
12.263284413784788 4742.45205438698
12.293169633474676 2781.476207339276
12.323054853164564 2961.458269614396
12.352940072854455 6144.254196838779
12.382825292544341 10973.478805953342
12.412710512234232 14349.713397459933
12.442595731924122 13931.080726293716
12.472480951614008 10831.858519785768
12.5023661713039 8844.455815367568
12.532251390993787 10859.136249597082
12.562136610683677 16501.33957438136
12.592021830373566 22222.43970557019
12.621907050063454 23816.120656155414
12.651792269753344 19803.10585069224
12.681677489443231 12388.790695682883
12.71156270913312 5394.984884280232
12.74144792882301 1356.8679937785932
12.7713331485129 200.0083384583874
12.801218368202788 308.71252832103846
12.831103587892676 495.89294395510535
12.860988807582565 905.6603246128741
12.890874027272455 2228.500125727585
12.920759246962344 4422.050907772569
12.950644466652232 6393.1739625907
12.98052968634212 6820.842227684434
13.010414906032011 5423.982689424372
13.040300125721897 3436.7457044625057
13.070185345411788 2679.989497911792
13.100070565101678 4219.473170649354
13.129955784791564 7766.4871408043955
13.159841004481455 12021.252209242928
13.189726224171345 15431.95057366174
13.219611443861233 16809.587747265068
13.249496663551122 15713.817496800471
13.279381883241012 12573.91597434098
13.3092671029309 8408.08999527717
13.339152322620787 4362.529185691322
13.369037542310677 1404.7185242788523
13.398922762000566 125.76701842312758
13.428807981690456 495.5861135330583
13.458693201380344 1752.999527737081
13.488578421070232 2736.565271696355
13.518463640760123 2596.134727406152
13.54834886045001 1427.781012832918
13.5782340801399 267.3369173659672
13.608119299829788 283.90152185032593
13.638004519519676 1806.1782923191447
13.667889739209569 4034.76325957419
13.697774958899455 5666.044358897761
13.727660178589344 5875.752713258616
13.757545398279232 4806.865575715611
13.78743061796912 3252.851256516131
13.817315837659011 1988.6973270300991
13.8472010573489 1347.2770741952274
13.877086277038789 1302.404809873472
13.906971496728678 1832.8791606192403
13.936856716418568 3133.8673939259747
13.966741936108455 5495.8354220457195
13.996627155798343 8965.508413812022
14.026512375488235 12990.683099650329
14.056397595178122 16323.808340709495
14.086282814868012 17450.51480299217
14.1161680345579 15449.3860035656
14.146053254247787 10768.556244881129
14.175938473937679 5259.920994703841
14.205823693627567 1220.6552421754486
14.235708913317456 10.146674414882456
14.265594133007344 1265.94204156012
14.295479352697232 3632.4992887457647
14.325364572387125 6482.600926954822
14.355249792077013 10485.690641601523
14.3851350117669 16249.595552105435
14.415020231456788 22617.49630527257
14.44490545114668 26372.400772013145
14.474790670836567 24234.65916112601
14.504675890526457 16175.298879940148
14.534561110216345 6899.042539851316
14.564446329906234 3195.565360910811
14.594331549596124 8961.48455479189
14.624216769286011 22114.148264885847
14.6541019889759 35543.502398528784
14.68398720866579 41392.86622364589
14.713872428355678 36153.28642449973
14.743757648045568 22946.150056266048
14.773642867735456 9147.61019881956
14.803528087425343 1307.9156007516851
14.833413307115235 1181.4061653892204
14.863298526805123 5605.853306489457
14.893183746495012 9704.352355543555
14.9230689661849 10499.59001643118
14.952954185874788 8489.493229136451
14.982839405564677 6426.504835399066
15.012724625254569 6625.304498313022
15.042609844944456 9304.192196033486
15.072495064634344 13093.600668250636
15.102380284324235 16575.006924216403
15.132265504014123 19258.68654267286
15.162150723704013 21313.459330134487
15.192035943393902 22467.939219746855
15.22192116308379 21635.788253724455
15.25180638277368 18014.25085811175
15.281691602463567 12268.260720920356
15.311576822153455 6488.148507154982
15.341462041843346 3060.763274613472
15.371347261533234 3235.9458297291853
15.401232481223124 6283.726191774534
15.431117700913012 9919.615102015001
15.4610029206029 11789.029912421878
15.49088814029279 10823.078475918152
15.52077335998268 7660.491268615314
15.550658579672568 4278.560322956038
15.580543799362456 3072.814512847741
15.610429019052344 5728.502480966608
15.640314238742233 12450.346000628664
15.670199458432124 21778.74880312418
15.700084678122012 31039.72209154281
15.7299698978119 37593.4310599314
15.759855117501791 40058.53771441656
15.78974033719168 38209.81424970728
15.819625556881569 32421.216967915665
15.849510776571458 23948.495647260745
15.879395996261346 14930.226009182572
15.909281215951236 7402.022577172267
15.939166435641123 2502.553706246296
15.969051655331011 371.1323701966144
15.998936875020902 395.0066837555792
16.02882209471079 1659.6983159581453
16.05870731440068 3344.6278430292687
16.08859253409057 4870.073037613799
16.11847775378046 5903.001296189532
16.14836297347035 6308.218244833543
16.178248193160236 6108.252742604245
16.208133412850128 5531.179496219096
16.238018632540015 4917.033576914816
16.267903852229903 4402.780035789918
16.297789071919794 3883.613636326924
16.327674291609682 3302.765904043152
16.357559511299566 2758.885609434189
16.38744473098946 2410.486414957376
16.41732995067935 2431.4637382432966
16.447215170369237 3014.7688620297467
16.477100390059128 4369.383253027353
16.506985609749016 6650.860138190706
16.536870829438904 9734.386818345944
16.56675604912879 12938.16793092935
16.596641268818683 15056.499686383491
16.62652648850857 14942.33429127992
16.65641170819846 12368.509436105875
16.68629692788835 8521.713663300816
16.716182147578238 5514.206328553669
16.746067367268125 4844.564264081992
16.775952586958017 6035.9483196805495
16.805837806647904 7083.770015111771
16.835723026337792 6361.395285264728
16.865608246027683 3982.242373233363
16.89549346571757 1524.712384812238
16.92537868540746 589.3999010702228
16.95526390509735 1464.9568732403263
16.985149124787238 3047.2206311995774
17.015034344477122 3938.07575271246
17.044919564167017 3565.514872966179
17.074804783856905 2403.1348542634983
17.104690003546793 1364.9212927223405
17.134575223236684 1097.581982431532
17.164460442926572 1730.2936521886213
17.19434566261646 2960.877102652129
17.22423088230635 4169.092607536921
17.25411610199624 4665.677424788792
17.284001321686127 4139.8386512809
17.313886541376014 3037.573756310679
17.343771761065906 2464.3629490578214
17.373656980755793 3270.0427482107607
17.40354220044568 4954.1233558512795
17.433427420135573 5864.308202733285
17.46331263982546 4799.769694039793
17.493197859515348 2287.1104807722086
17.52308307920524 248.10168414500336
17.552968298895127 431.94736682742064
17.582853518585015 2874.1815339509485
17.612738738274906 5864.899690201781
17.642623957964794 7650.085562610325
17.67250917765468 7890.759530529606
17.702394397344573 7424.552771489511
17.73227961703446 7150.903852334936
17.76216483672435 7256.266971396749
17.79205005641424 7196.670369265273
17.821935276104128 6387.195198839937
17.851820495794016 4934.53226433527
17.881705715483907 3579.65224265992
17.911590935173795 2974.226692072178
17.941476154863683 3178.360608198383
17.97136137455357 3782.2246762280406
18.00124659424346 4317.963349093315
18.03113181393335 4530.671656850885
18.06101703362324 4400.834559318572
18.09090225331313 4088.617331529239
18.120787473003016 3870.465117760378
18.150672692692904 3975.970126069749
18.180557912382795 4363.470939583744
18.210443132072683 4659.189962698568
18.240328351762567 4408.982116543729
18.270213571452462 3460.5253696892714
18.300098791142354 2137.644761981486
18.32998401083224 1142.586543095108
18.35986923052213 1312.5780002341096
18.389754450212017 3265.195614677092
18.419639669901905 7068.752269765217
18.4495248895918 12109.495897232744
18.479410109281684 17101.79994754865
18.509295328971568 20402.34557329816
18.539180548661463 20760.94987191452
18.56906576835135 17944.20108865838
18.59895098804124 12840.048192067992
18.628836207731126 7162.505299142729
18.658721427421018 2726.378179471381
18.688606647110905 530.409574669586
18.7184918668008 306.7479955525678
18.748377086490684 867.0089114507075
18.77826230618057 1032.610184401647
18.808147525870464 535.5471059904811
18.83803274556035 172.7729776916506
18.86791796525024 1061.721139630194
18.897803184940127 3629.1008761945177
18.927688404630015 7122.59739195573
18.957573624319902 10012.456348369153
18.987458844009797 11050.829489634958
19.017344063699685 10121.87265855858
19.04722928338957 8122.964178400454
19.07711450307946 6172.409273670898
19.106999722769352 5015.089118591081
19.13688494245924 4984.598681591899
19.166770162149128 6201.470480088356
19.196655381839015 8572.416597194482
19.226540601528903 11565.971731374151
19.256425821218794 14158.989801825239
19.286311040908686 15233.664408105204
19.316196260598574 14175.848687124178
19.34608148028846 11230.03666186233
19.375966699978353 7420.539213437342
19.40585191966824 4060.7328028280135
19.435737139358128 2088.782064067303
19.465622359048016 1665.5257641863711
19.495507578737907 2241.184598489293
19.525392798427795 2936.2087905590206
19.555278018117686 3027.0189821406902
19.58516323780757 2349.040757871649
19.61504845749746 1339.9462419866743
19.64493367718735 610.5248790869407
19.67481889687724 407.59765188036215
19.70470411656713 480.01133238132087
19.734589336257017 467.9067921288199
19.764474555946908 400.53639496395994
19.794359775636796 756.0264246107672
19.824244995326683 2016.9948051750569
19.85413021501657 4174.539025768358
19.884015434706463 6621.23315789642
19.91390065439635 8518.963134773583
19.94378587408624 9370.88141840921
19.97367109377613 9291.080191674999
20.003556313466017 8690.45700654492
20.03344153315591 7816.947707475728
20.0633267528458 6725.2781656912
20.093211972535684 5494.514008636529
20.123097192225572 4267.180486849529
20.152982411915463 3168.674442845932
20.18286763160535 2279.518123234447
20.21275285129524 1629.0122685603956
20.242638070985127 1178.4708489629431
20.272523290675014 826.6251892240126
20.30240851036491 469.0102718856009
20.3322937300548 121.38066534413947
20.362178949744685 32.729601910371926
20.39206416943457 611.4327505313963
20.421949389124464 2090.5448093728514
20.45183460881435 4164.094358616246
20.48171982850424 5963.0823520524045
20.511605048194127 6506.995321857491
20.541490267884015 5377.136416382216
20.571375487573903 3135.2496803657505
20.6012607072638 1127.54944622078
20.631145926953685 672.171659708048
20.661031146643573 2164.000859783465
20.690916366333465 4952.107460994509
20.720801586023352 8170.549295421205
20.75068680571324 11613.9384961556
20.780572025403128 15703.394467106267
20.810457245093016 20638.28096322003
20.840342464782903 25577.439039716493
20.8702276844728 28461.869174859385
20.90011290416269 26875.72039193792
20.92999812385257 20024.4452919788
20.959883343542465 10237.637433635964
20.989768563232353 2168.470712579865
21.01965378292224 539.4081752002623
21.04953900261213 7914.781969609675
21.079424222302016 22683.23858953493
21.109309441991908 38774.0553852549
21.1391946616818 48915.48679529032
21.169079881371687 49042.42852403243
21.19896510106157 40059.93550883428
21.228850320751462 26557.88097016749
21.258735540441357 14017.273225008057
21.28862076013124 5947.897511478178
21.31850597982113 2545.862102551252
21.34839119951102 1820.770451384986
21.37827641920091 1799.3008525389885
21.4081616388908 1672.7402822137633
21.438046858580687 1567.8821391989527
21.46793207827057 1904.0134136130596
21.497817297960463 3144.1403799482505
21.527702517650354 5827.365084920803
21.55758773734024 10250.523564136707
21.587472957030126 15740.68551828686
21.61735817672002 20304.152121689207
21.64724339640991 21601.294176503583
21.6771286160998 18876.535339752987
21.707013835789688 13838.593998112496
21.736899055479572 9342.579519443809
21.766784275169464 7186.047189347441
21.796669494859355 7101.26751855351
21.82655471454924 7591.25154348213
21.856439934239127 7427.046174174057
21.88632515392902 6419.811641794276
21.91621037361891 5171.370157365438
21.9460955933088 4337.655941687628
21.975980812998685 4169.172440800325
22.005866032688576 4647.36576746124
22.035751252378464 5789.638986972696
22.065636472068352 7707.246372429605
22.095521691758243 10526.15965819374
22.125406911448128 14314.628123155817
22.155292131138015 18839.71386507597
22.185177350827914 23174.687973811597
22.2150625705178 25713.46124144072
22.244947790207686 24929.041466956263
22.274833009897577 20459.663569031403
22.304718229587465 13692.838110488472
22.334603449277353 7116.754731981952
22.364488668967244 2682.238504221902
22.394373888657128 658.352476357904
22.424259108347016 89.82716596947934
22.45414432803691 148.45193953408184
22.4840295477268 717.8904860943105
22.513914767416686 1757.8543940395025
22.543799987106578 2630.4419093493784
22.573685206796466 2457.200452182407
22.603570426486357 1277.0014663730842
22.633455646176245 626.0032918692452
22.66334086586613 2447.0573447177385
22.69322608555602 7199.032106296011
22.723111305245908 13177.769823441495
22.7529965249358 17755.632732161095
22.782881744625687 19195.213620729228
22.81276696431557 17479.78486596349
22.842652184005463 13959.395052660177
22.872537403695357 10421.758761150768
22.90242262338524 8412.423321485507
22.932307843075133 9035.347880762054
22.96219306276502 12453.208598929325
22.99207828245491 17155.68276089004
23.0219635021448 20234.349995646706
23.051848721834688 19165.85620856758
23.081733941524572 13905.440948713756
23.111619161214463 7305.085096772362
23.141504380904355 3188.992580413358
23.17138960059424 3511.8025546782046
23.201274820284134 7206.102176885629
23.23116003997402 11669.137289340742
23.26104525966391 15187.28754069278
23.2909304793538 18178.465042879718
23.32081569904369 21510.366136956603
23.350700918733576 24130.622867661892
23.380586138423467 24390.861184597943
23.410471358113355 22013.123755212728
23.440356577803243 17316.67288725046
23.470241797493127 11428.19821588747
23.500127017183026 6840.114547106686
23.530012236872906 5248.959837378689
23.5598974565628 5962.3291969926895
23.58978267625269 6852.887676936726
23.619667895942577 6305.281760595529
23.649553115632465 4534.01184188274
23.679438335322356 2700.0617415889087
23.709323555012244 1423.8048870304751
23.739208774702128 686.0920749779928
23.769093994392023 279.72586655869907
23.79897921408191 72.3702947620856
23.8288644337718 154.68775921251023
23.85874965346169 874.1807159402169
23.888634873151577 2652.719530484237
23.918520092841465 5550.0838327344045
23.94840531253136 8727.906853474267
23.978290532221244 10498.068550370395
24.00817575191113 9515.687369215919
24.038060971601023 6127.836989895047
24.06794619129091 2320.4310538213035
24.0978314109808 187.14345124600624
24.127716630670687 376.1885209410656
24.157601850360575 1898.2868114873036
24.187487070050462 3224.1379217737194
24.217372289740357 3727.8837085681857
24.247257509430245 4086.2230807701303
24.27714272912013 5007.125999418019
24.30702794881002 6111.861759607137
24.336913168499912 6385.515228801614
24.3667983881898 5305.38645831881
24.396683607879687 3444.386213188399
24.426568827569575 1895.1507787347327
24.456454047259463 1118.9877895582326
24.486339266949354 703.4927350188016
24.516224486639246 235.31432365440344
24.546109706329133 62.13440525637487
24.57599492601902 884.5283893464981
24.605880145708912 2660.101555692675
24.6357653653988 4260.402641331718
24.665650585088688 4408.81001554548
24.695535804778576 2996.4872539397684
24.725421024468467 1250.14786726209
24.755306244158355 440.5622919356379
24.785191463848246 686.5088601483485
24.81507668353813 1135.3843154838066
24.84496190322802 1104.3090666958255
24.874847122917917 791.9385990179555
24.9047323426078 802.5512777855619
24.93461756229769 1265.8899936788835
24.964502781987576 1695.6960466014373
24.994388001677468 1687.20792924258
25.024273221367356 1533.418209227204
25.054158441057243 1841.9622718146904
25.08404366074713 2624.2825810094773
25.113928880437022 3213.279087459251
25.143814100126914 3203.1744672996974
25.1736993198168 3251.394211332028
25.20358453950669 4677.018846142248
25.233469759196577 8020.691567431814
25.26335497888647 12067.699434511844
25.29324019857636 14563.360273914906
25.323125418266244 14033.881672328216
25.35301063795613 10942.36137790181
25.382895857646023 7092.266977570604
25.41278107733591 4092.2304943156328
25.4426662970258 2496.986085229905
25.472551516715686 2090.5924497399687
25.502436736405578 2554.817199224
25.53232195609547 3721.7438100669265
25.56220717578536 5316.979268211406
25.592092395475245 6728.234599467448
25.621977615165132 7258.74628135685
25.651862834855024 6658.245421004904
25.68174805454491 5286.718917956688
25.7116332742348 3748.443371681421
25.741518493924687 2494.9332686401594
25.771403713614575 1682.943354031259
25.801288933304463 1206.656239606656
25.83117415299436 867.2975684618413
25.861059372684245 552.1172987249679
25.890944592374133 274.0875048155119
25.920829812064024 114.85921687054454
25.950715031753912 134.9125199521764
25.9806002514438 295.41383599285206
26.010485471133688 475.8392360282437
26.040370690823575 591.3617239272247
26.070255910513463 671.6097359691073
26.10014113020336 780.7728949385139
26.130026349893242 871.0129347691623
26.159911569583134 782.3478847975242
26.189796789273025 461.7067156256916
26.219682008962913 204.25477550872
26.2495672286528 595.7374338157354
26.27945244834269 2118.953368241188
26.309337668032576 4735.782963202832
26.339222887722467 7718.149247003826
26.36910810741236 9886.870257781113
26.398993327102247 10256.271553118411
26.42887854679213 8640.829371289878
26.458763766482026 5753.466971568245
26.488648986171917 2898.0536198710647
26.5185342058618 1484.8757442956498
26.54841942555169 2309.8345357222415
26.57830464524158 4935.3554886716
26.608189864931468 7915.259985757043
26.638075084621356 9727.08464487354
26.667960304311247 9574.181448392936
26.69784552400113 7681.273107913781
26.727730743691023 5011.160525601077
26.757615963380918 2580.4266062196134
26.7875011830708 961.7393145370787
26.81738640276069 250.32937815252177
26.84727162245058 230.91392125812487
26.87715684214047 524.1282255556365
26.90704206183036 737.4819890872494
26.936927281520248 662.1394402823364
26.966812501210132 406.18751320219013
26.996697720900023 277.58913288903534
27.026582940589915 453.710410741582
27.0564681602798 795.3282242770338
27.086353379969687 1017.6683950487698
27.11623859965958 1011.471414301252
27.14612381934947 961.2016146389507
27.17600903903936 1089.5986118959372
27.20589425872925 1337.3375100547628
27.235779478419136 1421.4605529269131
27.265664698109024 1156.3052645884188
27.295549917798912 644.0141199551203
27.325435137488803 203.2743769973668
27.355320357178687 135.3738190582754
27.385205576868575 569.0713782932918
27.415090796558474 1522.18600810338
27.44497601624836 2929.1475896152383
27.474861235938246 4462.081403095914
27.504746455628137 5523.128618054969
27.534631675318025 5622.237100090783
27.564516895007912 4729.055146664084
27.594402114697804 3283.7077419681304
27.624287334387688 1914.5926010560584
27.654172554077576 1043.9800784242564
27.68405777376747 717.8055302978992
27.71394299345736 820.9449520099581
27.743828213147246 1334.3130840463944
27.773713432837138 2255.788046713587
27.803598652527025 3316.8906444754207
27.833483872216917 3933.3495604401032
27.863369091906804 3591.3781160887324
27.89325431159669 2345.6890986164785
27.92313953128658 877.7621308421961
27.95302475097647 42.61391729010101
27.98290997066636 353.3916511144659
28.012795190356247 1797.3329568075028
28.04268041004613 4002.436453414509
28.072565629736022 6452.506308084071
28.102450849425917 8611.40121304468
28.1323360691158 10069.593852061344
28.16222128880569 10633.696594115712
28.19210650849558 10271.119218991777
28.22199172818547 9054.407880179744
28.25187694787536 7202.916984087004
28.281762167565248 5101.477237549092
28.31164738725513 3235.403530525576
28.341532606945023 2179.4449387393615
28.371417826634914 2417.295593780617
28.4013030463248 3838.135381252344
28.431188266014694 5637.970801920174
28.46107348570458 6991.35284397648
28.49095870539447 7777.817891029237
28.52084392508436 8649.782822717052
28.550729144774248 10328.75920623042
28.580614364464132 12779.327982814762
28.610499584154027 15105.755692097247
28.640384803843915 16150.818932177175
28.6702700235338 15223.84440076248
28.70015524322369 12523.243652159636
28.73004046291358 8996.783933766972
28.75992568260347 5743.524303710824
28.78981090229336 3423.970191205536
28.81969612198325 2078.088173161528
28.849581341673137 1369.6083530678468
28.879466561363024 949.2813070441828
28.909351781052916 643.6214592905164
28.939237000742803 430.4421950842527
28.969122220432688 345.9647039077097
28.999007440122583 443.28287567050194
29.02889265981247 791.2188757682187
29.05877787950236 1432.4660992300353
29.08866309919225 2279.1402824526904
29.118548318882137 3039.1992570067846
29.148433538572025 3304.8812765519824
29.17831875826192 2828.2105658721484
29.208203977951804 1790.9235019525943
29.23808919764169 777.0595253302915
29.267974417331583 407.0254106416325
29.29785963702147 944.4930841420176
29.32774485671136 2190.795591069276
29.357630076401247 3672.1979554396808
29.387515296091134 4901.074884893514
29.417400515781026 5538.339301679599
29.44728573547092 5448.246384670949
29.477170955160805 4711.623006645961
29.50705617485069 3609.008681792976
29.536941394540584 2500.389798564043
29.56682661423047 1598.9826563014935
29.59671183392036 875.5951489812708
29.626597053610247 282.88746381331623
29.656482273300135 25.794185653299152
29.686367492990023 443.3346596301191
29.716252712679918 1547.6643086992285
29.746137932369805 2721.2905737334745
29.776023152059693 2994.8067411487305
29.80590837174958 1920.5220751745835
29.835793591439472 379.4041472924943
29.86567881112936 254.30341679310516
29.895564030819248 2943.929334689205
29.925449250509136 8103.59195018487
29.955334470199023 13695.416268283436
29.985219689888915 17270.43457351753
30.01510490957881 17628.278179750912
30.04499012926869 15563.625767606984
30.07487534895858 13011.372726165748
30.104760568648473 11439.432445302307
30.13464578833836 10978.164140466695
30.16453100802825 10832.961586967587
30.194416227718136 10232.980937925067
30.224301447408028 8963.428535394376
30.254186667097915 7306.143386331298
30.284071886787807 5722.857393250521
30.31395710647769 4554.121896481558
30.343842326167582 3856.5879366184017
30.373727545857474 3423.0321815369466
30.40361276554736 2963.9109797128567
30.43349798523725 2352.495019509766
30.463383204927137 1792.1389290383067
30.49326842461703 1790.8043241041908
30.52315364430692 2881.69539865074
30.553038863996804 5192.977519625154
30.58292408368669 8190.311300585133
30.612809303376583 10832.613030246092
30.64269452306647 12052.442436709738
30.67257974275636 11271.294040714452
30.702464962446246 8679.570354602467
30.732350182136138 5181.642614271437
30.76223540182603 2031.9727939191691
30.79212062151592 300.7103338327804
30.822005841205804 456.19319147017023
30.851891060895692 2214.92666737955
30.881776280585584 4644.159564104884
30.91166150027547 6586.6535226885135
30.94154671996536 7266.997176297126
30.971431939655247 6609.500698261582
31.001317159345135 5082.664669835749
31.03120237903503 3328.31991670272
31.06108759872492 1848.0375861580617
31.090972818414805 865.2367122036337
31.12085803810469 369.4225843377702
31.150743257794584 246.25915392335403
31.180628477484472 367.5453821440816
31.21051369717436 604.6526674558982
31.240398916864248 827.123691337924
31.270284136554135 941.5305690083184
31.300169356244023 943.8788956065032
31.33005457593392 925.9348008046339
31.359939795623806 1022.3348012800648
31.389825015313694 1328.3319999553316
31.419710235003585 1830.084189904116
31.449595454693473 2384.1821497825135
31.47948067438336 2758.563672708195
31.509365894073248 2731.299807747996
31.539251113763136 2224.52897522849
31.569136333453027 1395.8029497419964
31.59902155314292 603.269446420094
31.628906772832806 245.00506767252193
31.65879199252269 540.271280322049
31.688677212212585 1366.3653621065616
31.718562431902477 2296.139654302576
31.74844765159236 2850.960059625349
31.77833287128225 2774.3791015965417
31.80821809097214 2136.805974358382
31.838103310662028 1255.941524006878
31.867988530351916 526.9177745903548
31.897873750041807 256.5760321152309
31.92775896973169 549.0548044543012
31.957644189421583 1291.1063150244916
31.987529409111477 2237.781008105608
32.01741462880136 3074.461087144254
32.04729984849125 3454.6591781559528
32.07718506818114 3141.683609185801
32.10707028787103 2195.7892499429327
32.13695550756092 1073.619720239106
32.16684072725081 568.557950602448
32.196725946940695 1448.9013930991687
32.22661116663058 3845.552669206573
32.25649638632047 6932.731812494145
32.28638160601036 9288.479349064062
32.316266825700254 9647.664254310548
32.34615204539014 7655.715225908528
32.37603726508003 4272.437745315427
32.40592248476992 1280.732723124934
32.435807704459805 35.3091087864876
32.465692924149685 601.194252888566
32.49557814383959 1950.78834081004
32.525463363529475 2838.3920000746048
32.55534858321936 2652.965211228324
32.58523380290925 1685.8429913484126
32.61511902259914 700.3696831949591
32.645004242289026 237.3944569268685
32.67488946197892 253.032144386914
32.70477468166881 329.53778275230763
32.7346599013587 191.52805571262823
32.764545121048585 33.94320838314009
32.79443034073847 344.20845054671554
32.82431556042836 1366.5224610729397
32.854200780118255 2722.4172557268744
32.88408599980814 3606.354124842676
32.91397121949803 3456.260679162539
32.94385643918792 2475.994142795587
32.973741658877806 1517.8808851583642
33.003626878567694 1442.6881096099814
33.03351209825758 2446.411061404059
33.06339731794748 3885.0318598084255
33.093282537637364 4802.522196210102
33.123167757327245 4712.846523675948
33.15305297701713 3919.0668378031273
33.18293819670703 3167.49659233037
33.212823416396915 3067.124185708217
33.24270863608681 3774.774076688147
33.2725938557767 5057.330249144181
33.302479075466586 6492.795314543687
33.332364295156474 7610.43294766673
33.36224951484636 7994.004113805043
33.39213473453625 7396.7008272949315
33.422019954226144 5859.923354709605
33.45190517391603 3793.075462255737
33.48179039360592 1867.6721256739768
33.51167561329581 684.5067523572686
33.541560832985695 467.8632171715997
33.57144605267558 1027.4591542447167
33.60133127236548 1935.4419324976236
33.631216492055366 2737.975883219773
33.66110171174525 3097.5575367564074
33.69098693143514 2896.0291459738573
33.72087215112503 2337.9030406357124
33.75075737081492 1865.6360435713436
33.780642590504804 1801.3292854646263
33.8105278101947 2085.0669236665217
33.84041302988459 2383.016119525847
33.870298249574475 2418.0504258967526
33.90018346926436 2239.571441836363
33.93006868895425 2178.5004809771867
33.95995390864414 2496.664356821615
33.98983912833403 3090.079375783987
34.01972434802392 3529.048762142452
34.04960956771381 3384.6268211852093
34.079494787403696 2592.6207914490165
34.109380007093584 1538.9230830048823
34.13926522678347 727.3428284573649
34.16915044647337 373.52342225390663
34.199035666163255 350.2857536871315
34.22892088585314 409.51277023468464
34.25880610554303 385.419881082736
34.28869132523292 262.1147210873749
34.318576544922806 125.49286653892447
34.3484617646127 75.36736376445675
34.37834698430259 173.6904258033112
34.40823220399248 440.49109729987225
34.438117423682364 869.0629622571983
34.468002643372245 1436.0301618121518
34.49788786306214 2097.4727053855554
34.52777308275203 2782.3668888875504
34.55765830244192 3420.514725661581
34.58754352213181 4027.670553314064
34.6174287418217 4797.026363125143
34.647313961511585 6080.813696430383
34.67719918120147 8102.785407324414
34.70708440089136 10480.690325039915
34.73696962058125 12174.680629977684
34.766854840271144 12171.24884079848
34.79674005996103 10189.869557202026
34.82662527965092 6847.521745410285
34.85651049934081 3379.3558541002494
34.886395719030695 978.1565821458822
34.91628093872059 69.16408895735869
34.94616615841048 154.28332173875486
34.976051378100365 381.12598330852336
35.00593659779025 291.6628361382078
35.03582181748014 55.86159521589801
35.06570703717003 91.73816819858794
35.09559225685992 542.240607820499
35.12547747654981 1095.4754485962108
35.1553626962397 1335.2612420908758
35.18524791592959 1241.9641439461327
35.215133135619475 1294.5184082979104
35.24501835530936 2093.78771297294
35.27490357499926 3837.975723135021
35.304788794689145 6039.27620984752
35.33467401437903 7657.525667467649
35.36455923406892 7757.918437834243
35.39444445375881 6316.854104427473
35.424329673448696 4162.799398383502
35.454214893138584 2217.8746910125
35.48410011282848 1051.6620648116839
35.51398533251837 773.429669523879
35.543870552208254 1084.4121715606218
35.57375577189814 1563.5515082629868
35.60364099158803 1920.6590079640816
35.63352621127792 2060.2121488099906
35.663411430967805 2006.5228138336456
35.6932966506577 1783.5646896301375
35.72318187034759 1427.9741428600407
35.753067090037476 1055.8573193649215
35.782952309727364 829.7235161646165
35.81283752941725 869.2524251639411
35.842722749107146 1186.4213494782728
35.872607968797034 1694.7549602365418
35.90249318848692 2300.2991753900897
35.93237840817681 3020.273631504828
35.9622636278667 4020.313057691016
35.992148847556585 5477.2975832336
36.02203406724648 7326.597663006983
36.05191928693637 9094.823475732379
36.081804506626256 10005.431901226844
36.11168972631614 9417.437299541456
36.14157494600603 7398.859017382776
36.17146016569592 4936.958821218351
36.20134538538581 3468.3173176210294
36.231230605075694 4004.543578791187
36.26111582476559 6443.655628424668
36.29100104445548 9562.243786617855
36.32088626414536 11743.911400667244
36.350771483835246 11958.118460726562
36.38065670352513 10253.3656223522
36.41054192321504 7427.54312894626
36.44042714290492 4433.350272297338
36.47031236259481 2037.148610131932
36.5001975822847 606.1671400104425
36.53008280197459 102.0087904769031
36.55996802166448 303.93261960674914
36.58985324135437 945.5411844237601
36.61973846104426 1815.5871344998527
36.649623680734145 2856.907026595443
36.67950890042403 4029.749673462868
36.70939412011392 5061.698543774652
36.73927933980381 5467.061889448683
36.769164559493696 4950.979166698405
36.79904977918359 3813.0846545007303
36.82893499887348 2934.1293612555833
36.858820218563366 3335.8719426293774
36.88870543825325 5432.635146495542
36.918590657943135 8465.881143621758
36.94847587763303 10871.244850873565
36.97836109732293 11409.075197407086
37.008246317012805 10032.89628720644
37.03813153670269 7790.901067537289
37.06801675639258 5956.79544563081
37.09790197608248 5216.588261897824
37.12778719577236 5456.34387250221
37.15767241546226 6030.121278113465
37.18755763515215 6262.896901640544
37.217442854842034 5903.319716493636
37.24732807453192 5155.185873581592
37.27721329422181 4333.852374665906
37.3070985139117 3589.211047070593
37.33698373360159 2906.726980312781
37.36686895329148 2225.217058441016
37.39675417298137 1516.4934866277183
37.426639392671255 827.5984153528447
37.456524612361136 287.3602730682018
37.48640983205103 35.87649428268011
37.516295051740926 106.45750191279141
37.546180271430806 370.41580718366
37.5760654911207 603.2892658871889
37.60595071081058 632.1182078296762
37.63583593050048 472.5616372038329
37.665721150190365 337.9558638092669
37.695606369880245 484.69200374434456
37.725491589570154 1013.9070045084424
37.75537680926004 1763.7899469288384
37.78526202894992 2365.0492344039903
37.81514724863981 2466.7409519640255
37.8450324683297 1983.333153493125
37.87491768801959 1160.3251078188632
37.90480290770948 432.4643842726947
37.93468812739937 178.86077691381223
37.96457334708926 504.20013177500414
37.99445856677914 1191.6252152202585
38.02434378646903 1866.7337532661545
38.05422900615892 2234.194406930282
38.084114225848815 2228.86358117313
38.1139994455387 2026.923776529872
38.14388466522859 1920.7479504365135
38.17376988491848 2114.068858256768
38.203655104608366 2587.6751655264247
38.23354032429825 3150.783880705864
38.26342554398815 3591.3725961290343
38.29331076367804 3762.8127803452176
38.32319598336792 3600.8732212505024
38.353081203057805 3145.8006371619176
38.38296642274769 2543.948367537663
38.412851642437595 1973.0676841545333
38.44273686212748 1545.1668472218703
38.47262208181737 1278.4838194088304
38.50250730150726 1133.4798078922495
38.532392521197146 1054.5689704654676
38.56227774088703 997.0960556855987
38.59216296057692 944.015093506776
38.62204818026681 907.9938179726499
38.651933399956704 918.0540356616136
38.68181861964659 1002.1105565954772
38.71170383933648 1167.5956757769227
38.74158905902637 1376.7791418498653
38.771474278716255 1540.2001347573344
38.80135949840614 1557.2757079658695
38.83124471809604 1390.6478603638263
38.861129937785925 1128.58339471477
38.891015157475806 975.7484699860921
38.920900377165694 1128.5172566650515
38.95078559685559 1609.4979471159243
38.98067081654548 2233.1967730726415
39.01055603623537 2738.3772130084703
39.04044125592526 2946.1020630130165
39.07032647561515 2854.8107414152287
39.10021169530504 2648.038075477643
39.13009691499492 2560.3617416372304
39.15998213468481 2685.0988484045847
39.1898673543747 2938.234375447561
39.21975257406459 3197.8779291992864
39.24963779375448 3432.783945444412
39.27952301344437 3714.882784998692
39.309408233134256 4162.84833796036
39.339293452824144 4897.202747951101
39.36917867251403 6036.119976817748
39.39906389220393 7687.983806481664
39.42894911189381 9856.547498577434
39.458834331583695 12238.329453720195
39.48871955127359 14091.82436263708
39.51860477096348 14463.991451537704
39.548489990653366 12759.724127957648
39.57837521034326 9229.128699955876
39.60826043003314 4999.134863520351
39.63814564972304 1617.0274873220571
39.66803086941292 296.93723521568734
39.697916089102804 1247.3410536652152
39.7278013087927 3526.902984912564
39.757686528482594 5597.758690320464
39.78757174817248 6284.623927796008
39.81745696786237 5485.517477700266
39.84734218755226 4099.793248574765
39.87722740724215 3295.3459673770985
39.90711262693203 3693.0039824417167
39.93699784662192 4966.262280290399
39.966883066311816 6087.528935775448
39.996768286001696 6068.367484159082
40.02665350569159 4660.058086678289
40.05653872538148 2510.9258262799026
40.08642394507137 708.3941920691248
40.11630916476125 61.41980048972389
40.14619438445114 604.2085142919699
40.17607960414104 1613.6129950002348
40.205964823830925 2138.5898234609535
40.235850043520806 1734.3506373266418
40.2657352632107 863.2361324883478
40.29562048290058 603.7876090049748
40.32550570259048 1867.46287546594
40.35539092228037 4673.795667001203
40.38527614197026 7970.258817002387
40.415161361660154 10187.320047601226
40.445046581350034 10214.299142283382
40.47493180103992 8097.690895260419
40.50481702072982 4960.651836400133
40.5347022404197 2209.5512324796105
40.56458746010959 633.6080938688884
40.59447267979948 120.87083713648423
40.62435789948937 95.36389881144252
40.654243119179256 121.12205682505984
40.68412833886914 155.41372429599429
40.71401355855904 343.7784514900227
40.743898778248926 661.6105674317974
40.773783997938814 857.2489238653784
40.8036692176287 741.2342438099271
40.83355443731858 428.3590337299035
40.86343965700848 260.0445953982048
40.893324876698365 504.1352970351169
40.92321009638825 1144.7987143171483
40.953095316078155 1972.402836046729
40.98298053576804 2818.428148976014
41.01286575545792 3623.8514310134087
41.04275097514781 4286.175894550756
41.072636194837706 4533.256929899118
41.102521414527594 4066.9436207562567
41.13240663421748 2888.1736395128496
41.16229185390737 1438.7484709942735
41.19217707359726 349.7886918721422
41.222062293287145 0.5976649748786398
41.25194751297704 302.16209744135836
41.28183273266693 887.1395734456122
41.311717952356815 1445.5315566569109
41.3416031720467 1854.7154543101076
41.37148839173659 2079.835026937431
41.40137361142648 2058.1269233055423
41.43125883111637 1723.149906745091
41.461144050806254 1138.7848046631664
41.49102927049615 562.8136613398533
41.52091449018604 312.657060644749
41.55079970987592 537.8232493197735
41.580684929565805 1114.2533996535692
41.61057014925569 1740.7307070857971
41.6404553689456 2133.49880581089
41.67034058863548 2158.6654901278102
41.70022580832537 1838.273275103808
41.73011102801526 1299.8253895178232
41.759996247705146 744.3511043014076
41.78988146739504 410.7207720476884
41.81976668708493 488.9938403711934
41.84965190677482 1010.4878685925498
41.879537126464704 1795.30254596107
41.90942234615459 2511.8062106442703
41.93930756584448 2832.3772354808634
41.96919278553437 2603.765064418002
41.999078005224256 1932.9167433113687
42.02896322491415 1132.0385096278112
42.05884844460404 545.0210524129261
42.088733664293926 362.11130726270056
42.11861888398381 545.1120811654088
42.148504103673694 889.2735129828502
42.1783893233636 1154.7773896892731
42.20827454305349 1190.0282649423116
42.238159762743365 989.8632887914241
42.26804498243325 667.6352035690161
42.29793020212314 372.66214997984383
42.32781542181304 216.22763881895185
42.35770064150292 250.99926950867612
42.38758586119282 498.09404933265455
42.41747108088271 980.2231055893316
42.447356300572594 1720.689668267788
42.47724152026248 2693.806992806157
42.50712673995237 3752.221677907408
42.53701195964226 4611.0107996613615
42.56689717933215 4966.284452716313
42.59678239902204 4687.070728739824
42.62666761871193 3918.520250741691
42.656552838401815 3043.9675520393994
42.686438058091696 2561.876538778753
42.71632327778159 2904.263509359751
42.746208497471486 4212.891068893782
42.776093717161366 6162.538375435099
42.80597893685126 7976.951566125033
42.83586415654114 8737.442440184866
42.86574937623104 7903.625920777794
42.89563459592093 5720.679932512127
42.92551981561082 3159.774260660447
42.955405035300714 1375.555482162819
42.985290254990595 1045.486330246507
43.01517547468048 2042.4196427042195
43.04506069437037 3665.01017407733
43.07494591406026 5194.811361961296
43.10483113375015 6268.510905961218
43.13471635344004 6854.976583367185
43.16460157312993 7053.2546619409095
43.194486792819816 6965.255369215143
43.2243720125097 6696.262246317662
43.25425723219959 6372.446201092644
43.28414245188948 6082.3120820827235
43.314027671579375 5808.514163837454
43.34391289126926 5471.069826121156
43.37379811095915 5052.265880873764
43.40368333064904 4627.6216627778795
43.433568550338926 4222.719837432916
43.463453770028806 3699.192049696074
43.493338989718715 2897.7054458197854
43.5232242094086 1884.5643107848084
43.55310942909848 1019.792470590298
43.582994648788365 802.2669548942109
43.61287986847826 1543.3332660379276
43.642765088168154 3100.03483756514
43.67265030785804 4980.8760456629125
43.70253552754793 6631.63808622061
43.73242074723782 7529.024624597608
43.762305966927705 7243.909516079168
43.79219118661759 5734.3657525339395
43.82207640630748 3598.0625778774543
43.85196162599737 1875.387904806484
43.881846845687264 1441.3145434460266
43.91173206537715 2384.0020806898447
43.94161728506704 3882.2700859540632
43.97150250475693 4854.374851336128
44.001387724446815 4859.727528209875
44.0312729441367 4375.194699423177
44.0611581638266 4270.621593300513
44.091043383516485 5042.043052680546
44.120928603206366 6389.812350339167
44.150813822896254 7373.176309966102
44.18069904258615 7056.849767035126
44.21058426227604 5285.439525075031
44.24046948196593 3003.96309887751
44.27035470165582 1745.3261169546938
44.30023992134571 2589.1481330533347
44.3301251410356 5348.739387514414
44.36001036072548 8506.724467286274
44.38989558041537 10033.123989749316
44.419780800105265 8792.204190041683
44.44966601979515 5522.881970064304
44.47955123948504 2401.942238533891
44.50943645917493 1503.969677707642
44.539321678864816 3447.4763364591045
44.569206898554704 7141.572809578698
44.59909211824459 10584.72411153742
44.62897733793449 12078.171884017378
44.65886255762437 11093.61012367102
44.688747777314255 8312.613159874625
44.71863299700415 5034.361942027616
44.74851821669404 2458.9030552523727
44.778403436383925 1143.5631530988098
44.80828865607383 867.7637896677397
44.8381738757637 1014.5223724908172
44.8680590954536 1170.2448032273032
44.89794431514348 1417.727524933546
44.92782953483337 2058.6430810757533
44.95771475452326 3081.128490816485
44.987599974213154 4019.931244833087
45.01748519390304 4466.6467835179
45.04737041359293 4625.412781956802
45.07725563328282 5112.797409804171
45.10714085297271 6159.015442434661
45.13702607266259 7143.4613872579885
45.16691129235249 7046.427379725098
45.196796512042376 5451.180958392967
45.226681731732256 3059.1777694677935
45.25656695142215 1101.787754006649
45.28645217111204 290.436459849817
45.31633739080193 471.98835950940537
45.34622261049181 1244.2873251778303
45.3761078301817 2628.6418931780768
45.4059930498716 4887.328909555194
45.435878269561485 7684.74832297823
45.465763489251366 9746.129053139119
45.49564870894126 9707.900354143385
45.52553392863114 7395.37277572987
45.55541914832104 4156.282128485052
45.58530436801093 1812.1954540166616
45.61518958770082 1203.7446205956016
45.64507480739071 1762.095072026604
45.674960027080594 2383.0075118543227
45.70484524677048 2478.3097402397857
45.73473046646038 2206.867028788064
45.76461568615026 1967.3299838481423
45.79450090584015 1858.3407860115033
45.82438612553004 1676.3664860735967
45.85427134521993 1308.179420985576
45.884156564909816 903.4607402747152
45.91404178459971 671.5267325899032
45.9439270042896 693.9851525062111
45.973812223979486 989.7606106285018
46.00369744366937 1621.3909745208537
46.03358266335926 2555.45120492087
46.06346788304914 3410.2298580627166
46.09335310273904 3552.7641130221555
46.123238322428925 2704.161737394627
46.15312354211881 1480.0711158187717
46.183008761808715 1106.1267287425383
46.2128939814986 2421.6293436950473
46.24277920118848 5061.5829797331835
46.27266442087837 7576.570430226618
46.302549640568266 8523.861537915745
46.332434860258154 7577.222202875574
46.36232007994804 5619.674421419905
46.39220529963793 3924.084030998548
46.42209051932782 3239.7165935848247
46.4519757390177 3428.24848740595
46.4818609587076 3814.841516355284
46.51174617839749 3816.6554296229615
46.541631398087375 3275.5200428051294
46.57151661777726 2394.6236860107524
46.60140183746715 1504.760663589855
46.63128705715704 845.8354570076243
46.661172276846926 481.7943338551703
46.691057496536814 402.46492796972257
46.72094271622671 680.9353192270434
46.7508279359166 1477.868205442153
46.78071315560648 2884.7242727953926
46.810598375296365 4738.469140614248
46.84048359498625 6541.174493804464
46.87036881467616 7679.120777262736
46.90025403436604 7872.669090849216
46.93013925405593 7333.557444617498
46.96002447374582 6442.906561827187
46.989909693435706 5410.202939094215
47.019794913125594 4251.424249032473
47.04968013281549 3011.1661167873303
47.07956535250538 1979.324287260488
47.109450572195264 1512.2279657363483
47.13933579188515 1525.3142553181563
47.16922101157504 1550.0201142959172
47.19910623126493 1362.7793591956784
47.228991450954815 1187.8036642164373
47.25887667064471 1583.4532111541985
47.2887618903346 3264.824432513808
47.318647110024486 6253.671954624514
47.34853232971437 9326.394433557236
47.378417549404254 10831.037471272908
47.40830276909416 9851.98966832057
47.43818798878405 6839.5459292956975
47.468073208473925 3385.122192428656
47.49795842816381 1069.404045306013
47.52784364785371 524.7495332742932
47.5577288675436 1515.1165172482831
47.58761408723348 3452.1996958644413
47.61749930692338 5845.410541152738
47.64738452661327 8543.838133778752
47.67726974630315 11698.528590760248
47.70715496599304 15531.45644817793
47.73704018568293 19980.596642226195
47.76692540537282 24323.593698438617
47.79681062506271 27162.38281731051
47.8266958447526 27088.734352212337
47.85658106444249 23671.41525943419
47.88646628413237 17916.525829650767
47.916351503822256 11740.710756369815
47.94623672351215 6851.095007390675
47.976121943202045 3875.8816301629167
48.006007162891926 2339.805713049858
48.03589238258182 1404.4174051777654
48.0657776022717 633.940374177495
48.0956628219616 110.66506495828438
48.12554804165149 24.598938664634247
48.15543326134138 321.46951336173305
48.185318481031274 724.4440330616842
48.215203700721155 987.7132266342985
48.24508892041104 1058.6637256251972
48.27497414010093 1052.14344500429
48.30485935979082 1171.4544844490542
48.33474457948071 1609.6955548376873
48.3646297991706 2350.8861425370765
48.39451501886049 2978.7184459569035
48.424400238550376 2828.825774803442
48.45428545824026 1645.9058573473715
48.48417067793015 267.9448560518706
48.51405589762004 388.4339158392608
48.543941117309934 3180.217029166062
48.57382633699982 7959.20552874584
48.6037115566897 12276.777081686663
48.6335967763796 13676.335165222396
48.663481996069486 11785.174859426335
48.693367215759366 8729.427514528741
48.723252435449275 7332.122898268592
48.75313765513916 8767.699871912237
48.78302287482904 11747.467207125848
48.81290809451893 13797.031685627244
48.84279331420882 13323.33425217904
48.872678533898714 10621.487603448131
48.9025637535886 7227.742983273749
48.93244897327849 4612.390200075073
48.96233419296838 3476.5278809701394
48.992219412658265 3892.0425139823687
49.02210463234815 5617.80764051924
49.05198985203804 8095.953585723347
49.08187507172793 10370.655726310977
49.11176029141782 11411.369807170177
49.14164551110771 10748.070586542128
49.1715307307976 8793.456277264268
49.20141595048749 6490.763936437566
49.231301170177375 4604.3097279145495
49.26118638986726 3318.816943842751
49.29107160955716 2460.9813259860125
49.320956829247045 1945.4866736583929
49.350842048936926 1863.4438630718987
49.38072726862681 2186.8112903568513
49.410612488316715 2573.0467648668846
49.4404977080066 2589.557803530711
49.47038292769649 2118.1081598819646
49.50026814738638 1454.0181712895167
49.53015336707627 967.9697767594126
49.56003858676616 733.6287995155623
49.58992380645604 571.3410591941977
49.61980902614593 437.76868587448337
49.649694245835825 664.2285017697671
49.67957946552571 1717.0029691309364
49.7094646852156 3693.712784098556
49.73934990490549 6094.708206907529
49.769235124595376 8165.973834535355
49.799120344285264 9501.104637382588
49.82900556397515 10299.803313527575
49.858890783665046 11069.106227590832
49.88877600335493 12075.220352456876
49.918661223044815 12988.66282852892
49.94854644273471 13026.737213730503
49.9784316624246 11567.463225701955
50.008316882114485 8756.745932248763
50.03820210180439 5535.713732918507
50.06808732149426 3043.270455719016
50.09797254118416 1901.5404459374488
50.12785776087404 1878.8905004934736
50.15774298056393 2129.6494842326983
50.18762820025382 1890.618776481345
50.217513419943714 1105.4183607003727
50.2473986396336 393.81309814172806
50.27728385932349 405.03741127771553
50.30716907901338 1196.5799352810786
50.337054298703265 2197.1101329932994
50.36693951839315 2751.257645430228
50.39682473808305 2732.193654299389
50.426709957772935 2649.2998256208894
50.456595177462816 3160.4854318797275
50.48648039715271 4455.013434777294
50.5163656168426 6048.140045929435
50.54625083653249 7141.540500023701
50.57613605622238 7214.425414050589
50.60602127591226 6321.245650556173
50.63590649560216 4915.431985755403
50.665791715292045 3483.1534269796334
50.695676934981925 2319.038846896836
50.72556215467183 1530.0100745243212
50.7554473743617 1155.6055689488187
50.7853325940516 1252.4255072883707
50.81521781374149 1864.7645429643264
50.84510303343138 2908.392787595458
50.87498825312127 4066.174976686436
50.904873472811154 4804.590997027361
50.93475869250104 4602.010375941104
50.96464391219094 3348.7594169328704
50.99452913188082 1601.4482553356595
51.02441435157071 358.04145482352254
51.0542995712606 417.14572257547593
51.08418479095049 1759.4940635175178
51.114070010640376 3455.3826719827407
51.14395523033027 4278.079718043008
51.17384045002016 3616.7559208131543
51.203725669710046 1953.9060157788128
51.23361088939993 477.3221738531829
51.26349610908982 145.6346138352902
51.2933813287797 1014.6392766919894
51.3232665484696 2327.798131481258
51.353151768159485 3181.807576919218
51.38303698784937 3187.3740978375527
51.412922207539275 2666.5974734442657
51.44280742722916 2343.157521494896
51.47269264691904 2816.0527759842125
51.50257786660893 4178.3523456248095
51.532463086298826 5985.765162176123
51.56234830598871 7536.224737843047
51.5922335256786 8269.083837358385
51.62211874536849 8060.331897564161
51.65200396505838 7244.273952889105
51.68188918474826 6349.574888482033
51.71177440443816 5742.869321099371
51.74165962412805 5456.572382028973
51.771544843817935 5310.118590078917
51.80143006350782 5150.400152991857
51.83131528319771 4945.059790409933
51.8612005028876 4677.07307322716
51.891085722577486 4237.878918405172
51.920970942267374 3485.963205605011
51.95085616195727 2424.2191925755887
51.98074138164716 1297.9555332885373
52.01062660133704 460.4313021273432
52.040511821026925 103.28816471389364
52.07039704071683 119.48076071132913
52.10028226040672 229.47707636734089
52.1301674800966 235.45333820546537
52.16005269978649 153.9400439192362
52.18993791947638 117.57580876672708
52.219823139166266 180.5820592454674
52.249708358856154 250.47723145052592
52.27959357854605 207.4595576886324
52.309478798235936 66.14821312473585
52.339364017925824 11.701634701301751
52.36924923761571 254.51502578291027
52.3991344573056 814.1167161273492
52.42901967699549 1448.9313473935256
52.458904896685375 1813.6218164607203
52.48879011637527 1716.8598898137104
52.51867533606516 1285.8100441124348
52.548560555755046 889.0324173813702
52.578445775444926 831.9517215626032
52.608330995134814 1072.7342242291152
52.63821621482472 1261.9610899109748
52.6681014345146 1099.5814788292168
52.697986654204485 637.4704859813313
52.72787187389438 217.435931071433
52.75775709358427 117.98408474281835
52.78764231327416 278.1783412929641
52.81752753296405 395.8552171908048
52.84741275265394 278.97365826771147
52.87729797234383 56.1242616769575
52.90718319203371 38.13158306933088
52.9370684117236 395.99731449442737
52.96695363141349 1002.9445550996828
52.99683885110338 1593.873261055567
53.02672407079327 2025.1433103800855
53.05660929048316 2323.189282908601
53.08649451017305 2513.9486561706776
53.11637972986293 2510.3051062584022
53.146264949552815 2218.5063449054487
53.17615016924271 1713.8271250207297
53.206035388932605 1247.6960054245344
53.235920608622486 1048.2175207296807
53.26580582831238 1117.3740471374324
53.29569104800226 1243.6987414033636
53.32557626769216 1222.3009727173512
53.35546148738205 1044.5523739918483
53.38534670707194 866.1789736505667
53.415231926761834 835.762886377421
53.445117146451715 991.6040369114099
53.4750023661416 1288.7344264301103
53.50488758583149 1644.9975918883945
53.53477280552138 1921.5952038538248
53.56465802521127 1920.0602326211513
53.59454324490116 1508.807721484284
53.62442846459105 810.4244820612618
53.654313684280936 221.00771203651993
53.68419890397082 141.72746219096635
53.71408412366071 635.5457604202436
53.7439693433506 1363.106327288196
53.773854563040494 1880.3371645365737
53.80373978273038 2031.279572223572
53.83362500242026 2083.1825318307287
53.86351022211016 2454.3884729937668
53.893395441800045 3270.055622446908
53.923280661489926 4212.949157503164
53.953165881179835 4833.880293277855
53.98305110086972 4961.7800194782285
54.0129363205596 4789.63659332295
54.04282154024949 4611.139435223688
54.07270675993938 4511.536075458692
54.102591979629274 4298.196674581403
54.13247719931916 3706.610899133068
54.16236241900905 2683.8333164847254
54.19224763869894 1511.6410994838236
54.222132858388825 682.1693414639789
54.25201807807871 624.4010557087561
54.2819032977686 1453.2878876596835
54.311788517458496 2872.586026104974
54.34167373714838 4286.809658260004
54.37155895683827 5100.182401248369
54.40144417652816 5070.44792356608
54.43132939621805 4492.215853758097
54.461214615907934 4058.637925718644
54.49109983559782 4465.005032409273
54.52098505528772 5989.598554854941
54.5508702749776 8306.380025107697
54.580755494667486 10627.030073971684
54.61064071435737 12071.109527242264
54.640525934047275 12072.167090990852
54.67041115373716 10617.82951190018
54.70029637342705 8195.278072644644
54.73018159311694 5500.736442680944
54.760066812806826 3124.3377961822684
54.78995203249672 1395.9947199371743
54.8198372521866 421.28882377210766
54.84972247187649 188.23117411163332
54.879607691566385 613.3321413826123
54.90949291125627 1506.3002297235828
54.93937813094616 2534.952131984749
54.96926335063605 3304.639283057421
54.999148570325936 3580.947214489325
55.02903379001582 3500.1465789535523
55.05891900970572 3575.084027534143
55.088804229395606 4447.5347619437
55.11868944908549 6459.468945091848
55.148574668775375 9268.6777089576
55.17845988846527 11843.706479358212
55.20834510815516 12947.60748690315
55.238230327845045 11855.372810687517
55.26811554753493 8860.551266958482
55.29800076722482 5170.559324484251
55.32788598691472 2230.265182419705
55.3577712066046 1007.9372791590058
55.38765642629449 1662.9669093850239
55.41754164598438 3609.0195146604474
55.447426865674274 5868.220880123644
55.47731208536416 7565.004564824253
55.50719730505405 8257.252996901329
55.53708252474394 7922.851588606003
55.566967744433825 6778.679282978593
55.59685296412371 5159.814533186515
55.62673818381361 3448.3214213262254
55.656623403503495 1982.1468202593248
55.686508623193376 979.9342933676407
55.71639384288327 510.24976008273205
55.74627906257316 485.82916670452937
55.776164282263046 706.8156462207992
55.80604950195294 967.481623130434
55.83593472164282 1150.3324796796019
55.86581994133272 1241.7940292775395
55.895705161022605 1292.1629179054244
55.925590380712485 1369.2434291045831
55.95547560040239 1526.3796866490025
55.98536082009226 1781.5468258687367
56.01524603978216 2098.9465262776744
56.04513125947205 2383.0984475197924
56.07501647916194 2522.963393112638
56.10490169885183 2500.410408102105
56.134786918541714 2476.162956410172
56.1646721382316 2723.618754883911
56.1945573579215 3428.9640284181814
56.22444257761138 4518.285286337467
56.25432779730127 5619.390514980372
56.28421301699116 6186.111711016001
56.31409823668105 5807.280144588249
56.343983456370935 4593.271418717968
56.37386867606083 3300.5090424615087
56.40375389575072 2922.112539714068
56.433639115440606 3967.3092355751314
56.46352433513049 6018.806841227979
56.49340955482038 7911.983388957974
56.52329477451026 8400.896226336825
56.55317999420016 6941.776528815025
56.583065213890045 4137.27508247673
56.61295043357993 1428.8218573903623
56.642835653269834 129.79968312391446
56.67272087295972 559.451835159856
56.7026060926496 1961.5714898963824
56.73249131233949 3169.903731491688
56.762376532029386 3424.381088096689
56.79226175171927 2719.9361076859814
56.82214697140916 1574.5732530316823
56.85203219109905 579.6364695736974
56.88191741078894 78.38572312531655
56.91180263047882 91.68709888963049
56.94168785016872 423.5552251140538
56.97157306985861 803.1341222801453
57.001458289548495 999.2761501050053
57.03134350923838 909.964251469863
57.06122872892827 604.4739049798818
57.09111394861816 276.9335098807881
57.120999168308046 126.95438088074673
57.150884387997934 269.48702982949715
57.18076960768783 738.9956806001494
57.21065482737772 1522.1302836993568
57.2405400470676 2520.509547520948
57.270425266757485 3463.2416089736093
57.30031048644739 3930.728906091618
57.33019570613728 3597.806754586048
57.36008092582716 2529.806139610628
57.38996614551705 1242.8297963273715
57.41985136520694 445.96425272969634
57.449736584896826 620.0872532785784
57.47962180458672 1710.902423919171
57.50950702427661 3176.009412909821
57.539392243966496 4331.64155765655
57.569277463656384 4706.342243183853
57.59916268334627 4206.667181072452
57.62904790303616 3096.8150615774766
57.65893312272605 1856.7028766308008
57.688818342415935 956.0265348592769
57.71870356210583 622.4146700532841
57.74858878179572 752.0388248658088
57.778474001485606 1040.0726226067377
57.808359221175486 1240.7252837481446
57.838244440865374 1344.14016645315
57.86812966055528 1517.7748536852969
57.89801488024516 1883.364476825397
57.92790009993505 2347.254666572183
57.95778531962494 2644.199757345032
57.98767053931483 2555.7996169724256
58.01755575900472 2097.4385200152647
58.04744097869461 1498.077510731704
58.0773261983845 1010.1531268701792
58.10721141807439 757.4129889957716
58.13709663776427 745.7374007446563
58.16698185745416 951.7531870456794
58.19686707714405 1343.815109572771
58.226752296833936 1824.5326607999264
58.25663751652383 2210.160150165841
58.28652273621372 2317.062896665313
58.31640795590361 2107.556681009084
58.34629317559349 1742.7501885753875
58.376178395283375 1437.7172993399483
58.40606361497327 1274.6666642797923
58.435948834663165 1163.1628165842108
58.465834054353046 937.3743089824129
58.49571927404294 540.4848989474257
58.52560449373282 150.7438667694873
58.55548971342272 68.88236530678215
58.5853749331126 474.6072832105672
58.6152601528025 1270.3968997679929
58.645145372492394 2105.6576397442327
58.675030592182274 2585.3227329213446
58.70491581187216 2499.9038472729385
58.73480103156205 1911.6566787098488
58.76468625125194 1119.975364878332
58.79457147094183 504.48344861626646
58.82445669063172 283.07907687657547
58.85434191032161 407.73462522781864
58.884227130011496 658.9572103068913
58.91411234970138 788.441056955868
58.94399756939127 686.5722640101427
58.973882789081166 512.0600494269586
59.003768008771054 597.9960429882732
59.03365322846094 1191.3526647402791
59.06353844815082 2227.654719894977
59.09342366784072 3304.386675327335
59.123308887530605 3956.805897950661
59.153194107220486 3951.852548366977
59.183079326910395 3326.9698246696166
59.21296454660028 2343.003263955365
59.24284976629016 1359.4200304628764
59.27273498598005 617.9682829288811
59.30262020566994 226.491584252516
59.332505425359834 284.5048523523262
59.36239064504972 884.627609949752
59.39227586473961 1994.2164885973284
59.4221610844295 3315.0389531516144
59.45204630411938 4325.662250033998
59.48193152380927 4592.176275829934
59.51181674349916 4084.4880228445577
59.541701963189055 3239.6700174221987
59.57158718287894 2691.848839837354
59.60147240256883 2830.590319654941
59.63135762225872 3519.1002397005614
59.66124284194861 4159.847004844463
59.691128061638494 4074.3986300376864
59.72101328132839 2996.8557981559284
59.75089850101828 1385.1012050856966
59.78078372070816 230.2674972879516
59.810668940398045 367.2001991995884
59.84055416008793 1867.6701387606283
59.870439379777835 3984.814573127
59.90032459946772 5624.733778364262
59.93020981915761 6073.921673782705
59.9600950388475 5434.537599097722
59.989980258537386 4386.140414075288
60.01986547822728 3548.041569725463
60.04975069791716 3020.6587460009714
60.07963591760705 2485.0859976692404
60.109521137296944 1686.3701686750887
60.13940635698683 758.7995992420778
60.16929157667672 127.17017766188788
60.19917679636661 130.45886427050795
60.229062016056496 728.7518340015024
60.25894723574638 1572.8805865653983
60.28883245543628 2304.3983201076344
60.318717675126166 2745.3258980747487
60.34860289481605 2865.0482797388795
60.378488114505934 2669.2400065000966
60.40837333419583 2170.117807341616
60.43825855388572 1444.8652817303227
60.468143773575605 678.4493556142428
60.49802899326549 128.0785353190848
60.52791421295539 43.04359223442314
60.55779943264528 598.6769270083851
60.58768465233516 1844.8206584991913
60.61756987202505 3609.308923363969
60.64745509171494 5404.393642248047
60.67734031140483 6534.884044011472
60.70722553109472 6449.500951834763
60.73711075078461 5109.5093767998915
60.7669959704745 3092.311464220749
60.796881190164385 1271.1788754058553
60.82676640985427 258.92146598534174
60.85665162954417 75.61026400919405
60.886536849234055 282.23523944003966
60.916422068923936 414.7402928709056
60.94630728861383 345.1806717277039
60.97619250830372 284.81892810027665
61.006077727993606 490.0736803273365
61.0359629476835 976.758183355975
61.06584816737338 1472.2868783288773
61.09573338706328 1624.4603292882327
61.12561860675317 1302.2511328958576
61.155503826443045 767.4526906876279
61.18538904613293 599.1357657687068
61.215274265822835 1395.8086547386652
61.24515948551272 3400.2913050298243
61.27504470520261 6273.322345757106
61.3049299248925 9181.955562929808
61.33481514458239 11168.993718646696
61.364700364272274 11605.549917855844
61.39458558396216 10499.14760944876
61.424470803652056 8485.433785554598
61.45435602334194 6509.375219330473
61.48424124303183 5395.903886427825
61.51412646272172 5491.356958859246
61.54401168241161 6489.046694241635
61.573896902101495 7578.1037664019805
61.60378212179139 7930.233380329578
61.63366734148128 7213.582859281256
61.663552561171166 5714.80514959248
61.693437780861046 4021.4214252399784
61.72332300055094 2617.7121730146264
61.75320822024082 1696.078471093039
61.78309343993072 1219.9701677269256
61.812978659620605 1113.1973691609976
61.8428638793105 1381.46436080532
61.872749099000394 2044.607121485896
61.902634318690275 2976.6739336751007
61.93251953838016 3855.5553267743953
61.96240475807006 4300.97803518088
61.992289977759945 4111.59297725439
62.02217519744983 3416.9302383472473
62.05206041713972 2591.0701157028075
62.08194563682961 1984.2051043239
62.1118308565195 1712.4829698763356
62.14171607620938 1653.4514636828424
62.17160129589928 1584.8222114872349
62.20148651558917 1341.9860411609723
62.231371735279055 915.0745803681982
62.26125695496894 441.6094966280347
62.29114217465883 101.5319995252061
62.32102739434872 1.6559730616802695
62.350912614038606 135.23978625337406
62.380797833728494 413.73110479177586
62.41068305341839 723.6918256119136
62.44056827310828 975.0155102715449
62.47045349279816 1121.1247080725702
62.500338712488045 1150.0114593296053
62.53022393217795 1064.5943767479714
62.56010915186784 874.5148563621871
62.58999437155772 609.4528502924138
62.61987959124761 341.3297902115237
62.6497648109375 183.71906980328896
62.679650030627386 248.2856815150506
62.70953525031728 574.871750285863
62.73942047000717 1074.9160929023926
62.769305689697056 1536.2518739542616
62.799190909386944 1722.8920874510227
62.82907612907683 1521.5839708354883
62.85896134876672 1019.1989537109492
62.88884656845661 457.8905621429959
62.918731788146495 109.256828369949
62.94861700783639 136.52487708165506
62.97850222752628 519.627682355501
63.008387447216165 1088.4365352341003
63.038272666906046 1626.0651988129428
63.068157886595934 1959.1381806796123
63.09804310628584 2000.4287529477433
63.12792832597572 1767.6859640483071
63.15781354566561 1386.6893849291152
63.1876987653555 1052.3454652812948
63.21758398504539 942.684923830046
63.24746920473528 1122.2545079717327
63.27735442442517 1493.961078757801
63.30723964411506 1846.9266813433533
63.33712486380495 1979.8384054916496
63.36701008349483 1810.671225783438
63.39689530318472 1399.3946919840953
63.42678052287461 890.4674751621851
63.456665742564496 435.01419713397246
63.48655096225439 137.3742672596665
63.51643618194428 36.70231614551499
63.54632140163417 118.69244013696088
63.57620662132405 337.21508962166433
63.606091841013935 623.2608676765625
63.63597706070383 888.2370790633208
63.665862280393725 1044.6175908207235
63.695747500083606 1045.1466802647024
63.72563271977351 920.6684599211791
63.75551793946338 795.3683150647975
63.78540315915328 860.6992772792414
63.81528837884316 1297.5519665871984
63.84517359853306 2169.5804174615764
63.87505881822295 3328.6740086151026
63.904944037912834 4371.0052219957615
63.93482925760272 4745.338925709312
63.96471447729261 4104.687688466258
63.9945996969825 2700.993957873919
64.02448491667239 1388.1696459764112
64.05437013636228 1106.1978343081396
64.08425535605217 2212.0775407705523
64.11414057574206 4111.987968327439
64.14402579543193 5494.6902045929655
64.17391101512183 5186.690424693322
64.20379623481172 3138.8229884936222
64.2336814545016 766.25121339741
64.2635666741915 229.65542149022937
64.29345189388138 3003.3684590020343
64.32333711357127 8728.168455206282
64.35322233326116 15218.388733006846
64.38310755295105 19587.475653610967
64.41299277264093 19830.2983281672
64.44287799233082 16010.856308377057
64.47276321202071 10150.950329888612
64.50264843171061 4803.507574103112
64.5325336514005 1562.3352960900688
64.56241887109039 564.2276855851089
64.59230409078027 933.4817289446947
64.62218931047016 1592.0455434872142
64.65207453016005 1889.3099297595656
64.68195974984994 1747.2547455448291
64.71184496953983 1416.18901462444
64.74173018922971 1164.3138328652803
64.7716154089196 1104.1494675061435
64.80150062860949 1163.3693246834632
64.83138584829938 1157.2171430278659
64.86127106798928 937.2897309766295
64.89115628767917 536.4634460672057
64.92104150736905 164.92457533046138
64.95092672705894 32.677167565284854
64.98081194674883 176.80326125765677
65.01069716643872 471.4179457253033
65.0405823861286 809.0074700137367
65.0704676058185 1246.167499697584
65.10035282550838 1911.0588612645824
65.13023804519827 2745.6375806839415
65.16012326488816 3385.233506088701
65.19000848457804 3367.940868473441
65.21989370426793 2540.4949954318795
65.24977892395783 1292.876382869517
65.27966414364772 352.36945147717046
65.30954936333761 265.3833509421163
65.3394345830275 1013.3018552937926
65.36931980271737 2084.3470784848255
65.39920502240727 2886.9785837383247
65.42909024209716 3130.8417299558255
65.45897546178705 2908.1523130512087
65.48886068147694 2486.1560259030566
65.51874590116681 2049.78627125351
65.54863112085671 1624.8634923597983
65.5785163405466 1179.11078832902
65.6084015602365 736.5514397867539
65.63828677992639 390.980147567093
65.66817199961628 227.814316733544
65.69805721930616 241.17380947085948
65.72794243899605 329.002677378415
65.75782765868594 368.34162310798337
65.78771287837583 300.90292339494755
65.81759809806572 164.90546363392872
65.8474833177556 57.09166511949662
65.87736853744549 56.39625764453652
65.90725375713538 168.5334837824162
65.93713897682527 332.00845222549486
65.96702419651515 479.22286550536234
65.99690941620506 609.6307581815788
66.02679463589494 815.5294016692607
66.05667985558483 1224.9165853170368
66.08656507527472 1887.6213139058596
66.11645029496461 2684.4690313569513
66.1463355146545 3348.7142849427923
66.17622073434438 3623.9405901808927
66.20610595403427 3447.2351743346167
66.23599117372416 2979.822807565228
66.26587639341405 2451.2516751432545
66.29576161310393 1988.4296999788817
66.32564683279382 1592.3721093682643
66.35553205248372 1255.911152650282
66.38541727217361 1082.1502102090496
66.4153024918635 1243.2130268708777
66.44518771155339 1783.31224451511
66.47507293124328 2483.59685833725
66.50495815093316 2967.06435822486
66.53484337062305 2978.560022567024
66.56472859031294 2605.921045972618
66.59461381000283 2233.0229306000274
66.62449902969271 2243.8779717757716
66.6543842493826 2751.4324459330164
66.68426946907249 3564.9660604223063
66.71415468876238 4338.5043433024175
66.74403990845228 4742.881856833607
66.77392512814217 4563.139367592264
66.80381034783206 3738.055928546648
66.83369556752194 2427.648495409483
66.86358078721183 1054.165397337926
66.89346600690172 164.4579711482375
66.9233512265916 173.36215193381477
66.9532364462815 1209.6444957532747
66.98312166597138 3097.8860137220545
67.01300688566127 5361.750447468396
67.04289210535116 7278.1403490585535
67.07277732504105 8074.019070733974
67.10266254473095 7279.8564132850015
67.13254776442083 5130.451516159908
67.16243298411072 2624.469058795673
67.19231820380061 969.9769856090992
67.2222034234905 794.1021754475424
67.25208864318039 1758.4343453859403
67.28197386287027 2879.608882089871
67.31185908256016 3303.681876217732
67.34174430225005 2858.8325148022022
67.37162952193994 1961.2569176342383
67.40151474162982 1133.2848110205296
67.43139996131971 632.9353880310133
67.4612851810096 414.9239323604074
67.4911704006995 307.9851355380416
67.52105562038939 185.855522801404
67.55094084007928 43.909737940959495
67.58082605976917 25.095683794409894
67.61071127945905 391.57727964169214
67.64059649914894 1377.3968734122554
67.67048171883883 2933.979385936092
67.70036693852872 4586.536633931841
67.7302521582186 5672.721735345509
67.76013737790849 5795.744761946818
67.79002259759838 5017.955379618044
67.81990781728827 3716.0276760085985
67.84979303697817 2345.428869166707
67.87967825666806 1245.0520973775583
67.90956347635795 578.4736313837806
67.93944869604783 452.7906559894289
67.96933391573772 981.1601675867904
67.99921913542761 2099.268498936896
68.0291043551175 3412.576583129582
68.05898957480737 4390.643643182987
68.08887479449727 4709.947639022806
68.11876001418716 4402.398003164945
68.14864523387705 3763.010280378744
68.17853045356694 3120.5795146104206
68.20841567325681 2617.7899556013385
68.23830089294673 2164.887372556879
68.26818611263661 1601.442674330598
68.2980713323265 939.28065893416
68.32795655201639 482.976196723963
68.35784177170628 657.4322455778909
68.38772699139616 1595.516773739685
68.41761221108605 2854.239301411892
68.44749743077594 3624.8363610466968
68.47738265046583 3353.5637430733623
68.50726787015572 2258.477009123956
68.5371530898456 1225.9550258172417
68.56703830953549 1061.396808142565
68.59692352922539 1765.8748133613012
68.62680874891528 2587.095476741319
68.65669396860517 2759.658521849909
68.68657918829506 2161.281134151144
68.71646440798494 1307.6987432504438
68.74634962767483 778.9009589375488
68.77623484736472 716.3567935451786
68.80612006705461 878.6891289440857
68.8360052867445 1046.8613900639468
68.86589050643438 1244.2583295104735
68.89577572612427 1566.3795717916746
68.92566094581416 1938.749868410272
68.95554616550405 2157.1053632674098
68.98543138519395 2099.1003151629984
69.01531660488384 1825.076481570728
69.04520182457372 1477.3050720032136
69.07508704426361 1116.8614417407057
69.1049722639535 758.4856514958717
69.13485748364339 547.2348409993797
69.16474270333327 725.0364220883584
69.19462792302316 1343.888456076288
69.22451314271305 2077.4599111583893
69.25439836240294 2424.977662726108
69.28428358209283 2149.368579076628
69.31416880178271 1478.6494742151249
69.34405402147262 859.7929516364835
69.37393924116249 540.0478963000505
69.40382446085239 425.4067850324717
69.43370968054228 321.1987222906158
69.46359490023217 188.6508348998324
69.49348011992205 126.55396083559968
69.52336533961194 215.63731528063008
69.55325055930183 496.37419750964347
69.58313577899172 1074.5823345679075
69.6130209986816 2073.929532763895
69.6429062183715 3353.607177950313
69.67279143806138 4329.722134353615
69.70267665775128 4277.007400391361
69.73256187744117 3015.1701879442107
69.76244709713106 1274.748948531146
69.79233231682095 194.20847044012203
69.82221753651083 367.7202982297672
69.85210275620072 1359.6272343473406
69.88198797589061 2158.347631802635
69.9118731955805 2139.84632564637
69.94175841527039 1552.4823019005612
69.97164363496027 1103.284931915436
70.00152885465016 1190.1080805290587
70.03141407434005 1562.0646317920173
70.06129929402994 1691.842564422894
70.09118451371984 1359.325172492766
70.12106973340973 783.2364595621733
70.15095495309961 304.4312892821623
70.1808401727895 79.00943439019099
70.21072539247939 65.35286573478243
70.24061061216928 202.4957712173232
70.27049583185917 499.08144481060685
70.30038105154905 958.8628027903712
70.33026627123894 1528.6873134228767
70.36015149092883 2164.252985959856
70.39003671061872 2884.996352762488
70.4199219303086 3685.042340500408
70.4498071499985 4319.72644077228
70.4796923696884 4287.192997396414
70.50957758937828 3282.1058633583843
70.53946280906817 1663.8708240659616
70.56934802875806 323.21402618969046
70.59923324844793 68.83168509498194
70.62911846813783 1028.7141725833656
70.65900368782772 2543.621826202137
70.68888890751761 3671.9685475440783
70.7187741272075 3840.9844883010614
70.74865934689737 3123.072273468545
70.77854456658727 2040.8294606859968
70.80842978627716 1160.0769471280328
70.83831500596706 835.715607186863
70.86820022565695 1121.430937336118
70.89808544534684 1777.1978304570648
70.92797066503672 2451.2795500548937
70.95785588472661 2870.188702068738
70.9877411044165 2946.8313339808474
71.01762632410639 2899.0562554084704
71.04751154379628 3151.772331191901
71.07739676348616 3775.1882805175737
71.10728198317605 4189.882899622547
71.13716720286594 3756.771001798072
71.16705242255583 2504.615885628268
71.19693764224573 1201.5461428799745
71.22682286193562 805.8034069866989
71.2567080816255 1712.9453423450072
71.28659330131539 3437.223098045604
71.31647852100528 5051.2270957853925
71.34636374069517 5960.258908909138
71.37624896038506 6248.6668976317405
71.40613418007494 6296.567146064609
71.43601939976483 6259.677033177762
71.46590461945472 6034.654754002093
71.4957898391446 5546.7322773540955
71.5256750588345 4920.687377528782
71.55556027852438 4366.519890539734
71.58544549821428 3929.7267768059905
71.61533071790417 3454.4132371541928
71.64521593759406 2831.9825574144775
71.67510115728395 2177.7621031043245
71.70498637697384 1721.3694937130804
71.73487159666372 1600.5746339439856
71.76475681635361 1791.6376412333664
71.7946420360435 2183.379155875207
71.82452725573339 2628.482573991828
71.85441247542327 2904.444153715787
71.88429769511316 2757.509999918934
71.91418291480305 2150.230892747726
71.94406813449295 1479.5549175520027
71.97395335418284 1381.1789194318656
72.00383857387273 2136.015450460176
72.03372379356261 3244.8228814412755
72.0636090132525 3725.574450958531
72.09349423294239 3007.421901844289
72.12337945263229 1550.2174662439247
72.15326467232217 450.51570883862087
72.18314989201205 375.38714968534026
72.21303511170194 939.4765128208378
72.24292033139184 1196.8711300883651
72.27280555108172 724.6578237717731
72.3026907707716 113.9991823141502
72.3325759904615 335.1877697030965
72.3624612101514 1676.0187298929718
72.39234642984128 3388.567078170755
72.42223164953117 4358.88238358836
72.45211686922106 4049.799168382878
72.48200208891095 2826.539399309029
72.51188730860083 1495.7519023879547
72.54177252829072 640.3395920800498
72.57165774798062 375.24530843284685
72.6015429676705 546.0658656900689
72.63142818736038 968.0869411027501
72.66131340705027 1455.0156460464852
72.69119862674017 1773.171543915438
72.72108384643006 1727.6114791560815
72.75096906611995 1318.1858979385736
72.78085428580982 783.1867539968042
72.81073950549971 461.8572622153352
72.84062472518961 603.594949995439
72.8705099448795 1297.341186832284
72.90039516456937 2481.380209336987
72.93028038425926 3933.207517135908
72.96016560394915 5254.08071478156
72.99005082363905 5954.867873733865
73.01993604332894 5754.0748592486925
73.04982126301881 4842.171206668453
73.07970648270873 3727.317922598512
73.1095917023986 2829.507263043861
73.13947692208849 2247.125279160711
73.16936214177838 1814.7525509183884
73.1992473614683 1353.2482109716611
73.22913258115818 868.7752324482003
73.25901780084804 493.88279400666573
73.28890302053793 297.1909874500264
73.31878824022782 223.43938444483584
73.34867345991773 212.56660734691488
73.3785586796076 324.559480781582
73.40844389929748 701.3303306182181
73.4383291189874 1392.6175395747002
73.46821433867729 2211.252274039334
73.49809955836717 2750.203771633228
73.52798477805706 2602.3851298393856
73.55786999774695 1704.7537235356936
73.58775521743684 550.0528809280255
73.61764043712672 7.713673157566336
73.64752565681661 788.9944082870156
73.67741087650651 2880.3216582754767
73.70729609619639 5409.738778080256
73.73718131588628 7173.52680115066
73.76706653557616 7426.640592956577
73.79695175526605 6298.499723302569
73.82683697495595 4549.719412400069
73.85672219464584 2908.61881626531
73.88660741433571 1626.794349802916
73.91649263402562 651.0272615140659
73.9463778537155 61.85937311819145
73.97626307340539 160.5570750159505
74.00614829309528 1091.1953445414083
74.03603351278515 2493.5022210804977
74.06591873247505 3638.151535326818
74.09580395216494 3946.0617853456088
74.12568917185483 3419.6934466489006
74.1555743915447 2597.696829866401
74.18545961123462 2105.6712557145825
74.2153448309245 2226.4827330659327
74.24523005061438 2781.633118421218
74.27511527030428 3296.216424491875
74.30500048999417 3282.6950143797476
74.33488570968406 2540.343852836276
74.36477092937393 1352.7706203702128
74.39465614906382 377.52663452060096
74.42454136875372 190.99589286414823
74.45442658844361 806.3472412748656
74.48431180813348 1610.8021771961007
74.51419702782337 1850.3643151279853
74.54408224751326 1296.0018554068536
74.57396746720316 506.7267526140364
74.60385268689305 395.2725100144612
74.63373790658295 1481.5546032503592
74.66362312627284 3508.997884702198
74.69350834596273 5646.530893845656
74.72339356565261 7024.847151847544
74.7532787853425 7193.003221286304
74.7831640050324 6216.343297150759
74.81304922472228 4514.029543582823
74.84293444441217 2655.4841862657663
74.87281966410205 1162.1489390474487
74.90270488379194 312.49268856884066
74.93259010348184 50.90260215728885
74.96247532317173 112.00518126110248
74.99236054286163 281.12356122298854
75.0222457625515 545.9056046104467
75.0521309822414 992.2646732710112
75.08201620193128 1573.4836323747847
75.11190142162117 2041.8841718270987
75.14178664131106 2150.765010191832
75.17167186100095 1892.8696831828624
75.20155708069083 1482.7868156557893
75.23144230038072 1120.63934821041
75.2613275200706 862.9665071335862
75.2912127397605 768.2298218843358
75.3210979594504 1084.645462388267
75.35098317914029 2159.902189801895
75.38086839883017 4111.042175558013
75.41075361852006 6559.139365956489
75.44063883820995 8643.708524569754
75.47052405789982 9420.841150450371
75.50040927758972 8479.682329479012
75.53029449727961 6231.861762070724
75.5601797169695 3599.876610566652
75.59006493665939 1462.8423814342327
75.61995015634926 285.3846705065683
75.64983537603916 45.69756549318406
75.67972059572905 399.04930567816893
75.70960581541894 932.2395599700502
75.73949103510883 1349.7970382019455
75.76937625479873 1528.3919689554043
75.7992614744886 1485.7779477505785
75.82914669417849 1327.9408213216489
75.85903191386838 1188.2864792997927
75.88891713355827 1161.7377612665616
75.91880235324815 1269.2184397273236
75.94868757293804 1471.528338406608
75.97857279262793 1700.2268345643768
76.00845801231782 1879.7076870801177
76.03834323200773 1949.4257024876456
76.06822845169762 1881.5086152515469
76.09811367138752 1679.8785790632946
76.1279988910774 1376.298064110467
76.15788411076728 1031.6476567387697
76.18776933045717 718.2744254760375
76.21765455014707 481.16852381441976
76.24753976983695 321.8349832866353
76.27742498952684 229.12360545433415
76.30731020921672 211.68612975600408
76.33719542890661 274.20098441050544
76.36708064859651 359.7560121979759
76.39696586828639 356.6350185672762
76.42685108797629 211.65121879461609
76.45673630766618 44.686526011981435
76.48662152735606 115.26920546049728
76.51650674704595 615.3582124625906
76.54639196673584 1451.320426916133
76.57627718642573 2247.559834890172
76.60616240611562 2604.4945174098293
76.6360476258055 2372.713558784033
76.66593284549539 1706.2295759644485
76.69581806518528 904.609473004682
76.72570328487517 252.04159533266383
76.75558850456505 0.9748092729012152
76.78547372425494 396.4298696444839
76.81535894394483 1532.1909550041312
76.84524416363473 3109.697642197481
76.87512938332462 4452.236159713463
76.9050146030145 4888.100884462862
76.93489982270438 4209.965283971078
76.96478504239427 2858.14100943061
76.99467026208417 1645.3082101008363
77.02455548177404 1170.8484738451189
77.05444070146393 1431.5303049448155
77.08432592115382 1976.5155684844408
77.11421114084371 2364.457400538537
77.14409636053361 2461.1097883928446
77.1739815802235 2403.0450228947866
77.20386679991341 2372.4622896468845
77.23375201960329 2419.496125162517
77.26363723929317 2452.295904045119
77.29352245898306 2350.524410318322
77.32340767867295 2097.647510519288
77.35329289836285 1850.9180834553445
77.38317811805273 1882.6826608224476
77.41306333774261 2367.070069986806
77.4429485574325 3133.860690418336
77.4728337771224 3636.7061460399486
77.50271899681228 3296.513594531752
77.53260421650216 2055.7398474330685
77.56248943619207 626.4146896104
77.59237465588195 30.230262808486835
77.62225987557184 716.8199596385987
77.65214509526173 2075.7646826057608
77.68203031495162 2880.7021634895023
77.7119155346415 2358.2159531530247
77.7418007543314 971.2130860895284
77.77168597402128 167.13607066864583
77.80157119371117 1193.0653161819896
77.83145641340106 4021.0060183014903
77.86134163309094 7365.804442176975
77.89122685278083 9655.495590586734
77.92111207247073 10063.874693796815
77.95099729216062 8883.93468839092
77.98088251185051 7061.648049890069
78.01076773154038 5368.146675449632
78.04065295123027 3984.491887191568
78.07053817092017 2738.9009771244314
78.10042339061006 1552.2522659230212
78.13030861029993 610.0678672527869
78.16019382998982 171.3986808401195
78.19007904967971 266.80674034837926
78.21996426936961 612.1806784855814
78.2498494890595 824.4495236697288
78.27973470874937 721.834287491076
78.30961992843929 426.264509166258
78.33950514812916 194.93542484868948
78.36939036781905 178.591616500752
78.39927558750894 333.9550396948336
78.42916080719885 525.151510668124
78.45904602688874 680.2580477574664
78.4889312465786 835.873291558084
78.51881646626849 1038.9833095892332
78.54870168595838 1245.8146624553292
78.5785869056483 1340.4719907323408
78.60847212533815 1238.9736840701928
78.63835734502806 963.7479390731743
78.66824256471796 628.4549728012381
78.69812778440784 354.9098888589797
78.72801300409773 193.52070349650032
78.75789822378762 117.12070858643828
78.78778344347751 78.69519957745412
78.8176686631674 61.02442243040048
78.84755388285728 78.41801317258718
78.87743910254717 151.59984664131315
78.90732432223707 295.95284709175894
78.93720954192695 534.4339811553501
78.96709476161683 899.6564146622391
78.99697998130672 1382.3900011146125
79.02686520099661 1854.7655724943863
79.05675042068651 2076.392288916188
79.0866356403764 1847.669467994472
79.11652086006627 1203.1547650159705
79.14640607975618 456.8424623512623
79.17629129944606 25.76581200796056
79.20617651913595 124.5176871912106
79.23606173882584 570.0213410835149
79.26594695851571 916.9058831943059
79.29583217820561 838.8520675142307
79.3257173978955 413.38824975977934
79.35560261758539 53.813624629935234
79.38548783727526 153.5907714209462
79.41537305696518 764.2530563698739
79.44525827665505 1570.323262687297
79.47514349634494 2150.171249600686
79.50502871603484 2264.917566614696
79.53491393572473 1940.479454217896
79.56479915541462 1367.8488915547618
79.59468437510449 768.0320540559563
79.62456959479438 310.33164322386466
79.65445481448428 87.08801638011302
79.68434003417417 94.55172801439856
79.71422525386404 227.54890233379885
79.74411047355393 343.20022312055227
79.77399569324382 377.5823922122309
79.80388091293372 416.9453699925991
79.83376613262362 654.0922509750163
79.86365135231351 1250.8613983928471
79.8935365720034 2190.9465010873846
79.92342179169329 3268.004426085008
79.95330701138317 4219.3749508408
79.98319223107306 4822.017222702821
80.01307745076296 4919.265857352551
80.04296267045284 4461.972893224015
80.07284789014273 3532.0981953861706
80.10273310983261 2318.045684333478
80.1326183295225 1085.973703013126
80.1625035492124 207.88949339923187
80.19238876890229 149.6439064491294
80.22227398859219 1244.2857357491923
80.25215920828207 3383.308149541597
80.28204442797195 5929.831252232578
80.31192964766184 7980.924776164145
80.34181486735173 8871.310315237726
80.37170008704162 8548.078901608804
80.4015853067315 7452.606446616614
80.43147052642139 6047.117703271329
80.46135574611128 4515.993046227163
80.49124096580115 2899.366433230364
80.52112618549106 1398.7708902684055
80.55101140518096 442.77033305478295
80.58089662487085 353.0798699419466
80.61078184456073 927.8500601894352
80.64066706425062 1487.328657749232
80.67055228394051 1463.0419143973124
80.70043750363038 945.4841148769458
80.73032272332028 595.5276471317922
80.76020794301017 975.7727896273936
80.79009316270006 1952.1314836040567
80.81997838238995 2788.485618418621
80.84986360207982 2845.9850152960335
80.87974882176972 2153.056196558462
80.90963404145961 1315.7629947114883
80.9395192611495 919.0721740654553
80.96940448083939 1024.3911805738371
80.99928970052927 1229.8584228284624
81.02917492021916 1133.1931021241855
81.05906013990905 708.9279498849386
81.08894535959894 311.4680859905151
81.11883057928883 346.8419238130977
81.14871579897871 943.2943326222131
81.1786010186686 1892.6988242687887
81.20848623835849 2814.757423721522
81.23837145804839 3378.839885198016
81.26825667773828 3460.9888554728423
81.29814189742818 3168.884267499566
81.32802711711808 2736.790976340855
81.35791233680796 2357.6996586984724
81.38779755649784 2075.460594181465
81.41768277618773 1820.4864335630184
81.44756799587763 1530.4508841282204
81.47745321556751 1228.4121581878935
81.5073384352574 996.4782694206215
81.53722365494728 884.7392444089755
81.56710887463717 858.4106182867472
81.59699409432707 841.0678827631683
81.62687931401695 785.306810294811
81.65676453370685 676.1261090883012
81.68664975339674 495.8447793176884
81.71653497308662 255.97766339828513
81.74642019277651 80.46520323483522
81.7763054124664 196.59223052843288
81.80619063215629 758.7101518904011
81.83607585184618 1620.3532202427384
81.86596107153606 2311.0618538605295
81.89584629122595 2345.241261261088
81.92573151091584 1649.4742530110689
81.95561673060573 712.2511819989093
81.98550195029561 267.0114834773315
82.0153871699855 760.5954489560384
82.04527238967539 2016.5820547700744
82.07515760936529 3343.144095257219
82.10504282905518 4027.124984902097
82.13492804874505 3766.9819274325087
82.16481326843494 2755.402346108943
82.19469848812483 1517.1920923255916
82.22458370781473 581.4673292448044
82.2544689275046 172.05763701577976
82.28435414719449 158.04819273097837
82.31423936688438 246.6347226630138
82.34412458657427 265.66493415275954
82.37400980626417 337.8565018671452
82.40389502595406 792.1571179687242
82.43378024564397 1864.5945506946807
82.46366546533385 3433.051122153558
82.49355068502373 4948.368126082641
82.52343590471362 5686.315258403599
82.55332112440351 5340.511821945353
82.5832063440934 4214.235294369011
82.61309156378329 2751.6725949833426
82.64297678347317 1378.089939503398
82.67286200316306 507.59348851818527
82.70274722285296 200.22365611265204
82.73263244254284 218.42477483468892
82.76251766223272 378.09842034855984
82.79240288192263 572.6505797807545
82.82228810161251 739.781056298601
82.8521733213024 831.9486500123697
82.8820585409923 770.0001287912038
82.91194376068218 539.9823702303839
82.94182898037207 265.409119222496
82.97171420006195 151.00633278033936
83.00159941975184 340.1929400641559
83.03148463944173 778.7228328053203
83.06136985913162 1229.923344448602
83.0912550788215 1434.0779423277595
83.12114029851139 1297.8444369094095
83.1510255182013 945.8956759611018
83.18091073789118 591.1615461665532
83.21079595758107 397.7982208775848
83.24068117727094 447.15438685932247
83.27056639696083 761.5460333419038
83.30045161665073 1292.6771217911948
83.33033683634062 1863.8738380950608
83.3602220560305 2172.4226365132185
83.39010727572038 1959.4852025158189
83.41999249541027 1269.5758438683104
83.44987771510017 496.7259465583448
83.47976293479006 93.30747099478272
83.50964815447993 202.54787234272024
83.53953337416985 544.4348393938587
83.56941859385972 686.8559014735407
83.59930381354961 467.08417767822976
83.6291890332395 133.32607933813765
83.65907425292941 63.02469465940518
83.6889594726193 358.27122631257225
83.71884469230916 743.4204044429881
83.74872991199905 860.3055804932171
83.77861513168894 650.6858442776611
83.80850035137885 461.7256206383779
83.83838557106871 774.2070725504963
83.86827079075861 1804.0353569087488
83.89815601044852 3321.420083862457
83.9280412301384 4791.33894895016
83.95792644982829 5690.591567433116
83.98781166951818 5764.150606301328
84.01769688920807 5066.714945794312
84.04758210889796 3848.159684749234
84.07746732858784 2437.539343130376
84.10735254827773 1175.4132063383756
84.13723776796763 346.1745296998755
84.1671229876575 84.77453007818562
84.1970082073474 293.3866057080117
84.22689342703728 646.3325994720117
84.25677864672718 764.3252211259921
84.28666386641707 510.0698044232232
84.31654908610696 162.2781342345759
84.34643430579683 240.39663916135217
84.37631952548674 1040.2568349875016
84.40620474517662 2255.032232263666
84.43608996486651 3089.1348702903806
84.46597518455638 2893.9445315201738
84.49586040424627 1816.6044782514089
84.52574562393617 790.6503986609283
84.55563084362606 761.9088214360925
84.58551606331595 1833.9901878899116
84.61540128300582 3142.2154653641755
84.64528650269574 3618.543207704075
84.67517172238561 2965.3359030707406
84.7050569420755 1926.4439713476609
84.7349421617654 1641.9558482761151
84.76482738145529 2681.298472802233
84.79471260114518 4568.572724737186
84.82459782083505 6180.659004819277
84.85448304052494 6597.361140776812
84.88436826021484 5661.43261361385
84.91425347990473 3922.961821593693
84.9441386995946 2177.3161079209062
84.97402391928449 1008.4906358682836
85.0039091389744 565.0533596179491
85.0337943586643 589.1134331914071
85.06367957835418 655.4322413412841
85.09356479804407 489.0388790559896
85.12345001773396 172.05862096257
85.15333523742385 66.56434148897624
85.18322045711373 469.6402814666711
85.21310567680362 1303.138777272032
85.24299089649352 2130.376303352982
85.2728761161834 2512.6275524154426
85.30276133587329 2414.421396763563
85.33264655556317 2247.80789439671
85.36253177525306 2460.253118883116
85.39241699494296 3077.50380148936
85.42230221463285 3677.583093250067
85.45218743432275 3795.899670490055
85.48207265401263 3354.365622853716
85.51195787370251 2742.0545236141734
85.5418430933924 2485.9330447880848
85.57172831308229 2786.972273320385
85.60161353277218 3315.629234467033
85.63149875246206 3481.026989624264
85.66138397215195 2984.3121452681626
85.69126919184184 2143.817750042801
85.72115441153171 1660.5709626373903
85.75103963122163 2013.613100613691
85.7809248509115 3014.2553196923946
85.8108100706014 3921.2643592482113
85.8406952902913 4010.1989286437406
85.87058050998118 3119.9460482003174
85.90046572967107 1758.5395885780629
85.93035094936094 679.2400063112182
85.96023616905084 281.70478996041965
85.99012138874073 376.0316929616546
86.02000660843062 479.4296927655968
86.0498918281205 315.05283851644805
86.07977704781038 72.114105020033
86.10966226750028 230.3163042617726
86.13954748719017 1115.3434523822775
86.16943270688006 2600.2620186301074
86.19931792656995 4194.406663389553
86.22920314625983 5361.039189545488
86.25908836594972 5793.758644089584
86.28897358563961 5514.31914598674
86.3188588053295 4778.161867211539
86.34874402501941 3876.746018645709
86.37862924470927 2985.226652335875
86.40851446439916 2157.128624453591
86.43839968408905 1447.3281527693275
86.46828490377895 1045.0859811713883
86.49817012346885 1287.5226284234352
86.52805534315874 2494.015259709423
86.55794056284864 4680.545362240212
86.58782578253852 7340.598438368754
86.6177110022284 9508.842416120233
86.64759622191829 10180.11787227142
86.6774814416082 8889.869356815894
86.70736666129807 6060.380367291623
86.73725188098796 2851.977379174938
86.76713710067784 600.5328106488079
86.79702232036773 133.82560226467407
86.82690754005763 1358.2044879435855
86.8567927597475 3384.3552840683246
86.88667797943741 5077.97603466088
86.9165631991273 5680.0695771974015
86.94644841881718 5137.342156115773
86.97633363850707 3963.5333815833255
87.00621885819696 2795.7084551539374
87.03610407788685 1991.8277882129912
87.06598929757673 1520.5546915892148
87.09587451726662 1152.4023266019587
87.12575973695651 737.8625572154042
87.1556449566464 345.12015453058694
87.18553017633629 164.84377895915466
87.21541539602617 286.95690267380246
87.24530061571606 586.5617908190281
87.27518583540595 821.8178428421437
87.30507105509585 830.2853762681348
87.33495627478574 640.8720547966426
87.36484149447561 400.63549011994326
87.3947267141655 214.4685781921942
87.42461193385539 88.35248084534632
87.45449715354529 14.418011855355187
87.48438237323516 64.19199082305217
87.51426759292505 348.693252462502
87.54415281261494 857.37587378284
87.57403803230483 1370.5517360352128
87.60392325199473 1587.7434037941491
87.63380847168463 1362.4138594609387
87.66369369137453 828.0587095977515
87.6935789110644 301.02036879636194
87.7234641307543 33.881119353893865
87.75334935044418 60.11843336694465
87.78323457013408 268.2262145907328
87.81311978982396 563.9976870249725
87.84300500951385 927.563789177315
87.87289022920373 1345.1163030478565
87.90277544889362 1749.038660229794
87.93266066858352 2074.509754757204
87.9625458882734 2351.327868486367
87.9924311079633 2687.0360415473447
88.02231632765319 3157.582272862908
88.05220154734307 3727.0966232530386
88.08208676703296 4257.38449776077
88.11197198672286 4571.138065860908
88.14185720641274 4500.081332104217
88.17174242610263 3904.2618142425354
88.20162764579251 2748.206041390763
88.2315128654824 1307.98373825668
88.26139808517229 298.1967536994567
88.29128330486218 538.5614086723589
88.32116852455206 2266.7244092326264
88.35105374424195 4749.664665987075
88.38093896393185 6620.905054043911
88.41082418362174 6744.6787248871715
88.44070940331163 5009.648529730269
88.4705946230015 2441.3324266363543
88.50047984269139 492.4135630721432
88.53036506238129 49.70332722139374
88.56025028207118 943.7699141496257
88.59013550176105 2282.9239247533105
88.62002072145094 3186.9656813536863
88.64990594114083 3283.227031113276
88.67979116083073 2726.6791404528926
88.70967638052062 1914.1473507847888
88.73956160021052 1182.4872087785463
88.76944681990041 676.3034564051313
88.79933203959028 384.878503626519
88.82921725928017 234.95601470948847
88.85910247897006 155.51205907140044
88.88898769865997 104.5254732497254
88.91887291834986 74.46596467161525
88.94875813803972 83.57168038014966
88.97864335772961 151.27205874877777
89.0085285774195 265.5878015433199
89.03841379710941 369.1257776011433
89.06829901679929 386.85281354568906
89.09818423648917 285.23646346610514
89.12806945617908 121.90948397969947
89.15795467586896 37.36143658637393
89.18783989555885 169.56440897051687
89.21772511524874 539.7310303523532
89.24761033493863 1001.2451587373212
89.27749555462852 1311.0961483687363
89.3073807743184 1296.7208692275703
89.33726599400829 997.7475424816483
89.36715121369818 650.059385407844
89.39703643338807 512.138668378386
89.42692165307795 671.342559655055
89.45680687276784 970.1129795017856
89.48669209245774 1117.6877628192772
89.51657731214763 931.2598451494326
89.54646253183752 505.81412181089206
89.5763477515274 137.0198343395449
89.6062329712173 56.26067969192346
89.63611819090718 223.8537907221244
89.66600341059707 380.34618545849435
89.69588863028694 328.58366668150853
89.72577384997683 173.5216023252962
89.75565906966673 238.51686234726583
89.78554428935662 709.8362504164543
89.81542950904651 1372.4496955890952
89.84531472873638 1736.1404921143433
89.8751999484263 1483.1009215340898
89.90508516811617 804.0287002545055
89.93497038780606 258.6416080324918
89.96485560749596 285.67707636029434
89.99474082718585 815.3602954287018
90.02462604687574 1348.5860704893223
90.05451126656561 1459.0639215359868
90.08439648625551 1235.9460864695716
90.1142817059454 1226.258010055681
90.14416692563529 1967.2737751601048
90.17405214532515 3547.884011568881
90.20393736501505 5514.288666181144
90.23382258470497 7140.769808056134
90.26370780439485 7859.672228381856
90.29359302408474 7550.543161963762
90.32347824377464 6510.8024327762
90.35336346346452 5175.418631279601
90.3832486831544 3835.256593087956
90.4131339028443 2589.722965362373
90.44301912253418 1507.6083277138227
90.47290434222408 759.468186818497
90.50278956191396 539.8114029471003
90.53267478160384 823.1946094294262
90.56256000129373 1236.552456110739
90.59244522098362 1285.5808654764735
90.62233044067352 801.8748294445523
90.6522156603634 195.3039731747267
90.68210088005328 186.847106218397
90.71198609974319 1142.1628125728153
90.74187131943309 2633.823218810018
90.77175653912296 3748.293919812873
90.80164175881285 3834.5242674759047
90.83152697850272 2961.19455116627
90.86141219819262 1744.2773944350356
90.89129741788253 792.2817897263859
90.9211826375724 312.946693850595
90.95106785726227 159.43518969800687
90.98095307695219 118.40602257439242
91.01083829664208 134.81224771096504
91.04072351633197 303.0355146602364
91.07060873602184 708.5614660048976
91.10049395571174 1347.250158949977
91.13037917540163 2113.8526355019394
91.16026439509152 2772.4229600407893
91.1901496147814 3029.392502138255
91.22003483447128 2756.6524020813345
91.24992005416117 2150.8520006434687
91.27980527385105 1617.925953152481
91.30969049354096 1436.493382044691
91.33957571323084 1509.5959729253823
91.36946093292073 1484.510027842627
91.39934615261063 1130.0125339123508
91.4292313723005 574.1903294916552
91.4591165919904 167.70872862544138
91.48900181168028 104.19445226487736
91.51888703137017 217.72473586404683
91.54877225106009 223.5253482267628
91.57865747074997 130.28830063365842
91.60854269043983 377.2995285372472
91.63842791012972 1536.5196819176376
91.66831312981962 3777.745975766184
91.69819834950952 6546.26958450817
91.7280835691994 8777.03347337671
91.7579687888893 9497.791450190784
91.7878540085792 8376.620406928689
91.81773922826909 5904.425522288465
91.84762444795896 3136.134636290254
91.87750966764884 1080.756739786763
91.90739488733874 142.06153623340015
91.93728010702863 99.51009746326255
91.96716532671853 590.361092459454
91.9970505464084 1536.1588442169668
92.02693576609828 3059.912922500624
92.05682098578816 4993.5725913786855
92.08670620547807 6587.399301204659
92.11659142516797 6929.819484486638
92.14647664485784 5744.6909630181
92.17636186454774 3675.343904704376
92.20624708423763 1738.8697250965445
92.23613230392753 559.6891280411821
92.2660175236174 188.3580057131099
92.29590274330728 596.7096413183785
92.32578796299718 2064.309745435733
92.35567318268707 4780.352790891834
92.38555840237696 8051.085078166458
92.41544362206685 10233.577672206968
92.44532884175672 9868.273349348015
92.47521406144664 7028.113541611738
92.50509928113651 3478.102620789777
92.5349845008264 1356.696027718738
92.56486972051628 1518.495413985847
92.59475494020617 3058.7192721309075
92.62464015989607 4352.36437830249
92.65452537958595 4444.635587528136
92.68441059927584 3527.6126135929385
92.71429581896572 2366.0231534782793
92.74418103865561 1516.6960485730372
92.77406625834551 1091.6649865765435
92.80395147803539 983.7696365989023
92.83383669772527 1044.6968304545549
92.8637219174152 1068.1794691707569
92.89360713710509 856.4018914079044
92.92349235679497 493.3557474480228
92.95337757648483 465.38214406424487
92.98326279617474 1237.0207573731486
93.01314801586464 2605.694768533096
93.04303323555453 3640.9891977771167
93.0729184552444 3449.8313371454
93.10280367493428 2114.688808490915
93.13268889462418 800.2096777403904
93.16257411431408 732.8420630816406
93.19245933400397 2082.465894077666
93.22234455369386 3897.7443818945
93.25222977338375 5086.69467722183
93.28211499307363 5501.58980992248
93.31200021276352 6063.186839158127
93.34188543245342 7804.138140076909
93.37177065214328 10872.960097916532
93.40165587183319 14367.276966839747
93.43154109152307 16947.720749708613
93.46142631121296 17680.114549647045
93.49131153090285 16485.651839921895
93.52119675059272 13955.924685071825
93.55108197028262 10835.564839073792
93.58096718997251 7640.097080385402
93.6108524096624 4651.215484510127
93.6407376293523 2170.0253434916503
93.67062284904219 644.7976740294815
93.70050806873208 437.30975709238334
93.73039328842195 1430.421123759644
93.76027850811184 2866.4334057617384
93.79016372780174 3671.567670177418
93.82004894749161 3182.5131863454535
93.84993416718152 1710.7034830553791
93.87981938687139 372.94931545374226
93.90970460656128 236.21875286739447
93.93958982625118 1427.2512240703786
93.96947504594108 3033.9236440463983
93.99936026563097 3916.3354955489194
94.02924548532083 3584.148479928352
94.05913070501073 2427.5128163697354
94.08901592470065 1230.86789291171
94.11890114439053 464.69115914732737
94.1487863640804 121.44792378531754
94.17867158377027 103.24106354953555
94.20855680346017 508.96572669180046
94.23844202315009 1467.4224086020697
94.26832724283999 2741.324294306996
94.29821246252985 3724.843419639731
94.3280976822197 3846.2901651265743
94.35798290190964 2944.445979230902
94.38786812159952 1543.7281529314403
94.41775334128941 558.4824757552622
94.4476385609793 384.2674329009244
94.47752378066919 725.0201789424569
94.50740900035908 1199.0491270943846
94.53729422004896 1597.547226122971
94.56717943973885 1869.294916451876
94.59706465942874 2054.7699329378747
94.62694987911863 2146.053824171556
94.65683509880851 2102.992552883513
94.6867203184984 1976.8139243318903
94.7166055381883 1882.9483196949232
94.7464907578782 1857.016084815704
94.7763759775681 1827.2245986913167
94.80626119725795 1766.1978329457263
94.83614641694784 1787.1937613066275
94.86603163663774 2010.7866197015717
94.89591685632764 2362.5081330701723
94.92580207601753 2557.9837068921897
94.95568729570739 2331.4798611911574
94.98557251539728 1698.6377173749654
95.01545773508718 954.8816064095773
95.04534295477707 408.6138239236224
95.07522817446696 174.26556730678166
95.10511339415685 207.697011173962
95.13499861384673 435.5681343519832
95.16488383353663 759.7755840155091
95.19476905322652 973.1880207498093
95.2246542729164 847.7281479229201
95.25453949260627 428.5994517442692
95.28442471229617 174.28975260440123
95.31430993198607 600.692076983964
95.34419515167596 1651.8858577148255
95.37408037136585 2529.5430357745327
95.40396559105571 2367.976017081832
95.43385081074561 1194.6864656497298
95.46373603043553 113.12919178623405
95.49362125012541 326.75197790521787
95.5235064698153 1920.64973292029
95.5533916895052 3667.0169752382576
95.58327690919508 4125.148924891715
95.61316212888497 2993.210922702845
95.64304734857485 1338.2871378656944
95.67293256826474 501.4644777283761
95.70281778795464 862.4017220163606
95.73270300764452 1686.3649474860783
95.7625882273344 2039.9957623673288
95.79247344702429 1665.542694764692
95.82235866671418 975.1228600694634
95.85224388640408 437.40515780138577
95.88212910609397 178.1763233692114
95.91201432578384 149.6573756913858
95.94189954547375 433.3810408171885
95.97178476516365 1149.7647470142874
96.00166998485352 2092.2910205026765
96.0315552045434 2665.07503962746
96.06144042423328 2369.1256269855035
96.09132564392318 1341.2990232690788
96.12121086361309 317.3320673338296
96.15109608330297 46.03460981934152
96.18098130299283 746.6121050984069
96.21086652268275 2083.255779250441
96.24075174237264 3534.226815700775
96.27063696206253 4672.332723095878
96.3005221817524 5177.437000451113
96.3304074014423 4852.795687917723
96.36029262113219 3818.850125095792
96.39017784082208 2605.374141852919
96.42006306051196 1821.4945689654717
96.44994828020184 1622.372078114692
96.47983349989173 1599.548181639177
96.50971871958161 1357.5110695951005
96.53960393927152 1234.8174241369795
96.5694891589614 2305.571949169431
96.59937437865129 5430.854581888669
96.6292595983412 10204.936079190024
96.65914481803107 14884.163929597964
96.68903003772095 17420.75410783684
96.71891525741084 16761.806179175073
96.74880047710073 13442.794091856396
96.77868569679065 9075.516172645137
96.80857091648053 5226.256163571006
96.8384561361704 2638.2500676885375
96.8683413558603 1264.8932478106549
96.89822657555018 740.9330132858041
96.92811179524008 722.2357472331481
96.95799701492996 956.088114692872
96.98788223461986 1245.2205824285822
97.01776745430976 1437.6193559716191
97.04765267399965 1454.5053140939017
97.07753789368952 1299.5770321731163
97.1074231133794 1041.7456585809623
97.1373083330693 805.327426633351
97.16719355275919 738.8262297408979
97.19707877244909 923.2888696972428
97.22696399213896 1278.1481079654902
97.25684921182884 1576.9340944655164
97.28673443151872 1596.0490189921848
97.31661965120863 1279.7144134771277
97.34650487089853 781.7103435660928
97.3763900905884 355.05451612226244
97.4062753102783 188.45528847965343
97.43616052996819 318.8149912991975
97.46604574965808 658.3440310323098
97.49593096934797 1073.582233465246
97.52581618903784 1444.064832321286
97.55570140872774 1679.6047845395203
97.58558662841763 1717.6051064749956
97.61547184810752 1534.7218623884623
97.6453570677974 1183.9764708018047
97.67524228748728 819.1399897226568
97.7051275071772 649.5174485221232
97.73501272686707 821.4514025267055
97.76489794655696 1302.5284865075707
97.79478316624684 1870.1843032035265
97.82466838593673 2241.9469793143944
97.85455360562663 2265.380571638325
97.88443882531651 2016.1927684101768
97.91432404500641 1722.5410244045927
97.94420926469628 1611.0555152336972
97.97409448438617 1849.2341166449903
98.00397970407607 2596.0922499500134
98.03386492376595 3987.5348627708586
98.06375014345583 5958.7469620219745
98.09363536314576 8071.410242633211
98.12352058283565 9619.426541912153
98.15340580252553 10048.456223948768
98.18329102221539 9376.28060543963
98.2131762419053 8200.612404263122
98.2430614615952 7215.167059491702
98.27294668128509 6669.776632790528
98.30283190097497 6266.24238750794
98.33271712066484 5509.705505792429
98.36260234035474 4157.985421621791
98.39248756004464 2431.849091357789
98.42237277973453 884.6075502150604
98.45225799942442 65.89970138973764
98.4821432191143 203.4809384835345
98.5120284388042 1059.1345738681196
98.54191365849408 2044.970875996212
98.57179887818398 2566.534220090486
98.60168409787384 2360.522775893742
98.63156931756374 1609.0679132226346
98.66145453725363 779.8812242968745
98.69133975694352 278.71402451912326
98.72122497663341 195.97637524673488
98.75111019632328 376.09450027945354
98.78099541601318 654.1635321909044
98.81088063570307 962.6525064857952
98.84076585539296 1240.8466933048019
98.87065107508286 1342.2000423050395
98.90053629477275 1137.4455766948
98.93042151446264 727.8400822259576
98.96030673415251 476.0461462229256
98.9901919538424 720.1038296271303
99.0200771735323 1417.0562823939235
99.04996239322217 2113.52051847665
99.07984761291208 2314.5538528991606
99.10973283260195 1889.3204419983847
99.13961805229184 1135.2214339140123
99.16950327198174 503.43753176155593
99.19938849167164 277.93604252656894
99.22927371136154 474.23705020863366
99.25915893105139 985.8759160092462
99.28904415074129 1725.8798319683704
99.3189293704312 2580.4486361089484
99.34881459012111 3316.8995877051075
99.37869980981095 3620.357533994888
99.40858502950083 3259.6876140869454
99.43847024919073 2285.1793661780694
99.46835546888065 1091.8508028097742
99.49824068857053 224.18932201832288
99.5281259082604 39.06862245132877
99.55801112795027 500.94452725182305
99.5878963476402 1237.036009537016
99.61778156733008 1784.7456350745072
99.64766678701997 1880.7229207203727
99.67755200670986 1607.5565639824706
99.70743722639975 1302.239732211064
99.73732244608964 1299.3754786561371
99.76720766577952 1691.4743805270286
99.79709288546941 2271.167338799052
99.8269781051593 2670.1014524717775
99.85686332484919 2581.692969665568
99.88674854453907 1943.1510925843947
99.91663376422896 1005.6156290491716
99.94651898391886 263.9471170021724
99.97640420360877 218.82587276375503
100.00628942329864 1040.2710406508768
100.03617464298851 2375.1571270189056
100.0660598626784 3512.779860268435
100.0959450823683 3838.5934530472814
100.1258303020582 3244.200557992532
100.15571552174808 2163.7032505578327
100.18560074143797 1194.4138536303249
100.21548596112784 649.1211702020092
100.24537118081774 458.46327395155595
100.27525640050762 433.20899806852657
100.30514162019752 517.372115598147
100.3350268398874 752.8570092040203
100.3649120595773 1073.20918322253
100.3947972792672 1265.8750441248828
100.42468249895708 1191.3060340092884
100.45456771864696 978.0078733238099
100.48445293833684 924.3603232735248
100.51433815802675 1174.9485029733235
100.54422337771663 1527.0224415835844
100.57410859740652 1627.130727407333
100.6039938170964 1362.9951448777556
100.63387903678628 997.4050041607843
100.66376425647618 895.9296521363128
100.69364947616609 1157.7097046912131
100.72353469585596 1529.3621765446683
100.75341991554586 1650.9284836652787
100.78330513523576 1355.4170719949416
100.81319035492564 768.6688993637085
100.84307557461553 205.44620622285055
100.8729607943054 7.03679685540888
100.9028460139953 418.50258068041535
100.93273123368517 1470.4181111147207
100.96261645337508 2861.611253633592
100.99250167306496 4013.3705103880047
101.02238689275484 4397.99603548348
101.05227211244475 3925.1624112169616
101.08215733213464 3020.538334473815
101.11204255182452 2274.236406100494
101.1419277715144 1951.257506865138
101.1718129912043 1818.9050614198209
101.2016982108942 1465.1659214135652
101.23158343058408 793.4221868031584
101.26146865027395 167.28492900887096
101.29135386996384 33.93582498516219
101.32123908965374 445.12362628225605
101.35112430934365 1010.4749219010328
101.38100952903352 1312.6122712305228
101.4108947487234 1340.375548387474
101.4407799684133 1501.7199524477307
101.4706651881032 2175.8263812261257
101.50055040779309 3242.9412892752307
101.53043562748296 4082.1058427811536
101.56032084717286 4053.8131495220687
101.59020606686273 3043.232421933614
101.62009128655264 1610.5480540449576
101.64997650624252 614.7467152019043
101.6798617259324 609.0567897738825
101.70974694562229 1489.4852355731032
101.73963216531217 2623.8662155554416
101.76951738500208 3295.0662449076976
101.79940260469196 3135.264823909217
101.82928782438186 2294.620571114872
101.85917304407177 1268.710199499276
101.88905826376164 559.1672864995315
101.91894348345151 429.874787004451
101.9488287031414 861.5524142186088
101.9787139228313 1645.9274428702352
102.0085991425212 2511.4587670373444
102.03848436221108 3193.738243884203
102.06836958190097 3461.071897684428
102.09825480159084 3177.7657203718127
102.12814002128074 2404.9924860153706
102.15802524097064 1428.799739296208
102.18791046066052 651.6243069925766
102.21779568035042 409.98058002346215
102.2476809000403 820.0312336374631
102.2775661197302 1720.359882639214
102.30745133942008 2741.236159346193
102.33733655910996 3475.030529540689
102.36722177879984 3658.005766422325
102.39710699848975 3255.3286521120485
102.42699221817963 2442.769053343611
102.45687743786952 1557.4627168276936
102.4867626575594 999.0825083753699
102.51664787724928 1033.4439182329043
102.5465330969392 1595.4323973297182
102.57641831662907 2273.1669912869006
102.60630353631896 2556.209389643975
102.63618875600886 2198.1968860058087
102.66607397569877 1390.0799091125791
102.69595919538864 597.648066977857
102.72584441507853 200.1697191622286
102.7557296347684 214.9930139294776
102.7856148544583 348.13273183277875
102.81550007414818 323.2196341806497
102.84538529383808 144.6372990984569
102.87527051352797 46.15279177649487
102.90515573321784 222.54178150708233
102.93504095290776 610.9092653505134
102.96492617259764 931.2886810691955
102.99481139228752 962.8868286863933
103.0246966119774 763.0350215736073
103.0545818316673 601.9797477437705
103.0844670513572 702.1642343459839
103.11435227104708 1021.6096760043512
103.14423749073696 1274.5049985068663
103.17412271042684 1208.9474320955467
103.20400793011675 895.2499486221705
103.23389314980663 708.1482826076384
103.26377836949652 993.1171425680809
103.29366358918642 1733.9450564260833
103.32354880887632 2506.6044307819448
103.3534340285662 2760.6617072110353
103.38331924825609 2257.349271278528
103.41320446794596 1334.1320317914162
103.44308968763586 690.1984775367845
103.47297490732574 820.8696966108567
103.50286012701564 1643.9556274959227
103.53274534670552 2598.1162997039173
103.5626305663954 3040.6883695330566
103.5925157860853 2679.989032855756
103.62240100577517 1760.2527525688952
103.65228622546508 835.190339059405
103.68217144515496 343.69677168096246
103.71205666484487 348.21110438168114
103.74194188453475 574.6308701259402
103.77182710422464 668.3259907732478
103.80171232391451 492.89351732957414
103.8315975436044 255.7423739447884
103.8614827632943 314.36223222958904
103.8913679829842 790.813916791317
103.92125320267408 1366.1869519124064
103.95113842236395 1528.0632717061867
103.98102364205384 1106.709474360645
104.01090886174374 592.5713186015084
104.04079408143365 834.6161220986155
104.07067930112352 2239.7680649029844
104.10056452081342 4204.888083585868
104.1304497405033 5463.751165334559
104.1603349601932 5116.2195159819275
104.19022017988308 3388.2746512600447
104.22010539957296 1440.0175786147395
104.24999061926286 392.08429037806457
104.27987583895273 438.3431746892126
104.30976105864264 871.9744650470756
104.33964627833252 958.7388486794205
104.3695314980224 715.4473231994272
104.39941671771228 851.8195801304838
104.4293019374022 2020.281435727924
104.45918715709207 4094.7333809663137
104.48907237678196 6133.945232491152
104.51895759647186 7060.424368310048
104.54884281616177 6441.284496006154
104.57872803585164 4695.880415408862
104.60861325554151 2690.656132355029
104.6384984752314 1212.8749827832855
104.6683836949213 617.522567954435
104.6982689146112 751.8996863282852
104.72815413430108 1213.4987508967035
104.75803935399097 1699.7686725977053
104.78792457368085 2201.315937566545
104.81780979337076 2928.5562054722054
104.84769501306064 3968.816695618222
104.87758023275052 5012.383238696177
104.9074654524404 5468.876399788904
104.9373506721303 4908.765093258325
104.9672358918202 3474.150740489381
104.99712111151008 1829.6647772388403
105.02700633119996 653.2116812110529
105.05689155088984 167.3790561072436
105.08677677057975 119.66522621536213
105.11666199026963 145.04764968772196
105.14654720995952 94.32847883061176
105.17643242964942 28.8870652162254
105.20631764933933 7.6362093291464
105.2362028690292 0.6759320779799125
105.26608808871909 32.09799081431638
105.29597330840896 303.06430402023693
105.32585852809886 1031.429592923
105.35574374778876 2095.775200801259
105.38562896747864 2926.618236402405
105.41551418716853 2912.250016448484
105.4453994068584 1992.042029966904
105.4752846265483 880.6101323659863
105.50516984623818 660.6855316099877
105.53505506592808 1973.6993899142756
105.56494028561796 4430.706954232201
105.59482550530787 6812.2332256412565
105.62471072499775 7938.68606679929
105.65459594468764 7394.366228674078
105.68448116437752 5591.192694180195
105.7143663840674 3392.3585124198444
105.7442516037573 1605.3791795062855
105.7741368234472 577.3763973228863
105.80402204313708 167.94888614185888
105.83390726282695 52.40934187099256
105.86379248251684 10.53227373612299
105.89367770220674 5.792421372225379
105.92356292189665 96.3907605306384
105.95344814158652 310.7598731705117
105.98333336127642 595.7913379378152
106.0132185809663 857.9411989796932
106.0431038006562 1027.1235875361297
106.07298902034609 1075.4578938574307
106.10287424003596 1002.474415884586
106.13275945972586 827.294025665325
106.16264467941573 595.4794836346939
106.19252989910564 374.9712263444964
106.22241511879552 223.47607328779637
106.2523003384854 158.6074121779918
106.28218555817531 176.00921150969816
106.3120707778652 303.46193172402405
106.34195599755508 624.6181412983705
106.37184121724496 1212.472899284419
106.40172643693487 2023.6446474476445
106.43161165662475 2853.9156614186727
106.46149687631464 3355.782003988834
106.49138209600451 3188.860145338168
106.5212673156944 2314.274375905962
106.5511525353843 1112.735463325855
106.5810377550742 193.9131316393688
106.61092297476408 72.92046014225464
106.64080819445395 839.2945694116339
106.67069341414386 2055.557209710208
106.70057863383376 3020.7187623329146
106.73046385352364 3208.8195054873368
106.76034907321352 2608.795825024906
106.79023429290342 1672.733755932063
106.8201195125933 910.2538921163676
106.8500047322832 559.0661251383628
106.87988995197308 581.0235103395358
106.90977517166296 893.7865590341821
106.93966039135285 1544.8425717578843
106.96954561104273 2602.36157635299
106.99943083073263 3876.095094176708
107.02931605042252 4813.571774545909
107.05920127011242 4808.29125402204
107.08908648980233 3696.409704938171
107.1189717094922 1975.039403516872
107.14885692918207 531.64917620839
107.17874214887196 33.57590572294739
107.20862736856186 477.3793183402364
107.23851258825177 1300.5733956477793
107.26839780794164 1858.24076830041
107.29828302763153 1835.6274957745472
107.3281682473214 1350.2544548585627
107.3580534670113 741.1315895936443
107.3879386867012 284.4507322547027
107.41782390639108 68.82099925000544
107.44770912608098 48.715324554249534
107.47759434577085 163.26913838091696
107.50747956546076 403.993153340586
107.53736478515064 785.1981822605635
107.56725000484052 1257.229466454188
107.5971352245304 1655.4880476679723
107.6270204442203 1770.9102217335003
107.6569056639102 1532.7724528043468
107.68679088360008 1145.8710611378863
107.71667610328996 993.0832359520164
107.74656132297984 1316.4520377305823
107.77644654266976 1950.1396627350543
107.80633176235963 2390.7940306517294
107.83621698204952 2198.2788903708038
107.86610220173942 1403.9441918244916
107.89598742142933 531.1035590381924
107.9258726411192 144.6546177852196
107.95575786080909 360.694543698824
107.98564308049896 797.9385699929005
108.01552830018886 964.7624760362578
108.04541351987874 696.5397530937511
108.07529873956864 251.54068941073527
108.10518395925853 6.684453881695648
108.1350691789484 102.42554745457788
108.16495439863832 378.43625857854965
108.1948396183282 582.8295248839067
108.22472483801808 597.7552794659007
108.25461005770796 480.87697530538344
108.28449527739787 348.66123273985966
108.31438049708775 270.12464723656007
108.34426571677764 259.4012862163017
108.37415093646752 306.22331957820296
108.4040361561574 372.4040544509481
108.4339213758473 384.04786954266183
108.4638065955372 286.2676253060235
108.49369181522708 129.2223892459587
108.52357703491698 76.46008613593224
108.55346225460688 294.3233437348892
108.58334747429676 798.4853017150432
108.61323269398665 1405.4741708059248
108.64311791367652 1871.3662851473368
108.67300313336642 2084.9291170592846
108.7028883530563 2111.5218635899937
108.7327735727462 2069.8229156891744
108.76265879243608 1997.5589306212555
108.79254401212596 1843.853270426948
108.82242923181586 1567.7646631729297
108.85231445150573 1220.5016100784223
108.88219967119564 930.9345159219885
108.91208489088552 809.5509379573526
108.94197011057543 857.0541212111118
108.97185533026531 958.4130520350584
109.0017405499552 969.3772153474829
109.03162576964507 824.5454677306702
109.06151098933496 573.1845055852889
109.09139620902486 324.6281499767767
109.12128142871477 165.93122656975368
109.15116664840464 111.41963750780177
109.18105186809451 113.6568428881914
109.2109370877844 126.81154722409934
109.2408223074743 162.19455893311223
109.2707075271642 274.41869090561124
109.30059274685408 490.0052635335791
109.33047796654398 753.083990563844
109.36036318623385 945.6439651978221
109.39024840592376 973.2502714129648
109.42013362561364 841.5573809695752
109.45001884530352 646.0121017550534
109.4799040649934 487.8913756982784
109.5097892846833 406.15917973323144
109.5396745043732 379.2969634876965
109.56955972406308 370.6837784152776
109.59944494375296 361.896085584044
109.62933016344284 348.9488446621056
109.65921538313276 324.1931695629666
109.68910060282263 279.8478762665749
109.71898582251252 231.57350948104704
109.74887104220242 224.67008033063408
109.77875626189233 300.31206000864745
109.8086414815822 448.59471073187166
109.83852670127207 598.5011989668526
109.86841192096196 659.991732067524
109.89829714065186 585.5189982972471
109.92818236034176 404.1063302943183
109.95806758003164 203.60958182554887
109.98795279972153 75.11480624491766
110.01783801941141 57.81556353308752
110.04772323910132 121.71814130514566
110.0776084587912 197.19680387182123
110.10749367848108 225.3334984917244
110.13737889817097 195.0491607414291
110.16726411786085 146.1792673608769
110.19714933755075 141.89196190426662
110.22703455724064 236.22852885109577
110.25691977693052 455.5458061666548
110.2868049966204 785.2843127126825
110.3166902163103 1150.5338932503953
110.3465754360002 1416.6006511701592
110.37646065569008 1441.2916078322287
110.40634587537998 1164.2424071011408
110.43623109506989 696.5161107606147
110.46611631475976 342.7520043096464
110.49600153444965 459.7637375887962
110.52588675413952 1181.2801410403845
110.55577197382942 2229.653281863969
110.58565719351932 3015.32423997389
110.6155424132092 2993.6119019553907
110.64542763289909 2063.315407284421
110.67531285258896 764.5612721994387
110.70519807227886 84.41947650218572
110.73508329196873 880.8718551486278
110.76496851165864 3291.598908422443
110.79485373134852 6581.796415534713
110.82473895103843 9502.961293150776
110.85462417072831 10897.945829055923
110.8845093904182 10258.782523804923
110.91439461010808 7972.94762934725
110.94427982979796 5070.685450059497
110.97416504948787 2586.464658868877
111.00405026917775 1023.7613670761672
111.03393548886764 300.8775310088347
111.06382070855751 61.24455519498026
111.0937059282474 14.455226841748004
111.1235911479373 82.01179542635326
111.1534763676272 302.1311260414567
111.18336158731708 642.8238507814615
111.21324680700698 941.0836495017469
111.24313202669686 1022.8035922290316
111.27301724638676 858.0389181127593
111.30290246607665 583.9717160932138
111.33278768576652 376.78208763705845
111.36267290545642 307.0671822551328
111.3925581251463 315.0258361587423
111.4224433448362 303.81642343882385
111.45232856452608 233.3231332813245
111.48221378421596 127.3581647187478
111.51209900390587 31.678465073493285
111.54198422359576 14.588625710510996
111.57186944328564 223.75316013821168
111.60175466297552 890.0445834294233
111.63163988266543 2166.4899132730984
111.66152510235533 3884.6992010052018
111.6914103220452 5489.67363101902
111.72129554173507 6292.280248168674
111.75118076142496 5882.982569696169
111.78106598111486 4423.18080947291
111.81095120080477 2604.333724685415
111.84083642049464 1256.4063957440208
111.87072164018451 862.7400907762714
111.90060685987442 1329.902744522528
111.93049207956432 2124.8157141950696
111.9603772992542 2634.822936658161
111.99026251894408 2516.065275552573
112.02014773863398 1832.9253380210664
112.05003295832385 948.8879573626012
112.07991817801376 280.68580122947645
112.10980339770364 65.29768537155397
112.13968861739352 262.8405107645375
112.1695738370834 634.5168190302984
112.1994590567733 915.2138901421673
112.2293442764632 957.3344971000632
112.25922949615308 779.993832511905
112.28911471584298 535.2731967069697
112.31899993553289 430.47444161988534
112.34888515522276 626.3911006839187
112.37877037491263 1130.7349213869716
112.40865559460252 1741.1867742747206
112.43854081429242 2116.646220153593
112.46842603398233 1994.9760811057483
112.4983112536722 1411.0637509220678
112.52819647336209 698.019276222813
112.55808169305196 243.33542425664896
112.58796691274186 200.49767169150087
112.61785213243176 393.5778595298011
112.64773735212164 502.0099102435569
112.67762257181153 364.1642663032311
112.70750779150141 118.34667369065092
112.73739301119132 55.26308140311566
112.7672782308812 326.814290438714
112.79716345057108 790.0907426819942
112.82704867026096 1121.8298002784948
112.85693388995087 1077.6630417785343
112.88681910964075 681.5468580244561
112.91670432933064 213.59095833836767
112.94658954902052 5.617094963802337
112.9764747687104 205.56321669782656
113.00635998840032 698.6031573399844
113.0362452080902 1214.674730835419
113.06613042778008 1509.8335078462635
113.09601564746998 1505.6740452394304
113.12590086715988 1309.6320750487644
113.15578608684976 1104.5105164683205
113.18567130653965 1012.4840588586216
113.21555652622952 1046.2001336101644
113.24544174591942 1133.0056130900268
113.2753269656093 1164.0560756645987
113.3052121852992 1060.7902374479606
113.33509740498909 823.220080044783
113.36498262467896 525.838376419376
113.39486784436887 278.08042292884994
113.42475306405876 165.8494686298845
113.45463828374864 200.11108642680608
113.48452350343852 319.76080965096526
113.51440872312843 449.5003278764353
113.54429394281831 563.1659364733886
113.5741791625082 697.4859733051009
113.60406438219808 898.341722370412
113.63394960188796 1156.1459254254955
113.66383482157786 1399.9069996792905
113.69372004126777 1543.5023107721067
113.72360526095764 1535.2185752488124
113.75349048064754 1383.9284890389515
113.78337570033744 1154.7467660262328
113.81326092002732 934.1888112683424
113.8431461397172 779.9194409414566
113.87303135940708 687.319482656916
113.90291657909698 608.9643014894488
113.93280179878685 528.9821141912105
113.96268701847676 530.0529875214854
113.99257223816664 768.78633490396
114.02245745785652 1338.7517492054997
114.05234267754642 2110.692837989638
114.0822278972363 2716.55489359546
114.1121131169262 2769.8199214205624
114.14199833661608 2172.191600460436
114.17188355630599 1219.6629185336647
114.20176877599587 395.3914405193916
114.23165399568576 26.37099403562633
114.26153921537563 90.33015041525678
114.29142443506552 309.6742103976422
114.32130965475542 411.2033340703677
114.35119487444533 316.3038645537443
114.3810800941352 136.14430083255488
114.41096531382507 30.52739202572236
114.44085053351496 80.82717761514158
114.47073575320486 262.4823236106115
114.50062097289477 488.742618369491
114.53050619258464 664.0847452581856
114.56039141227454 718.2690383701556
114.59027663196441 626.8643593419657
114.62016185165432 425.05406777018334
114.6500470713442 202.58667364566048
114.67993229103408 74.00109840266963
114.70981751072397 136.51805359367853
114.73970273041385 425.98290270834246
114.76958795010376 885.916733860828
114.79947316979364 1377.0657881062284
114.82935838948352 1738.7258632613787
114.85924360917345 1877.886440013192
114.88912882886332 1826.263689537682
114.9190140485532 1698.350160264806
114.94889926824308 1565.0240059468774
114.97878448793298 1376.891699350106
115.00866970762289 1045.7880186182713
115.03855492731276 597.3028908201339
115.06844014700263 209.7937662714572
115.09832536669252 91.33778274122189
115.12821058638242 308.2304771473568
115.15809580607232 724.8015553737031
115.1879810257622 1137.5505938610122
115.21786624545209 1488.9244086657984
115.24775146514197 1929.4465182453637
115.27763668483188 2657.9397912417385
115.30752190452176 3692.896606259192
115.33740712421164 4753.674275149961
115.36729234390152 5347.018812182048
115.39717756359143 5056.19217800332
115.42706278328131 3876.999631786769
115.4569480029712 2336.0760363655763
115.48683322266108 1223.3875852266408
115.51671844235096 1071.3436622063396
115.54660366204087 1769.8728889255715
115.57648888173075 2643.2797091999205
115.60637410142064 2963.304133793956
115.63625932111054 2488.7348647696203
115.66614454080045 1564.2733530498776
115.69602976049032 732.7025710039461
115.7259149801802 283.1022768270262
115.75580019987008 159.88898841955813
115.78568541955998 213.8994701005849
115.81557063924988 399.5783112258338
115.84545585893976 680.6835450564246
115.87534107862965 865.3611626633207
115.90522629831952 716.6214134149062
115.93511151800942 285.39211456218527
115.9649967376993 5.164184212250527
115.9948819573892 293.44783850680926
116.02476717707908 1034.3276671089632
116.05465239676899 1577.0406660532897
116.08453761645887 1374.7254328025508
116.11442283614876 609.4151763913799
116.14430805583864 54.626164639598834
116.17419327552852 243.42962369074544
116.20407849521843 871.2517573633044
116.23396371490831 1156.3268369441955
116.2638489345982 750.3352663739946
116.29373415428807 148.50366912298256
116.32361937397796 100.73077997272856
116.35350459366788 694.6707425697923
116.38338981335777 1251.9099613324315
116.41327503304764 1193.7077219495577
116.44316025273754 846.7779216898368
116.47304547242742 1190.4621099990322
116.50293069211732 2718.0808185222386
116.5328159118072 4701.925984401491
116.56270113149708 5738.480658725599
116.59258635118698 5034.689153658496
116.62247157087685 3163.769704409796
116.65235679056676 1479.2945747551992
116.68224201025664 803.9858111326048
116.71212722994652 843.1963852803228
116.74201244963643 786.9126609358356
116.77189766932632 320.23478106137054
116.8017828890162 1.5749657073390486
116.83166810870608 643.6876830842668
116.86155332839598 2441.9187868013155
116.89143854808589 4733.264277492064
116.92132376777576 6471.768279441452
116.95120898746563 6959.731059084773
116.98109420715552 6216.776331808247
117.01097942684542 4759.3723805853115
117.04086464653533 3203.9274101066076
117.0707498662252 2021.5807886649768
117.1006350859151 1404.8342022436827
117.13052030560497 1225.1702783364403
117.16040552529488 1159.2913677009697
117.19029074498476 961.3678590428298
117.22017596467464 664.4234645365103
117.25006118436454 503.1352002524592
117.27994640405441 620.0504357152648
117.30983162374432 860.110391614777
117.3397168434342 915.1749415002087
117.36960206312408 663.2672610503346
117.39948728281396 281.48221786450927
117.42937250250387 35.87278618720421
117.45925772219375 10.799162668137075
117.48914294188364 63.19655030445608
117.51902816157354 51.68158884530531
117.54891338126345 37.6332399943786
117.57879860095332 185.83777696860673
117.6086838206432 500.58779499093146
117.63856904033308 742.2384609479726
117.66845426002298 664.0101078278684
117.69833947971289 311.5371365709848
117.72822469940276 27.82352862903659
117.75810991909265 120.67940499309204
117.78799513878252 543.633180897996
117.81788035847242 965.6322121348701
117.84776557816232 1106.8464050924922
117.8776507978522 962.7909162874099
117.90753601754209 777.3546411880831
117.93742123723197 779.4477412937657
117.96730645692188 943.1324332744205
117.99719167661176 1100.1549437730905
118.02707689630164 1216.77981831721
118.05696211599152 1396.1461508358918
118.08684733568143 1630.0504543627724
118.11673255537131 1719.5698906890032
118.1466177750612 1480.7357788469
118.17650299475108 943.1558546990569
118.20638821444096 369.7433720005405
118.23627343413088 67.11433549349287
118.26615865382075 90.46941565052768
118.29604387351064 199.1943376490392
118.32592909320054 159.5834102058072
118.35581431289044 20.716316520135408
118.38569953258032 70.11530327015419
118.4155847522702 515.7733894211325
118.44546997196008 1229.8991819726584
118.47535519164998 1831.8107364455752
118.50524041133986 1996.6300359459804
118.53512563102976 1695.846301120678
118.56501085071964 1174.9697424714489
118.59489607040955 711.5232879440039
118.62478129009943 421.3458409241754
118.65466650978932 274.52715308022664
118.6845517294792 213.5682340399976
118.71443694916908 213.48587512894363
118.74432216885899 256.6062724114649
118.77420738854887 303.5621700170627
118.80409260823876 314.8027276330367
118.83397782792863 283.9677702930312
118.86386304761852 227.4068074668936
118.89374826730842 152.25764828400915
118.92363348699833 64.61576185636034
118.9535187066882 21.06080718250424
118.9834039263781 152.36807845460737
119.013289146068 585.5416240717022
119.04317436575788 1312.6827623310053
119.07305958544777 2134.4322201707737
119.10294480513764 2729.2997751443377
119.13283002482754 2825.188094922377
119.16271524451741 2364.949054045267
119.19260046420732 1538.5747865749884
119.2224856838972 697.1538862230992
119.25237090358708 198.9146983407871
119.28225612327698 216.40100259716172
119.31214134296685 620.9728993535873
119.34202656265676 1055.5982770313503
119.37191178234664 1185.2956582752347
119.40179700203655 947.4216919602682
119.43168222172643 568.2238468066271
119.46156744141632 345.8917127513366
119.4914526611062 421.50717599074704
119.52133788079608 729.0453225851794
119.55122310048598 1115.6575467183159
119.58110832017589 1453.8963767655969
119.61099353986576 1647.1591504846715
119.64087875955563 1603.3184079475632
119.67076397924552 1297.5667150662437
119.70064919893542 906.8376775178899
119.73053441862533 781.7135231316913
119.7604196383152 1141.7647178347174
119.7903048580051 1776.630449760049
119.82019007769497 2137.3133595211502
119.85007529738488 1827.9272305016557
119.87996051707476 1023.0325866442917
119.90984573676464 338.26757785620345
119.93973095645453 236.43428925484264
119.96961617614441 567.0736612613524
119.99950139583432 760.3556062976454
120.0293866155242 492.7422384262056
120.05927183521408 96.90706848408193
120.089157054904 257.5853510966794
120.11904227459388 1281.0874619354615
120.14892749428375 2699.2627938010924
120.17881271397364 3622.8863167564978
120.20869793366354 3483.729970209988
120.23858315335345 2480.970905762392
120.26846837304332 1337.5637590803415
120.2983535927332 636.2203126399872
120.32823881242308 430.27856783192914
120.35812403211298 413.31094482810647
120.38800925180288 318.5434039412977
120.41789447149276 136.25483334605528
120.44777969118265 12.229607960795413
120.47766491087253 21.70852625429528
120.50755013056244 94.39660065691656
120.53743535025232 124.1331779688198
120.5673205699422 99.58093882193943
120.59720578963208 116.3454464832894
120.62709100932199 271.37925454142413
120.65697622901187 563.3357295132366
120.68686144870176 892.8798493629303
120.71674666839164 1133.164271002548
120.74663188808152 1199.2514814706367
120.77651710777143 1081.0515350607343
120.80640232746131 831.968715055862
120.8362875471512 530.2503408724848
120.8661727668411 250.52453253211843
120.896057986531 58.892705225712355
120.92594320622088 9.623779505553394
120.95582842591077 128.06119487521056
120.98571364560064 386.9119228064344
121.01559886529054 701.2983652819864
121.04548408498042 969.0421162693262
121.07536930467032 1131.3417007360383
121.1052545243602 1194.50035821799
121.13513974405008 1204.743514961827
121.16502496373998 1213.693300446646
121.19491018342985 1258.8818035439983
121.22479540311976 1365.5304882041787
121.25468062280964 1561.7510642202662
121.28456584249955 1891.1640318837167
121.31445106218943 2417.3925054164124
121.34433628187932 3210.538791480864
121.3742215015692 4286.70048859195
121.40410672125908 5507.002264568336
121.43399194094899 6531.744691622479
121.46387716063887 6934.033994955551
121.49376238032876 6445.677018032837
121.52364760001863 5161.288474728291
121.55353281970852 3512.08293521975
121.58341803939844 1999.961779787155
121.61330325908833 916.4008447183321
121.6431884787782 283.0229301256147
121.6730736984681 17.748883688693148
121.70295891815798 111.85610266928556
121.73284413784788 617.4756580538087
121.76272935753776 1480.1721286743432
121.79261457722764 2431.752701492732
121.82249979691754 3091.253053881432
121.85238501660741 3203.8367933770905
121.88227023629732 2784.429504819697
121.9121554559872 2050.5481285832675
121.94204067567708 1272.0521705461979
121.971925895367 656.8777599883122
122.00181111505688 286.3694081692698
122.03169633474675 119.61723789007569
122.06158155443664 58.92778242799563
122.09146677412654 28.727267868120695
122.12135199381645 24.932774094825504
122.15123721350632 87.48569504283392
122.1811224331962 204.85958097384344
122.21100765288608 269.945859529051
122.24089287257598 190.19064455276097
122.27077809226589 72.29400017797205
122.30066331195576 248.8148317234021
122.33054853164566 1004.006205459828
122.36043375133553 2207.324377895934
122.39031897102544 3272.256932704212
122.42020419071532 3555.8294859739585
122.4500894104052 2878.7694697842367
122.4799746300951 1719.6608920424208
122.50985984978497 846.4590075382903
122.53974506947488 672.7496892920126
122.56963028916476 979.1467619095274
122.59951550885464 1260.3609696979036
122.62940072854452 1279.7648475114663
122.65928594823443 1243.1914891312033
122.68917116792431 1473.9917234837355
122.7190563876142 1980.8047949623733
122.7489416073041 2362.5935260481046
122.778826826994 2175.5754233007174
122.80871204668388 1409.6810822024415
122.83859726637375 556.3970003030809
122.86848248606364 207.57283370113896
122.89836770575354 586.0920546379857
122.92825292544345 1388.506074757736
122.95813814513332 2041.0996143653624
122.9880233648232 2138.7036562542366
123.01790858451308 1691.27767043502
123.04779380420298 1025.438802613154
123.07767902389288 496.56076489800586
123.10756424358276 258.19160634574047
123.13744946327265 236.64332122316472
123.16733468296253 285.6711156717142
123.19721990265244 345.74274004804926
123.22710512234232 454.6724638538936
123.2569903420322 640.6408925787965
123.28687556172208 837.0617693606549
123.31676078141199 907.8845439910366
123.34664600110187 766.3288752958719
123.37653122079176 470.707134540936
123.40641644048164 185.02705598592232
123.43630166017152 43.54730197611815
123.46618687986144 65.88688087428416
123.49607209955133 195.7019769877668
123.5259573192412 399.6334662889629
123.5558425389311 710.1514344435601
123.585727758621 1161.5663915701527
123.61561297831088 1694.3409489130775
123.64549819800077 2146.352941683543
123.67538341769064 2348.31484451148
123.70526863738054 2232.274239833533
123.73515385707042 1868.5255482323944
123.76503907676032 1415.5805344727191
123.7949242964502 1025.9153374341877
123.8248095161401 776.6814521291186
123.85469473583 669.7492526033392
123.88457995551988 682.805871364467
123.91446517520976 814.1353446318404
123.94435039489964 1082.7991929994207
123.97423561458955 1494.8420757873807
124.00412083427943 2013.9907328256452
124.03400605396932 2568.008282958088
124.0638912736592 3088.393624401287
124.09377649334908 3529.551854582756
124.12366171303898 3816.034489632125
124.15354693272889 3780.2425018732574
124.18343215241876 3229.6190274641185
124.21331737210866 2157.48751760538
124.24320259179854 910.9636391152474
124.27308781148844 99.59488405251949
124.30297303117833 234.66670293676464
124.3328582508682 1343.5850167887854
124.3627434705581 2862.982653233308
124.39262869024797 3952.94334601754
124.42251390993788 4054.2974437847247
124.45239912962776 3235.9262532938105
124.48228434931764 2060.710621606352
124.51216956900753 1154.6181205630787
124.54205478869741 816.7273553224728
124.57194000838732 896.6037343219806
124.6018252280772 996.5959260379907
124.6317104477671 829.5284287724979
124.661595667457 454.7299316604017
124.69148088714688 227.92056132376993
124.72136610683675 517.5537395559394
124.75125132652664 1408.9835786693648
124.78113654621654 2591.173483253004
124.81102176590645 3504.6330926323967
124.84090698559632 3693.712634690412
124.8707922052862 3106.545545773197
124.90067742497608 2095.3409922092687
124.93056264466598 1152.838974070737
124.96044786435588 605.8789184499453
124.99033308404576 469.88724613468554
125.02021830373566 533.102527415895
125.05010352342553 567.1694469615609
125.07998874311544 490.7813340524124
125.10987396280532 371.7716695145381
125.1397591824952 299.3971931099334
125.16964440218509 280.1233014305904
125.19952962187497 256.0481779759008
125.22941484156487 193.57315897032336
125.25930006125476 129.9665550665521
125.28918528094464 129.07093217213412
125.31907050063457 204.12825189212512
125.34895572032444 295.85214432583166
125.37884094001431 323.2015258331794
125.4087261597042 254.1613862793264
125.4386113793941 132.29200929643943
125.468496599084 34.52209669056166
125.49838181877388 2.960347768174148
125.52826703846377 20.702606395269154
125.55815225815364 49.3022062146193
125.58803747784354 81.66683623723782
125.61792269753344 155.04442473962945
125.64780791722332 306.8830312529307
125.6776931369132 515.5758498596963
125.7075783566031 692.971066702489
125.737463576293 743.0769162830579
125.76734879598288 639.0206501865133
125.79723401567276 460.9860159478427
125.82711923536264 360.28049578544926
125.85700445505255 464.1654288930866
125.88688967474243 789.7349296120647
125.91677489443232 1228.7977204357517
125.9466601141222 1608.405623260454
125.97654533381208 1781.340076122988
126.00643055350199 1690.3446665164063
126.03631577319187 1381.8020510088832
126.06620099288176 974.7367641268972
126.09608621257166 601.3748324966319
126.12597143226157 355.4191617246308
126.15585665195144 274.59258733176387
126.18574187164133 340.1117331589952
126.2156270913312 486.551704389086
126.2455123110211 636.6051172965111
126.27539753071098 737.2567596215681
126.30528275040088 766.7241572372237
126.33516797009077 719.7999206445206
126.36505318978064 598.6078546414442
126.39493840947054 434.6125776729416
126.42482362916041 326.7388195516086
126.45470884885032 439.6556240969522
126.4845940685402 931.1050627761188
126.5144792882301 1832.7490557489184
126.54436450792 2968.0427786033374
126.57424972760988 3998.449519617248
126.60413494729976 4583.611206800739
126.63402016698964 4534.5040399870495
126.66390538667955 3872.305657297791
126.69379060636945 2811.8245442936072
126.72367582605932 1697.809317971884
126.7535610457492 883.7142574222001
126.78344626543908 596.4569250900853
126.813331485129 855.6230063182893
126.84321670481889 1473.433060070288
126.87310192450876 2158.4130676526825
126.90298714419866 2671.561612600888
126.93287236388854 2917.3779213089183
126.96275758357844 2930.708129678231
126.99264280326832 2790.5047208672495
127.0225280229582 2529.7414408911554
127.0524132426481 2132.731128843644
127.08229846233797 1621.0816201272676
127.11218368202788 1116.2073506563906
127.14206890171776 783.2142044469629
127.17195412140764 696.1097723716853
127.20183934109755 764.0855348504502
127.23172456078744 803.0173961109641
127.26160978047731 690.998260192854
127.2914950001672 468.56228667639925
127.3213802198571 312.5889905578168
127.351265439547 412.8380771751391
127.38115065923688 821.003728741541
127.41103587892675 1381.0592747063479
127.44092109861664 1806.650463550096
127.47080631830654 1843.2597567133312
127.50069153799645 1423.2043397613447
127.53057675768632 740.0035954433039
127.56046197737622 166.40705274711735
127.5903471970661 27.07642438624176
127.620232416756 365.0470923369172
127.65011763644588 885.1167168034293
127.68000285613576 1155.3482544363028
127.70988807582565 937.3226246099632
127.73977329551553 396.54763970341133
127.76965851520544 16.909786043959716
127.79954373489532 246.48939496615208
127.8294289545852 1142.6857296904723
127.85931417427508 2309.7512269805393
127.88919939396499 3149.90271148633
127.91908461365487 3235.4778647747535
127.94896983334476 2579.715698536677
127.97885505303466 1610.5058241112179
128.00874027272457 849.8442633026641
128.03862549241444 574.4712780373842
128.06851071210434 704.6963338449048
128.0983959317942 939.7108288156032
128.12828115148412 1007.8960786189388
128.158166371174 841.7515716537406
128.1880515908639 561.3607253814539
128.21793681055377 329.9712930978132
128.24782203024367 232.65880121053036
128.27770724993354 260.30077662569374
128.30759246962344 365.8926795282189
128.33747768931332 511.8090488207898
128.3673629090032 672.0564810530728
128.3972481286931 817.0315187054649
128.427133348383 914.316829906098
128.45701856807287 942.0419650137486
128.48690378776277 891.0290715966116
128.51678900745267 756.8238419361167
128.54667422714255 548.9115231503048
128.57655944683245 311.6079016754682
128.60644466652232 115.78228851404772
128.63632988621222 14.607905513688124
128.66621510590207 5.375560170142154
128.696100325592 59.11350483499912
128.72598554528187 220.73656736395964
128.75587076497175 662.2013283109206
128.78575598466165 1577.1832413409984
128.81564120435155 2950.503467441493
128.84552642404142 4402.6893474477165
128.87541164373133 5328.821955446774
128.90529686342123 5267.053047593296
128.9351820831111 4218.037648947877
128.965067302801 2686.515431974383
128.99495252249088 1349.8127232325196
129.02483774218075 622.3938315370425
129.05472296187065 530.153214533351
129.08460818156055 862.6218435764137
129.11449340125043 1389.8042041066562
129.14437862094033 2026.3004518760831
129.1742638406302 2769.911798740155
129.2041490603201 3506.0808879764318
129.23403428001 3986.288050086316
129.26391949969988 3984.396081674309
129.29380471938978 3449.191917274659
129.32368993907963 2549.2832947250768
129.35357515876956 1573.1972231698962
129.38346037845943 775.3729260785207
129.41334559814933 300.3572255605285
129.4432308178392 187.83219694856083
129.4731160375291 395.1927204565544
129.50300125721898 818.4981998388315
129.53288647690889 1314.9563189959113
129.56277169659876 1721.1123755927565
129.59265691628866 1886.426597549572
129.62254213597856 1742.4550036652831
129.65242735566844 1342.7512001852315
129.6823125753583 821.9892757891641
129.7121977950482 347.74451782987705
129.7420830147381 68.16504745146682
129.771968234428 21.70830135897598
129.8018534541179 132.67271600849224
129.83173867380776 296.11947013094147
129.86162389349766 417.2662692502856
129.8915091131875 439.87760685453486
129.92139433287744 378.0345372016183
129.9512795525673 280.7584136138211
129.9811647722572 190.36736871011632
130.01104999194712 138.2016269671769
130.040935211637 135.65914400909523
130.0708204313269 163.8523814646827
130.10070565101677 183.66284927472552
130.13059087070667 164.67547763262098
130.16047609039654 109.56998462669247
130.19036131008644 55.89256173985054
130.22024652977632 57.92002710705015
130.25013174946622 153.67218467011847
130.2800169691561 339.76928018622885
130.309902188846 567.6902708133535
130.33978740853587 757.4595562062228
130.36967262822577 836.9464025082392
130.39955784791567 785.3257844665061
130.42944306760555 646.0977404684802
130.45932828729545 508.96228847257487
130.48921350698532 463.2166419416189
130.51909872667522 538.6006629496013
130.54898394636507 687.3163063047722
130.578869166055 831.783607982142
130.60875438574487 922.3380229168115
130.63863960543475 947.5725493155217
130.66852482512465 916.8987317775664
130.69841004481455 854.5231671295678
130.72829526450445 805.7749181348339
130.75818048419433 836.9291495283321
130.78806570388423 1000.6374446137236
130.8179509235741 1267.473069507849
130.847836143264 1495.774637829846
130.87772136295388 1507.5919768902675
130.90760658264375 1226.23291295392
130.93749180233365 751.6516126596897
130.96737702202356 302.7493227445684
130.99726224171343 68.20533281753346
131.02714746140333 79.1806809792538
131.0570326810932 208.97371569071967
131.0869179007831 299.3715887893868
131.116803120473 297.0367258543218
131.14668834016288 278.00683176331216
131.17657355985278 350.6322443354424
131.20645877954263 541.2715265342769
131.23634399923256 769.730228573237
131.26622921892243 926.2847855022835
131.2961144386123 964.6410785878579
131.3259996583022 914.2326115083257
131.3558848779921 818.7115046667826
131.38577009768198 693.3299150523856
131.4156553173719 541.4927538507036
131.44554053706176 391.2003913404898
131.47542575675166 302.13588119285885
131.50531097644156 318.15487522588006
131.53519619613144 402.77039899534094
131.5650814158213 446.0707270918903
131.5949666355112 371.60661082230325
131.62485185520111 242.35846133409692
131.654737074891 222.15555792308123
131.6846222945809 405.6311044796748
131.71450751427076 704.0040139574496
131.74439273396067 907.2589334750888
131.7742779536505 872.4441618937345
131.80416317334044 682.3521503827317
131.83404839303032 587.9394657397842
131.8639336127202 745.7024575191494
131.89381883241012 1035.2876498803987
131.9237040521 1168.8590918174657
131.95358927178987 985.4604273574355
131.98347449147977 645.9379344372716
132.01335971116967 524.4644416147296
132.04324493085954 872.1287433336237
132.07313015054945 1573.3936967567747
132.10301537023932 2231.672818972528
132.13290058992922 2480.232254127958
132.16278580961907 2230.205247733169
132.192671029309 1684.593576002737
132.22255624899887 1147.63432092034
132.25244146868877 803.3737525786947
132.28232668837867 652.0433930944907
132.31221190806855 613.2510613807611
132.34209712775845 637.829675820542
132.37198234744832 722.2622795278775
132.40186756713823 861.2353280909427
132.43175278682807 1019.3407170390732
132.461638006518 1155.144689649444
132.49152322620787 1271.2271935160688
132.52140844589775 1429.2604275595122
132.55129366558765 1689.2786212353587
132.58117888527755 2019.9806861638651
132.61106410496745 2284.1693793509708
132.64094932465733 2328.615440129624
132.67083454434723 2096.90463134006
132.7007197640371 1683.271874657525
132.730604983727 1301.3309119338478
132.76049020341688 1165.5535595222043
132.79037542310678 1333.4756656292227
132.82026064279663 1641.6818029835033
132.85014586248656 1822.9170652744824
132.88003108217643 1705.782509708608
132.90991630186633 1320.6893936797385
132.9398015215562 845.4638758225203
132.9696867412461 461.9911431925168
132.999571960936 251.85556230403327
133.02945718062588 195.44451870329263
133.05934240031578 233.96608492173243
133.08922762000563 328.0118988436922
133.11911283969556 470.1045646414409
133.14899805938543 653.8531224394113
133.1788832790753 838.0483751158343
133.2087684987652 935.0922681880008
133.2386537184551 850.3294441611401
133.26853893814499 565.4666845115787
133.2984241578349 202.58298872675115
133.32830937752476 5.969236578868697
133.35819459721466 214.14453753152668
133.38807981690456 881.126539484584
133.41796503659444 1795.0372619524271
133.44785025628434 2588.499523846284
133.4777354759742 2974.624328924817
133.50762069566412 2929.9744871515454
133.537505915354 2685.1131007001873
133.5673911350439 2532.708717823183
133.59727635473376 2599.157628873528
133.62716157442367 2759.7835496731
133.65704679411354 2761.655560693451
133.68693201380344 2442.648918194932
133.71681723349334 1871.6163159813575
133.7467024531832 1313.710259980316
133.77658767287312 1055.8985977458628
133.806472892563 1214.3249136750962
133.83635811225287 1648.8053656086527
133.86624333194277 2044.4283955909636
133.89612855163267 2113.6155230765207
133.92601377132254 1772.810339411596
133.95589899101245 1167.8221194611808
133.98578421070232 558.4444406073529
134.01566943039222 159.14472973945274
134.04555465008207 51.15144164382761
134.075439869772 216.19849986300463
134.10532508946187 599.2526231766416
134.13521030915177 1123.6030510788487
134.16509552884168 1669.8372039210915
134.19498074853155 2045.770405150232
134.22486596822145 2060.4159410195543
134.25475118791132 1726.9248364136265
134.28463640760123 1332.8088243605555
134.3145216272911 1217.5505091244474
134.344406846981 1487.378474482202
134.37429206667088 1912.8026384501993
134.40417728636075 2049.921295243665
134.43406250605065 1595.7876085256403
134.46394772574055 749.4383896679393
134.49383294543043 100.02813047367384
134.52371816512033 90.57035648342652
134.55360338481023 637.8283078436241
134.5834886045001 1217.4168544928823
134.61337382419 1325.1341220479783
134.64325904387988 928.8255380753749
134.67314426356978 430.5407681517436
134.70302948325963 191.144704738424
134.73291470294956 186.6553643867496
134.76279992263943 153.214627882969
134.79268514232933 32.16425623901001
134.8225703620192 183.16573616455523
134.8524555817091 1019.8184879814332
134.882340801399 2429.1063976094288
134.91222602108888 3686.574155456961
134.9421112407788 4025.648794376031
134.97199646046863 3328.3638644822704
135.00188168015856 2258.6230355994016
135.03176689984844 1645.1140017652492
135.0616521195383 1732.057647847438
135.0915373392282 2080.554792480512
135.1214225589181 2156.1735299529937
135.151307778608 1929.1846197641764
135.1811929982979 1840.8754941179716
135.2110782179878 2206.5873546039347
135.24096343767766 2777.5493947940527
135.27084865736757 2960.855043967764
135.30073387705744 2420.4903770614046
135.33061909674734 1409.1605274268131
135.3605043164372 518.6249920755538
135.39038953612712 130.1232213777253
135.420274755817 141.4070658695393
135.4501599755069 214.8947231901479
135.48004519519677 165.23615723529497
135.50993041488667 55.82369725811932
135.53981563457654 45.36182295514364
135.56970085426644 235.84335463237423
135.59958607395635 647.5981060729011
135.6294712936462 1252.5539163117012
135.65935651333612 1927.5429101003008
135.689241733026 2385.1903453355544
135.71912695271587 2302.654905281249
135.74901217240577 1648.3260740483347
135.77889739209567 843.1649998873548
135.80878261178555 472.1994817700895
135.83866783147545 771.9927852676029
135.86855305116532 1396.8881227780917
135.89843827085522 1719.408690381276
135.92832349054507 1405.2069400456182
135.958208710235 701.9542132270799
135.9880939299249 164.08558746078575
136.01797914961475 109.32748822940565
136.04786436930468 361.5787322415513
136.07774958899455 518.0798750213555
136.10763480868445 408.80074596857463
136.13752002837433 252.8876908657356
136.16740524806423 390.85456866404814
136.1972904677541 901.5034885710163
136.227175687444 1494.9457201756722
136.25706090713388 1766.412702560696
136.28694612682375 1544.0491434364578
136.31683134651365 1015.5642778284504
136.34671656620355 551.3371568346516
136.37660178589343 412.43554732353147
136.40648700558333 595.9956709455445
136.43637222527323 900.4000474994059
136.4662574449631 1103.9540497836292
136.496142664653 1102.7082051313016
136.52602788434288 932.3006444268528
136.55591310403278 701.8825653328513
136.58579832372263 511.6805695508598
136.61568354341256 407.3834965864424
136.64556876310243 380.8158999944824
136.67545398279233 393.61722930147306
136.70533920248224 399.0640501759448
136.7352244221721 357.9542431692358
136.765109641862 256.4346131820856
136.79499486155188 121.97326898975044
136.8248800812418 19.696015083067735
136.85476530093166 15.437981733183507
136.88465052062156 120.85041473693656
136.91453574031144 269.6599609708812
136.9444209600013 358.99902437488
136.9743061796912 326.49819464147595
137.0041913993811 198.5096959034149
137.034076619071 70.36240379203495
137.0639618387609 34.621327863574706
137.0938470584508 117.17842980869791
137.12373227814066 268.6825308425432
137.15361749783057 401.9410022357336
137.18350271752044 441.3800971533632
137.21338793721034 362.32290510411593
137.2432731569002 205.77082750831633
137.27315837659012 69.7356165015929
137.30304359628 80.49306654336596
137.3329288159699 333.88996999775486
137.36281403565977 823.2813293489265
137.39269925534967 1406.5791203774247
137.42258447503954 1853.4548909921093
137.45246969472944 1967.684958401012
137.48235491441935 1712.6837052855667
137.51224013410922 1240.764687093391
137.54212535379912 802.8138000985965
137.572010573489 606.2925025381984
137.60189579317887 702.8239192386687
137.63178101286877 962.4731508337139
137.66166623255867 1156.737775192856
137.69155145224855 1103.6005732978092
137.72143667193845 780.7113769809479
137.75132189162832 344.639907150975
137.78120711131822 43.02287247989478
137.81109233100807 46.47116453393393
137.840977550698 302.9308482228366
137.8708627703879 555.9848562204965
137.90074799007775 557.6437703831668
137.93063320976768 311.0805879968012
137.96051842945755 105.11983943587984
137.99040364914745 268.96642754225036
138.02028886883733 846.4232335818822
138.05017408852723 1499.329175251157
138.0800593082171 1765.4588040423155
138.109944527907 1456.326730834279
138.13982974759688 825.98280584188
138.16971496728675 345.5997049204321
138.19960018697668 288.06372390330904
138.22948540666656 523.3834959757284
138.25937062635643 706.8060906813579
138.28925584604633 620.8725277460111
138.31914106573623 333.39852390960726
138.3490262854261 79.16427104890958
138.378911505116 25.679961766347486
138.40879672480588 160.62729266009202
138.43868194449578 368.8821672016847
138.46856716418563 548.8446440800906
138.49845238387556 640.162531146641
138.52833760356543 598.349993522554
138.5582228232553 409.519076813968
138.58810804294524 151.3608115282912
138.6179932626351 5.910424459544297
138.647878482325 151.0311936985985
138.6777637020149 596.8937904306613
138.7076489217048 1137.715126566394
138.73753414139466 1490.034433098847
138.76741936108456 1489.2649021782895
138.79730458077444 1178.7581850683644
138.8271898004643 744.727662363871
138.8570750201542 372.29579310790496
138.88696023984411 145.84802326361623
138.916845459534 51.64873963727502
138.9467306792239 40.03039162683969
138.9766158989138 80.40980668042961
139.00650111860367 175.00866748290585
139.03638633829357 330.30496582624676
139.06627155798344 511.9296102809881
139.09615677767334 630.084891360902
139.1260419973632 590.0939361609358
139.15592721705312 380.7002722781684
139.185812436743 122.30896244926856
139.21569765643287 22.625531013174584
139.24558287612277 260.754774872908
139.27546809581267 886.6702401329496
139.30535331550257 1804.956316518304
139.33523853519245 2812.7855341659706
139.36512375488235 3661.4009997673616
139.39500897457222 4160.845232785261
139.42489419426212 4274.55598877961
139.454779413952 4135.418485137873
139.48466463364187 3970.9886806512927
139.51454985333177 3921.2073177345105
139.54443507302167 3890.014456199348
139.57432029271155 3661.9461787311607
139.60420551240145 3180.5548822540454
139.63409073209132 2646.9814524189364
139.66397595178123 2305.6877120950303
139.69386117147113 2140.503897781691
139.723746391161 1872.4611770467009
139.7536316108509 1353.5028322083272
139.78351683054075 921.334148169898
139.81340205023068 1202.0823201065452
139.84328726992055 2437.9922283854257
139.87317248961045 4055.6618115706046
139.90305770930033 5016.205841354554
139.93294292899023 4675.735945603912
139.9628281486801 3343.8125446403583
139.99271336837 1949.498842751491
140.02259858805988 1149.9128431931367
140.05248380774978 856.2316988168872
140.08236902743968 603.8571289232123
140.11225424712956 235.23785802287887
140.14213946681943 83.60049822733029
140.17202468650933 460.0817462650697
140.20190990619923 1126.0215920231576
140.2317951258891 1446.8740276798796
140.261680345579 1078.1179920468553
140.29156556526888 380.2091681446209
140.32145078495878 27.7236365668494
140.35133600464863 265.0577812910435
140.38122122433856 691.6479591442203
140.41110644402843 779.0269517041319
140.4409916637183 490.03425479041186
140.47087688340824 274.21428371152064
140.5007621030981 462.3156319912226
140.530647322788 833.3012516075818
140.5605325424779 943.2759150205219
140.5904177621678 851.7763979215706
140.62030298185766 1253.3252687212623
140.65018820154756 2732.8925710610683
140.68007342123744 4978.90763732839
140.70995864092734 6768.799562724184
140.7398438606172 6851.6289404992585
140.76972908030712 5054.650768604618
140.799614299997 2483.63125762734
140.8294995196869 576.4849002117709
140.8593847393768 2.9322849022059496
140.88926995906667 377.08914758800375
140.91915517875657 864.7041870115214
140.94904039844644 973.0062489763454
140.97892561813634 787.6345926749459
141.0088108378262 628.0130502807319
141.03869605751612 626.620792801392
141.068581277206 667.923237493722
141.09846649689587 650.7219475614223
141.12835171658577 661.6986294174649
141.15823693627567 840.043640416575
141.18812215596557 1149.8008566140509
141.21800737565545 1361.3107038005392
141.24789259534535 1272.4867240418487
141.27777781503522 932.3258538086349
141.30766303472512 623.3349010526348
141.337548254415 594.5848423584737
141.36743347410487 803.5951481178408
141.39731869379477 960.2244066521648
141.42720391348468 841.6723203957939
141.45708913317455 531.9750581327625
141.48697435286445 357.8570106971148
141.51685957255432 602.3832233990954
141.54674479224423 1217.7142498033015
141.57663001193413 1798.4504544829172
141.606515231624 1897.7945801736385
141.6364004513139 1408.8026747822007
141.66628567100375 667.037045559287
141.69617089069368 135.54525614416943
141.72605611038355 19.76251819502523
141.75594133007343 173.32674745210096
141.78582654976333 309.2370949009216
141.81571176945323 274.1265913567958
141.8455969891431 129.0873419999772
141.875482208833 19.398471828857932
141.90536742852288 6.298993025169644
141.93525264821278 36.78747401907312
141.96513786790268 46.97381213431412
141.99502308759256 46.41695805092855
142.02490830728243 87.14887216501438
142.05479352697233 188.53352747627912
142.08467874666223 330.0667146352851
142.1145639663521 506.9683192905189
142.144449186042 740.955416297817
142.17433440573188 992.296307293912
142.20421962542179 1111.1587219138003
142.23410484511163 968.1788273887684
142.26399006480156 634.9490161527918
142.29387528449146 374.0312131724964
142.3237605041813 391.9997825771939
142.35364572387124 601.662589485179
142.3835309435611 705.7298700289738
142.413416163251 561.7615536523393
142.4433013829409 403.27940589270696
142.4731866026308 578.4181732859596
142.50307182232066 1051.0633744638797
142.53295704201057 1308.2457678035637
142.56284226170044 923.4401496086087
142.59272748139034 233.2900525631218
142.6226127010802 225.22089403119196
142.65249792077012 1504.0770033450262
142.68238314046 3447.261055175904
142.7122683601499 4571.166246052102
142.7421535798398 3876.648023569036
142.77203879952967 1934.0862809128423
142.80192401921957 469.6867437528836
142.83180923890944 687.8460015346126
142.86169445859935 2102.3267690116186
142.8915796782892 3113.776558762206
142.92146489797912 2665.635527401973
142.951350117669 1229.3229846721504
142.98123533735887 143.4403228249357
143.01112055704877 130.28946678626647
143.04100577673867 653.775820926417
143.07089099642857 750.6179246799422
143.10077621611845 264.70995069195845
143.13066143580835 17.872352402803394
143.16054665549822 768.1046392821936
143.19043187518812 2224.3997498535246
143.220317094878 3265.8820193938413
143.2502023145679 3072.0200742022457
143.28008753425777 1893.3389394018452
143.30997275394768 698.5888068500019
143.33985797363755 179.6861376404885
143.36974319332745 235.9170597958181
143.39962841301733 381.8015885811378
143.42951363270723 407.6053391343197
143.45939885239713 520.2151256696436
143.489284072087 995.6368376550826
143.5191692917769 1892.1155964845368
143.54905451146675 3101.5705981675897
143.57893973115668 4476.34667036238
143.60882495084655 5724.169506506743
143.63871017053643 6285.656910124157
143.66859539022633 5622.550049123615
143.69848060991623 3788.574268431475
143.7283658296061 1638.2840776594799
143.758251049296 263.5653677070513
143.7881362689859 77.00145690077773
143.81802148867578 532.3990942487922
143.84790670836568 847.3522768478931
143.87779192805556 925.6176343602845
143.90767714774543 1447.1447945495704
143.93756236743533 2995.3144669032895
143.96744758712524 5162.261908495187
143.9973328068151 6648.979378612808
144.027218026505 6356.339553744112
144.05710324619488 4401.7826255634445
144.0869884658848 2004.4214482270904
144.11687368557466 422.39215264440713
144.14675890526456 64.96652168674447
144.17664412495446 447.51914183893297
144.2065293446443 800.9381395785651
144.23641456433424 723.0355197687559
144.2662997840241 357.8369825146464
144.296185003714 99.57201014173177
144.3260702234039 199.56422232833253
144.3559554430938 587.4377605475662
144.38584066278366 962.7601471980723
144.41572588247357 1068.7896652779675
144.44561110216344 947.0291465688994
144.47549632185334 930.4478718270803
144.5053815415432 1340.601750846463
144.53526676123312 2125.56123716058
144.565151980923 2833.3009824371966
144.5950372006129 3048.198186066793
144.6249224203028 2844.800406943378
144.65480763999267 2789.4619912418607
144.68469285968257 3450.7389134823848
144.71457807937244 4777.638391947113
144.74446329906235 5979.392198891532
144.7743485187522 6150.61375850948
144.80423373844212 5046.5936184927
144.834118958132 3241.009363389863
144.86400417782187 1592.7007535777886
144.89388939751177 620.7117729364254
144.92377461720167 305.80287212299254
144.95365983689155 325.5187993643114
144.98354505658145 398.107756447049
145.01343027627135 434.64843890977033
145.04331549596122 485.5348560093883
145.07320071565113 624.88410726695
145.103085935341 851.7667037391171
145.1329711550309 1054.5297704732502
145.16285637472075 1064.5124209946116
145.19274159441068 789.9636362812716
145.22262681410055 358.1402918250505
145.25251203379045 97.44868216728692
145.28239725348035 276.38168850091967
145.31228247317023 808.0258835297202
145.34216769286013 1264.9941452365508
145.37205291255 1261.3839575845984
145.4019381322399 843.6416138968102
145.43182335192975 481.8091973411234
145.46170857161968 633.1361614204125
145.49159379130955 1298.6371789184243
145.52147901099943 2017.244789486042
145.55136423068933 2297.1745778332747
145.58124945037923 2049.2859386396376
145.6111346700691 1604.0034692811168
145.641019889759 1351.712773740168
145.6709051094489 1403.09323202348
145.70079032913878 1552.1376143168552
145.73067554882869 1507.009128468941
145.76056076851856 1151.4409361506696
145.79044598820846 620.0664932619619
145.8203312078983 172.25359644749167
145.85021642758824 5.289008042994912
145.8801016472781 132.50818302791689
145.909986866968 380.8761891612256
145.93987208665789 515.811907286118
145.9697573063478 425.8680936917468
145.99964252603766 226.23245031305356
146.02952774572756 176.86445793681585
146.05941296541747 459.1112815386031
146.0892981851073 1000.218650608897
146.11918340479724 1511.2928667170097
146.14906862448711 1705.5260106189392
146.178953844177 1507.9266540045217
146.2088390638669 1091.1233941389091
146.2387242835568 727.1406569112343
146.26860950324667 600.2878607535995
146.29849472293657 728.8690074295904
146.32837994262644 1008.591965438208
146.35826516231634 1293.5185469087598
146.3881503820062 1454.4269903102968
146.41803560169612 1423.028039042648
146.44792082138602 1233.3687341199195
146.4778060410759 1025.6049853715365
146.5076912607658 978.7722533954807
146.53757648045567 1193.9444129253447
146.56746170014557 1602.323343933509
146.59734691983545 1980.525672972248
146.62723213952535 2087.3065989534416
146.65711735921522 1836.846561885752
146.68700257890512 1380.2766202643627
146.716887798595 1019.6806797530104
146.74677301828487 1007.0441783878276
146.7766582379748 1375.4822984630912
146.80654345766467 1923.1639962339011
146.83642867735455 2353.0307897351036
146.86631389704445 2457.2977533108788
146.89619911673435 2220.5117193367214
146.92608433642422 1790.4519121887313
146.95596955611413 1356.191402937866
146.985854775804 1037.3871382155153
147.0157399954939 862.889370479456
147.04562521518375 808.0571552993994
147.07551043487368 817.5346377784515
147.10539565456355 807.0488063808176
147.13528087425345 692.6859837369656
147.16516609394336 457.69687073256785
147.19505131363323 192.966098091793
147.22493653332313 45.164071515291326
147.254821753013 98.57846705661507
147.2847069727029 303.1078691188421
147.31459219239278 520.8590638926149
147.34447741208268 636.2798473546095
147.37436263177256 621.3506204069097
147.40424785146243 516.496758009816
147.43413307115233 380.85319648638466
147.46401829084223 272.12933768056814
147.4939035105321 245.10428108506997
147.523788730222 325.13929227523187
147.5536739499119 468.4667255062926
147.58355916960178 578.252092237008
147.6134443892917 599.1560667840605
147.64332960898156 595.8461722760096
147.67321482867146 695.9119505120452
147.7031000483613 920.6833527100137
147.73298526805124 1092.8957045149505
147.7628704877411 974.904335063352
147.792755707431 543.2530021616432
147.8226409271209 108.82990170393944
147.8525261468108 99.4140041421684
147.88241136650066 672.4350480901811
147.91229658619056 1534.0703243802711
147.94218180588047 2144.4583933784265
147.9720670255703 2130.140708272069
148.00195224526024 1555.4671528583774
148.03183746495012 822.5863290634265
148.06172268464 309.2251638113076
148.0916079043299 109.43410835268328
148.1214931240198 92.63522024349939
148.15137834370967 141.67258049366868
148.18126356339957 290.9168967108238
148.21114878308944 636.1150717991197
148.24103400277934 1145.1223914388179
148.27091922246925 1602.4658237002507
148.30080444215912 1754.1836221363626
148.33068966184902 1503.8008951435183
148.36057488153887 984.7821142925054
148.3904601012288 459.10346406494784
148.42034532091867 131.59768749540137
148.45023054060857 45.3766062072328
148.48011576029845 148.75447018921747
148.51000097998835 431.8612238107573
148.53988619967822 955.977946795464
148.56977141936812 1744.6327552704895
148.599656639058 2668.2404967825414
148.62954185874787 3447.274619884084
148.6594270784378 3780.073852846479
148.68931229812767 3516.8503453541175
148.71919751781755 2774.0252286704094
148.74908273750745 1884.3661164021569
148.77896795719735 1185.2033746417696
148.80885317688723 822.5224789818482
148.83873839657713 732.1568489866348
148.868623616267 764.982383524784
148.8985088359569 823.6909508804889
148.92839405564675 911.2393776051309
148.95827927533668 1070.9758070629812
148.98816449502655 1290.9698618066948
149.01804971471643 1469.2847500807077
149.04793493440636 1467.022309359321
149.07782015409623 1205.0867724488392
149.10770537378613 738.9211054158521
149.137590593476 259.3600464132056
149.1674758131659 9.361768357630528
149.19736103285578 161.2033886188638
149.22724625254568 723.5630019234819
149.25713147223556 1523.937269385645
149.28701669192543 2270.5738600692457
149.31690191161533 2671.679670167273
149.34678713130523 2568.128341699651
149.3766723509951 2009.3978290679129
149.406557570685 1223.1533337054009
149.4364427903749 502.92353863912825
149.46632801006479 78.54484083381173
149.4962132297547 25.170755458838762
149.52609844944456 255.9811621420733
149.55598366913446 607.594958383561
149.5858688888243 957.2674639672259
149.61575410851424 1276.8841246653317
149.6456393282041 1584.7110164671424
149.675524547894 1857.7497581067464
149.7054097675839 1991.0075538248727
149.7352949872738 1843.1436093851128
149.7651802069637 1365.3310675083578
149.79506542665357 710.8231024276126
149.82495064634347 178.34033757338452
149.85483586603334 9.004215869341289
149.88472108572324 208.9422062411264
149.91460630541312 541.9096704036203
149.944491525103 712.5076682930843
149.9743767447929 604.3503207794613
150.0042619644828 370.2319013752698
150.03414718417267 283.44283811267155
150.06403240386257 480.5161681900151
150.09391762355244 841.9891982287205
150.12380284324234 1109.4102277094553
150.15368806293225 1109.6139737723624
150.18357328262212 881.8764772457783
150.21345850231202 605.3172088174726
150.24334372200187 426.34461145120287
150.2732289416918 372.9038584549788
150.30311416138167 414.6293129253796
150.33299938107157 565.2391248724097
150.36288460076145 893.9644046274467
150.39276982045135 1423.6592838504412
150.42265504014122 2022.6743108126557
150.45254025983112 2420.1799072921463
150.482425479521 2365.505210929257
150.5123106992109 1816.3366886678969
150.5421959189008 1004.6558440477564
150.57208113859068 307.7706977083136
150.60196635828055 12.560951344818225
150.63185157797045 148.89599666616897
150.66173679766035 489.04914320240033
150.69162201735023 720.7109523751965
150.72150723704013 688.4006569120921
150.75139245673 487.48607682593155
150.7812776764199 336.1585714394555
150.81116289610975 375.09330037997074
150.84104811579968 555.2713257425456
150.87093333548955 687.1364236888531
150.90081855517943 617.1172205915232
150.93070377486936 372.421568219148
150.96058899455923 126.64621017431776
150.99047421424913 34.970179024273385
151.020359433939 121.33152268946387
151.0502446536289 300.46801929092453
151.08012987331878 469.7470491352284
151.11001509300868 578.5368777317508
151.13990031269856 634.0232641956079
151.16978553238843 664.7969913467156
151.19967075207833 687.3427442203543
151.22955597176824 695.237355500235
151.2594411914581 667.5482008091323
151.289326411148 594.1799848569444
151.3192116308379 508.8518676069144
151.3490968505278 493.11359504264766
151.3789820702177 619.1844234430264
151.40886728990756 870.4011840870768
151.43875250959746 1133.3060443801662
151.4686377292873 1297.6141048772663
151.49852294897724 1380.4111242607864
151.5284081686671 1529.9357881709702
151.558293388357 1855.3384132740584
151.5881786080469 2244.952447861136
151.6180638277368 2412.3413898769186
151.6479490474267 2171.71845763636
151.67783426711657 1653.6644666013658
151.70771948680647 1206.159589742609
151.73760470649634 1061.6371242712717
151.76748992618624 1107.9860405682211
151.79737514587612 1012.9729949792588
151.827260365566 601.2475764422112
151.8571455852559 114.95108228520316
151.8870308049458 69.83761980123062
151.91691602463567 797.3803685139674
151.94680124432557 2121.195070692811
151.97668646401544 3477.351976880883
152.00657168370535 4295.94944466939
152.03645690339525 4324.751082754477
152.06634212308512 3715.5570111914585
152.09622734277502 2827.9471256247734
152.12611256246487 1966.348303127313
152.1559977821548 1294.5979439511711
152.18588300184467 875.8950476962423
152.21576822153455 702.1942883562122
152.24565344122445 705.1782395536543
152.27553866091435 787.1554202150312
152.30542388060422 870.2773781875438
152.33530910029413 920.6727323847872
152.365194319984 915.8826033785036
152.3950795396739 816.2536177332512
152.4249647593638 624.5926909367333
152.45484997905368 445.5022470279648
152.48473519874355 420.5212852675668
152.51462041843345 601.6365727375239
152.54450563812335 872.2028605377732
152.57439085781323 998.7173165086743
152.60427607750313 829.7612871969804
152.634161297193 458.46974460159913
152.6640465168829 163.46235022130068
152.69393173657275 173.4390450999672
152.72381695626268 463.4990435461106
152.75370217595258 778.217348597254
152.78358739564243 865.7599224699403
152.81347261533236 690.2410864692247
152.84335783502223 424.5101049482761
152.87324305471213 266.030050461507
152.903128274402 273.61160711517414
152.9330134940919 354.44694383015275
152.96289871378178 386.8623265291874
152.99278393347169 348.9945672328637
153.02266915316156 323.86692760283773
153.05255437285146 397.5423406460986
153.08243959254133 568.0423016682836
153.11232481223124 739.7021788982775
153.1422100319211 791.5888213510938
153.172095251611 667.95568601662
153.2019804713009 423.3630584812551
153.2318656909908 176.71658252720107
153.2617509106807 27.680121672281597
153.29163613037056 4.372888174661252
153.32152135006046 53.18962925793173
153.3514065697503 91.1097536099659
153.38129178944024 81.6085548377953
153.4111770091301 58.1582595138224
153.44106222882 103.33704051681248
153.4709474485099 287.0307250266088
153.5008326681998 584.3259421590097
153.5307178878897 876.6111490139828
153.56060310757957 1036.7534733843167
153.59048832726947 994.8724159591713
153.62037354695934 770.0648299777331
153.65025876664924 485.4944801264424
153.68014398633912 325.47513770957744
153.71002920602902 439.2178647054936
153.7399144257189 861.1970784195084
153.7697996454088 1484.14599385225
153.79968486509867 2092.198892642102
153.82957008478857 2455.277073140531
153.85945530447847 2440.8894996783606
153.88934052416835 2072.6785292824025
153.91922574385825 1503.3676451663785
153.94911096354812 922.6702434845155
153.97899618323802 465.4502268616969
154.00888140292787 191.9331916837896
154.0387666226178 148.41648123650975
154.06865184230767 425.42572070945295
154.09853706199755 1107.7187417193147
154.12842228168745 2127.7851669704287
154.15830750137735 3175.4111038858828
154.18819272106722 3802.4027625714575
154.21807794075713 3698.6830692906306
154.24796316044703 2930.5234197512004
154.2778483801369 1905.2430801417977
154.3077335998268 1069.1367989530172
154.33761881951668 612.4037653634862
154.36750403920655 430.9406056040608
154.39738925889645 325.2863064421284
154.42727447858636 216.93331396574345
154.45715969827623 180.75587641781817
154.48704491796613 286.9950441741297
154.516930137656 462.2283017254034
154.5468153573459 541.1267271247283
154.57670057703575 442.04582712838953
154.60658579672568 268.1680781601995
154.63647101641558 213.82671039634303
154.66635623610543 367.9933947232868
154.69624145579536 626.5084928391701
154.72612667548523 801.3213698322829
154.7560118951751 804.4504489141609
154.785897114865 711.5933753800076
154.8157823345549 659.3771220889453
154.84566755424478 703.6568032268452
154.8755527739347 771.6410288360868
154.90543799362456 740.7724288736994
154.93532321331446 568.2196778580603
154.9652084330043 369.9552841108445
154.99509365269424 386.0396914857058
155.0249788723841 814.5569028326198
155.054864092074 1602.807959762092
155.08474931176391 2369.8397784783756
155.1146345314538 2610.13233832612
155.1445197511437 2122.1908973374943
155.17440497083356 1292.3210525472266
155.20429019052347 898.9049570776365
155.2341754102133 1535.3171164256953
155.26406062990324 3089.9905388855545
155.29394584959311 4725.075511159652
155.323831069283 5458.730789726492
155.35371628897292 4908.43933297478
155.3836015086628 3508.4036639523806
155.41348672835267 2044.8430976187008
155.44337194804257 1053.118024203911
155.47325716773247 607.5099340759962
155.50314238742234 544.6871652805381
155.53302760711225 775.780360761474
155.56291282680212 1322.2262043305511
155.59279804649202 2089.269162135248
155.62268326618187 2726.35218244826
155.6525684858718 2818.9911593474485
155.68245370556167 2254.4493418535358
155.71233892525157 1352.0367754302567
155.74222414494147 593.0002705786095
155.77210936463135 235.3044637626629
155.80199458432125 189.61493972360657
155.83187980401112 225.32975567061007
155.86176502370103 250.56467877020808
155.89165024339087 369.49363752200225
155.9215354630808 692.9738436763254
155.95142068277067 1161.133714063042
155.98130590246055 1559.5237848060208
156.01119112215045 1667.4850114589472
156.04107634184035 1411.8083816204407
156.07096156153023 909.9320420218794
156.10084678122013 384.99731439535054
156.13073200091003 75.23167434499238
156.1606172205999 185.35221275055056
156.1905024402898 812.8568373582958
156.22038765997968 1835.4830983777797
156.25027287966958 2858.410389281956
156.28015809935945 3352.83536811407
156.31004331904936 2976.6838766457813
156.33992853873923 1859.9226059866016
156.36981375842913 608.7677107322658
156.399698978119 2.1299039090638856
156.4295841978089 545.8372569447961
156.45946941749878 2109.92046622968
156.48935463718868 3954.0857073389902
156.51923985687858 5202.5808385717455
156.54912507656843 5358.144763715258
156.57901029625836 4508.884873967066
156.60889551594823 3192.9691000247662
156.6387807356381 2010.2995237306864
156.668665955328 1260.0757350660379
156.6985511750179 909.8075489631264
156.72843639470778 834.589908382497
156.7583216143977 995.8227910099102
156.78820683408756 1374.186617635551
156.81809205377746 1793.5365158889867
156.84797727346736 1922.3722681929985
156.87786249315724 1538.5145753537124
156.90774771284714 801.1778359167946
156.937632932537 228.1059721863334
156.96751815222692 339.0422502120448
156.9974033719168 1214.3785827389609
157.0272885916067 2358.195183764395
157.05717381129656 3043.995171532247
157.08705903098647 2862.564642763344
157.11694425067634 2007.8354527123472
157.14682947036624 1090.751739540067
157.17671469005612 663.2156803583304
157.206599909746 840.3025595647101
157.23648512943592 1290.4501112957519
157.2663703491258 1549.9463082436048
157.29625556881567 1377.7601273823796
157.32614078850557 884.2392903980434
157.35602600819547 383.022160486594
157.38591122788534 121.90544465385622
157.41579644757525 116.66762365223683
157.44568166726512 203.0234379102942
157.47556688695502 222.55871104764265
157.50545210664487 156.82618918921557
157.5353373263348 103.26412914897035
157.56522254602467 144.6364360538112
157.59510776571457 249.38970260266447
157.62499298540448 304.60642187924526
157.65487820509435 246.4045759886893
157.68476342478425 143.63133477317695
157.71464864447412 152.6209348400151
157.74453386416403 384.189360304122
157.77441908385387 786.8380364617506
157.8043043035438 1157.8620540232503
157.83418952323368 1291.5639787068724
157.86407474292355 1131.865936566562
157.89395996261345 794.5030915025395
157.92384518230335 458.2306257201288
157.95373040199323 237.72655853527468
157.98361562168313 135.6282538828039
158.01350084137303 86.99361534392325
158.0433860610629 42.17393587466567
158.0732712807528 6.362924478651381
158.10315650044268 4.784951543885514
158.13304172013258 31.718996053716744
158.16292693982243 52.089531067314965
158.19281215951236 48.841873342080426
158.22269737920223 47.34883244594668
158.25258259889213 79.08254103308732
158.282467818582 130.95494311605574
158.3123530382719 155.89105111796718
158.3422382579618 155.78504553072804
158.37212347765168 239.670943004327
158.40200869734159 543.3466002796066
158.43189391703143 1057.381009900921
158.46177913672136 1553.155713822822
158.49166435641123 1715.3797815797495
158.5215495761011 1397.9675007420367
158.551434795791 780.653454857786
158.5813200154809 236.7595717039169
158.6112052351708 12.94132737984152
158.6410904548607 48.89016742744872
158.67097567455056 111.50482581835922
158.70086089424046 102.7069079835347
158.73074611393037 210.98750229824967
158.76063133362024 713.0447546946494
158.79051655331014 1635.1665983687196
158.820401773 2632.0657401222384
158.85028699268992 3201.9230342773644
158.8801722123798 3066.523362022712
158.9100574320697 2373.573108416853
158.93994265175957 1524.3848084973852
158.96982787144947 839.6013601969767
158.99971309113934 413.6493819091549
159.02959831082924 227.26096915548507
159.05948353051912 294.3321425437304
159.089368750209 633.2786307824331
159.11925396989892 1117.2626575853799
159.1491391895888 1445.3388948234851
159.17902440927867 1353.136648130168
159.20890962896857 868.1743084277085
159.23879484865847 312.24714822702515
159.26868006834835 23.558691554284845
159.29856528803825 69.74716273518403
159.32845050772812 235.80123369538123
159.35833572741802 294.6431507206182
159.38822094710787 252.33459851070768
159.4181061667978 295.1865513874767
159.44799138648767 526.0476129456539
159.47787660617757 803.8935106290257
159.50776182586748 871.0344244073401
159.53764704555735 631.8648786600107
159.56753226524725 269.7242594227389
159.59741748493713 72.53651002988205
159.62730270462703 176.0949991999518
159.6571879243169 490.8269977665628
159.6870731440068 839.3201338036033
159.71695836369668 1140.8682246148364
159.74684358338655 1448.245477056882
159.77672880307645 1799.4963239043027
159.80661402276635 2094.119690761722
159.83649924245623 2153.194300785316
159.86638446214613 1868.5624815511935
159.89626968183603 1298.7104754863233
159.9261549015259 658.1762405718865
159.9560401212158 203.46479569879864
159.98592534090568 76.34371716465331
160.01581056059558 221.62876671904357
160.04569578028543 455.2530008822952
160.07558099997536 615.9291952376987
160.10546621966523 680.1698116952789
160.13535143935513 764.0574475169261
160.165236659045 985.7541691929168
160.1951218787349 1297.4951274040302
160.2250070984248 1473.9651718083107
160.25489231811468 1304.0347235029367
160.2847775378046 824.6081021364467
160.31466275749446 356.5211942665817
160.34454797718436 275.7905100540119
160.37443319687424 722.839791930554
160.4043184165641 1505.3182282687965
160.434203636254 2253.1748012699472
160.4640888559439 2661.40208724635
160.4939740756338 2633.447558620382
160.5238592953237 2264.1151245713436
160.55374451501356 1720.1427475886376
160.58362973470346 1148.3912049146184
160.61351495439337 659.8356783205526
160.64340017408324 319.66275918893365
160.67328539377314 131.8800771581622
160.703170613463 64.88500988690032
160.73305583315292 97.05382786040185
160.7629410528428 217.39893414113223
160.7928262725327 371.96994318016687
160.82271149222257 437.9256443337417
160.85259671191247 315.1227051825284
160.88248193160234 81.87821966011231
160.91236715129224 19.023670434541028
160.94225237098212 414.9486256649388
160.972137590672 1306.4400153877539
161.00202281036192 2381.0824501650272
161.0319080300518 3155.2856433171137
161.06179324974167 3304.8163545257335
161.09167846943157 2849.153076326714
161.12156368912147 2064.3169772170527
161.15144890881135 1290.1123659584955
161.18133412850125 806.1013159000595
161.21121934819112 778.5386768709869
161.24110456788102 1207.5525464920056
161.27098978757087 1882.2570784925665
161.3008750072608 2441.833108695088
161.3307602269507 2590.199139248375
161.36064544664055 2321.112461318304
161.39053066633048 1913.722609095821
161.42041588602035 1659.7628646852147
161.45030110571025 1584.0535377739532
161.48018632540013 1450.9835803693084
161.51007154509003 1052.3415380925092
161.5399567647799 470.38675294544026
161.5698419844698 46.66417001814239
161.59972720415968 96.87990179457901
161.62961242384955 646.5220392006213
161.65949764353945 1407.4403603024039
161.68938286322935 1977.4791269220968
161.71926808291923 2080.9805157014093
161.74915330260913 1694.3936371222335
161.77903852229903 1031.5493276431544
161.8089237419889 427.5449139819741
161.8388089616788 158.26775879290406
161.86869418136868 283.4706743286811
161.89857940105858 624.6535300283351
161.92846462074843 904.3479118135091
161.95834984043836 949.963488143512
161.98823506012823 791.6253452699137
162.0181202798181 573.7337037649355
162.048005499508 398.7170288178327
162.0778907191979 282.2092376361843
162.1077759388878 241.03563608139623
162.13766115857769 358.33793750303767
162.1675463782676 701.3326217936722
162.19743159795746 1175.6099692436599
162.22731681764736 1523.7600968266652
162.25720203733724 1526.7344654484484
162.2870872570271 1213.0336590349773
162.316972476717 855.0002374744566
162.34685769640691 737.822583692662
162.3767429160968 907.3617825110282
162.4066281357867 1142.2127346493853
162.43651335547656 1170.660543292593
162.46639857516647 905.4089210920343
162.49628379485637 488.0474476054637
162.52616901454624 146.3142114141297
162.55605423423614 13.955978343794598
162.585939453926 47.48264707753804
162.61582467361592 92.15667906448073
162.6457098933058 53.944832969461245
162.6755951129957 43.65331341246418
162.70548033268557 355.6102926380969
162.73536555237547 1241.7788023679532
162.76525077206534 2622.151303517887
162.79513599175525 3995.0563949495686
162.82502121144515 4685.7066993216995
162.85490643113502 4301.783304026837
162.88479165082492 3057.1048446216205
162.9146768705148 1633.9017360016687
162.94456209020467 654.6331246698674
162.97444730989457 270.6846208798952
163.00433252958447 216.4202958892957
163.03421774927435 175.4709053140804
163.06410296896425 76.00028127970958
163.09398818865412 54.56860064216848
163.12387340834402 189.8098575646445
163.15375862803387 357.8193345593908
163.1836438477238 365.44436415487127
163.2135290674137 183.18547747226165
163.24341428710355 11.058052481711137
163.27329950679348 104.52004504293822
163.30318472648335 550.7797014503938
163.33306994617325 1204.2897483057347
163.36295516586313 1812.1455616022856
163.39284038555303 2190.3627989151014
163.4227256052429 2287.05690846102
163.4526108249328 2143.18443520976
163.48249604462268 1845.0301291185608
163.51238126431258 1486.229974257141
163.54226648400245 1140.6672734274148
163.57215170369236 848.8312329890283
163.60203692338223 620.2208459104737
163.63192214307213 449.86243707742807
163.66180736276203 324.2558529148032
163.6916925824519 228.79868037453127
163.7215778021418 171.73576143838224
163.75146302183168 197.38756633056343
163.78134824152158 357.2117068601849
163.81123346121143 634.7299263506586
163.84111868090136 894.6687315157852
163.87100390059123 952.4149413439309
163.9008891202811 763.2860604310845
163.930774339971 553.5855776435034
163.9606595596609 674.0181772378596
163.9905447793508 1257.4340948069623
164.0204299990407 2008.2502770079088
164.0503152187306 2359.1420117662433
164.08020043842046 1959.0811881021152
164.11008565811036 1060.6589546215455
164.13997087780024 364.4544646920398
164.1698560974901 448.4216211489252
164.19974131718 1287.0515582535243
164.22962653686992 2274.128531280293
164.2595117565598 2749.891459612448
164.2893969762497 2525.9545994927953
164.3192821959396 1949.6669444783167
164.34916741562947 1557.626427248218
164.37905263531937 1651.7048875606329
164.40893785500924 2107.8383930168898
164.43882307469914 2530.656376457408
164.468708294389 2582.0661636936265
164.49859351407892 2194.919066998322
164.5284787337688 1546.863763755211
164.55836395345867 896.0840273020616
164.58824917314857 428.13850496018665
164.61813439283847 193.13012529852017
164.64801961252834 151.62556279281947
164.67790483221825 271.4823190824252
164.70779005190815 564.0092534338473
164.73767527159802 1004.4492743865736
164.76756049128792 1414.7680497386038
164.7974457109778 1492.0150465184004
164.82733093066767 1070.865670509554
164.85721615035757 390.21736116368874
164.88710137004747 39.81266810322652
164.91698658973735 554.7710011003745
164.94687180942725 1917.1458687592308
164.97675702911712 3438.966301763908
165.00664224880703 4255.717784581975
165.03652746849687 3933.10055003356
165.0664126881868 2710.591571153844
165.0962979078767 1359.5813344273763
165.12618312756655 624.8343447640913
165.15606834725648 640.1115255105665
165.18595356694635 1021.1649808053246
165.21583878663623 1370.552455031756
165.24572400632613 1554.967386918686
165.27560922601603 1677.7604876130415
165.3054944457059 1866.4771828671755
165.3353796653958 2071.3527406831126
165.36526488508568 2124.8818902994735
165.39515010477558 1980.1509182649995
165.42503532446543 1783.4597170694817
165.45492054415536 1674.7773561432327
165.48480576384523 1623.3475706105382
165.51469098353513 1515.7630990858077
165.54457620322503 1312.5135402195108
165.5744614229149 1071.905789385956
165.6043466426048 875.6059670955652
165.63423186229468 775.4933147480293
165.66411708198459 833.6938652575245
165.69400230167443 1189.6938505188912
165.72388752136436 1997.274831558815
165.75377274105423 3215.9352859072646
165.7836579607441 4479.115391751174
165.81354318043404 5233.380241559731
165.8434284001239 5066.214511941782
165.8733136198138 3993.5293906187335
165.9031988395037 2485.689118262361
165.9330840591936 1156.6132394072636
165.96296927888346 373.56412587341896
165.99285449857337 122.8295025276672
166.02273971826324 164.78389311592628
166.05262493795314 280.6825509547506
166.082510157643 411.2396892457567
166.11239537733292 623.2865434990734
166.1422805970228 983.9639311290252
166.1721658167127 1451.1523360907952
166.2020510364026 1841.9318011914715
166.23193625609247 1910.33994832534
166.26182147578237 1537.67444355813
166.29170669547224 899.6437310694355
166.32159191516214 410.1915761007485
166.351477134852 449.1998635159311
166.38136235454192 1056.4979982021237
166.4112475742318 1863.89220783178
166.44113279392167 2421.607057385166
166.47101801361157 2583.188589503137
166.50090323330147 2551.0596495026166
166.53078845299135 2629.3319936149114
166.56067367268125 2876.583038961004
166.59055889237115 2982.6294582301944
166.62044411206102 2608.2486134366895
166.65032933175092 1784.3438708037106
166.6802145514408 888.2178682000208
166.7100997711307 292.06606582729484
166.73998499082057 65.56939438829372
166.76987021051048 18.960216630798485
166.79975543020035 9.396161360328945
166.82964064989025 119.50984700939983
166.85952586958012 496.27622545418336
166.88941108927003 1061.5472303881663
166.9192963089599 1471.7878765382527
166.9491815286498 1414.9511869046296
166.9790667483397 930.9105867829069
167.00895196802955 413.03467678219727
167.03883718771948 270.82763025857724
167.06872240740935 582.6628443666852
167.09860762709923 1073.1558945244067
167.12849284678913 1391.2781936384868
167.15837806647903 1386.8217548839511
167.1882632861689 1143.8430232513292
167.2181485058588 813.444385493325
167.24803372554868 482.3823277702336
167.27791894523858 196.78063444676076
167.30780416492848 33.8145824011557
167.33768938461836 80.19442747617565
167.36757460430823 325.7630493783311
167.39745982399813 606.9845873065119
167.42734504368804 701.2500632592097
167.4572302633779 515.5780923636217
167.4871154830678 192.41186733143655
167.51700070275768 22.505760524864304
167.5468859224476 239.6603612241536
167.57677114213743 867.8622007509978
167.60665636182736 1730.5193370024383
167.63654158151724 2578.2414841150444
167.6664268012071 3209.7735897868706
167.69631202089704 3524.382603126548
167.7261972405869 3512.9123431192334
167.7560824602768 3217.9904252691845
167.7859676799667 2708.594425034996
167.8158528996566 2079.5165864356127
167.84573811934646 1442.9882991468564
167.87562333903637 901.6833435493016
167.90550855872624 523.714904859575
167.93539377841614 327.820970226777
167.965278998106 275.8543773807576
167.99516421779592 285.37955345901537
168.0250494374858 272.11944371415194
168.0549346571757 197.7361782576044
168.0848198768656 88.3241226070015
168.11470509655547 12.989363345495272
168.14459031624537 33.080081913835805
168.17447553593524 155.6670313836482
168.20436075562515 331.0852077438735
168.234245975315 493.7305907909272
168.26413119500492 609.3874037966829
168.2940164146948 695.5675351704086
168.32390163438467 800.3206242874961
168.35378685407457 956.3592126577724
168.38367207376447 1151.1611315141984
168.41355729345435 1335.63369290713
168.44344251314425 1455.622933409251
168.47332773283415 1479.3448927135137
168.50321295252402 1410.9228236492916
168.53309817221393 1287.989618979561
168.5629833919038 1162.6822704020387
168.5928686115937 1079.2253501319435
168.62275383128355 1063.0639024233644
168.65263905097348 1118.7294523362455
168.68252427066335 1225.2736793400727
168.71240949035325 1329.1715439406175
168.74229471004313 1350.7070350604895
168.77217992973303 1217.756373986358
168.80206514942293 914.1729600620115
168.8319503691128 511.71103882731154
168.8618355888027 157.7494115574154
168.89172080849255 1.7048788063057372
168.92160602818248 92.00701429763792
168.95149124787235 334.208919610495
168.98137646756223 553.9281547914412
169.01126168725213 608.8095528929215
169.04114690694203 473.76150499758063
169.0710321266319 246.41067940156768
169.1009173463218 67.57014899572737
169.13080256601168 26.482790424494517
169.16068778570158 119.12768316222665
169.19057300539149 265.0159464369091
169.22045822508136 361.37352398701194
169.25034344477126 345.99732678336966
169.2802286644611 233.21617792622644
169.31011388415104 105.43096408187424
169.3399991038409 67.49880157413061
169.3698843235308 189.718696758684
169.39976954322069 471.18944704415054
169.4296547629106 836.5290237559565
169.45953998260046 1160.2327440554438
169.48942520229036 1313.5635780886598
169.51931042198024 1227.0983947476236
169.5491956416701 941.9720465391838
169.57908086136004 613.2816972969276
169.6089660810499 448.6539894843487
169.6388513007398 596.5100656083639
169.6687365204297 1045.9035373539502
169.6986217401196 1626.7668220288203
169.72850695980947 2131.2184119031704
169.75839217949937 2460.05169852613
169.78827739918924 2661.989312333244
169.81816261887914 2815.9130713374293
169.848047838569 2868.1656733406644
169.87793305825892 2627.4668113024827
169.90781827794882 1969.5248731334168
169.9377034976387 1049.1220301234127
169.9675887173286 276.00340731513484
169.99747393701847 31.972645289456185
170.02735915670837 363.44221183196674
170.05724437639824 930.4470693459552
170.08712959608815 1266.8471505275484
170.11701481577802 1138.1751544753859
170.14690003546792 725.5221375380783
170.1767852551578 497.4248681799006
170.20667047484767 856.3301855143917
170.23655569453757 1852.8012650088124
170.26644091422747 3188.220902017136
170.29632613391735 4423.696234850841
170.32621135360725 5199.768598601803
170.35609657329715 5374.721645735148
170.38598179298702 5030.15918999616
170.41586701267693 4346.0035500902
170.4457522323668 3480.4375637193248
170.4756374520567 2557.494271921116
170.50552267174655 1697.6840968661777
170.53540789143648 1006.8753101074864
170.56529311112635 534.9861233009536
170.59517833081625 255.27104982471675
170.62506355050613 96.09183230798956
170.65494877019603 14.614266445326187
170.68483398988593 50.22781043165718
170.7147192095758 295.53052155564546
170.7446044292657 796.1900586001428
170.77448964895555 1468.7779261526882
170.80437486864548 2115.7148163438087
170.83426008833536 2525.9645038677327
170.86414530802523 2588.885771723185
170.89403052771513 2349.559560582869
170.92391574740503 1968.4752626591448
170.9538009670949 1615.0656843529111
170.9836861867848 1371.2525348761828
171.01357140647468 1201.5194147168475
171.04345662616458 1002.2792255641962
171.0733418458545 703.9311310749736
171.10322706554436 361.2350374526628
171.13311228523426 152.7018334169534
171.1629975049241 257.9450473673056
171.19288272461404 689.2888458320492
171.2227679443039 1225.0044831513967
171.2526531639938 1533.1546759876571
171.2825383836837 1412.344398000933
171.3124236033736 955.7858238541929
171.34230882306346 494.09298318253786
171.37219404275336 355.8575499125428
171.40207926244327 646.5256631918276
171.4319644821331 1223.2020643685762
171.46184970182304 1849.054463956808
171.49173492151291 2363.3513172914018
171.5216201412028 2730.79070121232
171.5515053608927 2976.168693715376
171.5813905805826 3119.981406098369
171.61127580027247 3181.754228149793
171.64116101996237 3199.361559635396
171.67104623965224 3201.520298114828
171.70093145934214 3150.911789977505
171.730816679032 2934.591593061564
171.76070189872192 2454.8358313626413
171.79058711841182 1759.1495390385694
171.82047233810167 1058.6485951582463
171.8503575577916 579.5792179433328
171.88024277748147 389.2795947061864
171.91012799717137 373.31343607924975
171.94001321686125 380.0301747401489
171.96989843655115 386.900882356553
171.99978365624102 519.8965543877201
172.02966887593092 891.3205070098536
172.0595540956208 1411.5807665196323
172.08943931531067 1786.02377556858
172.11932453500057 1729.615956766746
172.14920975469047 1202.8502510838982
172.17909497438035 481.33081780368553
172.20898019407025 34.736277795938506
172.23886541376015 274.54937668068675
172.26875063345003 1301.359588558593
172.29863585313993 2840.368208169405
172.3285210728298 4399.352230224713
172.3584062925197 5491.3307568036735
172.38829151220955 5805.255423160247
172.41817673189948 5296.51160301754
172.44806195158935 4175.008253100705
172.47794717127923 2798.581633798304
172.50783239096913 1533.3586142823292
172.53771761065903 640.1650919888573
172.56760283034893 208.6089371621384
172.5974880500388 157.19403490279012
172.6273732697287 300.940421820711
172.65725848941858 449.6681519712768
172.68714370910848 493.41179424124977
172.71702892879836 439.83717185071424
172.74691414848823 386.41146445091334
172.77679936817813 447.288558330312
172.80668458786803 682.097084307321
172.8365698075579 1063.9415359933428
172.8664550272478 1493.7977024473182
172.8963402469377 1843.98879146304
172.92622546662759 2004.4502978784851
172.9561106863175 1916.908485103184
172.98599590600736 1596.4393773952568
173.01588112569726 1130.6444049207205
173.0457663453871 646.3496354448016
173.07565156507704 261.87154910117914
173.1055367847669 48.06644329736486
173.1354220044568 9.616965217939743
173.1653072241467 103.40850789223836
173.1951924438366 293.3631903646211
173.22507766352646 594.2580456956534
173.25496288321636 1050.4189184355444
173.28484810290627 1649.1654805362627
173.31473332259614 2242.3678617578407
173.34461854228604 2573.460586373454
173.37450376197592 2429.856337937007
173.4043889816658 1823.1049579662408
173.4342742013557 1040.9490512381976
173.4641594210456 480.7693782364985
173.49404464073547 370.1174503162692
173.52392986042537 610.0813479908905
173.55381508011524 870.2045183813636
173.58370029980514 857.7548371292233
173.613585519495 544.7356473939948
173.64347073918492 163.95853408017396
173.67335595887482 0.24892144184007708
173.70324117856467 170.25743696512092
173.7331263982546 554.3524692232376
173.76301161794447 918.6279334461329
173.79289683763437 1111.9292927489407
173.82278205732425 1155.19561077536
173.85266727701415 1166.5738921232576
173.88255249670402 1222.9578546277962
173.91243771639392 1283.4752038637776
173.9423229360838 1235.6346223187556
173.97220815577367 1020.4413655862028
174.00209337546357 706.5417994172575
174.03197859515348 430.95789220235537
174.06186381484335 275.56033621515894
174.09174903453325 212.01813166506727
174.12163425422315 167.3862813659131
174.15151947391303 140.82533722134207
174.18140469360293 241.7261244907505
174.2112899132928 584.3163216271671
174.2411751329827 1121.533695801063
174.27106035267255 1594.6868885698896
174.30094557236248 1695.7636031875284
174.33083079205235 1322.0091218037892
174.36071601174223 687.9484124670137
174.39060123143216 177.57456127252146
174.42048645112203 44.73456695121805
174.45037167081193 223.10060505441032
174.4802568905018 418.6728114911601
174.5101421101917 393.2254099944936
174.54002732988158 175.65918818893223
174.56991254957148 10.598532231178009
174.59979776926136 111.2795291123878
174.62968298895123 466.8067557844816
174.65956820864113 866.7569322693901
174.68945342833103 1085.5705204312976
174.7193386480209 1043.1410022008895
174.7492238677108 818.1445292705924
174.7791090874007 549.0218152607638
174.8089943070906 333.1553688463203
174.8388795267805 192.9680870004397
174.86876474647036 103.34563635427195
174.89864996616026 37.832159870461865
174.9285351858501 2.6847298682962895
174.95842040554004 42.24288768777503
174.9883056252299 201.45717904046296
175.0181908449198 458.8533610862863
175.0480760646097 695.5772872230957
175.0779612842996 761.6308106993654
175.10784650398946 605.8611944479215
175.13773172367937 347.88505492473524
175.16761694336927 195.15378460579996
175.19750216305914 256.7740357889123
175.22738738274904 432.69393484632246
175.25727260243892 505.8848263118368
175.2871578221288 365.6796089579148
175.3170430418187 132.27879931652677
175.3469282615086 41.90390823531412
175.37681348119847 210.36251161419608
175.40669870088837 515.03218226988
175.43658392057824 712.5622988673657
175.46646914026815 661.3011226143972
175.496354359958 418.50991225827687
175.52623957964792 162.03880632992988
175.55612479933782 74.44542376144774
175.58601001902767 312.0429760705805
175.6158952387176 1025.559584716982
175.64578045840747 2300.143294344088
175.67566567809735 3985.912213894192
175.70555089778725 5584.360265116376
175.73543611747715 6420.516573254751
175.76532133716702 6074.7225529600255
175.79520655685693 4694.668915693718
175.8250917765468 2904.7465669693825
175.8549769962367 1411.9769390183787
175.8848622159266 601.0297629821385
175.91474743561648 407.30843204587353
175.94463265530635 529.6734215384695
175.97451787499625 727.8492260486119
176.00440309468615 939.8843495485354
176.03428831437603 1200.2851598408429
176.06417353406593 1520.4350571393131
176.0940587537558 1859.56106280246
176.1239439734457 2154.339862543228
176.15382919313555 2325.690756242734
176.18371441282548 2277.3711574898284
176.21359963251535 1952.9633060864464
176.24348485220523 1440.9132602280729
176.27337007189516 1013.041329262336
176.30325529158503 1000.5091842746384
176.33314051127493 1562.4998759934235
176.3630257309648 2508.926565284497
176.3929109506547 3352.0424748371347
176.42279617034458 3632.1002106020055
176.45268139003448 3218.7192841022666
176.48256660972436 2315.945891297082
176.51245182941426 1313.7713955058316
176.54233704910413 588.2274791068897
176.57222226879404 280.35970561969657
176.6021074884839 276.32186986337484
176.6319927081738 367.0934193993227
176.6618779278637 396.2874928913197
176.6917631475536 344.0428290772948
176.7216483672435 291.38494199395865
176.75153358693336 326.98014758899177
176.78141880662326 478.30659876564346
176.8113040263131 677.8470060775966
176.84118924600304 835.186365291277
176.8710744656929 904.8652236093792
176.9009596853828 870.0968489296481
176.9308449050727 762.5855184551301
176.9607301247626 654.7807747681796
176.99061534445246 598.6912218006972
177.02050056414237 631.5564771709628
177.05038578383227 794.5991908379251
177.08027100352214 1091.567079805974
177.11015622321204 1448.4338338970408
177.14004144290192 1751.4980389307734
177.1699266625918 1902.2056661952129
177.1998118822817 1819.9942246405233
177.2296971019716 1501.5525400994632
177.25958232166147 1061.6707784847922
177.28946754135137 625.7425563836504
177.31935276104124 268.5980783640434
177.34923798073115 50.4579031068785
177.37912320042105 13.81846338510178
177.40900842011092 165.4515926818082
177.43889363980082 477.3518174435296
177.46877885949067 904.9066314761136
177.4986640791806 1396.077660481269
177.52854929887047 1872.477316544485
177.55843451856035 2247.4456362545407
177.58831973825025 2448.1547580798087
177.61820495794015 2408.534414535165
177.64809017763002 2120.3247278863278
177.67797539731993 1680.4318111491575
177.7078606170098 1230.57258095151
177.7377458366997 870.2861902401328
177.7676310563896 630.4193810983127
177.79751627607948 492.2263944325966
177.82740149576935 414.65424752966067
177.85728671545925 352.7951022610375
177.88717193514915 274.9662623433956
177.91705715483903 187.8244179309108
177.94694237452893 145.33519146253795
177.9768275942188 204.8749619613897
178.0067128139087 352.41426756569444
178.03659803359855 481.6858893754117
178.06648325328848 476.2682443918189
178.09636847297836 328.654332423672
178.12625369266823 173.98137536569473
178.15613891235816 181.07534330225184
178.18602413204803 385.3513166883874
178.2159093517379 647.3319954974273
178.2457945714278 800.1886809430307
178.2756797911177 827.9233412562227
178.30556501080758 886.6727635391901
178.3354502304975 1129.0699894798283
178.36533545018736 1497.462281380817
178.39522066987726 1737.8548484503915
178.4251058895671 1658.568554690338
178.45499110925704 1366.2629954031158
178.4848763289469 1223.6178899800148
178.5147615486368 1561.6543895528844
178.54464676832671 2415.2092400141487
178.5745319880166 3486.95151296569
178.6044172077065 4338.851909257214
178.63430242739636 4646.870334390152
178.66418764708627 4323.017465125486
178.6940728667761 3493.824430980512
178.72395808646604 2448.684575902705
178.75384330615591 1571.5541909722192
178.7837285258458 1211.2587444122503
178.8136137455357 1489.5101928282074
178.8434989652256 2145.576055048981
178.8733841849155 2617.812804909184
178.90326940460537 2430.634542062972
178.93315462429527 1593.0976006634164
178.96303984398514 603.0981144135584
178.99292506367505 40.44684493230277
179.02281028336492 118.51807921538347
179.05269550305482 548.301610573091
179.08258072274467 825.7717920652514
179.1124659424346 694.0274116856503
179.14235116212447 320.7239003073588
179.17223638181437 55.53258032747816
179.20212160150425 75.40067284578144
179.23200682119415 254.4467433749968
179.26189204088405 338.7906501521512
179.29177726057392 226.61127603398728
179.32166248026383 71.23381644151699
179.35154769995367 122.5000138623232
179.3814329196436 482.9110837878816
179.41131813933347 1009.0411930062528
179.44120335902335 1418.7946459073116
179.47108857871325 1499.606181013901
179.50097379840315 1262.9233893289083
179.53085901809303 931.2906694053779
179.56074423778293 779.8868944776395
179.5906294574728 952.2901407938303
179.6205146771627 1352.7683137965614
179.6503998968526 1683.5316966696591
179.68028511654248 1643.1657248220383
179.71017033623238 1169.1075766852491
179.74005555592225 513.5771577657055
179.76994077561216 71.91420715922217
179.79982599530203 98.73509481514243
179.82971121499193 526.8701113181271
179.8595964346818 1033.7989027288509
179.8894816543717 1292.6781599146823
179.91936687406158 1183.2505784542957
179.94925209375148 825.3702226082446
179.97913731344136 457.19899538324256
180.00902253313123 266.7486376923822
180.03890775282116 314.719700031437
180.06879297251103 568.9695261124385
180.0986781922009 943.8514261171523
180.1285634118908 1296.8118900302222
180.1584486315807 1455.0771163265924
180.18833385127056 1316.3327643981736
180.2182190709605 944.286656139079
180.2481042906504 571.5225298023481
180.27798951034023 492.73863524487217
180.3078747300301 898.0889760829676
180.33775994972004 1750.498854522896
180.36764516940997 2775.9952387128487
180.3975303890998 3585.4153342145005
180.4274156087897 3880.2726836336046
180.4573008284796 3592.2905491051106
180.4871860481695 2879.842135205744
180.51707126785936 2026.378046518008
180.54695648754927 1280.7225729993247
180.57684170723917 745.5292653267046
180.60672692692904 421.3020777498292
180.6366121466189 321.8178716506955
180.6664973663088 499.69566924894366
180.6963825859987 962.8724507774557
180.72626780568856 1581.110251979898
180.75615302537847 2070.079312391816
180.7860382450684 2122.7318822473367
180.81592346475827 1654.413857416128
180.84580868444812 929.3767629817615
180.87569390413805 413.3174039350284
180.90557912382792 474.25012676479446
180.93546434351785 1152.6651693371327
180.96534956320767 2166.6756930576785
180.9952347828976 3149.506838298272
181.02512000258747 3888.642703553796
181.05500522227737 4363.973533306771
181.08489044196725 4628.530825743005
181.11477566165715 4681.227851600425
181.14466088134705 4422.173721530362
181.17454610103687 3723.1854286532352
181.2044313207268 2587.1087884835897
181.23431654041667 1276.9411865535349
181.2642017601066 280.37181652083126
181.29408697979648 109.76837683351987
181.3239721994864 1054.398195175964
181.35385741917625 2997.7286761281057
181.38374263886612 5413.347479963286
181.413627858556 7575.847764334831
181.44351307824593 8848.428257284006
181.4733982979358 8915.288585438942
181.50328351762568 7890.582375400704
181.5331687373156 6214.07055451862
181.56305395700548 4407.158194531622
181.59293917669535 2912.6540498417166
181.62282439638523 2071.253359239135
181.65270961607516 2101.394457344147
181.68259483576503 2992.149832419868
181.71248005545493 4381.12952638852
181.7423652751448 5603.125510624578
181.7722504948347 6017.508517331719
181.80213571452455 5439.811818724284
181.83202093421448 4301.746660978304
181.8619061539044 3353.157908457256
181.89179137359423 3114.2852497147614
181.92167659328416 3512.391613095599
181.95156181297403 4020.0851713717225
181.98144703266397 4171.610308279676
182.0113322523538 3957.318293261924
182.04121747204368 3705.964878031148
182.0711026917336 3614.930734722817
182.1009879114235 3513.732270824311
182.13087313111336 3138.0408230509406
182.1607583508033 2549.814757631223
182.19064357049317 2208.509934646017
182.22052879018304 2570.41816154684
182.2504140098729 3568.5123070494874
182.2802992295628 4528.603752791771
182.31018444925272 4690.56172619213
182.34006966894256 3849.8091701583185
182.3699548886325 2476.344611706434
182.3998401083224 1244.9891007520584
182.42972532801224 515.1556621490272
182.4596105477021 218.05948483445536
182.48949576739204 112.37847040101138
182.51938098708192 57.86637025496517
182.5492662067718 47.52688669174164
182.5791514264617 81.9985763665086
182.6090366461516 135.51951256884288
182.63892186584147 256.4518614935067
182.66880708553137 600.6301288167705
182.69869230522127 1267.4059938420708
182.72857752491117 2093.35819736493
182.75846274460105 2670.533981324837
182.7883479642909 2647.2857510359104
182.8182331839808 2053.55738773677
182.84811840367067 1304.976031440902
182.87800362336057 850.6148062515726
182.90788884305047 824.9529049377496
182.9377740627404 1028.9146931383204
182.96765928243025 1174.8498051093754
182.99754450212012 1113.8825931953984
183.02742972181005 873.6054080248584
183.05731494149992 558.1561669203111
183.08720016118983 276.3040992456484
183.11708538087967 142.54504413758275
183.1469706005696 245.4396879229038
183.17685582025948 552.2438361892779
183.20674103994935 867.969508548407
183.23662625963925 956.0500048875177
183.26651147932915 755.7142911967038
183.29639669901903 475.7379392472427
183.32628191870887 426.88563272242067
183.35616713839883 738.3955768153232
183.38605235808873 1245.0518099632286
183.4159375777786 1642.270895304592
183.44582279746848 1741.3190198825605
183.4757080171584 1586.8632464222987
183.50559323684823 1340.0548811745064
183.53547845653813 1087.0397518969532
183.56536367622803 802.3408724344581
183.59524889591796 464.52514608042713
183.6251341156078 156.19235833444853
183.65501933529768 35.675742426408085
183.6849045549876 199.3630554358745
183.71478977467748 570.3759187836707
183.74467499436736 931.7801938839664
183.7745602140573 1089.1279327045056
183.8044454337472 1036.284234368738
183.83433065343704 972.0159526270857
183.8642158731269 1126.4657306852596
183.8941010928168 1535.0019593956347
183.9239863125067 1956.6173910589887
183.95387153219656 2033.0199807121053
183.9837567518865 1593.4758900036832
184.0136419715764 840.9264447547506
184.04352719126624 217.97680941362765
184.0734124109561 62.23851838888358
184.10329763064604 348.0873075097642
184.13318285033597 720.7002918084803
184.1630680700258 809.4193980232781
184.1929532897157 546.0701268857395
184.2228385094056 178.92644574269283
184.2527237290955 7.280617199113074
184.28260894878537 131.63658968846522
184.31249416847527 420.43642588188834
184.34237938816517 655.1520281239848
184.37226460785504 692.2648824770262
184.4021498275449 527.7848080248355
184.4320350472348 266.77038414617704
184.46192026692472 60.92959131619162
184.49180548661457 43.30849628321685
184.52169070630447 254.4663118417376
184.5515759259944 593.4223091215309
184.58146114568427 858.8093167041942
184.61134636537412 890.3990475942189
184.64123158506405 700.6599511912866
184.67111680475392 454.904149771757
184.70100202444385 319.1671150435364
184.73088724413367 337.5653684168884
184.7607724638236 445.4406202375648
184.79065768351347 574.5320713833624
184.82054290320335 714.6410181322004
184.85042812289328 864.1096891224408
184.88031334258315 958.9381155305946
184.91019856227305 896.9052262897104
184.94008378196287 644.0974373781276
184.9699690016528 303.79534952572493
184.99985422134273 57.78343908929474
185.0297394410326 33.82229311481633
185.05962466072248 244.7052274898739
185.0895098804124 645.4282128122239
185.11939510010225 1203.2549541135616
185.14928031979213 1875.1179203665367
185.179165539482 2519.470373383684
185.20905075917196 2889.653843720089
185.23893597886183 2786.451377083188
185.26882119855168 2231.69975047587
185.2987064182416 1482.064010968799
185.32859163793148 865.3894171995641
185.35847685762135 565.8496795674553
185.38836207731123 536.8982587280436
185.41824729700116 608.2085063736325
185.44813251669103 642.3344993698104
185.4780177363809 589.0551778684356
185.5079029560708 456.742555699968
185.5377881757607 288.77210566101013
185.56767339545056 164.0499655766581
185.59755861514049 176.62807763719354
185.6274438348304 369.0572707252255
185.65732905452023 665.3866289423462
185.68721427421016 888.883405384713
185.71709949390004 886.2503759374287
185.74698471358997 652.1365400281685
185.7768699332798 329.5399930435047
185.80675515296969 89.82251752321646
185.8366403726596 3.9538826385065375
185.8665255923495 15.502367402896416
185.89641081203936 29.82186360204973
185.9262960317293 19.24345263875148
185.9561812514192 39.07495401225569
185.98606647110904 152.8480164926692
186.01595169079891 352.9212781896516
186.0458369104888 555.8689110951743
186.07572213017872 668.6126116479961
186.10560734986856 656.628844685906
186.1354925695585 560.5251145163979
186.1653777892484 458.5259680210584
186.19526300893824 406.2388037295664
186.22514822862811 394.3003782259993
186.25503344831804 356.9374144790519
186.28491866800792 238.54158901391304
186.31480388769785 84.7116581241711
186.3446891073877 82.59826836291246
186.3745743270776 468.0041519786256
186.40445954676747 1312.1292729510656
186.43434476645737 2360.9292789790056
186.46422998614727 3116.1074803022625
186.49411520583715 3150.95019955852
186.52400042552705 2443.4666813270833
186.55388564521687 1449.7002984338608
186.5837708649068 790.8272669151432
186.61365608459667 755.7600194782998
186.6435413042866 1066.6870281552394
186.67342652397647 1172.922181851828
186.7033117436664 806.9279155438159
186.73319696335628 244.95862311599544
186.76308218304612 36.26441851402556
186.79296740273605 499.4423450074567
186.82285262242593 1449.45381121045
186.85273784211583 2362.560288519043
186.88262306180567 2784.791779587375
186.9125082814956 2601.9017778260045
186.94239350118548 2004.3510444775793
186.97227872087535 1288.6381071092371
187.00216394056525 688.7391802668086
187.03204916025516 308.85956845960885
187.06193437994503 129.66344282726243
187.09181959963493 57.400141650752936
187.12170481932483 23.01653118428557
187.1515900390147 90.68014021669059
187.1814752587046 435.75840946469793
187.21136047839448 1123.8756946211709
187.2412456980844 1886.309674996454
187.27113091777423 2198.587478569652
187.30101613746413 1716.6114614504643
187.33090135715403 716.4759267105384
187.36078657684396 32.23704989874685
187.3906717965338 403.4912582304746
187.42055701622368 1790.4272763967117
187.4504422359136 3316.76026960375
187.4803274556035 3944.099500519632
187.51021267529336 3294.762575875979
187.5400978949833 1877.1090076397645
187.5699831146732 585.5454802230483
187.59986833436304 26.413392530564103
187.6297535540529 230.49727508808635
187.6596387737428 854.830062045309
187.68952399343272 1546.0720096440048
187.71940921312256 2104.7184146279715
187.7492944328125 2432.509909399903
187.7791796525024 2476.784894620788
187.80906487219224 2274.2656073366015
187.83895009188217 1986.7601203879728
187.86883531157204 1806.4160888713711
187.89872053126197 1803.3641650647835
187.9286057509518 1889.9729073945507
187.9584909706417 1927.2983117773729
187.9883761903316 1834.7391813085449
188.01826141002147 1598.1996558405676
188.04814662971137 1223.3034516131445
188.07803184940127 746.883831717475
188.10791706909117 300.00498224439593
188.13780228878105 75.84632599901033
188.1676875084709 161.06324205425148
188.1975727281608 410.02310967061754
188.22745794785072 554.6226346944934
188.25734316754057 491.2492562756533
188.28722838723047 422.33518401425823
188.3171136069204 643.8386271552713
188.34699882661027 1173.254009353964
188.37688404630012 1633.447668979123
188.40676926599005 1585.6426150578206
188.43665448567992 991.4957288992589
188.46653970536985 318.3929415767237
188.49642492505967 146.26702727436145
188.5263101447496 620.3227731852162
188.55619536443947 1363.7140839665963
188.58608058412935 1912.9345824685047
188.61596580381928 2101.2196554969455
188.64585102350915 2087.1071553939864
188.67573624319903 2058.25013121379
188.70562146288887 1949.8930518132977
188.7355066825788 1616.6515688775305
188.76539190226873 1158.3787375355191
188.7952771219586 908.8651640869344
188.82516234164848 1111.141288930262
188.8550475613384 1566.5434312787731
188.88493278102823 1761.3005660780254
188.91481800071813 1431.3364545286013
188.94470322040803 804.2164381483431
188.97458844009796 333.3664086328164
189.00447365978783 221.92131060355965
189.03435887947768 252.33476115766928
189.0642440991676 204.84887939038575
189.09412931885748 303.5420281330207
189.12401453854736 1026.385226298982
189.15389975823723 2410.902598093971
189.1837849779272 3678.163185577527
189.21367019761703 3771.00319458631
189.2435554173069 2404.9351888834567
189.2734406369968 617.2836413173698
189.3033258566867 55.840502195689965
189.3332110763766 1486.2766945645285
189.3630962960665 4034.959555804908
189.3929815157564 5878.157958153562
189.42286673544623 5717.877640426772
189.45275195513616 3780.309462852653
189.48263717482604 1463.6661526646162
189.51252239451597 135.35536804223136
189.5424076142058 250.65104086620775
189.5722928338957 1352.81557922834
189.6021780535856 2648.8140481726737
189.6320632732755 3448.144958096192
189.66194849296537 3337.15032290657
189.69183371265527 2372.5993342205525
189.7217189323452 1158.556673056593
189.75160415203504 573.7804621806117
189.78148937172492 1134.5640958436973
189.8113745914148 2395.947244705907
189.84125981110472 3173.2463800858304
189.87114503079457 2627.112107037416
189.90103025048447 1155.1053962078647
189.9309154701744 94.7396680385539
189.96080068986427 408.25726208120926
189.99068590955412 1660.1387536790207
190.02057112924405 2440.326058911952
190.05045634893392 1873.4051832098428
190.08034156862385 593.2255166490363
190.11022678831367 106.80283299659185
190.1401120080036 1221.1443405250495
190.16999722769353 3181.2541280961063
190.19988244738337 4413.3861880572285
190.22976766707328 4038.585396567929
190.25965288676315 2540.875195687251
190.28953810645305 1064.055594047631
190.31942332614287 283.87860750907527
190.3493085458328 64.95526693655381
190.37919376552273 77.08754695786574
190.4090789852126 416.9091114104364
190.43896420490248 1407.9241323996912
190.4688494245924 2893.3073853993146
190.49873464428228 4029.4574671827345
190.52861986397212 3968.028868633192
190.55850508366203 2691.252565269346
190.58839030335193 1091.7871773993188
190.61827552304183 201.34997813236453
190.64816074273168 323.4369454307924
190.6780459624216 922.5317821666576
190.70793118211148 1273.0036981053458
190.73781640180135 1093.4153236328887
190.76770162149123 609.84198525226
190.79758684118116 189.62050815500507
190.82747206087103 25.88892509759996
190.85735728056093 119.76693810927992
190.88724250025084 401.43075211715194
190.9171277199407 790.2204537143283
190.9470129396306 1215.882021468317
190.97689815932048 1688.4570411083453
191.0067833790104 2365.639405459017
191.03666859870023 3420.895864335289
191.06655381839016 4693.586549174219
191.09643903808004 5538.39133252547
191.12632425776997 5227.511785578571
191.1562094774598 3628.1748703418734
191.18609469714968 1523.7785209391802
191.2159799168396 189.39451056928667
191.2458651365295 454.1641985766213
191.27575035621936 2033.7222217976168
191.3056355759093 3749.6275099846625
191.3355207955992 4434.3639393875355
191.36540601528904 3736.3012891377
191.3952912349789 2235.511353654926
191.4251764546688 892.7305698238954
191.45506167435872 316.5829865417099
191.48494689404856 419.8694440731508
191.5148321137385 677.2314122492531
191.5447173334284 687.7068641367098
191.57460255311824 556.509526949498
191.60448777280817 783.9473250476685
191.63437299249804 1750.357628278987
191.66425821218797 3257.739097287288
191.6941434318778 4552.447151749572
191.7240286515677 4851.108114553736
191.7539138712576 3965.0484146108233
191.78379909094747 2463.9849207695606
191.81368431063737 1183.3651937106824
191.84356953032727 556.5181574944584
191.87345475001715 435.343348438761
191.90333996970705 470.2126153255316
191.93322518939692 567.123234173868
191.9631104090868 939.6544792782626
191.99299562877673 1714.3124039860124
192.02288084846657 2584.0304299953214
192.05276606815647 2967.8443419491487
192.0826512878464 2527.23708802716
192.11253650753628 1509.7643153113363
192.14242172722612 584.4879552077256
192.17230694691605 319.47245756576046
192.20219216660593 771.7636089470168
192.23207738629583 1533.7163809434303
192.26196260598567 2124.073711287775
192.2918478256756 2313.422707356337
192.32173304536553 2161.8002676132446
192.35161826505535 1870.9058184233552
192.38150348474528 1607.3302719253156
192.41138870443515 1411.1739562704668
192.44127392412503 1245.3567215788423
192.47115914381487 1111.92777679607
192.50104436350483 1123.5693070362097
192.53092958319473 1467.955296555366
192.5608148028846 2264.391945789049
192.59070002257448 3394.759297453025
192.6205852422644 4453.906031500709
192.65047046195423 4941.534651489023
192.68035568164413 4614.640875612519
192.7102409013341 3671.7311278121447
192.74012612102396 2562.4374451241097
192.77001134071384 1639.2935736156946
192.79989656040368 991.1904452361376
192.8297817800936 530.3577917298301
192.85966699978349 183.82790524836585
192.88955221947336 11.40444345870182
192.9194374391633 136.23742530719827
192.9493226588532 558.7295073365262
192.97920787854304 1082.5553470728776
193.0090930982329 1449.4577688756526
193.0389783179228 1520.605535861966
193.0688635376127 1328.5524377987808
193.0987487573026 1004.6224505208004
193.1286339769925 678.5485297072215
193.1585191966824 418.65129385493367
193.18840441637224 235.05228366742477
193.21828963606217 116.3365711924445
193.24817485575204 49.55869868351548
193.27806007544197 18.971396593983087
193.3079452951318 7.380529797239318
193.3378305148217 3.098526971429972
193.3677157345116 2.6846573083728815
193.3976009542015 11.270702906330223
193.42748617389137 47.41108555888312
193.45737139358127 144.64344439424667
193.4872566132712 331.7441540695944
193.51714183296104 592.8341209094737
193.54702705265092 845.4533492801056
193.5769122723408 976.4444019269453
193.60679749203072 916.8804069990584
193.63668271172057 692.2755105050945
193.66656793141047 408.3961170319264
193.6964531511004 181.53483433608625
193.72633837079027 62.51126752674084
193.75622359048012 20.63420877266455
193.78610881017005 3.294895687287376
193.81599402985995 10.16971935704396
193.84587924954985 113.13396348038636
193.87576446923967 401.07684791560354
193.9056496889296 883.0678867567636
193.93553490861953 1427.3963882546627
193.96542012830935 1803.1631914398688
193.99530534799928 1811.3541669441036
194.02519056768915 1421.4571243956689
194.05507578737905 823.2260164106729
194.08496100706887 340.6486557544606
194.1148462267588 240.5969236479417
194.14473144644873 572.4835121262038
194.1746166661386 1155.5727076777534
194.20450188582848 1696.9367666757355
194.2343871055184 1948.6802231470544
194.26427232520828 1820.1177934633915
194.29415754489813 1397.5460836684445
194.32404276458803 881.2706988450168
194.35392798427796 484.3651405829904
194.38381320396783 337.2573000282381
194.41369842365768 443.94386794035216
194.4435836433476 713.5514099556973
194.47346886303748 1033.1104072836404
194.50335408272736 1321.9792298479963
194.53323930241723 1542.1958189898191
194.56312452210716 1686.6144847525136
194.59300974179703 1768.2671955153269
194.6228949614869 1802.8502005197051
194.65278018117684 1781.6321756619927
194.6826654008667 1664.3188992175208
194.7125506205566 1413.5536129503048
194.7424358402465 1048.9366431624917
194.7723210599364 670.9718281181092
194.80220627962623 412.1246788617488
194.83209149931616 327.42586055111553
194.86197671900604 330.22672882408443
194.89186193869597 286.84423338067563
194.92174715838584 213.07047297273775
194.9516323780757 336.2823286850224
194.9815175977656 886.1912823214211
195.0114028174555 1803.593227424032
195.04128803714536 2679.325944369088
195.07117325683527 3010.8802234006503
195.1010584765252 2593.3818924373004
195.13094369621504 1710.437229935967
195.16082891590491 892.3846103950785
195.1907141355948 461.8533437372967
195.22059935528472 352.5049567210092
195.25048457497456 340.2302594632165
195.28036979466447 367.70079168249174
195.3102550143544 585.6049137626253
195.34014023404427 1066.400354903943
195.37002545373417 1550.3193731087845
195.39991067342405 1594.295112605524
195.42979589311395 1038.858477526727
195.45968111280385 298.88493446810924
195.48956633249367 102.86231580470564
195.5194515521836 857.6350646639202
195.54933677187347 2224.464534366077
195.57922199156337 3331.033909977534
195.60910721125327 3459.8261521378045
195.63899243094315 2592.2999957295815
195.66887765063305 1339.0271936921995
195.69876287032292 391.6560081821136
195.7286480900128 24.471971399921078
195.75853330970273 33.35278230516968
195.7884185293926 72.89603812784837
195.81830374908247 20.766265244797108
195.8481889687724 29.93170517345663
195.87807418846228 289.0902588677431
195.90795940815212 778.8588030178972
195.93784462784205 1252.615686767488
195.96772984753193 1445.2516726354297
195.99761506722183 1299.7401183227707
196.02750028691167 994.8980152870956
196.0573855066016 789.818363426638
196.0872707262915 851.9418947830819
196.11715594598135 1181.6050412106267
196.14704116567128 1648.394120211227
196.17692638536116 2079.26074319154
196.20681160505103 2324.769435548811
196.23669682474093 2294.579071094516
196.26658204443083 1980.9616493554088
196.2964672641207 1462.6058743568872
196.3263524838106 882.5305697181144
196.35623770350048 404.77322065096905
196.3861229231904 155.41722270076218
196.4160081428803 174.98296534802355
196.44589336257016 418.42536228598016
196.4757785822601 798.8561489638043
196.50566380194996 1227.1150133210124
196.53554902163984 1614.0638687053593
196.56543424132968 1858.4203037560865
196.5953194610196 1863.987965307072
196.6252046807095 1599.6989747973491
196.65508990039936 1163.1832813466688
196.6849751200893 773.5475674216405
196.7148603397792 664.882955269237
196.74474555946904 941.906080895297
196.7746307791589 1494.1843064646418
196.80451599884884 2040.4146837374403
196.83440121853872 2298.7350780289908
196.8642864382286 2173.378703128148
196.8941716579185 1817.2927350513503
196.9240568776084 1522.140717540488
196.95394209729824 1510.779072580712
196.98382731698817 1774.0373870076696
197.01371253667804 2078.274898005152
197.04359775636797 2148.6898170428053
197.0734829760578 1878.946216184976
197.1033681957477 1407.7602797906288
197.1332534154376 1024.5421225522844
197.16313863512747 971.3038301928478
197.19302385481737 1279.1233607817371
197.22290907450727 1767.7652604741331
197.2527942941972 2188.8188589121137
197.28267951388705 2383.1599383705725
197.31256473357692 2354.517006213938
197.3424499532668 2224.160909456252
197.37233517295672 2110.5384819605474
197.40222039264657 2042.5967504775572
197.43210561233647 1962.3879119584217
197.4619908320264 1782.2393731785492
197.49187605171628 1453.5007809988172
197.52176127140612 1012.8968063722946
197.55164649109605 569.6706661569372
197.58153171078595 242.12391643452472
197.61141693047583 99.2735840516535
197.64130215016567 138.81558689773547
197.6711873698556 293.95467946365284
197.70107258954553 465.3415127242724
197.73095780923535 572.0697273324989
197.76084302892528 588.4529660006165
197.79072824861515 539.0795682881113
197.82061346830503 462.9913438731834
197.85049868799487 379.6503255923092
197.88038390768483 285.2222724212955
197.91026912737476 181.03791744734744
197.9401543470646 105.1990108538756
197.97003956675448 132.3454477954984
197.9999247864444 330.21412620254824
198.02981000613428 701.6395517727253
198.05969522582413 1162.216972191854
198.08958044551403 1578.7859040372227
198.11946566520396 1844.3283171365556
198.14935088489383 1934.4370134672545
198.17923610458368 1909.740724508904
198.2091213242736 1871.5949991786993
198.23900654396348 1896.408259475871
198.26889176365336 1978.6586702650025
198.2987769833433 2020.4054825094447
198.3286622030332 1893.3805602888965
198.35854742272303 1555.3330723983368
198.3884326424129 1134.9475307487623
198.41831786210284 870.2781497708669
198.4482030817927 900.4765109917888
198.4780883014826 1104.6377789886087
198.5079735211725 1178.8127943713803
198.5378587408624 907.0397737113868
198.56774396055224 393.24926370720993
198.59762918024217 23.782005642767214
198.62751439993204 143.5242734082206
198.65739961962197 728.7603891645152
198.68728483931184 1370.5444071251077
198.7171700590017 1595.3523294449703
198.7470552786916 1252.085493513476
198.7769404983815 620.1070792365517
198.80682571807137 149.6949377540155
198.83671093776127 95.39933807229458
198.8665961574512 358.74553267137543
198.89648137714104 634.5182555012161
198.92636659683092 690.0139541252112
198.9562518165208 515.606870499971
198.98613703621072 258.180272814962
199.01602225590057 66.29585351091657
199.04590747559047 0.8416100193452973
199.0757926952804 49.442143616893475
199.10567791497027 184.84286976230672
199.13556313466017 401.937821942257
199.16544835435005 720.0400202000748
199.19533357403995 1164.6888040235278
199.22521879372985 1731.3830034677262
199.25510401341967 2337.926483451496
199.2849892331096 2817.6463830345683
199.31487445279953 3005.1453204336167
199.34475967248935 2850.9886672411185
199.37464489217928 2451.7924252163584
199.4045301118692 1995.6344278599104
199.43441533155905 1659.4708325453485
199.46430055124893 1487.9164998565916
199.4941857709388 1379.6675812995963
199.52407099062873 1227.0791721783667
199.5539562103186 1038.876783035368
199.58384143000848 915.9636792401149
199.6137266496984 936.315485779472
199.64361186938828 1077.304133474184
199.67349708907813 1241.9030386560537
199.70338230876803 1334.8562653105423
199.73326752845793 1306.185576281967
199.76315274814783 1148.2323618291225
199.79303796783773 880.4771552093526
199.8229231875276 554.2461410830861
199.8528084072175 261.8872534922236
199.88269362690735 99.33436690091257
199.91257884659728 99.46967678502276
199.94246406628716 217.775609262582
199.97234928597703 385.02234743838613
200.00223450566693 561.0424807513259
200.03211972535684 727.4855109877019
200.0620049450467 839.5966419644723
200.0918901647366 819.3737141277902
200.12177538442648 621.6370811639335
200.1516606041164 321.30866400749045
200.1815458238063 108.96980623827525
200.21143104349616 144.30015021479943
200.2413162631861 404.26022618963606
200.27120148287597 682.3972588939818
200.30108670256584 768.6377136910163
200.33097192225569 658.1808137620426
200.3608571419456 561.5172186541207
200.3907423616355 732.1524550358669
200.42062758132536 1228.3613856953002
200.4505128010153 1779.5193806995967
200.4803980207052 1999.0252619517616
200.51028324039504 1684.559625655124
200.5401684600849 936.9864822740454
200.57005367977484 211.78490927595067
200.59993889946472 51.18760811912432
200.6298241191546 634.1203623215837
200.6597093388445 1732.281132504931
200.6895945585344 2832.831260385151
200.71947977822424 3325.1899310763124
200.74936499791417 2986.560273972535
200.77925021760404 2128.5585453351478
200.80913543729395 1203.4120681951952
200.8390206569838 524.3351237023537
200.8689058766737 193.24940884119252
200.8987910963636 105.20966224051264
200.92867631605347 100.24387782578881
200.95856153574337 122.45650532553188
200.98844675543327 231.21687599337267
201.0183319751232 501.10195074135464
201.04821719481305 915.4313494537363
201.07810241450292 1330.022160231987
201.1079876341928 1539.3382284949955
201.13787285388273 1416.625840202262
201.16775807357257 1005.7202623098218
201.19764329326247 499.9778496754932
201.2275285129524 142.30478170034863
201.25741373264228 79.14864283517309
201.28729895233215 265.3341284219724
201.31718417202205 522.3391378021663
201.34706939171195 710.0308494660571
201.37695461140183 847.7238509661107
201.40683983109173 1047.0533016970314
201.4367250507816 1328.2734054720652
201.4666102704715 1539.2435147404176
201.49649549016135 1469.5779777408893
201.52638070985128 1053.2553517215883
201.55626592954115 482.7940724356953
201.58615114923103 97.03379735820178
201.61603636892093 100.87232476540419
201.64592158861083 402.0805588378451
201.67580680830076 721.0512257495859
201.7056920279906 824.8339108607017
201.73557724768048 683.9676361433678
201.7654624673704 441.4291745945401
201.79534768706029 241.2895348271697
201.82523290675013 117.38700094986744
201.8551181264401 37.11411248909052
201.88500334612996 4.511505520944624
201.91488856581984 104.1994328611948
201.94477378550968 451.29228777557176
201.9746590051996 1109.5531846870676
202.00454422488951 2047.3126286643007
202.03442944457936 3130.185306414977
202.0643146642693 4111.898045940082
202.0941998839592 4645.331371781654
202.12408510364904 4422.710591484435
202.1539703233389 3413.3061288626045
202.18385554302884 1968.6628296468728
202.21374076271871 684.4785029505466
202.2436259824086 88.73671171657571
202.2735112020985 303.02927114864093
202.3033964217884 945.3582963841704
202.33328164147824 1426.4326594342328
202.36316686116817 1390.224015638604
202.39305208085807 935.4096917362435
202.42293730054797 491.8393016934493
202.45282252023785 459.50231547715487
202.4827077399277 891.9092096578527
202.5125929596176 1488.5960163867765
202.5424781793075 1860.465717457864
202.57236339899737 1808.490115527474
202.60224861868727 1419.1443292935733
202.6321338383772 946.1093947403629
202.66201905806705 598.1624204791749
202.69190427775692 416.40381440229487
202.7217894974468 323.41509219019895
202.75167471713672 259.0088463103565
202.78155993682665 256.64721613484886
202.81144515651647 404.0536477106548
202.8413303762064 748.0427616979209
202.87121559589627 1231.8006664142404
202.90110081558615 1710.918088592085
202.93098603527605 2031.4876438386923
202.96087125496595 2106.378350804898
202.99075647465585 1937.5604190982651
203.02064169434567 1589.0464711305156
203.0505269140356 1151.4531973400267
203.08041213372553 722.1671048759005
203.11029735341535 388.47444194214177
203.14018257310528 200.23423974246137
203.1700677927952 149.46952751549617
203.19995301248505 180.77329550382308
203.22983823217493 226.81124603314964
203.2597234518648 241.81830895628667
203.28960867155476 216.38078444106577
203.3194938912446 173.75304399146484
203.34937911093448 151.9094906258504
203.3792643306244 182.90913924097637
203.40914955031428 288.0769636452936
203.43903477000413 490.0788178802576
203.46891998969403 819.9541764175552
203.49880520938396 1299.6861188277917
203.52869042907383 1902.3883304656283
203.5585756487637 2515.785109882847
203.5884608684536 2949.141432536263
203.6183460881435 3009.9637832833405
203.64823130783336 2621.757477651987
203.6781165275233 1895.6604573042523
203.7080017472132 1084.6421481401724
203.73788696690303 451.63325953703367
203.7677721865929 147.63122234745063
203.79765740628284 152.45400551315748
203.8275426259727 296.1512762462256
203.8574278456626 375.81859214947445
203.8873130653525 312.7905546992262
203.9171982850424 227.01371877222047
203.9470835047323 364.56695205801174
203.97696872442216 926.5375660224672
204.00685394411207 1896.8631584451527
204.03673916380197 2982.076014599243
204.06662438349184 3753.273742042324
204.0965096031817 3913.1683218155217
204.1263948228716 3456.505031912956
204.1562800425615 2621.826047332144
204.18616526225136 1732.7816345840142
204.21605048194127 1045.0165146525685
204.2459357016312 669.2296232133017
204.27582092132107 593.8176497391128
204.30570614101092 755.390717031022
204.33559136070085 1084.6247381655244
204.36547658039072 1510.46125489936
204.39536180008065 1946.2802438873011
204.42524701977047 2287.7008086478527
204.4551322394604 2451.034498203911
204.48501745915027 2424.088228446616
204.51490267884017 2265.8186724395487
204.54478789853005 2079.2346661489723
204.57467311821995 1983.1716742799467
204.60455833790985 2036.5998246899264
204.63444355759967 2172.1338431283843
204.6643287772896 2238.008787360802
204.69421399697947 2097.3315224949656
204.7240992166694 1706.8867885341704
204.75398443635927 1157.508590180151
204.7838696560492 635.8961416895277
204.81375487573905 302.698710768452
204.84364009542892 186.86054270913533
204.8735253151188 194.0633372675004
204.90341053480873 206.278168744694
204.9332957544986 168.23557037230185
204.96318097418848 95.12929239447112
204.9930661938784 27.40542778890128
205.02295141356828 3.9572055408795968
205.05283663325815 83.49046396243398
205.08272185294803 367.0821713949104
205.11260707263796 953.5128127573128
205.14249229232783 1829.2284063100888
205.17237751201773 2792.81620404908
205.2022627317076 3508.176371079511
205.2321479513975 3670.2453952128208
205.26203317108735 3183.693044723286
205.29191839077728 2235.5362519306814
205.32180361046716 1195.1754067859415
205.35168883015703 418.0983687540759
205.38157404984696 108.16877342157746
205.41145926953683 291.45025754652966
205.44134448922676 843.0238194478014
205.4712297089166 1519.7165081934147
205.50111492860648 2013.3006701666793
205.5310001482964 2066.7362927917693
205.5608853679863 1631.4078272037448
205.59077058767616 939.423226012704
205.6206558073661 384.9535120923173
205.65054102705597 273.6204782285397
205.68042624674584 634.8118551839161
205.71031146643568 1241.568403297057
205.7401966861256 1794.0545401866839
205.77008190581552 2092.838012767178
205.79996712550536 2082.348449520088
205.8298523451953 1797.847769744665
205.8597375648852 1319.6142957647603
205.88962278457504 778.3325472997603
205.9195080042649 348.6690594685687
205.94939322395484 154.6270343707247
205.97927844364472 161.70967170516937
206.0091636633346 214.9765761487032
206.0390488830245 216.16580571330783
206.0689341027144 242.62853071969047
206.09881932240424 452.3541234756027
206.12870454209417 861.0432422015958
206.15858976178407 1245.9602266282463
206.18847498147397 1319.2751381739972
206.21836020116385 1024.4990830161903
206.2482454208537 626.4860866462473
206.2781306405436 462.1440280193528
206.30801586023347 619.0099747877861
206.33790107992337 871.3690786918374
206.36778629961327 913.5307182755216
206.3976715193032 655.4123998525994
206.42755673899305 282.81524964846614
206.45744195868292 40.86395874537104
206.48732717837285 9.228790548574205
206.51721239806272 91.53363838198713
206.54709761775263 164.67752232679823
206.57698283744247 189.77726622014512
206.6068680571324 187.8226098758688
206.63675327682228 172.379547075849
206.66663849651215 157.1615886835521
206.69652371620205 203.66472710824647
206.72640893589195 388.15968390220735
206.75629415558183 685.060281968325
206.78617937527167 922.7722888383264
206.8160645949616 915.1812729225674
206.84594981465153 656.0034959381718
206.8758350343414 364.4245255181657
206.90572025403128 291.9754458826736
206.9356054737212 458.5686999319021
206.96549069341103 630.7434498968198
206.99537591310093 595.1913640182992
207.02526113279083 401.8579214925752
207.05514635248076 298.3046610344723
207.0850315721706 436.583692742233
207.11491679186048 667.5603714521226
207.1448020115504 671.7991044594795
207.17468723124028 347.34433147998226
207.20457245093013 42.86308816530092
207.23445767062003 315.94117702703835
207.26434289031 1407.2508028742448
207.29422810999984 2912.394220616665
207.3241133296897 3953.6145302698105
207.3539985493796 3810.088906491501
207.3838837690695 2551.602874689809
207.41376898875936 1077.4014720540267
207.4436542084493 468.5941041835056
207.4735394281392 1166.912201702343
207.50342464782904 2623.3430743846898
207.5333098675189 3720.0859360768686
207.56319508720884 3641.0148252427575
207.5930803068987 2475.2926691601374
207.6229655265886 1075.6827362662666
207.6528507462785 316.88634691912046
207.6827359659684 397.34242034227145
207.7126211856583 792.6183992937304
207.74250640534817 865.0591277781691
207.77239162503807 488.66597687451673
207.80227684472797 81.15928989330637
207.83216206441784 102.12199379385189
207.8620472841077 567.4729409538478
207.8919325037976 1046.507076180646
207.9218177234875 1116.5385175112592
207.95170294317737 775.7133447926415
207.98158816286727 395.4658263827716
208.0114733825572 328.62393444319014
208.04135860224707 605.719502894246
208.07124382193692 975.0098505278115
208.10112904162685 1171.9594879531446
208.13101426131672 1129.542455195006
208.16089948100665 964.2429960608845
208.19078470069647 818.0360340563443
208.2206699203864 742.0366068712874
208.25055514007627 696.4295687543538
208.28044035976615 618.6886808035798
208.31032557945605 491.2196664406037
208.34021079914595 362.9346249408632
208.37009601883585 315.4666831215467
208.39998123852567 389.539797360588
208.4298664582156 522.1415745030587
208.45975167790553 573.9888875744712
208.4896368975954 457.6216170399928
208.51952211728528 251.13066508289384
208.5494073369752 157.19701000792818
208.57929255666505 309.01512261325286
208.60917777635493 607.2508387725171
208.6390629960448 783.1947516311383
208.66894821573476 656.9293977989839
208.6988334354246 324.9631857236384
208.72871865511448 73.69160011849583
208.7586038748044 107.65686321727755
208.78848909449428 371.28494715957584
208.81837431418415 637.120241246735
208.84825953387403 736.9482428427588
208.87814475356396 676.2345726849127
208.90802997325383 554.190380543233
208.93791519294373 442.2610572024303
208.9678004126336 367.80253254287186
208.9976856323235 359.76004980000243
209.02757085201335 441.06718112054335
209.05745607170329 572.4037771446875
209.08734129139316 653.3433316292601
209.11722651108303 642.8528003913179
209.14711173077296 683.5892803578919
209.17699695046284 1023.9259397740421
209.20688217015277 1737.6149101459052
209.2367673898426 2526.917955621133
209.26665260953249 2886.2632047120787
209.2965378292224 2533.0402644201417
209.3264230489123 1684.7495992076927
209.35630826860216 896.4151814454493
209.3861934882921 605.6861572496957
209.41607870798197 811.9359263399821
209.44596392767184 1176.8121142382283
209.4758491473617 1414.1549606419032
209.5057343670516 1559.871209310351
209.53561958674152 1845.1621606338504
209.56550480643136 2349.098467557729
209.5953900261213 2843.8306830233264
209.6252752458112 2963.636415317674
209.65516046550104 2518.3541807230436
209.68504568519091 1702.2866302001783
209.71493090488084 1004.063765460533
209.74481612457072 855.5861250200389
209.77470134426065 1282.8785511320964
209.8045865639505 1838.4518818112176
209.8344717836404 1935.6621018522264
209.86435700333027 1363.9412588282682
209.89424222302017 527.4594882790991
209.92412744271007 159.66411764567766
209.95401266239995 693.1991314671744
209.98389788208985 1789.1731336213124
210.0137831017797 2547.336944852441
210.0436683214696 2330.064736959932
210.07355354115947 1379.7351012768731
210.1034387608494 579.9629085370943
210.13332398053927 608.8104883959694
210.1632092002292 1288.8189656695909
210.19309441991905 1818.5456909801276
210.22297963960892 1697.2207314832178
210.25286485929885 1310.6557742465984
210.28275007898873 1526.8042508465549
210.31263529867863 2725.153768788744
210.34252051836847 4288.345652814684
210.3724057380584 5131.196819014442
210.40229095774828 4676.917484158594
210.43217617743815 3292.6074625533447
210.46206139712805 1865.1507909298505
210.49194661681796 990.6426577682774
210.52183183650783 608.4729149370536
210.55171705619773 373.88095579180737
210.5816022758876 164.90459018034008
210.6114874955775 115.22535577143933
210.6413727152674 272.80748619103326
210.67125793495728 420.3238062501815
210.7011431546472 327.2703938014525
210.73102837433703 99.97242075062579
210.76091359402693 124.02908301313585
210.79079881371683 584.1693816168986
210.82068403340676 1149.3285248725313
210.8505692530966 1278.9623159042524
210.88045447278648 824.3322408553913
210.9103396924764 238.44287376995393
210.9402249121663 129.19343041734047
210.97011013185616 602.2592144212089
210.9999953515461 1132.1461281314935
211.029880571236 1138.357841903014
211.05976579092584 627.1525082152153
211.0896510106157 160.44364273935156
211.1195362303056 191.49667656388633
211.14942144999551 552.9580959727778
211.17930666968536 678.9351267586235
211.2091918893753 329.1142607333324
211.2390771090652 27.414818506624172
211.26896232875504 649.2037097404443
211.2988475484449 2504.2547655129847
211.32873276813484 4863.738357185675
211.35861798782477 6432.875535587259
211.3885032075146 6332.974376617092
211.4183884272045 4718.473356798773
211.4482736468944 2567.0120599787974
211.47815886658427 913.0929263539357
211.50804408627417 190.94708215967344
211.53792930596407 171.38051522204157
211.56781452565397 401.96472558655046
211.59769974534385 654.6355111860972
211.6275849650337 1012.7247027528748
211.6574701847236 1633.2949650353212
211.68735540441347 2467.5826046786215
211.71724062410337 3190.78551752324
211.74712584379327 3407.057546014962
211.7770110634832 2948.618955504716
211.80689628317307 2026.9118828112275
211.83678150286292 1165.784985626034
211.86666672255285 917.5838377807735
211.89655194224272 1489.946280262397
211.92643716193265 2609.000814904519
211.95632238162247 3717.7805768647327
211.9862076013124 4293.055400374072
212.01609282100227 4112.925706967406
212.04597804069215 3344.147531740787
212.07586326038205 2362.550962582145
212.10574848007195 1486.9667953425956
212.13563369976185 883.5437093589646
212.16551891945167 623.1631233663364
212.1954041391416 723.2906534050171
212.22528935883153 1102.1061157936267
212.2551745785214 1523.1477897331047
212.28505979821128 1692.845628076446
212.3149450179012 1463.2162039729933
212.34483023759103 914.0531071160573
212.37471545728093 314.3183257189815
212.4046006769708 9.428597194451775
212.43448589666076 167.07550323235495
212.46437111635063 616.4078310190168
212.49425633604048 1050.3656648777603
212.5241415557304 1254.410803520503
212.55402677542028 1154.7780745051696
212.58391199511016 827.225639156686
212.61379721480003 449.7345077150232
212.64368243449 192.06511654412304
212.67356765417983 159.0996743608138
212.7034528738697 378.7487838727026
212.7333380935596 793.8725973988745
212.7632233132495 1283.627018388362
212.79310853293936 1707.2305507138724
212.8229937526293 1969.9549561241265
212.8528789723192 2081.3017590670265
212.88276419200903 2140.4418889962544
212.91264941169896 2270.3699073181574
212.94253463138884 2572.1763233543406
212.97241985107877 3099.7937085161116
213.0023050707686 3821.293247393732
213.0321902904585 4577.8544682276815
213.0620755101484 5093.130101225229
213.0919607298383 5074.929877025792
213.12184594952816 4389.223778966418
213.15173116921807 3192.4507740529657
213.18161638890797 1883.4302495638683
213.21150160859784 878.3751734593101
213.24138682828772 383.6847182597174
213.2712720479776 332.2831967481525
213.30115726766752 499.65698131373995
213.33104248735737 679.2865751499065
213.36092770704727 786.228604087797
213.3908129267372 856.7390366947678
213.42069814642707 976.6906211404464
213.45058336611692 1198.907997773054
213.48046858580685 1512.8949812287515
213.51035380549672 1844.308531353472
213.54023902518665 2066.246212881451
213.57012424487647 2066.651433333771
213.6000094645664 1811.6654538945984
213.62989468425627 1349.834997054712
213.65977990394617 807.8862901895702
213.68966512363608 354.3720070614411
213.71955034332595 122.49281167174873
213.74943556301585 152.2878039086236
213.77932078270567 356.1648348678641
213.8092060023956 551.8601155103273
213.83909122208553 597.2848813272409
213.8689764417754 525.7802047991353
213.89886166146528 555.4185855913465
213.9287468811552 920.1591999300684
213.95863210084508 1627.014682505903
213.98851732053492 2370.0454806089265
214.01840254022483 2738.190813211684
214.04828775991473 2566.8879391275946
214.07817297960463 2075.56182091688
214.10805819929448 1647.5145187256312
214.1379434189844 1481.3464690271096
214.16782863867428 1441.6505192268285
214.19771385836415 1278.119739253715
214.22759907805403 982.0872183575613
214.25748429774396 831.9688667661485
214.28736951743383 1054.7382226630964
214.31725473712373 1497.8771220220976
214.34713995681363 1719.2729033080525
214.3770251765035 1432.411967773392
214.4069103961934 818.788293194809
214.43679561588328 376.64248560593
214.4666808355732 436.1299340272101
214.49656605526303 826.2889692549533
214.52645127495296 1073.4339834046589
214.55633649464284 893.0566576566974
214.58622171433277 442.88605690935503
214.6161069340226 126.98088182800852
214.64599215371248 167.89062131714422
214.6758773734024 403.6995920520068
214.7057625930923 514.53967552509
214.73564781278216 373.3677359914078
214.7655330324721 139.48677661422465
214.795418252162 41.7261464396816
214.82530347185184 119.45476167576224
214.8551886915417 213.9073188228036
214.8850739112316 183.9873041021399
214.91495913092152 72.70388966694851
214.94484435061136 50.00091125980084
214.9747295703013 214.62707844578793
215.0046147899912 477.6111452438551
215.03450000968104 642.9817190986785
215.06438522937097 584.624541589068
215.09427044906084 350.9596498976945
215.12415566875077 129.61020434698779
215.1540408884406 118.47378758228037
215.1839261081305 403.49420032903913
215.2138113278204 910.916480465558
215.24369654751027 1434.562719196441
215.27358176720017 1733.9745587174202
215.30346698689007 1678.4636387749113
215.33335220657997 1335.0832324770172
215.36323742626985 918.1373182672195
215.3931226459597 644.0697148176181
215.4230078656496 608.899780601722
215.45289308533953 768.0000527961628
215.48277830502937 1001.8330436350903
215.51266352471927 1185.0845730793976
215.5425487444092 1217.2400193163003
215.57243396409908 1056.9242464896952
215.60231918378892 782.5445456240438
215.63220440347885 607.7647513893609
215.66208962316873 774.937490391464
215.69197484285863 1358.1144519570767
215.72186006254847 2138.878407791667
215.7517452822384 2715.337303070404
215.78163050192828 2778.154568137592
215.81151572161815 2309.5056661299072
215.84140094130808 1560.3134114518675
215.87128616099795 856.5351973335507
215.90117138068783 396.5008874439197
215.93105660037767 189.8661100654692
215.96094182006763 148.19883590611235
215.99082703975753 198.7553592166288
216.0207122594474 316.27098868465623
216.05059747913728 488.67595395654587
216.0804826988272 686.6657753313577
216.11036791851703 863.5092903684034
216.14025313820693 960.3270172318614
216.17013835789683 914.8297308953948
216.20002357758676 713.6072169899937
216.22990879727664 474.3228831429158
216.25979401696648 457.12821441374496
216.2896792366564 927.7617930826264
216.31956445634628 1932.4456464035484
216.34944967603616 3176.6673480826166
216.3793348957261 4150.74101426969
216.409220115416 4425.19864383634
216.43910533510584 3900.394515770181
216.4689905547957 2848.0486494977617
216.4988757744856 1729.5702416054098
216.5287609941755 922.2937911261984
216.5586462138654 546.4438479110681
216.5885314335553 484.92527157497375
216.6184166532452 519.0183167398417
216.64830187293504 471.0463721334127
216.67818709262497 309.24888775076283
216.70807231231484 173.77261106047888
216.73795753200477 286.72324729526895
216.7678427516946 778.951198919759
216.7977279713845 1537.414627687868
216.8276131910744 2212.0972704967835
216.8574984107643 2443.563186851693
216.88738363045417 2162.3339196451466
216.91726885014407 1677.4954319693475
216.947154069834 1439.353939125598
216.97703928952384 1689.5395872224015
217.00692450921372 2297.1869178280604
217.0368097289036 2878.130736353878
217.06669494859352 3077.500016678669
217.09658016828337 2789.330891535287
217.12646538797327 2156.4034548786767
217.1563506076632 1415.5640384264875
217.18623582735307 761.522594604782
217.21612104704292 320.5825325991491
217.24600626673285 198.73969377745655
217.27589148642272 487.3729293997442
217.30577670611265 1174.6242677415964
217.33566192580247 2060.7296821194464
217.3655471454924 2801.5939744831758
217.39543236518233 3079.9798862967505
217.42531758487215 2779.1744127390425
217.45520280456208 2039.3955561730704
217.48508802425195 1179.1313091395027
217.51497324394185 533.3223123401688
217.54485846363167 290.4986654911772
217.5747436833216 427.02623107367555
217.60462890301153 773.6713987594818
217.6345141227014 1146.4307133168425
217.66439934239128 1448.8332846691994
217.6942845620812 1692.8655279248608
217.72416978177108 1935.1576625246933
217.75405500146093 2185.217475970064
217.78394022115083 2372.581694068736
217.81382544084076 2401.9191747368704
217.84371066053063 2234.981720341497
217.87359588022048 1916.5065249348688
217.9034810999104 1524.9100234299278
217.93336631960028 1113.2876099460339
217.96325153929016 709.8021335191621
217.99313675898003 356.2626214890299
218.02302197866996 112.58351260848636
218.05290719835983 11.113510138490376
218.0827924180497 16.304704903498344
218.11267763773964 46.5935799258506
218.1425628574295 48.41845552737012
218.1724480771194 44.41081448160584
218.2023332968093 94.33786631839331
218.2322185164992 204.82759502606913
218.26210373618903 294.5330645599174
218.29198895587896 271.4334282281558
218.32187417556884 142.9902184257006
218.35175939525877 25.045229883921703
218.3816446149486 31.974961905154967
218.4115298346385 167.13834095637554
218.4414150543284 328.8568467639898
218.4713002740183 425.6099243702427
218.50118549370816 472.05056272284463
218.5310707133981 553.0971827078849
218.560955933088 698.9243441780249
218.59084115277784 823.6889529650449
218.62072637246771 806.2137118685665
218.6506115921576 619.0391176633449
218.68049681184752 360.0234392270337
218.71038203153736 166.03609846772196
218.74026725122727 123.45631371836954
218.7701524709172 277.8177977530099
218.80003769060704 691.1935466951724
218.82992291029697 1417.5456880153242
218.85980812998685 2379.6709970773463
218.88969334967675 3269.93948681784
218.91957856936665 3661.00887892688
218.94946378905647 3350.4484549709414
218.9793490087464 2596.6555869799113
219.00923422843627 1949.984327452133
219.03911944812617 1843.9029687655393
219.06900466781607 2279.3977559157743
219.09888988750595 2834.9186728287955
219.12877510719585 3025.304019265518
219.15866032688567 2679.7859670716034
219.1885455465756 1994.3429914076128
219.21843076626553 1310.0557984221903
219.2483159859554 874.4591744662433
219.27820120564527 746.7575468246736
219.3080864253352 855.3660562843299
219.33797164502508 1094.437202793179
219.36785686471492 1349.8381083893912
219.39774208440485 1486.2036421435855
219.42762730409473 1389.5426612120127
219.45751252378463 1052.4403886274615
219.48739774347447 609.6074570364427
219.5172829631644 274.1059318739197
219.5471681828543 200.85700934282005
219.57705340254415 375.5309188916176
219.60693862223408 636.7767360845108
219.63682384192396 819.0836122190306
219.66670906161383 871.8322624706809
219.69659428130373 851.6780538478536
219.72647950099363 828.8362187888864
219.7563647206835 805.0979779289048
219.7862499403734 712.2736670986509
219.81613516006328 496.76783749091686
219.8460203797532 209.8552225768414
219.87590559944303 12.655455084044684
219.90579081913296 90.53554643917836
219.9356760388229 538.1716155911879
219.96556125851276 1288.2827448922365
219.99544647820264 2130.0820692178145
220.02533169789248 2809.179419999872
220.0552169175824 3148.709391574757
220.0851021372723 3110.990986063156
220.11498735696216 2773.2351020647316
220.1448725766521 2269.4909661750085
220.174757796342 1744.3268704862044
220.20464301603184 1315.6363568545337
220.2345282357217 1043.734339906508
220.2644134554116 921.0474264054733
220.29429867510152 889.0992762927631
220.3241838947914 873.5611676818398
220.3540691144813 819.1445595625693
220.3839543341712 707.1853908936338
220.41383955386104 552.4030331334284
220.44372477355097 389.5922710353464
220.47360999324084 259.3919539494672
220.50349521293077 191.80232738740983
220.5333804326206 189.3299778337814
220.5632656523105 222.3650655909196
220.5931508720004 245.7551226654479
220.62303609169027 235.22390144789688
220.65292131138017 229.44591279049263
220.68280653107007 342.69367865778327
220.71269175076 716.5392334758121
220.74257697044985 1422.5758276274335
220.77246219013972 2366.014503315556
220.8023474098296 3256.298935657239
220.83223262951952 3710.2470686375673
220.86211784920937 3473.2089703975375
220.89200306889927 2602.9461493694166
220.9218882885892 1458.7492829351183
220.95177350827908 512.4949693091766
220.98165872796892 115.09088858567512
221.01154394765885 331.74442875238253
221.04142916734875 928.6869468499699
221.07131438703863 1531.399823925483
221.10119960672847 1836.6892753517816
221.1310848264184 1732.4937821963683
221.16097004610833 1300.158091396147
221.19085526579815 742.3874376699144
221.22074048548808 274.2462966289893
221.25062570517795 29.735163941255156
221.28051092486783 36.43062685697564
221.31039614455767 253.3444103432488
221.34028136424763 619.8679976053472
221.37016658393753 1079.4731644353824
221.4000518036274 1576.8474120276992
221.42993702331728 2037.1629948152631
221.4598222430072 2349.0930426559835
221.48970746269708 2390.349159144396
221.51959268238693 2099.7192409919567
221.54947790207683 1538.2643425661774
221.57936312176676 889.0832961898199
221.60924834145663 392.18105312626335
221.63913356114648 235.40734275260385
221.6690187808364 452.84212722275635
221.69890400052628 892.6633835244977
221.72878922021616 1281.031541639824
221.75867443990603 1371.6496786176303
221.788559659596 1112.6977693108547
221.81844487928583 706.841882761612
221.8483300989757 494.14623699888506
221.87821531866564 713.8041870501628
221.9081005383555 1306.2914916587304
221.9379857580454 1928.7354047992835
221.9678709777353 2185.65674849738
221.9977561974252 1889.7312094591573
222.02764141711503 1183.2214542583642
222.05752663680497 456.7982358396845
222.08741185649484 98.10119093072029
222.11729707618477 231.33428817573963
222.1471822958746 645.2688170797829
222.1770675155645 957.547487614266
222.2069527352544 896.5608017916198
222.2368379549443 509.77721299251414
222.26672317463417 146.48084817483735
222.29660839432407 220.87928786602424
222.326493614014 905.3825163757544
222.35637883370384 1951.949132292185
222.38626405339372 2802.863525877586
222.4161492730836 2955.883361306253
222.44603449277352 2310.279445187367
222.47591971246337 1237.2100761016757
222.50580493215327 339.49567978728027
222.5356901518432 64.94098812152141
222.56557537153307 443.6382504956615
222.59546059122297 1129.8958883661478
222.62534581091285 1669.1043532085996
222.65523103060275 1771.0364693166655
222.68511625029265 1434.3428390693923
222.71500146998247 885.1063739824226
222.7448866896724 411.220121601082
222.77477190936233 212.699820403028
222.80465712905217 318.8619359697935
222.83454234874208 583.0995110460855
222.86442756843195 768.8907466180954
222.89431278812185 704.6479749607421
222.92419800781173 416.5051439473023
222.9540832275016 124.76410727041998
222.98396844719153 79.55248826315673
223.0138536668814 347.46723575947567
223.04373888657128 729.2942530142518
223.0736241062612 911.5304391315296
223.10350932595108 732.86088555701
223.13339454564093 328.2252188055896
223.16327976533083 38.00591658980923
223.19316498502073 151.1256727764315
223.22305020471063 683.4457319924071
223.25293542440048 1382.591169853151
223.2828206440904 1929.4686541573917
223.3127058637803 2143.317284674777
223.34259108347015 2045.5849253703304
223.37247630316008 1774.345634169554
223.40236152284996 1464.0932720563997
223.43224674253983 1192.4143224902386
223.46213196222973 982.4361655079123
223.49201718191964 828.92154918818
223.5219024016095 734.9517106974131
223.5517876212994 722.5383905522395
223.58167284098928 803.5570251276401
223.6115580606792 949.5997835893688
223.64144328036903 1093.7270614948577
223.67132850005896 1157.7058572993167
223.7012137197489 1086.3293768580863
223.73109893943877 881.9643610550595
223.76098415912864 615.8227421101619
223.79086937881848 380.24387947851176
223.8207545985084 218.597629477826
223.8506398181983 114.76159476031577
223.88052503788816 49.06960943900494
223.9104102575781 62.34066959296825
223.940295477268 248.58086093217685
223.97018069695784 653.3707414419266
224.0000659166477 1178.4415033388343
224.02995113633764 1581.8362333688983
224.05983635602752 1616.6058310863687
224.0897215757174 1258.8077569046652
224.1196067954073 754.4091511648489
224.1494920150972 420.3784252207951
224.17937723478704 457.84847596738456
224.20926245447697 815.3778390317561
224.23914767416684 1173.7161240846278
224.26903289385675 1226.8497035428804
224.2989181135466 943.6352574733827
224.3288033332365 515.2615150853774
224.3586885529264 181.0830399601094
224.38857377261627 76.79364400729622
224.41845899230617 152.10430811669184
224.44834421199607 253.7808383914368
224.478229431686 285.9604968923823
224.50811465137585 276.0175671436215
224.53799987106572 305.8079191916406
224.5678850907556 393.2868286666603
224.59777031044553 460.4030142705739
224.62765553013537 434.1513742303776
224.65754074982527 364.6935571865832
224.6874259695152 401.60459371284446
224.71731118920508 632.5097239495601
224.74719640889492 948.1905273559724
224.77708162858485 1085.8682855489355
224.80696684827475 865.6716055364569
224.83685206796463 405.36692553849485
224.86673728765453 65.44745714349565
224.8966225073444 169.04475456546243
224.92650772703433 742.9343506305527
224.95639294672415 1484.8516946183631
224.98627816641408 1984.6254036190703
225.01616338610395 2005.76646780112
225.04604860579383 1606.9506043417407
225.07593382548373 1045.6083133357915
225.10581904517363 581.7151981852562
225.1357042648635 367.0879842762396
225.1655894845534 460.71603758748927
225.19547470424328 848.360934005936
225.2253599239332 1414.8976139016468
225.25524514362309 1938.9055265918987
225.28513036331293 2161.361009816164
225.3150155830029 1913.5547453358693
225.34490080269276 1245.8936254016203
225.37478602238264 471.8950280171405
225.40467124207248 50.58171001778835
225.4345564617624 331.55808023995024
225.46444168145229 1325.7120231029714
225.49432690114216 2643.718645512748
225.5242121208321 3650.2123390287943
225.554097340522 3827.072980660632
225.58398256021184 3120.150772130318
225.6138677799017 1947.3198958589123
225.64375299959164 876.4172212417046
225.67363821928151 258.5460620751943
225.7035234389714 70.21584291218464
225.7334086586613 58.587330320598646
225.7632938783512 39.80650843927808
225.79317909804104 49.600247608892936
225.82306431773097 207.41798018288145
225.85294953742084 488.2078169532192
225.88283475711077 698.6388818744322
225.91271997680064 684.3009820394719
225.9426051964905 523.0721969383341
225.9724904161804 473.62333106008714
226.0023756358703 704.9786435111977
226.03226085556017 1102.5303748136228
226.06214607525007 1376.9918757271796
226.09203129494 1351.8176137881662
226.12191651462985 1113.6916101782183
226.15180173431972 881.6464360510904
226.1816869540096 770.6856470416188
226.21157217369952 715.6346253201693
226.24145739338937 606.7269812132625
226.27134261307927 446.1923941968181
226.3012278327692 327.32735898723604
226.33111305245907 281.5690202740123
226.36099827214895 227.08732598039117
226.39088349183885 117.01125063298586
226.42076871152875 99.12072836898224
226.45065393121865 439.91302209542545
226.48053915090847 1222.8365160673256
226.5104243705984 2130.2411376646205
226.54030959028833 2612.7193237907695
226.57019480997815 2345.829950324632
226.60008002966808 1532.505306088305
226.62996524935795 760.0710998013498
226.65985046904785 527.1791789081057
226.68973568873773 858.8138751401112
226.7196209084276 1352.137142653915
226.74950612811756 1547.5181937389743
226.7793913478074 1272.0864138379225
226.80927656749728 720.1191878972304
226.8391617871872 236.49273212150777
226.86904700687708 18.767634001946956
226.89893222656693 21.281572412275807
226.92881744625683 94.68300177735229
226.95870266594676 172.53419061784263
226.98858788563663 340.9269214441535
227.0184731053265 745.752099657495
227.0483583250164 1405.931982455997
227.0782435447063 2118.2868788446176
227.10812876439616 2565.0887046972384
227.1380139840861 2513.033749394193
227.16789920377596 1965.9800113322683
227.19778442346583 1181.242128863859
227.2276696431557 497.1202831115514
227.25755486284564 116.37358507613864
227.2874400825355 37.32880307587406
227.3173253022254 133.24057604173976
227.3472105219153 270.4177905698342
227.3770957416052 366.5820513370424
227.4069809612951 372.4904345781409
227.43686618098496 261.8652964444657
227.46675140067487 84.3451658083249
227.49663662036477 3.2103657652846813
227.52652184005464 221.36609768599365
227.5564070597445 811.6132718800186
227.5862922794344 1574.931712679935
227.6161774991243 2105.045481759517
227.64606271881416 2079.4976893416097
227.67594793850407 1507.8265141318232
227.705833158194 717.4366707432531
227.73571837788384 140.84155560386918
227.76560359757372 62.67135200875224
227.79548881726365 482.78689624198887
227.82537403695352 1186.9219895669455
227.85525925664345 1930.779864647153
227.88514447633327 2548.0322446790756
227.9150296960232 2930.8788572531016
227.94491491571307 3002.9094241576254
227.97480013540297 2738.828645027301
228.00468535509285 2176.787884667484
228.03457057478275 1430.1326839200945
228.06445579447265 697.4760181582192
228.09434101416247 203.61886424187176
228.1242262338524 86.78350684370565
228.15411145354227 328.64526141959345
228.1839966732322 779.4242234256925
228.21388189292207 1248.5532556413834
228.243767112612 1589.708098126492
228.27365233230185 1738.1408435644776
228.30353755199172 1704.199070372347
228.3334227716816 1539.8251586088904
228.36330799137153 1299.2694958048717
228.3931932110614 1018.1433550328678
228.42307843075127 719.8007660597871
228.4529636504412 434.4413014090218
228.48284887013108 208.85268513794668
228.51273408982095 100.79751785686152
228.54261930951083 168.56018268713905
228.57250452920076 455.3408338207108
228.60238974889063 955.8188212060525
228.63227496858053 1576.2282763112719
228.6621601882704 2129.3556008108276
228.6920454079603 2395.229172655854
228.72193062765015 2227.6484061470014
228.75181584734008 1653.103827932704
228.78170106702996 910.3607810225203
228.81158628671983 361.43598366005926
228.84147150640973 263.84034502592215
228.87135672609963 578.6110190190308
228.90124194578956 1001.1936193122468
228.9311271654794 1181.460448423836
228.96101238516928 964.2350578146037
228.9908976048592 493.1803387900072
229.0207828245491 93.83995585809296
229.05066804423896 15.362012041729567
229.0805532639289 244.86116773884487
229.11043848361876 546.4472655727177
229.14032370330864 675.7675589717861
229.17020892299848 568.2954819781932
229.2000941426884 340.9810941968973
229.2299793623783 144.47584937646073
229.25986458206816 42.433231897696565
229.2897498017581 29.07815354771725
229.319635021448 116.997912361781
229.34952024113784 349.1067920077656
229.3794054608277 703.5771530271022
229.40929068051764 1020.4159645056428
229.43917590020752 1081.7990299285489
229.4690611198974 809.8193237432451
229.4989463395873 375.4065430876205
229.5288315592772 63.12632671670725
229.55871677896704 6.639217759728246
229.58860199865697 79.45637109984726
229.61848721834687 83.27195489890524
229.64837243803677 63.18521022467553
229.67825765772665 392.14471745719777
229.7081428774165 1463.4851102140333
229.7380280971064 3244.2980396831667
229.76791331679627 5105.833365915472
229.79779853648617 6153.144441946828
229.82768375617607 5851.282685793127
229.857568975866 4400.063031705713
229.88745419555585 2540.206949832824
229.91733941524572 1032.9861442185024
229.9472246349356 244.58086376149308
229.97710985462552 75.15697081925569
230.00699507431543 190.43662009028185
230.03688029400527 309.6615641012447
230.0667655136952 337.3092453467167
230.09665073338508 316.8496816317944
230.12653595307495 313.2177741960848
230.15642117276485 336.9975837471863
230.18630639245475 351.4753781854666
230.21619161214463 326.37513790556966
230.24607683183447 276.11077727205236
230.2759620515244 245.9002766338816
230.30584727121433 258.90473160268857
230.33573249090415 277.71726717924224
230.36561771059408 233.40427045337356
230.395502930284 114.24369275844268
230.42538814997383 30.068820699429068
230.45527336966373 162.95544733165787
230.48515858935363 603.729961291411
230.51504380904356 1209.7036236220683
230.5449290287334 1652.776478324458
230.57481424842328 1650.2368328195544
230.6046994681132 1186.5427790981596
230.63458468780308 548.3839935112876
230.66446990749293 138.18563775036867
230.69435512718283 207.370292455165
230.72424034687276 720.1260375077237
230.75412556656264 1411.2496093434472
230.7840107862525 1941.6242853427807
230.8138960059424 2057.3184252261217
230.8437812256323 1708.2272248858667
230.87366644532216 1076.1644880070412
230.9035516650121 470.4189624296764
230.933436884702 149.3298512314424
230.96332210439184 188.76705488618433
230.9932073240817 456.4981301558535
231.02309254377164 705.1859327760811
231.0529777634615 748.6103730275597
231.0828629831514 588.5825970329489
231.1127482028413 391.42239976161386
231.1426334225312 357.13187676407205
231.1725186422211 585.9681889896102
231.20240386191097 1015.8908649233412
231.23228908160087 1454.5276923553868
231.26217430129077 1686.9215389044953
231.29205952098064 1604.4080674053203
231.3219447406705 1278.1374526812997
231.3518299603604 918.1133371714496
231.3817151800503 728.4021842925165
231.41160039974017 759.6531754059087
231.44148561943007 880.9820360356928
231.47137083912 900.1878826388846
231.50125605880987 727.1761572683614
231.53114127849972 432.40707689989375
231.56102649818965 163.15047088044477
231.59091171787952 20.309059615445157
231.62079693756945 11.903843466189906
231.65068215725927 98.36897224419933
231.6805673769492 247.14061462069384
231.71045259663907 426.5465108648912
231.74033781632895 570.1246627943411
231.77022303601885 592.162500723646
231.80010825570875 467.11349206077847
231.82999347539865 286.1146773792336
231.85987869508847 209.14453515984292
231.8897639147784 345.655035925925
231.91964913446833 671.4085623847209
231.9495343541582 1045.4378455735944
231.97941957384808 1301.0011513381514
232.009304793538 1334.7038230927665
232.03919001322785 1138.6131874391967
232.06907523291773 785.4363420246998
232.0989604526076 401.14671770092815
232.12884567229753 121.07339427051095
232.1587308919874 23.803180434304803
232.18861611167728 91.20677371306355
232.2185013313672 250.5051880619127
232.24838655105708 480.3567073230671
232.27827177074695 878.157035149815
232.30815699043683 1587.7909865022432
232.33804221012676 2625.3359045587094
232.36792742981663 3781.826870619799
232.39781264950653 4703.1634044965
232.4276978691964 5055.485147736033
232.4575830888863 4673.849629600298
232.48746830857615 3657.6603643114977
232.51735352826609 2355.864680542799
232.54723874795596 1229.28676490653
232.57712396764583 663.4991516478161
232.60700918733576 799.6134804036053
232.63689440702564 1446.01834393265
232.66677962671557 2151.1405496130524
232.6966648464054 2451.0156559770107
232.72655006609529 2164.64006501104
232.7564352857852 1507.264395367206
232.7863205054751 895.1357992069653
232.81620572516496 602.9683593717868
232.8460909448549 580.3165059210551
232.87597616454477 570.5240180762373
232.90586138423464 402.00822913271753
232.93574660392449 174.70543437400687
232.9656318236144 163.82633877896623
232.99551704330432 539.5348699262769
233.02540226299416 1171.2989992803384
233.0552874826841 1688.5310596708023
233.085172702374 1751.2050509372823
233.11505792206384 1314.062138784073
233.1449431417537 657.5249656090676
233.17482836144364 171.00921013662645
233.20471358113352 95.57283137012205
233.23459880082345 409.57285250633913
233.2644840205133 887.502219129355
233.2943692402032 1265.0933533543796
233.32425445989304 1394.2939409473504
233.35413967958297 1285.1444695470373
233.38402489927287 1036.4117965202158
233.41391011896275 744.2510982504754
233.44379533865265 473.92849774577
233.4736805583425 318.05746143579194
233.5035657780324 471.4896763899458
233.53345099772227 1184.9074291824763
233.56333621741217 2541.675884862016
233.59322143710207 4216.940365332046
233.623106656792 5489.94285114563
233.65299187648185 5638.11193405373
233.68287709617172 4496.851621497742
233.7127623158616 2690.315767564361
233.74264753555153 1236.7481295586156
233.77253275524143 812.1322029720877
233.80241797493127 1286.8384503345071
233.8323031946212 1937.905004488884
233.86218841431108 2148.4071860958143
233.89207363400095 1920.8101661029768
233.92195885369085 1724.685143415976
233.95184407338076 1899.709153048993
233.98172929307063 2269.294390332229
234.01161451276053 2356.776419124724
234.0414997324504 1917.7461688806204
234.0713849521403 1178.8133947828703
234.1012701718302 567.2340586940037
234.13115539152008 300.61822167089264
234.16104061121 304.27390837848463
234.19092583089983 473.2620786395376
234.22081105058973 869.5267288348451
234.25069627027963 1565.0488846781168
234.28058148996956 2344.530879948588
234.3104667096594 2720.8108296263654
234.34035192934928 2348.115429047135
234.3702371490392 1400.7388660184415
234.4001223687291 468.56480745101686
234.43000758841893 31.32775799773524
234.4598928081089 68.11885893923038
234.4897780277988 223.11381846237097
234.51966324748864 300.49006694018
234.5495484671785 504.91798296246054
234.5794336868684 1150.1051041431194
234.60931890655831 2180.6312804477457
234.63920412624816 3083.0199887809554
234.6690893459381 3290.512723769579
234.698974565628 2664.093562690124
234.72885978531784 1598.8949704799268
234.7587450050077 668.1595791435561
234.78863022469764 191.5742173825552
234.81851544438751 136.5842868290655
234.8484006640774 299.72064558158326
234.8782858837673 487.250219549221
234.9081711034572 572.2083604598389
234.93805632314707 493.95840452325274
234.96794154283697 297.46804227989804
234.99782676252687 159.13501805854403
235.02771198221677 277.2674329218135
235.05759720190665 674.4813723429836
235.0874824215965 1122.1538826305775
235.1173676412864 1318.1189688243255
235.14725286097627 1155.058006918442
235.17713808066617 791.2825532781108
235.20702330035607 475.025086268818
235.236908520046 322.9276250600452
235.26679373973587 272.5531011114191
235.29667895942572 233.69116104767647
235.32656417911565 223.65693634815784
235.35644939880552 320.2209495251389
235.38633461849545 525.807031194516
235.41621983818527 725.0511663194198
235.4461050578752 784.083709381765
235.47599027756507 673.6942599107814
235.50587549725495 480.5838134272023
235.53576071694485 322.8958193560715
235.56564593663475 299.65648281139266
235.59553115632465 509.4026681781145
235.62541637601447 1033.5264456270256
235.6553015957044 1820.895267121566
235.68518681539433 2577.257196039691
235.7150720350842 2874.0212255390898
235.74495725477408 2497.035606288507
235.774842474464 1680.777668818952
235.80472769415385 936.5809448551946
235.83461291384373 630.1304933616929
235.8644981335336 708.3780699222507
235.89438335322356 823.7789517868204
235.9242685729134 692.4570913369465
235.95415379260328 359.0658730956512
235.9840390122932 120.89372449950156
236.01392423198308 146.11481228954452
236.04380945167296 301.3725617490104
236.07369467136283 371.57640327039496
236.1035798910528 281.20628885461895
236.13346511074263 167.27138214539542
236.1633503304325 256.73582353760054
236.1932355501224 552.9751553884068
236.2231207698123 775.593232550519
236.25300598950216 691.4602915409384
236.2828912091921 358.60443659696034
236.312776428882 57.16834704564107
236.34266164857183 24.672047391140485
236.37254686826176 245.8648098104198
236.40243208795164 510.96922750633354
236.43231730764157 630.182212519192
236.4622025273314 565.7938867686479
236.4920877470213 413.2837673216055
236.5219729667112 310.14177819772203
236.5518581864011 375.8548440750493
236.58174340609096 673.2204353717225
236.61162862578087 1130.2654852786736
236.64151384547077 1493.956849226918
236.67139906516064 1455.7945845037966
236.7012842848505 933.6398214198653
236.7311695045404 262.89163194750586
236.76105472423032 22.162654553346567
236.79093994392016 545.3702947194054
236.82082516361007 1574.4379598954274
236.8507103833 2438.8745295644544
236.88059560298987 2622.043951078408
236.91048082267972 2178.1432290229004
236.94036604236965 1600.4497317858747
236.97025126205952 1317.2484174369563
237.00013648174945 1372.970560572084
237.03002170143927 1571.018349469576
237.0599069211292 1825.7393107998728
237.08979214081907 2274.450474641478
237.11967736050897 3008.307682676249
237.14956258019888 3795.447471504703
237.17944779988875 4193.44467760661
237.20933301957865 3938.573811806928
237.23921823926847 3189.513590274999
237.2691034589584 2382.057763387058
237.29898867864827 1859.7205501785552
237.3288738983382 1670.906294126338
237.35875911802808 1684.9048381787711
237.388644337718 1794.1415779781175
237.41852955740785 1934.0958007009567
237.44841477709772 1978.9739373860743
237.47829999678763 1773.081616021826
237.50818521647753 1328.2921075774107
237.53807043616743 950.634831941
237.56795565585728 1065.7577180501369
237.5978408755472 1794.4558950239189
237.62772609523708 2735.4449299177354
237.65761131492695 3272.731851592704
237.68749653461683 3077.5448019524806
237.71738175430676 2311.7519652485353
237.74726697399663 1418.2766409445169
237.77715219368653 744.0897929763366
237.8070374133764 354.0720936983536
237.8369226330663 146.05397818803195
237.8668078527562 44.09265018034851
237.89669307244608 39.19164377432092
237.926578292136 109.66177576932638
237.95646351182583 206.370638163632
237.98634873151576 341.1679579769028
238.01623395120563 621.5744496855749
238.04611917089557 1115.7650618061944
238.0760043905854 1679.2815522692815
238.10588961027528 1987.7448898589523
238.1357748299652 1793.954448651256
238.1656600496551 1171.9644335016367
238.19554526934496 487.54003087682815
238.2254304890349 82.65870934379603
238.2553157087248 6.53653125578052
238.28520092841464 65.20690671932262
238.3150861481045 75.45636002761408
238.3449713677944 38.991044810541055
238.37485658748432 77.03186934902762
238.40474180717416 233.35085165727153
238.4346270268641 394.7491425415732
238.464512246554 407.9238384916858
238.49439746624384 248.5322289440648
238.5242826859337 57.097735244280166
238.55416790562364 6.432502952536205
238.58405312531357 150.56029003330977
238.6139383450034 394.65461032840034
238.6438235646933 585.2646320814137
238.6737087843832 627.8093038019728
238.70359400407307 532.8138159603614
238.73347922376297 376.6254495615518
238.76336444345287 240.5783076625292
238.79324966314277 175.36632093505878
238.82313488283265 192.80418645525185
238.8530201025225 271.8494831896691
238.8829053222124 367.7356333726967
238.91279054190227 424.98426213446606
238.94267576159217 401.2610065210825
238.97256098128207 297.3251384322422
239.002446200972 174.99544074347122
239.03233142066188 141.98008380484129
239.06221664035172 288.9659527911172
239.09210186004165 610.7936796347304
239.12198707973153 998.3259854524044
239.15187229942143 1321.8404964299134
239.18175751911127 1514.573669943513
239.2116427388012 1596.392546751621
239.24152795849108 1639.9925076626096
239.27141317818095 1681.4549482693783
239.30129839787085 1655.1883032536102
239.33118361756075 1459.8672511242844
239.36106883725063 1087.5551582607704
239.39095405694047 655.4166762140896
239.42083927663043 313.51464127204326
239.45072449632033 135.17751007629113
239.4806097160102 89.59318171156566
239.51049493570008 101.17330252286732
239.54038015539 119.69271835466728
239.57026537507983 135.89702440845676
239.60015059476973 148.31693861188742
239.63003581445963 136.41203744080394
239.65992103414956 81.23505548654803
239.6898062538394 12.98730513009482
239.71969147352928 17.27838858369357
239.7495766932192 167.52522235989437
239.77946191290908 444.7528346285468
239.80934713259896 733.4172810605689
239.8392323522889 904.6787857460845
239.8691175719788 915.7486278943682
239.89900279166864 834.7148172510924
239.9288880113585 761.7627550695413
239.9587732310484 728.0849917701656
239.9886584507383 680.7610711656505
240.01854367042816 558.004047196502
240.0484288901181 364.9155231973602
240.078314109808 175.4716329585896
240.10819932949784 67.54740809953012
240.13808454918777 59.40172618269048
240.16796976887764 105.82483641698992
240.19785498856757 148.26763639008425
240.2277402082574 162.74451906983333
240.2576254279473 163.44264736332516
240.2875106476372 175.07255043070367
240.3173958673271 208.03988667716072
240.34728108701697 247.3719248427
240.37716630670687 253.01967688987307
240.40705152639677 184.39956004142977
240.43693674608664 59.785708497350726
240.46682196577652 5.788865863400826
240.4967071854664 212.199749915678
240.52659240515632 775.2970697803607
240.55647762484617 1542.7423888361632
240.58636284453607 2126.071931492331
240.616248064226 2146.8464357903235
240.64613328391587 1560.2099411081845
240.67601850360572 737.0583493335173
240.70590372329565 173.24856383713959
240.73578894298552 97.32318770590835
240.76567416267545 332.65417552582545
240.79555938236527 509.7599155354383
240.8254446020552 441.7852056092547
240.85532982174513 311.6461413779669
240.88521504143495 476.7241268848989
240.91510026112488 1105.2104926449742
240.94498548081475 1998.9363859214825
240.97487070050465 2732.4514847315854
241.00475592019447 2969.8180462976766
241.0346411398844 2692.030589399364
241.06452635957433 2159.8537801285925
241.0944115792642 1693.7658488604902
241.12429679895408 1498.6775772321112
241.154182018644 1643.6986907866828
241.18406723833385 2119.599750459457
241.21395245802373 2845.717027133872
241.24383767771363 3602.4208241503843
241.27372289740356 4015.703831455372
241.30360811709343 3717.98513179405
241.33349333678328 2634.56135172352
241.3633785564732 1185.890299212902
241.39326377616308 173.91685792133984
241.42314899585296 303.1263296030551
241.45303421554283 1623.281427782386
241.48291943523276 3380.7873481006473
241.51280465492263 4501.724969235479
241.5426898746125 4346.4704449153405
241.57257509430244 3121.311343637287
241.6024603139923 1641.7902051578128
241.6323455336822 668.0973662607511
241.66223075337209 399.1161294126656
241.692115973062 531.6028209575961
241.72200119275183 688.4537318887689
241.75188641244176 727.5959680092678
241.78177163213164 706.9790008599762
241.81165685182157 686.3606049872053
241.8415420715114 656.6595492688454
241.8714272912013 637.323621803142
241.9013125108912 733.218771914892
241.9311977305811 1019.6808801926805
241.96108295027096 1389.3863941661507
241.9909681699609 1576.3388492491683
242.0208533896508 1379.594646933078
242.05073860934064 871.6898266843283
242.08062382903051 348.93346990646944
242.1105090487204 57.63415516734187
242.14039426841032 6.723013626501006
242.17027948810016 50.54723682097216
242.2001647077901 87.81828022534934
242.23004992748 128.57417338434473
242.25993514716984 195.13328604918007
242.28982036685971 242.6614953313044
242.31970558654965 227.4719004955692
242.34959080623955 216.4947367243957
242.37947602592945 347.529651205151
242.40936124561927 642.2388212831062
242.4392464653092 906.476885443306
242.46913168499907 889.2256721022113
242.49901690468897 559.764485111353
242.52890212437887 188.93570972791093
242.55878734406875 104.78985871272894
242.58867256375865 362.89391101385047
242.61855778344847 697.8777866904367
242.6484430031384 804.718118780039
242.67832822282827 623.140154554582
242.7082134425182 337.8272353314012
242.73809866220807 149.42745073655908
242.767983881898 100.55323842807876
242.79786910158788 139.80281793428517
242.82775432127772 295.41226808897807
242.85763954096765 687.2322049952958
242.88752476065753 1326.2229729544958
242.91740998034743 1955.1963916523207
242.94729520003727 2178.535362497236
242.9771804197272 1805.2316809782133
243.00706563941708 1063.8745599587924
243.03695085910695 433.53147286990634
243.06683607879688 230.96464693243772
243.09672129848676 378.331766201668
243.12660651817663 548.4629332175692
243.15649173786653 488.83390022995655
243.18637695755643 233.7904809499169
243.2162621772463 42.28181941293286
243.2461473969362 143.91367694512417
243.27603261662608 570.5430662099021
243.305917836316 1211.1357591472593
243.33580305600583 1951.8080581624668
243.36568827569576 2719.6434459201255
243.39557349538563 3417.2817268525714
243.42545871507556 3866.083516916244
243.45534393476544 3865.955744991983
243.48522915445528 3372.2002919508623
243.5151143741452 2625.177336157596
243.5449995938351 2053.441906519884
243.57488481352496 1998.7596349247851
243.6047700332149 2485.314520221555
243.6346552529048 3214.0146816572565
243.66454047259464 3789.6468018304495
243.6944256922845 3990.8769205003214
243.7243109119744 3867.6931758728697
243.75419613166432 3637.7500439356254
243.78408135135416 3516.7977122723146
243.8139665710441 3603.544611265104
243.843851790734 3842.442931949252
243.87373701042384 4048.1969246654903
243.90362223011377 3988.955746217569
243.93350744980364 3513.9198668669214
243.96339266949357 2658.403046130069
243.9932778891834 1645.3855115998952
244.0231631088733 770.4917988705912
244.0530483285632 240.0221258636716
244.08293354825307 67.07960841871757
244.11281876794297 92.48234060486446
244.14270398763287 117.59687889300612
244.17258920732277 59.1585100851047
244.20247442701265 0.7133604739169496
244.23235964670252 99.01639247242251
244.2622448663924 437.076284167436
244.29213008608232 937.9754154142807
244.32201530577217 1389.9001526179047
244.35190052546207 1563.6646370123924
244.381785745152 1351.8230008556764
244.41167096484187 845.2483838518201
244.44155618453172 298.87970056562494
244.47144140422165 9.232217982962188
244.50132662391152 166.38844709269554
244.53121184360143 746.5131333262533
244.56109706329127 1516.1467399954383
244.5909822829812 2158.1556156486126
244.62086750267113 2433.687636951545
244.65075272236095 2292.575300517965
244.68063794205088 1880.1207193562236
244.71052316174075 1430.2137893449672
244.74040838143063 1125.1129124706347
244.77029360112047 1026.8416442544135
244.80017882081043 1090.3215974720429
244.83006404050033 1207.731847959352
244.8599492601902 1258.463018407306
244.88983447988008 1159.4391619731227
244.91971969957 901.6224792352291
244.94960491925988 553.0266528425508
244.97949013894973 227.42431728768844
245.00937535863963 38.08655608133042
245.03926057832956 49.36513043361533
245.06914579801943 237.71601833617007
245.09903101770928 496.27108582131535
245.1289162373992 698.0379438540676
245.15880145708908 767.9022676768969
245.18868667677896 708.7888407331446
245.21857189646883 579.3942396105585
245.2484571161588 449.694485902258
245.27834233584863 364.4565933761434
245.3082275555385 336.12828575770106
245.33811277522844 360.65028237608175
245.3679979949183 429.70612205310937
245.3978832146082 526.5393655040579
245.4277684342981 618.7703577223317
245.457653653988 667.7584022860536
245.48753887367783 654.908786651116
245.51742409336777 600.8043013640146
245.54730931305764 552.8427830313361
245.57719453274757 546.857212556024
245.6070797524374 575.4089316710553
245.6369649721273 590.4158274611084
245.6668501918172 537.8797472357093
245.6967354115071 401.561085254598
245.72662063119697 224.55443162072936
245.75650585088687 83.68320267094256
245.7863910705768 33.13855237573954
245.81627629026664 69.4637441356443
245.84616150995652 150.97880250890924
245.8760467296464 253.95778642544477
245.90593194933632 400.3116510078953
245.93581716902617 618.2416703083977
245.96570238871607 886.2648863938177
245.995587608406 1130.0983944702411
246.02547282809587 1287.4666521634856
246.05535804778577 1382.1744761740192
246.08524326747565 1508.3724534546532
246.11512848716555 1720.5233617144168
246.14501370685545 1942.1495440657727
246.17489892654527 1993.3551809765088
246.2047841462352 1736.201078589384
246.23466936592513 1212.3814770004315
246.26455458561497 633.5534969601958
246.29443980530488 228.11149166784128
246.32432502499475 77.2014747111427
246.35421024468465 90.94510588090164
246.38409546437447 146.0009259310636
246.4139806840644 219.2493097758307
246.44386590375433 379.850290420292
246.4737511234442 682.219813088895
246.50363634313408 1077.7123327650795
246.533521562824 1423.6618761125376
246.56340678251388 1577.6931219206247
246.59329200220373 1488.449794721818
246.62317722189363 1210.6579881187051
246.65306244158353 852.2115923529043
246.68294766127343 515.0883142020806
246.71283288096328 267.02197765133366
246.7427181006532 129.16241146128667
246.77260332034308 73.15449751112239
246.80248854003295 49.06810339336904
246.83237375972288 37.8169443178494
246.86225897941276 79.47899394961458
246.89214419910263 235.0333021133785
246.92202941879253 498.71567645397073
246.95191463848244 751.6171807348179
246.9817998581723 831.8387504040414
247.0116850778622 672.7899111296326
247.04157029755208 376.4403816645845
247.071455517242 142.56037740503714
247.10134073693183 115.30713825951102
247.13122595662176 279.6332399982504
247.1611111763117 480.1724208165049
247.19099639600157 546.4808556664168
247.22088161569144 425.99395653107223
247.25076683538128 208.45023115142627
247.2806520550712 40.973295973011126
247.3105372747611 23.15718820638065
247.34042249445096 152.78047220658596
247.3703077141409 348.9622738227218
247.4001929338308 519.0744155584359
247.43007815352064 605.579642247277
247.4599633732105 592.6459112314488
247.4898485929004 493.10107673785666
247.51973381259032 338.47046451904146
247.5496190322802 176.2112211619009
247.5795042519701 63.99335002619748
247.60938947166 54.65801382865831
247.63927469134984 166.10074000718595
247.66915991103977 351.94328094543386
247.69904513072964 520.8100440058117
247.72893035041955 596.2253786327716
247.7588155701094 552.3089565040973
247.7887007897993 424.4121422353284
247.8185860094892 302.7994549768501
247.84847122917907 273.8365224125066
247.87835644886897 352.2070399601939
247.90824166855887 491.38467552086246
247.9381268882488 640.1622486228083
247.96801210793865 767.8749098277541
247.99789732762852 850.7684203607416
248.0277825473184 855.3576337945024
248.05766776700833 753.8833148958012
248.08755298669817 566.8010201295112
248.11743820638807 373.0818534535106
248.147323426078 260.9736017780646
248.17720864576788 268.8613090578122
248.20709386545772 360.29006612276464
248.23697908514765 446.8946204695503
248.26686430483753 454.88100335499104
248.29674952452743 382.89095431335136
248.32663474421727 289.5758864121313
248.3565199639072 223.43349517491208
248.38640518359713 174.12849870458655
248.41629040328695 103.0340621172433
248.44617562297688 31.92165767782856
248.47606084266675 101.260329364873
248.50594606235663 508.5479345035
248.53583128204653 1339.0220946487243
248.56571650173643 2421.210193304766
248.59560172142633 3369.3946070769884
248.6254869411162 3827.235899101093
248.65537216080608 3696.0521659661513
248.685257380496 3153.4819228689153
248.71514260018589 2501.9679004943414
248.74502781987573 1997.9798859814705
248.7749130395657 1784.1645457365514
248.80479825925556 1932.028155282448
248.83468347894544 2452.6950782016406
248.86456869863528 3195.6903012442767
248.8944539183252 3781.2612751310953
248.92433913801509 3756.3116301609975
248.95422435770496 2929.260265156094
248.9841095773949 1605.2017679016303
249.0139947970848 451.6687530111456
249.04388001677464 19.791141506228126
249.0737652364645 336.7193606672945
249.10365045615444 934.8490717315226
249.1335356758443 1245.220693428745
249.1634208955342 1044.4424893360697
249.1933061152241 611.6119203894225
249.223191334914 434.3095331800749
249.25307655460384 763.5924376961588
249.28296177429377 1431.9634598991815
249.31284699398364 2005.1332664004824
249.34273221367357 2092.964582713107
249.3726174333634 1607.3240597137367
249.4025026530533 822.6209408554539
249.4323878727432 226.26691321947928
249.4622730924331 263.23969149388085
249.49215831212297 1084.8091782890872
249.52204353181287 2411.264506232501
249.5519287515028 3648.6143792018943
249.58181397119264 4255.130214938983
249.61169919088252 4074.0927913590754
249.6415844105724 3335.5011162033625
249.67146963026232 2393.0515561617935
249.70135484995217 1504.4185934294153
249.73124006964207 791.6635890746437
249.761125289332 302.56848259906536
249.79101050902187 79.44509589959169
249.82089572871175 142.5337259931452
249.85078094840165 409.4425532183364
249.88066616809155 715.4970690977607
249.91055138778145 952.2844557172488
249.94043660747127 1178.3905903594027
249.9703218271612 1577.0706806132184
250.00020704685113 2236.0733056961494
250.03009226654095 2965.374382691575
250.05997748623088 3404.742938001145
250.08986270592075 3302.430805853963
250.11974792561065 2685.49430571556
250.14963314530053 1838.2001725680905
250.1795183649904 1120.6119146936128
250.20940358468036 736.6369994771238
250.2392888043702 644.7535912632396
250.26917402406008 666.1141029503125
250.29905924375 643.5506119014368
250.32894446343988 520.9755793317257
250.35882968312973 334.70824115320295
250.38871490281963 160.0812597741875
250.41860012250956 53.95819695840935
250.44848534219943 26.867984245450177
250.47837056188928 54.842722002817126
250.5082557815792 104.60710714542292
250.5381410012691 145.23682156355775
250.56802622095896 151.2679997218451
250.5979114406489 113.24574305377737
250.62779666033876 53.76095199288709
250.65768188002863 31.18389565178646
250.6875670997185 109.13392224983885
250.71745231940844 293.1877290883749
250.7473375390983 494.3135767897477
250.7772227587882 580.0947740711957
250.8071079784781 479.85938593815
250.836993198168 252.98874019914484
250.86687841785783 63.949606752392256
250.89676363754776 66.67107003708577
250.92664885723767 282.53390246527647
250.95653407692757 580.7848068475631
250.98641929661744 766.945211845672
251.0163045163073 711.7936860806275
251.0461897359972 447.7285368596145
251.0760749556871 160.361873513567
251.10596017537696 66.50928173427741
251.13584539506687 262.4087717908874
251.1657306147568 647.5502417299067
251.19561583444664 983.8675240839018
251.22550105413652 1065.726140644244
251.2553862738264 879.4662766893739
251.28527149351632 623.9004273062568
251.31515671320625 565.0107383010604
251.34504193289607 822.1653275155827
251.374927152586 1262.7642816441185
251.40481237227587 1620.5833027721994
251.43469759196577 1719.2453911208654
251.46458281165565 1586.9007326590092
251.49446803134555 1400.3687328495892
251.52435325103545 1330.5035149198295
251.55423847072527 1407.2361707619727
251.5841236904152 1501.444242650029
251.61400891010507 1430.270261932263
251.643894129795 1106.4793859757683
251.67377934948487 621.4604819695065
251.7036645691748 199.05967914229055
251.73354978886465 44.36358279577025
251.76343500855452 191.43557006652972
251.7933202282444 479.5666459653253
251.82320544793433 679.0521071854932
251.8530906676242 658.0065255377672
251.88297588731407 464.56517384480225
251.912861107004 264.98890644659025
251.94274632669388 191.26393522836057
251.97263154638372 230.83493455184495
252.00251676607363 260.918517406656
252.03240198576356 194.77181206935592
252.06228720545343 80.05914133596806
252.09217242514333 42.59840634323514
252.1220576448332 140.7587206543158
252.1519428645231 284.4901850208332
252.18182808421295 315.7334732832328
252.21171330390288 183.00873623320248
252.24159852359276 23.492736521757237
252.27148374328263 51.71779230379534
252.30136896297253 355.17628370904583
252.33125418266243 786.7213637347744
252.3611394023523 1065.8804310633232
252.3910246220422 1025.037203864726
252.42090984173208 764.3874119218852
252.450795061422 547.3869429273377
252.4806802811119 561.5373735609289
252.51056550080176 790.2868180059389
252.5404507204917 1100.7574406648057
252.57033594018156 1441.8128545888453
252.60022115987144 1919.9735579037929
252.63010637956128 2656.7148538889646
252.6599915992512 3589.176216699363
252.6898768189411 4410.33271519586
252.71976203863096 4722.756676121468
252.7496472583209 4329.54000184311
252.7795324780108 3402.644122491657
252.80941769770064 2343.6417319467255
252.8393029173905 1503.3507053517772
252.86918813708044 1030.4378148612195
252.89907335677032 895.1238893224025
252.9289585764602 977.314989549304
252.9588437961501 1134.0007619919072
252.98872901584 1244.8530250521912
253.01861423552984 1265.579657489358
253.04849945521977 1254.0932586948556
253.07838467490964 1302.0956469146674
253.10826989459957 1418.5165047828334
253.13815511428945 1490.9772086940027
253.1680403339793 1363.103018997326
253.1979255536692 980.3928552137944
253.22781077335907 491.48547359900584
253.25769599304897 153.69036365937495
253.28758121273887 98.38412780660958
253.3174664324288 221.8320074768515
253.34735165211865 311.9839754249804
253.37723687180852 257.60360051776104
253.4071220914984 126.13579089880557
253.43700731118832 49.26069574620966
253.46689253087817 66.04190681911443
253.49677775056807 99.9958781962548
253.526662970258 76.80378711558501
253.55654818994788 25.71362123865037
253.58643340963775 35.1824769377627
253.61631862932765 131.8083331103558
253.64620384901755 240.949353882805
253.67608906870743 272.57158672096097
253.70597428839727 231.80901813716687
253.7358595080872 217.55498689343457
253.76574472777713 303.94058146950266
253.79562994746695 455.2197133284841
253.82551516715688 570.8130694501989
253.85540038684675 590.29358026227
253.88528560653663 541.7908112910688
253.91517082622653 495.5444202833567
253.94505604591643 479.93219644814144
253.97494126560636 453.2489086728716
254.0048264852962 363.6009109898694
254.03471170498608 226.06476398712184
254.064596924676 125.8872579789214
254.09448214436588 143.33446730067823
254.12436736405573 282.13403567772934
254.15425258374563 470.10765936559136
254.18413780343556 615.5047197992258
254.21402302312543 661.8419404014679
254.24390824281528 610.5494295781758
254.2737934625052 507.8321972958535
254.3036786821951 409.5069343257487
254.33356390188496 352.87947522469574
254.3634491215749 352.2549044106452
254.3933343412648 407.4828401292738
254.42321956095464 509.069112928368
254.4531047806445 636.889321447622
254.48299000033444 761.2705825764094
254.5128752200243 852.9321045710277
254.5427604397142 895.2232121941574
254.5726456594041 887.7038078743985
254.602530879094 841.2078223522744
254.6324160987839 772.5093668818412
254.66230131847377 702.2959361067856
254.69218653816367 651.9068579594672
254.72207175785357 633.2103683092681
254.75195697754344 637.6093759312411
254.7818421972333 639.9085232401363
254.8117274169232 619.5299174950517
254.8416126366131 580.8210627239753
254.87149785630297 557.6318753305983
254.90138307599287 604.0438298378973
254.9312682956828 774.8995856090971
254.96115351537264 1093.7835629841595
254.99103873506252 1514.9057623017331
255.02092395475245 1910.55361082923
255.05080917444232 2121.1637018681126
255.08069439413225 2051.5158955227726
255.11057961382207 1737.9453455242958
255.140464833512 1329.6262507349206
255.17035005320187 988.3356334326816
255.20023527289175 770.3045505816701
255.23012049258165 599.5130688102662
255.26000571227155 379.7618534012777
255.28989093196145 131.9184413862505
255.31977615165127 2.618831495813194
255.3496613713412 128.88728818984055
255.37954659103113 487.83472874034845
255.409431810721 886.4015720901001
255.43931703041088 1110.1161766742089
255.4692022501008 1077.7337141787655
255.49908746979065 862.0656327410256
255.52897268948053 593.1899311457005
255.5588579091704 359.0560302577298
255.58874312886033 189.80393052792928
255.6186283485502 100.99874502157024
255.64851356824008 107.59150585031476
255.67839878793 189.47252833127033
255.70828400761988 279.9213622449625
255.73816922730973 315.9944561164652
255.76805444699963 292.6931816714253
255.79793966668956 255.79771308332897
255.82782488637943 241.9845329174948
255.85771010606933 230.18502949227795
255.8875953257592 169.5281856680596
255.9174805454491 64.07745375622805
255.94736576513895 0.3124605282423276
255.97725098482888 66.69768040020787
256.00713620451876 261.5467503133795
256.03702142420866 494.54799262154097
256.06690664389856 673.8081147775687
256.09679186358846 790.6829956428113
256.1266770832784 927.5067475546145
256.15656230296827 1189.902280194826
256.18644752265806 1628.7162593337086
256.216332742348 2200.603009344593
256.2462179620379 2769.829126014577
256.2761031817278 3146.3585350051685
256.30598840141766 3163.2192639751984
256.3358736211076 2773.82365253166
256.3657588407974 2099.1521243753473
256.39564406048737 1362.374377816384
256.4255292801772 760.8393491432496
256.4554144998671 388.6134264194439
256.485299719557 245.36901538589083
256.51518493924686 279.1993902264796
256.5450701589368 404.2964093766234
256.5749553786266 505.05353192633487
256.60484059831657 492.84381134009215
256.6347258180065 409.5736625622886
256.6646110376964 462.7497594641081
256.6944962573862 885.8105728497152
256.72438147707607 1687.299173787669
256.754266696766 2544.3556627403814
256.7841519164559 2996.9508598725106
256.81403713614577 2779.3742474466685
256.8439223558357 2015.1037319241536
256.8738075755256 1138.245319791176
256.9036927952155 595.3527695689788
256.9335780149054 543.605501284116
256.9634632345952 793.0326363369494
256.9933484542851 1049.1159685805387
257.023233673975 1234.6975502301348
257.05311889366493 1585.4769009045115
257.0830041133548 2416.4144526043556
257.1128893330447 3743.47738274372
257.1427745527346 5077.861344438787
257.1726597724245 5619.530028756848
257.2025449921143 4814.7712094374165
257.2324302118042 2905.6844278982016
257.26231543149413 933.4266955857338
257.29220065118403 45.15608758937529
257.32208587087393 633.9089753875205
257.3519710905638 2026.8731402190092
257.3818563102537 3017.429871224163
257.4117415299436 2823.5093554146088
257.4416267496335 1643.0200663519715
257.47151196932333 409.30609766846266
257.50139718901323 18.038434699507608
257.53128240870313 636.0667776255475
257.56116762839304 1682.9463348980096
257.5910528480829 2395.5227737798205
257.6209380677728 2381.33905480518
257.6508232874627 1840.9085069415407
257.6807085071526 1332.2381617086098
257.7105937268425 1273.7731509562532
257.74047894653233 1670.6750902103568
257.77036416622224 2144.8706345241008
257.80024938591214 2199.9425054139756
257.83013460560204 1656.7397179285063
257.8600198252919 846.1042877442003
257.8899050449818 334.11544185274835
257.9197902646717 426.22915870476817
257.9496754843616 871.2203654019305
257.97956070405144 1101.6147926783312
258.00944592374134 809.8033221019398
258.03933114343124 261.48406678733033
258.06921636312114 3.986030518406807
258.09910158281104 245.12280029543723
258.1289868025009 628.6568906731404
258.1588720221908 675.2979374692142
258.1887572418807 346.23456363714007
258.21864246157054 80.28686287732377
258.24852768126044 243.1784656724148
258.27841290095034 658.3672740027746
258.30829812064025 818.3892249232865
258.33818334033015 556.5327238833548
258.36806856002005 422.85064080184605
258.3979537797099 1216.6409423826744
258.42783899939974 3062.2411910376727
258.4577242190897 5047.712212193378
258.4876094387796 5871.712742110295
258.51749465846945 4953.7542323040125
258.54737987815935 2935.75678251276
258.57726509784925 1055.5302589139444
258.60715031753915 125.02693918031648
258.63703553722894 82.77959856473555
258.6669207569189 322.75800426736026
258.6968059766088 364.9336128400692
258.7266911962987 220.37227206597288
258.7565764159886 195.08204920172824
258.78646163567845 491.99128710321753
258.81634685536835 1028.4894868102144
258.84623207505825 1540.510898830072
258.8761172947481 1784.2603619758236
258.906002514438 1649.0693370837764
258.9358877341279 1185.367862262562
258.9657729538178 605.7995905921815
258.9956581735077 211.4306749284436
259.02554339319755 213.61105902329967
259.05542861288745 551.2198124091312
259.0853138325773 895.2035192479256
259.11519905226726 923.0218362438364
259.14508427195716 603.520581314135
259.174969491647 200.0947653834544
259.2048547113369 33.60759675965937
259.2347399310268 208.72123527246043
259.2646251507167 530.4398955603535
259.2945103704065 715.0537831766594
259.32439559009646 664.4761740402062
259.35428080978636 503.133613004645
259.38416602947626 377.60532354265337
259.4140512491661 294.6301534278208
259.443936468856 193.70255986227167
259.4738216885459 88.49796928699081
259.5037069082358 99.22930325832179
259.53359212792566 383.480071819
259.5634773476156 957.0312980602067
259.59336256730546 1595.460335337874
259.62324778699536 1977.7182916280924
259.65313300668527 1885.789471214776
259.6830182263751 1378.140630855102
259.712903446065 751.9879838317462
259.74278866575486 275.552800462572
259.7726738854448 42.92282183808561
259.80255910513466 34.497082852991795
259.83244432482456 183.75720254763533
259.86232954451447 400.1428831667329
259.8922147642044 583.8070629167075
259.92209998389427 644.4871814534381
259.95198520358406 545.3214515908953
259.981870423274 331.4148369763193
260.0117556429639 112.91162147735432
260.0416408626538 6.687086565331056
260.07152608234367 56.38540236156263
260.1014113020336 215.63549632665152
260.13129652172347 415.6351859754729
260.1611817414134 642.0180210234606
260.1910669611032 948.0477370130579
260.2209521807931 1365.3666369204957
260.250837400483 1807.8660421350853
260.28072262017287 2101.7673852257567
260.3106078398628 2124.7485563142377
260.34049305955267 1934.3039257707633
260.3703782792426 1731.3715750408865
260.4002634989325 1655.5632171880143
260.4301487186224 1647.4842507880353
260.4600339383122 1527.1397685564802
260.48991915800207 1214.435902483817
260.519804377692 893.1454473186175
260.5496895973819 880.449477671093
260.5795748170718 1246.495478902686
260.6094600367617 1616.5006292253847
260.6393452564516 1482.3751344422362
260.6692304761415 805.0551894734806
260.6991156958314 256.57971270646567
260.7290009155212 696.8540658214378
260.7588861352111 2314.2594247110887
260.78877135490103 4288.288542184548
260.81865657459093 5335.9648586493695
260.8485417942808 4711.763556240949
260.8784270139707 2825.959153693449
260.9083122336606 918.1638836487441
260.9381974533505 32.51423354197412
260.9680826730404 234.78365268225315
260.99796789273023 785.6272731023865
261.02785311242013 954.5597936881088
261.05773833211003 616.7590786553461
261.08762355179994 190.28716097490573
261.1175087714898 117.91312489190273
261.1473939911797 450.0388895422105
261.1772792108696 878.0185508333722
261.2071644305595 1072.2681093735366
261.23704965024933 965.3943794255667
261.26693486993923 717.005086154368
261.29682008962914 489.6736531937013
261.32670530931904 355.51238143239596
261.35659052900894 321.17757569001685
261.3864757486988 409.26063009975
261.4163609683887 731.4840729424286
261.44624618807853 1362.431921293953
261.4761314077685 2196.9270538318774
261.50601662745834 2961.8530031949804
261.53590184714824 3280.731031782545
261.56578706683814 2924.3192811527097
261.59567228652804 2061.1087635753297
261.6255575062179 1113.2542425643262
261.65544272590773 453.5345220912034
261.6853279455977 206.31245104970944
261.7152131652876 195.31898160936493
261.7450983849775 166.20999802645423
261.77498360466734 61.40773829680617
261.80486882435724 24.471109650473295
261.83475404404714 200.126449630218
261.86463926373705 545.1755542894906
261.8945244834269 858.6588376036891
261.9244097031168 1002.870061206144
261.9542949228067 1024.3792328882384
261.98418014249654 1071.465963193295
262.01406536218644 1226.6415016229491
262.04395058187635 1399.540935214065
262.07383580156625 1408.583863318691
262.1037210212561 1186.8162582426005
262.13360624094605 871.5408187273232
262.1634914606359 686.3351714698754
262.19337668032574 766.152821367115
262.2232619000157 1084.7475737352274
262.2531471197056 1476.2891607927324
262.28303233939545 1691.5161777885714
262.3129175590853 1529.8353668284108
262.34280277877525 1011.8759295738258
262.37268799846515 405.74740491556304
262.40257321815494 40.35195900239724
262.4324584378449 60.68831670478188
262.4623436575348 338.67867998959525
262.4922288772247 623.6381784262384
262.5221140969146 779.5573750461401
262.55199931660445 870.8595639641045
262.58188453629435 1034.2379220472108
262.61176975598426 1277.173572752669
262.6416549756741 1421.7955412497251
262.671540195364 1284.2733002027198
262.7014254150539 889.0683727076848
262.7313106347438 451.9476533991784
262.76119585443365 171.7044344807165
262.79108107412355 80.27792157797082
262.82096629381346 73.34213059740358
262.8508515135033 48.95719581659088
262.88073673319326 7.386748839383784
262.9106219528832 33.87768516693802
262.940507172573 219.9127954626828
262.97039239226285 604.3079738099019
263.0002776119528 1146.1327952815827
263.0301628316427 1714.5360428645824
263.0600480513325 2108.9539393440446
263.08993327102246 2138.022185851844
263.1198184907124 1745.610211219815
263.14970371040226 1091.648244705394
263.17958893009205 470.15172197847744
263.209474149782 112.21141968949082
263.2393593694719 80.89746885196173
263.2692445891618 320.61389500979624
263.29912980885166 728.6365876571958
263.3290150285416 1170.4363535777145
263.35890024823146 1482.2510098098635
263.38878546792137 1534.314201472164
263.41867068761127 1358.7364899919992
263.4485559073011 1198.9003934179316
263.478441126991 1354.2365198554287
263.50832634668086 1918.3817947922903
263.5382115663708 2637.8778002734
263.56809678606066 3056.750300257788
263.59798200575057 2882.23664446364
263.62786722544047 2221.929963497644
263.6577524451304 1439.2433067283798
263.6876376648203 838.0086181191404
263.71752288451006 510.8787246998823
263.7474081042 405.6500937060827
263.7772933238899 453.41149010281526
263.8071785435798 604.8522243927939
263.83706376326967 775.2664040789581
263.8669489829596 828.0591319380984
263.8968342026495 667.4073192385579
263.9267194223394 350.95851076713234
263.9566046420293 87.11664895196003
263.9864898617191 101.1654038044609
264.016375081409 478.6059530267995
264.04626030109887 1103.89221121555
264.0761455207888 1716.5207671683715
264.1060307404787 2022.2629710537265
264.1359159601686 1833.5705760094463
264.1658011798585 1220.9359172022084
264.1956863995484 551.713297816696
264.2255716192382 299.47630927633435
264.25545683892807 708.1002833204716
264.285342058618 1575.5411633299534
264.31522727830793 2353.130201885485
264.34511249799783 2505.946567012761
264.3749977176877 1903.1886681646624
264.4048829373776 937.3783621216493
264.4347681570675 209.44602143682133
264.4646533767574 45.61170810252149
264.4945385964472 307.6510812847218
264.5244238161372 609.3871368919564
264.55430903582703 667.070694288699
264.58419425551693 484.656220624308
264.6140794752068 274.9541382533678
264.6439646948967 230.15285661402777
264.6738499145866 361.564692400413
264.7037351342765 534.1172543080716
264.7336203539664 615.8398475862413
264.76350557365623 595.6251050217029
264.79339079334613 592.8644711061021
264.82327601303604 756.9461111748428
264.85316123272594 1139.7110501116863
264.8830464524158 1650.5060568555018
264.9129316721057 2117.946171194027
264.9428168917956 2401.998171688361
264.9727021114855 2471.8324514933142
265.00258733117533 2392.615759488844
265.03247255086524 2258.7207156156373
265.06235777055514 2139.2855152480747
265.09224299024504 2045.5571070456008
265.12212820993494 1937.9197024298128
265.1520134296248 1782.1005446086467
265.1818986493147 1585.0699414974604
265.21178386900453 1377.648379410301
265.2416690886945 1195.2854603350463
265.27155430838434 1067.562895842991
265.30143952807424 994.0566674567935
265.33132474776414 931.8224277168079
265.36120996745404 827.7223225655498
265.3910951871439 676.5913451637554
265.42098040683373 552.7681491383862
265.4508656265237 580.0311301930936
265.4807508462136 845.3684102396268
265.5106360659035 1307.9017134341718
265.54052128559334 1778.6352456242723
265.57040650528324 2016.8900194587236
265.60029172497315 1907.715711036544
265.63017694466305 1570.8647152246078
265.6600621643529 1260.8495992360788
265.6899473840428 1151.8745140176231
265.7198326037327 1227.3629159744428
265.74971782342254 1345.7800183304444
265.77960304311244 1379.5195516534989
265.80948826280235 1292.0824983601203
265.83937348249225 1120.5305220612372
265.8692587021821 913.8515844569001
265.89914392187205 688.4065943688748
265.9290291415619 449.33552953088287
265.9589143612518 243.49673695193985
265.9887995809417 148.5741058917496
266.0186848006316 203.68269093130297
266.04857002032145 382.1355140210395
266.0784552400113 650.1036619187477
266.10834045970125 1028.994786760357
266.13822567939116 1544.7118051184295
266.168110899081 2089.9258618246
266.1979961187709 2378.067458065497
266.2278813384608 2116.5760776878847
266.2577665581507 1307.461259167116
266.2876517778406 391.12022432898567
266.31753699753045 5.886444857739149
266.34742221722036 485.3034748391976
266.37730743691026 1529.1219947171924
266.4071926566001 2384.171843777602
266.43707787629 2424.4039130672486
266.4669630959799 1648.9788423726432
266.4968483156698 662.6791668335267
266.52673353535965 151.58984207132002
266.55661875504956 331.00814393255126
266.58650397473946 849.2742510908766
266.6163891944293 1175.0695455927291
266.64627441411926 1059.5766272691847
266.6761596338092 657.3322407858913
266.706044853499 281.16611722048106
266.73593007318885 109.13810084198764
266.7658152928788 128.60182629268775
266.7957005125687 316.86611531005445
266.8255857322585 804.220762651791
266.85547095194846 1788.9706629482876
266.8853561716384 3265.292064408108
266.91524139132827 4838.296594819684
266.94512661101817 5860.949233995527
266.975011830708 5861.602599211238
267.0048970503979 4887.696704863926
267.0347822700878 3449.415220676371
267.06466748977766 2176.593745452327
267.0945527094676 1466.359739518522
267.12443792915747 1288.0899769087885
267.15432314884737 1279.9781615923134
267.18420836853727 1101.7068264255036
267.2140935882271 700.027793948363
267.243978807917 264.2221737501155
267.27386402760686 23.72778406521409
267.3037492472968 83.63797245172957
267.3336344669867 372.6445992700731
267.36351968667657 728.6778262860017
267.39340490636647 1024.5368696405408
267.4232901260564 1201.463717335148
267.4531753457463 1240.2529114567383
267.48306056543606 1147.9748926211228
267.512945785126 952.3188320201475
267.5428310048159 696.300982131988
267.5727162245058 440.18605477560624
267.60260144419567 242.05524589429007
267.6324866638856 126.29715403531182
267.6623718835755 89.43513185131168
267.6922571032654 132.5438929707623
267.7221423229553 266.4956530528551
267.7520275426451 472.27194012737755
267.781912762335 660.0276865432161
267.81179798202487 702.0502644501332
267.8416832017148 544.3380764349797
267.8715684214047 293.280445856223
267.9014536410946 178.9718307956743
267.9313388607845 389.91416814347326
267.9612240804744 887.007682506504
267.9911093001642 1377.3172182020296
268.02099451985407 1521.51267676715
268.050879739544 1213.2698997096995
268.08076495923393 668.9942815636041
268.11065017892383 233.22491109989556
268.1405353986137 89.84447945952994
268.1704206183036 149.8506443627685
268.2003058379935 190.02882729735327
268.2301910576834 99.57680726563133
268.2600762773732 1.201526596606626
268.28996149706313 118.65624430150042
268.31984671675303 525.5846752198566
268.34973193644294 1039.0203498298515
268.3796171561328 1354.4417669247796
268.4095023758227 1276.4031912681417
268.4393875955126 855.232201753188
268.4692728152025 349.12207609438053
268.4991580348924 45.1071323289332
268.52904325458223 70.23680866405817
268.55892847427214 331.3702548263682
268.58881369396204 624.7505800343465
268.61869891365194 815.8627878536948
268.6485841333418 916.2421404199555
268.6784693530317 1022.3996072634694
268.7083545727216 1210.370826327638
268.7382397924115 1452.0981409089043
268.76812501210134 1620.9222551936157
268.79801023179124 1599.0224803544463
268.82789545148114 1369.0955914840376
268.85778067117104 1000.1402088445574
268.88766589086094 589.2168971977469
268.9175511105508 261.22181546816614
268.9474363302407 195.88983875826233
268.97732154993054 573.5074202101915
269.0072067696205 1407.7314578676107
269.03709198931034 2380.722328374128
269.06697720900024 2939.7153338951293
269.09686242869014 2702.9342831014324
269.12674764838005 1788.2812060294627
269.1566328680699 736.4951875455506
269.18651808775974 103.55511282312834
269.2164033074497 58.089165882405325
269.2462885271396 327.2111810694735
269.2761737468295 528.4954605118176
269.30605896651934 547.0588614139538
269.33594418620925 575.9597705402572
269.36582940589915 811.0732081167959
269.39571462558905 1171.0549238493052
269.4255998452789 1357.3011324381948
269.4554850649688 1179.4891412402028
269.4853702846587 783.6228401192246
269.5152555043486 523.2685120641888
269.54514072403845 608.5662481305169
269.57502594372835 913.0769685707747
269.60491116341825 1126.1453964227192
269.6347963831081 1051.9071527024455
269.66468160279805 744.5669483618639
269.6945668224879 401.0343668456797
269.7244520421778 171.62138455083925
269.7543372618677 81.5824268526814
269.7842224815576 98.66969230306977
269.81410770124745 217.15097436000275
269.8439929209373 450.1167200170841
269.87387814062726 765.1462960528403
269.90376336031716 1068.9150022807785
269.93364858000706 1267.4432683080147
269.9635337996969 1327.6396692509331
269.9934190193868 1284.8690270699049
270.0233042390767 1207.9603511404653
270.0531894587666 1157.5122420903804
270.08307467845646 1162.718628309801
270.11295989814636 1211.2350367563408
270.14284511783626 1244.0892181086367
270.17273033752616 1177.00718142135
270.202615557216 959.7022100162455
270.2325007769059 631.7797165867457
270.2623859965958 312.63087332494564
270.29227121628566 113.67995756731412
270.3221564359756 50.442331248303866
270.35204165566546 52.61957494101341
270.38192687535536 57.65905166921644
270.41181209504526 71.7570839193442
270.4416973147352 131.9516916946642
270.471582534425 225.0160040131693
270.50146775411486 276.07470334173036
270.5313529738048 243.85303663399688
270.5612381934947 223.94153388312407
270.59112341318456 420.293145691816
270.62100863287446 967.1323934917016
270.6508938525644 1760.2045060255764
270.68077907225427 2459.3826535260346
270.71066429194417 2682.000670560388
270.740549511634 2278.47406730543
270.7704347313239 1460.605465257256
270.8003199510138 644.9650864601383
270.83020517070366 192.09430992674487
270.8600903903936 244.00532376203853
270.88997561008347 676.8693083376354
270.91986082977337 1184.9183109873693
270.9497460494633 1476.574808036785
270.9796312691531 1421.7074440115218
271.009516488843 1068.7789450178532
271.03940170853286 595.394993009694
271.0692869282228 214.78348954520328
271.0991721479127 55.79069311093941
271.12905736760257 100.27471528627456
271.1589425872925 213.5227518717748
271.1888278069824 244.09249602005147
271.2187130266723 156.41696518498577
271.24859824636206 104.21790024167208
271.278483466052 353.60518461341127
271.3083686857419 1081.8353817964376
271.3382539054318 2190.4798925478703
271.3681391251217 3292.428469496784
271.3980243448116 3888.0168035277734
271.4279095645015 3630.939790738009
271.4577947841914 2595.1570764865914
271.4876800038813 1291.480291667058
271.5175652235711 328.30615545319654
271.547450443261 44.67969847606436
271.5773356629509 383.2742928218808
271.60722088264083 978.9087307012496
271.6371061023307 1401.5699192844909
271.6669913220206 1426.9369571551194
271.6968765417105 1110.3804698082677
271.7267617614004 663.5748040601115
271.7566469810902 289.0721391460723
271.7865322007801 77.8389742939814
271.81641742047003 15.130019583652832
271.84630264015993 49.11896935385305
271.87618785984984 133.49990565420464
271.9060730795397 223.84722117448
271.9359582992296 270.636528604312
271.9658435189195 255.95258819190607
271.9957287386094 251.91658481629608
272.02561395829923 405.522061182898
272.05549917798913 815.4973309670728
272.08538439767904 1399.0651471972526
272.11526961736894 1883.6792332941768
272.1451548370588 1976.6376102605493
272.1750400567487 1597.2321360737271
272.2049252764386 959.9436837783818
272.2348104961285 423.46303517902805
272.2646957158184 212.380328775382
272.29458093550824 249.59568719349383
272.32446615519814 283.9778068190699
272.35435137488804 179.2191435088599
272.38423659457794 53.44283026640454
272.4141218142678 151.23112947235555
272.4440070339577 587.5001179763011
272.4738922536476 1209.171698842389
272.5037774733375 1692.9355298345313
272.53366269302734 1781.8344322236512
272.56354791271724 1475.8568373092276
272.59343313240714 1010.5403128173524
272.62331835209704 640.3502050504569
272.65320357178695 467.3636148146956
272.6830887914768 453.3822414756498
272.7129740111667 523.8775360175449
272.74285923085654 641.2752669175741
272.7727444505465 807.3631428417934
272.80262967023634 1029.3079097253844
272.83251488992624 1299.4990726400003
272.86240010961615 1595.3346248647294
272.89228532930605 1879.913885821916
272.92217054899595 2106.0236160290565
272.95205576868574 2232.3200358384624
272.9819409883757 2240.379467356865
273.0118262080656 2143.3686430994408
273.0417114277555 1982.5696440428833
273.07159664744535 1799.1722068571376
273.10148186713525 1601.481328365801
273.13136708682515 1374.068897860256
273.16125230651505 1126.6784068380032
273.1911375262049 933.6299719383146
273.2210227458948 917.5343669100196
273.2509079655847 1169.0304867639384
273.2807931852746 1668.7274745783388
273.3106784049645 2284.8580266900017
273.34056362465435 2826.159097295508
273.37044884434425 3120.5406936866207
273.4003340640341 3112.346077199468
273.43021928372406 2882.354880099636
273.4601045034139 2543.248464229081
273.4899897231038 2137.6393549551926
273.5198749427937 1640.4350229995468
273.5497601624836 1049.495456905926
273.57964538217345 484.3351796372361
273.6095306018633 172.31866717313363
273.63941582155326 290.6257792373496
273.66930104124316 791.2934136273186
273.69918626093306 1379.2060568087115
273.7290714806229 1697.1783688037076
273.7589567003128 1566.4213301268824
273.7888419200027 1073.2042018943635
273.8187271396926 477.5201570830705
273.84861235938246 68.13099780506893
273.87849757907236 43.34367225675124
273.90838279876226 432.58301875398087
273.93826801845216 1104.1940775545256
273.968153238142 1857.3334333655168
273.9980384578319 2497.8102558293695
274.0279236775218 2872.217816511829
274.05780889721166 2912.259544546536
274.0876941169016 2672.947014596094
274.11757933659146 2309.148632392671
274.14746455628136 1996.742354741784
274.17734977597127 1861.7280692647032
274.2072349956612 1958.778670047538
274.237120215351 2275.411696601541
274.26700543504086 2724.5066096997607
274.2968906547308 3142.5124189139383
274.3267758744207 3340.7402090726205
274.35666109411056 3195.526224146917
274.38654631380047 2705.6929060688735
274.4164315334904 1985.5268446283455
274.4463167531802 1214.814920347628
274.4762019728702 572.3164420129006
274.50608719256 169.66723698111866
274.5359724122499 11.854860834757147
274.5658576319398 16.10108081690191
274.59574285162967 76.19936696229608
274.6256280713196 120.61617118381785
274.6555132910094 134.30522822514973
274.6853985106994 135.86250470460743
274.7152837303893 131.74102613084523
274.7451689500791 104.78454933991118
274.775054169769 49.100474595665354
274.80493938945887 3.332179666622401
274.8348246091488 38.81666863534138
274.8647098288387 192.31132642640267
274.8945950485286 396.2315858602717
274.9244802682185 498.2042301083605
274.9543654879084 388.7092903338453
274.9842507075983 137.48399351622257
275.01413592728807 6.698252733575686
275.044021146978 291.6428231997567
275.0739063666679 1079.841179597454
275.10379158635783 2127.4741929760967
275.1336768060477 2977.6198654016434
275.1635620257376 3230.975443400336
275.1934472454275 2783.4137715518186
275.2233324651174 1903.0163625865132
275.2532176848073 1100.75953028219
275.2831029044971 867.6341788004254
275.31298812418703 1437.8381778812025
275.34287334387693 2686.930470935348
275.37275856356683 4187.093975211759
275.4026437832567 5392.5311430658
275.4325290029466 5878.492260306592
275.4624142226365 5512.193853325991
275.4922994423264 4466.601134013817
275.52218466201623 3101.4412776760573
275.55206988170613 1794.5221286633891
275.58195510139603 798.8315825371623
275.61184032108594 203.2369446822088
275.64172554077584 0.5551987765311224
275.6716107604657 161.70619303028275
275.7014959801556 648.7001656350651
275.7313811998455 1386.0198738233112
275.76126641953533 2226.6313961441697
275.79115163922523 2954.561849840033
275.82103685891514 3351.0958905527814
275.85092207860504 3287.2335952879494
275.88080729829494 2786.477376606555
275.91069251798484 2026.6858167932337
275.9405777376747 1260.4055302811698
275.97046295736453 692.327014716451
276.0003481770545 407.7952640109176
276.0302333967444 378.6315758669944
276.06011861643424 505.36769722405813
276.09000383612414 669.4170245507672
276.11988905581404 775.1370891226937
276.14977427550394 778.1169464126227
276.17965949519373 700.945728520875
276.2095447148837 601.1966704604778
276.2394299345736 512.5256376167009
276.2693151542635 436.48198474074366
276.29920037395334 379.46267347541453
276.32908559364324 385.8332058820539
276.35897081333314 541.049580787358
276.38885603302305 916.5107721341918
276.41874125271295 1484.1464532667044
276.4486264724028 2075.279165907532
276.4785116920927 2439.813694894721
276.50839691178254 2401.4391672891134
276.5382821314725 1980.0174734287616
276.56816735116234 1358.264255173027
276.59805257085225 755.1536735181232
276.62793779054215 326.6158413587888
276.65782301023205 122.19914593450024
276.68770822992195 108.5804679993784
276.71759344961174 234.3216510410757
276.7474786693017 462.79658871132574
276.7773638889916 760.368489686379
276.8072491086815 1072.4567498172323
276.8371343283713 1312.663813295892
276.86701954806125 1392.4794686657904
276.89690476775115 1266.329438836836
276.92678998744105 943.506096881353
276.9566752071309 520.4107930244701
276.9865604268208 223.28454940097407
277.0164456465107 299.03254962665454
277.0463308662006 793.8185607267429
277.0762160858905 1461.4474360996785
277.10610130558035 1886.787152990329
277.13598652527025 1764.5424522020248
277.1658717449601 1149.3816341847553
277.19575696465006 431.60006051428815
277.2256421843399 50.14216934026688
277.2555274040298 184.66370982510236
277.2854126237197 652.1436038784299
277.3152978434096 1082.2054213027675
277.34518306309946 1216.9585530526567
277.3750682827893 1073.1651339666082
277.40495350247926 844.168963500529
277.4348387221692 674.9280645691712
277.46472394185906 559.6792062980595
277.4946091615489 439.7557386416949
277.5244943812388 342.90559015851
277.5543796009287 393.09368248784335
277.5842648206186 693.2347801579427
277.61415004030846 1197.7536956730692
277.6440352599984 1686.0542882934403
277.67392047968826 1895.0830169676888
277.70380569937817 1722.6774349726643
277.733690919068 1295.946054925009
277.7635761387579 845.5527646991006
277.7934613584478 530.2292168901263
277.82334657813766 363.5600845288684
277.8532317978276 277.18594777871886
277.88311701751746 226.16747084661776
277.91300223720737 233.09119502839593
277.94288745689727 353.33490693379025
277.9727726765872 607.604990375709
278.002657896277 935.324094631514
278.03254311596686 1200.15830757845
278.0624283356568 1264.4227342700178
278.0923135553467 1099.8529784261516
278.12219877503657 816.958951422763
278.15208399472647 570.9658270635484
278.1819692144164 467.4459453225944
278.2118544341063 525.8378087169589
278.2417396537962 660.1549057788634
278.271624873486 729.7981156554578
278.3015100931759 671.7274945423833
278.3313953128658 537.0468487035943
278.36128053255567 393.8609953907461
278.3911657522456 269.8832362485676
278.4210509719355 162.8001748644983
278.4509361916254 63.97357671402525
278.4808214113153 3.942515349897832
278.5107066310052 47.14846115365494
278.540591850695 207.27480382772225
278.57047707038487 398.2549083276265
278.6003622900748 480.6674206678044
278.63024750976473 377.8776006689222
278.6601327294546 166.42047407481024
278.6900179491445 15.791594626188322
278.7199031688344 38.42323057647672
278.7497883885243 211.0851419265652
278.77967360821407 406.04724361610414
278.809558827904 488.1973521352192
278.83944404759393 410.5596163855717
278.86932926728383 233.2105355019228
278.89921448697373 64.37320546991009
278.9290997066636 3.008869075629293
278.9589849263535 118.19562201554604
278.9888701460434 430.90967116766393
279.0187553657333 891.3220495804729
279.04864058542313 1387.94945781931
279.07852580511303 1798.2855856828924
279.10841102480293 2047.6094386092188
279.13829624449284 2136.619007724096
279.1681814641827 2120.848157851471
279.1980666838726 2057.1890476329504
279.2279519035625 1956.8872733304047
279.2578371232524 1777.3502019500388
279.2877223429423 1458.1360496698353
279.31760756263213 993.6013615900624
279.34749278232204 504.9578800453689
279.37737800201194 220.88642713340744
279.40726322170184 342.1113646287591
279.4371484413917 890.9121233749485
279.4670336610816 1630.388527090374
279.4969188807715 2139.928428037027
279.52680410046133 2111.465425327964
279.55668932015124 1621.895950441608
279.58657453984114 1054.772848615268
279.61645975953104 770.6524791121302
279.64634497922094 843.9578358803528
279.67623019891084 1063.9537199138229
279.7061154186007 1159.9170981561235
279.73600063829053 1012.3311049817696
279.7658858579805 698.5389752094769
279.7957710776704 398.04788310370594
279.82565629736024 250.24202682979632
279.85554151705014 273.7885826996248
279.88542673674004 393.08932193264513
279.91531195642995 505.6229156033908
279.94519717611973 523.4574789618571
279.9750823958097 408.5564301486219
