0.1 86.5023199650998
0.16393598093558792 76.99141702578562
0.22787196187117584 63.16867624848595
0.2918079428067637 47.43085168630451
0.35574392374235164 40.71270623550266
0.4196799046779396 64.51527795687036
0.48361588561352753 133.8483416177101
0.5475518665491154 258.86953477948293
0.6114878474847033 421.0815814370012
0.6754238284202913 590.6574663493569
0.7393598093558792 722.8298907985308
0.803295790291467 681.7926566870011
0.8672317712270549 354.7473897892432
0.9311677521626429 123.64712750850136
0.9951037330982307 862.5123030110509
1.0590397140338188 3346.8714367003436
1.1229756949694067 7696.746095432692
1.1869116759049947 12771.14249761274
1.2508476568405826 16284.625958704184
1.3147836377761704 16348.434496744536
1.3787196187117583 12535.367685407527
1.4426555996473462 6709.069332229712
1.506591580582934 2068.076709852738
1.570527561518522 326.3817088778415
1.63446354245411 1056.209270207384
1.698399523389698 2656.2428063836937
1.762335504325286 3706.5397153399226
1.8262714852608737 4470.521333426685
1.8902074661964616 5906.997368846558
1.9541434471320491 7813.472382357947
2.018079428067637 9092.686996152097
2.082015409003225 8585.83999331595
2.1459513899388134 6037.596301201399
2.2098873708744007 2968.373615247037
2.273823351809989 1542.7448830104515
2.337759332745577 2387.5935991523183
2.4016953136811647 4296.189526849804
2.465631294616753 5760.105810927801
2.5295672755523406 6150.307302075739
2.593503256487929 5639.061705900109
2.657439237423517 4682.717680545339
2.7213752183591047 3744.431378473461
2.7853111992946924 3234.993630297907
2.8492471802302806 3330.2946999134188
2.913183161165868 3594.4490188404134
2.9771191421014565 3164.6204150924273
3.041055123037044 1721.51262160106
3.1049911039726323 203.89934319547223
3.16892708490822 573.6193030919529
3.232863065843808 4132.430785921638
3.296799046779396 9408.646320528564
3.360735027714984 12867.900288512885
3.424671008650572 11987.06925727522
3.4886069895861596 7273.22568148504
3.552542970521748 2134.038383778484
3.616478951457336 94.18777349792391
3.680414932392923 1621.0165059338635
3.7443509133285113 4337.78804381745
3.808286894264099 5672.302236028154
3.872222875199687 5138.3759062937415
3.9361588561352745 4264.4300251877485
4.000094837070863 4100.138747031343
4.064030818006451 4137.667016416538
4.127966798942039 3529.4696720973698
4.191902779877625 2259.25200803503
4.255838760813214 1462.167801920279
4.319774741748802 2094.9254127088966
4.38371072268439 3525.2066132306063
4.447646703619977 4358.215221800412
4.511582684555566 4013.981283582064
4.5755186654911535 3249.3609600089726
4.639454646426742 3171.1430813076086
4.70339062736233 3807.7488426385607
4.7673266082979175 4208.251933191683
4.831262589233504 3750.1097810618135
4.895198570169093 2894.4558968573047
4.959134551104682 2458.946624069481
5.023070532040268 2463.3212970954405
5.087006512975857 2268.038832991557
5.150942493911445 1655.8765486559855
5.2148784748470325 1457.8613504459654
5.278814455782621 2635.791836045663
5.342750436718209 4676.90610996828
5.4066864176537965 5678.837257274217
5.470622398589384 4229.167145093931
5.534558379524973 1321.7575522146367
5.598494360460561 163.30531187810618
5.662430341396148 3373.3128442815914
5.726366322331736 10486.228635812158
5.790302303267324 17842.832446351815
5.854238284202912 20985.349819188046
5.9181742651385 18327.916459164095
5.982110246074088 12087.66119560284
6.046046227009676 5700.0991983200765
6.109982207945264 1512.0748789409413
6.173918188880852 95.90559080088016
6.23785416981644 478.8541895447233
6.301790150752027 1262.07772743961
6.365726131687615 1670.8894315506639
6.429662112623204 1563.8778467604618
6.493598093558791 1085.773206403302
6.557534074494379 531.2090833138179
6.621470055429967 185.34930285349353
6.685406036365555 161.42990875798176
6.749342017301143 383.17610537031806
6.81327799823673 594.7092139030409
6.8772139791723195 509.2979972099741
6.941149960107905 164.5262319179066
7.005085941043495 44.08988119575229
7.069021921979083 718.6327632465269
7.13295790291467 2222.511898770262
7.196893883850257 3713.9615603250495
7.260829864785847 4097.898840181134
7.3247658457214335 3097.797089603239
7.388701826657022 1609.5475020758715
7.452637807592612 1049.7388228836423
7.516573788528197 1960.5603379821491
7.580509769463785 3288.224682564444
7.644445750399375 3532.4425601076023
7.708381731334962 2353.3381605172144
7.7723177122705485 942.8072690718512
7.836253693206138 778.0267796193704
7.900189674141725 1883.3905846699704
7.964125655077313 2813.8446946834156
8.028061636012902 2343.201140972357
8.09199761694849 864.7641528961709
8.155933597884077 12.19403524107368
8.219869578819665 666.2803330270228
8.283805559755253 1897.232212648824
8.34774154069084 2181.126064350304
8.411677521626428 1180.726628781158
8.475613502562016 160.63120309511524
8.539549483497604 429.44988640580794
8.603485464433193 1643.1016174487695
8.667421445368781 2281.2550250246063
8.731357426304369 1633.2810747536812
8.795293407239955 886.010371357199
8.859229388175544 1786.6387813531624
8.923165369111134 4326.38865335004
8.987101350046718 6471.172683680986
9.051037330982307 6236.444499665118
9.114973311917897 3746.2235834927938
9.178909292853485 1087.338590191846
9.242845273789072 73.36019594044599
9.30678125472466 518.0070761371633
9.370717235660248 939.9930204498083
9.434653216595837 582.1656385196524
9.498589197531423 172.28727734077216
9.562525178467011 664.6140961132903
9.626461159402599 1771.590084885739
9.690397140338186 2241.899895005313
9.754333121273776 1583.2164672767567
9.818269102209364 841.5043261590499
9.882205083144951 1325.4198355934627
9.946141064080539 2912.424105653711
10.010077045016127 3971.423242719488
10.074013025951714 3274.403453378841
10.137949006887302 1623.3830395479592
10.201884987822888 975.4510727064999
10.265820968758476 2268.418803633668
10.329756949694069 4345.548118816213
10.393692930629655 5132.698962978714
10.457628911565243 3958.878260266476
10.52156489250083 2111.1251485716493
10.585500873436416 1145.7616830275247
10.649436854372004 1291.0201021165217
10.713372835307592 1549.6509140842577
10.77730881624318 1217.3883035690149
10.841244797178769 854.7125647276473
10.905180778114357 1401.4940372767092
10.969116759049946 2688.385276994779
11.033052739985532 3320.5037087132164
11.09698872092112 2308.404051350684
11.160924701856707 535.7115272646597
11.224860682792295 150.75739802573955
11.288796663727885 2537.2396714540528
11.352732644663472 6851.77700271409
11.41666862559906 10564.38382336522
11.480604606534648 11618.966462190596
11.544540587470236 9920.034260134104
11.608476568405823 6889.843408688939
11.672412549341413 4106.467927906399
11.736348530277 2347.2323942129174
11.800284511212588 1565.7334235000403
11.864220492148176 1425.1474647653029
11.928156473083764 1629.577190066136
11.992092454019351 1870.6308189050053
12.05602843495494 1804.408578058448
12.119964415890529 1298.0539632071773
12.183900396826116 595.0606435733638
12.247836377761704 129.092895647513
12.311772358697292 179.7253001189633
12.37570833963288 618.5915964024832
12.439644320568467 1065.9178084821835
12.503580301504053 1329.423664583596
12.567516282439643 1501.620593752828
12.63145226337523 1791.269387391079
12.69538824431082 2314.627034652397
12.759324225246408 2830.705581628343
12.823260206181995 2928.659478048624
12.887196187117585 2518.3204573098824
12.95113216805317 1877.720922368234
13.015068148988759 1462.1031901025278
13.079004129924346 1635.548684212558
13.142940110859932 2232.597316983431
13.20687609179552 2612.0639936277016
13.270812072731111 2297.5080175504413
13.334748053666697 1425.346833316169
13.398684034602287 734.3418685742531
13.462620015537874 1059.625141026698
13.526555996473462 2528.6347739208063
13.590491977409048 4352.517650832274
13.654427958344636 5443.541639785984
13.718363939280223 5140.61000710658
13.782299920215811 3622.6238242400086
13.846235901151402 1781.5523757041224
13.91017188208699 513.1188659025787
13.974107863022576 117.81640438888462
14.038043843958164 316.11381589463167
14.101979824893752 616.5651001255388
14.16591580582934 685.8747727150386
14.229851786764929 511.45442931668015
14.293787767700517 294.3224277140268
14.357723748636104 250.10938326542168
14.421659729571692 489.14159156079
14.48559571050728 998.6884602696889
14.549531691442867 1690.5168521045052
14.613467672378455 2452.70552505717
14.677403653314045 3157.9534162408568
14.741339634249632 3641.805463446083
14.80527561518522 3717.5045408716246
14.869211596120808 3280.6576203835734
14.933147577056396 2435.098662358605
14.997083557991983 1473.22045957808
15.061019538927573 691.5917235096236
15.12495551986316 225.73990804498095
15.188891500798748 36.857591795192434
15.252827481734336 9.786989953584342
15.316763462669924 53.2414006598394
15.380699443605511 141.2778368737902
15.4446354245411 309.77938515044167
15.508571405476687 629.4411424357078
15.572507386412274 1136.650715611554
15.636443367347864 1740.45878307278
15.700379348283452 2213.346438072937
15.76431532921904 2347.2407885253733
15.828251310154627 2199.0341011187993
15.892187291090215 2148.2823219953
15.956123272025803 2537.239362403948
16.020059252961392 3196.4346066873554
16.083995233896978 3441.492181424141
16.147931214832568 2695.3575387679075
16.211867195768157 1239.818289267541
16.275803176703743 168.5077435873346
16.339739157639332 369.6453438182055
16.40367513857492 1622.344291226196
16.467611119510508 2721.110713928408
16.531547100446097 2686.579371803765
16.595483081381683 1965.373364167784
16.659419062317273 2053.9646021694575
16.72335504325286 3958.0048574797247
16.78729102418845 7070.523336054504
16.851227005124034 9382.832264657822
16.915162986059624 9295.995537607407
16.97909896699521 7196.964444197618
17.0430349479308 4787.137960990522
17.10697092886639 3369.6621435242755
17.170906909801975 2908.8427304144943
17.234842890737564 2422.580552620273
17.29877887167315 1352.3691266465128
17.36271485260874 264.7419019790679
17.426650833544326 59.83430467070957
17.490586814479915 814.4620863883068
17.5545227954155 1587.2418527337527
17.61845877635109 1458.1108637910431
17.68239475728668 589.6982604520508
17.746330738222262 40.44059283800996
17.810266719157855 581.6518026749801
17.87420270009344 1807.3188609480487
17.93813868102903 2550.580618305616
18.002074661964617 2155.408523839714
18.066010642900206 1179.1628325978616
18.129946623835792 776.1554629220016
18.19388260477138 1426.4182929985175
18.257818585706968 2444.839238235007
18.32175456664256 2752.6304044442873
18.385690547578143 1978.810753434812
18.44962652851373 789.3780838626815
18.51356250944932 149.0458653819726
18.577498490384908 373.04380748149816
18.641434471320498 970.3097011385539
18.705370452256084 1273.2501433703187
18.769306433191677 1112.0141468576555
18.833242414127263 826.2791190058164
18.89717839506285 730.2629794987323
18.96111437599844 787.6306344392879
19.025050356934024 804.1681148296253
19.088986337869613 790.2887610589763
19.1529223188052 993.1672787119846
19.21685829974079 1523.8118887400562
19.28079428067637 2082.95629738108
19.344730261611964 2200.7590713959944
19.408666242547557 1760.6307916371054
19.472602223483136 1196.4807314735535
19.53653820441873 1109.250937533523
19.600474185354315 1701.0797443874887
19.664410166289905 2586.1438083833777
19.728346147225487 3123.1404605034704
19.79228212816108 2947.06422729158
19.856218109096663 2229.161326128688
19.920154090032252 1427.6379682916377
19.984090070967845 850.2989540341299
20.04802605190343 519.2862936427802
20.11196203283902 316.0854893059686
20.175898013774606 151.3059389049938
20.239833994710196 32.98231164833866
20.30376997564578 1.9086184558603023
20.367705956581368 62.43860721662077
20.43164193751696 192.6508501958986
20.495577918452543 367.0555643742418
20.559513899388136 551.1056264516925
20.62344988032372 685.2312048598534
20.687385861259312 718.4191158323348
20.751321842194898 672.3611230599718
20.815257823130487 622.4439228456448
20.879193804066077 608.890781392949
20.943129785001663 619.9339367133282
21.00706576593725 697.7312063807664
21.07100174687284 1033.297135322803
21.134937727808424 1855.355569049795
21.198873708744014 3100.2789233887606
21.262809689679603 4213.397003286856
21.32674567061519 4428.04678287994
21.390681651550775 3386.8794051137006
21.454617632486364 1610.608286863438
21.518553613421957 250.86792854301189
21.582489594357536 164.0479286618104
21.64642557529313 1193.7354269286095
21.710361556228715 2344.447543379891
21.774297537164305 2736.1553682923086
21.83823351809989 2467.9783003299062
21.90216949903548 2399.164404624194
21.96610547997107 3131.342735427668
22.030041460906652 4302.216130636364
22.093977441842245 4825.907931590831
22.15791342277783 3979.911647581189
22.22184940371342 2215.37729443176
22.285785384649007 684.5971459770254
22.3497213655846 113.19730743110765
22.413657346520186 257.5582270475627
22.477593327455768 418.1015281711005
22.54152930839136 383.00906033711976
22.605465289326943 642.4202150260899
22.669401270262536 1612.2905201830251
22.73333725119812 2827.558603088277
22.797273232133712 3184.1078494121502
22.861209213069294 2174.734341539276
22.925145194004887 664.3766934455099
22.98908117494048 212.71553691581957
23.053017155876063 1608.1924347086647
23.11695313681165 3920.323358306504
23.18088911774724 5207.075921026278
23.244825098682828 4418.290143805629
23.308761079618414 2302.7736351773106
23.372697060554003 621.3306645972314
23.43663304148959 732.1438803743649
23.500569022425175 2510.889565951116
23.564505003360768 4596.404930711391
23.628440984296358 5703.7524883855785
23.692376965231944 5423.774238246337
23.75631294616753 4181.423186240518
23.82024892710312 2747.520777592324
23.884184908038705 1688.0980603512612
23.94812088897429 1187.969622536798
24.01205686990988 1124.4446410162975
24.075992850845466 1168.1817720650415
24.139928831781056 988.421204129291
24.203864812716645 544.515866934632
24.267800793652235 140.79044407636005
24.33173677458782 72.92940974394054
24.395672755523407 283.555355719294
24.459608736459 422.3146758455878
24.523544717394586 265.54701944902286
24.587480698330168 72.44681995460739
24.65141667926576 334.148357644133
24.71535266020135 1163.936869966529
24.779288641136937 2056.869482049587
24.84322462207253 2304.3946747621094
24.907160603008112 1766.2096643156442
24.9710965839437 1080.8881257082824
25.035032564879288 982.6872963157144
25.09896854581488 1570.1053900968388
25.162904526750463 2224.842024987079
25.22684050768605 2250.7169106610377
25.29077648862164 1595.3292195369909
25.354712469557228 821.8331550917104
25.418648450492817 480.78805075280394
25.482584431428403 612.6643449893539
25.546520412363993 833.4035576292373
25.610456393299575 833.2739242960582
25.67439237423517 650.4253014009158
25.738328355170754 496.2155645681706
25.802264336106344 470.5187938243837
25.866200317041933 502.06378119383606
25.93013629797752 518.6402997683136
25.99407227891311 567.8138173374565
26.05800825984869 709.125769052367
26.121944240784284 829.8420428609763
26.185880221719874 726.1254199144457
26.249816202655456 397.4370450346577
26.313752183591046 118.93725456361678
26.377688164526635 230.3575340554877
26.441624145462225 832.1845776107278
26.505560126397807 1634.7678390323197
26.5694961073334 2206.7957936193343
26.633432088268982 2340.1506245604633
26.697368069204572 2126.430679535633
26.76130405014016 1805.0639509154148
26.82524003107575 1573.4631489071683
26.889176012011337 1489.6465357409368
26.953111992946926 1513.6211094044995
27.017047973882516 1583.8333981020016
27.0809839548181 1639.6621069551422
27.144919935753688 1643.5697489184593
27.20885591668928 1598.2862950160677
27.272791897624863 1496.013908128425
27.33672787856045 1321.605350871225
27.40066385949604 1091.2778594715912
27.464599840431628 809.9151282003666
27.528535821367218 503.7056332350576
27.592471802302807 262.62278033015866
27.656407783238393 132.7645233633164
27.720343764173982 75.98254370840736
27.78427974510957 48.0188731994669
27.84821572604516 57.38428568118761
27.912151706980744 179.6821002777578
27.976087687916333 473.1723472712564
28.04002366885192 883.9548854253827
28.10395964978751 1286.401619221498
28.167895630723095 1578.664945792547
28.231831611658684 1713.7608647948396
28.295767592594277 1655.3737279959164
28.359703573529856 1344.3032735345844
28.42363955446545 793.4940797485534
28.487575535401035 234.9022914509524
28.551511516336625 70.76608653593897
28.615447497272207 582.5702253692729
28.6793834782078 1632.4029437147697
28.743319459143382 2637.216786350448
28.807255440078972 2932.6178085507368
28.871191421014565 2296.945385404993
28.93512740195015 1160.7609458348657
28.99906338288574 275.2901065585702
29.062999363821326 127.29007118277195
29.126935344756916 627.6729372765699
29.1908713256925 1312.817715150556
29.254807306628088 1794.8052261543296
29.31874328756368 2040.1456109315768
29.382679268499263 2266.2388540953893
29.446615249434856 2589.606397846515
29.51055123037044 2838.268829440889
29.57448721130603 2735.570498137656
29.638423192241618 2192.804634939976
29.702359173177207 1402.6038598006087
29.766295154112797 685.7043119662943
29.830231135048383 260.77649851157867
29.89416711598397 162.45639322484325
29.95810309691956 317.2556691021186
30.022039077855148 628.3130930669524
30.085975058790734 1002.6515785809866
30.149911039726323 1324.5273042246208
30.21384702066191 1462.4102518781908
30.277783001597495 1359.801296722448
30.341718982533084 1081.1380234271307
30.405654963468677 737.4185367151443
30.469590944404256 405.2652134071448
30.53352692533985 139.11186561063536
30.59746290627544 19.6994060513766
30.661398887211025 117.84351380089724
30.72533486814661 370.6916195535889
30.7892708490822 547.5147805785756
30.85320683001779 438.28199591888966
30.917142810953372 123.8390121299453
30.981078791888965 35.3452680354392
31.04501477282455 596.9745625566295
31.10895075376014 1715.053817490804
31.172886734695727 2716.516557944399
31.23682271563132 2831.8676230805004
31.300758696566906 1920.3218111178796
31.364694677502488 814.5298367830203
31.42863065843808 617.2072794248554
31.492566639373663 1688.6930486754038
31.556502620309256 3409.8468067716403
31.62043860124484 4594.012556943605
31.684374582180432 4370.371523285245
31.74831056311602 2929.897201471544
31.812246544051607 1241.348911618649
31.8761825249872 264.8606438603915
31.940118505922783 410.02499722001807
32.004054486858365 1425.9051704644685
32.067990467793955 2761.658400466743
32.131926448729544 3863.291377637168
32.195862429665134 4307.4681189871935
32.25979841060072 4009.9285716123945
32.32373439153631 3188.2853399966775
32.3876703724719 2169.193238482765
32.451606353407485 1286.382735537206
32.515542334343074 732.3359568650246
32.579478315278664 481.38253015645864
32.64341429621425 409.5544764156718
32.707350277149835 458.38866286013007
32.771286258085425 656.3971991347986
32.835222239021014 1001.9325885490994
32.899158219956604 1372.865395858513
32.96309420089219 1549.6409005027272
33.02703018182777 1392.7415224046651
33.090966162763365 1024.0903138329404
33.154902143698955 733.8796057298781
33.218838124634544 745.4029942178951
33.28277410557013 1070.0771441026448
33.34671008650572 1482.1991562810945
33.410646067441306 1690.526208469607
33.474582048376895 1570.0988536977857
33.538518029312485 1207.9121472505672
33.60245401024807 820.1863714204795
33.66638999118366 621.2669348621425
33.730325972119246 673.7268991998928
33.794261953054836 863.8225701233357
33.85819793399042 992.3356555663491
33.92213391492601 875.1271817430894
33.9860698958616 497.9104176584136
34.05000587679719 120.07776572240628
34.11394185773277 145.72184246562975
34.17787783866836 898.8057801932943
34.24181381960395 2387.122681171683
34.30574980053954 4107.9960652899845
34.36968578147513 5297.498243377387
34.43362176241071 5490.124039927436
34.4975577433463 4680.6093468992185
34.56149372428189 3210.29888106308
34.62542970521748 1680.8270215015764
34.68936568615307 621.4478000860198
34.75330166708865 138.19217647694256
34.81723764802424 12.293005283667563
34.88117362895983 15.271364463326767
34.94510960989542 63.18918678527186
35.009045590831 160.78130636508075
35.07298157176659 279.07408131761304
35.13691755270218 332.5863110537944
35.20085353363777 267.30946679643023
35.26478951457336 138.1648673838856
35.32872549550894 58.29923040526787
35.39266147644453 67.29211949188772
35.45659745738012 97.61215272125347
35.52053343831571 76.62861920125891
35.584469419251285 25.54409599373496
35.64840540018688 30.093769126518808
35.71234138112247 116.80723157363067
35.77627736205806 201.5925634892565
35.84021334299365 192.07296795588465
35.90414932392923 129.92938955792044
35.96808530486482 192.7474948706988
36.03202128580041 511.5122609836415
36.095957266736 986.047604892858
36.15989324767158 1335.3772508367852
36.223829228607165 1349.9031464697275
36.28776520954276 1062.171657298385
36.35170119047835 690.0517577002995
36.415637171413934 441.4619266723653
36.47957315234952 368.50459239171823
36.54350913328511 416.4906949664292
36.6074451142207 571.7829960307831
36.671381095156285 883.7113510800816
36.735317076091874 1334.0330280421483
36.79925305702746 1746.91563727936
36.863189037963046 1878.8193147688833
36.92712501889864 1609.6072830209096
36.99106099983423 1069.403436961387
37.05499698076981 553.7586073163008
37.11893296170541 263.54879400654636
37.182868942640994 170.00053134837628
37.246804923576576 131.8888941445385
37.310740904512166 85.74576588277857
37.37467688544776 113.54144962375288
37.438612866383345 358.01855705894485
37.50254884731893 923.6186640906496
37.56648482825452 1782.321317516052
37.630420809190106 2722.6365523194963
37.694356790125696 3462.1564753417847
37.758292771061285 3721.906742538433
37.82222875199688 3266.849713480922
37.88616473293246 2182.988149933993
37.950100713868046 997.6081027347194
38.01403669480364 290.34653113869683
38.077972675739225 259.4395679338992
38.141908656674815 628.243245479763
38.2058446376104 898.5142931531686
38.269780618545994 772.0603404108542
38.333716599481576 373.5320082062027
38.397652580417166 63.617368174411
38.46158856135274 60.18191369016511
38.52552454228834 271.2458919907958
38.58946052322393 471.0955874716545
38.65339650415952 539.3245003214437
38.71733248509511 504.03026404576735
38.78126846603069 427.2160160617464
38.84520444696628 312.5629120230515
38.90914042790186 154.4660677109834
38.97307640883746 28.298996781065455
39.03701238977304 37.15405204097812
39.10094837070863 168.024884410629
39.16488435164422 266.7680537227467
39.22882033257981 204.20164835740647
39.2927563135154 58.93844663959005
39.35669229445097 61.85910016326592
39.42062827538657 336.5099278117978
39.48456425632216 739.0106707592998
39.548500237257755 980.4695766734985
39.61243621819333 921.4394915911397
39.67637219912892 711.0723903932022
39.7403081800645 594.6458623310806
39.8042441610001 638.0139957674063
39.86818014193569 691.4457540697819
39.93211612287127 599.8338211527075
39.99605210380686 397.3854519374172
40.05998808474245 267.9212527488443
40.12392406567804 340.93586774721007
40.187860046613615 556.6732491418653
40.25179602754921 739.2696015857708
40.3157320084848 784.1838261672169
40.37966798942039 722.3244211738256
40.44360397035597 618.96034827574
40.50753995129156 487.87941890064326
40.57147593222715 317.96266935357767
40.635411913162734 151.71472761232874
40.69934789409833 100.84101867951192
40.76328387503391 254.1800215744192
40.8272198559695 581.91832801575
40.891155836905085 952.7754916018282
40.95509181784068 1233.4742557196987
41.01902779877627 1360.977026474667
41.08296377971185 1352.63505265903
41.14689976064744 1280.5209206431975
41.21083574158303 1211.9211046897915
41.27477172251862 1131.4150020103032
41.338707703454205 938.7056059306942
41.402643684389794 579.5247103229985
41.466579665325376 178.23201585737172
41.530515646260966 1.977485623808848
41.59445162719656 264.9559817350958
41.658387608132145 916.1004884412282
41.72232358906773 1613.8549717222547
41.78625957000332 1979.0697940287948
41.85019555093891 1877.6680134547896
41.914131531874496 1447.8843518188205
41.978067512810085 924.2352477992628
42.04200349374568 472.24593177427937
42.105939474681264 177.2067240569511
42.16987545561685 139.46902855317504
42.23381143655244 450.16656235068297
42.297747417488026 1005.6010917520013
42.361683398423615 1429.5788829370483
42.4256193793592 1324.3490846506231
42.489555360294794 701.9600170851288
42.55349134123038 110.58876722626944
42.617427322165966 202.6917477042816
42.68136330310156 1140.1597799201743
42.74529928403714 2397.7501551339756
42.80923526497273 3154.930840323236
42.87317124590832 2954.7026989916617
42.937107226843914 2005.9745461683488
43.001043207779496 928.995492088578
43.06497918871508 290.2860128880112
43.12891516965066 269.58470457673934
43.19285115058626 651.4449582974364
43.25678713152185 1047.2359751519766
43.32072311245743 1118.0680828529653
43.38465909339302 800.0793520097542
43.44859507432861 419.96955934627994
43.5125310552642 473.76905081033686
43.57646703619979 1205.5997352360985
43.64040301713537 2319.961068824524
43.70433899807096 3141.7621966880192
43.76827497900655 3259.053711125093
43.83221095994214 2991.0497144279284
43.89614694087772 3057.0094245168348
43.96008292181331 3861.366340660924
44.0240189027489 5117.789935718151
44.08795488368449 6027.045174672235
44.15189086462008 5962.323285344844
44.21582684555566 5009.948403024001
44.27976282649125 3656.6383141794736
44.34369880742684 2268.894317582938
44.40763478836242 1079.089919504348
44.471570769298005 302.4574292772272
44.5355067502336 121.7253869410016
44.59944273116919 527.493070456546
44.66337871210479 1119.873451327944
44.72731469304037 1326.0344742716823
44.79125067397595 942.4752344754371
44.855186654911535 343.4982093854615
44.91912263584713 92.8543619596208
44.98305861678272 338.8866937835283
45.0469945977183 677.1169623226724
45.110930578653885 660.2455145610105
45.17486655958948 339.45697521402104
45.23880254052507 199.27251109140792
45.302738521460654 571.133179034263
45.36667450239624 1220.0910478066423
45.43061048333183 1570.855212284413
45.49454646426742 1307.5243677899402
45.558482445203005 687.4544912915502
45.622418426138594 256.5977428285521
45.68635440707418 349.2443900962593
45.750290388009766 884.5691921876501
45.81422636894536 1521.3079030487029
45.87816234988095 1896.997663335628
45.94209833081653 1772.7318552108532
46.00603431175213 1147.1085115820674
46.069970292687714 355.2455380714252
46.133906273623296 10.324914051474728
46.197842254558886 620.0370545614924
46.26177823549448 2033.6098389841056
46.325714216430065 3367.8686352941386
46.38965019736565 3676.455923137016
46.45358617830124 2742.75837862157
46.517522159236826 1260.7436559546431
46.581458140172415 214.33698245361063
46.645394121108 30.05763680674554
46.7093301020436 340.54911015823325
46.77326608297918 526.7567267730585
46.837202063914766 370.17650698581616
46.90113804485036 108.85638805882932
46.965074025785945 17.125791827986685
47.029010006721535 109.07956333102356
47.09294598765712 230.47770738366756
47.156881968592714 333.2454100825904
47.220817949528296 476.53430295417235
47.284753930463886 590.7964585702321
47.34868991139946 506.9082437314789
47.41262589233506 214.83583210188024
47.47656187327065 7.429586894115757
47.54049785420624 273.3784134111176
47.60443383514183 1002.624598831105
47.66836981607741 1647.5471715548697
47.732305797013 1615.1362694416512
47.79624177794859 884.0744444748782
47.86017775888418 132.76374319383945
47.92411373981976 91.00846280408115
47.98804972075535 768.6036759007168
48.05198570169094 1481.0700540993869
48.11592168262653 1548.1803149530945
48.17985766356212 961.5213154029037
48.24379364449769 377.1590161031001
48.30772962543329 384.62943919534655
48.37166560636888 944.1799771010072
48.435601587304475 1544.138600666568
48.49953756824005 1694.4945963708476
48.56347354917564 1310.9883548223174
48.62740953011122 710.9936925241981
48.69134551104682 249.84815889432207
48.75528149198241 43.36301063831023
48.81921747291799 13.036663545166268
48.88315345385358 55.21201770193051
48.94708943478917 119.02654687263669
49.01102541572476 183.43999252375093
49.074961396660335 239.02934820676296
49.13889737759593 315.81784781540443
49.20283335853152 490.16004412988985
49.26676933946711 822.8831619599986
49.33070532040269 1279.070270411438
49.39464130133828 1718.1268523685403
49.45857728227387 1971.8705898408475
49.522513263209454 1933.529136520487
49.58644924414505 1598.0386130211343
49.65038522508063 1066.5771987222158
49.71432120601622 516.9391371367722
49.778257186951805 131.14466582365858
49.8421931678874 11.169816461886654
49.90612914882299 118.61794031051429
49.97006512975857 286.9463588766177
50.03400111069416 341.10896395900073
50.09793709162975 240.66070136444793
50.16187307256534 105.35720346983028
50.225809053500925 99.81919575693613
50.289745034436514 280.04244018038196
50.353681015372096 527.0779925734836
50.417616996307686 636.7021861812876
50.48155297724328 499.487512130424
50.545488958178865 210.5379968345336
50.60942493911445 14.1190807206844
50.67336092005004 111.96933216788696
50.73729690098563 485.1978327650272
50.801232881921216 902.1832366213296
50.865168862856805 1099.6149760934422
50.9291048437924 979.3627782876354
50.993040824727984 678.8425534806414
51.05697680566357 436.9753251657352
51.12091278659916 362.6360059194052
51.184848767534746 364.75562324634245
51.248784748470335 309.3880360457245
51.31272072940592 184.98996661362503
51.376656710341514 93.09508715762092
51.4405926912771 108.3388009076032
51.504528672212686 175.87349892209963
51.56846465314828 177.80426613997767
51.632400634083865 102.97379587987116
51.69633661501945 99.43751789196445
51.76027259595504 323.68242360765146
51.82420857689063 742.6602688491814
51.888144557826216 1112.4090510375577
51.9520805387618 1173.8127060365284
52.01601651969738 869.265660238773
52.07995250063298 389.6169158011461
52.14388848156857 42.29817972741052
52.20782446250416 91.94449224468387
52.27176044343974 679.3368235263697
52.33569642437533 1748.4887546695027
52.39963240531092 2984.173860836235
52.46356838624651 3878.0817236975
52.52750436718209 3964.9824891621247
52.59144034811768 3161.914748746193
52.65537632905327 1897.676298045752
52.71931230998886 792.617296278599
52.78324829092445 194.16475954778028
52.84718427186002 18.968202475249456
52.91112025279562 16.538392349792662
52.97505623373121 158.34743633638416
53.0389922146668 670.8128915628569
53.10292819560238 1631.518331722922
53.16686417653797 2616.593188680277
53.23080015747356 2917.8914450252178
53.29473613840914 2240.4186369181116
53.35867211934474 1131.1087940017308
53.42260810028032 597.4146565015601
53.48654408121591 1227.5106850751313
53.55048006215151 2620.189419033541
53.61441604308709 3692.349287758701
53.67835202402267 3611.561820559223
53.742288004958255 2469.246885659746
53.80622398589385 1094.0189348560912
53.87015996682944 246.27550413066777
53.93409594776503 26.245958038193212
53.998031928700605 49.217434859317926
54.0619679096362 60.91547694723443
54.12590389057179 248.94466645754812
54.189839871507374 916.7492159075368
54.25377585244296 1930.4884025377185
54.31771183337855 2648.6254840520255
54.38164781431414 2481.9939008819674
54.445583795249725 1514.4115947226803
54.50951977618532 537.4525233871695
54.5734557571209 378.29067872809145
54.637391738056486 1125.7930786196898
54.70132771899208 2046.4728928584416
54.76526369992767 2270.606421766324
54.82919968086325 1572.0593184788909
54.89313566179885 540.1750382380393
54.957071642734434 10.45176044790721
55.021007623670016 303.12098021717566
55.084943604605606 1001.5856516849984
55.1488795855412 1425.890570832035
55.212815566476785 1275.450917648202
55.27675154741237 827.8363133390013
55.34068752834796 572.3290974296465
55.404623509283546 705.8361103085164
55.468559490219135 987.4629583937301
55.53249547115472 1049.2137592654371
55.59643145209032 803.4405667716097
55.660367433025904 503.77834219391445
55.724303413961486 446.63574885993376
55.78823939489708 682.402845224668
55.852175375832665 1012.1594371886908
55.916111356768255 1243.7624973293096
55.98004733770384 1400.6809448733047
56.043983318639434 1626.4111756557113
56.107919299575016 1944.954079498448
56.171855280510606 2164.1589580718655
56.2357912614462 2008.6180731377608
56.29972724238178 1403.264658203338
56.36366322331737 624.2012809311558
56.42759920425296 103.4884118036464
56.49153518518855 90.90447129184805
56.55547116612413 491.0410846017601
56.61940714705972 977.9003043252942
56.68334312799531 1264.6214325111955
56.7472791089309 1269.4889830118348
56.81121508986649 1060.634236847132
56.87515107080207 735.3006891894357
56.93908705173766 400.36501917438727
57.00302303267325 221.6627613998625
57.06695901360884 385.67931159245376
57.13089499454441 941.6604180004389
57.19483097548001 1683.5441080015537
57.2587669564156 2204.5626681829785
57.322702937351195 2144.337007565528
57.38663891828677 1494.6097785434943
57.45057489922236 651.0581579863273
57.51451088015794 97.81842088441091
57.57844686109354 30.763084500749912
57.64238284202913 259.47799999259246
57.70631882296471 436.7031037895167
57.7702548039003 384.3824780394249
57.83419078483589 214.16028733059883
57.89812676577148 158.12127736220648
57.962062746707055 299.10815467441864
58.02599872764265 488.295449545724
58.08993470857824 540.679968555179
58.15387068951383 453.5604699968692
58.21780667044941 406.9476315170512
58.281742651385 592.2852894301936
58.34567863232059 1016.297590741055
58.409614613256174 1461.5785805295816
58.47355059419177 1683.882983774822
58.53748657512735 1613.3581835666475
58.60142255606294 1350.6122147082328
58.665358536998525 1041.9660740006295
58.72929451793412 767.6411683674359
58.79323049886971 520.7002916851666
58.85716647980529 285.757006549154
58.92110246074088 98.51839675198786
58.98503844167647 9.427193021365545
59.04897442261206 26.44912041525204
59.112910403547644 124.12694576560332
59.176846384483234 305.029724914622
59.240782365418816 627.8536931047876
59.304718346354406 1153.3891292760588
59.36865432729 1843.3716622068812
59.432590308225585 2503.7115358061833
59.49652628916117 2866.847632817058
59.56046227009676 2769.545692567113
59.62439825103235 2248.406068818
59.688334231967936 1493.2456371767385
59.752270212903525 752.5884346498333
59.81620619383912 244.6682672278888
59.880142174774704 68.71093805666028
59.94407815571029 170.07330679324315
60.00801413664588 407.2658571153357
60.071950117581466 652.5650992676086
60.135886098517055 848.4752034592194
60.19982207945264 1008.2226741877917
60.263758060388234 1164.5718846921955
60.32769404132382 1293.0657023131891
60.391630022259406 1294.6651014472984
60.455566003195 1087.6770538385497
60.519501984130585 712.5399250860062
60.58343796506617 331.2583872264472
60.64737394600176 119.47505343430804
60.71130992693735 130.5839975263453
60.775245907872936 258.5563627619024
60.83918188880852 349.489469132745
60.9031178697441 340.97781570408216
60.9670538506797 311.1935209655361
61.03098983161529 403.66764886628994
61.09492581255088 671.0958468626471
61.15886179348646 994.2695476539341
61.22279777442205 1155.9096226573135
61.28673375535764 1002.8408674341326
61.35066973629323 592.5165007861509
61.41460571722881 178.58967392976194
61.4785416981644 25.76800046011751
61.54247767909999 224.32423639989344
61.60641366003558 612.9667100743476
61.67034964097117 880.5890187998366
61.73428562190674 826.94341918402
61.79822160284234 531.1438482682411
61.86215758377793 275.9302454995297
61.92609356471352 322.0730257082458
61.9900295456491 686.3697670217337
62.05396552658469 1107.7880658252875
62.11790150752028 1272.2880142504403
62.18183748845586 1078.203414434532
62.24577346939146 689.9151891259934
62.30970945032704 371.7873854129388
62.37364543126263 267.04687134834865
62.43758141219823 301.4846402035839
62.50151739313381 297.90715159798685
62.56545337406939 184.3206099809215
62.629389355004975 71.49569405438017
62.69332533594057 136.5471776271183
62.75726131687616 436.8929926787974
62.82119729781175 819.2871760430359
62.885133278747325 1021.412009534002
62.94906925968292 889.0971743636205
63.01300524061851 514.4807886287265
63.076941221554094 182.79535669517568
63.14087720248968 165.46356423874155
63.20481318342527 522.2657110158326
63.26874916436086 1085.2104750117123
63.332685145296445 1629.9797654469637
63.39662112623204 2082.0948825104315
63.46055710716762 2578.018055004397
63.524493088103206 3272.504545120325
63.5884290690388 4023.8811703476167
63.65236504997439 4356.085987868
63.71630103090997 3856.226564820623
63.78023701184557 2597.647507752589
63.844172992781154 1194.2479062573154
63.908108973716736 474.00939251621537
63.972044954652326 904.8795025936168
64.03598093558792 2160.6026406872393
64.0999169165235 3318.6474010603356
64.16385289745908 3570.133531873519
64.22778887839468 2796.7246250822204
64.29172485933026 1571.905207847322
64.35566084026586 641.9019771723704
64.41959682120144 354.97475495443274
64.48353280213702 503.8106470956812
64.54746878307262 642.2523342282357
64.6114047640082 533.5448652378886
64.6753407449438 308.62918823374014
64.73927672587938 243.8949377303088
64.80321270681496 439.93403760214807
64.86714868775056 723.9645291668398
64.93108466868614 846.4008833480844
64.99502064962174 743.2601075617492
65.05895663055732 602.3208260998457
65.1228926114929 669.2161266115044
65.1868285924285 973.23396686729
65.25076457336408 1279.0605197241807
65.31470055429966 1308.1459590195304
65.37863653523526 979.0386395040279
65.44257251617084 477.8649265921511
65.50650849710644 106.2697960257648
65.57044447804202 25.563708250255832
65.6343804589776 146.631663670254
65.6983164399132 250.83884305514425
65.76225242084878 202.22586070935668
65.82618840178438 58.917111990240976
65.89012438271996 5.406984647569898
65.95406036365553 186.80384801442904
66.01799634459114 587.7388120150308
66.08193232552672 1049.5150285189688
66.1458683064623 1376.567932070066
66.2098042873979 1437.8151032040219
66.27374026833348 1235.9291729824909
66.33767624926908 893.5519511955398
66.40161223020466 550.8902989330144
66.46554821114024 283.7776515796756
66.52948419207584 103.9128436337086
66.59342017301142 11.091944792361454
66.65735615394702 36.25521072205916
66.7212921348826 218.6113584466495
66.78522811581819 533.4428592430854
66.84916409675378 866.7753668630363
66.91310007768936 1076.2652954540845
66.97703605862496 1082.311058088608
67.04097203956054 929.8899583836785
67.10490802049613 731.5191793005476
67.16884400143172 527.969913684895
67.23277998236729 295.1065373942755
67.29671596330289 80.64090517471364
67.36065194423848 39.50890447614094
67.42458792517407 295.0578105001015
67.48852390610966 737.8954482240653
67.55245988704525 1028.0840460924571
67.61639586798083 893.3464510395069
67.68033184891641 447.98168854049334
67.744267829852 194.43229996524917
67.8082038107876 555.7662667501388
67.87213979172319 1367.257253556806
67.93607577265877 1982.5361224904852
68.00001175359436 1857.9467233119933
68.06394773452995 1042.23861194019
68.12788371546553 204.8769675820712
68.19181969640113 45.81186750072516
68.25575567733671 612.4826776797589
68.3196916582723 1309.651812644812
68.38362763920789 1508.144888855415
68.44756362014347 1087.2647896073115
68.51149960107907 457.0772241953192
68.57543558201465 86.52374162653796
68.63937156295025 71.80710523623503
68.70330754388583 193.5788651888832
68.76724352482141 272.7002535042115
68.831179505757 357.2225308281643
68.89511548669259 570.8283801063246
68.95905146762819 856.1211387325128
69.02298744856377 966.266856430828
69.08692342949935 753.3030330890903
69.15085941043495 395.07462511882903
69.21479539137053 250.3418149995
69.27873137230613 478.05723724305693
69.34266735324171 843.2159685585891
69.40660333417729 952.3078720375614
69.47053931511289 668.5372459673833
69.53447529604847 236.81716802537048
69.59841127698405 11.71739714252524
69.66234725791965 99.109903520534
69.72628323885523 277.77005962519456
69.79021921979083 282.6999001358398
69.85415520072641 116.6376915089976
69.91809118166199 25.196552019841057
69.98202716259759 194.4781177831576
70.04596314353317 535.9552481896121
70.10989912446877 807.0858888543759
70.17383510540435 917.9865143083865
70.23777108633993 1039.6236690813219
70.30170706727553 1367.9716703447373
70.36564304821111 1814.8392251629468
70.42957902914671 2014.01514901857
70.49351501008229 1680.1758455909971
70.55745099101787 937.2917783316318
70.62138697195347 252.98447918804013
70.68532295288905 13.68495657876136
70.74925893382463 182.180535653018
70.81319491476023 409.5541486859112
70.87713089569581 413.2389096307295
70.94106687663141 205.77290232907336
71.00500285756699 31.51139871678567
71.06893883850258 115.82232353821078
71.13287481943817 469.3802449434976
71.19681080037375 934.7530217109944
71.26074678130935 1344.27276477943
71.32468276224493 1568.3758265974695
71.38861874318052 1503.8203613338596
71.45255472411611 1142.5010368960402
71.5164907050517 643.83714354424
71.58042668598729 250.83457327508577
71.64436266692287 98.63088385121881
71.70829864785846 106.3473186264317
71.77223462879405 90.55025298070451
71.83617060972963 31.710375986891815
71.90010659066522 162.043162397869
71.96404257160081 690.395723047818
72.0279785525364 1458.6827069923759
72.09191453347198 1959.1739501624436
72.15585051440756 1781.604723114133
72.21978649534316 1049.6976463646658
72.28372247627875 329.7228590505628
72.34765845721434 88.35717967588843
72.41159443814993 288.55657092073267
72.4755304190855 514.5648521403891
72.53946640002108 454.08919953932934
72.6034023809567 200.71022256902663
72.66733836189228 61.37684331362179
72.73127434282787 165.73086233706616
72.79521032376346 360.57702952927445
72.85914630469904 440.6731134673454
72.92308228563462 378.82874184386475
72.9870182665702 287.1713803684672
73.05095424750581 226.91946152158272
73.1148902284414 190.33301733171996
73.178826209377 272.20186344757286
73.24276219031258 702.5730104607345
73.30669817124814 1568.440008727858
73.37063415218374 2517.6708349694886
73.43457013311932 2913.3333057411055
73.49850611405493 2406.768335022841
73.56244209499052 1331.89899746155
73.62637807592611 481.76387380650374
73.69031405686168 432.6011362419994
73.75425003779726 1043.4472382857855
73.81818601873286 1648.8214075096932
73.88212199966844 1716.2837953626552
73.94605798060404 1262.1380986567617
74.00999396153962 682.7473735986545
74.07392994247522 298.3992006042164
74.1378659234108 133.9625344966711
74.20180190434638 80.14528944998557
74.26573788528198 115.73062465403449
74.32967386621756 298.8502318946764
74.39360984715316 595.5965661352826
74.45754582808874 823.6806199718465
74.52148180902432 807.4753699459859
74.58541778995992 553.1895935450715
74.6493537708955 244.51973643818283
74.7132897518311 75.21092097863378
74.7772257327667 106.8677074257126
74.84116171370225 264.46669318944566
74.90509769463787 409.8689039901247
74.96903367557344 424.9051601128373
75.03296965650902 283.96193108030803
75.09690563744462 95.2306573727096
75.16084161838019 55.18035731207758
75.22477759931581 272.5523614461332
75.28871358025138 604.6077014409021
75.35264956118696 737.9710716455944
75.41658554212256 505.3553088527588
75.48052152305814 125.33280406490879
75.54445750399374 36.89295137912567
75.60839348492931 433.13813712427327
75.67232946586489 1011.9521361221884
75.7362654468005 1247.40151149027
75.80020142773608 938.6732896140579
75.86413740867168 468.1750357140632
75.92807338960726 417.3430843761013
75.99200937054285 947.0655544962144
76.05594535147843 1655.2615302090699
76.11988133241401 1989.46260277178
76.18381731334962 1734.6825100411756
76.2477532942852 1131.7189161060085
76.31168927522079 567.3410347344628
76.37562525615638 230.85369971376383
76.43956123709197 86.9750287435358
76.50349721802753 58.415828722711545
76.56743319896313 122.03183159548497
76.63136917989873 236.79257945077345
76.69530516083432 294.1396708927479
76.7592411417699 218.58194724962425
76.82317712270547 79.88854704505565
76.88711310364108 33.29856520266666
76.95104908457665 128.28975015423777
77.01498506551225 248.09333162558212
77.07892104644785 272.85597989363555
77.14285702738343 241.07519890716432
77.20679300831902 303.6372231664523
77.2707289892546 502.0442759910316
77.3346649701902 671.7178868699974
77.39860095112577 663.9983986810446
77.46253693206138 577.718463457414
77.52647291299697 659.363208200352
77.59040889393255 973.5298682900489
77.65434487486814 1246.313940797233
77.71828085580371 1135.4829050973296
77.7822168367393 647.2802452010956
77.84615281767489 197.97999218593807
77.91008879861047 193.22659742205647
77.97402477954607 567.4538017662678
78.03796076048167 856.0439585188035
78.10189674141726 711.751475749231
78.16583272235283 276.9441748478438
78.22976870328841 48.18692977483256
78.29370468422401 344.37177089577614
78.3576406651596 964.2209609637698
78.4215766460952 1430.0989162824724
78.48551262703079 1446.0169918532672
78.54944860796637 1085.8169224822827
78.61338458890195 638.0733476802709
78.67732056983753 321.43811613414914
78.74125655077313 167.45302830775387
78.8051925317087 125.48288600414593
78.86912851264432 171.45922110733147
78.93306449357989 288.5168677754779
78.99700047451549 412.529122085202
79.06093645545107 462.4697135941696
79.12487243638665 419.92360600431033
79.18880841732225 339.1418674362434
79.25274439825782 266.77640646201974
79.31668037919344 188.96166545129347
79.38061636012901 91.92075486572936
79.4445523410646 48.10761665328771
79.50848832200019 192.25671107921252
79.57242430293577 582.894045793323
79.63636028387135 1089.7260211463683
79.70029626480694 1450.1850723530647
79.76423224574253 1460.3405164240446
79.82816822667813 1115.6355612484613
79.89210420761371 598.8333279515733
79.9560401885493 177.45109567527905
80.01997616948489 75.22497092696351
80.08391215042046 346.6982672310596
80.14784813135607 838.4631213339686
80.21178411229165 1265.2920470071865
80.27572009322724 1362.0235056246436
80.33965607416283 1067.301354459889
80.40359205509841 577.868129689812
80.46752803603401 182.3920297782556
80.53146401696958 58.995814803179606
80.59539999790516 216.58061255547423
80.65933597884077 568.2074885631797
80.72327195977635 1018.7922217024776
80.78720794071195 1450.1181502926684
80.85114392164753 1675.7035185359132
80.9150799025831 1529.625043209839
80.9790158835187 1035.8543225287835
81.04295186445428 463.81252664393736
81.10688784538988 162.5847424046698
81.17082382632547 255.93179262863072
81.23475980726106 505.7432311872413
81.29869578819665 554.5409192669457
81.36263176913222 312.0331304750051
81.4265677500678 76.89252828574817
81.49050373100341 272.94009137566513
81.554439711939 1036.7036872108752
81.6183756928746 2031.4359084539956
81.68231167381018 2679.6969916285248
81.74624765474576 2612.986701900648
81.81018363568134 1926.380876743328
81.87411961661692 1051.024724795995
81.93805559755253 410.71363361972584
82.00199157848812 154.48931185051407
82.06592755942371 146.16971282257376
82.1298635403593 163.33038812850398
82.19379952129486 102.97054427767765
82.25773550223046 21.25904543091699
82.32167148316604 5.355986187505236
82.38560746410165 44.48042777860695
82.44954344503724 55.08971357332537
82.51347942597283 30.006278774450816
82.5774154069084 121.18074002506712
82.64135138784398 516.8861712920992
82.70528736877958 1204.0346226143474
82.76922334971516 1870.082150895016
82.83315933065076 2115.3403675429404
82.89709531158634 1803.3704222603385
82.96103129252194 1178.1511341934854
83.02496727345752 650.6315274594692
83.0889032543931 470.0723880004937
83.1528392353287 553.8351707384452
83.21677521626428 630.8365702747169
83.28071119719988 541.1293348314753
83.34464717813546 353.4680908532539
83.40858315907104 217.09123292765813
83.47251914000664 179.37972489870145
83.53645512094222 174.72069143372667
83.60039110187782 137.60324440125513
83.66432708281341 76.44419171851001
83.72826306374898 36.315491926490296
83.7921990446846 25.29787578098565
83.85613502562016 27.925363766371955
83.92007100655574 79.29774338157502
83.98400698749134 256.8455019782856
84.04794296842691 564.7045389928176
84.11187894936253 852.748154223623
84.1758149302981 913.5938927296802
84.23975091123368 689.9593936327768
84.30368689216928 352.1468871825365
84.36762287310486 142.78060381617559
84.43155885404046 160.07731480569552
84.49549483497603 311.4818384089491
84.55943081591161 461.44616904677434
84.62336679684722 583.6982591957955
84.6873027777828 737.7188189013314
84.7512387587184 908.968810355428
84.81517473965398 958.8871125060275
84.87911072058957 782.1039808594553
84.94304670152515 480.3436206968832
85.00698268246073 348.3500860492793
85.07091866339634 617.8239288721205
85.13485464433192 1189.1052649246383
85.1987906252675 1699.332799576482
85.2627266062031 1833.9120740261735
85.32666258713869 1537.4543433486242
85.39059856807425 1019.054473995366
85.45453454900985 567.5284498936809
85.51847052994545 312.7323934024855
85.58240651088104 193.3766079923789
85.64634249181663 114.71193965501904
85.7102784727522 62.72088792700577
85.7742144536878 82.77571498260393
85.83815043462337 186.47785574180247
85.90208641555897 307.36794601926863
85.96602239649457 356.4829061621663
86.02995837743015 313.06133737136435
86.09389435836574 262.37808797205025
86.15783033930131 321.80439228032094
86.22176632023692 508.4966772140981
86.28570230117249 700.3199436291953
86.3496382821081 736.8705508472269
86.41357426304369 563.7451949609064
86.47751024397927 310.16633228344887
86.54144622491486 217.03935492798593
86.60538220585043 415.1200977930604
86.66931818678601 756.6921576060641
86.73325416772161 925.1467774599123
86.7971901486572 730.2777397070652
86.86112612959279 302.404275700882
86.92506211052839 12.00076973356491
86.98899809146398 145.30985567603625
87.05293407239955 626.33704571842
87.11687005333513 1089.5865872699276
87.18080603427073 1213.2297276195059
87.24474201520631 971.6209883472109
87.30867799614192 592.5805454907096
87.3726139770775 299.4139089684048
87.43654995801309 164.12554490305297
87.50048593894867 220.16846111306728
87.56442191988425 594.0951125661201
87.62835790081985 1385.7723180571272
87.69229388175542 2376.347652811559
87.75622986269104 2994.881306584377
87.82016584362661 2743.9969774488586
87.88410182456221 1686.195636207205
87.94803780549779 517.1397385875141
88.01197378643337 46.19344026454676
88.07590976736897 433.3870188646413
88.13984574830454 1054.0751904207827
88.20378172924016 1194.330400952204
88.26771771017573 746.5502161497251
88.33165369111131 249.79319806870512
88.39558967204691 292.5280642809347
88.45952565298249 854.3158092875102
88.52346163391807 1355.5381927228043
88.58739761485366 1336.0747925600028
88.65133359578925 897.0349842570946
88.71526957672485 469.383552268086
88.77920555766043 288.575125144775
88.84314153859602 218.92790237075465
88.90707751953161 97.47786269192707
88.97101350046718 100.53200433080154
89.03494948140279 616.4030340502985
89.09888546233837 1695.799822638881
89.16282144327396 2764.519233174412
89.22675742420955 3087.746639215623
89.29069340514513 2451.748677247662
89.35462938608073 1303.4321180267318
89.4185653670163 349.6143263678028
89.48250134795188 2.2174183204851365
89.54643732888749 152.60239987488572
89.61037330982307 475.3179748312526
89.67430929075867 761.423082481565
89.73824527169425 915.10972904307
89.80218125262982 867.0692242750048
89.86611723356542 635.3558129084887
89.930053214501 448.1536653734182
89.9939891954366 658.3670178676023
90.0579251763722 1367.0376225837624
90.12186115730776 2159.768057299033
90.18579713824336 2406.3463206810065
90.24973311917896 1905.0324330781648
90.31366910011452 1109.4182118603103
90.3776050810501 648.7856921341928
90.44154106198573 675.9173936887753
90.50547704292131 752.995768735305
90.56941302385688 467.7333327469967
90.63334900479248 60.134338736599965
90.69728498572807 229.78380637442987
90.76122096666364 1314.2711869213995
90.82515694759923 2742.542167642596
90.88909292853485 3449.932390926574
90.9530289094704 2902.7680354686768
91.016964890406 1566.7147215009093
91.0809008713416 398.16703335553575
91.14483685227718 1.0518262481418403
91.20877283321276 227.98729435450548
91.27270881414837 525.2153039326496
91.33664479508397 545.5193545312416
91.40058077601952 342.9948563345696
91.46451675695512 124.7476106047173
91.52845273789072 11.823271754189507
91.59238871882629 45.947707543583
91.65632469976188 272.12132144445286
91.72026068069748 690.5542161117495
91.78419666163306 1156.2321722745103
91.84813264256864 1478.6149032297362
91.91206862350425 1684.0129650701451
91.97600460443984 2012.5831738980012
92.03994058537539 2545.0926957240217
92.103876566311 2926.2020002805284
92.1678125472466 2600.3754504905214
92.23174852818218 1468.289540106155
92.29568450911776 306.6660823481498
92.35962049005337 281.86435706677105
92.42355647098894 1840.348100470836
92.48749245192451 4153.263737358263
92.55142843286013 5739.241713653593
92.6153644137957 5629.6506542208945
92.6793003947313 4096.160099748025
92.74323637566688 2322.833986072388
92.80717235660249 1276.2233324474291
92.87110833753806 1011.0405325446272
92.93504431847363 1015.4590961606248
92.99898029940925 880.995268876854
93.06291628034482 594.6422680070301
93.12685226128042 352.70638422669407
93.190788242216 234.39822449643043
93.25472422315158 164.51073800918923
93.31866020408718 116.96584653624468
93.38259618502275 191.09255668183292
93.44653216595833 440.05090838927754
93.51046814689394 722.9304083404002
93.57440412782952 812.9436154222312
93.63834010876512 621.1079349057061
93.7022760897007 295.9512122047574
93.76621207063629 76.34124536536268
93.83014805157187 38.65742698145272
93.89408403250745 67.52553599659238
93.95802001344306 48.81102147041607
94.02195599437864 3.452171542072072
94.08589197531423 31.65907234198953
94.14982795624982 168.09677065542255
94.2137639371854 347.44474084044316
94.27769991812099 509.6086422257093
94.34163589905657 681.9440228315651
94.40557187999217 906.0167947612539
94.46950786092776 1095.1992370587884
94.53344384186335 1083.6146948792828
94.59737982279891 836.305980714175
94.66131580373452 514.8490816032868
94.72525178467009 326.77228821517207
94.78918776560569 320.6899534975428
94.85312374654129 347.0486125277619
94.91705972747687 285.4743512022839
94.98099570841246 293.0587538449671
95.04493168934803 731.4096922509625
95.10886767028364 1793.4327935771123
95.17280365121921 3178.236318557508
95.23673963215482 4179.66582850398
95.3006756130904 4221.526940610953
95.36461159402599 3335.0875571344823
95.42854757496158 2098.385901699253
95.49248355589715 1168.6823943763227
95.55641953683273 826.6859507491758
95.62035551776833 862.2632335801524
95.68429149870391 881.9307278064574
95.74822747963952 707.4879864330388
95.8121634605751 484.9088958087474
95.8760994415107 486.0221584745522
95.94003542244627 839.5278302655436
96.00397140338185 1423.9276456802795
96.06790738431744 1961.5561428560345
96.13184336525303 2190.2693005321767
96.19577934618864 1983.19102667994
96.25971532712423 1390.0327572652511
96.32365130805981 649.104992767755
96.38758728899539 130.74456869983428
96.45152326993097 168.88266877482815
96.51545925086656 853.332450155878
96.57939523180217 1906.888322058736
96.64333121273776 2804.57879325014
96.70726719367332 3110.7681530156638
96.77120317460893 2751.000383705726
96.83513915554451 2020.2133010596017
96.89907513648008 1344.3467359936185
96.96301111741569 975.3797847324593
97.02694709835129 869.1061531104053
97.09088307928688 815.463858357951
97.15481906022244 658.9538718335657
97.21875504115805 411.9529743105186
97.28269102209363 197.40460194693327
97.3466270030292 105.50665033571332
97.4105629839648 114.18530177304805
97.4744989649004 147.26354776281084
97.53843494583597 178.1037493544492
97.60237092677156 269.1448736988545
97.66630690770717 508.9681394690135
97.73024288864275 876.2913431129911
97.79417886957832 1196.5386719822789
97.85811485051391 1274.781924511622
97.92205083144952 1064.8907861662697
97.9859868123851 731.3276407303763
98.04992279332068 538.4484007441833
98.11385877425629 635.6911896517403
98.17779475519184 933.1988537797534
98.24173073612744 1172.5938677161053
98.30566671706303 1143.491771791154
98.36960269799859 855.8674870181478
98.43353867893421 489.5881940820358
98.4974746598698 213.78041228576075
98.5614106408054 81.52034446295214
98.62534662174096 53.36436171683808
98.68928260267656 80.38696997717412
98.75321858361217 149.688858137984
98.8171545645477 262.9074125283923
98.88109054548333 403.95287726204793
98.94502652641891 539.5545593571454
99.00896250735448 637.3412183007248
99.07289848829008 672.9488204430688
99.13683446922568 641.5832988210236
99.20077045016124 599.9658857655934
99.26470643109683 685.1540030445858
99.32864241203245 1022.372316210909
99.39257839296803 1553.593207811844
99.4565143739036 1964.7164377090196
99.5204503548392 1872.0566978065492
99.5843863357748 1200.1091469643668
99.64832231671036 400.7557676712606
99.71225829764595 193.3908334443865
99.77619427858157 962.9805003506063
99.84013025951712 2348.672471613976
99.90406624045272 3438.9716734042568
99.96800222138832 3473.3739803381554
100.0319382023239 2458.411781926188
100.09587418325948 1130.0446933439282
100.15981016419508 319.78481382868006
100.22374614513068 340.20000859329764
100.28768212606624 884.1426831516093
100.35161810700184 1405.768772224284
100.41555408793744 1571.8204839436623
100.479490068873 1395.7305752224283
100.5434260498086 1057.3443637292482
100.6073620307442 702.6391619199176
100.67129801167978 395.4746637679577
100.73523399261536 167.26122283433003
100.79916997355096 43.33392466074197
100.86310595448656 9.53982529136933
100.92704193542212 12.518459351905104
100.99097791635772 40.81542295365654
101.05491389729332 174.43401563327456
101.1188498782289 497.40374920579063
101.18278585916448 939.650883227006
101.24672184010008 1247.885511982259
101.31065782103566 1179.481484161829
101.37459380197124 739.6645246928
101.43852978290684 220.04377016917903
101.50246576384242 3.5553499846255527
101.566401744778 297.96862352084133
101.6303377257136 1029.1289777849304
101.6942737066492 1978.4419708826913
101.75820968758478 2950.1787298663
101.82214566852036 3768.2059171856777
101.88608164945596 4214.205863552374
101.95001763039154 4072.3401093533184
102.01395361132712 3286.2057298334644
102.07788959226272 2140.152123071467
102.1418255731983 1237.8524499550608
102.2057615541339 1114.2806119752609
102.26969753506948 1806.251437015176
102.33363351600507 2816.795715257605
102.39756949694066 3442.569203941326
102.46150547787624 3234.803000373355
102.52544145881184 2316.9524295382707
102.58937743974742 1241.2990222193075
102.653313420683 522.4491437999055
102.7172494016186 314.65004186772217
102.78118538255418 422.07786683697327
102.84512136348978 559.5390665651859
102.90905734442536 608.9719368604282
102.97299332536095 630.4476059232845
103.03692930629654 704.7014100042982
103.10086528723212 787.2748481124657
103.16480126816772 726.6066493358164
103.2287372491033 473.63124085163184
103.29267323003889 187.63798436161747
103.35660921097448 98.19068210288584
103.42054519191007 309.4608867470794
103.48448117284563 678.2504819535686
103.54841715378124 905.9159669857715
103.61235313471683 821.8719337231997
103.67628911565242 523.5132818622124
103.740225096588 249.7131186329837
103.80416107752357 153.65691856527897
103.86809705845918 174.583858184403
103.93203303939475 148.7853124708618
103.99596902033036 39.51847936349305
104.05990500126595 20.14150540782005
104.12384098220151 312.4936624216449
104.18777696313713 917.1674902019885
104.2517129440727 1534.98248412649
104.3156489250083 1793.3204715036422
104.37958490594389 1542.9280196345746
104.44352088687945 977.72313758078
104.50745686781507 483.48949670188046
104.57139284875063 322.2327098986723
104.63532882968624 453.72093212283
104.69926481062183 645.4948217088121
104.7632007915574 708.2514575590275
104.827136772493 633.8468617797216
104.89107275342857 538.4294205448252
104.95500873436416 492.6416835817821
105.01894471529975 446.77433056758554
105.08288069623534 326.9126710307863
105.14681667717095 149.1550192926876
105.21075265810651 17.111743074357022
105.27468863904213 27.60321183252741
105.3386246199777 173.50577545983256
105.40256060091328 340.63678489137567
105.46649658184889 420.4485215743348
105.53043256278445 409.3151110651661
105.59436854372004 388.7382353546767
105.65830452465563 433.1781127411764
105.72224050559124 530.8729842483841
105.7861764865268 587.9190430003936
105.8501124674624 521.9635088237702
105.914048448398 341.88687128321715
105.97798442933357 141.28721594011205
106.04192041026916 30.633230083972784
106.10585639120475 56.41903255179223
106.16979237214034 170.688508314827
106.23372835307592 280.48362466738706
106.29766433401151 322.07890999626426
106.36160031494713 297.180457252861
106.42553629588268 253.31903183795376
106.48947227681828 227.49098540284643
106.55340825775389 207.735083206346
106.61734423868945 166.12381405236516
106.68128021962504 136.04313352507776
106.74521620056063 232.2102489880292
106.80915218149624 566.0063515005047
106.8730881624318 1118.437976287643
106.9370241433674 1680.4214054709496
107.000960124303 1956.6188896668189
107.06489610523856 1800.2569800874596
107.12883208617416 1364.1888358759709
107.19276806710975 1012.3494130507206
107.25670404804532 1063.1580972245088
107.32064002898092 1535.9236318068056
107.38457600991651 2102.51216857658
107.44851199085213 2349.952103883292
107.51244797178768 2114.0484191318055
107.57638395272328 1545.2452625461865
107.64031993365889 926.7642687827232
107.70425591459444 474.3631300972024
107.76819189553004 252.21946419332744
107.83212787646563 222.22128211694152
107.8960638574012 337.710244956631
107.9599998383368 559.3457331599406
108.0239358192724 804.1982929292321
108.08787180020796 941.3324063202282
108.15180778114356 867.6897998170957
108.21574376207916 597.344254752964
108.27967974301475 274.0330581023466
108.34361572395032 60.359471362735114
108.40755170488592 0.44935883392306974
108.47148768582151 15.227172136569436
108.53542366675708 17.28418801491564
108.59935964769268 1.1281430280427907
108.66329562862828 19.458497229519576
108.72723160956384 86.89486793758876
108.79116759049944 142.33334625261352
108.85510357143504 119.38579762639225
108.91903955237063 38.74298467197056
108.9829755333062 13.95950937545
109.0469115142418 146.89402440314993
109.1108474951774 428.408740796901
109.17478347611296 758.2090314334524
109.23871945704856 1045.367327802156
109.30265543798416 1278.817298831792
109.36659141891973 1490.135576244912
109.43052739985532 1651.3062635143372
109.49446338079092 1648.2534109684552
109.5583993617265 1378.5649007179543
109.62233534266208 880.0870864125923
109.68627132359768 356.8660170295059
109.75020730453328 51.61762946915069
109.81414328546884 81.97765821053683
109.87807926640444 389.88081894949886
109.94201524734004 817.2684958753715
110.00595122827562 1219.1969190308253
110.0698872092112 1518.872287144598
110.1338231901468 1683.8260966990715
110.19775917108238 1689.6645305197771
110.26169515201796 1520.9868785732247
110.32563113295356 1195.0635165160336
110.38956711388914 781.5554673909116
110.45350309482473 393.291981004336
110.51743907576032 133.01721267898685
110.58137505669592 33.62201829637686
110.6453110376315 48.318486030779965
110.70924701856708 92.97333359992653
110.77318299950268 103.47151383729948
110.83711898043826 71.59548956819275
110.90105496137384 35.94208785426929
110.96499094230944 42.788517200513766
111.02892692324502 121.71857431016178
111.09286290418062 286.95725282429925
111.1567988851162 535.5437884190889
111.2207348660518 821.2435271772059
111.28467084698738 1023.8045878061448
111.34860682792296 992.5178657390056
111.41254280885856 691.7123562384136
111.47647878979414 301.3842477126399
111.54041477072973 138.6946553306744
111.60435075166532 449.2812427863254
111.6682867326009 1195.5743750902773
111.7322227135365 2014.395293111403
111.79615869447208 2454.234160088647
111.86009467540767 2304.9245914459184
111.92403065634326 1707.729681710073
111.98796663727884 993.6470237297315
112.05190261821444 439.5966898073842
112.11583859915002 137.12293014685267
112.1797745800856 36.18339993525933
112.2437105610212 69.63555300733842
112.30764654195679 212.155679082382
112.37158252289238 435.2053815468052
112.43551850382796 651.6480932243112
112.49945448476355 740.8345354448147
112.56339046569914 639.0281386398128
112.62732644663473 402.8248198898417
112.6912624275703 177.792790243954
112.7551984085059 93.85719857893181
112.81913438944149 168.08315808741108
112.88307037037708 293.08505222562394
112.94700635131267 326.68200427519395
113.01094233224823 219.3466120013762
113.07487831318385 75.93213182466721
113.13881429411941 68.32444655512826
113.20275027505502 260.74310323660706
113.2666862559906 525.0644803506182
113.33062223692617 632.8536683691722
113.39455821786179 471.8334022368384
113.45849419879735 186.12406805402227
113.52243017973296 41.223844939740886
113.58636616066855 149.50278474116794
113.65030214160412 361.135168900418
113.71423812253973 426.3422329591892
113.7781741034753 269.94164681824327
113.84211008441088 62.724655190207805
113.90604606534647 7.974495774003163
113.96998204628206 121.85434443850323
114.03391802721767 262.8632141115164
114.09785400815323 381.8294724170437
114.16178998908885 637.3030517995693
114.22572597002441 1147.9218491929091
114.28966195096 1714.107985324289
114.3535979318956 1890.4614011262936
114.41753391283117 1406.246086305238
114.48146989376676 565.5832066203028
114.54540587470235 78.32322421085945
114.60934185563796 377.05250439905296
114.67327783657352 1176.0304783697995
114.73721381750912 1754.9206481614776
114.80114979844473 1701.6550920513057
114.8650857793803 1334.7646472378383
114.92902176031588 1293.544318571419
114.99295774125147 1763.7482516748423
115.05689372218706 2226.7070805998464
115.12082970312264 2013.3645818362663
115.18476568405823 1088.8000037293843
115.24870166499385 191.7552806060058
115.3126376459294 106.24086060298616
115.376573626865 835.5931855276326
115.4405096078006 1591.0918088960586
115.50444558873617 1597.0674992567792
115.56838156967176 856.7877747934788
115.63231755060735 124.22183871691962
115.69625353154296 125.55931829457296
115.76018951247852 845.0764485744778
115.82412549341412 1621.3379583048447
115.88806147434973 1834.887064756212
115.95199745528528 1430.5706267280857
116.01593343622088 869.172355856126
116.07986941715647 605.8569515057582
116.14380539809204 650.280194166352
116.20774137902764 699.603923407342
116.27167735996323 561.7146552577376
116.33561334089885 321.387035751103
116.3995493218344 183.32440274641516
116.46348530277 224.65130683056003
116.5274212837056 313.75984634842644
116.59135726464116 299.0557354224033
116.65529324557676 233.73639335403885
116.71922922651235 346.45504672891246
116.78316520744792 785.9379523321957
116.84710118838352 1412.202761394138
116.91103716931912 1857.3027779089232
116.97497315025468 1826.8928703592053
117.03890913119028 1368.9894265515823
117.10284511212588 858.238772288162
117.16678109306147 712.2779402622464
117.23071707399704 1067.8856817344426
117.29465305493264 1681.3294098844751
117.35858903586823 2130.9338979486247
117.4225250168038 2114.499282820313
117.4864609977394 1628.7876768223616
117.550396978675 939.7253268773524
117.61433295961056 368.7488159132299
117.67826894054616 121.97727786747008
117.74220492148176 253.39859223574527
117.80614090241735 645.0741462158638
117.87007688335292 1060.4173873223363
117.93401286428852 1262.7122923718216
117.99794884522412 1101.9314393335285
118.06188482615968 647.4073128402846
118.12582080709528 205.0620900582132
118.18975678803088 37.64112254905151
118.25369276896645 137.70556686480546
118.31762874990204 292.91165032985833
118.38156473083764 298.37055832538624
118.44550071177322 161.36120787369683
118.5094366927088 102.8643662974761
118.5733726736444 322.46382550097815
118.63730865458 786.0155326435117
118.70124463551556 1224.1984926272348
118.76518061645116 1347.9286809234015
118.82911659738676 1109.8509438421568
118.89305257832234 731.0995551661523
118.95698855925792 481.5675906157669
119.02092454019352 466.3792049517813
119.0848605211291 576.2749544398821
119.14879650206468 613.1323482197182
119.21273248300028 484.1518844808576
119.27666846393586 280.5986554355224
119.34060444487145 187.4276058048232
119.40454042580704 331.63246846755595
119.46847640674264 683.8294286880439
119.53241238767822 1076.4255206569696
119.5963483686138 1321.28110686109
119.6602843495494 1323.771059778758
119.72422033048498 1115.7739708278168
119.78815631142056 821.2330644216336
119.85209229235616 599.0726630252974
119.91602827329174 588.4543716512928
119.97996425422734 861.998889941002
120.04390023516292 1380.5736305813139
120.10783621609852 1965.2222402021227
120.1717721970341 2340.492523014042
120.23570817796968 2274.8519932345657
120.29964415890528 1744.5104375409771
120.36358013984086 988.7789823231664
120.42751612077645 397.059038954896
120.49145210171204 288.16899612409213
120.55538808264762 708.3215680336831
120.61932406358322 1403.853489584977
120.6832600445188 2009.3514393570915
120.74719602545439 2260.294903121596
120.81113200638998 2075.9673081016285
120.87506798732556 1560.8876339108658
120.93900396826116 945.8949800941872
121.00293994919674 462.20370853404063
121.06687593013233 239.7196057361688
121.13081191106792 275.91589226333247
121.1947478920035 454.414091730698
121.2586838729391 615.7453869526693
121.32261985387468 646.5677928569733
121.38655583481027 528.723361198314
121.45049181574586 329.2578889298143
121.51442779668145 143.4691635299508
121.57836377761701 32.36176983481727
121.64229975855262 0.8821660972557942
121.7062357394882 18.217735593580453
121.7701717204238 46.18990963528207
121.83410770135939 54.90393833822752
121.89804368229495 33.6009621669345
121.96197966323057 3.6190238700612336
122.02591564416613 16.84648669662587
122.08985162510174 124.96525871589643
122.15378760603733 331.54401457739516
122.2177235869729 564.694273108326
122.2816595679085 711.8874068792802
122.34559554884407 701.0522317152249
122.40953152977968 551.0696625529088
122.47346751071527 350.7136229872376
122.53740349165084 190.84559048904967
122.60133947258645 104.93112766210596
122.66527545352201 74.77665075703008
122.7292114344576 90.62158624985483
122.7931474153932 182.04800887868217
122.85708339632878 368.8012525153831
122.92101937726439 586.3192765795471
122.98495535819995 693.7525638124816
123.04889133913557 585.9771799450282
123.11282732007113 312.7175330041964
123.17676330100672 75.44516022911048
123.24069928194233 56.48771218398405
123.3046352628779 232.91299721789335
123.36857124381348 388.88812531595914
123.43250722474907 337.0142719172527
123.49644320568468 148.73099536648186
123.56037918662027 148.3490031119628
123.62431516755584 617.8305995813413
123.68825114849145 1472.81898480219
123.75218712942701 2231.9560488118564
123.8161231103626 2362.906876148764
123.8800590912982 1739.233771827185
123.94399507223378 771.5929339905374
124.00793105316936 91.86880283784544
124.07186703410495 88.06155531461107
124.13580301504057 630.6795562647688
124.19973899597612 1196.0339111962603
124.26367497691172 1312.5275282622256
124.32761095784733 915.8061423833057
124.3915469387829 335.6152382251439
124.45548291971848 15.791036734158688
124.51941890065407 168.5187977731686
124.58335488158968 607.2088863477602
124.64729086252524 942.3878002690744
124.71122684346084 936.2925839529224
124.77516282439645 663.2310587836441
124.839098805332 403.6556502446788
124.9030347862676 392.78746239606977
124.9669707672032 610.559286962927
125.03090674813876 817.5816349903577
125.09484272907436 803.0959999534003
125.15877871000995 570.3499517266657
125.22271469094557 301.3423004305678
125.28665067188112 168.63315420461905
125.35058665281672 176.85461837654464
125.41452263375233 196.66473382565533
125.47845861468788 134.98276953894887
125.54239459562348 32.725879609495024
125.60633057655907 8.701384638672838
125.67026655749464 130.7136684539165
125.73420253843024 346.90178524535014
125.79813851936584 546.3875161799986
125.86207450030145 660.8933029633022
125.926010481237 688.8155795380549
125.9899464621726 649.7522707753228
126.0538824431082 553.0376453370608
126.11781842404376 433.4323502690298
126.18175440497936 396.07215890864654
126.24569038591495 561.1532067141148
126.30962636685052 937.5309251319092
126.37356234778612 1364.8751658095189
126.43749832872172 1600.3504331637623
126.50143430965728 1505.310322001682
126.56537029059288 1178.0817644774684
126.62930627152848 889.2916441587854
126.69324225246407 843.4643861427371
126.75717823339964 983.5986713564669
126.82111421433524 1058.2016326696896
126.88505019527084 876.1501111506157
126.9489861762064 482.9285773990301
127.012922157142 121.96877178544204
127.0768581380776 12.371151581143849
127.14079411901317 143.9445868894104
127.20473009994876 313.66687562515307
127.26866608088436 346.9650966691413
127.33260206181994 263.4338489328243
127.39653804275552 233.18560616027847
127.46047402369112 379.4304524697617
127.52441000462672 643.3855062193446
127.58834598556228 839.9841366390201
127.65228196649788 847.2775138780684
127.71621794743348 728.6549067211841
127.78015392836906 630.7802212983972
127.84408990930464 608.2523043293312
127.90802589024024 589.4190350024315
127.97196187117582 480.1471866510714
128.0358978521114 309.9631912884609
128.099833833047 253.2556781044404
128.16376981398258 449.9293986537169
128.22770579491817 839.1244538521798
128.29164177585375 1193.76629629476
128.35557775678936 1303.2141858804766
128.41951373772494 1144.0749657782771
128.48344971866052 877.5247782542368
128.5473856995961 674.6215120938817
128.61132168053172 572.3436125795241
128.67525766146727 494.4062156324554
128.73919364240288 365.8071028689972
128.80312962333846 194.5408268295072
128.86706560427405 59.06734764697558
128.93100158520963 24.168713167162032
128.99493756614524 78.75945866738066
129.05887354708082 158.8002738998981
129.1228095280164 211.59147112057408
129.186745508952 228.20122150408167
129.2506814898876 226.18543447949557
129.31461747082315 220.4399604078622
129.37855345175876 222.92234204432856
129.44248943269434 259.79355608337573
129.50642541362993 365.68459745686846
129.5703613945655 545.4286470688528
129.63429737550112 739.8362378649747
129.6982333564367 845.1697462855626
129.76216933737228 782.1500957777786
129.82610531830787 559.2946871440851
129.89004129924348 284.33301735060036
129.95397728017906 95.74624751135656
130.01791326111464 54.41311727930982
130.08184924205023 110.44145415646167
130.1457852229858 171.14436176803326
130.2097212039214 182.0951396842384
130.273657184857 167.80780178636678
130.33759316579258 196.39072326886983
130.40152914672817 285.12355092087193
130.46546512766375 371.88731240671456
130.52940110859933 379.9592070352263
130.59333708953494 287.69294307146026
130.65727307047052 157.5220793301473
130.7212090514061 79.31078803654502
130.7851450323417 68.88316220624019
130.84908101327727 69.96926509027062
130.91301699421288 56.625873913699074
130.97695297514846 112.59528402633974
131.04088895608405 391.56822807473935
131.10482493701963 952.0019153407898
131.1687609179552 1631.1025457699216
131.23269689889082 2099.0275135084676
131.2966328798264 2073.995795578984
131.360568860762 1560.7565606546975
131.42450484169757 862.7466460966058
131.48844082263315 338.26706471475273
131.55237680356876 158.56416021105778
131.61631278450434 242.96316949932063
131.68024876543993 390.1714226152621
131.7441847463755 469.9483993265792
131.8081207273111 484.1702332107128
131.8720567082467 496.43800511776914
131.93599268918229 521.3021245221126
131.99992867011787 490.4717522192633
132.06386465105345 355.557333733595
132.12780063198903 169.79616585041197
132.1917366129246 44.0284116830322
132.25567259386023 48.750423539156685
132.3196085747958 150.72921702829436
132.3835445557314 253.8193150536196
132.44748053666697 301.32115756912503
132.51141651760256 339.3802057853338
132.57535249853817 483.17885056938553
132.63928847947375 794.2642401437837
132.70322446040933 1205.1215436379248
132.7671604413449 1545.7714644258604
132.83109642228047 1631.8065701186867
132.8950324032161 1416.0665897263964
132.9589683841517 1048.4269522870627
133.02290436508727 741.9815080453373
133.08684034602285 615.9330970849496
133.15077632695844 617.2146782638255
133.21471230789405 565.3794702935129
133.27864828882963 353.8885358781664
133.3425842697652 100.24339545271978
133.4065202507008 39.64088758923749
133.47045623163635 268.3114738108965
133.534392212572 607.784243269352
133.59832819350757 744.3767064449139
133.66226417444315 535.9783521416498
133.7262001553787 187.30446929300948
133.79013613631432 66.09386303312154
133.85407211724993 318.77713910781205
133.9180080981855 706.3708299786996
133.9819440791211 842.2262851765021
134.04588006005667 611.8241354475196
134.10981604099223 323.9078532953724
134.17375202192787 375.10121740330175
134.23768800286345 811.667451349771
134.30162398379903 1260.1860443990377
134.3655599647346 1279.1045694987583
134.4294959456702 835.1474360725986
134.49343192660575 390.4479982662749
134.5573679075414 430.1104265064062
134.62130388847697 955.3835030631064
134.68523986941256 1476.579792898034
134.7491758503481 1489.5490939035012
134.81311183128372 966.3878201561708
134.87704781221933 368.4663029687201
134.9409837931549 183.43289262829637
135.00491977409047 453.4126908776799
135.06885575502608 766.6079209662672
135.13279173596166 722.9082183047591
135.19672771689727 353.4040147673284
135.26066369783285 64.52249940162376
135.32459967876844 208.9655165803865
135.388535659704 715.9376710663756
135.4524716406396 1158.2831628173924
135.5164076215752 1173.990036967166
135.5803436025108 793.1372702111673
135.64427958344635 384.37031693268034
135.70821556438196 290.27540204613206
135.77215154531754 511.1653019191996
135.83608752625315 759.5354116420588
135.9000235071887 772.5361206239775
135.96395948812432 542.736314984183
136.02789546905987 283.46743557008733
136.09183144999548 188.65302265147028
136.1557674309311 249.5536521160276
136.21970341186667 317.22395778333606
136.28363939280223 292.06501415166974
136.34757537373784 211.013451954336
136.41151135467342 167.765608991422
136.47544733560903 188.4562991212002
136.5393833165446 207.29562683586113
136.6033192974802 155.99640227522596
136.66725527841578 56.311277779505744
136.73119125935136 3.7389650307468454
136.79512724028694 61.15649360568963
136.85906322122256 189.46352524944416
136.9229992021581 284.35195487423186
136.98693518309372 273.02346695129665
137.0508711640293 175.02217735423687
137.11480714496489 69.5208210912875
137.17874312590047 17.431949424009343
137.24267910683608 22.510866631432727
137.30661508777166 49.748474122812766
137.37055106870724 68.71700392840663
137.43448704964283 80.15860714044771
137.49842303057844 107.85499224216971
137.562359011514 175.6645872973365
137.6262949924496 294.85850282367426
137.69023097338518 467.2354180428389
137.75416695432077 692.1728934694837
137.81810293525635 963.0555240757325
137.88203891619196 1244.868616893556
137.94597489712754 1454.0870041002531
138.00991087806312 1485.8739098172555
138.0738468589987 1282.4030761288757
138.13778283993432 889.5274398927753
138.20171882086987 454.9311370207385
138.26565480180548 141.3648873477225
138.32959078274106 12.697964341171735
138.39352676367665 5.608101917966612
138.45746274461223 16.541243115106187
138.52139872554784 14.95096401130192
138.58533470648342 62.97679322735788
138.649270687419 222.99383364941673
138.7132066683546 459.54733688731
138.7771426492902 645.7011462084921
138.84107863022578 675.0301198635796
138.90501461116136 561.4888062696335
138.96895059209695 420.02610091030783
139.03288657303253 353.20680043789264
139.0968225539681 361.1695845265771
139.16075853490372 360.87802686494456
139.2246945158393 281.99287142088485
139.28863049677489 138.481196467709
139.35256647771047 19.347153836229303
139.41650245864605 21.25053279922001
139.48043843958166 186.35250725663252
139.54437442051724 472.53182354421136
139.60831040145283 760.0976864465181
139.6722463823884 914.3517868079592
139.736182363324 871.9440809515174
139.8001183442596 681.6637207037711
139.86405432519518 465.96154144680264
139.92799030613077 323.4952459452395
139.99192628706635 262.8451611454148
140.05586226800193 240.3829647366076
140.11979824893754 256.573891624493
140.18373422987312 392.58185196353367
140.2476702108087 714.5492810359228
140.3116061917443 1135.384183159587
140.37554217267987 1420.132328020043
140.43947815361548 1363.6582872368976
140.50341413455106 969.3471344218312
140.56735011548665 464.90789361580113
140.63128609642223 132.2437500298597
140.6952220773578 93.78318997380975
140.75915805829342 254.03554664453827
140.823094039229 426.46711253221775
140.8870300201646 490.8764387573194
140.95096600110017 448.34448157590776
141.01490198203575 363.672254414462
141.07883796297136 287.6438362356764
141.14277394390695 242.3986741868181
141.20670992484253 244.9454337277788
141.2706459057781 305.24446050945994
141.3345818867137 399.6597554280592
141.39851786764928 473.59972805283144
141.4624538485849 483.1167415401882
141.52638982952047 428.53710323313777
141.59032581045605 362.6707489585398
141.65426179139163 369.3417489867151
141.7181977723272 504.13669605784656
141.78213375326283 736.6196542052717
141.8460697341984 950.866617868347
141.910005715134 1023.589400804282
141.97394169606957 908.2136141156702
142.03787767700516 651.6141512393214
142.10181365794077 380.1338645928104
142.16574963887635 238.27409881421303
142.22968561981193 274.14099272488886
142.2936216007475 409.1465716348
142.35755758168307 523.2494092354054
142.4214935626187 540.9211756168426
142.4854295435543 466.5875482809382
142.54936552448987 358.83717059318866
142.61330150542543 266.44662251787554
142.67723748636104 201.4160352569588
142.74117346729665 163.21769624193763
142.80510944823223 156.10658913950252
142.8690454291678 175.56610821258593
142.9329814101034 195.94540908325487
142.99691739103895 184.69060683953916
143.0608533719746 132.91316814012325
143.12478935291017 67.48043006263694
143.18872533384575 22.6183220005522
143.2526613147813 6.175346031551899
143.31659729571692 4.685591204341253
143.38053327665253 13.141022260086107
143.4444692575881 44.63809828286898
143.5084052385237 109.43612155517712
143.57234121945928 202.0411473395696
143.63627720039483 320.89597240356125
143.70021318133044 496.98241431248
143.76414916226605 782.908267001086
143.82808514320163 1178.3710321336068
143.8920211241372 1571.8424634066837
143.9559571050728 1798.1188674261543
144.01989308600838 1759.992159589723
144.083829066944 1488.851765988412
144.14776504787957 1108.9196266053607
144.21170102881516 755.7102452082033
144.2756370097507 511.8180135757975
144.33957299068632 390.90530646522006
144.40350897162193 367.02286507462753
144.4674449525575 420.2098590858594
144.53138093349307 561.771333296119
144.59531691442868 820.9846717330473
144.65925289536426 1193.89740530418
144.72318887629987 1586.6438092131789
144.78712485723543 1823.4987004923312
144.85106083817104 1760.0610535245544
144.9149968191066 1432.9366281647688
144.9789328000422 1100.028612473064
145.0428687809778 1072.9027172186927
145.1068047619134 1436.1886377891112
145.17074074284895 1937.295099401992
145.23467672378456 2183.78032947702
145.29861270472014 1951.8716492341207
145.36254868565575 1348.7075596839063
145.4264846665913 706.3100464418009
145.49042064752692 290.5839091939063
145.5543566284625 123.9842905096416
145.61829260939808 77.77174194693907
145.6822285903337 56.325355793356714
145.74616457126928 62.874352340143815
145.81010055220483 132.3253597212396
145.87403653314044 262.68557484753944
145.93797251407602 432.16613643796
146.0019084950116 640.6018273755757
146.0658444759472 880.3542339333274
146.1297804568828 1062.073246551538
146.19371643781838 1044.320755785022
146.25765241875396 804.2008758417894
146.32158839968955 539.7982652472193
146.38552438062516 535.3394457725092
146.4494603615607 890.7969525488603
146.51339634249632 1374.2868361825028
146.5773323234319 1584.7815563185875
146.6412683043675 1315.8296800140251
146.70520428530307 745.4482070254988
146.76914026623868 242.96347341246675
146.83307624717426 24.285191617474712
146.89701222810984 22.099181685465755
146.96094820904543 52.16253661070237
147.02488418998104 45.524120547487726
147.0888201709166 87.78615627789324
147.1527561518522 256.0727037034988
147.21669213278778 490.0920065039267
147.28062811372337 672.0447861744774
147.34456409465895 786.4778325751357
147.40850007559456 924.7469602883258
147.47243605653014 1136.6057152188298
147.53637203746572 1315.751087720234
147.6003080184013 1266.2962525964247
147.66424399933692 927.5167959836224
147.7281799802725 500.22237443022783
147.79211596120808 286.4579795556634
147.85605194214367 411.8091302558429
147.91998792307925 709.2706890578124
147.98392390401483 876.0282066572017
148.04785988495044 756.7445758884493
148.11179586588602 454.4613156643167
148.1757318468216 185.19925337313853
148.2396678277572 72.89014130900027
148.30360380869277 78.49599302492204
148.36753978962838 95.36715196664473
148.43147577056396 82.4951307395183
148.49541175149955 93.56617764836845
148.55934773243513 193.39720625704967
148.6232837133707 363.5885310600457
148.68721969430632 503.384237028668
148.7511556752419 515.8012147564375
148.8150916561775 383.8629471679652
148.87902763711307 193.19107569522183
148.94296361804865 92.83197884546583
149.00689959898426 214.29715039760023
149.07083557991984 616.1687283865551
149.13477156085543 1254.6622168890267
149.198707541791 1950.4566475116092
149.2626435227266 2425.1626399028114
149.3265795036622 2444.2881299332735
149.39051548459778 1958.4398335825936
149.45445146553337 1153.2822722183805
149.51838744646895 388.3416952424144
149.58232342740453 15.2619791337851
149.64625940834014 155.255845734666
149.71019538927573 603.0666354974694
149.7741313702113 959.4921374709882
149.8380673511469 927.1640527955376
149.90200333208247 544.2416421620977
149.96593931301808 143.35470487013396
150.02987529395367 72.40406651705565
150.09381127488925 417.4857742959762
150.15774725582483 938.7972029290115
150.2216832367604 1263.429826726907
150.285619217696 1177.1985391735443
150.3495551986316 772.4885705826523
150.4134911795672 338.78428412137544
150.47742716050277 104.73513058903596
150.54136314143835 73.85472028656781
150.6052991223739 93.88935724266355
150.66923510330955 56.373032020837805
150.73317108424513 23.009850449184604
150.7971070651807 164.35743584208572
150.8610430461163 571.0272222345511
150.92497902705188 1122.5202710593271
150.9889150079875 1536.2903786102959
151.05285098892307 1564.4873071120503
151.11678696985865 1189.251160776869
151.18072295079423 642.5561983166738
151.2446589317298 234.3874251625328
151.30859491266543 145.8339244195642
151.372530893601 333.64958162724565
151.4364668745366 591.275494335589
151.50040285547215 704.3583660088341
151.56433883640776 586.2247980911471
151.62827481734337 317.5107684085796
151.69221079827895 74.39550666391199
151.75614677921453 3.539703326803896
151.82008276015011 143.4702542782283
151.88401874108567 423.23230341240907
151.9479547220213 712.7635925059143
152.0118907029569 900.919774003381
152.07582668389247 948.020082288156
152.13976266482803 879.2316003313857
152.20369864576364 754.4508661510915
152.26763462669925 643.2676614368436
152.33157060763483 597.406657935751
152.3955065885704 627.6306484732023
152.459442569506 701.1142336242352
152.52337855044155 760.4471066334717
152.58731453137716 751.5395438046097
152.65125051231277 645.1590369302528
152.71518649324835 452.30341890762975
152.7791224741839 232.19057874231163
152.84305845511952 74.55880872879506
152.9069944360551 50.58282846321836
152.9709304169907 168.5905278850135
153.0348663979263 368.46476486033146
153.09880237886188 550.3798493629407
153.16273835979743 625.9920841993862
153.22667434073304 570.1234314929543
153.29061032166865 428.5575259113155
153.35454630260423 278.1884260421287
153.4184822835398 181.5211655476232
153.4824182644754 155.01303560656774
153.54635424541098 162.13957154706455
153.6102902263466 149.29842088418962
153.67422620728215 97.6958986234203
153.73816218821776 36.331059114944395
153.8020981691533 8.496934029411193
153.86603415008892 29.241468957897904
153.92997013102453 70.82103039363102
153.99390611196011 88.77683009135488
154.05784209289567 63.093492783844646
154.12177807383128 16.80806591746554
154.18571405476686 6.833688440247627
154.24965003570247 105.4241779978116
154.31358601663803 387.164883170064
154.37752199757364 911.6693385162816
154.44145797850922 1670.4711086117668
154.5053939594448 2520.4645270728793
154.5693299403804 3184.627155429583
154.633265921316 3358.3445011234985
154.69720190225155 2898.1492623757804
154.76113788318716 1985.6384082598224
154.82507386412274 1073.0601318784727
154.88900984505833 585.3758297210993
154.9529458259939 634.6648346663521
155.01688180692952 972.5896776698972
155.0808177878651 1203.1832927328107
155.14475376880068 1095.7921504931655
155.20868974973627 721.9012476629525
155.27262573067188 321.31906957444704
155.33656171160743 80.61291814080563
155.40049769254304 23.655728097997557
155.46443367347862 77.87075532440973
155.5283696544142 197.5172340071433
155.5923056353498 377.56460377292433
155.6562416162854 578.5571852681342
155.72017759722098 690.7310687084938
155.78411357815656 611.9251160079515
155.84804955909215 377.8610835444399
155.91198554002776 162.20810644593675
155.9759215209633 117.04853597584984
156.03985750189892 236.8506663919138
156.1037934828345 379.9587423817088
156.1677294637701 419.78168717172207
156.23166544470567 368.6235014067501
156.29560142564128 330.49134380155147
156.35953740657686 344.22064252600524
156.42347338751244 329.4884907496773
156.48740936844803 214.72387107143928
156.55134534938364 73.84082344431012
156.61528133031922 87.18558772690318
156.6792173112548 347.67725839436486
156.74315329219039 712.7687868130421
156.80708927312597 900.3035715208589
156.87102525406155 752.9028514799032
156.93496123499716 387.8643765521892
156.99889721593274 89.14698467874544
157.06283319686833 43.0740437184386
157.1267691778039 180.6948646084472
157.1907051587395 295.1713864630508
157.2546411396751 276.83342490229825
157.31857712061068 202.54301231809367
157.38251310154627 211.2545214461527
157.44644908248185 323.47472407849926
157.51038506341743 415.394215331457
157.57432104435304 363.6838541819784
157.63825702528862 187.38876718334328
157.7021930062242 31.628471428740234
157.7661289871598 8.478367437486899
157.83006496809537 82.30175836498077
157.89400094903098 128.46366166953595
157.95793692996656 85.00858873861102
158.02187291090215 34.69734224164527
158.08580889183773 134.4615870792416
158.1497448727733 465.0236085894397
158.21368085370892 949.9873543728311
158.2776168346445 1410.0295281324015
158.3415528155801 1689.5144785196715
158.40548879651567 1732.744761535942
158.46942477745125 1568.4720691756584
158.53336075838686 1272.4773427694367
158.59729673932245 945.1467550627364
158.66123272025803 680.8706564556874
158.7251687011936 530.6397279079597
158.7891046821292 478.8596708694624
158.8530406630648 457.0764162670595
158.91697664400039 401.6840633601997
158.98091262493597 310.41713735735846
159.04484860587155 244.1190684157108
159.10878458680713 272.3615656181164
159.17272056774274 408.3767069014335
159.23665654867833 587.1051581295511
159.3005925296139 705.1699171578309
159.3645285105495 692.9693665589942
159.42846449148507 561.8659749402658
159.49240047242063 383.1397598616345
159.55633645335627 225.82179383666409
159.62027243429185 124.57282532208453
159.68420841522743 90.45017473244515
159.748144396163 128.86741064362772
159.8120803770986 251.26835368911776
159.8760163580342 465.9070223448408
159.9399523389698 735.7854360858975
160.00388831990537 958.8176041797896
160.06782430084095 1022.1779290334596
160.1317602817765 881.0251738375632
160.19569626271215 595.4186536414912
160.25963224364773 307.94197950942424
160.3235682245833 154.06774886691508
160.3875042055189 158.12762213274834
160.45144018645448 224.85396525311413
160.5153761673901 236.85286792104776
160.57931214832567 155.76534121340885
160.64324812926125 44.69431379146832
160.70718411019683 1.1402430354448712
160.7711200911324 62.63464441217902
160.83505607206803 178.3495854623646
160.8989920530036 270.3583411893688
160.9629280339392 313.2423276410622
161.02686401487475 350.2456161498019
161.09079999581036 434.9038397000235
161.15473597674597 562.6576793744233
161.21867195768155 665.2036064732372
161.28260793861713 672.4266710229779
161.34654391955272 573.0163261807808
161.41047990048827 414.9740110943407
161.4744158814239 261.5595166430164
161.5383518623595 152.28847210721617
161.60228784329507 96.25980603893169
161.66622382423063 88.63563027608208
161.73015980516624 120.42878968057192
161.79409578610182 171.29589943638348
161.85803176703743 209.1877041232448
161.921967747973 215.53279930546285
161.9859037289086 214.3939739605536
162.04983970984415 264.7381724102914
162.11377569077976 405.3601299365727
162.17771167171537 595.7634236034062
162.24164765265095 721.821564192186
162.3055836335865 680.2275656669415
162.36951961452212 467.0265646862358
162.4334555954577 194.4391080049189
162.4973915763933 20.04449734117836
162.56132755732887 30.635826767319944
162.62526353826448 179.25348636247
162.68919951920003 336.20651860882367
162.75313550013564 398.74416751676057
162.81707148107125 366.69391690708625
162.88100746200683 331.79685145418085
162.9449434429424 390.8756660838712
163.008879423878 557.8792171828878
163.07281540481358 747.8013234488129
163.1367513857492 839.5094554265571
163.20068736668475 764.3634198797095
163.26462334762036 553.2418231900853
163.32855932855594 311.4907881758339
163.39249530949152 143.83221451522493
163.45643129042713 88.27296462928592
163.52036727136272 108.16798559561389
163.58430325229827 135.8958616926892
163.64823923323388 128.7417673604
163.71217521416946 94.66124146840303
163.77611119510507 65.98239582297293
163.84004717604063 58.260053980580494
163.90398315697624 60.51521028841205
163.96791913791182 52.090185054095
164.0318551188474 26.27527517365137
164.09579109978299 2.286456937693945
164.1597270807186 17.216215642268395
164.22366306165415 112.59361351524976
164.28759904258976 316.73376897816235
164.35153502352534 618.2335318315089
164.41547100446093 942.8856490387411
164.4794069853965 1159.0617468118546
164.54334296633212 1145.5544676858597
164.6072789472677 889.5826254476784
164.67121492820328 512.8448443518494
164.73515090913887 190.28110994995328
164.79908689007448 27.938520268549944
164.86302287101003 2.326239872643942
164.92695885194564 16.16864360310656
164.99089483288122 9.483815719058656
165.0548308138168 4.351893504744239
165.1187667947524 42.094900547054905
165.182702775688 105.05491314284173
165.24663875662358 126.98165778913936
165.31057473755916 85.08339418124402
165.37451071849475 63.613435581818216
165.43844669943036 175.37517942590603
165.50238268036594 406.6053275533925
165.56631866130152 593.7130879474244
165.6302546422371 576.1380177932886
165.6941906231727 377.22268196899387
165.75812660410827 239.0579536124409
165.82206258504388 420.2411585396888
165.88599856597946 928.9057274132944
165.94993454691505 1489.550327900632
166.01387052785063 1773.7354322123072
166.0778065087862 1654.6786498184108
166.14174248972182 1265.9167090864348
166.2056784706574 851.2654410622248
166.269614451593 572.9773077908718
166.33355043252857 438.38553261352905
166.39748641346415 368.6320038850032
166.46142239439976 306.3101943767823
166.52535837533534 252.1057460447778
166.58929435627093 233.7688299596439
166.6532303372065 276.9941700210172
166.7171663181421 399.92772604850376
166.7811022990777 598.3032409263915
166.84503828001328 810.5350998491998
166.90897426094887 917.0607406171923
166.97291024188445 819.6086368233971
167.03684622282003 536.361034491178
167.10078220375564 210.37657651434216
167.16471818469122 22.047533395400453
167.2286541656268 62.77329561693716
167.2925901465624 262.21849322297805
167.35652612749797 452.8489823980301
167.42046210843358 502.51324154009234
167.48439808936917 388.0534131796752
167.54833407030475 192.36902894995313
167.61227005124033 44.002911223321526
167.6762060321759 40.62123374333759
167.74014201311152 208.4753866473035
167.8040779940471 494.8087777996203
167.8680139749827 794.5065204253409
167.93194995591827 1006.9399438856872
167.99588593685385 1081.2767759651172
168.05982191778946 1026.5620829323989
168.12375789872505 885.0734691870153
168.18769387966063 700.3028439339139
168.2516298605962 521.8138788176681
168.3155658415318 425.15475908780985
168.37950182246735 486.47345339102657
168.443437803403 709.3986834679883
168.50737378433857 986.5650248668146
168.57130976527415 1165.6566927922856
168.63524574620973 1187.5972907477303
168.69918172714532 1153.9558089906757
168.76311770808093 1206.253251807518
168.8270536890165 1346.3177528084268
168.8909896699521 1409.9852743356923
168.95492565088767 1205.1548227944015
169.01886163182323 719.3334260236945
169.08279761275887 210.0154474252464
169.14673359369445 3.2390764693244027
169.21066957463003 192.09584866679737
169.2746055555656 561.0316882619558
169.3385415365012 772.7830522714305
169.4024775174368 652.5049235069105
169.4664134983724 327.59056308678964
169.53034947930797 87.23783400406121
169.59428546024355 119.58180166325256
169.6582214411791 374.1196662257212
169.72215742211475 636.5620079900888
169.78609340305033 719.8236984276609
169.8500293839859 591.5875609493397
169.91396536492147 356.0674313915609
169.97790134585708 148.6404869578087
170.0418373267927 39.40108782476988
170.10577330772827 12.426881531760948
170.16970928866385 14.092805469185539
170.23364526959944 8.9953102413543
170.297581250535 2.171877503886496
170.36151723147063 24.268119574653316
170.4254532124062 98.57290321715661
170.4893891933418 215.76057156910733
170.55332517427735 333.2861100352678
170.61726115521296 403.66293845076217
170.68119713614854 414.8690579463853
170.74513311708415 411.75499360011503
170.80906909801973 482.57839849378263
170.87300507895532 713.5436572626428
170.93694105989087 1124.8844540725156
171.00087704082648 1624.4275336788385
171.0648130217621 2024.7998272870327
171.12874900269767 2132.2837131410497
171.19268498363323 1858.1559452314864
171.25662096456884 1284.693212019252
171.32055694550442 639.4635553088584
171.38449292644003 173.3540023545118
171.4484289073756 11.621086191987375
171.5123648883112 94.76583562435715
171.57630086924675 249.52198580566483
171.64023685018236 317.228277610804
171.70417283111797 249.3815139899316
171.76810881205355 116.1905535936536
171.8320447929891 28.29992063755602
171.89598077392472 44.70386839113439
171.9599167548603 141.63411940706382
172.0238527357959 242.60008849083812
172.08778871673147 273.24668867706407
172.15172469766708 214.07918008346735
172.21566067860266 119.9362290842142
172.27959665953824 82.75461722723342
172.34353264047385 159.2751296145682
172.40746862140944 315.0795275304644
172.471404602345 432.5913235915711
172.5353405832806 398.2567233261571
172.59927656421618 214.40531755727767
172.6632125451518 31.57404326151344
172.72714852608735 45.48573621436508
172.79108450702296 327.0390704757857
172.85502048795854 737.8399681152453
172.91895646889412 1023.2460316607292
172.9828924498297 1014.4925121485114
173.04682843076532 757.5869024715241
173.11076441170087 453.84443938230726
173.17470039263648 285.5615508618491
173.23863637357206 285.67026520488486
173.30257235450765 351.140450061407
173.36650833544323 379.2393234211324
173.43044431637884 375.36906604125454
173.49438029731442 413.6940547673692
173.55831627825 516.7464737244673
173.6222522591856 597.0932874505908
173.6861882401212 532.4396906642181
173.75012422105675 309.00284680401705
173.81406020199236 73.41345574640529
173.87799618292794 26.366045384855887
173.94193216386353 254.225081602902
174.0058681447991 647.2669126699052
174.06980412573472 982.2089553824339
174.1337401066703 1088.0437475035571
174.19767608760588 943.5758817869008
174.26161206854147 655.3358501788326
174.32554804947708 364.87087538599746
174.38948403041266 168.84683963094244
174.45342001134824 111.19829304579258
174.51735599228383 202.9788980134313
174.5812919732194 401.0844555419836
174.645227954155 583.9990502934456
174.7091639350906 601.1343783927376
174.77309991602618 405.84948459292616
174.83703589696177 167.81294445956573
174.90097187789735 180.53024664276333
174.96490785883296 574.9276740057348
175.02884383976854 1139.7983317143476
175.09277982070412 1454.2987958331883
175.1567158016397 1238.6126448845168
175.2206517825753 641.4762187891492
175.28458776351087 146.64046864935915
175.34852374444648 122.673978326458
175.41245972538206 479.94689929393456
175.47639570631765 784.9532136138649
175.54033168725323 704.9101415197415
175.6042676681888 339.71096966482287
175.66820364912442 84.41467684957395
175.73213963006 168.09785146785805
175.7960756109956 410.0203111517313
175.86001159193117 463.03741457739824
175.92394757286675 236.70663864538136
175.98788355380236 22.37330119355016
176.05181953473794 174.00552947031167
176.11575551567353 683.4896913446261
176.1796914966091 1143.833377032607
176.2436274775447 1152.4294043238747
176.3075634584803 713.9896173570278
176.37149943941589 246.23823318032785
176.43543542035147 174.93707093601833
176.49937140128705 527.731069606762
176.56330738222263 965.4830759425421
176.62724336315824 1147.548283349271
176.69117934409383 996.5689513685955
176.7551153250294 672.1071827566303
176.819051305965 363.3862073777276
176.88298728690057 148.28753434178228
176.94692326783618 54.084491359984966
177.01085924877177 162.74922360314739
177.07479522970735 577.1206127543513
177.13873121064293 1288.7480860201997
177.2026671915785 2110.7361283623873
177.26660317251412 2782.6450101434366
177.3305391534497 3143.489839071394
177.3944751343853 3167.4507186211995
177.45841111532087 2892.546175961428
177.52234709625645 2390.0124442004512
177.58628307719204 1768.1725523507987
177.65021905812765 1174.8339514967104
177.71415503906323 759.9418547096521
177.7780910199988 560.4064117995459
177.8420270009344 455.4582853187461
177.90596298186995 306.62177040612346
177.9698989628056 111.35854160099672
178.03383494374117 1.5956368525513835
178.09777092467675 99.1745614817879
178.16170690561233 356.517641667302
178.22564288654792 566.1677766613369
178.28957886748353 549.8452728738313
178.3535148484191 320.6252370577207
178.4174508293547 71.22493088901625
178.48138681029027 13.584866457407673
178.54532279122583 204.56680040276152
178.60925877216147 509.2463395684112
178.67319475309705 717.6712198847724
178.73713073403263 699.4725799857329
178.8010667149682 498.340187265576
178.8650026959038 304.0442690738497
178.9289386768394 298.9259823287064
178.992874657775 510.80170341540475
179.05681063871057 805.926160508882
179.12074661964616 990.3238993548133
179.1846826005817 934.7866022194045
179.24861858151735 677.5297245148224
179.31255456245293 399.87525722908896
179.3764905433885 263.9630953510323
179.44042652432407 323.1225941751377
179.50436250525968 564.7465795704226
179.5682984861953 929.3178824622697
179.63223446713087 1316.7568687049177
179.69617044806645 1616.805789787719
179.76010642900204 1699.2969431651038
179.8240424099376 1462.9805175854256
179.8879783908732 972.3549756451213
179.9519143718088 450.75626141616493
180.0158503527444 105.70063158831412
180.07978633367995 1.850098560142384
180.14372231461556 56.871023315817006
180.20765829555117 128.801920590915
180.27159427648675 133.14389266315814
180.33553025742236 85.7169226305946
180.39946623835792 59.42969111062984
180.46340221929347 124.26664663903432
180.52733820022908 302.1225036814666
180.5912741811647 548.5784244073078
180.65521016210027 758.9879478274705
180.71914614303583 806.318142950618
180.78308212397144 633.9316761559024
180.84701810490705 334.95389703104087
180.91095408584263 119.55062361229577
180.9748900667782 173.21405222479996
181.03882604771377 501.88737037802383
181.10276202864935 907.9483735607377
181.16669800958496 1139.9307854733347
181.23063399052057 1083.5125609223169
181.29456997145613 857.96683582148
181.3585059523917 739.5736837881748
181.4224419333273 922.9625742863493
181.48637791426287 1341.1667042478311
181.55031389519849 1730.754591452709
181.61424987613407 1827.3415317414513
181.67818585706968 1530.9690302223637
181.7421218380053 983.6462345934557
181.80605781894084 478.02288929250096
181.8699937998764 226.37295183076063
181.93392978081204 214.18486734989048
181.9978657617476 267.3626638838997
182.0618017426832 241.41457365621045
182.1257377236188 162.83824338235056
182.1896737045544 194.52770809888216
182.25360968549 454.6837115205085
182.31754566642556 873.3563174522867
182.38148164736117 1232.621959968591
182.44541762829672 1344.869170725732
182.5093536092323 1183.249229825318
182.57328959016792 863.4312990389952
182.63722557110347 544.4996275513373
182.70116155203908 340.9917390514498
182.76509753297464 301.53808945474384
182.82903351391025 433.28703824026087
182.89296949484583 685.8098299198399
182.95690547578144 921.3483557051492
183.02084145671705 972.7175959889357
183.0847774376526 771.5014763727654
183.14871341858816 423.30859479550975
183.21264939952377 129.98012130202076
183.27658538045935 14.073885465272724
183.34052136139496 28.64588526277832
183.40445734233052 45.40781878836949
183.46839332326607 14.987052385023244
183.5323293042017 11.88774320509024
183.5962652851373 114.75811262392814
183.66020126607287 272.79859693509263
183.72413724700849 331.9100565250976
183.78807322794407 215.00007233589508
183.85200920887968 50.05158915835378
183.9159451898153 76.53443772421006
183.97988117075084 409.0068049863164
184.0438171516864 898.8587131817013
184.107753132622 1247.4083229611404
184.1716891135576 1253.7119802942696
184.2356250944932 953.7845289791151
184.2995610754288 554.2419299175933
184.3634970563644 248.35039536951527
184.42743303729995 105.76918568089962
184.49136901823556 120.9167913664766
184.55530499917117 279.47370711066276
184.61924098010672 538.6917814551979
184.6831769610423 780.8474706106495
184.7471129419779 837.477074740357
184.81104892291347 623.2628401565271
184.87498490384908 261.69285684634264
184.93892088478464 39.669878203370125
185.00285686572025 192.3298151382406
185.06679284665583 687.375680727173
185.1307288275914 1227.2042841148
185.19466480852705 1488.489049060248
185.2586007894626 1358.5284616852275
185.32253677039816 977.3514891467177
185.38647275133377 594.8073708907644
185.45040873226932 370.2758582096973
185.51434471320496 285.24985175871217
185.57828069414052 232.72887330840905
185.64221667507607 163.7809621828766
185.70615265601168 138.86262716409232
185.7700886369473 253.75028344123947
185.83402461788287 522.9490393954713
185.89796059881849 826.4288275236837
185.96189657975407 975.5327041398083
186.02583256068965 854.3026801617306
186.08976854162523 517.5454834238327
186.15370452256084 163.98205890214635
186.2176405034964 6.080829715363492
186.281576484432 128.86349434017373
186.3455124653676 435.74722690791725
186.4094484463032 719.4004521075366
186.47338442723876 803.5620411575596
186.5373204081744 650.6844961089035
186.60125638910995 369.7235457581209
186.66519237004556 141.81951732954883
186.7291283509811 121.0547482512046
186.79306433191667 355.0860791978135
186.8570003128523 750.1117078566899
186.9209362937879 1100.9753333788697
186.98487227472347 1195.5422312456951
187.04880825565905 954.8287818220751
187.11274423659464 518.3695813420732
187.17668021753025 172.14466546551688
187.24061619846583 125.4588586310767
187.3045521794014 327.3443063949983
187.36848816033697 515.7304120433773
187.43242414127255 473.2733182667967
187.49636012220816 249.96905882975295
187.56029610314377 122.50964004505848
187.62423208407932 312.8218317746809
187.6881680650149 729.8783986936285
187.7521040459505 1025.9764215503392
187.81604002688607 961.6920244612156
187.87997600782168 666.1690763906106
187.9439119887573 498.73940519477594
188.00784796969288 697.6894208317766
188.07178395062843 1160.286330740864
188.13571993156407 1549.3596545338144
188.19965591249965 1618.7120041584956
188.26359189343523 1419.5749991265293
188.3275278743708 1191.224564736668
188.3914638553064 1068.1251505766063
188.455399836242 958.048976082936
188.5193358171776 726.0781248577267
188.5832717981132 393.71662886208287
188.64720777904876 132.49695688047356
188.71114375998437 90.49797886855757
188.77507974091992 211.923077420658
188.83901572185556 294.7304025808925
188.9029517027911 231.0645701077602
188.96688768372667 94.47594414288432
189.03082366466228 12.648591050073023
189.09475964559783 20.814077253755652
189.15869562653347 46.193741957539075
189.22263160746903 38.70233872483856
189.28656758840464 73.55094415047985
189.3505035693402 272.0616043249952
189.4144395502758 630.0858631102614
189.4783755312114 966.6776080698437
189.54231151214697 1063.8600740578222
189.60624749308255 857.3162932355243
189.67018347401813 492.0186087524769
189.7341194549537 186.8017819437476
189.79805543588932 53.62669594834109
189.8619914168249 58.243885090757054
189.9259273977605 118.2512649219536
189.98986337869607 197.98860570573
190.05379935963168 306.05746702556297
190.1177353405673 430.2488147317542
190.18167132150288 523.4437871668437
190.24560730243843 556.868342745972
190.30954328337404 555.2998815239769
190.3734792643096 566.6826892113776
190.43741524524523 598.4485319533078
190.5013512261808 599.4338509019317
190.5652872071164 517.7247446098613
190.629223188052 365.337726142456
190.6931591689876 208.75190325459127
190.7570951499232 99.60804126884238
190.82103113085876 38.828699565179534
190.88496711179437 7.320535410648151
190.94890309272992 5.026721367275837
191.01283907366553 47.7249394462352
191.0767750546011 126.30799154684495
191.14071103553667 190.1609350195926
191.20464701647228 196.6103206099405
191.26858299740783 171.73952793414372
191.33251897834344 200.6806955566049
191.39645495927903 342.0932514234039
191.46039094021464 557.1582412564402
191.5243269211502 733.304971581262
191.5882629020858 774.6524039114285
191.65219888302136 674.5093722141896
191.71613486395697 503.3714459240364
191.78007084489255 333.7029379139168
191.84400682582813 208.1665716317985
191.9079428067637 179.4475204199641
191.97187878769927 335.8581577091434
192.03581476863488 745.6052456499998
192.0997507495705 1344.9518673246919
192.16368673050607 1899.813109099316
192.22762271144168 2128.4584659500324
192.2915586923773 1886.055637580636
192.35549467331285 1270.9905209935296
192.41943065424843 585.4834765277178
192.48336663518404 140.63329849721848
192.5473026161196 43.316307306090415
192.6112385970552 169.06858520071236
192.6751745779908 312.12054126684046
192.7391105589264 340.9295731570578
192.803046539862 256.7874382366557
192.8669825207976 145.92010183283136
192.93091850173315 87.40336737745187
192.99485448266873 110.76349158193736
193.05879046360437 218.9747847193452
193.12272644453992 413.12523714960486
193.18666242547553 673.7439522610638
193.2505984064111 924.9739764205389
193.31453438734664 1043.8414563511208
193.37847036828225 936.219605914115
193.44240634921783 626.3734767545442
193.50634233015344 267.62094810414425
193.57027831108903 41.736491168357205
193.6342142920246 33.86006070059438
193.69815027296016 194.77895706028764
193.7620862538958 410.601745540046
193.82602223483136 600.1942422313356
193.88995821576697 751.1039095583569
193.95389419670252 881.5749013407394
194.01783017763813 980.839210446788
194.0817661585737 994.5231011484185
194.14570213950927 881.7683814886942
194.20963812044488 676.7341972059361
194.2735741013805 472.48572974038814
194.33751008231607 349.15962768110916
194.40144606325168 323.9077847658475
194.4653820441873 356.1790853261978
194.52931802512285 388.8306303559476
194.59325400605843 388.121037393476
194.657189986994 354.8404768875929
194.7211259679296 306.72267517463075
194.7850619488652 256.95348620926524
194.8489979298008 207.49152801625087
194.9129339107364 154.81798381136653
194.97686989167195 98.73289495799642
195.0408058726076 47.90562778076754
195.10474185354315 16.801932914016724
195.16867783447873 13.566526437805004
195.2326138154143 31.737581070586568
195.2965497963499 60.11583280579004
195.36048577728553 106.0744547478712
195.4244217582211 208.4517148410614
195.48835773915664 415.92686747136366
195.55229372009225 737.7514025347649
195.61622970102783 1109.3697500816015
195.6801656819634 1407.39810358399
195.74410166289903 1512.4249245531382
195.8080376438346 1386.5166129092345
195.87197362477016 1098.2945412691167
195.93590960570577 761.9127935121224
195.99984558664133 464.8652393422956
196.06378156757697 250.20726612881367
196.12771754851252 122.60911637328945
196.19165352944813 59.71586735610166
196.2555895103837 35.926781511469464
196.31952549131927 33.67707063723795
196.38346147225488 41.751637887897445
196.4473974531905 56.290627724255465
196.51133343412607 73.50142541348377
196.57526941506163 82.28362252367022
196.63920539599724 72.18547922548926
196.70314137693285 45.40774741171441
196.76707735786843 19.325933739710223
196.831013338804 13.29205098709909
196.8949493197396 30.175488557031343
196.9588853006752 57.83155692194847
197.0228212816108 90.72858318687412
197.0867572625464 143.5223374584414
197.15069324348195 236.82725195271516
197.21462922441756 365.3576258858796
197.27856520535312 485.72569509089567
197.34250118628873 548.1673055003113
197.4064371672243 539.8434903284863
197.4703731481599 488.2302299204584
197.53430912909548 423.0727494713973
197.59824511003103 347.59166155590526
197.66218109096664 260.54813915025045
197.72611707190225 203.82082124664885
197.79005305283783 266.91374568850125
197.8539890337734 511.19748938333896
197.91792501470897 872.2222337912809
197.98186099564455 1167.3069482027884
198.04579697658016 1218.4682820998185
198.10973295751575 982.5793230922936
198.17366893845133 625.2326672334849
198.2376049193869 435.4080123221343
198.3015409003225 579.0365938331754
198.36547688125813 965.0565137850872
198.4294128621937 1325.8701131071557
198.49334884312927 1376.003194689413
198.55728482406488 1027.8337906040035
198.6212208050005 494.6640955419449
198.68515678593607 97.57545334775088
198.74909276687163 6.942440462526148
198.81302874780724 150.13826518453527
198.8769647287428 303.00681750287185
198.9409007096784 318.82739463865926
199.004836690614 262.54723585833955
199.0687726715496 316.7249127323995
199.1327086524852 601.1509132660432
199.1966446334208 1027.0626856061635
199.26058061435637 1324.680973920948
199.32451659529195 1287.8310304793545
199.38845257622756 952.637849691768
199.45238855716312 525.0538434857721
199.51632453809873 205.96987278290692
199.58026051903428 68.88091076429889
199.6441964999699 52.82141160649821
199.70813248090548 59.1310159375162
199.77206846184103 45.29747387023416
199.83600444277664 31.94767192213814
199.89994042371225 44.58614489784556
199.9638764046478 68.99523739409031
200.0278123855834 69.42273771085735
200.09174836651897 37.5354909304978
200.15568434745455 7.848762131707501
200.21962032839016 19.964842693263215
200.28355630932572 69.31991825058344
200.34749229026133 107.08661690412676
200.4114282711969 97.8079642306729
200.4753642521325 73.51478411210334
200.53930023306808 121.44245062476672
200.6032362140037 304.18004581233896
200.66717219493927 568.6016001191362
200.73110817587488 741.9450701294932
200.7950441568105 671.15040591537
200.85898013774604 386.03812719522733
200.9229161186816 109.6884537129
200.98685209961724 96.98762531722349
201.0507880805528 416.4371142858232
201.1147240614884 858.3083513744605
201.178660042424 1094.1121410836583
201.2425960233596 954.2858721219776
201.3065320042952 557.026006382847
201.3704679852308 189.1076147782816
201.43440396616637 62.36621853042218
201.49833994710193 164.47630713870976
201.5622759280375 329.3336859266691
201.62621190897312 422.0933313468863
201.69014788990873 430.2589021934355
201.75408387084428 400.6637561073349
201.81801985177984 336.3863821473129
201.88195583271545 202.84926423286217
201.94589181365103 59.01816211163902
202.00982779458664 115.3529665279407
202.07376377552225 575.352615230421
202.1376997564578 1396.507738446449
202.20163573739336 2208.4075696983423
202.26557171832897 2529.909676687248
202.32950769926455 2148.1914204501704
202.39344368020016 1294.4899428987671
202.45737966113572 476.37671141087446
202.52131564207127 131.57211649279327
202.58525162300688 342.8717280015703
202.6491876039425 830.2654091863459
202.71312358487808 1207.7489167245578
202.7770595658137 1253.2001084904591
202.84099554674927 1000.6599031941552
202.90493152768485 638.7158460660883
202.9688675086205 339.38211781882154
203.03280348955604 167.36281580694427
203.0967394704916 97.68126119445505
203.1606754514272 77.89678854748215
203.2246114323628 74.96308096340502
203.2885474132984 80.7669251094605
203.352483394234 93.18769983617167
203.4164193751696 104.2181785347691
203.48035535610515 105.23540816831168
203.54429133704076 95.94969198476193
203.60822731797637 81.83373749128107
203.67216329891193 64.5587785275094
203.7360992798475 41.61060617254272
203.8000352607831 16.77158726937314
203.86397124171867 3.5392695616037315
203.92790722265428 9.489625356535875
203.99184320358984 20.305072829417856
204.05577918452545 15.631906522297909
204.11971516546103 14.278957458301392
204.1836511463966 96.91283799257089
204.24758712733225 350.12217363417324
204.3115231082678 753.8208128916341
204.37545908920336 1127.7812387777503
204.43939507013897 1226.1359801314245
204.50333105107453 940.5070516700792
204.5672670320101 443.75251662160616
204.63120301294572 90.78578563186734
204.69513899388127 124.49888030221604
204.75907497481688 469.17301299141457
204.8230109557525 801.8393348580108
204.88694693668808 836.2911331402681
204.9508829176237 567.015218681322
205.01481889855927 237.59527229561445
205.07875487949485 84.08565483424626
205.14269086043043 124.62370916615164
205.206626841366 189.12815527838984
205.2705628223016 140.45153925197204
205.3344988032372 31.96074210887397
205.3984347841728 22.309813142335887
205.4623707651084 174.39948957548071
205.52630674604396 374.389781848375
205.5902427269796 450.2367660972972
205.65417870791515 367.9951881278641
205.71811468885076 275.5153222454344
205.78205066978632 333.5558181605762
205.84598665072187 545.3422710305482
205.9099226316575 749.3107402547021
205.9738586125931 756.0536219051689
206.03779459352867 526.2411326245647
206.10173057446423 216.75523650424904
206.16566655539984 32.685477811486884
206.22960253633545 67.83029555365805
206.29353851727103 282.6735364711195
206.3574744982066 571.2261774943056
206.42141047914217 826.6651233298794
206.48534646007775 972.2536157661219
206.54928244101336 969.8205184258643
206.61321842194897 824.1921592079902
206.67715440288453 582.5639191548096
206.7410903838201 322.07707332539235
206.8050263647557 121.11319560624274
206.86896234569127 20.487493208088527
206.93289832662688 2.1295504450056475
206.99683430756247 11.2281222488405
207.06077028849808 7.3123077230777
207.12470626943363 0.750595274978303
207.18864225036924 44.69217285170256
207.25257823130485 185.35161139925384
207.31651421224043 411.4442531631639
207.380450193176 649.4819322006432
207.4443861741116 808.322292779905
207.5083221550472 836.0871471857107
207.5722581359828 743.4113040637984
207.6361941169184 578.699960645162
207.70013009785396 394.5216098727876
207.76406607878957 238.36788835312208
207.82800205972512 154.14421332677892
207.89193804066076 170.5104861626038
207.95587402159632 267.83225571057363
208.01981000253187 359.2936034279555
208.08374598346748 344.5356353401183
208.14768196440303 208.6621005185009
208.21161794533867 53.55496873854754
208.27555392627423 6.053733258607449
208.33948990720984 89.13553608093305
208.40342588814545 196.10292787251325
208.467361869081 202.08949935916192
208.5312978500166 101.90726181906656
208.59523383095217 19.504444634914357
208.65916981188775 60.061633523605686
208.72310579282336 179.73847767222028
208.78704177375892 238.4711704715565
208.85097775469453 171.7665686063477
208.9149137356301 81.69046593873558
208.9788497165657 131.90434608350552
209.04278569750127 349.4452525532209
209.10672167843688 562.6519654182462
209.17065765937247 566.3377236046804
209.23459364030808 345.62374096386174
209.29852962124363 104.57788042318025
209.36246560217924 63.87718123665788
209.4264015831148 252.76728358198451
209.4903375640504 499.88331926216784
209.554273544986 608.7884693685436
209.6182095259216 529.3085364009949
209.6821455068572 359.6245512526159
209.7460814877928 218.71816045335348
209.81001746872835 155.2608414106487
209.87395344966396 170.97996250824158
209.93788943059957 283.1501343097144
210.00182541153512 519.7417214712829
210.06576139247073 852.8474739566548
210.1296973734063 1165.2237076772597
210.19363335434187 1315.0962515633676
210.25756933527748 1254.54892843048
210.32150531621303 1065.7937233276791
210.38544129714865 865.758356743784
210.44937727808423 702.5724850061354
210.51331325901984 557.8150254039468
210.57724923995545 418.4217023716877
210.641185220891 316.97644146262587
210.70512120182656 296.52588868798443
210.76905718276217 347.78214468423647
210.83299316369775 402.1482602584925
210.89692914463336 392.0952695724057
210.96086512556892 307.42054062815106
211.02480110650447 194.10217007980523
211.08873708744008 106.5783795360021
211.1526730683757 63.07711847772406
211.21660904931127 45.82115457463552
211.28054503024688 32.70870194928356
211.34448101118247 17.4923310047473
211.40841699211805 7.235555063064288
211.47235297305363 15.572180582792171
211.53628895398924 61.96650145529989
211.6002249349248 163.4401766336982
211.6641609158604 309.2370243586591
211.728096896796 445.188904418529
211.7920328777316 498.0135012371048
211.8559688586672 427.58653006000645
211.9199048396028 269.0233197864606
211.98384082053835 123.54251558604524
212.04777680147393 84.3069925729581
212.1117127824095 157.1547092724047
212.17564876334512 258.1220270343582
212.23958474428073 290.6468525850156
212.3035207252163 230.10520234352353
212.36745670615187 131.65122478937295
212.43139268708745 59.61469528186361
212.49532866802303 29.525195732176893
212.55926464895865 18.395045504662694
212.62320062989423 15.448749443233607
212.6871366108298 57.83781988534592
212.75107259176536 205.94188877193784
212.815008572701 474.01435510471674
212.87894455363656 793.0076633562281
212.94288053457217 1049.649308057718
213.00681651550772 1165.3375198126755
213.07075249644333 1140.3771005502017
213.13468847737892 1027.2527357686743
213.19862445831447 871.8685018159769
213.26256043925008 690.6832240788561
213.3264964201857 498.1888966904716
213.39043240112127 325.8342001740454
213.45436838205683 200.6357364832573
213.51830436299247 123.11065955898432
213.58224034392805 70.38618502536744
213.64617632486363 23.888998773707975
213.7101123057992 4.865786339325392
213.7740482867348 63.456223441998986
213.8379842676704 216.43161611342296
213.901920248606 410.6586000520564
213.9658562295416 554.4569301841859
214.02979221047715 582.6436388173563
214.09372819141277 497.57201549015457
214.15766417234835 354.3421972112914
214.22160015328396 212.58987579586767
214.2855361342195 104.01404163611699
214.34947211515507 38.083741606105754
214.41340809609068 23.112214350234385
214.4773440770263 68.79523918382772
214.54128005796187 169.34929921851793
214.60521603889745 293.50435421407326
214.66915201983304 396.47405410700907
214.7330880007686 443.06984165856153
214.79702398170423 422.13999245596256
214.8609599626398 347.8931378700768
214.92489594357536 255.54397636666937
214.98883192451095 187.03167498419447
215.05276790544653 169.601924121273
215.11670388638217 216.2318755765459
215.18063986731772 354.47582408979565
215.24457584825333 639.5291314861545
215.3085118291889 1106.9839856815768
215.37244781012447 1689.279520065454
215.43638379106008 2178.3364301950737
215.5003197719957 2301.7427568400262
215.56425575293127 1920.3103900630592
215.62819173386683 1198.5829099438383
215.69212771480244 505.99821322838346
215.756063695738 111.76035280334384
215.81999967667363 9.524759851964657
215.8839356576092 16.980869775181265
215.9478716385448 25.069232805682077
216.0118076194804 135.3080933789221
216.075743600416 513.1402696577372
216.1396795813516 1117.176808362372
216.20361556228715 1626.2681548299984
216.26755154322277 1687.7669238637811
216.33148752415832 1249.5738371951022
216.39542350509393 618.0643311240004
216.4593594860295 202.5568290873971
216.52329546696507 196.95422240246472
216.58723144790068 462.17150755516576
216.65116742883623 714.9624991065336
216.71510340977184 802.7662006407248
216.77903939070745 764.5972020026213
216.84297537164304 689.3808707409004
216.9069113525786 595.9426831307683
216.9708473335142 459.11485335997133
217.03478331444975 301.48117997361794
217.09871929538537 205.87211426071343
217.16265527632095 219.85232764125712
217.22659125725653 275.3194582582003
217.2905272381921 255.51478842834345
217.35446321912767 139.07104405116596
217.41839920006333 31.637564479313102
217.4823351809989 48.66140859398876
217.54627116193447 184.00359959749477
217.61020714287008 313.37002743754886
217.6741431238057 335.06491737308943
217.73807910474127 283.50496310084213
217.80201508567683 287.5712210449077
217.86595106661244 427.28638928768027
217.929887047548 647.3834527839991
217.9938230284836 809.8996023457763
218.0577590094192 804.7756373023091
218.1216949903548 609.9503917262646
218.1856309712904 299.48940689225344
218.249566952226 40.01207803045204
218.31350293316157 58.20984667996275
218.37743891409713 525.3289508262188
218.44137489503277 1376.9501854275707
218.50531087596832 2231.78155842069
218.56924685690393 2576.613933987953
218.63318283783948 2151.220928602967
218.69711881877504 1214.0588363356549
218.76105479971068 375.20230778177
218.82499078064623 83.95652135059258
218.88892676158184 265.35380493659585
218.95286274251745 465.51649324341867
219.016798723453 357.67058689840786
219.0807347043886 91.32863168371625
219.1446706853242 107.04929322573096
219.20860666625975 614.9850326186667
219.27254264719537 1289.5040487246476
219.33647862813092 1536.5223818880029
219.40041460906653 1108.9084275220328
219.4643505900021 390.44168635724856
219.52828657093767 56.0188412061051
219.59222255187328 491.02981892915375
219.6561585328089 1462.9638163452128
219.72009451374447 2323.214345822911
219.78403049468008 2561.209316244717
219.8479664756157 2136.331035492626
219.91190245655125 1364.0059058126683
219.9758384374868 625.0631361153919
220.03977441842244 155.05819211475264
220.103710399358 5.865844919637924
220.1676463802936 120.19047379309708
220.2315823612292 384.4504744358426
220.2955183421648 643.5657132639309
220.35945432310035 749.2250111292636
220.423390304036 642.0782028571174
220.48732628497157 393.11568553894983
220.55126226590713 145.93531291994404
220.6151982468427 12.811396333792333
220.6791342277783 28.672759334766784
220.74307020871393 160.77389974765856
220.80700618964948 330.936544097059
220.87094217058504 448.2910765393455
220.93487815152065 446.0925505952689
220.99881413245623 344.11893472324226
221.06275011339184 294.96368584815843
221.12668609432745 488.55028983149936
221.190622075263 972.0611764949947
221.25455805619856 1567.2624819493249
221.31849403713417 1961.3365805454584
221.38243001806975 1948.0281834141329
221.44636599900537 1608.7130409487568
221.51030197994092 1204.5758840116591
221.57423796087653 917.8965244252798
221.63817394181208 737.4430270218614
221.70210992274767 548.3106184638169
221.76604590368328 301.8472715308174
221.8299818846189 109.04131777467165
221.89391786555447 149.35485938152007
221.95785384649005 473.4587893932722
222.0217898274257 926.4064297206138
222.08572580836125 1263.133825882869
222.1496617892968 1309.4122057334296
222.2135977702324 1053.295569480909
222.277533751168 642.3990788943004
222.3414697321036 300.58758510076444
222.4054057130392 231.03812246836088
222.4693416939748 538.8060462299213
222.53327767491035 1174.900415815467
222.59721365584596 1933.4274154808763
222.66114963678152 2511.1930038342884
222.72508561771713 2644.7865803756968
222.7890215986527 2281.3087716688383
222.8529575795883 1611.203052746838
222.91689356052387 919.2005108644552
222.98082954145943 412.82541698550256
223.04476552239504 144.64797291998255
223.10870150333065 49.011494362804314
223.17263748426623 40.18773964983705
223.2365734652018 72.6835878302153
223.30050944613737 126.74326975768908
223.364445427073 168.36445144531945
223.42838140800856 151.4565995780453
223.49231738894417 72.8377596314183
223.55625336987973 4.223150551806568
223.6201893508153 37.8494000447168
223.68412533175092 199.41614534296485
223.74806131268653 421.6796832180394
223.81199729362208 603.0841851419955
223.87593327455767 708.937278263944
223.93986925549328 800.9412025316595
224.0038052364289 918.3515018068771
224.06774121736447 971.2445555475447
224.13167719830005 825.3462440378622
224.19561317923564 474.1265855434512
224.2595491601712 110.59906485339656
224.3234851411068 19.86865655640805
224.3874211220424 329.85871551567334
224.451357102978 854.1800747140215
224.5152930839136 1236.4102407905175
224.57922906484916 1251.5626746602425
224.6431650457848 961.6866326921779
224.70710102672035 613.910823060347
224.77103700765596 404.4100093595284
224.83497298859152 348.40848503458454
224.89890896952707 366.160892876181
224.96284495046268 414.4268317635155
225.0267809313983 485.6007932540139
225.09071691233387 529.9391930669243
225.15465289326943 448.0869957728992
225.21858887420504 219.3335346610752
225.28252485514065 30.990805010609527
225.34646083607623 167.22662452201945
225.4103968170118 708.6873497171867
225.47433279794737 1374.6243554968523
225.53826877888295 1698.7330575226447
225.60220475981856 1423.652120334998
225.66614074075417 753.3678615558802
225.73007672168973 173.42442707690756
225.7940127026253 5.888788246678881
225.8579486835609 155.66486288198516
225.92188466449647 286.6341940983329
225.98582064543209 218.87448705348407
226.04975662636767 116.1863149346524
226.11369260730328 283.0091172320929
226.1776285882389 806.310448216615
226.24156456917444 1413.0535281767707
226.30550055011005 1692.18934341685
226.36943653104564 1457.235601577543
226.4333725119812 884.8846949083512
226.4973084929168 331.34942027797865
226.5612444738524 46.50703181985644
226.625180454788 35.476465743384594
226.6891164357236 134.44106012008424
226.75305241665916 185.49274886426045
226.81698839759477 146.18753749252383
226.88092437853032 73.66418413133847
226.94486035946596 45.641721646960015
227.00879634040152 98.74308898996416
227.07273232133707 213.66807111230233
227.13666830227268 329.6412885101725
227.20060428320824 373.575732476311
227.26454026414385 308.6774436927155
227.32847624507943 174.2192620578193
227.39241222601504 68.5116306294968
227.45634820695065 87.50946407860168
227.5202841878862 270.07816409302995
227.58422016882176 575.5395631927339
227.64815614975737 902.0300563938515
227.71209213069295 1137.6809116457027
227.77602811162856 1204.6921674662499
227.83996409256412 1081.500432464
227.90390007349967 818.3084315282714
227.9678360544353 526.9621339666882
228.0317720353709 324.48096863932244
228.09570801630647 264.54821829685915
228.15964399724209 313.7162711604462
228.22357997817767 390.84182694782487
228.28751595911328 432.1999267590916
228.3514519400489 423.3784694925727
228.41538792098444 371.5728166713175
228.47932390192 269.8997920942455
228.5432598828556 124.66856095402242
228.6071958637912 10.095246607326404
228.6711318447268 56.90283631357538
228.7350678256624 353.8250727069605
228.799003806598 829.5469140457642
228.86293978753355 1245.8565678534635
228.92687576846916 1362.44502228135
228.99081174940477 1128.2700257419767
229.05474773034032 714.0155705830659
229.1186837112759 372.0957361512772
229.1826196922115 249.2945913046156
229.24655567314707 304.4570388246206
229.31049165408268 390.6013971190352
229.37442763501824 397.0256142083691
229.43836361595385 312.12195326606525
229.50229959688943 188.43048371148487
229.566235577825 82.8013342530436
229.63017155876065 27.867364007960617
229.6941075396962 32.98053449985535
229.75804352063176 88.56939521400137
229.82197950156737 171.44994948061048
229.88591548250292 263.01453527533687
229.94985146343856 364.2006300985535
230.01378744437412 477.60730489884605
230.07772342530967 569.2274390602867
230.14165940624528 569.0062897372648
230.2055953871809 436.61910197884697
230.26953136811647 227.04612802090531
230.33346734905209 71.34375802521247
230.39740332998767 63.42733208807906
230.46133931092325 154.17461346257036
230.52527529185883 201.55472873754283
230.58921127279444 141.65281063623667
230.65314725373 57.94897821403448
230.7170832346656 70.1376325712034
230.7810192156012 180.84606171315693
230.8449551965368 254.43780341452316
230.9088911774724 181.3177455729772
230.972827158408 42.85313055545883
231.03676313934355 52.10815128711021
231.10069912027916 329.9068214982155
231.1646351012147 769.4026663898529
231.22857108215032 1121.4073006611063
231.2925070630859 1203.3279457010387
231.3564430440215 1015.957455593483
231.42037902495707 670.7672757218407
231.48431500589265 292.8456159823019
231.54825098682824 57.599818733754766
231.61218696776385 239.12293501567535
231.67612294869943 1082.2588400039135
231.740058929635 2510.680026974868
231.80399491057057 3958.4400079413062
231.86793089150615 4662.4466393306675
231.93186687244176 4242.648385150105
231.99580285337737 2983.2500757696744
232.05973883431292 1577.3101239355008
232.1236748152485 607.8089157103634
232.1876107961841 197.35535222534168
232.25154677711967 97.78308659030344
232.31548275805528 58.24604681755719
232.3794187389909 30.25890001873043
232.44335471992648 50.970406294381455
232.50729070086203 78.8831159641588
232.57122668179767 42.664630484836046
232.63516266273325 12.877763572162081
232.69909864366883 207.22879759990175
232.7630346246044 740.5860922935169
232.82697060554 1400.6169290022144
232.8909065864756 1756.7233047180891
232.9548425674112 1538.6235297403691
233.0187785483468 903.6322318576217
233.08271452928236 300.2026428408005
233.14665051021797 67.21907295767787
233.21058649115355 186.0897254105319
233.27452247208916 401.2387698332278
233.3384584530247 513.3058410302555
233.40239443396027 506.8130806721943
233.46633041489588 447.87320908858504
233.5302663958315 356.6450860799391
233.59420237676707 212.7142191868044
233.65813835770263 60.17841862172245
233.72207433863824 36.5402053171748
233.7860103195738 243.33452452867243
233.8499463005094 617.6934732678901
233.913882281445 968.0823933065224
233.97781826238057 1130.7847565662485
234.04175424331615 1079.01845248412
234.10569022425173 889.0900153442376
234.1696262051873 639.6607602130209
234.23356218612292 374.2015305799376
234.2974981670585 141.4532401831848
234.3614341479941 12.375099962349603
234.42537012892967 19.048400867359263
234.48930610986528 97.40902197399315
234.5532420908009 133.70695991453437
234.61717807173648 84.81625500171897
234.68111405267203 29.120627636897833
234.74505003360764 78.4034755005185
234.8089860145432 247.33205079003312
234.87292199547883 423.604765221508
234.9368579764144 481.4741317695141
235.00079395735 406.95578051257286
235.0647299382856 288.0627726107239
235.1286659192212 213.36144627214273
235.1926019001568 209.48368392760577
235.25653788109236 271.90175698383337
235.32047386202797 425.0867644422704
235.38440984296352 710.5559822685489
235.44834582389913 1105.493241313486
235.5122818048347 1460.360833587305
235.57621778577027 1558.1015226277575
235.64015376670588 1297.5100950932479
235.70408974764143 805.1100477982958
235.76802572857704 332.6816645838424
235.83196170951263 60.96402289654009
235.89589769044824 1.5541113922529315
235.9598336713838 45.13587811149855
236.0237696523194 81.14252790281718
236.08770563325496 75.74424660444501
236.15164161419057 54.744831945353646
236.21557759512615 43.72168048212652
236.27951357606173 56.094827879776446
236.3434495569973 127.28402100978182
236.40738553793287 316.0173554674829
236.47132151886848 627.0271523078496
236.5352574998041 941.258679270411
236.59919348073967 1067.0402564868639
236.66312946167528 887.290587608583
236.7270654426109 494.94237648450235
236.79100142354645 166.27418200520643
236.85493740448203 126.3414112632364
236.91887338541764 344.10421592861064
236.9828093663532 576.6581060344848
237.0467453472888 611.8556671140049
237.1106813282244 469.85606970754094
237.17461730916 330.34062060606107
237.2385532900956 289.4075964236772
237.3024892710312 261.0415015697493
237.36642525196677 138.3756413396482
237.43036123290233 37.49702163555524
237.49429721383797 274.3821867705054
237.55823319477352 1009.2261359441673
237.62216917570913 1948.004467519297
237.6861051566447 2468.284472905907
237.75004113758024 2144.7570774778537
237.81397711851588 1185.8813790124052
237.87791309945143 293.36776560874733
237.94184908038704 67.52664106046203
238.00578506132263 517.6667200018899
238.0697210422582 1136.2238356699295
238.1336570231938 1431.0246303728088
238.1975930041294 1313.6301692366203
238.26152898506496 1014.789157576171
238.32546496600057 743.4585912475438
238.38940094693612 496.7557658122323
238.45333692787173 217.9597926960107
238.5172729088073 23.34448799988657
238.58120888974287 135.68262154851823
238.64514487067848 600.371853741361
238.7090808516141 1144.6518870787993
238.77301683254967 1385.406045593026
238.83695281348528 1179.197062470066
238.9008887944209 722.9493157534531
238.96482477535645 318.96185757765994
239.02876075629203 101.29366190085985
239.0926967372276 20.826155983087386
239.1566327181632 42.62132962258057
239.2205686990988 243.75907449738145
239.2845046800344 657.2653579869632
239.34844066097 1089.1995016244632
239.41237664190555 1210.1940822259908
239.4763126228412 881.7287805302801
239.54024860377675 361.700589689866
239.60418458471233 95.01299976231849
239.6681205656479 260.00783991402886
239.7320565465835 602.9041846512962
239.79599252751913 742.6266079110869
239.8599285084547 577.3189870969376
239.92386448939024 371.2849664010282
239.98780047032585 420.16794225437405
240.05173645126143 664.4515307528699
240.11567243219704 748.5006725118446
240.17960841313263 468.0058586256732
240.2435443940682 79.24422478961112
240.30748037500376 113.81120840025582
240.37141635593937 846.4258728075614
240.43535233687496 1954.4160590785996
240.49928831781057 2734.645942748052
240.56322429874612 2671.758256334745
240.62716027968173 1850.6772214229456
240.6910962606173 849.500793574174
240.75503224155287 229.51913875081485
240.81896822248848 139.39942930039783
240.8829042034241 334.10462133529126
240.94684018435967 466.2832350427592
241.01077616529523 379.0779706816282
241.07471214623084 181.57491622780327
241.13864812716645 83.9823364080001
241.20258410810203 191.52661976207807
241.2665200890376 436.79089351179454
241.3304560699732 666.3868588776401
241.3943920509088 776.7823258173394
241.4583280318444 777.899914868948
241.52226401278 741.6141008734422
241.58619999371555 705.029200110472
241.65013597465116 647.9863892960718
241.71407195558672 568.6402772296143
241.77800793652233 550.3168458858036
241.8419439174579 719.6422094668401
241.9058798983935 1125.9306254111027
241.96981587932908 1639.068428038291
242.03375186026463 1968.8466482378265
242.09768784120024 1884.0792824592156
242.16162382213585 1427.5243120293696
242.22555980307143 838.405879212065
242.289495784007 344.87239455120624
242.35343176494257 73.04999586319384
242.4173677458782 19.745327910054392
242.48130372681376 97.0507580203259
242.54523970774935 222.75142483895297
242.60917568868493 321.87455361323464
242.6731116696205 318.2124954415204
242.73704765055612 196.8879340321568
242.80098363149173 44.248465175078806
242.8649196124273 14.463913762315231
242.92885559336287 227.86674620650888
242.99279157429848 656.1692766093669
243.0567275552341 1120.0451638488955
243.12066353616967 1417.0898339940215
243.18459951710523 1446.2007493668991
243.24853549804084 1241.6886561892752
243.3124714789764 939.6057651621395
243.376407459912 703.8550877148033
243.4403434408476 632.2421144899067
243.5042794217832 692.3061563679476
243.5682154027188 740.6897454792492
243.6321513836544 638.0528792926912
243.69608736458997 377.4488326841456
243.76002334552555 106.23575998104695
243.82395932646116 4.863781780236264
243.88789530739672 109.73208937457572
243.95183128833233 264.83513163498145
244.01576726926788 287.5401774140072
244.0797032502035 173.36893759772
244.14363923113908 107.81273185994296
244.20757521207463 253.67507381368137
244.27151119301024 534.7611273765228
244.33544717394585 687.538899254022
244.39938315488143 543.4588794936269
244.463319135817 224.62167584084557
244.52725511675257 42.65296423120344
244.59119109768815 188.8863250344843
244.65512707862376 527.909148260452
244.71906305955935 730.8993017153942
244.78299904049493 610.7324414052924
244.8469350214305 293.88209061527846
244.9108710023661 67.6714744800874
244.97480698330168 96.21172820005609
245.0387429642373 298.9076572827335
245.10267894517287 471.2700759617167
245.16661492610848 485.65947675453384
245.2305509070441 383.0864172426852
245.29448688797964 299.77714031204454
245.3584228689152 331.0160856014359
245.42235884985084 476.05107492955136
245.4862948307864 673.284139806774
245.550230811722 849.6500145177241
245.6141667926576 938.4349478713089
245.6781027735932 875.2616472988899
245.7420387545288 656.9030873249459
245.8059747354644 399.90459319574114
245.86991071639997 234.73187367809084
245.93384669733553 182.01613333909293
245.9977826782711 174.6661142768814
246.06171865920672 130.5971212362333
246.12565464014233 42.70255549498157
246.18959062107788 7.184013396187095
246.25352660201344 105.45425316154267
246.31746258294905 306.9726679960954
246.38139856388463 491.4019387457204
246.44533454482024 541.8440883567112
246.50927052575585 455.855214962289
246.5732065066914 342.1660413816556
246.63714248762696 301.42859172494536
246.70107846856257 355.19459152099927
246.76501444949815 458.95514439684456
246.82895043043376 544.4376034341523
246.89288641136932 569.7579588990759
246.95682239230487 545.6359131044748
247.0207583732405 515.7692965459065
247.0846943541761 517.2244201771505
247.14863033511168 552.532787277182
247.2125663160473 580.9287594392089
247.27650229698287 537.3180605444301
247.34043827791845 391.6569633650791
247.4043742588541 204.06997736406072
247.46831023978964 95.4922968053454
247.5322462207252 146.82774248762132
247.5961822016608 320.93447863541746
247.6601181825964 478.9414531010773
247.724054163532 503.3945313375987
247.7879901444676 431.78143673267294
247.8519261254032 452.8226525900368
247.91586210633875 746.0704713773005
247.97979808727436 1311.3296398104014
248.04373406820997 1932.7038538449424
248.10767004914553 2295.777320311546
248.1716060300811 2211.0771126797745
248.2355420110167 1792.0542629924644
248.29947799195227 1367.0677139564912
248.36341397288788 1208.1617446503565
248.42734995382344 1355.008519423472
248.49128593475905 1623.7935962303495
248.55522191569463 1756.9671281127387
248.6191578966302 1602.5280692797446
248.68309387756585 1209.4420008061368
248.7470298585014 803.4428315765196
248.81096583943696 631.9943855611139
248.87490182037257 785.0282300792669
248.93883780130813 1140.665594306697
249.00277378224376 1452.1019277576738
249.06670976317932 1523.7098699828484
249.13064574411487 1334.1543439179943
249.19458172505048 997.6328392859816
249.2585177059861 654.7448567406589
249.32245368692168 393.35827608166926
249.3863896678573 222.44810531028835
249.45032564879287 109.3558437820804
249.51426162972845 35.29966671859538
249.57819761066403 4.476484624345129
249.6421335915996 19.72414051569526
249.7060695725352 67.85541609872098
249.7700055534708 133.77401400249613
249.8339415344064 222.58182214439935
249.897877515342 343.2581507566685
249.96181349627756 470.77895293982755
250.0257494772132 544.9057706456232
250.08968545814875 513.779616222767
250.15362143908436 387.39178985315857
250.21755742001992 237.750091066958
250.28149340095547 133.43987618134787
250.3454293818911 94.46596115089424
250.4093653628267 120.88995241294084
250.47330134376227 246.010957979017
250.53723732469783 523.0660137642777
250.60117330563344 938.0684345797661
250.66510928656905 1341.0653702171987
250.72904526750463 1486.447562199096
250.7929812484402 1232.9357738292
250.85691722937577 731.9224007030493
250.92085321031135 301.0883509789249
250.98478919124696 126.687358390932
251.04872517218257 146.37869823861155
251.11266115311813 173.57126000555627
251.1765971340537 145.23616426538663
251.2405331149893 244.085406098124
251.30446909592487 718.620087400628
251.36840507686048 1571.0947776334335
251.43234105779607 2433.125039819409
251.49627703873168 2818.083837274431
251.56021301966723 2528.073033487752
251.62414900060287 1776.3866840366175
251.68808498153845 985.9021534078743
251.75202096247403 487.807975985104
251.8159569434096 315.4073154780432
251.8798929243452 276.99882267624713
251.9438289052808 213.2426379001417
252.0077648862164 126.53972545659362
252.071700867152 104.90986146255736
252.13563684808756 174.94041772910867
252.19957282902317 242.77822747387043
252.26350880995872 199.5243462402896
252.32744479089436 69.95983159543808
252.39138077182992 26.50127681645414
252.45531675276547 256.8216973493746
252.51925273370108 803.9606799966161
252.58318871463663 1493.139427784878
252.64712469557227 2015.5074330663297
252.71106067650783 2128.757623163787
252.77499665744344 1800.6765703894282
252.83893263837905 1199.751614256684
252.9028686193146 587.9212438616488
252.9668046002502 176.5624772882175
253.03074058118577 20.05966683146142
253.09467656212135 29.281993306739047
253.15861254305696 76.61217032499542
253.22254852399251 92.16531304227848
253.28648450492813 80.95394454164274
253.3504204858637 67.6824890210931
253.4143564667993 49.954740579699376
253.47829244773487 17.768498179417776
253.54222842867048 4.4052716453197975
253.60616440960607 83.53128053542565
253.67010039054168 287.8292816895274
253.73403637147723 533.9681668070953
253.79797235241284 654.330341975798
253.8619083333484 541.4466425294033
253.92584431428403 269.7588826532762
253.9897802952196 45.619069115777435
254.0537162761552 30.44832314435487
254.1176522570908 213.7430428707554
254.1815882380264 458.7193918695186
254.24552421896195 665.0633431855836
254.30946019989756 835.885844973523
254.37339618083317 983.914048191222
254.43733216176872 1031.624509370159
254.50126814270433 854.0747240710845
254.5652041236399 464.15638970723273
254.62914010457547 103.15969679741252
254.69307608551108 46.630662924414416
254.75701206644663 312.2554371570963
254.82094804738225 595.2207909389132
254.88488402831783 557.8937833815821
254.94882000925344 223.31503039403773
255.01275599018905 1.0584582900210255
255.0766919711246 252.0187502476348
255.14062795206016 865.155765811543
255.20456393299577 1322.2920939689964
255.26849991393135 1197.3498552643848
255.33243589486696 608.203818126822
255.39637187580252 146.30020505838309
255.46030785673807 287.8096770985962
255.52424383767368 925.2080407781181
255.5881798186093 1510.327153334369
255.65211579954487 1564.0594402100867
255.71605178048048 1074.8575634715964
255.77998776141607 452.1985521285693
255.84392374235165 80.4487689494819
255.90785972328723 10.248835860216605
255.97179570422284 65.86422878880344
256.03573168515845 98.12509744447529
256.09966766609404 97.46767589687411
256.1636036470296 121.14748517029004
256.2275396279652 198.126187527446
256.2914756089008 341.1944003955851
256.3554115898364 588.5476181650806
256.419347570772 954.6529911048012
256.4832835517076 1327.9202683524843
256.5472195326432 1502.0570669133783
256.61115551357875 1367.6672221304864
256.67509149451433 1033.3317529618898
256.7390274754499 728.3404747085074
256.8029634563855 578.9070296112326
256.8668994373211 498.453465610035
256.93083541825666 336.51959661733406
256.99477139919225 104.96598033021212
257.0587073801279 2.6319141634334517
257.12264336106347 198.286638670389
257.18657934199905 601.1131048818451
257.25051532293463 912.7392144165442
257.3144513038702 923.5859881725646
257.37838728480574 684.7848865957244
257.4423232657414 406.27968841753903
257.50625924667696 251.94581969460904
257.57019522761254 213.13893872487444
257.63413120854807 177.98191669006928
257.69806718948365 103.25128551668185
257.76200317041935 40.558346876082624
257.82593915135493 26.574405397865075
257.88987513229046 35.943268911495
257.9538111132261 53.01060201510503
258.0177470941617 134.96769368977223
258.08168307509726 339.9149557197075
258.14561905603284 598.8908185779104
258.2095550369684 716.6760651508022
258.273491017904 563.3660734886007
258.3374269988396 273.82497211267935
258.4013629797752 164.69597062110634
258.4652989607108 409.2325092361198
258.5292349416464 829.8428162766737
258.593170922582 1040.4038176830047
258.65710690351756 831.8747845838312
258.72104288445314 407.41163737342754
258.7849788653887 194.50922342473623
258.8489148463243 430.8782954180512
258.9128508272599 944.5414398854558
258.97678680819547 1330.1705320173182
259.0407227891311 1315.7113608260106
259.1046587700667 955.6191907283486
259.1685947510023 517.066068159008
259.23253073193786 217.40351619585377
259.29646671287344 89.94419261805433
259.360402693809 66.84465240504359
259.4243386747446 112.8367315646454
259.4882746556802 237.23936289176075
259.55221063661577 405.3906601293422
259.6161466175513 506.460245702533
259.68008259848693 437.0772270413865
259.7440185794226 220.03109752541732
259.8079545603581 27.681144481925482
259.87189054129374 31.409736574249894
259.93582652222926 230.34841485081017
259.9997625031649 465.6293131263701
260.0636984841005 561.1489788248532
260.12763446503607 459.5965463628989
260.19157044597165 257.9384097718081
260.25550642690723 96.92798152911331
260.3194424078428 35.03177007124398
260.38337838877845 37.83134155125316
260.44731436971404 46.9514553334924
260.5112503506496 39.09281215081822
260.5751863315852 28.133096204753773
260.6391223125208 33.54771985349331
260.7030582934564 65.81115735447379
260.76699427439195 133.77435965004207
260.8309302553276 240.8545509936507
260.8948662362631 358.63843401504823
260.9588022171987 415.183772591206
261.02273819813433 346.1631985418332
261.0866741790699 183.4475192148764
261.1506101600055 73.21855894539459
261.2145461409411 185.10112369162528
261.27848212187666 582.4482932562925
261.34241810281225 1136.171050007416
261.40635408374783 1583.5168644340176
261.4702900646834 1722.358267738389
261.53422604561894 1537.895181889859
261.5981620265546 1166.8322328547492
261.6620980074902 789.4720898640705
261.72603398842574 528.0275744777533
261.7899699693614 402.2614387973894
261.85390595029696 364.49333979756335
261.91784193123254 358.3053266439276
261.98177791216807 344.4160311376746
262.04571389310365 300.76940726565937
262.1096498740393 228.6602593852801
262.1735858549749 163.190812547572
262.23752183591046 156.90641000889508
262.30145781684604 234.0256687261235
262.3653937977817 357.5225852160719
262.42932977871726 446.31011081144
262.49326575965284 431.4043142640498
262.5572017405884 309.2234619747995
262.621137721524 151.14177751807946
262.6850737024596 58.59264449684574
262.7490096833952 98.3642409204266
262.81294566433075 263.1329164423048
262.87688164526634 482.74827198915034
262.9408176262019 673.9602952336701
263.00475360713756 775.9438575340013
263.06868958807314 761.1041189121776
263.1326255690087 642.1713801399294
263.1965615499443 463.30348997221137
263.2604975308799 278.7677212384758
263.32443351181547 137.78012241864894
263.38836949275105 66.50402769678306
263.45230547368664 54.09888493788539
263.5162414546222 64.63876763141744
263.5801774355578 68.92138156638302
263.64411341649344 72.81013218584727
263.708049397429 119.27756368276016
263.7719853783646 254.55308203460916
263.8359213593002 477.14702456469513
263.89985734023577 714.4027222537305
263.9637933211713 857.07323322122
264.02772930210693 833.931812467729
264.09166528304246 665.0773910757827
264.1556012639781 440.0504989367928
264.2195372449137 247.20822124505167
264.28347322584926 123.68240020311671
264.3474092067849 55.610223261172194
264.4113451877205 18.903387586680612
264.47528116865607 13.943523171566104
264.53921714959165 52.01992295335592
264.60315313052723 117.72418384143874
264.6670891114628 160.995115888154
264.7310250923984 140.978220322734
264.794961073334 86.32101245394993
264.8588970542696 103.37502975143263
264.92283303520514 299.4409330282565
264.9867690161408 673.3553825900664
265.0507049970764 1085.537945908424
265.11464097801195 1343.1870579923427
265.1785769589476 1321.8153386323027
265.2425129398831 1041.59261432912
265.3064489208187 646.9836890679977
265.3703849017543 301.3659813926049
265.43432088268986 91.88173448925059
265.49825686362544 14.709537241779548
265.562192844561 22.020722967343037
265.62612882549666 70.99521248998515
265.69006480643225 135.7312632554703
265.75400078736783 192.93477971792132
265.8179367683034 215.11290335105664
265.88187274923894 191.49084957381416
265.9458087301746 145.23159815882806
266.0097447111101 108.70259129770068
266.07368069204574 91.22209334852083
266.13761667298127 78.29490880706543
266.2015526539169 61.34130929524757
266.26548863485255 72.51426235704157
266.32942461578807 168.5122324793819
266.39336059672365 369.2688318588835
266.4572965776593 621.9003405346833
266.5212325585949 818.3614371964967
266.58516853953046 864.82266900736
266.64910452046604 756.304656489312
266.7130405014016 573.8612936918969
266.7769764823372 410.4847746453245
266.8409124632728 316.73015334695816
266.9048484442084 306.8582181086673
266.968784425144 387.31802193780146
267.0327204060796 556.1501560092493
267.0966563870152 769.2965818345981
267.16059236795076 927.6951844460576
267.22452834888634 930.063568079474
267.2884643298219 752.823519393177
267.3524003107575 481.8998268447896
267.4163362916931 263.71088782122195
267.48027227262867 199.8126451078544
267.54420825356425 271.32788767929026
267.6081442344999 367.84499777265233
267.67208021543547 383.8736393221505
267.73601619637105 292.8335464396487
267.79995217730664 150.62740678858967
267.8638881582422 38.41735060046126
267.9278241391778 2.180374176784216
267.9917601201134 37.16942825502431
268.05569610104897 109.73036826381323
268.11963208198455 186.56196497902545
268.18356806292013 251.35659136320223
268.24750404385577 303.03901959523984
268.3114400247913 345.10057500954133
268.37537600572693 377.8883191891703
268.43931198666246 396.9115156686166
268.5032479675981 396.0254965570241
268.5671839485337 372.6799168954444
268.63111992946926 330.1874095745185
268.69505591040485 275.947817345651
268.7589918913404 221.2994658601035
268.822927872276 185.5031956962932
268.8868638532116 197.62320715289937
268.95079983414723 290.6038888364169
269.0147358150828 487.13295777491936
269.0786717960184 778.8449252143938
269.142607776954 1111.8909313055203
269.2065437578896 1398.575166425492
269.27047973882514 1542.6368957595644
269.3344157197607 1459.5947066332892
269.3983517006963 1123.7312734934096
269.4622876816319 630.9258450130559
269.5262236625675 187.54624644088295
269.5901596435031 7.677655159128147
269.6540956244387 193.60261236378727
269.7180316053743 662.6236365373852
269.78196758630986 1171.793753325981
269.84590356724544 1455.20274032126
269.909839548181 1388.1544249923575
269.9737755291166 1056.0640290432016
270.03771151005213 668.2289053320975
270.1016474909878 394.35957552438526
270.1655834719233 273.9274462735156
270.22951945285894 244.246168194162
270.2934554337946 220.7485268774088
270.3573914147301 167.53183642398247
270.42132739566574 113.96243505040567
270.48526337660127 110.293748960274
270.5491993575369 172.1617800788887
270.6131353384725 261.51074872992893
270.67707131940807 315.56448077881697
270.74100730034365 294.98416153429304
270.80494328127924 211.69335907132984
270.8688792622149 129.76045331599283
270.93281524315046 132.78108544045037
270.99675122408604 259.424457160698
271.0606872050216 461.44128270367503
271.1246231859572 626.4438131373151
271.1885591668928 647.7910724728554
271.2524951478284 503.45908269317744
271.31643112876395 284.65446584529366
271.38036710969953 130.267482750035
271.4443030906351 126.80352738973316
271.5082390715707 270.99642863140195
271.57217505250634 510.4177338906952
271.6361110334419 811.4434685744125
271.7000470143775 1180.039221090832
271.7639829953131 1600.2252632326347
271.82791897624867 1967.0903567209596
271.89185495718425 2105.359410537212
271.95579093811983 1880.565140747147
272.0197269190554 1351.4988650364276
272.08366289999094 816.1128106990819
272.1475988809266 623.7569940163739
272.2115348618622 903.8145148050824
272.2754708427978 1478.8121235842543
272.3394068237334 1999.6515105805397
272.40334280466897 2180.11647664513
272.4672787856045 1982.2618454738492
272.53121476654013 1583.5522923079773
272.59515074747566 1166.135802010711
272.6590867284113 799.710384521888
272.7230227093469 489.27841800626805
272.78695869028246 240.0624495106703
272.8508946712181 75.22698767388259
272.9148306521537 9.378657629302577
272.97876663308926 16.639727126334325
273.04270261402485 58.09077718720036
273.1066385949604 130.0581734242758
273.170574575896 254.58663331633835
273.2345105568316 420.7234304969434
273.2984465377672 560.0564792203476
273.36238251870276 620.6291852763233
273.42631849963834 659.0783104657794
273.4902544805739 813.8098152940448
273.5541904615096 1159.654985772589
273.61812644244515 1583.184136477711
273.6820624233807 1828.6480973315015
273.7459984043163 1709.839840314156
273.8099343852519 1290.7398191447603
273.8738703661875 841.8648296686739
273.93780634712306 603.1808818352082
274.00174232805864 603.4225425731269
274.0656783089942 706.86370330867
274.1296142899298 787.6098840347462
274.19355027086544 828.9025132677301
274.257486251801 868.4603412067662
274.3214222327366 891.6200929954235
274.38535821367213 814.8939684128776
274.4492941946078 585.2799260757123
274.5132301755433 279.6745836967166
274.57716615647894 57.90287184538108
274.64110213741446 11.306951339055928
274.7050381183501 89.93646835830917
274.7689740992857 165.40861388084824
274.83291008022127 154.11725056291962
274.8968460611569 83.1668838875224
274.9607820420925 34.612250859282305
275.0247180230281 56.49833199625937
275.08865400396365 137.17291327742336
275.15258998489924 238.69056245214992
275.2165259658348 334.6567673063945
275.2804619467704 402.60119608164166
275.344397927706 408.2252335550787
275.4083339086416 334.8132701478166
275.4722698895772 212.55115648106948
275.5362058705128 106.11625012367936
275.6001418514484 75.484157945408
275.66407783238395 133.85203902388173
275.72801381331954 238.28155422525657
275.7919497942551 328.9660074722506
275.8558857751907 373.2915299696668
275.9198217561263 372.44018140011633
275.98375773706186 347.671889134537
276.04769371799745 331.10881361315154
276.11162969893303 353.80509783387896
276.1755656798686 426.9532518562799
276.23950166080425 525.6999583376158
276.30343764173983 586.8868056358322
276.3673736226754 538.7688285113975
276.43130960361094 367.3218134009345
276.4952455845466 153.31785582953907
276.55918156548216 21.088741021096407
276.62311754641775 66.4348629626057
276.68705352735327 300.7368893266941
276.75098950828885 613.3311671947121
276.8149254892245 833.5465933771812
276.87886147016013 852.5985636790808
276.94279745109566 669.5221326873923
277.0067334320313 383.58942042046334
277.0706694129669 148.88430951454782
277.13460539390246 78.2424218523908
277.19854137483804 167.7990476057117
277.2624773557736 310.15852408506777
277.3264133367092 389.9996881064189
277.3903493176448 367.85337507970127
277.45428529858043 282.9453905477649
277.518221279516 208.08351043442948
277.5821572604516 188.75924706339651
277.6460932413872 217.18806234164617
277.71002922232276 268.1058623603842
277.77396520325834 318.175749935982
277.8379011841939 340.7848596900114
277.9018371651295 322.56321854711774
277.9657731460651 275.2406245858426
278.0297091270007 230.5698620001893
278.09364510793625 222.08754487635673
278.1575810888719 249.21336877374853
278.2215170698075 271.5811165054275
278.28545305074306 265.60868036645763
278.34938903167864 269.0586498252802
278.4133250126142 349.39217688862885
278.4772609935498 537.416008037966
278.5411969744854 770.5138862558101
278.60513295542097 898.5656880377977
278.6690689363565 793.908268257162
278.73300491729213 475.19313323194376
278.7969408982278 133.23946280013595
278.8608768791633 10.201828525862997
278.92481286009894 228.22720869500412
278.98874884103446 717.3315795040244
279.0526848219701 1260.0873385502043
279.1166208029057 1681.5783423682572
279.18055678384127 1989.9618956464967
279.24449276477685 2222.1282866584206
279.30842874571243 2346.865040009882
279.372364726648 2302.57902969669
279.43630070758365 1954.5510440232583
279.50023668851924 1272.0692986044871
279.5641726694548 532.7354920278872
279.6281086503904 83.7259754675713
279.692044631326 70.62246920423962
279.7559806122616 373.4661891072213
279.81991659319715 682.2638633748377
279.88385257413273 766.7246108472899
279.9477885550683 619.6003009098253
