0.1 0.19553883181616225
0.16393597915627794 1.5329653547199424
0.22787195831255588 6.134954555617818
0.2918079374688338 17.738733793343872
0.35574391662511173 41.550268184229054
0.4196798957813896 78.40067902963072
0.48361587493766767 102.83109939752568
0.5475518540939456 66.36895422418029
0.6114878332502235 10.14666168272912
0.6754238124065014 53.742048003937114
0.7393597915627793 275.12862262660235
0.8032957707190573 666.0337888183772
0.8672317498753352 979.5996695260858
0.9311677290316132 880.0892762262189
0.9951037081878912 465.2769739666599
1.0590396873441692 94.19365666776669
1.1229756665004471 30.841204347408866
1.186911645656725 279.3954626761262
1.2508476248130027 500.77575749390206
1.3147836039692808 470.21232242676086
1.3787195831255588 418.6084052986973
1.442655562281837 787.6212326444924
1.5065915414381148 1743.2377961500188
1.5705275205943927 2568.808357420834
1.6344634997506706 2300.6446974048567
1.6983994789069483 1039.1750629101869
1.7623354580632264 82.5770380366531
1.8262714372195044 1116.5574210668235
1.8902074163757825 4313.1710034086045
1.9541433955320604 7381.250988706113
2.0180793746883383 7834.821202594321
2.082015353844616 5127.281653387866
2.145951333000894 1456.0929800037022
2.209887312157172 933.7730085761576
2.2738232913134495 5465.424717334358
2.337759270469728 12353.248048000525
2.401695249626006 16750.738089881575
2.465631228782284 15105.420807298167
2.5295672079385616 8295.657268944831
2.59350318709484 1770.943635456263
2.657439166251117 527.0491618303065
2.7213751454073956 5171.260870364216
2.7853111245636737 12237.601801115406
2.8492471037199514 16725.425408491257
2.913183082876229 15868.439752389922
2.977119062032507 11078.558165673245
3.0410550411887853 5716.457894176408
3.104991020345063 2050.6443147296745
3.1689269995013407 437.6112520999311
3.2328629786576193 41.30620987844646
3.296798957813897 6.072596077465367
3.360734936970175 215.06684827991103
3.424670916126453 935.4823150111444
3.488606895282731 2013.7349432555256
3.5525428744390086 2621.8309156824535
3.616478853595287 1984.226129609507
3.680414832751565 646.559782252285
3.7443508119078426 665.8348473131376
3.8082867910641207 4008.826962086823
3.8722227702203984 10394.884936321836
3.936158749376677 16663.559216266196
4.000094728532954 18586.515376726966
4.064030707689232 14200.230705607004
4.12796668684551 6300.544325853912
4.191902666001788 719.0293833401848
4.255838645158065 1111.5041881009483
4.319774624314344 5903.868583148353
4.383710603470622 9962.830010020838
4.447646582626899 9554.229682677498
4.511582561783177 5878.405992630537
4.575518540939456 3124.68647608987
4.6394545200957324 3825.3301432755425
4.703390499252011 6058.84690105246
4.76732647840829 5715.941847448974
4.831262457564567 2225.529689652996
4.895198436720845 66.47738465714346
4.959134415877123 4574.272440789172
5.0230703950334 16136.858824398805
5.087006374189679 27841.487769848256
5.150942353345957 31675.94444066813
5.214878332502233 26036.765991996628
5.278814311658513 15725.337650236317
5.3427502908147915 7752.876204792588
5.406686269971068 5995.195433995669
5.470622249127346 8027.725888306338
5.5345582282836245 8791.230935386759
5.598494207439902 6447.2256951198315
5.66243018659618 3744.145813837008
5.726366165752458 4557.213478257005
5.790302144908736 9621.856430208623
5.854238124065014 15991.669193400869
5.9181741032212924 19695.071807827146
5.982110082377569 18793.168095897458
6.046046061533848 14857.08572554087
6.1099820406901255 10989.96786233188
6.173918019846404 8561.157825101162
6.237853999002682 6785.74200366381
6.30178997815896 4612.633768543792
6.365725957315238 2065.459560502908
6.429661936471516 331.7397577713696
6.493597915627793 955.270352121316
6.557533894784071 4315.717746318913
6.62146987394035 9017.113670235587
6.685405853096627 12711.523080119863
6.749341832252905 13309.159675951136
6.813277811409184 10787.152608820716
6.8772137905654604 7489.795924029048
6.941149769721739 5739.959981651064
7.005085748878017 6187.291681807913
7.069021728034295 7765.295312161733
7.132957707190573 8362.637387890449
7.196893686346851 6868.417540849626
7.260829665503129 4329.389328330698
7.324765644659408 2612.8544326421934
7.388701623815683 2675.1369824365624
7.452637602971961 3849.911236521216
7.51657358212824 4576.995434541868
7.580509561284519 3981.9036359028314
7.644445540440797 2460.791373588643
7.708381519597075 967.6433912360238
7.772317498753352 150.7238493357242
7.83625347790963 34.339110951701244
7.900189457065909 307.4750083133196
7.964125436222186 770.9522430886326
8.028061415378465 1430.358929240223
8.091997394534742 2291.9413048333995
8.15593337369102 3204.1087716952584
8.219869352847297 3857.4623806514537
8.283805332003574 3901.8338331899554
8.347741311159854 3101.4424620829104
8.411677290316131 1621.187981710848
8.47561326947241 524.2921741846988
8.539549248628688 1655.9798830281072
8.603485227784965 6297.972722053138
8.667421206941244 13788.253852090087
8.73135718609752 21311.45011132512
8.7952931652538 25193.56703162957
8.859229144410076 23518.236021598583
8.923165123566353 17944.70169706197
8.987101102722633 12435.411730882395
9.051037081878912 10098.105315301911
9.114973061035187 11010.083176974207
9.178909040191469 12513.76391744198
9.242845019347744 11694.254183997027
9.306780998504022 8035.013728154455
9.370716977660303 3881.6583574711385
9.43465295681658 2356.8695175422617
9.498588935972856 4793.917187385618
9.562524915129137 9828.999588726108
9.626460894285412 14558.133519142471
9.69039687344169 16826.112163631737
9.754332852597967 16747.853008877668
9.818268831754244 16003.56310608182
9.882204810910524 15929.22160534586
9.946140790066803 16421.334149965627
10.01007676922308 16341.474962743836
10.074012748379358 14761.783636771952
10.137948727535637 11918.987497758642
10.201884706691912 9013.358438966483
10.265820685848192 6940.155515495129
10.329756665004467 5456.920073014544
10.393692644160748 3871.1617800917193
10.457628623317026 2069.8115635862137
10.521564602473301 620.3839884105372
10.58550058162958 106.05584791503775
10.64943656078586 383.26256636793414
10.713372539942135 672.4420225478991
10.777308519098415 490.3825835386239
10.841244498254694 210.1103106584571
10.90518047741097 622.3574379945618
10.969116456567248 1954.9663511766648
11.033052435723528 3383.7868977107246
11.096988414879805 3799.2071730084185
11.160924394036083 3028.365568348239
11.22486037319236 2004.608941992968
11.288796352348639 1782.29872908104
11.352732331504916 2523.540239002979
11.416668310661194 3349.3073026421457
11.480604289817473 3199.855875210296
11.544540268973751 1969.3661825055688
11.608476248130028 676.3464880184587
11.672412227286307 510.40816930881925
11.736348206442583 1842.762926923309
11.800284185598862 4036.1282069339495
11.86422016475514 6122.071711703824
11.92815614391142 7558.7238104953485
11.992092123067696 8202.92618094197
12.056028102223975 7987.905560032864
12.119964081380251 6968.216647549508
12.183900060536528 5363.280495854153
12.247836039692809 3516.2793947977248
12.311772018849084 1930.737869675126
12.375707998005364 1115.6661062111773
12.439643977161642 1302.579637363929
12.50357995631792 2351.8573324875224
12.567515935474196 3833.620360133996
12.631451914630476 5207.736291892935
12.695387893786751 6016.597290493499
12.759323872943032 5990.187098884372
12.823259852099309 5139.866564388491
12.887195831255587 3834.4285294098527
12.951131810411864 2627.9298277193443
13.015067789568143 1841.0456235550328
13.07900376872442 1371.623784754248
13.1429397478807 955.2501850374867
13.206875727036977 490.5939101264294
13.270811706193255 120.34393929817124
13.334747685349532 84.53105985525289
13.39868366450581 488.01597704128807
13.462619643662087 1222.5902100006515
13.526555622818368 2073.523729845034
13.590491601974644 2833.171115565566
13.654427581130925 3348.380862261805
13.7183635602872 3467.2837287315106
13.782299539443478 3031.705666226302
13.846235518599755 2090.2367392607166
13.910171497756032 1048.3422736389932
13.974107476912312 493.6269090671518
14.03804345606859 837.199787269735
14.101979435224868 2005.9380737231204
14.165915414381146 3427.578044455994
14.229851393537423 4378.217200669516
14.2937873726937 4426.577063898303
14.35772335184998 3650.7129514580793
14.421659331006259 2496.333221278023
14.485595310162536 1425.1092371333427
14.549531289318814 671.5058795273807
14.613467268475093 241.781501107852
14.677403247631368 43.2736805188016
14.741339226787648 8.708341327940577
14.805275205943923 170.65532089680073
14.869211185100204 668.6819839551048
14.933147164256482 1637.7957152733836
14.997083143412757 2987.0038150753844
15.061019122569036 4241.865996660623
15.124955101725316 4676.65672180744
15.188891080881591 3808.3500922716144
15.252827060037871 1975.1904785969944
15.316763039194148 373.5939867950272
15.380699018350427 253.3524025579972
15.444634997506704 1862.4658315752304
15.508570976662982 4124.937114365222
15.57250695581926 5558.867241770599
15.63644293497554 5725.244779073463
15.700378914131816 5752.3708232629515
15.764314893288095 7411.396967418179
15.828250872444372 11398.225853714768
15.89218685160065 16188.551815120694
15.956122830756929 18931.4949447688
16.02005880991321 17803.0026091876
16.083994789069482 13452.44874361541
16.147930768225763 8405.478427402595
16.211866747382043 5095.479019376693
16.27580272653832 4160.355913036227
16.339738705694597 4456.858845641649
16.403674684850877 4427.5531424931805
16.46761066400715 3481.343238006415
16.53154664316343 2360.2185692721737
16.59548262231971 2092.460066933212
16.659418601475988 2714.5917599597847
16.723354580632265 3283.97107047943
16.787290559788545 2906.5777461357407
16.85122653894482 1621.964344222995
16.9151625181011 377.40484420743184
16.97909849725738 90.50569133249064
17.043034476413656 787.6870432838992
17.106970455569932 1653.8165438723647
17.170906434726213 1823.3544913746073
17.23484241388249 1168.388187664816
17.298778393038766 343.94092646632066
17.362714372195043 107.55874745678199
17.426650351351324 692.907639985959
17.4905863305076 1757.0367203720455
17.554522309663877 2792.3283127462923
17.618458288820158 3544.584502599037
17.682394267976434 4030.4396122872568
17.74633024713271 4281.336587059799
17.81026622628899 4233.256754663243
17.87420220544527 3853.6337177483433
17.938138184601545 3272.72823146608
18.002074163757825 2708.890635795399
18.066010142914102 2231.0135642883024
18.129946122070375 1664.0449742151116
18.193882101226656 871.6768137452923
18.257818080382936 169.31914135157436
18.32175405953921 299.1281888423943
18.385690038695493 1805.8047665709792
18.449626017851767 4345.512450214964
18.513561997008047 6614.189111334304
18.577497976164327 7118.686073350329
18.641433955320604 5360.721449099685
18.70536993447688 2475.5564882996264
18.76930591363316 524.9046102517984
18.83324189278944 870.0471139573415
18.897177871945715 3140.6397116543053
18.96111385110199 5603.2970901558365
19.025049830258272 6456.839972097319
19.08898580941455 5166.830240840996
19.152921788570826 2779.5331426306807
19.216857767727102 844.8642723849086
19.280793746883383 83.94510783358113
19.344729726039656 89.5600478218413
19.408665705195936 124.55603073346536
19.472601684352217 64.57712873432062
19.536537663508494 484.24524126172054
19.60047364266477 1845.907565908546
19.664409621821047 3701.360041883292
19.728345600977327 4861.383380336207
19.792281580133608 4463.813210462296
19.856217559289885 2793.646517381903
19.92015353844616 1068.81857103944
19.98408951760244 426.40871845038504
20.04802549675872 973.968300404319
20.111961475914995 1851.6950879392068
20.175897455071276 2161.74452179156
20.239833434227553 1694.5990896535
20.30376941338383 924.9327788734688
20.36770539254011 457.24740713980174
20.431641371696383 467.6524699056095
20.495577350852663 685.9719097689009
20.55951333000894 790.6878743544142
20.62344930916522 698.7584413115337
20.687385288321497 528.2372059875271
20.75132126747777 403.0182341416656
20.81525724663405 370.09912673726745
20.879193225790328 460.5500110321934
20.943129204946608 727.6765674506322
21.00706518410289 1172.7927714997784
21.071001163259165 1647.2490060844543
21.13493714241544 1880.3587455854629
21.19887312157172 1660.4015667994106
21.262809100728 1035.9591800695523
21.326745079884276 341.9246809973821
21.39068105904056 2.4808184167683347
21.454617038196837 253.90087572835796
21.518553017353106 977.5198948753582
21.58248899650939 1800.167708271321
21.646424975665667 2391.21264412066
21.710360954821944 2688.7134271823606
21.774296933978224 2886.377555962771
21.8382329131345 3180.5449386541595
21.902168892290774 3493.466098864771
21.966104871447055 3503.8976366720713
22.03004085060333 2988.160130244785
22.093976829759608 2075.513116617524
22.15791280891589 1160.3523990040662
22.22184878807217 613.2191209614019
22.285784767228446 544.2018769359278
22.34972074638472 792.6310860210101
22.413656725541 1102.1325520427847
22.47759270469728 1261.8172023515128
22.54152868385356 1168.292711900886
22.60546466300984 890.1605934685263
22.669400642166117 745.0658586206507
22.73333662132239 1236.233619465733
22.79727260047867 2665.218474309396
22.861208579634948 4663.1402620415365
22.925144558791224 6141.989821229466
22.989080537947505 6008.8665449371565
23.05301651710378 4213.745163584353
23.116952496260055 1866.9582771838764
23.180888475416335 290.43725228657047
23.244824454572612 68.23316325473698
23.30876043372889 687.4541901665044
23.37269641288517 1112.3816319383902
23.43663239204145 854.6972084542873
23.500568371197726 274.6769781757199
23.564504350354007 9.617609995833783
23.628440329510283 316.73202358199234
23.69237630866656 955.9049109118541
23.75631228782284 1649.887271684417
23.82024826697912 2360.47150845031
23.884184246135398 3147.314312257602
23.94812022529167 3919.8287587727455
24.01205620444795 4229.666611526951
24.075992183604228 3661.883956820406
24.139928162760505 2461.1451903139327
24.203864141916785 1330.981870860508
24.267800121073066 853.8125099734742
24.331736100229335 1170.528055995503
24.395672079385616 1835.1705248808528
24.459608058541896 2131.94618004168
24.52354403769817 1748.7369669811733
24.587480016854453 987.4306307366425
24.651415996010726 387.9705488437243
24.715351975167007 318.0559885960238
24.779287954323287 747.5060289167789
24.843223933479564 1249.0691759257638
24.90715991263584 1372.3086162603656
24.97109589179212 1058.9433684829037
25.0350318709484 597.5218075960303
25.098967850104675 285.27532589028004
25.162903829260955 180.92153299220524
25.226839808417232 138.41930564314043
25.29077578757351 110.4630876701456
25.35471176672979 283.2517331054686
25.418647745886062 795.1402351382637
25.482583725042343 1416.4034892944887
25.546519704198616 1619.7884346395015
25.610455683354896 1121.192739622299
25.674391662511177 327.63939649195805
25.738327641667453 17.246018657193357
25.802263620823734 568.3107589625424
25.866199599980007 1595.8195652901843
25.930135579136287 2334.7295325578057
25.994071558292568 2405.692897486341
26.058007537448844 2124.8669975174703
26.12194351660512 1949.5025614963624
26.1858794957614 1839.095114170732
26.24981547491768 1443.7582138199657
26.313751454073955 824.7200742657493
26.377687433230236 733.9150782721633
26.441623412386512 2010.3525080567304
26.50555939154279 4565.185161206129
26.56949537069907 7058.691017571739
26.633431349855343 7893.916265982675
26.697367329011623 6583.898739829443
26.761303308167903 4054.542019495928
26.82523928732418 1788.9093242083156
26.889175266480457 757.9441253362771
26.953111245636737 916.2582898015885
27.01704722479301 1510.5189944703538
27.080983203949287 1789.180026455774
27.144919183105568 1469.3903982368995
27.208855162261848 778.3099926920721
27.272791141418125 203.6719939868476
27.3367271205744 118.72932353527166
27.40066309973068 458.94637325258793
27.46459907888696 741.9999908227846
27.528535058043236 579.9348038131976
27.59247103719952 167.44547734522467
27.656407016355793 148.9930006712362
27.72034299551207 898.1330796651706
27.784278974668354 1941.600984262844
27.848214953824623 2432.3973276496818
27.912150932980904 2248.9078678013193
27.976086912137184 2316.789521127996
28.04002289129346 3626.106832335256
28.103958870449738 5819.472318038003
28.167894849606014 7145.481864934729
28.23183082876229 6189.316531542786
28.295766807918568 3410.234056053632
28.35970278707485 814.9538224876645
28.42363876623113 17.530738688440746
28.487574745387406 659.4319813035637
28.551510724543682 1127.1583644228745
28.61544670369996 687.2225502882534
28.67938268285624 338.93009113742727
28.74331866201252 1383.7142627742571
28.8072546411688 3497.917776128182
28.871190620325077 4768.135937730266
28.93512659948135 3834.647094055992
28.99906257863763 1636.7230037614036
29.062998557793907 460.01821469936954
29.126934536950184 1299.1635223042567
29.190870516106465 2797.60197533626
29.25480649526274 2997.8807948527465
29.318742474419015 1780.7434660735696
29.382678453575295 956.3420703183336
29.44661443273157 1760.3647490655771
29.51055041188785 3066.454120310422
29.57448639104413 2781.175213887976
29.63842237020041 842.9434424721064
29.70235834935669 165.16302629421907
29.766294328512966 3850.957344272476
29.830230307669243 11197.957947470248
29.89416628682552 17232.75193975899
29.9581022659818 17290.54848752887
30.02203824513808 11608.977353783564
30.085974224294358 4803.340812151175
30.149910203450634 1649.3070924139515
30.21384618260691 3137.5428208018334
30.277782161763188 5972.846228454749
30.34171814091947 6371.471211151209
30.405654120075745 3859.118262542164
30.46959009923202 951.3751013583808
30.533526078388295 106.4760564882728
30.597462057544575 1451.6853770061869
30.661398036700852 3266.6346469032414
30.72533401585713 4112.039200608311
30.78926999501341 3929.1152268210535
30.853205974169686 3400.563769917132
30.917141953325967 2852.5307389680647
30.981077932482247 2080.5137671085513
31.045013911638524 1074.9445141398523
31.1089498907948 320.57294190200093
31.17288586995108 170.48513427231958
31.23682184910736 318.53317198072784
31.300757828263635 238.79974803357436
31.364693807419915 33.977010438238075
31.42862978657619 521.3256122485269
31.49256576573247 2246.582809130596
31.55650174488875 4480.95309626878
31.620437724045026 5604.959422903064
31.684373703201302 4673.03505692078
31.748309682357583 2548.7788277880964
31.812245661513856 1436.932127520744
31.876181640670136 3100.396865323447
31.940117619826417 7374.886241145961
32.00405359898269 12138.418369696888
32.06798957813897 14742.153646799621
32.13192555729525 13954.05445635262
32.195861536451524 10534.97799695035
32.25979751560781 6213.4090092815
32.323733494764085 2644.9881841033325
32.38766947392036 797.1820806410612
32.45160545307664 632.1096490485406
32.515541432232915 1437.0740060728588
32.57947741138919 2416.5134159377703
32.643413390545476 2975.622060830705
32.70734936970175 2787.809500672583
32.77128534885803 1880.2816041185924
32.835221328014306 754.7467167396992
32.89915730717058 240.41041296841863
32.96309328632685 798.2904498136608
33.02702926548314 1879.8601299434292
33.09096524463942 2261.0728181814716
33.1549012237957 1594.721656420564
33.218837202951974 2111.903977642055
33.28277318210825 8161.316701210966
33.34670916126453 22869.026213794743
33.410645140420804 44276.37150688824
33.47458111957709 64543.86543791023
33.538517098733365 74149.50518330035
33.60245307788964 68096.60697637593
33.66638905704592 49230.14843816886
33.730325036202196 26671.078916960403
33.79426101535847 9603.331783527054
33.85819699451476 1492.1976811800891
33.92213297367103 247.5958390923544
33.98606895282731 2076.756854075697
34.05000493198359 4820.472184342008
34.11394091113986 8553.442224570732
34.17787689029614 12983.866649701347
34.241812869452424 16255.065669836056
34.3057488486087 16716.832186125725
34.36968482776498 13900.931983539089
34.433620806921255 8855.979082242251
34.49755678607753 4104.181449516454
34.56149276523381 1603.6886624771835
34.625428744390085 1189.4810566611238
34.68936472354637 1584.4468310076832
34.753300702702646 1857.860093105496
34.81723668185892 1756.260095878628
34.8811726610152 1370.6000703684313
34.94510864017148 846.7175369983157
35.00904461932775 374.87362123421315
35.07298059848404 213.50773636180816
35.136916577640314 509.5589164151056
35.20085255679659 1061.1926829176516
35.26478853595287 1401.9464835789968
35.328724515109144 1231.3715119992496
35.39266049426542 736.7843681054109
35.456596473421705 395.4930097146446
35.52053245257798 445.3108313989746
35.58446843173426 670.0752405872569
35.648404410890535 717.7532474183135
35.712340390046805 516.1205236701077
35.77627636920309 308.70628606192327
35.840212348359366 286.8950444494467
35.90414832751565 320.07596938772406
35.968084306671926 184.28285883662173
36.0320202858282 2.812811253800125
36.09595626498448 330.6896934857044
36.15989224414076 1721.655890989713
36.22382822329703 4136.479957657395
36.28776420245332 6767.122826930992
36.3517001816096 8523.233625405719
36.41563616076587 8714.266628943398
36.479572139922155 7359.100262711603
36.54350811907842 5085.076767368886
36.6074440982347 2755.791113476893
36.671380077390985 1028.9656691157968
36.73531605654726 159.11171186226665
36.79925203570354 70.37682844299452
36.863188014859816 493.37953552874865
36.927123994016085 1089.4245566283284
36.99105997317237 1549.4325515628716
37.054995952328646 1657.4880438608036
37.11893193148493 1365.3840122054623
37.18286791064121 880.484127734651
37.24680388979748 679.2530718213684
37.31073986895376 1279.6857415326588
37.37467584811004 2760.5268263979174
37.43861182726632 4522.353032855012
37.5025478064226 5685.817568583415
37.56648378557888 5702.122660180919
37.63041976473515 4643.827045755686
37.694355743891435 3067.7268561509245
37.758291723047705 1613.0609787022988
37.82222770220398 725.3830502652729
37.886163681360266 656.4801795195094
37.95009966051654 1473.0471204350415
38.01403563967282 2910.285189070501
38.077971618829096 4236.815035667882
38.141907597985366 4633.156401880372
38.20584357714165 3959.710772346996
38.26977955629793 3002.151888365691
38.33371553545421 2959.933085912507
38.39765151461049 4503.821943958914
38.46158749376677 6926.981291434078
38.52552347292304 8490.064761603553
38.58945945207932 7939.116104327193
38.6533954312356 5569.880470743233
38.71733141039188 2852.737865129754
38.78126738954816 1119.6681574360828
38.84520336870443 588.5752389472196
38.90913934786071 586.8327406716526
38.973075327016986 469.97539909525256
39.03701130617327 175.82483584390152
39.100947285329546 11.847951255874728
39.16488326448582 117.91621274195812
39.22881924364209 310.7121282502944
39.29275522279838 400.7777549459934
39.356691201954646 463.1672164469269
39.42062718111093 696.4832710685139
39.484563160267214 1084.5106693241128
39.54849913942349 1357.2157537298942
39.61243511857977 1301.0641004566824
39.676371097736045 989.4767319328641
39.74030707689232 669.8941991822775
39.8042430560486 485.76814755884783
39.86817903520488 422.01459552810826
39.93211501436116 531.8646341774154
39.99605099351744 996.7994357368046
40.05998697267371 1802.186835798262
40.12392295182999 2488.47862358083
40.187858930986266 2432.352945834466
40.25179491014255 1522.8806123924262
40.31573088929883 557.9736590329834
40.379666868455104 648.8039824139768
40.44360284761137 2024.0062437501535
40.50753882676766 3591.7942173887604
40.571474805923934 3831.330706351527
40.63541078508022 2339.9855506967538
40.699346764236495 547.6277150298366
40.763282743392764 510.46085998765744
40.82721872254905 3003.980669417793
40.891154701705325 6868.543122486063
40.9550906808616 9831.663425151864
41.01902666001788 10171.34355567496
41.08296263917416 8030.116512716466
41.14689861833044 5004.46157268646
41.21083459748672 2606.8740259197903
41.27477057664299 1327.8027927973244
41.33870655579927 822.0836877173768
41.40264253495555 609.766548264887
41.46657851411183 500.9076800095217
41.53051449326811 489.6014988253015
41.594450472424384 513.8359581293547
41.658386451580654 447.2509443884574
41.72232243073694 284.3041380269999
41.786258409893215 194.61510927549864
41.8501943890495 305.01516497840737
41.914130368205775 512.3644987657814
41.978066347362045 584.943135520021
42.04200232651833 435.72944521684656
42.105938305674606 260.3421033321619
42.16987428483088 355.7020629770065
42.233810263987166 801.0571666453455
42.29774624314344 1349.410125605766
42.36168222229972 1651.4877088798391
42.425618201456 1580.646514764954
42.489554180612274 1311.3901173270267
42.55349015976855 1115.5144526040312
42.617426138924834 1132.2107358427716
42.68136211808111 1292.1266192574433
42.74529809723738 1413.095829080783
42.809234076393665 1371.4527273761012
42.873170055549934 1184.8823486512672
42.93710603470622 950.5213893922803
43.001042013862495 743.5080466389737
43.06497799301878 579.7892014740497
43.128913972175056 442.4043918654144
43.192849951331326 317.5300392908277
43.25678593048761 207.03178862005873
43.320721909643886 119.961798097561
43.38465788880016 63.57474854577482
43.44859386795645 47.15189131338721
43.51252984711272 85.24012739904941
43.576465826269 182.5655414913111
43.64040180542528 306.1076481841737
43.704337784581554 377.29456603185986
43.76827376373783 325.28501305419513
43.832209742894115 171.2992180673367
43.89614572205039 46.90372582816324
43.96008170120666 100.77182130860196
44.02401768036295 349.47279568304333
44.087953659519215 619.4086258743528
44.1518896386755 681.0189222778587
44.215825617831776 466.3581613903979
44.27976159698805 153.88409959848937
44.343697576144336 2.3529308933664232
44.407633555300606 74.85744822634433
44.47156953445689 181.16257555644032
44.53550551361317 129.97211320325167
44.59944149276944 7.3127746794281165
44.66337747192573 135.3871822587709
44.727313451082 682.2429269329458
44.79124943023828 1345.407882895585
44.85518540939456 1540.9862146653927
44.919121388550835 1021.3157179761208
44.98305736770711 320.9327330551587
45.0469933468634 439.44039039511847
45.11092932601967 1954.3421316489048
45.17486530517594 4375.905736707634
45.23880128433223 6334.436288924872
45.302737263488496 6590.880384735507
45.36667324264478 5036.557924121837
45.430609221801056 2689.484082644958
45.49454520095735 811.9397497502657
45.55848118011362 37.25006889870543
45.62241715926989 115.5235607961531
45.68635313842617 366.94838805207553
45.75028911758245 357.96854391578654
45.81422509673873 163.72353428756446
45.87816107589501 108.66610591889778
45.94209705505128 370.7290239050568
46.00603303420756 823.1282112387822
46.06996901336384 1175.1127706651596
46.13390499252012 1224.9117600352197
46.19784097167639 989.3507991003712
46.26177695083268 633.8056208669144
46.32571292998895 332.42040970976996
46.38964890914522 174.1398082902321
46.45358488830151 136.22312829103709
46.517520867457776 129.07091676583076
46.58145684661405 85.46885768416497
46.64539282577034 20.825347335860567
46.70932880492662 4.578828073873602
46.7732647840829 80.31804230226028
46.83720076323917 233.57548725636127
46.90113674239545 452.4353644303808
46.96507272155173 786.2166713396377
47.029008700708005 1283.820042764923
47.09294467986429 1868.7796913069303
47.156880659020565 2243.373105222492
47.22081663817684 2009.0044948251473
47.28475261733312 1158.399278909763
47.3486885964894 294.30159237819925
47.41262457564568 117.97463185434988
47.47656055480196 869.3220314152156
47.54049653395823 2113.833224061608
47.60443251311451 2966.7038789341304
47.668368492270794 2811.1107053062274
47.73230447142706 1821.8590850185487
47.79624045058334 724.9378422999387
47.86017642973962 183.8008320065969
47.9241124088959 322.79871405391407
47.98804838805218 730.1482958517354
48.05198436720845 917.7955070580535
48.115920346364724 727.1613033569724
48.17985632552101 360.7247613788473
48.243792304677285 122.95872266830855
48.30772828383357 138.8613118402675
48.371664262989846 320.0464199668406
48.43560024214612 528.6250106213025
48.4995362213024 694.5451801524681
48.56347220045868 811.6711294102441
48.62740817961496 887.6102318967065
48.69134415877124 919.0180202577968
48.755280137927514 901.5774375913053
48.81921611708379 832.1206459314077
48.883152096240075 696.2204191461208
48.94708807539634 499.2846877611368
49.011024054552635 317.2585021830878
49.0749600337089 259.8161640461988
49.13889601286518 357.7844146219646
49.20283199202146 499.0237387070079
49.266767971177735 508.4518635710437
49.330703950334005 337.1689967086592
49.39463992949029 179.42324857944416
49.458575908646566 372.65588515194975
49.52251188780285 1112.2859013540397
49.586447866959126 2204.8466852222136
49.6503838461154 3138.6619419124504
49.71431982527168 3440.067729529086
49.77825580442796 2980.170039690577
49.84219178358424 2024.755948776463
49.90612776274052 1043.1076578694642
49.9700637418968 401.030696661066
50.03399972105307 162.42103590859023
50.097935700209355 148.87756459244804
50.16187167936562 151.62847797337335
50.22580765852191 89.5254724819116
50.289743637678185 24.32906919063332
50.35367961683446 63.04407728662048
50.41761559599074 250.0631116523747
50.481551575147016 553.1786390126915
50.545487554303286 937.2892882060547
50.60942353345958 1435.3554914223537
50.673359512615846 2125.2044082722805
50.73729549177213 2984.2896324700528
50.80123147092841 3768.239727007315
50.86516745008468 4122.567277706362
50.92910342924096 3855.554183387525
50.99303940839724 3076.906339873412
51.05697538755352 2107.6236465242373
51.1209113667098 1283.8220079319833
51.18484734586608 775.2100340779604
51.24878332502235 534.1496357973514
51.31271930417863 421.0599218711857
51.376655283334905 355.8340833931327
51.44059126249119 339.08302040891726
51.504527241647466 381.34282265753774
51.56846322080374 457.3681682358868
51.63239919996001 524.3790031568291
51.696335179116296 555.5513746399249
51.760271158272566 535.2110958248973
51.82420713742886 438.7862704037024
51.88814311658513 268.5697075987037
51.95207909574141 117.84479389664172
52.01601507489769 138.5117266779788
52.07995105405397 398.87617354341
52.14388703321024 768.9378558118434
52.207823012366525 976.7158806738349
52.2717589915228 841.8819515272638
52.33569497067908 460.8684583782066
52.39963094983536 117.6476445752568
52.46356692899163 7.650195179047899
52.52750290814791 65.11984168342681
52.591438887304186 87.1175418195167
52.65537486646047 32.99956160789263
52.71931084561675 145.02527417199283
52.78324682477302 729.8594324452413
52.84718280392929 1792.3247560810787
52.91111878308558 2879.2867943977535
52.97505476224185 3372.9847401883335
53.03899074139814 2987.356041052224
53.102926720554414 1960.754789890892
53.16686269971069 845.953324806263
53.23079867886697 158.9039934322711
53.294734658023245 110.33993258386737
53.35867063717952 561.8349827966994
53.422606616335806 1197.3320956376815
53.48654259549208 1713.9953752756444
53.55047857464836 1910.3942044087264
53.61441455380464 1726.2820755742523
53.67835053296091 1259.9610105481368
53.74228651211719 714.390740090015
53.80622249127347 288.2650188682556
53.87015847042975 82.73278206142525
53.93409444958603 69.07125508260974
53.998030428742304 136.90599744351024
54.06196640789857 190.00752859688689
54.12590238705486 204.29025763924332
54.189838366211134 209.58155370450137
54.25377434536742 236.54385885590176
54.317710324523695 281.85838675373986
54.381646303679965 312.38329832663175
54.44558228283625 297.5144862158008
54.509518261992525 240.44891097338265
54.5734542411488 181.1656818485557
54.637390220305086 168.21936415469045
54.70132619946136 219.21493152709533
54.76526217861764 298.7824256208572
54.82919815777392 338.1318625828371
54.89313413693019 287.81836891755853
54.95707011608647 162.50946176583852
55.021006095242754 38.80972516889135
55.08494207439903 3.5360057905804134
55.1488780535553 92.58216051547005
55.212814032711584 262.4333882854023
55.276750011867854 412.0861124849636
55.34068599102414 444.8651200543917
55.404621970180415 331.1783541699105
55.4685579493367 139.69783014837796
55.532493928492975 12.66425760936318
55.596429907649245 74.79601788026757
55.66036588680553 326.7100312968664
55.724301865961806 612.2924617134794
55.78823784511808 719.3116285984544
55.85217382427437 556.5088217907263
55.91610980343064 243.16518717559012
55.98004578258692 28.888107174665134
56.0439817617432 103.05489161300798
56.107917740899474 431.81676617095445
56.17185372005575 788.9423371512045
56.235789699212035 959.6231462775668
56.29972567836831 894.7470597287996
56.36366165752458 701.9367853674405
56.427597636680865 528.2850567811518
56.491533615837135 441.7808487211421
56.55546959499342 408.07527276748704
56.619405574149695 360.2916414595703
56.68334155330598 268.48164660962874
56.747277532462256 150.1199441983727
56.811213511618526 45.261925470251455
56.87514949077481 0.08594748557811155
56.939085469931086 54.2809109204229
57.00302144908737 208.54307796786327
57.06695742824365 393.45691319720686
57.13089340739992 490.638034433506
57.1948293865562 422.4849549730014
57.25876536571248 241.36337861348707
57.322701344868754 107.84881326668716
57.38663732402504 151.6103599999939
57.45057330318132 345.6455019438252
57.51450928233759 521.1057233530186
57.57844526149386 525.9049133500165
57.64238124065015 384.96522093638544
57.706317219806415 294.53648204570385
57.7702531989627 449.9206595730676
57.834189178118976 859.2671136028479
57.89812515727525 1302.9125093550235
57.96206113643154 1500.0883776380358
58.025997115587806 1333.0083255134844
58.08993309474409 906.9575382238794
58.15386907390037 443.66606222762937
58.21780505305665 133.18646426271548
58.28174103221293 24.136436328786825
58.3456770113692 26.735576784774025
58.40961299052548 31.71900039594932
58.47354896968176 20.176779554892207
58.537484948838035 72.82258947163427
58.60142092799432 289.76541816634574
58.6653569071506 684.7270724586928
58.72929288630687 1139.8374911697676
58.79322886546314 1455.9218028596656
58.85716484461943 1462.5640844661743
58.921100823775696 1133.1461534978723
58.985036802931994 625.2053500926951
59.048972782088256 189.55161124924433
59.11290876124455 11.7105294125289
59.17684474040082 101.9808658062679
59.24078071955709 298.3587777835897
59.30471669871337 392.7696842603896
59.36865267786965 302.2933672812053
59.43258865702593 127.12150420303564
59.49652463618221 44.09822605488436
59.560460615338485 145.11767982691777
59.62439659449476 352.75250326868826
59.68833257365104 491.7903462804968
59.75226855280732 458.97026059301027
59.8162045319636 302.9698127117057
59.88014051111988 145.22700535820343
59.94407649027615 59.013172249006665
60.00801246943242 28.530870046931653
60.071948448588714 16.59146737552735
60.135884427744976 53.69063173432765
60.199820406901274 225.32721385778933
60.26375638605754 558.006006124508
60.32769236521382 934.1720302932732
60.3916283443701 1153.5425464883135
60.45556432352637 1094.26482963223
60.51950030268265 803.7302365335063
60.583436281838935 446.2287330880089
60.647372260995205 174.6648471036452
60.71130824015149 37.645831177640936
60.775244219307766 0.3039049207750837
60.83918019846404 21.242533422840722
60.90311617762032 77.40736669582871
60.9670521567766 137.543731629809
61.03098813593288 153.00522758050394
61.09492411508916 110.758220634867
61.15886009424543 95.35642422784906
61.22279607340171 246.08941210022832
61.286732052557994 623.2902304730334
61.35066803171426 1119.2443402764404
61.414604010870555 1505.0519638725032
61.47853999002682 1595.466124117714
61.5424759691831 1394.8480856963831
61.60641194833938 1088.6397717556245
61.67034792749565 902.1128847757984
61.734283906651925 936.6797548887265
61.798219885808216 1099.2955196047362
61.862155864964485 1192.9935381605799
61.92609184412077 1082.0740429752623
61.990027823277046 772.6673169788403
62.05396380243332 384.68689886152526
62.1178997815896 83.82402701413329
62.18183576074588 7.020562742125383
62.24577173990216 202.12137191629105
62.30970771905844 601.583355238302
62.373643698214714 1032.4017582768688
62.43757967737099 1282.4233849495663
62.501515656527275 1220.717453663498
62.56545163568354 883.7771923194027
62.629387614839835 450.74715218097026
62.693323593996105 133.18490876912713
62.75725957315238 51.38031800467924
62.82119555230866 170.82873390279815
62.885131531464936 350.84812250388904
62.949067510621205 464.66851240271353
63.013003489777496 476.01297654803113
63.076939468933766 418.94137256445407
63.14087544809005 330.14216666443673
63.20481142724633 219.9470497471528
63.2687474064026 121.97173787863012
63.33268338555888 135.61048242684817
63.39661936471517 357.31952994801446
63.46055534387144 756.7161034827934
63.52449132302772 1129.2540139724963
63.588427302184 1204.9599039042073
63.65236328134027 889.7854285037982
63.716299260496555 405.550799907172
63.78023523965283 112.33608873894659
63.84417121880911 178.42226254966914
63.908107197965386 423.13845627529184
63.97204317712166 493.1059310670952
64.03597915627793 260.94578461626685
64.09991513543422 41.91746702677758
64.16385111459049 345.1629183762344
64.22778709374677 1361.3278122397785
64.29172307290304 2643.270091535502
64.35565905205932 3351.794704185504
64.41959503121561 2945.656488168695
64.48353101037188 1674.9824498279395
64.54746698952816 426.9167064619615
64.61140296868443 41.6772019486754
64.67533894784071 638.8041962223837
64.73927492699697 1554.919402392144
64.80321090615327 1944.5592567216968
64.86714688530955 1506.0708202046633
64.93108286446582 726.8791499095355
64.9950188436221 422.6147417115016
65.05895482277838 1004.234518660816
65.12289080193466 2145.24324764437
65.18682678109094 3072.0139480645025
65.25076276024721 3182.60598866756
65.3146987394035 2466.0389970990423
65.37863471855977 1413.4612400332312
65.44257069771605 585.4420956463123
65.50650667687232 224.50469260436648
65.5704426560286 204.1964046649508
65.63437863518489 278.7686433565209
65.69831461434116 332.4892700233962
65.76225059349744 412.2194468607447
65.82618657265371 576.5692672581839
65.89012255181 757.8693850306558
65.95405853096625 791.5523141556947
66.01799451012255 584.3767987388537
66.08193048927883 241.7421563881364
66.1458664684351 12.726666649842327
66.20980244759139 106.5442509524198
66.27373842674766 509.35990474895607
66.33767440590394 955.6060028623408
66.40161038506022 1134.3464483255743
66.4655463642165 921.9298680721495
66.52948234337278 462.4420999777193
66.59341832252905 85.84660559526527
66.65735430168533 56.53974794907889
66.7212902808416 374.00741413354575
66.78522625999788 818.9891381057696
66.84916223915417 1136.0276311262808
66.91309821831044 1236.0099449666027
66.97703419746672 1231.2317451203817
67.04097017662299 1244.1701099501543
67.10490615577928 1283.7453387291607
67.16884213493556 1289.6933171956027
67.23277811409183 1211.4670365058128
67.29671409324811 1069.1346698891875
67.36065007240438 937.2358049570798
67.42458605156067 859.0119921725809
67.48852203071694 806.353645034765
67.55245800987322 728.6567764797315
67.6163939890295 623.3017508410993
67.68032996818577 561.1583634604801
67.74426594734206 639.5157800754979
67.80820192649833 873.5007613035366
67.87213790565461 1169.9200159931356
67.93607388481088 1418.3231132002575
68.00000986396716 1504.6224318250563
68.06394584312345 1315.2887654054043
68.12788182227972 872.6320258259294
68.191817801436 375.4217604585408
68.25575378059227 71.78451298714256
68.31968975974856 128.74988263102608
68.38362573890484 507.57943253299226
68.44756171806111 939.5157175277764
68.5114976972174 1118.371225684974
68.57543367637366 927.953582882875
68.63936965552995 505.6695565838265
68.70330563468622 128.81409779507558
68.7672416138425 1.0170718210988463
68.83117759299878 112.0947007095075
68.89511357215505 297.782849451104
68.95904955131134 404.08380310170503
69.02298553046761 389.1788985339496
69.08692150962389 309.9483965679386
69.15085748878016 244.0662827091188
69.21479346793645 231.765989734072
69.27872944709273 275.3298390516248
69.342665426249 360.92462440840575
69.40660140540528 459.500684931952
69.47053738456155 515.5996373364509
69.53447336371784 471.2102095337749
69.59840934287412 322.77862388266465
69.66234532203039 143.62042676848307
69.72628130118667 46.386487934751536
69.79021728034294 112.5574960982282
69.85415325949923 322.9606383146568
69.9180892386555 554.3340792980633
69.98202521781178 664.3624869210166
70.04596119696807 585.2498834801416
70.10989717612433 360.50138920064666
70.17383315528062 119.70562228757288
70.23776913443689 1.7995580956000383
70.30170511359317 67.6920079253855
70.36564109274946 260.91617904139326
70.42957707190573 446.215174889741
70.49351305106201 505.7250269481652
70.55744903021828 431.9801902464301
70.62138500937456 346.1672390557824
70.68532098853083 388.67077308449007
70.74925696768712 557.1223436009805
70.8131929468434 691.8912107558161
70.87712892599967 631.8529366082324
70.94106490515595 365.89293166147297
71.00500088431222 87.20147186703987
71.06893686346851 84.77332243402786
71.13287284262478 457.9263254728182
71.19680882178106 958.3711794663128
71.26074480093735 1195.6145827237224
71.32468078009362 981.3793077190207
71.3886167592499 498.2879701751096
71.45255273840617 143.8966854559085
71.51648871756245 153.6471598550833
71.58042469671874 388.7208535878461
71.644360675875 517.2121296188308
71.70829665503129 369.3353538312264
71.77223263418756 100.04850489962944
71.83616861334384 6.78646082640349
71.90010459250011 202.25924921849483
71.9640405716564 497.7769840973452
72.02797655081268 611.4215857059103
72.09191252996894 454.98191786098806
72.15584850912524 189.9875100906497
72.2197844882815 28.48075176501171
72.28372046743779 24.35429254814525
72.34765644659404 69.50166387537958
72.41159242575034 60.4854427188253
72.47552840490663 13.308641325433271
72.5394643840629 5.326135306315569
72.60340036321918 63.5795744534661
72.66733634237545 164.43737559207503
72.73127232153173 336.5651100550854
72.79520830068802 688.2571888270948
72.85914427984429 1260.779326751808
72.92308025900057 1875.3611604870523
72.98701623815683 2190.549180149528
73.05095221731312 1960.483716519272
73.1148881964694 1272.4525946005904
73.17882417562566 515.4232388032722
73.24276015478195 69.46402094653963
73.30669613393822 17.855083355223847
73.37063211309452 157.0446395248593
73.43456809225079 246.8636442863866
73.49850407140707 219.19904210232968
73.56244005056334 159.72273246839663
73.62637602971962 144.71315111951535
73.6903120088759 149.1280072854738
73.75424798803218 113.05574288400373
73.81818396718846 49.24181181755422
73.88211994634473 40.52233233870545
73.94605592550101 132.37645579546515
74.0099919046573 261.45287224980945
74.07392788381357 311.82852593151193
74.13786386296985 237.4661251214936
74.2017998421261 108.25565502700012
74.2657358212824 27.551304960161406
74.32967180043867 27.52942647663796
74.39360777959494 60.848251396883526
74.45754375875123 82.72696609062358
74.5214797379075 116.99220863844788
74.5854157170638 219.62290050808065
74.64935169622007 389.1122926198111
74.71328767537635 539.2901618978493
74.77722365453262 562.1822929774829
74.84115963368889 425.2995502561431
74.90509561284519 218.69424911703672
74.96903159200146 92.47301830906252
75.03296757115774 137.86627111643944
75.09690355031401 324.89171715414136
75.1608395294703 534.3990448629206
75.22477550862659 643.4302956620057
75.28871148778285 601.6342223315362
75.35264746693913 450.33958518651286
75.41658344609539 283.6895692166951
75.48051942525169 192.67180226269844
75.54445540440796 225.7439142076402
75.60839138356424 373.4861269591504
75.67232736272051 576.9618887530646
75.73626334187678 757.6992378148377
75.80019932103308 856.6247615979795
75.86413530018935 866.7252970753037
75.92807127934563 847.118331950552
75.9920072585019 899.0763603718616
76.05594323765817 1093.1977365027687
76.11987921681447 1389.067429709011
76.18381519597074 1630.5882357635912
76.24775117512702 1644.1307809915638
76.31168715428329 1361.3958836142235
76.37562313343957 874.7663957441555
76.43955911259587 392.51029316921654
76.50349509175213 113.75304424513028
76.56743107090841 103.81405048548278
76.63136705006467 267.07169331142313
76.69530302922097 430.8004737457904
76.75923900837725 469.93242056105544
76.82317498753352 383.06422682995714
76.88711096668979 264.82964517673065
76.95104694584606 213.25034595428463
77.01498292500236 262.85576464258605
77.07891890415863 376.94591627828663
77.14285488331491 479.6455349899588
77.20679086247118 507.6576311460631
77.27072684162745 450.7886579711161
77.33466282078375 348.70438101540606
77.39859879994003 251.63829160235304
77.4625347790963 184.79356769662755
77.52647075825257 141.85297383724173
77.59040673740884 102.97594102544332
77.65434271656515 57.995921386825
77.71827869572142 17.28783413975404
77.7822146748777 2.514409177845607
77.84615065403395 24.396869279170847
77.91008663319025 67.64212066126572
77.97402261234653 97.27443344343725
78.0379585915028 85.10164538549539
78.10189457065907 39.91817357933276
78.16583054981534 9.589358589201607
78.22976652897164 43.59975698033525
78.29370250812791 149.17754357669205
78.35763848728419 276.79190604234594
78.42157446644046 348.7549307208601
78.48551044559673 318.01501972695706
78.54944642475303 206.15216392380748
78.61338240390931 82.18384973294806
78.67731838306558 9.349234114533328
78.74125436222185 8.321318696115195
78.80519034137812 57.22139420686194
78.86912632053443 120.35108572508568
78.9330622996907 178.46519167523263
78.99699827884697 235.0496327168771
79.06093425800323 298.1344249645655
79.12487023715951 357.20224602195145
79.18880621631581 375.566950391698
79.25274219547208 311.9326102506802
79.31667817462835 169.33973462311292
79.38061415378462 32.08378246968886
79.44455013294093 30.82856187990445
79.50848611209719 236.172308796611
79.57242209125347 563.4210597042676
79.63635807040974 788.2892262577572
79.70029404956601 716.4654531896364
79.76423002872232 384.3430837404821
79.8281660078786 63.092889955221374
79.89210198703486 37.87523233383801
79.95603796619113 359.63946467133843
80.0199739453474 776.3289331893898
80.0839099245037 942.415289898924
80.14784590365997 736.29358690791
80.21178188281625 346.22415828997526
80.27571786197251 62.81989771365299
80.3396538411288 15.2645147496485
80.40358982028509 93.26452304780712
80.46752579944136 121.473052507987
80.53146177859763 79.88076595272413
80.5953977577539 107.88246834984977
80.65933373691021 309.6112199721953
80.72326971606647 592.9646052054728
80.78720569522275 731.7942886711434
80.85114167437902 597.7954934922651
80.91507765353529 295.3382843122209
80.9790136326916 54.046527693737595
81.04294961184787 12.708124827577523
81.10688559100414 116.0078595667626
81.17082157016041 213.7596912129119
81.23475754931668 235.23586350029709
81.29869352847298 239.63414889186583
81.36262950762925 312.52625073266665
81.42656548678553 454.440628062688
81.49050146594179 584.9979962696339
81.55443744509807 631.3432975739568
81.61837342425437 585.7961807631136
81.68230940341064 484.01024551049534
81.74624538256691 355.0621771291439
81.81018136172318 211.68818093188045
81.8741173408795 81.30292653346515
81.93805332003576 13.50382453082568
82.00198929919203 32.726821311950914
82.0659252783483 95.63749755870973
82.12986125750457 123.540982672715
82.19379723666087 83.42706098339316
82.25773321581714 20.936239061018487
82.32166919497342 3.597589029966153
82.3856051741297 40.21248554253677
82.44954115328596 73.34552935866198
82.51347713244226 55.21393170873972
82.57741311159853 10.505783163878451
82.64134909075482 7.94604915913048
82.70528506991107 78.00375738980398
82.76922104906735 174.10279881401303
82.83315702822365 224.14252904013924
82.89709300737992 212.08447563180067
82.96102898653619 189.4025567329768
83.02496496569246 211.23761085336344
83.08890094484877 286.0442847512314
83.15283692400504 388.13479124782873
83.21677290316131 493.12614646544654
83.28070888231758 582.0601416235504
83.34464486147385 615.5319886650567
83.40858084063015 539.6283248977137
83.47251681978642 360.24889053176474
83.5364527989427 197.82947014638617
83.60038877809897 216.705367641555
83.66432475725526 478.0411242862695
83.72826073641154 850.3954185512025
83.79219671556781 1075.299194441831
83.8561326947241 979.7250856732433
83.92006867388035 635.4335322868149
83.98400465303665 272.16888987418395
84.04794063219293 61.68337141119213
84.1118766113492 9.227053465004369
84.17581259050547 14.514267267612308
84.23974856966174 6.8269063869527296
84.30368454881805 5.035072089291629
84.36762052797432 52.41377584688962
84.4315565071306 133.9750540932994
84.49549248628686 181.94013628995475
84.55942846544313 158.58876030622022
84.62336444459942 109.19948582534236
84.6873004237557 110.07440472173737
84.75123640291199 182.70178021380033
84.81517238206827 277.5858863280283
84.87910836122454 331.16061329060585
84.94304434038082 323.678023392291
85.00698031953709 277.3655771972633
85.07091629869338 218.20020516760368
85.13485227784966 160.9704704715217
85.19878825700593 132.6220212549106
85.26272423616221 191.4835171166018
85.32666021531848 388.2957264548208
85.39059619447475 697.011200959885
85.45453217363102 990.3618646070092
85.51846815278732 1100.1407653994663
85.5824041319436 938.820930014658
85.64634011109987 573.3444737935583
85.71027609025616 190.8338388031564
85.77421206941241 5.451991798492593
85.8381480485687 141.76044104599617
85.90208402772498 547.800892045146
85.96602000688127 1002.5499800172594
86.02995598603755 1230.0342680493839
86.09389196519382 1082.9531324516759
86.15782794435009 658.8248196111252
86.22176392350637 242.3813181172472
86.28569990266266 108.1173085751536
86.34963588181894 299.2895877305172
86.41357186097521 591.0568385878468
86.4775078401315 699.4268443176454
86.54144381928776 520.267112332842
86.60537979844403 202.73610368561464
86.6693157776003 9.300419195567992
86.7332517567566 78.28221546353207
86.79718773591289 318.3753814813423
86.86112371506916 513.1329474176815
86.92505969422544 512.7064892905793
86.9889956733817 343.89616721076726
87.05293165253798 159.44065172496664
87.11686763169426 99.07957632704172
87.18080361085055 185.02714448995536
87.24473959000683 327.3459137576288
87.3086755691631 426.229034346946
87.37261154831937 464.66634408176054
87.43654752747565 512.0974428252273
87.50048350663194 653.016904091124
87.56441948578822 894.923613995833
87.62835546494449 1123.2868970448046
87.69229144410077 1167.5582697702664
87.75622742325704 950.9862214760057
87.82016340241331 573.1332107787107
87.8840993815696 228.85799279718728
87.94803536072588 53.31674352885064
88.01197133988217 40.02190418270794
88.07590731903844 85.65372652407686
88.13984329819472 104.79390995453464
88.20377927735099 102.63039019741937
88.26771525650726 133.47507082616812
88.33165123566356 204.4848304141161
88.39558721481983 248.97714409807745
88.45952319397611 199.90869512118093
88.52345917313238 83.98691701134213
88.58739515228865 21.697951705177704
88.65133113144493 109.6534910720188
88.71526711060122 315.2736345255888
88.7792030897575 494.8842247925626
88.84313906891377 514.6367219033297
88.90707504807004 369.0398034619672
88.97101102722633 181.56428236374467
89.0349470063826 92.05676474400374
89.09888298553888 146.40213095664242
89.16281896469516 278.3173320820732
89.22675494385145 383.84239820322193
89.29069092300772 409.1526518966452
89.354626902164 375.049552031942
89.41856288132027 328.7163475124719
89.48249886047654 282.8037272806658
89.54643483963284 216.40495301790503
89.61037081878911 129.38051966250097
89.67430679794539 82.92954538986221
89.73824277710166 172.07932982841788
89.80217875625793 434.70609019457135
89.86611473541421 786.6243656508608
89.9300507145705 1050.3296536704677
89.99398669372678 1066.959335017927
90.05792267288305 821.3585134247999
90.12185865203932 458.52067717515024
90.1857946311956 165.92215595626956
90.24973061035189 41.11322504531492
90.31366658950817 50.364788134898994
90.37760256866444 93.50404260427376
90.44153854782073 102.61220683920756
90.505474526977 80.81129983141818
90.56941050613328 65.36974298260787
90.63334648528956 73.19146353019681
90.69728246444583 90.33358892232609
90.76121844360212 105.35949687028656
90.82515442275839 131.30621763784944
90.88909040191469 185.70748452596607
90.95302638107094 257.47583193211545
91.01696236022721 304.2358774188082
91.0808983393835 285.21166017431136
91.14483431853978 199.2126662377833
91.20877029769606 93.0443145789826
91.27270627685232 27.95753977003009
91.3366422560086 32.8888764910529
91.40057823516489 85.87809154558323
91.46451421432116 133.24803817346992
91.52845019347744 128.35816805197817
91.59238617263372 68.92511886803544
91.65632215179 9.486338345521848
91.72025813094628 28.6942127645082
91.78419411010256 168.35987331142687
91.84813008925885 388.19976675131727
91.91206606841511 574.099434456
91.9760020475714 611.7659206439934
92.03993802672768 474.5878448403983
92.10387400588397 248.30620166538108
92.16780998504022 71.84947055842966
92.23174596419649 39.02272267924992
92.29568194335276 139.65592980324755
92.35961792250906 283.1394455929454
92.42355390166534 373.53196162354567
92.4874898808216 375.8762643256784
92.55142585997788 323.9775399412694
92.61536183913417 272.626037128483
92.67929781829044 248.42844922908893
92.74323379744672 236.64499963643533
92.807169776603 205.33073237005047
92.8711057557593 141.0155736874277
92.93504173491556 62.49157836065856
92.99897771407184 7.811633188513709
93.06291369322813 8.243730971896849
93.1268496723844 65.37773626034036
93.1907856515407 150.50276394311868
93.25472163069696 226.18160280051745
93.31865760985325 266.8740668079072
93.3825935890095 264.5767091720874
93.44652956816577 226.37111286015
93.51046554732204 169.71768528679493
93.57440152647834 113.6481029540979
93.63833750563462 71.26363725896438
93.70227348479088 48.26932467360424
93.76620946394716 46.163411360243366
93.83014544310343 70.78737251809957
93.89408142225972 140.6770014353139
93.958017401416 279.8682283451705
94.02195338057228 487.99892746888014
94.08588935972858 710.5390139625136
94.14982533888484 853.9466821180873
94.21376131804112 840.9979563548227
94.2776972971974 653.2826874329776
94.34163327635368 355.3587232400342
94.40556925550997 91.7262290630236
94.46950523466624 0.7077828744386253
94.53344121382253 108.53055385134275
94.59737719297878 331.01989368497624
94.66131317213505 539.7349111464254
94.72524915129137 627.0005884247685
94.78918513044762 568.9793711224141
94.8531211096039 441.83652400318834
94.91705708876016 362.86138324356017
94.98099306791644 401.82511387255136
95.04492904707271 528.2326885815388
95.108865026229 634.5308784114313
95.17280100538528 620.1553068724108
95.23673698454157 475.7849509109753
95.30067296369785 293.60657295442803
95.36460894285412 184.5804755792545
95.4285449220104 187.86935328812152
95.49248090116669 254.6806067111173
95.55641688032296 302.26554296751505
95.62035285947923 284.0696031317638
95.68428883863552 213.30032924859523
95.74822481779181 130.66119470590425
95.81216079694806 69.82891158546023
95.87609677610433 52.760767890375774
95.94003275526065 98.43896582723565
96.0039687344169 215.31717242012556
96.06790471357318 374.72608299106594
96.13184069272944 505.73829478450614
96.19577667188572 540.0505394227569
96.25971265104202 471.92317633582
96.32364863019828 372.0006171782552
96.38758460935456 333.0855439289245
96.45152058851085 390.64077608458547
96.51545656766713 491.99329701871466
96.57939254682341 543.5789223472492
96.64332852597968 488.54467883192865
96.70726450513597 345.05872280931607
96.77120048429224 181.23199442873172
96.8351364634485 60.710614322810656
96.8990724426048 8.312438233491012
96.96300842176109 10.615358383334016
97.02694440091734 34.84203005969317
97.09088038007361 50.4137796012432
97.15481635922993 48.25142221308887
97.21875233838618 51.050422856626554
97.28268831754247 99.74398850569598
97.34662429669872 215.3300491461445
97.41056027585502 365.4087659846661
97.4744962550113 472.6162786255302
97.53843223416756 471.0791081700213
97.60236821332384 362.9169231703867
97.66630419248013 214.3715614977789
97.7302401716364 96.46350139135792
97.7941761507927 34.698274042585936
97.85811212994896 11.944867255510816
97.92204810910525 7.8986114727027665
97.98598408826152 25.49899413412427
98.04992006741779 76.07773354721823
98.11385604657409 149.58181667630555
98.17779202573037 215.0548243891128
98.24172800488662 252.5507884835283
98.30566398404291 272.8367758797611
98.3695999631992 291.23885173171294
98.43353594235546 287.9604881553877
98.49747192151175 222.9435052480032
98.561407900668 101.0658326885514
98.6253438798243 6.42150901936631
98.68927985898057 46.62484139440869
98.75321583813684 242.8833233590888
98.81715181729312 482.3428117013348
98.8810877964494 597.2425268615032
98.94502377560568 507.89215911162313
99.00895975476195 302.79839782344465
99.07289573391824 161.31796226941051
99.13683171307453 183.41267418938136
99.2007676922308 306.3353818341522
99.26470367138707 377.6881766757394
99.32863965054337 304.67805568264777
99.39257562969965 140.9603190682664
99.4565116088559 26.548429834977217
99.52044758801219 50.8336158153173
99.58438356716847 172.69243119297923
99.64831954632474 265.25426878261516
99.71225552548103 240.74748977676077
99.77619150463728 132.81837024399576
99.84012748379358 73.75932034400493
99.90406346294985 190.32671121604608
99.9679994421061 487.11316067895615
100.0319354212624 821.9497183796517
100.09587140041867 1000.8092996336
100.15980737957496 914.2875128927054
100.22374335873124 621.9995181345739
100.28767933788752 314.7349697121418
100.3516153170438 169.84657509212613
100.41555129620008 219.99376684214735
100.47948727535636 350.2389149813747
100.54342325451265 416.5189663401156
100.60735923366892 368.5809382779979
100.67129521282519 273.8093125240662
100.73523119198146 229.63072853309768
100.79916717113775 256.69323083104405
100.86310315029402 289.69346935022145
100.9270391294503 260.45708427728454
100.99097510860656 170.0840823132322
101.05491108776286 80.85938003755035
101.11884706691914 44.61508989501908
101.1827830460754 51.71500029100898
101.24671902523168 56.44147608826838
101.31065500438795 37.51790149027618
101.37459098354424 19.337716605614126
101.43852696270052 36.558225281569726
101.5024629418568 91.00267810921036
101.56639892101308 153.76925657527315
101.63033490016936 204.5594876961024
101.69427087932564 247.51662624307363
101.75820685848193 283.3151061925083
101.8221428376382 284.78185329554094
101.88607881679447 216.33732638401688
101.95001479595076 92.70661295019784
102.01395077510703 7.068416287325353
102.0778867542633 60.37774080980629
102.14182273341957 252.02565813528423
102.20575871257584 452.20239708518386
102.26969469173214 500.47484340958033
102.33363067088843 354.6365782757608
102.39756665004468 137.5108105192236
102.46150262920096 22.303685893238686
102.52543860835723 68.70475555216859
102.58937458751352 175.75603076026633
102.6533105666698 202.44722484451268
102.71724654582609 127.68535955134575
102.78118252498236 84.59872247908135
102.84511850413864 225.74627747934767
102.90905448329492 549.2178354258183
102.9729904624512 877.3670024291802
103.03692644160748 999.8210922275354
103.10086242076376 841.3509538900814
103.16479839992004 522.9055725742237
103.22873437907631 244.54167101471205
103.29267035823258 113.64083551209806
103.35660633738885 105.63312599201733
103.42054231654512 136.5601582190476
103.48447829570142 145.28709122346214
103.5484142748577 129.27241707177643
103.61235025401396 111.21524142434144
103.67628623317025 96.94395061323335
103.74022221232651 79.8265631385377
103.8041581914828 60.136745089698394
103.86809417063908 46.98543912039786
103.93203014979537 48.45650162370628
103.99596612895164 66.92090669094361
104.05990210810792 105.227883751343
104.1238380872642 165.8392951215272
104.18777406642047 233.64071222650168
104.25171004557676 270.6509066320907
104.31564602473304 243.87246283181415
104.37958200388933 163.15932585935718
104.4435179830456 91.00542107802262
104.50745396220186 98.44330121133558
104.57138994135813 194.02571125528289
104.6353259205144 309.69001786105594
104.6992618996707 367.47629553711187
104.76319787882699 349.57639767315254
104.82713385798324 298.65463876626956
104.89106983713953 255.65283608628772
104.9550058162958 213.1993754563443
105.01894179545208 143.7632301974945
105.08287777460836 62.85117569118039
105.14681375376465 41.74680330917896
105.21074973292092 142.56007980251016
105.2746857120772 340.7584542258464
105.33862169123348 525.4266841367828
105.40255767038975 586.0859202953123
105.46649364954604 501.2272096381876
105.53042962870232 341.78129730683565
105.5943656078586 196.51279205725635
105.65830158701488 107.85662573317217
105.72223756617115 74.7674349157579
105.78617354532742 92.43191817151981
105.85010952448368 167.71756899438356
105.91404550363998 291.7868802446156
105.97798148279627 414.1914047004156
106.04191746195252 464.3397819480824
106.10585344110882 406.4555615569441
106.16978942026508 276.3835871503531
106.23372539942136 161.46416908627114
106.29766137857764 135.79309960140387
106.36159735773391 210.4668877855504
106.4255333368902 338.9530513947182
106.48946931604648 458.2727449963139
106.55340529520277 526.2963855930311
106.61734127435903 534.4125452228377
106.68127725351532 496.60205967117986
106.7452132326716 430.6733148617436
106.80914921182789 348.7145033465022
106.87308519098416 259.8218009583689
106.93702117014043 176.220270108975
107.0009571492967 115.5082525565308
107.06489312845297 95.8615907112003
107.12882910760926 122.27471217814885
107.19276508676553 174.4016032763152
107.2567010659218 215.31658997086117
107.3206370450781 217.7842604910782
107.38457302423436 183.250233552004
107.44850900339064 139.43567145913343
107.51244498254692 120.93409335546048
107.5763809617032 147.4430190783131
107.64031694085948 213.88126540202327
107.70425292001576 293.9203839641723
107.76818889917205 350.1298497986916
107.83212487832832 350.443331037792
107.8960608574846 289.35761413058765
107.95999683664088 195.71471097627216
108.02393281579717 115.04451333020587
108.08786879495344 80.35128947629093
108.1518047741097 91.35975061100504
108.215740753266 119.58323692813744
108.27967673242226 141.28725450122522
108.34361271157854 163.43385001855623
108.40754869073481 209.10833330237287
108.47148466989108 278.7054139762027
108.53542064904738 337.0824242536343
108.59935662820364 345.5037694700062
108.66329260735992 297.332900133857
108.7272285865162 219.98347558475513
108.79116456567247 149.73809491145556
108.85510054482876 104.48535562755649
108.91903652398504 78.73878525576421
108.98297250314133 62.37127507189484
109.0469084822976 54.4272334914548
109.11084446145388 55.848333323426544
109.17478044061016 60.85328858495679
109.23871641976643 67.29900123453801
109.30265239892272 90.20891722266312
109.36658837807899 151.33205454029508
109.43052435723529 248.46506015818136
109.49446033639155 337.7181716876519
109.55839631554782 359.7695342715668
109.6223322947041 291.9300124130665
109.68626827386036 170.1281376591034
109.75020425301666 60.54790045810257
109.81414023217292 8.97647287433624
109.8780762113292 11.71615623125036
109.94201219048549 34.5070786660665
110.00594816964175 53.936382986741215
110.06988414879804 74.20802254677993
110.13382012795432 109.98781633010096
110.1977561071106 162.13433791775506
110.26169208626688 213.57561116589056
110.32562806542316 245.0002880578855
110.38956404457944 248.4987013379381
110.45350002373571 227.64738331493504
110.517436002892 190.88428025640528
110.58137198204825 147.1033495430679
110.64530796120457 104.33152759973676
110.70924394036084 68.02015307764741
110.7731799195171 39.632977693045845
110.83711589867337 19.743653214249377
110.90105187782964 13.14931629267779
110.96498785698594 27.26331094616661
111.0289238361422 64.03558276994686
111.09285981529848 116.82754851023188
111.15679579445478 176.68469876352762
111.22073177361104 236.5798294518281
111.28466775276732 285.0265768395083
111.3486037319236 299.28894122734977
111.41253971107987 253.8688225815486
111.47647569023616 149.3522885904075
111.54041166939244 40.377669753197274
111.60434764854872 15.229994605914555
111.668283627705 121.50999021973416
111.73221960686128 309.98931933130956
111.79615558601753 458.57494914343783
111.86009156517385 462.67423846045665
111.92402754433012 323.76826809405753
111.98796352348639 155.8942683098346
112.05189950264266 94.38230806853532
112.11583548179892 191.7001530139716
112.17977146095522 388.8867149495704
112.24370744011148 567.5221222607673
112.30764341926776 629.0226736600354
112.37157939842406 545.2041694532729
112.43551537758032 360.9857054396487
112.4994513567366 167.20707723309437
112.56338733589288 59.025388916857985
112.62732331504915 85.99476580486694
112.69125929420544 217.09827535454215
112.75519527336172 356.5105233948307
112.819131252518 414.11534281416624
112.88306723167427 376.2952137571162
112.94700321083056 311.00142752678374
113.01093918998681 298.9153948615661
113.07487516914313 352.91599163607174
113.1388111482994 406.6891700253547
113.20274712745567 386.0206856948066
113.26668310661194 289.6876199269695
113.3306190857682 200.950582689352
113.3945550649245 214.51722437025856
113.45849104408076 344.55607101691703
113.52242702323704 510.0778047058441
113.58636300239334 610.2631086829849
113.6502989815496 604.0119521505943
113.71423496070588 526.8262918815004
113.77817093986216 450.5827329331058
113.84210691901843 425.9490740345492
113.90604289817472 453.5951870248084
113.969978877331 502.26332386218894
114.03391485648729 541.5458796279823
114.09785083564356 553.6157833772213
114.16178681479984 526.2962410437716
114.2257227939561 450.2369713153146
114.2896587731124 332.1408437458396
114.35359475226868 209.38568933511905
114.41753073142495 139.7600609728771
114.48146671058124 162.66320970218237
114.5454026897375 261.88809747239674
114.60933866889378 368.79860562940087
114.67327464805005 410.5491558908545
114.73721062720632 359.97987430416384
114.80114660636262 245.86405648151464
114.86508258551888 125.21822518366749
114.92901856467516 42.906337762751086
114.99295454383144 7.517952080914208
115.05689052298771 0.5944531071503464
115.120826502144 3.572534977754158
115.18476248130028 11.758394197752729
115.24869846045657 26.16913801023197
115.31263443961284 39.769130808198724
115.37657041876912 39.14124422241629
115.44050639792538 22.047663181057903
115.50444237708167 9.419468332485655
115.56837835623796 35.03501743011995
115.63231433539423 117.71593070693022
115.69625031455053 240.24061265465951
115.76018629370678 358.97240618082486
115.82412227286306 436.60191204371887
115.88805825201933 465.8750354748916
115.9519942311756 469.3668457026533
116.0159302103319 480.981926970816
116.07986618948816 515.8949733184942
116.14380216864444 548.0409646719752
116.20773814780073 524.8994500674323
116.271674126957 416.199406254466
116.33561010611328 250.02290832867936
116.39954608526956 101.7370453117646
116.46348206442585 48.291396314593136
116.52741804358212 118.27348716065995
116.5913540227384 266.1223984782766
116.65529000189468 396.8287754602986
116.71922598105095 429.47362414788904
116.78316196020724 346.4359442893091
116.8470979393635 196.90590003072325
116.9110339185198 61.17074903403523
116.97496989767606 1.060896152058916
117.03890587683235 32.04994061671867
117.10284185598861 125.7909465527253
117.16677783514488 228.29582368317944
117.23071381430118 286.8859683557735
117.29464979345744 274.9474146786906
117.35858577261372 208.50349811618557
117.42252175177 144.25753130688096
117.48645773092628 135.3736084344416
117.55039371008256 179.23329573271315
117.61432968923884 222.74000391946544
117.67826566839511 222.84359956055843
117.7422016475514 210.84135524434495
117.80613762670768 293.1302341767305
117.87007360586396 560.0892888898533
117.93400958502023 973.805534167584
117.99794556417652 1338.5348544828503
118.06188154333277 1424.5161627243117
118.12581752248909 1174.5022700988438
118.18975350164534 749.9943576617854
118.25368948080163 368.59689059657256
118.3176254599579 152.0129733113525
118.38156143911417 88.23366995967169
118.44549741827046 85.63104305106138
118.50943339742672 79.88220598045942
118.573369376583 84.33863842692537
118.63730535573929 133.63726735190815
118.70124133489556 214.89801382131253
118.76517731405184 269.41589522191987
118.82911329320812 253.93253232830904
118.8930492723644 188.7824138854209
118.95698525152068 134.19610561447195
119.02092123067696 122.85187671292748
119.08485720983325 127.7985542128868
119.14879318898952 103.88064016592875
119.2127291681458 49.091002662086765
119.27666514730205 6.522888827567147
119.34060112645837 12.427628380150018
119.40453710561462 56.51871863454764
119.4684730847709 95.88031438136576
119.5324090639272 105.18585636621766
119.59634504308345 99.2534681307138
119.66028102223974 101.55089454548148
119.724217001396 110.74738203632435
119.78815298055228 109.50824196224076
119.85208895970857 98.53213337708387
119.91602493886484 109.64841198797723
119.97996091802112 170.29139000054272
120.0438968971774 256.20788793516766
120.10783287633367 300.45057465435866
120.17176885548996 257.8165771908156
120.23570483464624 152.37947485661752
120.29964081380253 55.08198815056028
120.3635767929588 14.759997530145572
120.42751277211508 20.55410984948143
120.49144875127134 37.037954714424835
120.55538473042763 60.38580872496087
120.6193207095839 119.00997987540767
120.68325668874019 216.96411549143377
120.74719266789648 296.7790537474944
120.81112864705274 283.6290144217904
120.87506462620902 177.15843050844867
120.93900060536528 81.49506279555827
121.00293658452156 110.87174881739928
121.06687256367786 262.48185384040454
121.13080854283412 402.85966930008914
121.1947445219904 388.11859542067646
121.25868050114669 211.6870373719487
121.32261648030295 34.034560518842426
121.38655245945924 33.76317118911667
121.45048843861552 225.2026855043758
121.5144244177718 439.5072315466864
121.57836039692808 479.2968808984053
121.64229637608436 303.68168486778023
121.70623235524062 77.28057972803651
121.77016833439691 21.38870671696454
121.83410431355318 210.19868672099216
121.89804029270945 510.9117782492626
121.96197627186577 703.4712376771856
122.02591225102202 662.9665337170757
122.0898482301783 447.0590823431885
122.15378420933456 218.58318132327355
122.21772018849084 99.77770639095331
122.28165616764714 99.4177240309746
122.3455921468034 145.938288729135
122.40952812595968 169.9606744917146
122.47346410511597 157.6533212451747
122.53740008427224 134.82098259538347
122.60133606342852 119.9963755163158
122.6652720425848 106.05526347712586
122.72920802174109 82.00358487657988
122.79314400089736 62.439863362978144
122.85707998005364 86.4174928456833
122.92101595920992 182.7783878662839
122.9849519383662 337.5327532467704
123.04888791752246 495.197433278918
123.11282389667873 590.2155679190109
123.17675987583505 581.6537792726433
123.2406958549913 473.26942021150774
123.30463183414759 310.6875801027448
123.36856781330384 154.4010536833618
123.43250379246012 48.85143628696088
123.49643977161642 7.110768613709414
123.56037575077268 10.55846080124513
123.62431172992896 24.398257678862027
123.68824770908525 24.9274556372325
123.75218368824152 15.082504585420311
123.8161196673978 14.338650760823592
123.88005564655408 34.42140588148301
123.94399162571035 64.15303229002072
124.00792760486664 79.043889324638
124.07186358402292 65.30251827007585
124.1357995631792 32.7321035907591
124.19973554233547 5.309896307932068
124.26367152149176 2.8812366261318383
124.32760750064801 34.29593666337709
124.39154347980433 104.20776112435004
124.45547945896058 215.9050454710963
124.51941543811687 354.45866719297385
124.58335141727312 466.8379616742393
124.6472873964294 479.7559255847016
124.7112233755857 358.7766716040006
124.77515935474196 159.58903139069292
124.83909533389824 16.058342259732115
124.90303131305453 51.48463072494268
124.9669672922108 273.1709980959067
125.03090327136708 546.610319878537
125.09483925052336 686.1783636867792
125.15877522967963 595.1732088069043
125.22271120883592 339.5060570704067
125.2866471879922 94.54933680231714
125.35058316714849 9.668671528152819
125.41451914630476 105.6691443974694
125.47845512546104 290.37162198780334
125.5423911046173 451.14891219933565
125.6063270837736 527.972415140855
125.67026306292986 526.3549363368512
125.73419904208615 475.27554593743866
125.7981350212424 382.904821136221
125.8620710003987 249.62812818525504
125.92600697955498 105.755171181109
125.98994295871124 11.437218082648176
126.05387893786752 16.28044678347576
126.1178149170238 115.09280946173376
126.18175089618008 244.71557632197576
126.24568687533636 328.60559071292886
126.30962285449264 326.63553296996497
126.37355883364891 253.11007099035663
126.4374948128052 155.69905999011823
126.50143079196148 78.50660718819996
126.56536677111777 42.62642996209492
126.62930275027404 49.0938967848348
126.69323872943032 87.81242292321164
126.75717470858658 142.28524487699113
126.82111068774287 192.48133945559468
126.88504666689914 221.584364473282
126.94898264605543 223.34447631811733
127.01291862521168 203.36824865165164
127.07685460436798 173.2852711738126
127.14079058352426 142.530408060499
127.20472656268052 116.1047646774565
127.2686625418368 98.75660891113145
127.33259852099307 94.92694072299145
127.39653450014936 101.84841204744215
127.46047047930564 107.42644385837345
127.52440645846193 99.886414307917
127.5883424376182 79.71166523231386
127.65227841677448 60.938777900932685
127.71621439593076 59.986456745067215
127.78015037508705 79.98874765016774
127.84408635424332 105.6111038883951
127.9080223333996 118.41777438058892
127.97195831255588 117.04373726625631
128.03589429171217 118.1060999493816
128.09983027086844 140.30514926122024
128.1637662500247 189.14882256349907
128.22770222918095 251.16334504052563
128.29163820833728 300.7033192892572
128.35557418749354 315.1826887120089
128.4195101666498 287.10232170790385
128.48344614580608 228.03791395118327
128.54738212496238 165.97778420299508
128.61131810411865 134.73355616085655
128.67525408327492 157.0271406365879
128.73919006243122 231.5934754679145
128.8031260415875 335.4128769348189
128.86706202074376 439.67383153969786
128.93099799990003 526.8868115050336
128.99493397905633 594.4800037498258
129.0588699582126 636.6591248220241
129.12280593736887 626.6681015008037
129.18674191652516 534.4525662309418
129.25067789568143 364.9393991202057
129.3146138748377 172.40558746564778
129.37854985399397 36.08221506589686
129.44248583315027 7.320125504717349
129.50642181230654 67.1721652250116
129.5703577914628 143.25049427580043
129.6342937706191 171.46412011056444
129.69822974977535 141.45884484532166
129.76216572893165 91.88873190848406
129.82610170808792 65.05494033281286
129.8900376872442 66.04068694610356
129.9539736664005 70.96439639583218
130.01790964555676 68.3831425056838
130.08184562471305 75.47404719620152
130.14578160386932 110.18262513355384
130.2097175830256 156.12230264609568
130.2736535621819 164.36804064233402
130.33758954133816 105.89639518297366
130.40152552049443 24.296702225894474
130.4654614996507 19.41874226503763
130.529397478807 174.05848875072857
130.59333345796327 483.0258957858948
130.6572694371195 842.003191964898
130.72120541627584 1127.1484616724883
130.7851413954321 1270.707602662682
130.84907737458835 1246.1878536440463
130.91301335374465 1056.368516584398
130.97694933290094 754.6009612576775
131.0408853120572 424.0700355784634
131.10482129121348 153.66048260265168
131.16875727036978 27.10480773127156
131.23269324952605 68.6606368947978
131.29662922868232 205.80653891745976
131.3605652078386 325.37640347466476
131.4245011869949 364.3156910096373
131.48843716615116 344.4837227323003
131.55237314530743 327.3674995288787
131.61630912446373 336.72858338980626
131.68024510362 329.85920971803966
131.74418108277627 255.4950988887811
131.8081170619325 132.78827420887072
131.87205304108883 45.2481221835579
131.9359890202451 56.17190795172775
131.99992499940137 144.43935292653242
132.06386097855767 227.2391159948781
132.12779695771394 252.57661663980124
132.1917329368702 251.50970275011545
132.2556689160265 282.6295430575507
132.31960489518275 347.04594062585466
132.38354087433905 374.7112197161002
132.44747685349532 311.9643116496893
132.5114128326516 223.695409678741
132.57534881180788 267.7816254667365
132.63928479096415 546.2011506196942
132.70322077012045 969.2916548970638
132.76715674927672 1276.175490404074
132.831092728433 1243.9092624779964
132.89502870758926 881.9424879071613
132.95896468674556 411.0789643730986
133.02290066590183 83.95557208089949
133.08683664505807 5.279953420147622
133.1507726242144 83.50214777760489
133.21470860337067 151.3639467541919
133.2786445825269 124.87003797116496
133.3425805616832 51.09631002776914
133.4065165408395 28.462887542120672
133.47045251999575 96.79616984823821
133.53438849915204 206.7331168457196
133.59832447830834 276.1854906279668
133.6622604574646 262.0350046161941
133.72619643662088 190.37676122919
133.79013241577715 131.47030536821217
133.85406839493345 147.58576868614827
133.91800437408972 255.32411605992456
133.981940353246 421.7000483964635
134.0458763324023 586.8215687221034
134.10981231155856 692.1657391720404
134.17374829071483 704.1379654827273
134.23768426987112 629.5543785761607
134.3016202490274 507.4246755846133
134.36555622818366 378.5746567025502
134.42949220733993 270.79644578067166
134.49342818649623 209.76615551637147
134.5573641656525 218.5832309763096
134.62130014480877 296.48044228141873
134.68523612396507 403.4026984923653
134.7491721031213 466.5301417130912
134.8131080822776 422.5598077331538
134.87704406143388 277.93129618676545
134.94098004059015 115.678646108459
135.00491601974645 28.460494160323417
135.06885199890272 47.323886774772326
135.132787978059 125.26145931085068
135.19672395721528 181.72319591981477
135.26065993637155 172.51088755614256
135.32459591552782 118.38874665829572
135.38853189468412 68.86906583855549
135.4524678738404 50.26579219632418
135.51640385299666 49.295878588405806
135.58033983215296 41.00157995833064
135.64427581130923 25.02196499454018
135.70821179046547 27.801001357467065
135.77214776962177 74.37127943788083
135.83608374877807 160.69970401648055
135.9000197279343 250.45265111065237
135.9639557070906 298.97482221824214
136.0278916862469 278.9865143429341
136.09182766540317 193.10902690351472
136.15576364455944 79.59077749291785
136.2196996237157 7.138346370670257
136.283635602872 49.11984089280699
136.34757158202828 236.51717927432244
136.41150756118455 517.3816595349907
136.47544354034085 769.0817850476883
136.53937951949712 865.8259786086638
136.6033154986534 757.810110957449
136.66725147780969 508.25975444792863
136.73118745696596 249.0365194279964
136.79512343612222 85.84253677974388
136.85905941527847 37.58559149404071
136.9229953944348 50.521002530705566
136.98693137359106 61.03936209358296
137.05086735274733 49.86894553372219
137.11480333190363 42.62397123096362
137.17873931105987 68.52645573714449
137.24267529021617 125.26606043758945
137.30661126937244 178.44482617804
137.3705472485287 191.63547329783387
137.434483227685 156.8960160947152
137.49841920684128 96.58688246557728
137.56235518599755 45.729314906472766
137.62629116515384 38.074125667824816
137.69022714431011 96.95983236517792
137.75416312346638 225.8374637694737
137.81809910262268 398.37703777215296
137.88203508177895 554.6890383920205
137.94597106093522 620.7679793682038
138.00990704009152 552.4444762168425
138.0738430192478 373.39669602023207
138.13777899840403 171.43761673010383
138.20171497756033 47.16909182408617
138.26565095671663 52.58976990109403
138.32958693587287 167.20686536069948
138.39352291502917 323.1449693078
138.45745889418546 452.908858374821
138.52139487334173 523.5531186197109
138.585330852498 538.6457153935876
138.6492668316543 517.3500326021328
138.71320281081057 477.50292519954826
138.77713878996684 436.9536527689135
138.8410747691231 413.2458180815657
138.9050107482794 407.31601878400335
138.96894672743568 395.0800756639129
139.03288270659195 344.05576427684014
139.09681868574825 241.9935010107533
139.16075466490452 118.24140513034833
139.2246906440608 35.62153589776004
139.28862662321703 44.46300451173736
139.35256260237335 135.34831063122982
139.41649858152962 241.05529369530308
139.4804345606859 287.2112342855835
139.5443705398422 245.8397037171174
139.60830651899846 155.39996740490812
139.67224249815473 93.68137042419148
139.736178477311 117.97888655913167
139.80011445646727 224.3775557175738
139.86405043562357 359.0205766759004
139.92798641477984 456.0630647870768
139.9919223939361 470.45667370974326
140.0558583730924 397.277476643018
140.11979435224868 272.57052030335103
140.18373033140494 155.33669238665027
140.24766631056124 102.72133959603703
140.3116022897175 149.71679245670165
140.37553826887378 292.11344182195046
140.43947424803008 476.5996063326597
140.50341022718635 621.4516518828242
140.56734620634262 663.5198045444438
140.63128218549892 585.7717246247653
140.6952181646552 417.7007828936576
140.75915414381143 226.1162333390868
140.82309012296773 80.9203200090729
140.88702610212403 14.450538970982164
140.95096208128027 19.143625550115768
141.01489806043656 67.6943740955951
141.07883403959286 131.67458348778706
141.14277001874913 194.44579609594288
141.2067059979054 243.248075592778
141.27064197706167 260.5734582534985
141.33457795621797 236.7144985710132
141.39851393537424 179.07928221208127
141.4624499145305 109.0364151472216
141.5263858936868 53.232645843718586
141.59032187284308 28.166548204482865
141.65425785199935 33.98316913310931
141.7181938311556 64.23553103930394
141.78212981031191 115.0892705371903
141.84606578946818 177.68433548539076
141.91000176862445 224.39405169206347
141.97393774778075 219.64050659995985
142.03787372693702 152.2179293818043
142.1018097060933 56.85464685601535
142.16574568524956 1.3381448283983248
142.22968166440583 36.22341126153913
142.29361764356213 153.2431176065964
142.3575536227184 301.3421435705097
142.42148960187467 432.15968285652554
142.48542558103097 528.9597282297817
142.54936156018724 598.3600800536198
142.6132975393435 628.7043246686512
142.6772335184998 579.2486844812588
142.74116949765607 433.0984637362952
142.80510547681234 242.51269218174036
142.86904145596864 109.89442385414146
142.9329774351249 118.62626165291508
142.99691341428118 267.525655897316
143.06084939343748 468.59930252204657
143.12478537259375 611.8520465249717
143.18872135175 640.8725657102084
143.2526573309063 573.9240229336488
143.3165933100626 458.3213595923086
143.38052928921883 323.9947852824084
143.44446526837513 185.5396405577065
143.50840124753142 68.01926675838347
143.5723372266877 14.763573151899738
143.63627320584396 60.57728702133532
143.70020918500023 193.58476639209712
143.76414516415653 348.1477689112782
143.8280811433128 440.70779328130266
143.89201712246907 420.8928529053405
143.95595310162537 300.0077132550707
144.01988908078164 142.36285150543625
144.0838250599379 28.60765271015168
144.14776103909415 10.243112781571243
144.21169701825048 84.16508135566227
144.27563299740675 201.5725712335297
144.339568976563 300.90621548940413
144.4035049557193 345.64591156764664
144.46744093487558 339.32186586298747
144.53137691403185 306.76913492917834
144.59531289318812 266.57764393361253
144.65924887234442 219.9914005342897
144.7231848515007 159.68442715633245
144.78712083065696 87.93224424534596
144.85105680981323 25.42858962033744
144.91499278896953 1.1031956349353091
144.9789287681258 32.041275250222746
145.04286474728207 108.0131639618692
145.10680072643837 191.60437074784932
145.17073670559463 236.3108085313308
145.2346726847509 214.0551240659708
145.2986086639072 137.3049538155499
145.36254464306347 56.51356733694335
145.42648062221974 25.094420952538734
145.49041660137604 54.87738503561157
145.5543525805323 103.62706774839143
145.61828855968855 114.73999017560747
145.68222453884485 74.29385328624076
145.74616051800115 26.399487559915517
145.8100964971574 29.64404154795981
145.8740324763137 95.47747825751188
145.93796845546998 173.2399455904445
146.00190443462623 201.45506889188567
146.06584041378252 167.89075675339396
146.1297763929388 114.44954466735308
146.1937123720951 87.09695433413232
146.25764835125136 89.94912374741025
146.32158433040763 95.90362870677065
146.38552030956393 93.74058544761789
146.4494562887202 108.87460061702326
146.51339226787647 170.0673576062471
146.5773282470327 261.58936797044265
146.64126422618904 325.680502163863
146.7052002053453 316.8860953044192
146.76913618450155 244.94917665660384
146.83307216365787 161.63279591984767
146.89700814281414 107.94562350227308
146.9609441219704 81.48809170573426
147.0248801011267 57.210221222281994
147.08881608028298 27.50524293471164
147.15275205943925 12.629824131977776
147.21668803859552 32.66158721287967
147.2806240177518 79.23952562057141
147.3445599969081 123.83182436538294
147.40849597606436 146.03055515216093
147.47243195522063 145.6820115183014
147.53636793437693 130.27541616281144
147.6003039135332 99.63705186161592
147.66423989268947 55.57726534357706
147.72817587184576 21.562050229094528
147.79211185100203 31.31661784015303
147.8560478301583 87.4615891682659
147.9199838093146 140.28266178805944
147.98391978847087 128.88841991099807
148.04785576762714 54.21811478536719
148.1117917467834 1.8530462353086603
148.1757277259397 76.05304925380933
148.23966370509595 291.9654200702966
148.30359968425225 534.6341557291148
148.36753566340855 645.5939261100007
148.4314716425648 553.3250772955251
148.49540762172109 327.47836374530544
148.55934360087736 127.14921758457245
148.62327958003365 84.56124813163322
148.68721555918992 213.9882724156473
148.7511515383462 419.6259444619197
148.8150875175025 575.6368023585038
148.87902349665876 604.2472124674375
148.94295947581503 502.5824575760873
149.00689545497133 322.1576228445821
149.0708314341276 142.5743366704702
149.13476741328387 40.066812995226506
149.1987033924401 41.63659819923541
149.26263937159644 108.50314564609788
149.3265753507527 166.7265933183282
149.39051132990895 161.3905728025578
149.45444730906527 105.33761472291783
149.51838328822154 72.87200412337641
149.5823192673778 132.84062495659123
149.64625524653408 284.8862538272692
149.71019122569038 450.2860367336002
149.77412720484665 528.5692274104991
149.83806318400292 476.1126067840236
149.9019991631592 331.13587974290334
149.9659351423155 173.5599119445926
150.02987112147176 67.34781929588944
150.09380710062803 25.994554331762856
150.15774307978432 21.273747746772106
150.2216790589406 20.248126725449428
150.28561503809686 11.324131067792065
150.34955101725316 2.675141383081101
150.41348699640943 5.61990986889468
150.4774229755657 20.659894449252988
150.54135895472197 35.68341140988962
150.60529493387827 37.07746509934403
150.6692309130345 24.24940623726456
150.7331668921908 13.487567091418915
150.7971028713471 26.62605404152901
150.86103885050335 70.14501980191832
150.92497482965965 120.82871945612996
150.98891080881592 138.38455887473623
151.0528467879722 101.6521444581912
151.11678276712848 36.022989159901734
151.18071874628475 1.3669295581166043
151.24465472544105 43.08405961110198
151.30859070459732 146.7514991711191
151.3725266837536 244.1838397573281
151.4364626629099 273.99684638448355
151.50039864206616 236.398850904158
151.56433462122243 188.45946729376448
151.62827060037867 192.03058610082417
151.692206579535 256.85537196804887
151.75614255869127 327.8712262859309
151.8200785378475 339.069918498476
151.88401451700383 276.4681751064556
151.9479504961601 183.4636661382654
152.01188647531637 116.40959140354836
152.07582245447264 98.40443879518314
152.13975843362894 112.15294472550636
152.2036944127852 130.0001079623034
152.26763039194148 137.13636765445014
152.33156637109775 128.83572196467728
152.39550235025405 102.41506868715427
152.45943832941032 60.20834288939688
152.5233743085666 22.61970511996863
152.5873102877229 30.97026457981548
152.65124626687916 115.62882701210526
152.71518224603543 251.49727359033304
152.77911822519172 357.79412608373934
152.843054204348 356.07655868685083
152.90699018350426 240.21975973345215
152.97092616266053 91.22212405290568
153.03486214181683 12.721186718935282
153.0987981209731 44.23698878170874
153.16273410012937 131.74037930426076
153.22667007928567 182.6873829363854
153.2906060584419 155.98146525197825
153.3545420375982 92.57041512037821
153.4184780167545 60.007713427556354
153.48241399591075 79.71620254329481
153.54634997506705 108.94482399466304
153.61028595422331 96.7885438741898
153.6742219333796 55.79006952757021
153.73815791253588 60.0865156262445
153.80209389169215 167.9907216875635
153.86602987084845 350.7702086718568
153.92996585000472 500.1128373874256
153.993901829161 514.4311870162611
154.05783780831723 383.74614139498
154.12177378747356 193.1679412197738
154.18570976662983 49.31950519566084
154.24964574578607 2.614780375646632
154.3135817249424 29.23904712918103
154.37751770409866 73.24160943276893
154.4414536832549 96.59454302105813
154.5053896624112 93.36256030022355
154.5693256415675 74.7882046041726
154.63326162072377 55.166372292297375
154.69719759988004 48.154841513792135
154.7611335790363 64.5082578094839
154.8250695581926 103.942666735171
154.88900553734888 148.90608810784957
154.95294151650515 173.07517504529687
155.01687749566145 160.84717111163545
155.08081347481772 120.03693421759333
155.144749453974 74.34362294289157
155.20868543313028 43.871102652925785
155.27262141228655 34.665690260469134
155.33655739144282 42.13651193099869
155.40049337059912 57.723268234830954
155.4644293497554 72.1476820793719
155.52836532891166 79.02613652410069
155.59230130806793 82.24279228124999
155.65623728722423 97.54326356863007
155.72017326638047 137.04958646813165
155.78410924553677 188.46027636801827
155.84804522469307 216.80949035083
155.9119812038493 192.51038677683863
155.9759171830056 120.38833523632248
156.03985316216188 42.2902509674293
156.10378914131817 3.007795244725496
156.16772512047444 12.348542711570392
156.2316610996307 47.47810579064793
156.295597078787 84.27184017661814
156.35953305794328 117.9566489321134
156.42346903709955 154.02432111044587
156.48740501625582 184.6857862818941
156.55134099541212 189.0213338217459
156.6152769745684 160.9330565891511
156.67921295372463 122.98799591709992
156.74314893288096 101.81167159776562
156.80708491203723 95.46598452560002
156.87102089119347 78.05268285403291
156.93495687034977 38.75638132531213
156.99889284950606 8.137012878568074
157.06282882866233 33.075320106692416
157.1267648078186 119.62701925893684
157.1907007869749 213.65517444854535
157.25463676613117 249.94052211662304
157.31857274528744 218.7224773881979
157.3825087244437 174.3983634304043
157.4464447036 171.85536355217292
157.51038068275628 206.6957812408088
157.57431666191255 226.89858563085463
157.63825264106885 194.13441117766152
157.70218862022512 127.66331016105268
157.76612459938138 81.61888650215192
157.83006057853768 81.86877453236956
157.89399655769395 100.98823775454328
157.95793253685022 94.74598406002733
158.0218685160065 52.81160341440792
158.0858044951628 9.354625900694307
158.14974047431906 4.57836105089031
158.21367645347533 44.18296394572796
158.27761243263163 98.91857227021137
158.34154841178787 134.23832927460006
158.40548439094417 134.88901544111147
158.46942037010044 107.13958704143624
158.5333563492567 68.42106696951356
158.597292328413 37.506610744812086
158.66122830756927 25.259943644981167
158.72516428672557 26.668049993002416
158.78910026588184 24.82564902450333
158.8530362450381 11.160375259657567
158.91697222419438 5.423570373662657
158.98090820335068 44.8611204610574
159.04484418250695 137.59727707184217
159.1087801616632 232.7975384121364
159.17271614081952 254.93583490696412
159.2366521199758 176.02827123160037
159.30058809913203 56.50082725608024
159.36452407828833 0.3809598897839346
159.42846005744462 53.641832111860445
159.4923960366009 156.10256120039563
159.55633201575716 201.06766483661596
159.62026799491346 140.30857312058853
159.68420397406973 36.09097515360406
159.748139953226 6.6118752760533965
159.81207593238227 114.25504693608256
159.87601191153857 312.07018982218017
159.93994789069484 490.43134740336114
160.0038838698511 560.0120843192502
160.0678198490074 501.185858122765
160.13175582816368 359.2334417498761
160.19569180731995 203.32823185340624
160.25962778647624 85.93242286792845
160.3235637656325 25.71093305786736
160.38749974478878 9.758227409790479
160.45143572394505 8.723466603159894
160.51537170310135 2.9747414266160606
160.57930768225762 4.613334763162449
160.6432436614139 49.69387382870924
160.7071796405702 160.11270218219903
160.77111561972643 312.3020369106018
160.83505159888273 445.31943962269435
160.898987578039 504.9185079424204
160.96292355719527 485.7244531478818
161.02685953635157 427.7909561547701
161.09079551550784 373.6187686588013
161.15473149466413 335.93661073483423
161.2186674738204 303.24009110115173
161.28260345297667 264.35155892438115
161.34653943213294 219.6553360460341
161.41047541128924 172.9905811595038
161.4744113904455 123.66222512185216
161.53834736960178 71.71800711035321
161.60228334875808 30.23821888397096
161.66621932791435 22.982155943200198
161.7301553070706 61.52434187112288
161.79409128622692 129.7835041896582
161.85802726538319 195.51911513697047
161.92196324453943 237.16700192046224
161.98589922369572 259.6479893471964
162.04983520285202 280.5578432630284
162.1137711820083 305.19222697869475
162.17770716116456 323.80940593815865
162.24164314032086 327.8166988630866
162.30557911947713 319.2813582430181
162.3695150986334 304.844195218416
162.43345107778967 284.92991244433927
162.49738705694597 253.55897789612527
162.56132303610224 209.9588371789343
162.6252590152585 165.67309755728553
162.6891949944148 134.6615415772966
162.75313097357107 117.39812742763408
162.81706695272734 100.49962952601666
162.8810029318836 72.8787301854235
162.9449389110399 38.365161763109434
163.00887489019618 11.29688090922251
163.07281086935245 2.143381630357988
163.13674684850875 9.904125757283456
163.200682827665 28.10938281815232
163.2646188068213 54.35048814208009
163.32855478597756 89.58963451626056
163.39249076513383 128.64648920181736
163.45642674429013 156.39811721375827
163.5203627234464 156.30247376811676
163.58429870260267 124.1772651029931
163.64823468175896 74.47346799012394
163.71217066091523 30.6687223727808
163.7761066400715 8.659348730257433
163.8400426192278 9.125306904261928
163.90397859838407 22.276624844591783
163.96791457754034 38.10995830521203
164.03185055669664 52.40142987047161
164.0957865358529 64.7928382368528
164.15972251500915 74.00997934332221
164.22365849416548 75.81801554965185
164.28759447332175 68.43019783056526
164.351530452478 62.244555410402846
164.4154664316343 81.05212679107454
164.47940241079058 146.3453469091618
164.54333838994685 251.52344874968796
164.60727436910312 350.6336421399883
164.67121034825942 381.4504686128992
164.7351463274157 312.27721406942686
164.79908230657196 177.2947645819739
164.86301828572823 60.274505313741
164.92695426488453 29.31722627369137
164.9908902440408 83.52446514839316
165.05482622319707 157.2235860690271
165.11876220235337 176.0848219355337
165.18269818150964 123.80129636399631
165.2466341606659 53.012041484252094
165.31057013982215 24.549349326316182
165.37450611897847 48.504615130643806
165.43844209813474 87.08947479461241
165.502378077291 101.4000668584258
165.5663140564473 93.9478936291083
165.63025003560358 104.72183857997524
165.69418601475985 163.26590399902602
165.75812199391612 248.90428062013305
165.8220579730724 300.77952688105216
165.8859939522287 273.47120033446726
165.94992993138496 186.65206805733857
166.01386591054123 111.02466493679576
166.07780188969753 105.24483553170695
166.1417378688538 169.129403754734
166.2056738480101 245.94904635015916
166.26960982716636 267.9980935719545
166.33354580632263 211.89628226087956
166.3974817854789 114.50735663758644
166.4614177646352 38.884454688491246
166.52535374379147 25.896688945646797
166.5892897229477 69.38055313114693
166.65322570210404 129.1074509986398
166.7171616812603 164.37882732320543
166.78109766041655 158.03230904674254
166.84503363957285 119.17516083638724
166.90896961872915 70.68812116824051
166.9729055978854 32.348193720482136
167.03684157704168 11.446629230105026
167.10077755619798 4.871790413007737
167.16471353535425 6.037219432729133
167.22864951451052 10.17201398813313
167.2925854936668 16.78618870529224
167.3565214728231 29.17176644547357
167.42045745197936 50.19332531069804
167.48439343113563 77.3847633142295
167.54832941029193 102.96863656641025
167.6122653894482 118.50008138991478
167.67620136860447 119.135457437927
167.7401373477607 105.70273752608644
167.80407332691703 84.113104285973
167.8680093060733 61.91836389179782
167.93194528522957 45.403118543376046
167.99588126438587 38.83661821421968
168.05981724354214 42.8553756551475
168.1237532226984 51.425441160391216
168.1876892018547 52.51540092235597
168.25162518101095 37.42624053179361
168.31556116016725 14.591894336122047
168.37949713932352 14.482385952740712
168.4434331184798 74.4048906116219
168.5073690976361 207.50153512229676
168.57130507679236 377.9688203500094
168.63524105594863 505.26250638986977
168.69917703510492 507.10432718139833
168.7631130142612 365.25151259742046
168.82704899341746 157.29544534275863
168.89098497257376 16.954143364170832
168.95492095173003 58.38204741777636
169.0188569308863 305.74978590109953
169.0827929100426 659.917753823367
169.14672888919887 950.9248171251533
169.2106648683551 1046.181203461766
169.2746008475114 914.9874015012136
169.3385368266677 629.249851438075
169.40247280582395 321.3125638843882
169.46640878498025 104.9201328099542
169.53034476413654 14.646006692758885
169.5942807432928 13.869560995668076
169.65821672244908 43.83439780949272
169.72215270160535 66.44827353977367
169.78608868076165 74.98169773364326
169.85002465991792 75.76380239715502
169.9139606390742 70.53060984009552
169.9778966182305 55.633419035926
170.04183259738676 31.25151318139475
170.10576857654303 7.967390299533248
170.16970455569933 0.21224882630020653
170.2336405348556 13.44652611669308
170.29757651401187 41.26711979406152
170.3615124931681 73.27688764018954
170.42544847232443 103.11672165744892
170.4893844514807 130.0638390762723
170.55332043063697 155.88535739778527
170.61725640979327 182.23313468620177
170.68119238894954 209.28554581489547
170.7451283681058 232.4721949486044
170.80906434726208 239.9237202542696
170.87300032641835 218.1767009395124
170.93693630557465 165.0382907078096
171.00087228473092 97.0869342431732
171.0648082638872 40.742104585323766
171.12874424304349 11.566407959129373
171.19268022219975 3.2361635767174377
171.25661620135602 1.6656708131706983
171.32055218051232 9.918687969719592
171.3844881596686 51.76160243099582
171.44842413882486 143.00512947528102
171.51236011798116 258.6711143448053
171.57629609713743 336.1502320299461
171.64023207629367 322.76052517189345
171.70416805544997 224.955982085397
171.76810403460627 105.51325924735904
171.8320400137625 30.900230711641537
171.8959759929188 24.028639502605824
171.9599119720751 63.17564491123596
172.02384795123135 115.92672030105744
172.08778393038764 165.0797466486057
172.1517199095439 202.62497657947657
172.2156558887002 214.20291802025545
172.27959186785648 186.83766181135184
172.34352784701275 135.8269101326032
172.40746382616905 110.61967375675496
172.47139980532532 156.74445231815653
172.5353357844816 267.2089211895344
172.5992717636379 375.49968075934953
172.66320774279416 404.7822089467724
172.72714372195043 333.53841262423646
172.79107970110667 211.88100895707544
172.855015680263 110.71619061200524
172.91895165941926 63.472906373289085
172.98288763857553 59.5942201540247
173.04682361773183 79.76012439074078
173.1107595968881 120.10321404830844
173.17469557604437 178.07806624017283
173.23863155520064 228.69222462270056
173.3025675343569 233.1464205861936
173.3665035135132 177.73346089780043
173.43043949266948 100.21514231478815
173.49437547182575 66.73965676401677
173.55831145098205 111.99943347801972
173.62224743013832 206.1257367058216
173.68618340929459 284.8651672345956
173.75011938845088 302.21402848862687
173.81405536760715 255.4592800872056
173.87799134676342 175.76207614217373
173.94192732591972 100.20005107235824
174.005863305076 52.768182183008
174.06979928423226 45.87794288096957
174.13373526338853 82.11542483358397
174.19767124254483 146.62991283055007
174.26160722170107 205.7031801154528
174.32554320085737 227.33844983293935
174.38947918001367 213.6350241792742
174.4534151591699 206.69240766572136
174.5173511383262 256.5205519293311
174.5812871174825 383.50197592844074
174.64522309663877 561.5154946961474
174.70915907579504 724.6805030502964
174.7730950549513 795.5276053451626
174.8370310341076 727.9591871824952
174.90096701326388 539.7681425989347
174.96490299242015 303.5093829653822
175.02883897157645 106.85738450469084
175.09277495073272 14.163916007101328
175.156710929889 37.39945797468378
175.22064690904523 129.99958945630235
175.28458288820156 223.01239849610127
175.34851886735783 276.09644965477537
175.41245484651407 291.17460680638646
175.4763908256704 284.79960655481045
175.54032680482666 260.16828792917335
175.60426278398293 208.0245682432455
175.6681987631392 131.33036456084372
175.7321347422955 64.56294184960797
175.79607072145177 60.5285451171186
175.86000670060804 151.50374644264645
175.9239426797643 315.81577429122314
175.9878786589206 477.4819505469556
176.05181463807688 549.53800755977
176.11575061723315 490.4072295938337
176.17968659638944 325.80777862471973
176.24362257554571 133.72559693090903
176.30755855470198 11.771260098392988
176.37149453385828 27.781698009354376
176.43543051301455 172.40231970743045
176.49936649217082 356.8848582698652
176.56330247132712 465.65962414827027
176.6272384504834 430.4306236327859
176.69117442963963 280.4808738249552
176.75511040879593 123.87766715801487
176.81904638795223 60.688119569488464
176.88298236710847 107.43062424293792
176.94691834626477 199.5547652754264
177.01085432542106 254.76439250329017
177.07479030457733 240.9851949319834
177.1387262837336 191.18428646297264
177.20266226288987 150.9328257072665
177.26659824204617 127.67346504185052
177.33053422120244 101.95508331415284
177.3944702003587 72.72811837224424
177.458406179515 77.15619472582081
177.52234215867128 154.13898323561827
177.58627813782755 281.4254603335121
177.6502141169838 368.9308881667568
177.71415009614012 336.64366969701507
177.7780860752964 200.0131009316948
177.84202205445263 75.25060423713118
177.90595803360895 87.1000582472511
177.96989401276522 251.172666701814
178.0338299919215 451.6503526488953
178.09776597107776 545.36420557185
178.16170195023406 486.7025376699103
178.22563792939033 361.2519767890117
178.2895739085466 301.3959496862993
178.35350988770287 356.82599190722925
178.41744586685917 449.84604463833085
178.48138184601544 460.3884054603576
178.5453178251717 343.66258918495646
178.609253804328 165.22301610714507
178.67318978348428 33.26380336051248
178.73712576264055 3.8874587065847366
178.80106174179684 48.502570966022205
178.8649977209531 98.00724623959776
178.92893370010938 107.61315433743253
178.99286967926568 82.54485790161216
179.05680565842195 52.71886779122399
179.12074163757822 35.09105518847063
179.1846776167345 24.8018669215564
179.2486135958908 13.846472329929458
179.31254957504703 7.531631844565776
179.37648555420333 21.65320249974601
179.44042153335963 66.97272947628124
179.50435751251587 137.230480643245
179.56829349167216 212.5641729333184
179.63222947082843 272.2502140437663
179.69616544998473 301.3934845138415
179.760101429141 292.1997695716155
179.82403740829727 248.25332044021343
179.88797338745357 186.65240834060484
179.95190936660984 128.73555849492342
180.0158453457661 86.59936743254019
180.07978132492235 59.622534649612206
180.14371730407868 40.92923864022186
180.20765328323492 24.645166319382568
180.2715892623912 10.814844475537432
180.33552524154751 5.122164884892648
180.39946122070376 11.035080680231427
180.46339719986003 23.064536065537137
180.52733317901632 29.267928274017663
180.59126915817265 21.80349665820852
180.6552051373289 7.99616489311828
180.7191411164852 9.157945831932963
180.78307709564143 44.225331040348046
180.84701307479767 111.76864258529903
180.910949053954 186.2594529871743
180.97488503311027 234.54280580180216
181.03882101226657 239.73658633492093
181.10275699142284 210.53396352073835
181.1666929705791 170.3322930478157
181.2306289497354 141.63989108989892
181.29456492889167 141.86652753844774
181.35850090804797 187.45619543020277
181.42243688720424 288.16987441647075
181.48637286636048 426.0594205603807
181.5503088455168 542.8782530276277
181.61424482467305 565.3359573779979
181.67818080382932 461.9150177509226
181.7421167829856 281.0239872270553
181.8060527621419 124.5155784658216
181.86998874129816 72.06477899338167
181.93392472045443 122.66575870029592
181.99786069961073 201.78242741871517
182.06179667876697 227.43305344977256
182.1257326579233 177.283852561925
182.1896686370796 93.15883599356712
182.25360461623583 28.755118704164865
182.31754059539213 3.239059536483632
182.3814765745484 0.16289865783083218
182.44541255370467 0.15092175998548224
182.5093485328609 4.33677013814074
182.57328451201724 22.468760195344288
182.6372204911735 48.88096773125012
182.70115647032975 61.96988842707383
182.76509244948608 50.223852051845505
182.82902842864237 32.15682754305474
182.8929644077986 39.59690501405232
182.95690038695489 79.0671442792475
183.0208363661112 117.60571120221928
183.08477234526745 115.37540361501937
183.1487083244237 72.14475904228252
183.21264430358 34.2043719299655
183.2765802827363 49.60608786549911
183.34051626189256 113.29597451404214
183.40445224104883 163.3107566986861
183.46838822020513 144.1540451078409
183.53232419936137 71.16971299195289
183.59626017851767 21.688096964592226
183.660196157674 58.144144342719905
183.72413213683024 158.1685744146153
183.78806811598648 227.37284092038675
183.8520040951428 191.98620611155076
183.91594007429907 80.89373582990667
183.9798760534553 11.105252815605274
184.0438120326116 82.29733112032181
184.1077480117679 278.21811378248447
184.17168399092415 473.93989047958735
184.23561997008045 541.3395441327118
184.29955594923675 448.8146067822584
184.363491928393 270.9836908443204
184.4274279075493 114.20496654310152
184.49136388670556 33.20376482882447
184.55529986586183 12.080223766004652
184.61923584501807 10.469569872066709
184.6831718241744 11.573654768000008
184.7471078033307 24.70795191583972
184.81104378248696 55.30326755583177
184.87497976164323 86.73757594160085
184.93891574079953 95.0196587545864
185.00285171995577 73.31644334130513
185.06678769911207 36.87276522075178
185.13072367826837 8.147136887753655
185.19465965742464 0.922480021497908
185.25859563658088 16.932387089538576
185.3225316157372 52.2142676800956
185.38646759489347 101.54901346958452
185.45040357404972 157.76281834291723
185.514339553206 211.8646527554528
185.57827553236228 255.23038071139896
185.64221151151855 278.2257569646614
185.70614749067485 268.4653728465417
185.77008346983112 223.6401353235891
185.8340194489874 173.04075976365485
185.8979554281437 173.7144857321494
185.96189140729996 268.6638026634656
186.02582738645623 436.1920214259852
186.08976336561247 580.1656447801778
186.1536993447688 593.2571217240147
186.21763532392504 449.7414220500108
186.28157130308136 239.77062333259025
186.34550728223763 104.62182435865309
186.40944326139393 114.8389130666677
186.47337924055017 208.79439779307324
186.53731521970647 262.61839226234207
186.60125119886277 208.3029263174736
186.665187178019 88.77308057085777
186.72912315717528 14.368262905820924
186.7930591363316 54.964045518134704
186.85699511548785 177.6254766294106
186.9209310946441 289.65353655297525
186.9848670738004 319.9239852303584
187.04880305295669 265.32733674087143
187.11273903211293 175.66596421483055
187.17667501126925 98.59647833385645
187.24061099042552 48.8004739890832
187.30454696958176 20.251954075830096
187.3684829487381 6.1784421352266525
187.4324189278944 5.885281065431777
187.49635490705063 20.88080363988995
187.56029088620687 49.94970182572282
187.6242268653632 87.95988553075331
187.68816284451944 123.42975248255011
187.7520988236757 136.51096305971168
187.81603480283204 110.6070978010277
187.87997078198833 57.34437489246126
187.94390676114455 29.951969211458568
188.00784274030084 95.81505251036019
188.07177871945717 268.7561637332221
188.1357146986134 464.33248297004417
188.19965067776968 547.4687557380887
188.263586656926 442.9240687909339
188.32752263608225 215.11942194268073
188.3914586152385 44.03865128617109
188.4553945943948 86.89000358652329
188.5193305735511 336.12853390168874
188.58326655270733 616.7884447273532
188.6472025318636 720.6189672185219
188.71113851101993 570.5279885434051
188.77507449017617 296.89429103032745
188.8390104693325 124.07530524152496
188.90294644848876 157.55737813514347
188.96688242764503 316.8719763429899
189.03081840680127 447.2884627957075
189.0947543859576 439.712622822028
189.15869036511384 298.7519139781355
189.2226263442701 128.54389553307337
189.2865623234264 29.983405616734967
189.3504983025827 35.33560382882764
189.41443428173895 127.42158218287916
189.47837026089525 272.40237004875746
189.54230624005152 437.264188916618
189.6062422192078 577.6957183332141
189.67017819836408 628.0481399496633
189.73411417752035 549.5065401881262
189.79805015667665 377.5831852872445
189.8619861358329 201.0983269389189
189.9259221149892 100.37965751950392
189.98985809414543 91.41248316125234
190.05379407330173 127.2892171031835
190.117730052458 159.97238764301437
190.18166603161427 184.4785112360168
190.24560201077057 222.96487172885796
190.30953798992687 280.0077421926272
190.37347396908316 319.48422385884163
190.4374099482394 296.06911014373264
190.50134592739568 207.83848294709645
190.565281906552 104.50835983687078
190.62921788570824 48.66545264410156
190.6931538648645 69.30156068510207
190.7570898440208 141.8362246336114
190.82102582317708 218.63098306512168
190.88496180233332 275.9493790023937
190.94889778148965 315.13685265226246
191.01283376064592 335.06657335522453
191.07676973980216 325.77251393985085
191.1407057189585 277.76739508522036
191.20464169811476 192.1253912474392
191.26857767727105 91.50428104343648
191.33251365642727 17.610380687239754
191.3964496355836 8.961188858360856
191.46038561473983 78.09230032760297
191.52432159389613 204.51607210777888
191.58825757305243 341.5737302621546
191.65219355220873 431.9645670277213
191.71612953136497 432.16038938614
191.78006551052127 337.21990749962475
191.84400148967757 188.35463819342408
191.9079374688338 57.534118494497136
191.97187344799008 13.094615775944543
192.0358094271464 77.45530261788251
192.09974540630265 206.17363322554152
192.1636813854589 310.2947981421516
192.2276173646152 311.08782058825153
192.29155334377148 199.15725577908705
192.35548932292772 57.607188742548885
192.419425302084 17.43870410847148
192.48336128124032 169.9537922973655
192.54729726039656 491.73561100170406
192.61123323955283 830.9931318406326
192.67516921870916 992.4148109962509
192.73910519786543 875.9174234208288
192.80304117702167 547.3475170562839
192.866977156178 194.18427357157515
192.93091313533424 9.19975307069191
192.9948491144905 66.42875125673068
193.0587850936468 278.7454324716387
193.12272107280313 475.6421426350515
193.18665705195937 528.2100809851855
193.25059303111564 426.11359212353693
193.3145290102719 258.1200193604852
193.3784649894282 121.7780783313436
193.44240096858448 53.29642493411333
193.50633694774075 30.58348330095672
193.57027292689705 20.739000023921168
193.6342089060533 17.3417646537704
193.6981448852096 34.27707844517589
193.76208086436588 74.01277187970717
193.82601684352213 114.89044690482288
193.8899528226784 130.58743234724247
193.9538888018347 116.89337842063107
194.01782478099096 93.85641907575776
194.0817607601473 80.41588817931273
194.14569673930356 75.2204727150211
194.20963271845983 67.34429633998754
194.27356869761607 57.76837878515887
194.3375046767724 60.90166562242922
194.40144065592864 84.23182304235787
194.4653766350849 111.44444909549586
194.5293126142412 113.25506665077512
194.59324859339748 78.95919239107084
194.65718457255377 31.913343342346057
194.72112055171004 9.725520010244466
194.7850565308663 31.539452435269894
194.84899251002255 84.1044696908298
194.91292848917888 135.55010850154983
194.97686446833515 160.653506724587
195.04080044749145 155.14292813401752
195.1047364266477 131.42388522733143
195.168672405804 105.83058958013928
195.23260838496023 89.93620862334414
195.29654436411647 89.04403461957467
195.3604803432728 105.08730230188854
195.42441632242907 141.5298765079488
195.48835230158537 202.98557988632464
195.5522882807417 283.3260629519514
195.61622425989796 357.6426676580346
195.6801602390542 392.7260117312719
195.74409621821047 363.3445012377056
195.8080321973668 271.47034297915405
195.87196817652304 162.46377718910105
195.93590415567928 97.02339081845011
195.9998401348356 93.35078073921261
196.06377611399188 113.57351439222046
196.12771209314812 106.28148178880483
196.19164807230445 63.80832045971847
196.25558405146072 42.6222349083644
196.31952003061696 107.29478109076884
196.38345600977323 254.28050075266225
196.44739198892955 404.631494070309
196.51132796808585 462.89179955282515
196.5752639472421 391.1918301159004
196.6391999263984 238.77812784118964
196.70313590555463 94.8957902020888
196.76707188471087 22.174869797894004
196.8310078638672 33.81508749715677
196.89494384302347 105.30926015833016
196.95887982217977 193.1911338418255
197.02281580133604 249.02339575954844
197.08675178049236 234.78443923867465
197.1506877596486 150.98911645896163
197.21462373880487 50.68583211342069
197.27855971796117 1.4130942427840263
197.34249569711744 21.773659737977717
197.40643167627368 63.92607652832115
197.47036765543 66.3928142818711
197.53430363458628 24.957109933786196
197.59823961374252 0.3523945482142402
197.6621755928988 44.44131536543494
197.72611157205512 131.33870861908417
197.79004755121136 177.70134155923063
197.85398353036763 134.31134441559155
197.91791950952393 53.135179349521
197.98185548868025 40.41549602934886
198.04579146783647 135.07391127398412
198.1097274469928 258.8365321132122
198.17366342614903 294.33653357918354
198.23759940530533 204.37237590410103
198.3015353844616 70.6156008162794
198.36547136361787 8.643395393483523
198.42940734277417 52.153954938306654
198.49334332193044 130.32846583929964
198.5572793010867 152.92414869988815
198.621215280243 106.43494294016541
198.68515125939928 55.70783181861029
198.74908723855555 58.697199117446736
198.8130232177118 101.9737086174262
198.87695919686809 125.20445420875198
198.9408951760244 96.04737865021315
199.00483115518065 46.011175005209004
199.06876713433692 33.09321625816842
199.1327031134932 79.54054261958265
199.1966390926495 148.5113151875973
199.26057507180576 184.99308678244208
199.32451105096203 175.21273889721678
199.38844703011833 153.41474342527027
199.45238300927457 161.7436155663653
199.51631898843087 217.3666533548538
199.5802549675872 304.37275210172186
199.64419094674344 385.02093662433504
199.70812692589973 424.8807898437964
199.772062905056 414.15630586596126
199.83599888421227 367.93576618001265
199.89993486336851 309.7338256424774
199.96387084252484 254.38713957107
200.0278068216811 201.51660559457292
200.09174280083735 142.83883657334152
200.15567877999368 79.71094247421763
200.21961475914995 34.41151895177829
200.2835507383062 34.483830569195064
200.3474867174625 81.19795855823334
200.4114226966188 138.341347441387
200.47535867577503 156.72368757836435
200.53929465493127 117.25473779007582
200.6032306340876 50.888449153964885
200.6671666132439 7.3419249608872015
200.73110259240016 6.793519797240603
200.79503857155643 27.21093132259113
200.85897455071276 33.836966001292105
200.922910529869 17.74776013891395
200.98684650902527 1.7056104777005667
201.0507824881816 7.670580414589896
201.11471846733784 27.93425794402314
201.17865444649408 34.66416650441574
201.2425904256504 16.491191613374752
201.30652640480668 0.04736293533014179
201.37046238396292 28.63661792688756
201.4343983631192 117.7826205045458
201.4983343422755 234.6054513741
201.56227032143175 322.0730445122626
201.62620630058805 341.27979402565927
201.69014227974432 293.70693126991625
201.7540782589006 213.812838922564
201.8180142380569 146.06764249164087
201.88195021721316 125.62499778796136
201.94588619636943 171.04859497562109
202.00982217552567 281.16047707325896
202.073758154682 430.8170808207564
202.13769413383827 573.633674248316
202.20163011299456 658.5359682485104
202.26556609215083 653.7082754392648
202.32950207130713 562.3173920332964
202.3934380504634 419.45876495968366
202.45737402961967 271.744061020142
202.52131000877597 152.62951255059974
202.58524598793224 71.68468987257958
202.64918196708848 23.309085863782375
202.7131179462448 2.462327575617324
202.77705392540105 13.211702794743168
202.84098990455732 65.3410101852964
202.9049258837136 161.18124653400443
202.9688618628699 281.1111562656324
203.03279784202616 382.102072435346
203.09673382118245 416.62400803542664
203.16066980033872 362.3566675653902
203.22460577949496 241.68595696323115
203.2885417586513 114.16018056107488
203.3524777378076 41.110018646118526
203.41641371696383 43.14779519195728
203.48034969612007 87.51080559977376
203.5442856752764 119.5502457859016
203.60822165443264 106.87429933506812
203.6721576335889 58.82781016454384
203.73609361274524 13.858328843724012
203.8000295919015 7.330521857851258
203.86396557105775 44.234666569221645
203.92790155021407 98.1040517345332
203.99183752937037 132.58876819479192
204.0557735085266 126.11568719688678
204.11970948768288 83.97655989260889
204.1836454668392 32.59814327219705
204.24758144599545 2.333842455064277
204.3115174251517 10.292968780474572
204.375453404308 51.95795625508028
204.4393893834643 105.04072509545485
204.50332536262053 141.8387376175538
204.56726134177683 143.25602156592913
204.63119732093313 110.40919554051058
204.69513330008937 68.377387017884
204.7590692792457 54.31983569315141
204.823005258402 93.92499026295805
204.88694123755823 182.47862382739464
204.95087721671447 279.964215516912
205.0148131958708 326.8520414118571
205.07874917502707 285.5321024692692
205.1426851541833 175.9347658017221
205.2066211333396 62.40478590757625
205.2705571124959 5.76285528037667
205.33449309165215 23.671534780061435
205.39842907080845 83.18405950131175
205.46236504996477 131.8145206533064
205.526301029121 141.86744076208916
205.59023700827728 124.15585453457189
205.65417298743355 104.7147531761216
205.71810896658985 96.81045095987788
205.7820449457461 96.54068793803114
205.8459809249024 98.83040971663665
205.9099169040587 107.8468646901925
205.97385288321493 128.97784755175545
206.0377888623712 156.2487757130703
206.10172484152753 174.95863309502803
206.16566082068377 179.15384959581556
206.22959679984007 181.2433169991044
206.29353277899637 195.45459152977037
206.35746875815263 209.62318469019672
206.42140473730888 188.65015646044432
206.4853407164652 119.50193251715548
206.54927669562147 41.95271427882793
206.6132126747777 20.757378424320063
206.677148653934 84.97348320209434
206.74108463309028 193.814263299101
206.80502061224655 266.81475357228584
206.86895659140285 256.0779446158789
206.93289257055912 191.12076654914088
206.9968285497154 150.8596311169272
207.0607645288717 190.1102202517141
207.12470050802796 290.92428819264484
207.18863648718423 379.80552735027567
207.25257246634047 388.3634787163797
207.3165084454968 300.82708651729723
207.38044442465304 158.28271693294036
207.44438040380936 35.03208110095844
207.50831638296563 5.096666575820545
207.57225236212193 104.21367715320328
207.63618834127817 299.5553993221632
207.70012432043447 490.8490083091028
207.76406029959077 563.24856591004
207.827996278747 467.2564487952091
207.89193225790328 259.8051592445029
207.9558682370596 68.83958132182237
208.01980421621585 4.009948099859048
208.0837401953721 80.94802576980865
208.1476761745284 218.98233085037756
208.21161215368468 308.3132514494295
208.27554813284092 289.4567543757716
208.33948411199725 184.48596394024537
208.40342009115352 66.22785881953457
208.46735607030976 3.4088501883738127
208.5312920494661 19.557727749871088
208.59522802862236 83.3799309031894
208.65916400777863 136.13421413700837
208.72309998693487 140.1577380143452
208.7870359660912 111.55105495573524
208.85097194524744 102.60279369295213
208.9149079244037 144.34598011590717
208.97884390356003 208.1541520540006
209.04277988271633 228.799078542089
209.10671586187257 171.13977274890289
209.17065184102884 75.2173527021464
209.23458782018517 22.327677495779525
209.2985237993414 48.816135531251355
209.36245977849768 106.26205216747437
209.426395757654 119.4129284105349
209.49033173681025 79.71702788142592
209.5542677159665 65.2793295975841
209.6182036951228 153.75562654356315
209.68213967427909 320.9584539553315
209.74607565343533 443.2688105681368
209.8100116325916 412.16552803208094
209.87394761174792 247.30023898733208
209.93788359090416 84.33990147318225
210.0018195700605 46.369879688935086
210.06575554921676 136.43257977513025
210.12969152837303 250.8542405170525
210.19362750752927 283.2305643552178
210.2575634866856 213.659715237346
210.32149946584184 105.4867417969403
210.3854354449981 30.909685967155927
210.4493714241544 10.016866772008745
210.51330740331073 15.24857184144675
210.57724338246695 18.904917208532368
210.64117936162324 27.909038988475174
210.7051153407795 77.16273310581511
210.7690513199358 190.73461175909603
210.83298729909208 345.147701158852
210.89692327824835 468.51708607515366
210.96085925740465 484.8111008247808
211.0247952365609 383.61592077689966
211.0887312157172 255.0841431265084
211.15266719487343 234.85785873173435
211.21660317402973 382.099509661384
211.280539153186 595.7822537082499
211.34447513234227 681.8119892435716
211.40841111149857 536.0826842995283
211.4723470906549 255.89299779133216
211.53628306981116 63.643131614805775
211.6002190489674 105.7499506502812
211.66415502812367 310.527756195292
211.72809100728 459.28286348262736
211.79202698643624 402.9670314919085
211.8559629655925 197.59157069116853
211.9198989447488 28.795645803571368
211.98383492390508 17.45854672068247
212.04777090306132 118.7775519714702
212.11170688221765 203.3774699371247
212.17564286137392 203.16525911683863
212.23957884053016 165.45854127135567
212.30351481968648 175.13704367110435
212.36745079884275 246.3896180841512
212.43138677799905 311.21944526166146
212.4953227571553 306.8268674272059
212.5592587363116 241.41047098175957
212.62319471546783 160.28109728317935
212.68713069462413 89.06251641005038
212.7510666737804 35.54061793451713
212.81500265293667 15.147430106912712
212.87893863209297 44.60830596506238
212.94287461124927 106.60503005489224
213.00681059040556 141.12942257342047
213.0707465695618 104.57782863777066
213.13468254871808 33.55066366728469
213.1986185278744 21.13511507755445
213.26255450703064 113.99498627843052
213.32649048618688 242.83516431352936
213.3904264653432 286.7370117986058
213.45436244449948 210.207298085628
213.51829842365572 111.48101687506067
213.582234402812 119.4405733883918
213.64617038196832 242.3179437239845
213.71010636112456 347.88601439729223
213.77404234028083 311.65428844739546
213.83797831943716 155.8051947314245
213.90191429859345 24.218215851618314
213.96585027774967 26.55073052016377
214.029786256906 124.42210249109594
214.09372223606223 196.0058772605585
214.15765821521853 195.64533571817967
214.2215941943748 208.9153344845304
214.28553017353113 340.4376832652663
214.34946615268737 562.7672077760636
214.41340213184364 710.7880677730267
214.47733811099997 645.8153528976268
214.5412740901562 405.1155673558608
214.60521006931248 177.09875301669734
214.66914604846875 134.353997339414
214.73308202762504 286.5051263608787
214.7970180067813 489.29108975153554
214.8609539859376 584.9625130726381
214.92488996509388 522.7873322476077
214.98882594425012 362.7373265643524
215.0527619234064 200.3833091632918
215.1166979025627 101.42534419163204
215.18063388171896 84.96814852561103
215.24456986087523 138.97766341419762
215.30850584003153 235.65613886981905
215.37244181918783 334.3935624266862
215.43637779834407 396.6007040108148
215.5003137775004 410.55128233470873
215.56424975665664 384.8110155655376
215.6281857358129 326.80511458276027
215.6921217149692 245.22054040867332
215.75605769412547 162.1355577797771
215.81999367328177 122.38396945403574
215.88392965243804 181.34127961695012
215.9478656315943 349.1152820735352
216.01180161075055 553.7788386805696
216.07573758990688 686.3666099172324
216.13967356906315 677.355242833699
216.2036095482194 538.8387602807055
216.2675455273757 353.57921243144466
216.331481506532 212.10433120381245
216.39541748568823 147.01488510847227
216.45935346484447 128.80761546420425
216.5232894440008 112.6842459601414
216.5872254231571 79.38547363441958
216.65116140231336 39.36395516769442
216.7150973814697 11.326739767988288
216.77903336062596 2.98803251297878
216.8429693397822 7.06540365542352
216.90690531893847 10.552666047078388
216.9708412980948 7.341303551608395
217.03477727725104 2.669451500186942
217.09871325640728 6.677586251068614
217.1626492355636 23.41794270684571
217.22658521471988 50.276170797111234
217.29052119387612 92.89226302107959
217.35445717303244 180.9702868926641
217.4183931521887 355.9053298604157
217.48232913134495 615.1246218316783
217.54626511050125 871.0248006454176
217.61020108965755 988.2113164508348
217.67413706881385 876.0445239344393
217.7380730479701 573.0637440960816
217.8020090271264 241.37491251773548
217.86594500628263 42.95206960115697
217.92988098543887 13.772788675718193
217.9938169645952 59.52590643956242
218.05775294375147 68.32540119860005
218.12168892290777 24.660356468092726
218.18562490206403 2.685019384982549
218.24956088122036 55.53616681754492
218.3134968603766 137.6163733501531
218.37743283953287 153.63033360755384
218.44136881868917 78.7953618050123
218.50530479784544 4.909314025839202
218.56924077700168 49.44227437052867
218.633176756158 218.67985125403152
218.69711273531428 382.9511138030475
218.76104871447052 405.3618959591001
218.8249846936268 277.6747013530418
218.88892067278312 119.71688030128792
218.95285665193936 51.1933964336275
219.01679263109563 74.19189161663664
219.08072861025192 100.27334300261184
219.14466458940825 75.09557273755905
219.2086005685645 39.24275733792626
219.2725365477208 61.22895510902858
219.33647252687703 132.2472714247099
219.40040850603327 165.08817765440736
219.4643444851896 109.63928088089997
219.52828046434584 36.9608911210753
219.59221644350217 72.67555712243426
219.65615242265844 241.1238530892966
219.7200884018147 406.12378211386795
219.784024380971 397.8261906386878
219.84796036012727 204.80397456042743
219.91189633928357 19.25303007129192
219.9758323184398 56.63487133829397
220.03976829759608 332.1744777854503
220.1037042767524 635.9912702217425
220.16764025590865 730.9693049582106
220.23157623506492 575.6208864127432
220.2955122142212 346.85059325805474
220.3594481933775 250.63001973110792
220.42338417253373 324.8062293845316
220.48732015169003 421.82130168489175
220.55125613084633 381.38799064080246
220.61519211000257 203.51799028835777
220.6791280891589 35.83294452574694
220.7430640683152 21.44172207687659
220.80700004747143 174.4211762695052
220.87093602662773 379.66207448016814
220.934872005784 501.0074932707439
220.99880798494027 485.5733942704395
221.0627439640965 372.6048250194606
221.12667994325284 232.99202784578893
221.1906159224091 116.87141138355076
221.25455190156535 42.917403303128125
221.31848788072168 9.085913810676479
221.38242385987795 1.4285728360588836
221.4463598390342 2.2973589705920374
221.51029581819049 2.212344564799967
221.5742317973468 9.306965811246208
221.63816777650305 44.49445626588802
221.70210375565927 118.52096224968456
221.7660397348156 213.01770979168813
221.8299757139719 289.8482350342621
221.89391169312816 316.87870322383327
221.95784767228443 286.02218636009826
222.02178365144073 217.00465490394504
222.08571963059697 142.990183442385
222.14965560975327 85.84996642949761
222.2135915889096 49.28201961220401
222.27752756806584 29.052117217960586
222.34146354722208 17.67898785455938
222.4053995263784 8.400223530876817
222.46933550553467 1.5918218786199947
222.5332714846909 4.57738159538377
222.5972074638472 26.012828573573746
222.6611434430035 66.67375186505292
222.72507942215975 116.98225190424938
222.78901540131605 164.75231778134548
222.85295138047232 202.123297040292
222.9168873596286 230.9652368066913
222.9808233387849 254.6234228031128
223.04475931794116 262.76890374094165
223.10869529709743 242.65434332640825
223.17263127625367 195.27497397859284
223.23656725541 132.7555032309185
223.3005032345663 74.2567806814529
223.36443921372256 35.41762761634059
223.42837519287883 17.844539275708918
223.49231117203513 17.31314278883295
223.55624715119137 34.46366615422807
223.62018313034767 71.6241682823622
223.68411910950397 120.17421373944468
223.74805508866024 158.03677832567973
223.81199106781648 165.53562810029192
223.8759270469728 140.34129490639867
223.93986302612905 98.6677358633768
224.00379900528532 61.79456028026716
224.0677349844416 38.203962825850255
224.13167096359788 23.886457347466568
224.19560694275415 23.216875551323508
224.25954292191045 61.68966481754108
224.32347890106672 165.49156945323463
224.38741488022296 325.1150158871227
224.4513508593793 479.9043139913833
224.51528683853556 545.1630512498145
224.57922281769183 477.32202125581887
224.64315879684807 317.8043343909907
224.7070947760044 162.86999555415773
224.77103075516064 90.98377564587096
224.8349667343169 107.14839250263626
224.89890271347323 151.56236435016646
224.96283869262953 169.55427068837454
225.02677467178577 161.6096760229384
225.09071065094207 169.8431859128791
225.15464663009837 228.72446899596207
225.2185826092546 316.29931197811504
225.28251858841088 363.9561669070654
225.3464545675672 333.3837704004931
225.41039054672345 267.94154577109254
225.4743265258797 266.34512724483136
225.538262505036 413.8117356246207
225.6021984841923 710.0121305638291
225.66613446334853 1040.0109270194796
225.73007044250485 1230.2567401363567
225.79400642166112 1158.2792005357423
225.85794240081736 838.7927255011801
225.9218783799737 433.21183835656626
225.98581435913 160.6364906792268
226.04975033828623 146.81977000796607
226.11368631744247 330.17146186313164
226.1776222965988 515.8468747693802
226.24155827575504 530.1809282937544
226.3054942549113 350.3578379233536
226.3694302340676 114.8910489978019
226.43336621322393 1.4438001533134637
226.49730219238015 71.32961464934776
226.56123817153644 228.09475323663315
226.62517415069277 325.7384757486853
226.689110129849 309.4842191799525
226.75304610900528 256.1731015059056
226.81698208816155 287.8598551725176
226.88091806731785 442.378330648405
226.9448540464741 624.208240375163
227.0087900256304 687.5300361405964
227.0727260047867 568.1912818818445
227.13666198394293 335.5057910644226
227.2005979630992 127.99740413908977
227.26453394225553 45.92147515634235
227.32846992141177 88.12534733647719
227.3924059005681 171.5876877017647
227.45634187972436 208.7260239313601
227.52027785888063 172.60580400783547
227.58421383803687 97.48952275161656
227.6481498171932 32.927219891083766
227.71208579634947 3.57483377555832
227.7760217755057 1.5685227817666858
227.839957754662 6.620919098400124
227.90389373381828 9.403003787066064
227.96782971297455 16.756047834494563
228.03176569213085 39.60295738634826
228.09570167128712 77.79276939281553
228.1596376504434 115.953598353496
228.22357362959968 133.2783446013777
228.28750960875595 117.45776541828339
228.35144558791225 73.89925744261558
228.4153815670685 25.64554219013579
228.4793175462248 3.759075797215923
228.54325352538103 33.679151556376496
228.60718950453733 121.71431510692038
228.6711254836936 248.03265885447524
228.73506146284987 373.34250283553354
228.79899744200617 454.2638394625162
228.86293342116247 460.6440888794265
228.92686940031876 391.6537249728095
228.990805379475 277.70324232598654
229.05474135863128 161.4881108414469
229.1186773377876 74.66006642655105
229.18261331694384 27.73857732066308
229.2465492961001 15.62755901956566
229.3104852752564 31.800256040982312
229.37442125441268 78.77469157257445
229.43835723356892 165.34800209807557
229.50229321272525 294.696788409743
229.56622919188152 454.525890420986
229.63016517103776 615.2984013710915
229.6941011501941 737.809687646515
229.75803712935036 787.7816833401282
229.82197310850665 747.343875156129
229.88590908766287 617.5124198576716
229.9498450668192 422.3402263001201
230.01378104597543 216.08239486345207
230.07771702513173 69.18162714649839
230.14165300428803 27.652856083419913
230.20558898344433 84.06923904816652
230.26952496260057 186.9366252214103
230.33346094175684 273.52622768942274
230.39739692091317 305.94937916585354
230.4613329000694 290.3295089039272
230.52526887922568 258.97525757059793
230.589204858382 232.90789936498413
230.65314083753825 205.768328477153
230.7170768166945 160.33211425188432
230.7810127958508 94.35538610225233
230.84494877500708 30.566968394037183
230.90888475416332 2.44010468706705
230.9728207333196 23.852542467391256
231.03675671247592 70.21723489133993
231.10069269163216 95.7740829173267
231.16462867078843 73.00755520929097
231.22856464994473 22.85378987906768
231.29250062910103 10.151888290005392
231.35643660825727 94.56711461937587
231.4203725874136 273.401802791047
231.48430856656984 466.433315828563
231.5482445457261 559.7127135609832
231.6121805248824 491.9181370347963
231.67611650403873 312.3528953049718
231.74005248319497 141.79828493100757
231.80398846235124 76.3860104989928
231.8679244415075 122.2182627154794
231.9318604206638 200.542484143366
231.99579639982008 221.01330110054883
232.05973237897635 161.40184662321954
232.12366835813265 72.34765796193153
232.1876043372889 15.333113332133852
232.2515403164452 7.772472768118088
232.31547629560143 21.19072100513205
232.37941227475773 23.256794816298008
232.443348253914 12.292714327078972
232.5072842330703 8.98173455233212
232.57122021222656 26.734389159006895
232.6351561913829 58.27691794574201
232.69909217053916 90.05153484952342
232.7630281496954 121.2459053259275
232.82696412885167 158.86519828997174
232.890900108008 198.0712196443679
232.95483608716424 216.29765841851787
233.0187720663205 191.0113445795849
233.0827080454768 126.67304255940124
233.14664402463308 60.34960534242592
233.21058000378932 34.58046203487852
233.27451598294564 65.75265047854009
233.3384519621019 137.79229605509693
233.40238794125816 218.82929019636072
233.46632392041448 281.2647294510371
233.53025989957075 312.57371497115287
233.59419587872705 314.4608259491435
233.6581318578833 294.503595102838
233.7220678370396 258.8621411477401
233.78600381619583 211.0038954217837
233.84993979535207 154.72975550137312
233.9138757745084 98.69997799118252
233.97781175366467 59.11768816853738
234.04174773282097 55.105903139062406
234.1056837119773 95.62486125664844
234.16961969113356 166.5596698143752
234.2335556702898 231.2752524530227
234.29749164944607 251.09927667497337
234.3614276286024 213.5966779282253
234.42536360775864 145.28699387149175
234.48929958691488 98.9275133351924
234.5532355660712 121.93758764124284
234.61717154522748 218.613072087909
234.68110752438372 334.2088706663497
234.74504350354 391.18503260834814
234.80897948269632 353.21932559613174
234.87291546185256 249.60725720159152
234.93685144100883 145.76279342329588
235.00078742016515 96.2912849379894
235.06472339932145 104.59522410268907
235.1286593784777 122.543674315939
235.192595357634 107.11667147127336
235.25653133679023 70.66194265541209
235.32046731594653 63.86604150083095
235.3844032951028 114.93402630370244
235.44833927425907 191.13180405805616
235.51227525341537 226.02297818840063
235.57621123257164 183.95544945740744
235.64014721172796 93.52316404635843
235.7040831908842 20.058239599061103
235.76801917004047 3.2409543050823872
235.83195514919677 25.75634841493156
235.89589112835304 45.75430399647443
235.95982710750928 43.40462926424854
236.0237630866656 32.37572813522666
236.08769906582188 34.022006116743334
236.15163504497812 43.82549964613888
236.2155710241344 38.746648595090434
236.2795070032907 17.09516764545076
236.34344298244696 12.094405592575464
236.40737896160323 59.85623367077047
236.47131494075953 157.06671262709895
236.53525091991585 257.5976939965856
236.59918689907207 310.3122317421807
236.6631228782284 293.5622521765024
236.72705885738463 222.67154042819192
236.79099483654093 132.72456532247543
236.8549308156972 55.19191846105329
236.91886679485347 11.160342626638933
236.98280277400977 10.683783707594689
237.04673875316604 45.316461459785685
237.1106747323223 86.44662344012222
237.17461071147855 99.78694758969014
237.23854669063488 72.58000808301398
237.30248266979115 28.280604180294727
237.3664186489474 5.432620726438033
237.4303546281037 20.868746102208263
237.49429060726 55.310903649018826
237.55822658641625 74.16894493794273
237.62216256557247 61.55485364007593
237.6860985447288 31.695601909525173
237.7500345238851 9.530612369752323
237.81397050304136 5.936012134463569
237.87790648219763 13.07500436869108
237.94184246135393 19.80049699430843
238.00577844051017 25.29652546967356
238.06971441966647 36.83945665869359
238.1336503988228 58.76667512552356
238.19758637797904 85.95527888817088
238.26152235713528 106.7992453396206
238.3254583362916 108.83789493652922
238.38939431544787 84.6858461001073
238.45333029460411 43.20841466673004
238.51726627376044 16.053904361775768
238.5812022529167 44.578241128930074
238.64513823207295 146.50400813239864
238.70907421122925 283.0368845426286
238.77301019038555 368.9856907166303
238.8369461695418 336.55672665271805
238.9008821486981 199.1891912226654
238.9648181278544 52.99873112822036
239.02875410701063 3.7819379148084433
239.09269008616687 79.13102569659614
239.1566260653232 209.02580083604147
239.2205620444795 292.2366530806516
239.28449802363576 285.41730040085673
239.34843400279203 229.62290759422547
239.41236998194836 193.08939290463096
239.4763059611046 199.9242740876072
239.54024194026087 216.8931763684801
239.60417791941717 206.438133566832
239.66811389857344 185.11515064640136
239.73204987772968 206.48367945676807
239.795985856886 286.88510113395915
239.85992183604228 373.61042978736725
239.92385781519852 387.90535128257056
239.9877937943548 298.23943396585287
240.0517297735111 157.75065699396055
240.11566575266735 55.228241630813855
240.17960173182365 26.659684012950077
240.24353771097992 32.27742493362995
240.30747369013625 20.311828894888198
240.3714096692925 0.7047481379097598
240.43534564844876 43.30472575689069
240.49928162760503 194.40661081738813
240.56321760676127 402.40189311390344
240.6271535859176 539.9936391798641
240.69108956507384 510.80756255506543
240.75502554423016 336.79263223078885
240.81896152338643 135.8380065538809
240.88289750254273 18.066898624190543
240.946833481699 5.221738574242392
241.01076946085527 38.57485746981544
241.07470544001157 53.11411997279286
241.1386414191678 34.69591197139231
241.20257739832408 10.084084972196072
241.2665133774804 3.265340626049941
241.33044935663665 14.495014316660344
241.39438533579292 35.94237548409793
241.4583213149492 68.3229900244985
241.5222572941055 110.09352618774668
241.58619327326173 142.5115163560876
241.65012925241805 141.65556684738087
241.71406523157432 112.59554627300211
241.77800121073057 105.38520272731083
241.8419371898869 171.35640180374736
241.9058731690432 295.8253622170972
241.96980914819943 393.09080743267606
242.03374512735567 373.941297919084
242.097681106512 230.2072197664129
242.16161708566824 64.56348413160113
242.2255530648245 10.716705690143012
242.28948904398084 120.1838529045801
242.3534250231371 338.46279611188476
242.41736100229335 553.1009846486852
242.48129698144967 671.5108105770116
242.54523296060597 691.9361185300784
242.6091689397622 669.0390759781739
242.67310491891848 621.6132442290805
242.7370408980748 531.858673264636
242.80097687723105 398.0275295192542
242.8649128563873 244.79360759781517
242.9288488355436 110.92213760399824
242.9927848146999 31.318963905528232
243.05672079385613 11.83618643940864
243.1206567730124 27.768432653317433
243.18459275216873 49.23953184599418
243.24852873132497 61.371541238837835
243.3124647104813 66.315090482424
243.3764006896376 76.23271597577245
243.44033666879383 105.35692947793147
243.50427264795007 160.24501094868515
243.5682086271064 227.43664171648723
243.63214460626267 269.6568576970833
243.6960805854189 246.12069409006887
243.7600165645752 154.03421618816412
243.8239525437315 54.34336096685071
243.88788852288775 40.646235585761374
243.95182450204405 164.37914079143772
244.01576048120032 379.91637511299933
244.0796964603566 563.3273830416142
244.14363243951288 602.5133483370876
244.20756841866915 485.67842845842
244.27150439782545 302.8738371362056
244.3354403769817 161.84765125085264
244.399376356138 104.80619091821151
244.4633123352943 99.70530852799548
244.52724831445056 100.50655334416672
244.5911842936068 103.3145608767828
244.65512027276307 133.01207101672895
244.71905625191937 182.42587762622125
244.78299223107567 195.5606389069994
244.84692821023197 132.18720868250855
244.91086418938823 35.501600721671444
244.97480016854448 17.46630495213599
245.0387361477008 158.74888249483868
245.10267212685704 403.3470177258615
245.1666081060133 580.5176448690237
245.2305440851696 559.8554192156074
245.29448006432588 362.2048287694092
245.35841604348215 129.9801897431879
245.42235202263845 7.874315115558675
245.48628800179472 27.102927905803767
245.55022398095096 108.68482401725312
245.6141599601073 177.72495836008795
245.67809593926356 233.0305747233189
245.74203191841983 308.2959501023993
245.80596789757607 391.6566613229819
245.8699038767324 406.04816221322585
245.93383985588864 294.1176739648117
245.99777583504493 111.2856327103435
246.06171181420123 7.306760663905254
246.12564779335753 100.02179779200733
246.18958377251377 360.09919189194034
246.25351975167007 629.5350657712203
246.31745573082637 749.9202290534739
246.3813917099826 671.2561904998237
246.44532768913888 467.2177938951408
246.5092636682952 259.6342017401024
246.57319964745145 121.69015163674476
246.6371356266077 53.5376689682506
246.701071605764 30.34512310279949
246.76500758492028 43.80723454799865
246.82894356407652 97.65100251896084
246.89287954323285 181.8268236276884
246.95681552238912 264.15515666904304
247.02075150154536 308.8685535631764
247.0846874807017 301.40196688706885
247.14862345985796 256.86742501695016
247.21255943901423 204.63390426660783
247.27649541817047 163.39258574130272
247.3404313973268 132.120379721622
247.40436737648304 102.22439160282904
247.4683033556393 72.5758860049471
247.5322393347956 53.46508727543926
247.59617531395193 61.189967423112726
247.66011129310817 108.1891180105796
247.72404727226444 190.80365234473885
247.78798325142077 284.88406675041426
247.851919230577 356.68683219226506
247.91585520973328 377.4463604785748
247.97979118888955 336.6443427561627
248.04372716804585 252.3909606845796
248.1076631472021 159.89668875342218
248.1715991263584 85.10501421384625
248.23553510551469 36.5413532083771
248.29947108467093 13.286282471674568
248.3634070638272 9.366197619175752
248.42734304298352 16.201299826299646
248.49127902213976 27.095870751211628
248.5552150012961 38.81010140555694
248.61915098045236 50.597371415544245
248.68308695960863 64.879043472152
248.74702293876487 88.8760907654797
248.8109589179212 132.527666695099
248.87489489707744 199.32296133523664
248.9388308762337 273.03104155913724
249.00276685539 315.64618458570993
249.06670283454628 291.0705373483028
249.13063881370255 196.48873946092945
249.19457479285884 74.64662646362906
249.25851077201511 2.391248620501609
249.3224467511714 45.17893533419421
249.38638273032768 192.2181137505216
249.45031870948395 348.14445863545893
249.51425468864025 403.93449653340815
249.5781906677965 318.62023090571427
249.6421266469528 155.45335629940325
249.70606262610903 37.47400645619181
249.76999860526533 39.75522171035197
249.8339345844216 126.68063398555103
249.89787056357787 195.87562670243608
249.96180654273417 175.4203659389337
250.0257425218905 87.73025900864447
250.08967850104676 19.052055960436473
250.153614480203 23.964197407586035
250.21755045935927 72.87569573716857
250.2814864385156 94.20346801710141
250.34542241767184 56.81188716558132
250.4093583968281 6.361032286309086
250.4732943759844 16.544583262194003
250.53723035514068 105.03391485686645
250.60116633429692 209.94252834897543
250.66510231345325 252.01214771993736
250.72903829260952 207.6866955784539
250.79297427176576 120.20528746059937
250.85691025092208 49.13556026709077
250.92084623007835 14.585344848365567
250.98478220923465 2.1061335673653474
251.0487181883909 13.421715580158587
251.1126541675472 81.47714854163847
251.17659014670343 225.19792053008487
251.24052612585973 397.5585163126541
251.304462105016 503.5622100519293
251.36839808417227 495.5987639963778
251.43233406332857 425.7162336873668
251.49627004248484 390.90661630314
251.56020602164116 448.14743030841584
251.6241420007974 555.6718702975737
251.68807797995368 599.9365978309858
251.75201395911 520.1638877628976
251.81594993826624 365.7310083215892
251.87988591742248 225.5641568360756
251.9438218965788 155.52245321873036
252.00775787573508 145.41373821353275
252.07169385489132 136.69718046897526
252.1356298340476 95.04631659440625
252.19956581320392 40.988126064740165
252.26350179236016 10.033283108625904
252.32743777151643 15.493110405903163
252.39137375067273 45.42390823727082
252.45530972982905 82.52792045663136
252.51924570898527 121.30416857799185
252.5831816881416 165.63745852553092
252.64711766729783 219.5483969755388
252.71105364645413 281.55796634026296
252.7749896256104 338.86448988619094
252.83892560476673 366.4501797795797
252.90286158392297 348.10544759340036
252.96679756307924 315.33670049458993
253.0307335422355 351.638153955446
253.0946695213918 523.7155245984952
253.15860550054808 802.0393400972456
253.22254147970435 1048.5074075287466
253.28647745886065 1082.5127017490747
253.3504134380169 826.3310632413347
253.4143494171732 416.66163516768313
253.47828539632943 98.38443447860048
253.54222137548572 0.22971441964121864
253.606157354642 54.597339619311455
253.6700933337983 105.22748860577865
253.73402931295456 75.7656445218686
253.79796529211083 33.88019002970562
253.86190127126713 78.4119597569188
253.92583725042337 194.64419154797943
253.98977322957967 259.56079061202024
254.053709208736 191.33890641916656
254.11764518789224 64.43721367980312
254.1815811670485 47.690945531526225
254.2455171462048 228.7091388109585
254.30945312536107 512.3770555983558
254.37338910451732 709.5443324638181
254.43732508367364 720.6605645658195
254.5012610628299 603.6070013977767
254.56519704198615 474.6461880683457
254.62913302114248 379.2384649249083
254.69306900029875 275.6063184495521
254.757004979455 139.6019723082474
254.8209409586113 43.60982685343176
254.8848769377676 96.82957394239706
254.94881291692383 318.22959777970385
255.01274889608007 587.5049321367485
255.0766848752364 732.5283460953243
255.1406208543927 672.0146105228595
255.20455683354896 471.4745818796388
255.2684928127053 264.2487318627158
255.33242879186156 135.81698329819187
255.3963647710178 90.68244459918112
255.46030075017407 99.87542639092864
255.5242367293304 144.6429732081436
255.58817270848664 211.41818036030392
255.65210868764288 268.56245461721204
255.7160446667992 277.27382163422067
255.77998064595548 235.445710608546
255.84391662511172 199.37700847598228
255.907852604268 240.3673854639879
255.9717885834243 369.451736309232
256.0357245625806 517.0539090256505
256.09966054173685 588.0327827691688
256.1635965208932 532.8234393002346
256.22753250004945 380.5353704449351
256.29146847920566 210.54384534729536
256.355404458362 89.26502324817959
256.41934043751826 31.558317171360752
256.4832764166746 12.700756859876725
256.54721239583085 10.742013642694571
256.6111483749871 33.005367493680865
256.67508435414334 98.89486032618585
256.73902033329966 200.83823258452867
256.80295631245593 289.3007894922089
256.8668922916122 311.17075590985814
256.9308282707685 276.32229824042383
256.9947642499248 276.8031220083475
257.058700229081 413.9932670350406
257.12263620823734 699.2652261397269
257.1865721873936 1025.4264466107538
257.2505081665499 1222.4101434556715
257.31444414570615 1172.2439197533988
257.3783801248625 908.5928028648701
257.44231610401874 581.3623233423748
257.506252083175 327.6162559417547
257.5701880623313 202.1084887740064
257.63412404148755 199.21914788081295
257.6980600206438 294.93078826730215
257.7619959998001 450.2494691731385
257.8259319789564 591.0671596170977
257.8898679581127 626.4179874882973
257.9538039372689 529.9683897387113
258.0177399164252 402.59355558637367
258.0816758955815 400.9276869325376
258.14561187473777 590.7721969109492
258.20954785389404 876.5601977365552
258.2734838330504 1055.20756710125
258.33741981220663 977.42261667629
258.4013557913629 681.9469271973634
258.4652917705192 342.9067337779033
258.52922774967544 109.92774906955376
258.59316372883166 18.499580607478016
258.657099707988 16.648749080393358
258.7210356871443 42.334489277636735
258.7849716663006 66.96020548726604
258.84890764545685 81.9739247635743
258.9128436246131 75.17143408197097
258.9767796037694 42.45922988145777
259.04071558292566 8.87585671576716
259.1046515620819 8.571074867375955
259.16858754123825 45.71501991955834
259.23252352039447 86.85773402979272
259.2964594995508 102.2591111727882
259.36039547870706 106.15282095689372
259.42433145786333 132.67708750226123
259.4882674370196 183.7551245054264
259.55220341617587 212.1279301735403
259.61613939533214 171.09280758414613
259.68007537448847 96.64453164178423
259.74401135364474 90.76095192261043
259.807947332801 208.65852746100649
259.8718833119573 384.8440297166565
259.93581929111355 472.9606350442272
259.9997552702699 399.2854228034601
260.06369124942614 259.8959821699302
260.1276272285824 213.9838380641554
260.1915632077387 326.17542614894876
260.2554991868949 512.0075103391505
260.3194351660512 600.1292136883984
260.3833711452075 491.30782034464926
260.4473071243638 260.45781542516755
260.5112431035201 74.82697932642954
260.57517908267636 41.76899565594085
260.6391150618326 137.50893459056869
260.7030510409889 249.7677248361261
260.7669870201452 281.9433384013367
260.83092299930144 220.29166835896032
260.89485897845776 116.541917467782
260.95879495761403 32.5197990273583
261.0227309367703 0.4949195607337488
261.08666691592657 14.53420934194329
261.15060289508284 46.187400535705535
261.2145388742391 66.99921666059012
261.2784748533954 64.59661704889604
261.3424108325517 45.63650173087937
261.406346811708 24.939511330455588
261.47028279086425 11.95703032221814
261.53421877002046 6.72973074467289
261.5981547491768 7.949962409758727
261.66209072833306 22.37829093394939
261.72602670748927 61.261891866168256
261.78996268664565 125.20970198342545
261.8538986658019 194.9936912036888
261.91783464495813 243.00013111459944
261.98177062411446 254.77444068936623
262.0457066032708 236.94012535189228
262.109642582427 208.6472994158545
262.17357856158327 190.85449990333927
262.2375145407396 204.16477326150667
262.30145051989587 270.89357519216605
262.36538649905214 404.80235144185696
262.4293224782084 586.3478420105699
262.4932584573647 753.4555827739962
262.55719443652094 833.003960457726
262.6211304156772 784.6551147252394
262.68506639483354 621.1990686878489
262.7490023739898 408.4364705924581
262.8129383531461 238.02989149911213
262.87687433230235 167.4091860490017
262.9408103114586 182.04237966387177
263.0047462906149 222.6254136929716
263.06868226977116 236.3777799500506
263.1326182489275 205.83158254776225
263.1965542280837 150.58599749729797
263.26049020724 108.26341270169912
263.3244261863963 104.33471129925188
263.38836216555256 134.54948220040933
263.45229814470883 175.42427085590205
263.5162341238651 208.77995404513297
263.58017010302143 237.15758903209945
263.6441060821777 278.2178091174283
263.708042061334 340.1147384332358
263.77197804049024 400.3000724987996
263.83591401964645 413.57770796817647
263.8998499988028 347.5316160513836
263.96378597795905 217.61090529768873
264.0277219571154 89.51893987035633
264.09165793627164 36.853528859716725
264.1555939154279 84.22189536597051
264.2195298945842 187.49159608429807
264.28346587374045 270.458839178385
264.3474018528967 287.5159439874142
264.41133783205305 260.09486436663207
264.47527381120926 251.71510347610183
264.5392097903656 304.6220487134515
264.60314576952186 401.46473791301605
264.6670817486781 483.3293189280792
264.7310177278344 506.93387126049146
264.79495370699067 486.89733463651464
264.85888968614694 470.6478913801786
264.92282566530326 482.1605596752028
264.98676164445953 509.48153676190594
265.0506976236158 528.6997942416523
265.1146336027721 523.886311700268
265.17856958192834 495.58777697036686
265.2425055610846 451.87396139384487
265.30644154024094 389.2540522461528
265.3703775193972 297.94327368467185
265.4343134985535 189.0683794196766
265.4982494777097 96.12309130938844
265.562185456866 42.52702393371566
265.6261214360223 22.554002754051744
265.6900574151785 23.69075806321004
265.7539933943349 62.87246536522728
265.81792937349115 185.48624484535048
265.8818653526474 413.0042236862211
265.9458013318037 692.4926799366262
266.00973731096 912.15674921648
266.07367329011623 976.6843475205465
266.1376092692725 875.3683867187688
266.2015452484288 686.8866675258489
266.2654812275851 514.8975637257996
266.32941720674137 410.6192221027949
266.39335318589764 356.7186229997609
266.4572891650539 312.3110544672252
266.5212251442102 255.8635898293736
266.58516112336645 192.55357295325916
266.6490971025228 136.14361184760756
266.71303308167904 91.98446538562423
266.77696906083526 59.959237627822574
266.8409050399916 42.52685046158279
266.90484101914785 39.709077610375275
266.96877699830407 42.61694522503621
267.0327129774604 38.71950471592208
267.0966489566167 25.32508089880548
267.160584935773 18.3562172486314
267.22452091492926 42.67420409265389
267.2884568940855 108.35082731994792
267.35239287324174 193.7452216148338
267.41632885239807 251.22509722733108
267.48026483155434 237.137069208856
267.54420081071066 149.36737632752775
267.60813678986693 43.86549838921768
267.6720727690232 4.83873972277231
267.7360087481795 77.9225186504269
267.79994472733574 223.0134493865212
267.863880706492 333.95680894179026
267.9278166856483 320.504840743638
267.9917526648046 190.66109592990384
268.0556886439609 47.984487814429194
268.11962462311715 1.4313808315725343
268.1835606022734 74.7344070028432
268.2474965814297 192.63977245968707
268.31143256058596 258.01279086703033
268.3753685397423 238.64841233592963
268.4393045188985 171.07588342953363
268.5032404980548 104.59467021203427
268.5671764772111 60.40364004864684
268.63111245636736 33.63386223399608
268.69504843552363 19.57923024891413
268.7589844146799 23.15311086260152
268.8229203938362 41.4851279544956
268.8868563729925 60.72423434464525
268.9507923521488 85.81711050050448
269.01472833130504 157.8586440100897
269.0786643104613 311.99804146463265
269.1426002896176 503.13871510220287
269.20653626877385 605.0456966827228
269.2704722479302 527.9974652769156
269.33440822708644 327.3407392249323
269.3983442062427 179.73437410034285
269.462280185399 245.664632585887
269.52621616455525 513.7333226947793
269.5901521437115 782.2320973332634
269.65408812286773 838.051009861449
269.71802410202406 645.1617514160537
269.7819600811804 354.30186653324046
269.84589606033666 151.97320618014322
269.90983203949287 103.284642658121
269.9737680186492 135.3563074579698
270.03770399780547 147.5959501931453
270.10163997696174 106.97105175914322
270.16557595611806 49.04068568500126
270.2295119352744 18.57137617649431
270.2934479144306 24.597661184605727
270.35738389358687 49.61945591562824
270.42131987274314 80.38087188015332
270.4852558518994 111.90321189163213
270.5491918310557 135.1149515908468
270.613127810212 142.1936004962334
270.6770637893683 142.10070158727828
270.74099976852455 154.9271266047479
270.8049357476808 181.61625820513927
270.8688717268371 190.85403373374345
270.9328077059933 153.18387231186276
270.9967436851496 86.25513333287938
271.06067966430595 54.87559973534415
271.1246156434622 111.13562124576288
271.1885516226185 232.76607122996117
271.2524876017748 338.57139896129746
271.31642358093103 364.86186706224095
271.3803595600873 317.26857144634005
271.4442955392436 248.04186050918625
271.5082315183999 190.92471702988013
271.57216749755617 138.80881236617577
271.63610347671244 85.15408718846241
271.7000394558687 58.45389321882892
271.763975435025 96.26651173979032
271.82791141418124 187.5191061185785
271.8918473933375 263.5726054744768
271.95578337249384 260.7151806408088
272.01971935165005 187.81794229885583
272.0836553308064 127.8012210077774
272.14759130996265 154.02768137004435
272.21152728911886 246.11762219726816
272.2754632682752 316.2160408205851
272.33939924743146 304.983384289002
272.4033352265878 229.56029899545896
272.46727120574405 155.5323896605106
272.5312071849003 128.71090537934464
272.59514316405654 130.66393654859488
272.65907914321286 112.99228052607728
272.72301512236913 62.65391359517945
272.78695110152546 12.98570563642515
272.8508870806817 1.8338209462281945
272.914823059838 33.25597383337612
272.9787590389942 78.77663120216354
273.04269501815054 107.61833555655028
273.1066309973068 107.35653554740186
273.1705669764631 82.10065597752853
273.2345029556194 44.30982977055371
273.2984389347757 10.995774226607152
273.36237491393194 0.36132531420043873
273.4263108930882 18.68766096082389
273.4902468722445 47.14695583814631
273.55418285140075 54.526019907905486
273.618118830557 31.373355153769623
273.6820548097133 5.9240939634782555
273.7459907888696 17.041950112088465
273.8099267680259 66.39560052213263
273.8738627471821 105.33991708382652
273.9377987263384 86.11760029237318
274.0017347054947 26.038052380438845
274.06567068465097 5.771690133794052
274.1296066638073 93.07296331055488
274.1935426429636 262.404436170935
274.25747862211983 396.75757492730895
274.3214146012761 384.97609336775463
274.3853505804324 229.75630429365492
274.44928655958864 56.59270649615792
274.51322253874486 2.204959639300597
274.57715851790124 93.57391397281047
274.6410944970575 228.5967545979048
274.7050304762138 271.1583011898939
274.76896645537005 187.498187759042
274.8329024345263 81.2570702012718
274.8968384136826 92.75275427051234
274.96077439283886 275.1928056264288
275.0247103719952 537.558032086276
275.08864635115145 716.1206358893788
275.15258233030767 713.2773243868297
275.216518309464 546.7198348288504
275.28045428862026 313.29590100954255
275.34439026777653 122.22425694981708
275.4083262469328 24.68013174231053
275.47226222608913 12.816086494803386
275.53619820524534 60.48975734473824
275.60013418440167 136.56259951950946
275.66407016355794 201.990582429396
275.7280061427142 212.60766318192657
275.7919421218705 150.91228829087115
275.85587810102675 56.07826235567009
275.9198140801831 2.2071495443547726
275.98375005933934 40.52566001513586
276.0476860384956 147.53937548046062
276.1116220176519 239.2067790550208
276.1755579968081 244.70117025971376
276.2394939759644 161.11015468670732
276.3034299551207 54.495840653978725
276.367365934277 1.7229122445372316
276.4313019134333 24.252521244261985
276.49523789258956 85.38888727027786
276.5591738717458 128.89529817512707
276.6231098509021 121.88199697478419
276.6870458300584 77.91525053220931
276.75098180921464 33.83009092062243
276.81491778837096 12.582439493350506
276.87885376752723 12.314510650607916
276.9427897466835 17.35268189236715
277.0067257258398 14.461921859196991
277.07066170499604 4.980312223713192
277.1345976841523 3.768430553950047
277.19853366330864 21.301218738421056
277.2624696424649 52.470184832863936
277.3264056216212 87.62364364140905
277.39034160077745 126.1076596654518
277.45427757993366 179.57750570856047
277.51821355909 260.77412235246504
277.58214953824626 355.47915473123174
277.6460855174026 416.0375257267696
277.71002149655885 401.02809168969617
277.7739574757151 309.7018139180756
277.83789345487133 181.24701356955208
277.90182943402766 71.59290338149793
277.965765413184 14.3799928850361
278.0297013923402 8.523659693536908
278.09363737149647 45.62543296652171
278.1575733506528 119.79302682921526
278.22150932980907 216.53727378130577
278.28544530896534 302.68135737652534
278.3493812881216 332.1370527364635
278.4133172672779 289.4486761477376
278.47725324643415 222.765869362606
278.5411892255905 198.87558197528227
278.60512520474674 228.4299629141483
278.669061183903 259.0300137190364
278.7329971630593 236.4994379100804
278.79693314221555 161.52048288134017
278.8608691213718 98.03232063792137
278.9248051005281 114.84059771664666
278.9887410796844 205.81686535950223
279.0526770588407 293.28835824812427
279.1166130379969 311.9570918139172
279.1805490171532 272.68447172705714
279.2444849963095 237.4712997960756
279.30842097546576 241.44691978842351
279.37235695462203 264.1435313109252
279.4362929337784 260.4929348489575
279.50022891293463 205.21520379653555
279.5641648920909 131.95515352914356
279.6281008712472 114.95793881034788
279.69203685040344 202.16776534581467
279.75597282955965 383.5617866887764
279.819908808716 615.3831539086958
279.8838447878723 846.9621500177655
279.9477807670286 1008.4248463283068
