0.1 39.43551888019644
0.1639359769355841 32.29341449687735
0.22787195387116815 21.077774148282398
0.2918079308067522 7.314605668765795
0.35574390774233633 0.3954697082021888
0.4196798846779204 19.698188223329037
0.48361586161350456 83.488676630588
0.5475518385490886 194.0402555967328
0.6114878154846727 295.84708143937627
0.6754237924202569 349.8028594205385
0.7393597693558408 363.45837925887633
0.803295746291425 335.12354657750194
0.8672317232270089 270.14674501988287
0.9311677001625931 228.649028237614
0.9951036770981773 255.23336277772808
1.0590396540337614 295.65358869022526
1.1229756309693455 286.38209826132714
1.1869116079049296 272.6205202067002
1.2508475848405136 343.3149614243347
1.3147835617760977 553.5599574872093
1.3787195387116815 881.1400289979523
1.442655515647266 1105.6648119557833
1.50659149258285 998.1319146205758
1.570527469518434 667.9429581068498
1.634463446454018 428.85649352253427
1.6983994233896023 580.0614806591193
1.7623354003251863 1276.340469990879
1.8262713772607704 2182.616440295624
1.8902073541963544 2681.995752063712
1.9541433311319387 2507.5431499026167
2.018079308067523 1772.343456789799
2.0820152850031066 871.6501926786444
2.145951261938691 395.6909185301152
2.209887238874275 637.9791802686715
2.273823215809859 1403.062229034333
2.3377591927454437 2330.227042683678
2.401695169681027 3129.028497858141
2.4656311466166114 3604.0994836048494
2.5295671235521953 3651.833762633668
2.5935031004877795 3285.614189950493
2.6574390774233634 2579.1974037786504
2.721375054358948 1629.0807080535517
2.785311031294532 686.5881428988353
2.849247008230116 191.84261172432616
2.9131829851657 460.00149383469727
2.977118962101284 1299.6987326136787
3.041054939036868 2076.9807634569565
3.104990915972452 2183.741542006529
3.1689268929080363 1519.5432574276804
3.2328628698436206 676.1929915336572
3.2967988467792044 469.4138614728273
3.3607348237147887 1122.3738833724385
3.4246708006503725 2108.9647032815574
3.488606777585957 2646.005763072734
3.5525427545215407 2241.5496892288943
3.616478731457125 1173.5789769153414
3.680414708392709 358.50018539000973
3.7443506853282926 465.36275635245
3.808286662263877 1447.4590913412596
3.8722226391994607 2733.625846365823
3.9361586161350446 3575.6859222192056
4.000094593070629 3590.1241220786355
4.064030570006214 3032.1360830448048
4.1279665469417965 2428.739624804154
4.19190252387738 2169.54722096105
4.255838500812965 2313.4466752460366
4.31977447774855 2506.8002047864425
4.383710454684134 2211.070717263604
4.4476464316197175 1295.2188225474847
4.5115824085553005 316.4275099960423
4.575518385490886 18.57904802883014
4.63945436242647 631.8627161847912
4.703390339362054 1561.1022072147607
4.7673263162976385 1839.8274923018575
4.831262293233222 1157.6293883905437
4.895198270168806 226.78732953092472
4.95913424710439 118.04433420345379
5.023070224039976 1229.4711197654717
5.0870062009755594 2730.6792569891286
5.150942177911142 3387.5175879071585
5.214878154846726 2837.601632466703
5.278814131782311 1771.6116733638833
5.342750108717895 1239.7479891708383
5.4066860856534795 1647.4255868804746
5.470622062589063 2295.2075856064926
5.534558039524647 2255.8527303585083
5.598494016460231 1429.8096852451483
5.662429993395815 525.0162725801292
5.7263659703314 262.508783334818
5.790301947266984 661.1977869162153
5.854237924202567 1093.3392314433308
5.918173901138152 1058.1540787475317
5.982109878073736 734.6744764412628
6.04604585500932 629.1558288501164
6.109981831944904 936.0239279717213
6.173917808880488 1437.3016306222291
6.237853785816072 1735.671177718782
6.301789762751656 1592.9982163950729
6.365725739687241 1183.1435789063885
6.429661716622824 846.7555033804346
6.493597693558408 724.5322276197395
6.557533670493992 812.2623556447677
6.621469647429577 1138.7095611567725
6.685405624365161 1713.6514786039706
6.749341601300745 2361.621687045156
6.813277578236328 2763.7946222100295
6.877213555171913 2686.8138280027765
6.941149532107497 2151.666558106004
7.005085509043081 1458.0749072692304
7.0690214859786655 992.9652128189994
7.1329574629142485 893.5820671935226
7.196893439849833 962.3179365618195
7.260829416785419 933.6878899536333
7.324765393721002 722.495491582735
7.388701370656586 433.4909623973236
7.4526373475921694 235.94622661074507
7.516573324527753 203.73453950003903
7.580509301463338 227.43167897069307
7.644445278398922 142.67330947956347
7.708381255334506 6.397209132426217
7.7723172322700895 236.8392290386824
7.836253209205673 1367.8446566708592
7.900189186141257 3478.363838316431
7.964125163076842 5782.267728717307
8.028061140012428 6956.527963885261
8.091997116948011 6146.5799566482765
8.155933093883595 3786.6869880317863
8.219869070819179 1442.4704368569135
8.283805047754761 625.6782036641378
8.347741024690345 1642.2520520238736
8.411677001625929 3576.389248475564
8.475612978561514 5125.590978130868
8.5395489554971 5567.374266912195
8.603484932432686 5196.268757976235
8.667420909368268 4606.696341728118
8.731356886303852 3938.306285086284
8.795292863239435 3167.210032718649
8.85922884017502 2437.779885459887
8.923164817110603 1904.7347864541064
8.987100794046189 1573.5281599591979
9.051036770981773 1239.868991539722
9.114972747917356 708.3779803021649
9.17890872485294 176.97166040341037
9.242844701788524 130.33463949451004
9.30678067872411 709.2474168028388
9.370716655659693 1374.3160468556418
9.434652632595277 1417.2499487015186
9.498588609530861 781.819746588832
9.562524586466447 248.15859465042575
9.626460563402029 659.1135382271754
9.690396540337613 1905.08686673922
9.754332517273197 2910.3525455193435
9.81826849420878 2738.6352212572774
9.882204471144366 1546.448075154973
9.946140448079948 369.6066027520297
10.010076425015532 25.326566122632386
10.074012401951116 360.12514743954114
10.1379483788867 627.4789224165244
10.201884355822283 458.6029925780372
10.265820332757867 255.5795213169568
10.329756309693453 560.8840551029995
10.393692286629038 1272.378199467024
10.457628263564622 1705.461802326734
10.521564240500206 1374.0591039829883
10.585500217435788 566.0682474097988
10.649436194371372 32.24361798701396
10.713372171306956 149.48603630296287
10.77730814824254 573.0652872431115
10.841244125178129 772.3937021361991
10.90518010211371 740.3126859664851
10.969116079049295 972.3550472939273
11.033052055984879 1803.2566386049052
11.096988032920462 2891.8048685823096
11.160924009856046 3422.473903467764
11.22485998679163 2951.475812749476
11.288795963727216 1950.4535553180249
11.3527319406628 1341.280309845256
11.416667917598383 1652.5233746026663
11.480603894533967 2649.135115720743
11.544539871469553 3636.133340616425
11.608475848405133 4084.9372393819526
11.672411825340719 3935.260426980376
11.736347802276304 3414.3585100003406
11.800283779211888 2740.095720711628
11.864219756147472 1970.113082148236
11.928155733083056 1109.9272521132712
11.99209171001864 344.6710889275717
12.056027686954224 11.172180400762876
12.119963663889807 284.78361860699
12.183899640825391 992.1187898432928
12.247835617760977 1709.8828375336489
12.31177159469656 2004.661959831006
12.375707571632145 1708.3966572824652
12.439643548567728 1040.853782246455
12.503579525503312 416.5117729426016
12.567515502438896 119.54340333037588
12.63145147937448 133.66438412198565
12.695387456310064 225.34919540578403
12.759323433245648 185.21489674224264
12.823259410181231 39.355346344009966
12.887195387116815 43.940742573948576
12.9511313640524 427.01193923527467
13.015067340987985 1139.2414733264857
13.07900331792357 1870.1352785883532
13.142939294859154 2257.8564910474724
13.206875271794736 2127.290907932595
13.27081124873032 1613.1603230237838
13.334747225665904 1037.5356252382287
13.398683202601488 654.8106479195748
13.462619179537072 526.0955873040825
13.526555156472657 570.7614598036445
13.590491133408243 669.8756045174904
13.654427110343827 732.0986172659105
13.71836308727941 714.0486504376884
13.782299064214994 617.8430532274181
13.846235041150578 475.0672713491167
13.91017101808616 320.67550009351925
13.974106995021748 181.82445850118333
14.038042971957331 92.24541972925496
14.101978948892915 93.27137316590253
14.1659149258285 198.50440577843116
14.229850902764081 367.5055339038311
14.293786879699667 528.9639779769777
14.35772285663525 631.21933041253
14.421658833570836 674.9740631024276
14.48559481050642 693.9459588994241
14.549530787442004 693.956926927084
14.613466764377588 620.7524316439509
14.677402741313172 419.7658338042822
14.741338718248755 148.6692108863452
14.80527469518434 1.7628738004662012
14.869210672119925 158.54601969068955
14.933146649055509 575.528747415194
14.997082625991093 959.4813677603402
15.061018602926676 998.928183644427
15.12495457986226 653.9297147718685
15.188890556797844 220.2674203408716
15.252826533733428 66.26164830668387
15.316762510669012 281.2417436620482
15.380698487604596 615.485908332879
15.44463446454018 786.2493042320749
15.508570441475763 831.545560395217
15.572506418411349 1103.5705531753536
15.636442395346933 1842.1547138239268
15.700378372282517 2799.636560797219
15.7643143492181 3366.256997510372
15.828250326153684 3094.4544560958334
15.892186303089268 2118.978676544756
15.956122280024852 1039.368579185055
16.02005825696044 403.6172926522147
16.08399423389602 346.3296999671087
16.147930210831607 660.5276738956032
16.211866187767193 1102.387209237129
16.275802164702775 1526.8455288168802
16.33973814163836 1772.04166098672
16.403674118573942 1621.0092145391923
16.467610095509528 1010.754223000804
16.531546072445114 276.8033283365886
16.595482049380696 23.08541434742017
16.65941802631628 547.7246183791104
16.723354003251863 1422.2764574920348
16.78728998018745 1796.9410397718225
16.85122595712303 1265.9793829265634
16.915161934058617 370.0729968565458
16.979097910994202 31.83025846075492
17.043033887929784 563.6100091907188
17.106969864865366 1347.2564441576455
17.170905841800952 1507.4437844119432
17.234841818736538 943.4378773286832
17.29877779567212 470.7417379192439
17.362713772607705 823.7127475450411
17.42664974954329 1752.427207874235
17.490585726478873 2217.318494777266
17.55452170341446 1561.0026239046892
17.61845768035004 410.1022910754772
17.682393657285626 108.62618333655672
17.74632963422121 1262.9265567450052
17.81026561115679 2990.193279048487
17.87420158809238 3708.6103596234902
17.93813756502796 2738.707968892219
18.002073541963547 992.1151449760016
18.06600951889913 67.87060281972839
18.129945495834715 742.4277801225035
18.193881472770297 2283.6824022959254
18.25781744970588 3227.656947278412
18.321753426641468 2768.146324758616
18.385689403577047 1377.0720997279718
18.449625380512636 223.4127855336572
18.513561357448214 70.4156909266367
18.577497334383803 753.8818490943271
18.641433311319386 1566.3168520793308
18.705369288254968 1939.467018901585
18.76930526519056 1813.0875025293697
18.833241242126135 1458.703822240817
18.897177219061724 1080.978285068782
18.961113195997303 719.0837644864238
19.02504917293289 429.3286246918131
19.088985149868478 427.065192206216
19.152921126804056 990.9263964314637
19.216857103739645 2177.3367134845166
19.280793080675227 3631.1981328789
19.344729057610813 4703.79130988866
19.408665034546395 4851.486311012392
19.47260101148198 4019.762550333312
19.53653698841756 2663.118497596481
19.60047296535315 1416.3536558325927
19.66440894228873 694.5550685554776
19.72834491922432 494.2921210329188
19.7922808961599 530.3375770896806
19.856216873095484 531.6389652488671
19.92015285003107 411.5953674121196
19.984088826966648 237.84724351985432
20.04802480390224 101.3963808082391
20.111960780837823 30.540817350239426
20.175896757773405 5.560361728277188
20.23983273470899 2.955794468493037
20.30376871164457 16.972057537055154
20.36770468858016 62.86078802299268
20.43164066551574 170.59767566559486
20.495576642451326 350.53499743047144
20.559512619386908 539.5520869285823
20.623448596322493 623.8441922847345
20.68738457325808 535.0123729989863
20.75132055019366 322.96470142873017
20.815256527129247 152.0086928723558
20.87919250406483 145.0262815612167
20.94312848100041 222.57504397615088
21.007064457936 208.44336946632467
21.071000434871586 72.5273094928699
21.134936411807168 5.631559243425435
21.19887238874275 208.55765679925392
21.26280836567833 600.8115265021129
21.32674434261392 853.4511104268995
21.390680319549503 754.38832683214
21.454616296485085 509.38056076405866
21.51855227342067 579.3064883845763
21.582488250356256 1112.8043196681474
21.64642422729184 1683.1599962590062
21.710360204227424 1695.1029019643515
21.77429618116301 1024.94808287363
21.83823215809859 237.37427351257756
21.902168135034174 30.242993991841814
21.96610411196976 479.57967567252246
22.030040088905345 975.3966822282225
22.093976065840927 909.9382736578409
22.157912042776513 391.3579079503344
22.22184801971209 137.00653832213345
22.28578399664768 649.7955467877757
22.349719973583262 1635.1939848845902
22.413655950518848 2238.5182607751262
22.477591927454437 1912.47225882347
22.541527904390012 987.7417524311197
22.6054638813256 274.1695132422633
22.669399858261183 249.75655018162368
22.73333583519677 686.2100309453675
22.79727181213235 999.4172355578888
22.861207789067937 887.6678766004399
22.92514376600352 543.4982580586761
22.989079742939104 361.4454828376042
23.053015719874686 501.3793049325598
23.116951696810272 743.6942994134445
23.180887673745858 814.8966576868878
23.24482365068144 674.5804745792284
23.308759627617025 450.98751199126747
23.372695604552607 280.87616136143293
23.436631581488193 197.59254534031632
23.500567558423775 138.85078903139575
23.56450353535936 66.10094906723637
23.628439512294943 11.28503248766066
23.69237548923053 26.624557547070616
23.756311466166117 146.4080030263519
23.820247443101696 371.9310358516767
23.88418342003728 653.7855793512388
23.948119396972867 898.9085822440301
24.01205537390845 1009.1920135071526
24.075991350844035 922.6573457574239
24.139927327779617 656.2423530940689
24.2038633047152 336.0677050864268
24.267799281650788 143.0788993781856
24.331735258586367 208.8670696464396
24.395671235521956 588.7759362366916
24.459607212457534 1256.9035564559667
24.523543189393123 2133.179447563264
24.587479166328706 3085.0718179546566
24.651415143264288 3778.9197517301654
24.71535112019988 3833.72044752598
24.779287097135455 3208.690292407599
24.843223074071044 2117.5960671944513
24.907159051006623 913.9192112974899
24.97109502794221 142.16572957106936
25.035031004877798 228.4663555983004
25.098966981813376 1198.2550481126375
25.162902958748965 2631.7596142234306
25.226838935684547 3785.1937101170665
25.290774912620133 4068.686094813625
25.354710889555715 3396.5048418899914
25.4186468664913 2150.973106960467
25.48258284342688 957.2599066509315
25.54651882036247 252.271004879598
25.61045479729805 37.71632082465787
25.67439077423364 60.632304225460814
25.73832675116922 89.036787848785
25.802262728104804 58.06649475811218
25.86619870504039 17.17409407434739
25.930134681975968 4.457904331184851
25.99407065891156 27.897293208782283
26.058006635847143 120.04748590054528
26.121942612782725 336.43278845581466
26.18587858971831 654.7869553072835
26.24981456665389 930.5329152925096
26.31375054358948 978.2548798684179
26.37768652052506 728.191294000998
26.441622497460646 347.63975308265225
26.50555847439623 100.3000468248106
26.569494451331813 93.34984941801974
26.6334304282674 227.70921381444967
26.69736640520298 321.88657469494404
26.761302382138567 301.313089207627
26.82523835907415 267.4516946253637
26.88917433600973 352.6743597055497
26.95311031294532 572.0809009204313
27.017046289880906 805.200798455936
27.080982266816488 907.0164204276867
27.14491824375207 847.5878933884355
27.208854220687652 712.42157865447
27.27279019762324 606.1861331254371
27.336726174558823 599.0317543229404
27.40066215149441 738.0246348490923
27.46459812842999 1066.9980127391848
27.528534105365576 1584.0889301580676
27.59247008230116 2155.8983365357853
27.656406059236744 2521.1428118400268
27.72034203617233 2445.0360316660567
27.78427801310791 1907.6294919998388
27.848213990043497 1194.6878763529865
27.91214996697908 786.0423802774451
27.976085943914665 1020.148497224066
28.040021920850247 1808.9859846663264
28.103957897785833 2683.1066000542
28.16789387472141 3125.911094982438
28.231829851657 2948.38897245572
28.295765828592582 2378.6180634126367
28.359701805528168 1814.878644690676
28.423637782463757 1538.2621151242906
28.487573759399332 1582.6863996578422
28.55150973633492 1782.4875795671683
28.615445713270503 1933.2250428368343
28.67938169020609 1915.662838883818
28.743317667141675 1711.969605912506
28.807253644077257 1362.4581501971
28.87118962101284 941.8289876694421
28.935125597948424 567.3170428202759
28.999061574884006 359.19845684204995
29.062997551819592 344.82645836083714
29.126933528755178 416.0311597185627
29.19086950569076 417.2392958151124
29.254805482626345 291.9420613980445
29.318741459561927 121.75274238835534
29.382677436497513 19.29726406915257
29.446613413433095 11.373034637790177
29.51054939036868 38.37646276240105
29.574485367304263 66.35460950974483
29.63842134423985 167.8958528768324
29.702357321175437 439.6973742229473
29.766293298111016 840.3952201118879
29.8302292750466 1146.2241532517965
29.894165251982187 1109.4140036997603
29.95810122891777 714.576285865414
30.022037205853355 247.81057470305944
30.085973182788937 44.06522756577082
30.14990915972452 209.303685148072
30.213845136660108 592.6358975373374
30.277781113595687 957.7190622739059
30.341717090531276 1219.2785836238593
30.405653067466854 1490.4220027031083
30.469589044402444 1828.4024525696411
30.533525021338026 2064.869624834133
30.597460998273608 1943.505735154292
30.6613969752092 1373.9476055796165
30.725332952144775 608.0268264403337
30.789268929080365 87.09319030777769
30.853204906015943 28.0532752325952
30.91714088295153 247.72791613433844
30.981076859887114 373.8452178720794
31.045012836822696 229.27824014571337
31.108948813758285 37.10504733678154
31.172884790693868 168.28413168862116
31.236820767629453 745.2777801478129
31.300756744565035 1498.9998321878295
31.36469272150062 1979.437042704104
31.4286286984362 2014.7620537017876
31.49256467537179 1845.5823108990164
31.55650065230737 1772.5749637649071
31.62043662924296 1876.2813119585037
31.68437260617854 1955.4631032290133
31.748308583114124 1703.296495816507
31.81224456004971 1083.8580590180632
31.876180536985288 401.46939631100736
31.94011651392088 27.33854795260807
32.00405249085646 135.30681140633487
32.06798846779204 571.480518715795
32.13192444472763 1004.7046101205068
32.195860421663205 1200.7345099080856
32.259796398598795 1116.5945708635325
32.323732375534384 875.6066558429659
32.387668352469966 677.669123793144
32.45160432940555 652.3103093920388
32.51554030634114 767.7823033716276
32.57947628327672 863.501139720214
32.6434122602123 778.8532266944458
32.70734823714788 482.28427425713426
32.77128421408347 138.38885758694948
32.835220191019054 36.10416695416637
32.89915616795464 401.56380428778346
32.963092144890226 1263.5221397600749
33.02702812182581 2400.6051447933582
33.09096409876139 3429.4946341047735
33.154900075696965 4043.8000378001216
33.21883605263256 4113.376104663004
33.28277202956814 3653.2889432657694
33.346708006503725 2850.9140708472246
33.410643983439314 2007.7930212706249
33.474579960374896 1339.552616881566
33.53851593731048 881.9949717345917
33.60245191424606 601.9946241952484
33.66638789118165 524.9072636011201
33.73032386811723 713.5548414258983
33.794259845052814 1133.50979756359
33.8581958219884 1544.6511573580904
33.922131798923985 1594.4880040685323
33.98606777585957 1150.7345395262535
34.05000375279515 546.6174120603215
34.11393972973074 320.53143190180435
34.17787570666632 667.1811470400818
34.2418116836019 1253.591966724174
34.305747660537484 1516.516083429992
34.369683637473074 1176.3730566383615
34.43361961440865 582.84973258507
34.49755559134424 372.08286950804495
34.56149156827983 776.8135981657581
34.62542754521541 1399.9409287559347
34.68936352215099 1621.4632253023708
34.75329949908658 1291.1782206927503
34.81723547602216 879.6159614611613
34.881171452957744 862.0650451677981
34.945107429893326 1257.50036724732
35.009043406828916 1657.9931632299847
35.0729793837645 1582.5342185806187
35.13691536070008 1014.1146697224768
35.20085133763567 410.06408704989485
35.26478731457125 124.98246202383775
35.32872329150683 105.09267785022168
35.392659268442415 120.68963487247112
35.456595245378004 153.76723106667836
35.520531222313586 466.0032738445636
35.58446719924917 1224.666048435461
35.64840317618476 2142.085406047295
35.71233915312033 2596.676085514664
35.77627513005592 2196.1308614241825
35.840211106991504 1201.453393070935
35.904147083927086 310.55833393712453
35.968083060862675 40.685993386338566
36.03201903779826 331.4354211383565
36.095955014733846 709.2207706899253
36.159890991669435 780.5412273946899
36.22382696860501 533.3167574393087
36.28776294554059 220.331403486113
36.351698922476174 46.55236741584088
36.41563489941176 24.92121963756949
36.47957087634735 87.70888178484691
36.54350685328293 222.7249485851249
36.60744283021852 445.4316295457224
36.6713788071541 681.9346349661901
36.73531478408968 780.461979139179
36.79925076102527 660.4876885384019
36.863186737960845 398.70776823127807
36.927122714896434 159.61399838373012
36.991058691832016 41.94904050621437
37.054994668767606 11.139496471131432
37.118930645703195 0.8680024924874538
37.18286662263877 30.64041002437044
37.24680259957436 169.09128345382126
37.310738576509934 396.3297473001752
37.37467455344552 577.196677556741
37.43861053038111 590.3017338520496
37.50254650731669 454.63186491522293
37.56648248425228 334.1605658444413
37.63041846118786 360.7877528275933
37.69435443812345 473.383781122689
37.75829041505903 537.5672543729357
37.822226391994604 520.2199178166269
37.8861623689302 476.9477000535094
37.950098345865776 452.9725215745816
38.01403432280136 398.2431617655925
38.077970299736954 260.1716558048247
38.141906276672536 203.25044596895495
38.20584225360812 578.3312755618691
38.26977823054369 1603.765243395695
38.33371420747929 3049.785074348756
38.39765018441487 4243.592384716505
38.461586161350446 4549.877429551643
38.52552213828604 3871.587180790008
38.58945811522162 2638.8265683122263
38.65339409215721 1421.8686933003512
38.71733006909279 569.5784131419472
38.78126604602838 130.92280331816556
38.84520202296396 27.242531625534426
38.909137999899535 183.0745749439261
38.97307397683512 476.77952667743943
39.03700995377071 683.0845159169837
39.100945930706295 606.9351064130609
39.16488190764188 317.7803687292827
39.22881788457747 156.78993061475055
39.29275386151305 424.78962938907097
39.35668983844863 1034.09633255676
39.420625815384206 1509.1467523682707
39.4845617923198 1428.2290304664195
39.54849776925538 853.1767916628033
39.612433746190966 272.689153041754
39.67636972312656 139.994528275917
39.74030570006214 446.4330617095444
39.80424167699772 758.496108123864
39.868177653933294 710.3940102305518
39.93211363086889 395.90095097765646
39.99604960780447 241.80022977723735
40.05998558474005 551.9278286395088
40.12392156167564 1204.008577366216
40.187857538611226 1765.8627398792091
40.25179351554681 1881.6279778300868
40.31572949248239 1560.4900603801707
40.37966546941798 1115.844420063606
40.44360144635356 847.9589164318692
40.507537423289136 810.8073087373252
40.571473400224725 850.0957007588323
40.63540937716032 797.1463223886691
40.6993453540959 609.6120375545152
40.76328133103148 365.8823382261345
40.82721730796706 178.70702571849398
40.89115328490265 122.85862149670479
40.95508926183823 213.55955860220936
41.01902523877381 434.5307759394228
41.0829612157094 774.0082731053926
41.146897192644985 1216.2599274876293
41.21083316958057 1693.7643271892448
41.27476914651616 2063.6681173795446
41.33870512345174 2153.500295691484
41.40264110038732 1867.5902463846987
41.466577077322896 1304.5433314036827
41.530513054258485 766.6840262393201
41.59444903119408 555.3727752652427
41.658385008129656 711.7661206894859
41.722320985065245 996.5990276463039
41.78625696200083 1115.3072682122247
41.85019293893641 949.7369204057089
41.91412891587199 621.3853222070087
41.97806489280758 354.2747152282964
42.04200086974316 264.5006550333292
42.10593684667874 291.9866650042133
42.16987282361433 321.07550093797386
42.23380880054992 317.8767173111137
42.2977447774855 336.0735669521136
42.36168075442108 411.1193856083037
42.42561673135666 484.14717990334736
42.48955270829225 463.6341531381224
42.55348868522783 343.0877913271965
42.61742466216342 213.6615726865532
42.681360639099005 168.37780169897584
42.74529661603459 214.59260231544812
42.80923259297017 277.89066956080944
42.87316856990576 291.78943851058943
42.93710454684133 267.2263204779824
43.00104052377692 258.1689857403684
43.06497650071251 280.55115817582737
43.128912477648086 287.1865835948876
43.19284845458368 228.30578327720593
43.25678443151926 122.8998444990278
43.32072040845485 43.80166351546656
43.38465638539042 38.46945251810763
43.44859236232601 83.7513849595178
43.5125283392616 120.32326247959811
43.57646431619718 128.2899833933481
43.64040029313276 153.9359820755327
43.704336270068346 254.1919377085452
43.768272247003935 426.3572962251648
43.83220822393952 593.9071292697903
43.8961442008751 664.203048658606
43.96008017781069 605.2617792301654
44.02401615474627 457.92375364975805
44.087952131681845 287.0037086901922
44.15188810861744 141.81040689222078
44.215824085553024 46.40188413660861
44.279760062488606 4.5095514627641515
44.34369603942418 5.794318254023724
44.40763201635978 23.948820678983257
44.47156799329536 25.190981573154147
44.53550397023094 4.0760784128353915
44.59943994716652 19.321775676106245
44.66337592410211 183.81875945520127
44.727311901037694 593.0808420944851
44.79124787797328 1238.015663607995
44.85518385490887 1966.9397567308977
44.91911983184445 2522.020067071467
44.98305580878002 2655.488416597645
45.046991785715605 2282.3414804889603
45.1109277626512 1546.265060795736
45.17486373958678 743.8186441552213
45.238799716522365 182.0883495389902
45.302735693457954 34.59201665061862
45.366671670393536 246.09836988693087
45.43060764732912 569.1000465423401
45.4945436242647 732.8667935563609
45.55847960120029 634.0268530073416
45.62241557813587 420.4464221208606
45.68635155507145 381.75955363791394
45.75028753200704 705.2934772435766
45.81422350894263 1291.4665913401236
45.87815948587821 1775.6203480398012
45.94209546281378 1791.0047914237775
46.00603143974938 1304.2189173445167
46.06996741668496 682.8792235068128
46.13390339362054 411.6726339624344
46.197839370556125 703.6082390238321
46.261775347491714 1294.0870148903691
46.325711324427296 1645.5478232350388
46.38964730136288 1429.5549952585084
46.453583278298474 803.6274072314945
46.51751925523405 262.99142219235523
46.58145523216963 214.92866837286593
46.64539120910521 626.2582123133216
46.7093271860408 1098.270302728472
46.773263162976384 1247.4591061370222
46.83719913991197 992.6997826145249
46.90113511684756 559.7283341315709
46.96507109378314 223.24899818344363
47.02900707071872 66.29633689757469
47.09294304765431 15.278694755558211
47.15687902458989 8.903705103300323
47.22081500152547 68.76926069814465
47.284750978461055 210.30170828972211
47.34868695539664 354.2221964147259
47.41262293233223 424.4847571020164
47.47655890926781 486.46311646331554
47.5404948862034 740.0018167765771
47.60443086313897 1347.8506940611112
47.66836684007456 2155.8421493158567
47.732302817010144 2653.8901289448895
47.796238793945726 2404.717467053404
47.86017477088132 1481.279041734942
47.9241107478169 459.4388424413365
47.988046724752486 43.41472124361552
48.051982701688075 546.8779377663328
48.11591867862365 1605.5865577930451
48.17985465555923 2469.1808448077995
48.243790632494814 2590.751974707749
48.3077266094304 1958.6468113327865
48.37166258636599 1024.282792495066
48.43559856330157 345.78711375674726
48.49953454023716 190.3472133151246
48.56347051717274 420.2810718750945
48.62740649410832 691.8908316881153
48.69134247104391 725.7733674836669
48.755278447979485 480.71789772560805
48.819214424915074 152.28859628558186
48.883150401850656 3.072147665780121
48.947086378786246 171.1397990944992
49.011022355721835 591.058381670817
49.07495833265741 1046.3470598887384
49.138894309593 1306.3338057133185
49.202830286528574 1261.7890277901076
49.26676626346416 970.7553082468265
49.33070224039975 594.5810912264208
49.39463821733533 285.2772694399203
49.45857419427092 106.10349641755772
49.5225101712065 30.79451972170087
49.58644614814209 6.315485780033216
49.65038212507767 19.560640303106332
49.714318102013245 109.89151847944127
49.77825407894884 316.86590403511894
49.842190055884416 613.1147487662892
49.90612603282 886.1305118286019
49.970062009755594 995.4088968404407
50.033997986691176 875.17835905739
50.09793396362676 592.8976177264406
50.16186994056233 298.4150510998573
50.22580591749793 112.14438593422948
50.28974189443351 51.63641226972694
50.35367787136909 51.84068928315278
50.41761384830468 47.28868333424808
50.48154982524026 25.422229672810296
50.54548580217585 9.539134235976832
50.60942177911143 16.518300786174958
50.67335775604702 48.0990543651241
50.7372937329826 114.5890085111676
50.801229709918175 234.79095306773013
50.86516568685376 392.9377821432428
50.92910166378935 507.166262259486
50.993037640724935 479.6834810659664
51.05697361766052 318.7716334126755
51.12090959459611 189.5436889525863
51.18484557153169 290.0184535521502
51.24878154846727 655.9215868209324
51.312717525402846 1085.3211626429315
51.37665350233844 1284.411471879756
51.44058947927402 1123.7126613487812
51.504525456209606 742.8930233437302
51.5684614331452 402.97132193639015
51.63239741008078 252.8927353322485
51.69633338701636 234.0911255776344
51.760269363951934 199.31075677224945
51.82420534088753 104.34321101532188
51.88814131782311 55.27658353333836
51.95207729475869 167.1244672350994
52.01601327169429 406.4992732149196
52.079949248629866 604.1079014706162
52.14388522556545 622.3279652654721
52.20782120250103 488.97025646566135
52.27175717943662 366.4343278711159
52.3356931563722 401.58967476983446
52.399629133307776 594.8394476707069
52.463565110243366 808.5653916923459
52.52750108717896 904.1309582181136
52.59143706411454 851.511957545214
52.65537304105012 712.8105006381285
52.7193090179857 567.9859575430761
52.78324499492129 468.2626064825042
52.84718097185687 427.538586165236
52.91111694879246 430.8671369353015
52.97505292572804 443.482480976168
53.038988902663625 423.17655341969726
53.10292487959921 345.54108032343066
53.1668608565348 233.70864624150252
53.23079683347038 160.19076300225052
53.29473281040596 199.68914152320912
53.35866878734154 368.53317451006046
53.422604764277125 607.5141232156377
53.48654074121272 819.4444685709344
53.550476718148296 925.421513260808
53.614412695083885 896.3379887764083
53.67834867201947 750.8449263713654
53.74228464895505 540.2622198753285
53.80622062589064 328.8139666593919
53.87015660282622 168.36537856500922
53.9340925797618 79.19558094644447
53.99802855669738 51.89129218139274
54.06196453363297 73.19543405445243
54.12590051056856 156.0241857689582
54.18983648750414 338.10537080290834
54.25377246443973 633.161895512405
54.3177084413753 973.9689138740688
54.38164441831089 1222.2741093671339
54.44558039524647 1265.5385370682347
54.50951637218206 1124.2504261606339
54.573452349117645 965.7883199417939
54.63738832605323 982.7266459505315
54.701324302988816 1219.4533930388332
54.7652602799244 1498.7887043262047
54.82919625685999 1529.0462325420515
54.89313223379556 1149.9842068018545
54.95706821073115 529.839822218546
55.021004187666726 80.01239461876607
55.08494016460232 115.45298426407254
55.148876141537905 572.434919633544
55.21281211847349 1036.3253219489677
55.27674809540906 1074.9629746211767
55.34068407234465 631.9213215009233
55.40462004928024 130.34069731304882
55.46855602621582 140.71183126281787
55.5324920031514 887.6686624118701
55.59642798008699 2040.1727551405236
55.660363957022575 2936.142892159397
55.72429993395816 3055.8923031214854
55.78823591089374 2408.250751458123
55.85217188782933 1492.1220265835589
55.91610786476491 857.5221396255243
55.980043841700486 711.7041477458612
56.04397981863608 867.721314166112
56.107915795571664 966.1165963727344
56.171851772507246 784.5739126652924
56.23578774944282 402.995756539732
56.29972372637842 86.04593831108822
56.363659703314 30.331347535833512
56.42759568024958 213.3696313498054
56.49153165718517 437.21910875442626
56.55546763412075 509.5019125224319
56.619403611056335 395.3615092831871
56.68333958799192 208.96521620863183
56.74727556492751 90.57365714304322
56.81121154186309 92.71019377524297
56.87514751879866 154.10156769804072
56.93908349573426 174.61217164117983
57.00301947266984 116.32173647744489
57.06695544960542 31.484076935116157
57.130891426541005 6.031604863072459
57.194827403476594 79.12345463940873
57.25876338041218 207.3305012554404
57.32269935734776 305.7999554980333
57.386635334283355 320.749974297351
57.45057131121893 258.682015213526
57.51450728815451 160.05024893737635
57.57844326509009 63.76481916507703
57.64237924202568 4.9727885951086845
57.70631521896127 35.08320908789633
57.77025119589685 210.6628374410724
57.83418717283242 528.949174844104
57.89812314976802 866.1566901748325
57.9620591267036 1016.9013029737775
58.02599510363918 852.418666006649
58.089931080574765 461.4973451443191
58.153867057510354 122.99992586182604
58.217803034445936 111.0699401723072
58.28173901138152 476.61620750047274
58.345674988317114 990.5986526063743
58.40961096525269 1324.2957483883204
58.47354694218827 1311.0541838966667
58.53748291912385 1050.8415777668972
58.60141889605944 780.3305128473501
58.665354872995024 654.3436128746279
58.72929084993061 652.3401462251941
58.7932268268662 664.8931814930281
58.85716280380178 626.5159538877676
58.92109878073736 550.9314093055266
58.98503475767295 460.79161737735336
59.04897073460853 335.735728724179
59.11290671154411 164.45049072410137
59.176842688479695 23.181309689195967
59.24077866541528 56.771368243765075
59.30471464235087 348.52042938606553
59.36865061928645 800.1141626902393
59.43258659622204 1167.5442515022055
59.49652257315761 1246.1441364210568
59.5604585500932 1029.5358932932907
59.624394527028784 691.0885436720671
59.688330503964366 420.661674217356
59.75226648089996 277.942174715431
59.81620245783554 197.32301908063937
59.880138434771126 126.47882904790762
59.944074411706715 128.7742100950268
60.00801038864229 328.898752226362
60.07194636557787 769.2168252247834
60.135882342513455 1317.6979786629975
60.19981831944904 1717.0049924152172
60.26375429638463 1747.7383661302858
60.32769027332021 1376.0503689973204
60.3916262502558 786.475018908476
60.45556222719138 270.02381259164645
60.51949820412696 23.130062183856786
60.58343418106255 28.041669792250968
60.647370157998125 110.60471914222832
60.711306134933714 119.27781844236348
60.7752421118693 85.20189938345395
60.839178088804886 194.4583937370616
60.903114065740475 579.5609689551858
60.96705004267605 1132.725137869918
61.03098601961164 1522.0910031665098
61.094921996547214 1453.0155895278224
61.1588579734828 951.0136459979149
61.22279395041839 351.52558151405174
61.28672992735397 27.913248724879892
61.35066590428956 134.5442792719873
61.41460188122514 549.3840340293672
61.47853785816073 1038.4326919850819
61.54247383509631 1474.116039269044
61.606409812031885 1861.8142792228828
61.67034578896748 2183.902118049214
61.734281765903056 2319.816314753515
61.79821774283864 2147.703945616948
61.862153719774234 1679.8428350625832
61.926089696709816 1089.8922858672738
61.9900256736454 603.6168598860484
62.05396165058097 334.31699872197447
62.11789762751657 230.02456986502887
62.18183360445215 182.80217725804053
62.24576958138773 149.3397558817151
62.30970555832332 149.29087958023328
62.3736415352589 180.26107441177473
62.43757751219449 186.09388612928055
62.50151348913007 126.54337312783106
62.56544946606566 50.68165283133838
62.62938544300124 70.26660170781882
62.693321419936815 243.9509893576072
62.7572573968724 495.8036575283553
62.82119337380799 669.9560284692053
62.885129350743576 665.2327420664184
62.94906532767916 506.2332364793272
63.01300130461475 293.8353125054504
63.07693728155033 117.87231707363944
63.14087325848591 32.82394332237461
63.204809235421486 91.81777868295904
63.26874521235708 354.76748769440235
63.33268118929266 811.9292326919007
63.396617166228246 1298.7021576148231
63.46055314316384 1554.529044085983
63.52448912009942 1414.3753029034328
63.588425097035 948.0470436345901
63.652361073970575 417.6540857940144
63.71629705090617 79.88739181195045
63.78023302784175 1.1632711850976691
63.84416900477733 56.10059600522776
63.90810498171293 94.85418455336784
63.972040958648506 95.54433189330695
64.03597693558409 144.6918463118909
64.09991291251967 289.8802399322868
64.16384888945525 449.68869717839783
64.22778486639083 481.76629756259166
64.29172084332642 334.9311402804162
64.355656820262 119.54794261168568
64.41959279719758 7.232862860225821
64.48352877413318 64.2650585576239
64.54746475106876 196.21316182396404
64.61140072800434 255.52387846347287
64.67533670493992 201.82040283618812
64.7392726818755 149.00367484581756
64.80320865881109 246.62718656291796
64.86714463574667 522.6556113873545
64.93108061268227 851.0671267860814
64.99501658961785 1063.7906524708153
65.05895256655343 1080.2818569166536
65.12288854348901 941.8722827207577
65.1868245204246 744.9028648985427
65.25076049736018 547.6774873385443
65.31469647429576 350.22435271503406
65.37863245123135 158.6472964503749
65.44256842816694 31.32604927005392
65.50650440510252 36.229041136438994
65.5704403820381 168.8274503193549
65.63437635897368 330.51721523672785
65.69831233590926 404.3921326756573
65.76224831284485 352.29138659884785
65.82618428978044 232.72085857052352
65.89012026671601 130.0256288234642
65.9540562436516 77.18346810735245
66.01799222058719 55.26655946074168
66.08192819752277 55.835006203205566
66.14586417445835 112.15022211338696
66.20980015139394 247.51525627350068
66.27373612832953 406.72166843453897
66.33767210526511 474.1055227352165
66.4016080822007 376.6022987920192
66.46554405913628 174.87638844076093
66.52948003607186 42.48002820296789
66.59341601300744 109.75748065208911
66.65735198994302 325.69673545922154
66.72128796687862 507.0276763037155
66.7852239438142 506.7126747195634
66.84915992074977 331.631078191528
66.91309589768537 122.60898789856697
66.97703187462095 12.384279665584856
67.04096785155653 9.219673015894248
67.10490382849211 30.208438313584672
67.16883980542771 19.680254531493727
67.23277578236329 9.963065348314428
67.29671175929887 65.79579973006612
67.36064773623445 189.87769998131307
67.42458371317004 303.9245038783355
67.48851969010562 322.169393582658
67.5524556670412 241.75790289656064
67.6163916439768 150.46766666497447
67.68032762091238 137.3701431405667
67.74426359784796 214.35062348059768
67.80819957478353 322.2933103762496
67.87213555171913 390.54569680009297
67.93607152865471 390.14134816218257
68.00000750559029 340.0876103385714
68.06394348252589 274.84153863410006
68.12787945946147 221.4661896389884
68.19181543639705 204.40310355514296
68.25575141333263 251.51400919287985
68.31968739026821 381.07918189795294
68.3836233672038 572.3196642813934
68.44755934413938 748.5382026886679
68.51149532107497 820.7608188909113
68.57543129801056 761.9596231152411
68.63936727494614 613.9317604572852
68.70330325188172 444.6836422341024
68.7672392288173 325.29408294884223
68.83117520575288 284.5795672739679
68.89511118268847 270.61091731771666
68.95904715962406 218.00073954848972
69.02298313655965 131.33250362416072
69.08691911349523 89.13541228593283
69.15085509043081 210.2208083971764
69.21479106736639 553.874964135076
69.27872704430197 1012.0852021796204
69.34266302123756 1363.9863691815733
69.40659899817315 1418.9618515568047
69.47053497510873 1120.4032131966255
69.53447095204432 613.4888772786759
69.5984069289799 174.88021683594363
69.66234290591548 3.4398188598485118
69.72627888285106 105.06185053767008
69.79021485978664 345.1312886666474
69.85415083672224 561.8987166388995
69.91808681365782 665.9219654260592
69.9820227905934 665.3432068054984
70.04595876752899 611.2457554031356
70.10989474446457 540.9086284089469
70.17383072140015 465.3248165735782
70.23776669833573 381.7019934290519
70.30170267527133 284.67251607983366
70.36563865220691 173.89270668409492
70.4295746291425 71.23685329787487
70.49351060607808 47.20016015945002
70.55744658301366 222.25612879815225
70.62138255994924 708.5990021147732
70.68531853688482 1517.2319662559512
70.74925451382042 2517.011148919225
70.813190490756 3490.925323053013
70.87712646769158 4222.357607647688
70.94106244462716 4548.299582068743
71.00499842156275 4398.3087052035435
71.06893439849833 3837.6827324532624
71.13287037543391 3047.224222054681
71.1968063523695 2209.4210292881803
71.26074232930509 1427.3445447759575
71.32467830624067 753.620516980324
71.38861428317625 255.46854162577247
71.45255026011183 33.73005441078702
71.51648623704742 177.23350006867778
71.580422213983 674.6801847167599
71.6443581909186 1352.6886543510734
71.70829416785418 1919.714632736073
71.77223014478976 2109.3245513177
71.83616612172534 1834.2603631331467
71.90010209866092 1255.5164596718407
71.9640380755965 687.0075195202959
72.02797405253209 371.17035308662594
72.09191002946768 326.68612901561943
72.15584600640327 397.1334245212203
72.21978198333885 412.08053520610514
72.28371796027443 314.59155238491206
72.34765393721001 170.1760169021391
72.41158991414558 64.98196724685988
72.47552589108116 17.44334407904312
72.53946186801677 1.023317472997067
72.60339784495235 18.58495928370389
72.66733382188794 119.51534853802745
72.73126979882352 334.7464070960665
72.7952057757591 605.137309245463
72.85914175269468 803.835479936007
72.92307772963025 844.8433731041358
72.98701370656586 760.7458028279251
73.05094968350144 666.333957012437
73.11488566043703 640.9913807759801
73.17882163737261 652.6054477727478
73.24275761430819 606.9000988783367
73.30669359124377 457.4504628220664
73.37062956817934 257.7494892618991
73.43456554511496 118.11348391360028
73.49850152205053 120.0060485521638
73.56243749898611 271.81196238379647
73.6263734759217 528.1084789437209
73.69030945285726 819.6114609516129
73.75424542979286 1059.2805640334668
73.81818140672844 1140.7719610473182
73.88211738366404 978.6518028119184
73.94605336059962 602.3629584799138
74.0099893375352 197.13402727390633
74.07392531447078 2.6290985122843953
74.13786129140637 139.10249890047308
74.20179726834195 496.86182690278093
74.26573324527753 797.2861186726678
74.32966922221313 810.685959912631
74.39360519914872 538.2246964089802
74.45754117608429 197.46022531593457
74.52147715301987 42.52759548395255
74.58541312995546 164.5722856148991
74.64934910689102 446.87811812431494
74.71328508382662 706.9908925060463
74.7772210607622 846.1761624796914
74.8411570376978 876.3176864153913
74.9050930146334 856.9357991404162
74.96902899156896 810.7637260416094
75.03296496850454 705.1609291130835
75.09690094544013 532.971786025648
75.16083692237571 370.557931819081
75.22477289931129 315.3904438683867
75.28870887624689 384.0195873658989
75.35264485318247 485.4016858697864
75.41658083011805 491.9491994439453
75.48051680705363 351.47649576437465
75.54445278398921 141.00294644292927
75.60838876092478 7.335547341562955
75.67232473786038 50.63585474174708
75.73626071479597 255.77225384997067
75.80019669173156 515.7127094779312
75.86413266866715 705.8987114535236
75.92806864560272 750.7523415128717
75.9920046225383 651.8013740635406
76.05594059947389 471.2100027543722
76.11987657640947 290.3621529649608
76.18381255334505 167.12998596913616
76.24774853028065 106.44174029826377
76.31168450721623 70.87139499917834
76.37562048415182 32.03533100726896
76.43955646108739 12.852717012892
76.50349243802297 80.67820344746896
76.56742841495857 290.4772293870908
76.63136439189414 614.0355426484107
76.69530036882973 926.467958071954
76.75923634576532 1078.5320831478584
76.8231723227009 993.7611289867997
76.88710829963648 725.5737037027577
76.95104427657206 439.65310865778736
77.01498025350764 308.0310187469311
77.07891623044323 380.534960936521
77.14285220737882 541.4809902418305
77.2067881843144 598.6056593632233
77.27072416124999 461.24671661374674
77.33466013818558 242.98960066603263
77.39859611512115 154.72049823399703
77.46253209205673 297.41702270990794
77.52646806899233 544.2252850416036
77.5904040459279 629.1852071172881
77.6543400228635 424.0117951348223
77.71827599979908 120.2844487249178
77.78221197673466 82.2949884246707
77.84614795367024 511.3042462747953
77.91008393060582 1221.607502123745
77.9740199075414 1759.4883195275145
78.03795588447699 1800.4736896881122
78.10189186141258 1412.7822829721806
78.16582783834816 932.0658054747587
78.22976381528375 615.026023780428
78.29369979221933 440.8360796375974
78.35763576915491 281.35394436527235
78.42157174609049 193.40577025769488
78.48550772302607 436.802204149269
78.54944369996167 1195.0469158193396
78.61337967689725 2261.785048324536
78.67731565383284 3053.7213360436253
78.74125163076842 3058.718716145135
78.80518760770401 2264.8046629306405
78.86912358463958 1146.304884640748
78.93305956157516 292.32741702512305
78.99699553851077 0.7649714403001812
79.06093151544634 151.80572613556535
79.12486749238192 423.6058022371996
79.1888034693175 579.7765748040283
79.2527394462531 574.7527066577684
79.31667542318867 467.24092487708026
79.38061140012425 313.3932728611669
79.44454737705983 164.30410265342715
79.50848335399543 92.01809272886467
79.57241933093101 160.0265389303195
79.6363553078666 361.96624041381295
79.70029128480219 592.9771764103707
79.76422726173777 723.7577219919472
79.82816323867334 720.5962370481254
79.89209921560892 665.68098282095
79.95603519254452 663.5915953315275
80.0199711694801 739.6783315224498
80.08390714641568 825.2317297288024
80.14784312335128 832.8331349284998
80.21177910028686 734.8483623449782
80.27571507722243 573.4536097446658
80.33965105415801 406.10639648919727
80.4035870310936 256.281515575848
80.4675230080292 126.36266847285742
80.53145898496477 32.85128731885356
80.59539496190035 6.4120756986217495
80.65933093883595 63.2985434144088
80.72326691577153 182.98234370150485
80.7872028927071 318.0049783299048
80.85113886964268 421.43151528865127
80.91507484657828 460.59952960331987
80.97901082351386 422.4687409890046
81.04294680044946 318.99178071928105
81.10688277738502 187.46186677667924
81.17081875432062 84.19576403680766
81.23475473125619 56.861865535198966
81.29869070819177 104.40741878603887
81.36262668512737 172.29197015577887
81.42656266206296 198.703083430915
81.49049863899855 169.52673855096972
81.55443461593411 125.30506378736668
81.61837059286971 112.72120703539738
81.68230656980529 135.6770077885738
81.74624254674086 152.18048907886893
81.81017852367644 120.5898371951133
81.87411450061204 55.43309921496254
81.93805047754763 21.96465428985707
82.00198645448322 67.0281543154031
82.06592243141878 169.91626245078317
82.12985840835438 262.0910628795991
82.19379438528995 287.4204556283008
82.25773036222553 244.38087837115296
82.32166633916113 173.56735310429227
82.38560231609671 113.84711942743212
82.4495382930323 81.26232342246406
82.51347426996787 88.1672632481809
82.57741024690345 164.0277449821927
82.64134622383905 335.29490388764026
82.70528220077462 579.1399022459857
82.76921817771021 814.7089132539113
82.8331541546458 956.4731229427373
82.8970901315814 969.5051802289523
82.96102610851698 877.5507969978272
83.02496208545254 733.3542893337238
83.08889806238814 572.3329003323513
83.15283403932371 398.1754916332328
83.21677001625929 221.48236417257132
83.28070599319489 83.10769228048723
83.34464197013048 20.177794839783488
83.40857794706606 22.070646793020163
83.47251392400163 36.72847699654292
83.53644990093721 28.077933417336112
83.60038587787281 13.429481062237448
83.66432185480838 30.93155174988757
83.72825783174397 78.3919173754895
83.79219380867957 103.38549194484352
83.85612978561515 67.72863214041813
83.92006576255073 9.637506773365283
83.9840017394863 17.912438599230715
84.04793771642188 132.58605226850295
84.11187369335747 279.9724113183844
84.17580967029306 333.8569584390105
84.23974564722867 246.4405778866569
84.30368162416424 103.3960288634869
84.36761760109982 41.666245062909766
84.43155357803539 112.43306718826514
84.49548955497097 243.35177446033583
84.55942553190657 339.11608683369576
84.62336150884214 391.6118797133056
84.68729748577775 481.987754886792
84.75123346271333 671.5692454980041
84.81516943964891 902.2400194701257
84.8791054165845 1032.6174408742647
84.94304139352006 962.9494890753651
85.00697737045564 717.7848600577562
85.07091334739123 426.03245078656937
85.13484932432684 217.0401700967092
85.19878530126243 134.81630308612583
85.262721278198 152.74997725763455
85.32665725513358 236.70323982597287
85.39059323206915 371.8716120254234
85.45452920900473 543.7988818523281
85.51846518594031 721.4751422421164
85.58240116287593 871.8386565589307
85.64633713981151 982.4139138963585
85.71027311674709 1061.8877857554205
85.77420909368267 1114.0272810123283
85.83814507061825 1113.8083522492636
85.90208104755382 1022.1890076720804
85.9660170244894 827.138778170026
86.02995300142501 564.3747615317236
86.0938889783606 300.0973871462337
86.15782495529618 101.29542718618615
86.22176093223176 18.65025569873361
86.28569690916734 67.70848259151366
86.34963288610291 202.988566174953
86.41356886303849 329.16120415960665
86.4775048399741 359.30861687660206
86.54144081690968 272.0744565447551
86.60537679384527 128.5116600812081
86.66931277078083 24.439358426215747
86.73324874771643 5.987788238824653
86.79718472465201 41.5477219075146
86.86112070158758 72.36924287259235
86.92505667852319 68.3602500028647
86.98899265545877 39.57334085858956
87.05292863239436 12.055581198647516
87.11686460932994 12.950795509712588
87.18080058626552 77.76322208930479
87.2447365632011 229.6314425023658
87.30867254013667 426.7938726023133
87.3726085170723 548.4548159812659
87.43654449400786 474.2789601144655
87.50048047094344 225.92774664510017
87.56441644787903 16.097989602209548
87.6283524248146 84.48519320422871
87.69228840175019 455.79629231314925
87.75622437868577 883.3490220218025
87.82016035562138 1052.0716759445045
87.88409633255695 856.6584497298537
87.94803230949253 495.1085323344865
88.01196828642811 270.84976337059607
88.0759042633637 293.88793752608296
88.13984024029926 407.2715929988093
88.20377621723486 398.974546617171
88.26771219417044 233.07982742667335
88.33164817110605 56.65120953582706
88.39558414804162 5.163191200376574
88.4595201249772 51.123022195575885
88.52345610191279 73.55446850554279
88.58739207884835 32.494721128584494
88.65132805578395 20.38019556336136
88.71526403271953 136.54050564346383
88.77920000965511 340.163218550159
88.84313598659072 468.87332068351265
88.90707196352629 411.3021180683416
88.97100794046187 223.6251040358696
89.03494391739746 63.35664259299667
89.09887989433302 43.51120542076132
89.16281587126862 161.9113850141939
89.2267518482042 337.9195296773966
89.29068782513981 485.1809171327536
89.35462380207538 534.1102522619303
89.41855977901096 431.4540907422272
89.48249575594654 209.01316919183745
89.54643173288211 44.52205141295519
89.61036770981772 167.65984054796152
89.67430368675329 661.8007605529716
89.73823966368889 1344.1921876619704
89.80217564062448 1861.3514572611796
89.86611161756005 1965.9171014962535
89.93004759449563 1711.2453993751446
89.99398357143122 1345.2993977010765
90.05791954836681 1061.5736463321407
90.1218555253024 900.0495468865987
90.18579150223795 830.162207441208
90.24972747917357 870.6869364002774
90.31366345610914 1075.2084728747402
90.37759943304472 1355.748262670392
90.4415354099803 1442.194084334502
90.5054713869159 1134.3265066250167
90.56940736385148 550.469197051993
90.63334334078705 84.5615219994859
90.69727931772265 64.45177861422427
90.76121529465824 418.0680616456822
90.8251512715938 745.3193877233361
90.8890872485294 720.2500445942958
90.95302322546499 387.0293513261182
91.01695920240056 72.93201495457716
91.08089517933615 22.711464227387353
91.1448311562717 169.676948855131
91.20876713320733 278.6969725868463
91.2727031101429 247.9466795773772
91.33663908707848 222.81172838844785
91.40057506401408 389.3636214302584
91.46451104094965 714.7996789551465
91.52844701788524 963.5854472661088
91.59238299482081 927.7515096658387
91.6563189717564 619.9501023599718
91.72025494869199 256.51972647772783
91.78419092562757 43.32476606928596
91.84812690256317 11.066329241450342
91.91206287949875 56.609900986241755
91.97599885643432 80.97507006215801
92.03993483336993 67.86276058294249
92.10387081030547 51.497859615841136
92.16780678724109 49.72686784035306
92.23174276417664 52.90695895253588
92.29567874111224 51.23203895092418
92.35961471804784 49.71775664535469
92.42355069498339 58.912143447525686
92.487486671919 76.47395140598726
92.55142264885458 85.14440413879565
92.61535862579017 68.46183317710012
92.67929460272575 28.810750496166584
92.74323057966134 5.629572254755997
92.80716655659693 84.83729561706576
92.8711025335325 366.9406952219976
92.93503851046809 876.1163433401034
92.99897448740369 1463.4850297258583
93.06291046433923 1830.443293515469
93.12684644127485 1741.042674342274
93.19078241821043 1250.495763821008
93.254718395146 682.927377308279
93.3186543720816 373.93575313646414
93.38259034901715 410.0230871922398
93.44652632595277 568.240688094152
93.51046230288834 545.4117283212616
93.57439827982392 282.177769706887
93.63833425675952 34.17669226115775
93.7022702336951 129.37078169139542
93.76620621063068 645.7830560511728
93.83014218756625 1308.7548699155204
93.89407816450185 1722.7588893056793
93.95801414143745 1683.7879478579507
94.021950118373 1280.4206820142094
94.08588609530862 774.0512530021892
94.14982207224419 396.27597953043386
94.21375804917976 221.7505801627984
94.27769402611536 192.11864349043543
94.34163000305091 211.8849883837433
94.40556597998655 217.86041181592063
94.4695019569221 196.55907280169336
94.5334379338577 161.86108976753
94.59737391079328 124.64353312741277
94.66130988772886 82.76206492550736
94.72524586466444 35.94886815847748
94.78918184160001 12.719194181742091
94.85311781853562 78.4279435562199
94.9170537954712 294.56616907599414
94.98098977240679 644.2974253348177
95.04492574934237 990.6914541145312
95.10886172627795 1132.577943407076
95.17279770321352 949.741168653722
95.23673368014911 528.590053470816
95.30066965708467 137.70037205605627
95.36460563402031 35.36349337033486
95.42854161095588 262.7400947741442
95.49247758789144 615.9414012880903
95.55641356482705 812.2735861401918
95.62034954176262 699.7832852228591
95.6842855186982 366.6350315177093
95.74822149563377 66.96691183060834
95.81215747256935 18.882269387469822
95.87609344950496 264.1768416626068
95.94002942644055 678.1245549210112
96.00396540337613 1072.5351917664227
96.06790138031171 1312.8965780266703
96.13183735724728 1360.8164793655008
96.19577333418287 1237.1073432171609
96.25970931111843 993.9426696509826
96.32364528805405 701.7376533949549
96.38758126498963 419.9101101079052
96.4515172419252 188.5070732200265
96.5154532188608 40.34957620369631
96.57938919579638 3.95148287088474
96.64332517273196 109.0091320430758
96.70726114966753 378.3722410453892
96.77119712660314 786.4440655525285
96.83513310353872 1231.476620958312
96.8990690804743 1558.8637983012363
96.96300505740989 1625.0484570965475
97.02694103434547 1382.393846916204
97.09087701128104 927.5338028719581
97.15481298821663 454.04014007620225
97.21874896515224 140.813326061077
97.28268494208781 53.901949575100566
97.3466209190234 118.78373778122987
97.41055689595896 191.0913559433787
97.47449287289456 177.9288198321607
97.53842884983014 105.86977091338696
97.60236482676572 90.60597652138104
97.66630080370132 238.16592755411727
97.7302367806369 543.9470378679782
97.79417275757248 878.3967130113118
97.85810873450806 1082.1893051021004
97.92204471144365 1075.4268639029435
97.98598068837923 892.2838162253817
98.0499166653148 643.8566550347994
98.1138526422504 444.0823531702098
98.177788619186 345.2319713096676
98.24172459612157 331.3171660689387
98.30566057305715 360.2251303698311
98.36959654999272 398.9090697130232
98.43353252692832 423.7228922661105
98.49746850386389 405.72515476871297
98.56140448079948 315.2028089733887
98.62534045773508 159.6408723203582
98.68927643467066 21.829569100253646
98.75321241160624 30.812894649503228
98.81714838854182 254.04892306354407
98.8810843654774 594.63478075077
98.94502034241299 806.7164538459598
99.00895631934857 697.764527383882
99.07289229628417 387.46824638024526
99.13682827321975 297.4731815811646
99.20076425015533 787.6825273770723
99.26470022709091 1755.2472178059732
99.32863620402648 2571.1110690380324
99.39257218096208 2562.9755839277946
99.45650815789767 1784.4883716529944
99.52044413483324 1298.998556982653
99.58438011176884 2537.6965795699075
99.64831608870442 6103.130917492869
99.71225206564 10921.72393783642
99.77618804257558 14678.49516241026
99.84012401951117 15406.894505947603
99.90405999644675 12811.263387082392
99.96799597338233 8299.084275888681
100.03193195031793 3959.561462264756
100.0958679272535 1261.374547613783
100.15980390418908 346.0126776960001
100.22373988112469 411.2952801447606
100.28767585806024 641.5874934792104
100.35161183499584 736.3854499982816
100.41554781193145 780.462286829781
100.479483788867 857.9051315712093
100.5434197658026 880.9978830948112
100.60735574273816 747.9605237029106
100.67129171967376 521.9957000965883
100.73522769660934 367.7784317053408
100.79916367354492 350.27209971903835
100.86309965048052 356.0494927984396
100.9270356274161 246.52500147669724
100.99097160435169 62.047430819163246
101.05490758128725 13.349626685491952
101.11884355822284 258.6925464306686
101.18277953515845 707.7961233769977
101.24671551209401 1073.059201367979
101.3106514890296 1119.7213666614564
101.3745874659652 846.3877563471018
101.43852344290076 449.918863198678
101.50245941983636 148.81273255049263
101.56639539677192 30.40562426958508
101.63033137370752 46.67333708061996
101.69426735064312 113.09422587830848
101.75820332757868 178.99101570608855
101.82213930451428 223.1278140992352
101.88607528144986 222.72632027061456
101.95001125838544 162.83335114883775
102.01394723532103 70.3970866448596
102.0778832122566 6.388302839312648
102.1418191891922 12.285082286020335
102.20575516612779 65.23903533930374
102.26969114306335 97.3661537584312
102.33362711999897 69.69654793008519
102.39756309693452 20.924167097827148
102.46149907387012 34.131234009427295
102.52543505080568 146.9183370619594
102.58937102774128 296.98969065456095
102.65330700467688 368.5294481525712
102.71724298161244 298.16714942657177
102.78117895854804 140.75368769411364
102.84511493548362 27.741294793393852
102.9090509124192 49.3888536917536
102.97298688935479 175.64090010260483
103.03692286629038 291.0316363833073
103.10085884322596 302.3489893046864
103.16479482016155 217.10600728583924
103.22873079709711 126.06847242842476
103.29266677403272 112.51425982503444
103.35660275096828 184.36612238009823
103.42053872790387 289.0161698555008
103.48447470483949 365.5567686688922
103.54841068177504 377.5678109064876
103.61234665871063 320.04888473567195
103.6762826356462 212.3617685511252
103.7402186125818 101.68877883736226
103.80415458951738 67.49492000597863
103.86809056645296 178.48401402331604
103.93202654338856 419.2929031620304
103.99596252032414 669.448361544276
104.05989849725972 774.2569726014093
104.1238344741953 661.3068380834558
104.18777045113087 401.1248023653248
104.25170642806646 147.77342368982227
104.31564240500204 25.35780323466461
104.37957838193763 87.0156756737344
104.44351435887324 354.96501854107925
104.5074503358088 844.9964999913342
104.5713863127444 1522.9954488420171
104.63532228967996 2228.990553323048
104.69925826661556 2685.372427151792
104.76319424355114 2668.47654775708
104.82713022048672 2197.510095753976
104.89106619742232 1529.1371254751923
104.9550021743579 966.2263463949245
105.01893815129348 662.6095601195843
105.08287412822907 588.0583410249133
105.14681010516465 660.7763119150642
105.21074608210021 875.4293152572964
105.27468205903583 1262.4784086321613
105.3386180359714 1733.622243938558
105.40255401290698 2034.4597563324787
105.46648998984256 1913.5925494103851
105.53042596677815 1362.9483736764912
105.59436194371372 682.9212675984264
105.65829792064932 265.6594757814139
105.72223389758491 274.76905493040954
105.78616987452048 541.2841950394475
105.85010585145608 769.1265312932904
105.91404182839166 817.3458990608435
105.97797780532724 785.1090161806669
106.04191378226282 849.9871291363523
106.1058497591984 1040.6427756233084
106.169785736134 1177.406452083362
106.23372171306958 1055.822536655512
106.29765769000517 678.0582138103154
106.36159366694073 267.8236278788646
106.42552964387632 70.54993200693106
106.48946562081191 154.44962870626944
106.55340159774748 373.350574711232
106.61733757468308 508.7615529745535
106.68127355161867 455.25619161110393
106.74520952855424 272.17045095317167
106.80914550548984 91.89825587081408
106.8730814824254 7.358515655978658
106.937017459361 23.65428649810413
107.00095343629658 82.80919089768572
107.06488941323218 121.25689706871668
107.12882539016776 108.83896435567156
107.19276136710334 56.59672723511439
107.25669734403893 7.449547621729337
107.3206333209745 10.473860416485431
107.38456929791008 82.86816535300412
107.44850527484569 190.166935340227
107.51244125178125 268.41927453851633
107.57637722871684 271.2065856277948
107.64031320565245 203.6890178680828
107.704249182588 121.77277409433125
107.7681851595236 109.20693259700232
107.83212113645916 264.35750470222735
107.89605711339476 681.5542067881879
107.95999309033036 1390.1264101136198
108.02392906726593 2281.8005286868793
108.08786504420152 3071.6037823609045
108.1518010211371 3374.030773313203
108.21573699807269 2973.22401175212
108.27967297500825 2044.824963251494
108.34360895194384 1033.4268497794333
108.40754492887945 339.14747883251783
108.47148090581501 92.28386602638643
108.5354168827506 128.58010607026716
108.5993528596862 194.65314096766315
108.66328883662176 189.95610912492893
108.72722481355736 185.24388975287997
108.79116079049292 251.86370707088497
108.85509676742852 333.2069469379569
108.91903274436412 317.851785909788
108.98296872129968 220.22467291910507
109.04690469823528 233.39708194747195
109.11084067517086 571.8445367436567
109.17477665210644 1248.286817591369
109.23871262904203 2033.4343299806712
109.30264860597762 2638.279472473817
109.3665845829132 2887.0955501515655
109.43052055984877 2755.7499359086655
109.49445653678436 2310.526194125777
109.55839251371997 1637.5597029103835
109.62232849065552 881.9046543119574
109.68626446759112 292.8481330689912
109.75020044452673 87.7671593142511
109.81413642146228 254.6361187204413
109.87807239839788 532.6791339945916
109.94200837533344 624.0048200888381
110.00594435226904 462.5404581447805
110.06988032920462 258.407587710787
110.1338163061402 257.3815376596415
110.1977522830758 477.2645916979972
110.26168826001138 688.5188242541875
110.32562423694696 652.4324318461007
110.38956021388255 373.96423389753267
110.45349619081811 94.21870770577728
110.51743216775373 37.378741350041466
110.58136814468928 205.3852663286031
110.64530412162487 415.57362296988896
110.70924009856049 501.055907844974
110.77317607549604 460.53779767875454
110.83711205243164 410.5287295415646
110.9010480293672 422.25052648625615
110.9649840063028 456.8344022933025
111.02891998323838 441.0639923322665
111.09285596017396 354.9906818028731
111.15679193710956 244.68509703383168
111.22072791404514 169.5050226715444
111.28466389098072 152.57653647626327
111.3485998679163 189.48900574350023
111.41253584485187 281.04114577323713
111.47647182178748 425.2336351073112
111.54040779872307 577.6580565165112
111.60434377565863 651.673846994326
111.66827975259424 584.4583121387724
111.7322157295298 400.5928963556845
111.7961517064654 199.1591479169554
111.86008768340096 72.71681787611935
111.92402366033656 34.700891600366454
111.98795963727216 29.39520041273139
112.05189561420772 12.849106368664758
112.11583159114332 9.063184765820333
112.1797675680789 75.62609732595212
112.24370354501448 214.434777527779
112.30763952195007 331.7976660602582
112.37157549888563 314.43583764716385
112.43551147582124 157.59453025240904
112.49944745275683 11.86031583503348
112.5633834296924 78.24846694686067
112.62731940662798 417.3719080109217
112.69125538356356 854.6486988823746
112.75519136049915 1099.7353241099306
112.81912733743472 981.5011873152472
112.88306331437032 591.665826021815
112.94699929130591 210.89605939809556
113.01093526824148 74.51484891719926
113.07487124517708 204.48960015842832
113.13880722211266 478.9069268463809
113.20274319904824 824.6302858237942
113.26667917598382 1273.1423597585026
113.33061515291942 1808.8646755600753
113.394551129855 2208.5298255859743
113.45848710679059 2128.087815981128
113.52242308372615 1456.8063776105423
113.58635906066174 591.0366961821819
113.65029503759732 228.69226454856573
113.71423101453291 776.1768355598643
113.7781669914685 1926.5523936933944
113.84210296840408 2830.517727982808
113.90603894533967 2773.4175705788475
113.96997492227524 1790.2679774681208
114.03391089921084 613.045712992457
114.09784687614642 17.548941552358446
114.161782853082 220.25962979989995
114.2257188300176 803.1407533347345
114.28965480695318 1174.7619378080565
114.35359078388876 1102.5315049948476
114.41752676082434 774.1992663752984
114.48146273775993 466.9447224527461
114.5453987146955 281.3324494746884
114.60933469163108 147.90585922686614
114.67327066856669 25.85837219812143
114.73720664550225 25.90582899923592
114.80114262243784 276.94278472012275
114.86507859937343 720.0205412726888
114.929014576309 1096.5708508847072
114.9929505532446 1162.1798710686712
115.05688653018017 916.73679888487
115.12082250711576 599.9287542416208
115.18475848405136 463.7479850312218
115.24869446098693 567.146229061411
115.31263043792252 766.7838699187273
115.3765664148581 871.1108128693622
115.44050239179369 794.1040319918893
115.50443836872925 580.7428971681728
115.56837434566484 327.65343774927726
115.63231032260045 116.850375720442
115.69624629953601 7.259306460481411
115.7601822764716 32.637144023842595
115.8241182534072 178.94521073688713
115.88805423034276 363.4355003465628
115.95199020727836 466.8823444167968
116.01592618421392 432.3044287924928
116.07986216114952 331.0178886159361
116.14379813808512 309.9009834443444
116.20773411502068 456.0273020656884
116.27167009195628 699.0214908652003
116.33560606889186 862.0176709034016
116.39954204582745 821.7170730146476
116.46347802276301 626.6446333241511
116.52741399969862 467.2994193747464
116.5913499766342 505.22059725270793
116.65528595356977 717.948866703071
116.71922193050536 916.5422566840404
116.78315790744097 907.5744269045144
116.84709388437652 657.7883454338252
116.91102986131212 325.08574883483254
116.97496583824773 124.37312910109755
117.03890181518328 154.74252632693762
117.10283779211888 338.94095184107465
117.16677376905444 508.07565075388186
117.23070974599004 539.5640264236481
117.29464572292562 428.6693545000634
117.3585816998612 259.1563779957865
117.4225176767968 120.08906858119728
117.48645365373238 43.906589351807376
117.55038963066796 14.587699629847425
117.61432560760355 13.101658036622895
117.67826158453911 36.678341972544445
117.74219756147473 81.85792155839681
117.80613353841028 122.28510436943664
117.87006951534588 118.1430797382926
117.93400549228149 61.94668625539731
117.99794146921704 5.236101088236889
118.06187744615264 25.16643020107101
118.1258134230882 164.9600630242365
118.1897494000238 396.2454495801108
118.25368537695938 632.3015132842716
118.31762135389496 795.5504161243967
118.38155733083056 869.2387456056284
118.44549330776614 873.9337430146749
118.50942928470172 827.9105084240035
118.5733652616373 749.6926375438785
118.63730123857287 681.6373096736723
118.70123721550848 689.6852291074297
118.76517319244407 809.6112826535223
118.82910916937963 970.3537771277784
118.89304514631525 995.2902060242776
118.9569811232508 750.862106196738
119.0209171001864 328.67484033683075
119.08485307712196 36.7862528588519
119.14878905405756 163.7996627371782
119.21272503099316 706.2176938520493
119.27666100792872 1297.38239856502
119.34059698486432 1473.9676785342897
119.4045329617999 1088.649143684156
119.46846893873548 455.11908679288155
119.53240491567107 80.93031354039731
119.59634089260663 222.88877855968124
119.66027686954224 654.3939548752796
119.72421284647783 896.8273107478718
119.7881488234134 698.5383383448618
119.852084800349 260.3515213776656
119.91602077728456 14.232685067196012
119.97995675422015 196.60076117047808
120.04389273115572 618.9247099021212
120.10782870809132 864.6955470655123
120.17176468502691 709.3103026242945
120.23570066196248 315.7127028736079
120.29963663889808 31.818214902432416
120.36357261583366 38.55620967112736
120.42750859276924 206.15800136713827
120.49144456970483 278.9169770741439
120.55538054664042 166.5379986182656
120.619316523576 21.22231727351453
120.68325250051159 40.8359754015648
120.74718847744715 236.72245592386545
120.81112445438274 421.3900041779151
120.87506043131832 417.68601810915067
120.93899640825391 243.73882123118335
121.00293238518952 78.8608679542507
121.06686836212508 71.35740195039166
121.13080433906067 198.38720746899088
121.19474031599624 314.5382560687456
121.25867629293184 312.83462226858995
121.32261226986742 211.03572616131737
121.386548246803 99.36567492681712
121.4504842237386 45.71552986347566
121.51442020067418 66.42633286560883
121.57835617760976 166.7918249812554
121.64229215454534 367.4030379627578
121.70622813148093 664.1382247382952
121.7701641084165 978.1190627528366
121.83410008535208 1180.7316686454178
121.89803606228767 1180.7253927971772
121.96197203922326 988.0545404281877
122.02590801615884 704.1230742190926
122.08984399309443 449.5115650216874
122.15377997003 289.2585875977173
122.2177159469656 220.63194592982316
122.28165192390117 214.7504384702553
122.34558790083676 249.4255923465168
122.40952387777236 307.0493787094193
122.47345985470794 363.8391016847604
122.53739583164352 395.772965918436
122.6013318085791 393.9766116704232
122.66526778551469 370.7680350592868
122.72920376245025 350.53684197806973
122.79313973938586 352.1156219496174
122.85707571632145 371.6104739641237
122.92101169325701 375.8420737558986
122.9849476701926 321.1696479585087
123.0488836471282 199.38673959438128
123.11281962406376 73.0108004862739
123.17675560099936 49.24063373975915
123.24069157793495 194.64260015438643
123.30462755487052 454.1816253871541
123.36856353180612 657.9711505699635
123.43249950874169 648.4684472943361
123.49643548567728 424.982490890587
123.56037146261286 153.9050607325707
123.62430743954845 32.86068550340532
123.68824341648404 128.48371395888708
123.75217939341962 324.8536182709695
123.8161153703552 435.12672419455345
123.88005134729077 371.50906088545776
123.94398732422636 214.7958511088273
124.00792330116197 141.4140357734013
124.07185927809752 284.7556592740908
124.13579525503312 626.9014832998593
124.19973123196873 986.776234078321
124.26366720890428 1125.175998188255
124.32760318583988 912.6426202094758
124.39153916277544 453.0171560401809
124.45547513971104 61.54818037875296
124.51941111664662 63.46428051785436
124.5833470935822 523.3976926855123
124.6472830705178 1141.4845550524967
124.71121904745338 1463.3607088644308
124.77515502438897 1253.4867519267539
124.83909100132453 691.9867032395849
124.90302697826012 207.77521832160707
124.96696295519573 87.88949162465873
125.0308989321313 237.44835524244607
125.09483490906688 342.6270755848543
125.15877088600249 233.7572163887754
125.22270686293804 54.48103869435276
125.28664283987364 83.25019853626434
125.3505788168092 396.48653082775405
125.4145147937448 757.3020861687883
125.4784507706804 863.9342784377867
125.54238674761596 670.521744914524
125.60632272455156 443.7571823533561
125.67025870148714 488.40105939412314
125.73419467842272 829.9290963340592
125.7981306553583 1194.4656224510247
125.86206663229387 1266.9790373185097
125.92600260922949 964.656378748364
125.98993858616505 494.71994831762066
126.05387456310063 159.51926321978345
126.11781054003625 116.28154365419795
126.1817465169718 296.446397612303
126.2456824939074 501.0318750636978
126.30961847084296 558.5384393703922
126.37355444777856 424.4108911270939
126.43749042471416 192.166491778299
126.50142640164972 22.7566189617634
126.56536237858532 23.400227070512567
126.6292983555209 166.56600274795355
126.69323433245648 312.7907355533828
126.75717030939207 332.2018538296056
126.82110628632766 225.427503830157
126.88504226326324 112.9720160727752
126.94897824019883 100.212949272446
127.0129142171344 156.93395563397132
127.07685019407 157.256420935962
127.14078617100556 60.1559462643357
127.20472214794115 9.301103919402445
127.26865812487677 212.4505207081948
127.33259410181232 697.3678470826898
127.39653007874792 1189.7614987937516
127.46046605568348 1309.6653501799024
127.52440203261908 934.5856071490992
127.58833800955466 346.481182846773
127.65227398649024 13.831846342921455
127.71620996342584 194.51946801773343
127.78014594036142 703.6355324085384
127.844081917297 1076.703331099429
127.90801789423259 987.3836232080049
127.97195387116815 531.1990005254195
128.03588984810375 120.4635957364027
128.09982582503935 101.45971949830874
128.1637618019749 459.1268595870321
128.2276977789105 853.9645361538132
128.29163375584608 926.7427889071923
128.35556973278167 611.2828963938433
128.41950570971727 183.65324443408477
128.48344168665284 13.796833239403455
128.54737766358843 273.3129195064911
128.611313640524 827.244064238937
128.6752496174596 1343.667986216316
128.73918559439517 1535.1897326315332
128.80312157133076 1347.6706483583903
128.86705754826636 940.9780923531645
128.93099352520193 528.4013723479801
128.99492950213752 244.73225608289047
129.0588654790731 112.54347782452612
129.1228014560087 85.87967388173702
129.18673743294423 116.83940685454668
129.25067340987985 185.28883861645727
129.31460938681545 279.4785317123486
129.378545363751 370.0077403218827
129.4424813406866 413.95288008195314
129.50641731762218 383.0451753735646
129.57035329455775 292.4787122012278
129.63428927149334 204.09737989544143
129.69822524842894 181.2239510204357
129.7621612253645 237.67783994873028
129.8260972023001 336.0271430491813
129.8900331792357 405.34996555941086
129.95396915617127 377.1721080795155
130.01790513310686 251.946649637164
130.08184111004243 106.44065415136149
130.14577708697803 30.152148179249075
130.20971306391363 68.44616658723558
130.2736490408492 181.7576842801798
130.3375850177848 264.62322336714567
130.40152099472036 241.08440477541043
130.46545697165595 133.46699388346315
130.52939294859152 47.65364212209467
130.59332892552712 77.41441564584972
130.6572649024627 200.88912739992463
130.72120087939828 298.79439310753475
130.78513685633388 272.7943360777019
130.84907283326945 140.88244458588983
130.91300881020504 25.33069181671588
130.9769447871406 24.08653294608916
131.0408807640762 109.71188890510692
131.1048167410118 176.92267622114363
131.16875271794737 167.47530023401498
131.23268869488297 130.2685514481562
131.2966246718185 144.34137371634924
131.36056064875413 198.38326316886267
131.42449662568967 195.8314220454092
131.48843260262527 94.9618226243987
131.5523685795609 9.090043807597729
131.61630455649643 115.40581013020908
131.68024053343203 445.2966969381075
131.74417651036762 789.4496574871417
131.8081124873032 862.1087845773851
131.8720484642388 595.2677721667044
131.93598444117438 232.0061476395812
131.99992041810995 99.0635688838183
132.06385639504555 301.96464203939024
132.12779237198114 643.9591987921868
132.1917283489167 851.8830383520285
132.2556643258523 848.3314106239336
132.31960030278788 753.8307009809292
132.38353627972347 684.5975110160016
132.44747225665907 616.7479710653222
132.51140823359464 455.1010263119044
132.57534421053023 224.4136107822445
132.6392801874658 115.5371017542441
132.7032161644014 274.3951334014408
132.76715214133696 588.9548794042504
132.83108811827256 761.7104770710384
132.89502409520816 613.6032978454722
132.95896007214373 279.4416012561171
133.02289604907932 72.11076210753822
133.0868320260149 160.74934236442164
133.15076800295049 402.70168279543384
133.21470397988605 510.0750474641797
133.27863995682165 363.698779066304
133.34257593375725 118.3393123551867
133.4065119106928 0.7141755026059798
133.4704478876284 61.637558138818775
133.53438386456395 162.469094204824
133.59831984149957 170.08745483448007
133.66225581843514 106.19108305629278
133.7261917953707 84.66860594351436
133.7901277723063 140.4940760169677
133.8540637492419 182.7262338868236
133.91799972617747 126.2998470087659
133.98193570311307 23.240466818986352
134.04587168004866 16.631146522261613
134.10980765698423 163.93506755974656
134.17374363391983 354.2179060231157
134.23767961085542 421.58552031600016
134.301615587791 319.19534841669093
134.3655515647266 163.85172146073634
134.42948754166216 97.63761179519672
134.49342351859775 134.3617923793572
134.55735949553332 178.34965258503917
134.62129547246892 160.37872425009985
134.6852314494045 115.09606356529036
134.74916742634008 128.1683950695819
134.81310340327568 231.15755288072316
134.87703938021124 375.7447027501465
134.94097535714684 502.6899593456211
135.0049113340824 598.9575969066576
135.068847311018 663.9470203771125
135.1327832879536 649.1542800628531
135.19671926488917 504.927278210896
135.26065524182476 298.6256303501144
135.32459121876033 220.6137897470928
135.38852719569593 421.68918581016413
135.45246317263147 832.5856887788219
135.5163991495671 1167.1688727405883
135.5803351265027 1145.7153264814463
135.64427110343823 750.8242256486304
135.70820708037385 266.5981014699881
135.77214305730942 32.92885997589934
135.836079034245 152.5660690520195
135.90001501118059 436.753049245359
135.96395098811618 600.7514466789064
136.02788696505175 512.601098712638
136.09182294198735 279.5193962241553
136.15575891892294 104.4374935150741
136.2196948958585 90.66720588922585
136.2836308727941 190.42589653287783
136.34756684972967 289.334836453363
136.41150282666527 311.92730385280777
136.47543880360087 262.3853771552351
136.53937478053643 190.57437349355337
136.60331075747203 140.95864699424408
136.6672467344076 133.74720023571163
136.7311827113432 173.23006820660785
136.79511868827876 255.4381124201404
136.85905466521436 365.4730988652988
136.92299064214995 475.82546190917657
136.98692661908552 555.5693759072858
137.05086259602112 582.0558852400294
137.1147985729567 543.8582490409233
137.17873454989228 443.51312578646167
137.24267052682785 304.4027088837537
137.30660650376345 166.58948872248862
137.37054248069904 68.68156803181023
137.4344784576346 29.313583525765615
137.4984144345702 40.379085714639096
137.56235041150575 78.20996364929346
137.62628638844137 124.0411695528144
137.6902223653769 174.47132709039164
137.7541583423125 234.70495919778563
137.81809431924813 305.29269288865993
137.8820302961837 376.2467238563448
137.94596627311927 431.2178802969036
138.00990225005486 455.3719878733858
138.07383822699046 441.9432631341864
138.13777420392603 395.20576928410327
138.20171018086162 328.33376762376065
138.26564615779722 257.2358805997172
138.3295821347328 194.37251383864583
138.39351811166839 146.66683949065063
138.45745408860395 117.60639154198924
138.52139006553955 108.97226266775708
138.58532604247512 120.00203353820763
138.6492620194107 147.3614242476951
138.7131979963463 188.8429053285824
138.77713397328188 246.15298633366405
138.84106995021747 315.4035097602499
138.90500592715304 367.5430345006396
138.96894190408864 351.29377492455654
139.0328778810242 241.7083939534092
139.0968138579598 99.44395917462701
139.1607498348954 72.65795488793565
139.22468581183097 303.13996094337887
139.28862178876656 792.2101504225785
139.35255776570213 1353.8137355116703
139.41649374263773 1710.1285559234784
139.48042971957327 1678.2083949569487
139.5443656965089 1323.0860005142104
139.6083016734445 904.4849166905482
139.67223765038003 652.5838254673099
139.73617362731565 627.9580122095301
139.8001096042512 735.2815744158366
139.8640455811868 813.5247072268036
139.92798155812238 764.5383663646285
139.99191753505795 602.0208598686851
140.05585351199355 392.07760044698983
140.11978948892914 213.84168421241463
140.1837254658647 149.54538984548503
140.2476614428003 245.75707459993183
140.3115974197359 458.68916571416605
140.37553339667147 644.4760874493445
140.43946937360707 653.3998504152421
140.50340535054266 457.81038030845446
140.56734132747823 192.91942597282943
140.63127730441383 67.06824217332037
140.6952132813494 176.22303627639928
140.759149258285 407.0444053442344
140.82308523522056 554.191492462932
140.88702121215616 506.88981363197297
140.95095718909175 329.2871709597803
141.01489316602732 175.71401394872316
141.07882914296292 123.71742941763976
141.14276511989848 123.35641978057772
141.20670109683408 98.71852001037075
141.27063707376965 52.95786217359917
141.33457305070525 64.72012177324883
141.39850902764084 177.07138969791035
141.4624450045764 319.42517192264177
141.526380981512 370.6460946581816
141.59031695844757 280.5487344178684
141.65425293538317 123.80935621270169
141.7181889123187 27.63139429432828
141.78212488925433 38.43799145845185
141.84606086618993 91.51763893766216
141.90999684312547 99.93169576284755
141.9739328200611 49.675891328474336
142.03786879699666 9.493670854848034
142.10180477393223 46.727618465011915
142.16574075086783 153.15994398231567
142.22967672780342 258.44879232775554
142.293612704739 291.4311851618423
142.3575486816746 234.45526269846516
142.42148465861018 128.81530782214472
142.48542063554575 39.94665738293761
142.54935661248135 41.558242497521775
142.61329258941691 197.57827564561657
142.6772285663525 505.5882269982099
142.7411645432881 850.811606323192
142.80510052022368 1037.8604222054264
142.86903649715927 924.365799420344
142.93297247409484 558.507538051685
142.99690845103044 168.96801381536588
143.060844427966 5.745879945294832
143.1247804049016 146.98303113952753
143.1887163818372 427.84570662622406
143.25265235877276 590.9883940802555
143.31658833570836 516.7010891165528
143.38052431264393 311.7795545395361
143.44446028957952 209.13039337331867
143.5083962665151 369.5515156421664
143.5723322434507 752.7974695653786
143.63626822038628 1158.9184140176528
143.70020419732185 1379.5200615464655
143.76414017425745 1342.4929171555032
143.828076151193 1131.9229468850317
143.8920121281286 884.3171026152114
143.95594810506418 702.1860007264202
144.01988408199975 620.2255247349593
144.08382005893537 594.4572904072767
144.14775603587094 548.8124845365937
144.2116920128065 441.9728266306509
144.2756279897421 288.01854828318767
144.3395639666777 139.01317130255157
144.40349994361327 43.55475039337316
144.46743592054887 8.555720462690495
144.53137189748446 4.178083674939577
144.59530787442003 1.8679634331599968
144.65924385135563 4.869825320639028
144.7231798282912 42.154316120418684
144.7871158052268 132.4404481561108
144.85105178216236 256.8971357139828
144.91498775909795 365.2566667454776
144.97892373603355 407.42896574427505
145.04285971296912 365.88566229079805
145.10679568990471 265.0079597740031
145.17073166684028 155.0145919166104
145.23466764377588 88.89899209636809
145.29860362071145 101.74939465919472
145.36253959764704 189.70635872279212
145.42647557458264 300.6951572995124
145.4904115515182 358.27507941709285
145.5543475284538 315.122820935663
145.61828350538937 196.62806693832144
145.68221948232497 87.82322827489924
145.7461554592605 63.65162508385428
145.81009143619613 123.84030234918853
145.87402741313173 195.04479249528424
145.93796339006727 199.3837158284622
146.0018993670029 125.46523256564242
146.06583534393843 35.36610929314298
146.12977132087403 2.868491798516796
146.19370729780962 47.71312922502355
146.25764327474522 128.07608091546567
146.3215792516808 186.31729959565587
146.38551522861638 196.84614731434536
146.44945120555198 170.41345687172938
146.51338718248755 121.69904520976831
146.57732315942314 58.13486436228587
146.6412591363587 9.532516190005424
146.7051951132943 51.43131499866233
146.7691310902299 274.9362547582777
146.83306706716547 701.9216765095761
146.89700304410107 1218.7689680007807
146.96093902103664 1611.8730630777268
147.02487499797223 1688.1985276361224
147.0888109749078 1402.6872067512547
147.1527469518434 906.040291815579
147.216682928779 444.3896271986953
147.28061890571456 180.79981957205808
147.34455488265016 106.5554174732989
147.40849085958573 100.76611319968085
147.47242683652132 65.5859483316512
147.5363628134569 17.82499741535368
147.6002987903925 54.80008607257295
147.66423476732808 236.06032458652768
147.72817074426365 497.0694070453931
147.79210672119925 677.7571403045987
147.8560426981348 652.862898371621
147.9199786750704 439.70593999984175
147.98391465200595 181.00864150789764
148.04785062894155 31.544456373714244
148.11178660587717 40.67053759569019
148.1757225828127 126.16847194568622
148.2396585597483 171.14644277645235
148.3035945366839 142.94528091697197
148.36753051361947 113.13102573787263
148.43146649055507 169.42683611744874
148.49540246749066 312.8584677552937
148.55933844442623 446.93041923423374
148.62327442136183 465.85631373516486
148.68721039829742 352.9317308904843
148.751146375233 199.1445446341401
148.8150823521686 117.72956981946864
148.87901832910416 138.86563039960828
148.94295430603975 194.55592244154687
149.00689028297535 195.62429377625213
149.07082625991092 120.30193541412596
149.1347622368465 31.836423097224284
149.19869821378208 10.189425586129747
149.26263419071768 79.87871513647785
149.32657016765324 202.14960430801233
149.39050614458884 317.04416043546206
149.45444212152444 388.62632021157685
149.51837809846 412.51287095704174
149.5823140753956 391.61721125823425
149.64625005233117 327.28107984143986
149.71018602926677 235.21804421824288
149.77412200620233 151.98809728633705
149.83805798313793 113.08863274627284
149.90199396007353 120.16210256308992
149.9659299370091 135.16276914839204
150.0298659139447 117.53532203174548
150.09380189088023 65.97008109857201
150.15773786781585 19.547077508415946
150.22167384475142 22.63438571353185
150.285609821687 88.64875811505435
150.3495457986226 200.47705061341236
150.41348177555818 339.37478046030765
150.47741775249375 487.0820561507516
150.54135372942935 604.6481626372826
150.60528970636494 634.8539984595157
150.6692256833005 539.4564119767953
150.7331616602361 354.3450559543495
150.7970976371717 197.48759088201012
150.86103361410727 185.84842617955823
150.92496959104287 333.0674494374388
150.98890556797843 526.1459336223264
151.05284154491403 610.3640465735543
151.1167775218496 512.4536873156735
151.1807134987852 293.80177394162695
151.2446494757208 94.65956050642424
151.30858545265636 9.6161452078558
151.37252142959196 15.076861070778149
151.43645740652752 27.518213731971485
151.50039338346312 8.516215515488998
151.5643293603987 9.279398300212165
151.62826533733428 109.21211587813158
151.69220131426988 305.96309872902873
151.75613729120545 487.92762549794736
151.82007326814104 512.1144143237026
151.8840092450766 336.2360197541674
151.9479452220122 96.17107493652752
152.01188119894775 1.4064846478891984
152.07581717588337 146.06412058690407
152.13975315281897 415.7952326770006
152.2036891297545 568.7862513247229
152.26762510669013 462.44979626928335
152.3315610836257 195.7252231798141
152.39549706056127 18.895358679713326
152.45943303749686 112.31676885152586
152.52336901443246 398.8130525847403
152.58730499136803 605.1995463392308
152.65124096830363 540.5601363451301
152.71517694523922 269.28564007186634
152.7791129221748 38.83391862312784
152.84304889911039 42.64758407819476
152.90698487604595 236.19480560336115
152.97092085298155 423.80628170181274
153.03485682991715 495.21374593383393
153.0987928068527 533.1357163017171
153.1627287837883 692.5573901198081
153.22666476072388 980.3570098104179
153.29060073765947 1194.7879768848277
153.35453671459504 1123.3156439959707
153.41847269153064 791.0410698068255
153.48240866846623 451.0522521997216
153.5463446454018 311.082243736542
153.6102806223374 343.61478720384645
153.67421659927297 366.15170370538186
153.73815257620856 261.16006600061854
153.80208855314413 120.19937126481697
153.86602453007973 129.94749335065097
153.92996050701532 319.6791676058677
153.9938964839509 506.4581951967328
154.0578324608865 494.29885442185054
154.12176843782203 289.725784781538
154.18570441475765 100.52212960042851
154.2496403916932 108.10212353467206
154.3135763686288 267.8379840634188
154.3775123455644 367.19649540419266
154.44144832249995 275.2647519658002
154.50538429943555 89.67812180641234
154.56932027637114 11.92421125238911
154.63325625330674 121.04631001570183
154.6971922302423 299.1741946597952
154.7611282071779 371.9400253141856
154.8250641841135 308.07978191979515
154.88900016104907 238.49658704506848
154.95293613798466 279.62815537273536
155.01687211492023 398.3769265769702
155.08080809185583 460.5375401316848
155.1447440687914 382.6662847622623
155.208680045727 217.32271360984737
155.2726160226626 79.5117298407355
155.33655199959816 19.976730538497385
155.40048797653375 10.705857524550412
155.46442395346932 36.1194031032144
155.52835993040492 142.6144544979385
155.59229590734049 364.42925349622095
155.65623188427608 623.2885079407017
155.72016786121168 757.3026044576627
155.78410383814725 678.654133899971
155.84803981508284 496.0862797012088
155.9119757920184 450.2905400428116
155.975911768954 682.6936148313695
156.03984774588957 1066.6519764240873
156.10378372282517 1306.0065868878228
156.16771969976077 1199.5477979302054
156.2316556766963 796.7750803560494
156.29559165363193 336.13985974795946
156.35952763056747 54.640485187502826
156.42346360750307 26.44763970004739
156.48739958443866 154.71227111437818
156.55133556137423 295.0446782335107
156.61527153830983 364.0884396004674
156.67920751524542 354.510952297266
156.743143492181 297.88563203444807
156.8070794691166 229.13529264952584
156.87101544605218 169.00338582095912
156.93495142298775 119.54906109431784
156.99888739992335 70.67037860394436
157.06282337685894 21.505356954577472
157.1267593537945 0.5249846690156108
157.1906953307301 52.279132648080285
157.25463130766568 188.89441885078267
157.31856728460127 355.39188662801007
157.38250326153684 458.1894860633189
157.44643923847244 442.557320337472
157.51037521540803 343.0860810209817
157.5743111923436 246.08547204088737
157.6382471692792 202.12098057628393
157.70218314621476 187.144237489979
157.76611912315036 148.45510398548785
157.83005510008593 78.17888649340684
157.89399107702152 24.119992411351348
157.95792705395712 22.728292466095343
158.0218630308927 48.11622083021874
158.08579900782829 46.04062965174055
158.14973498476385 11.8117417390577
158.21367096169945 13.08379055211961
158.277606938635 108.06340870850735
158.3415429155706 254.56218209170777
158.4054788925062 332.9955336501752
158.46941486944175 265.6303812683629
158.53335084637737 112.5801678751271
158.59728682331294 26.686237127475174
158.6612228002485 94.96612490210376
158.7251587771841 250.791839811416
158.7890947541197 345.1398480292121
158.85303073105527 293.19325239703016
158.91696670799087 155.86479363803383
158.98090268492646 68.80975675763814
159.04483866186203 108.88620994064388
159.10877463879763 249.7370215150556
159.1727106157332 425.8140993661447
159.2366465926688 608.8373255563622
159.3005825696044 795.6495377787953
159.36451854653995 948.8476567241166
159.42845452347555 997.754308530928
159.49239050041112 890.2634208125316
159.55632647734672 655.0076416101367
159.62026245428228 408.50160325606726
159.68419843121788 249.537212890616
159.74813440815348 174.2374649926749
159.81207038508904 123.74803924253544
159.87600636202464 67.75368475101101
159.9399423389602 28.891756756210054
160.0038783158958 39.28206710401091
160.06781429283137 84.45742723136301
160.13175026976697 115.39324393883504
160.19568624670256 110.5458201100366
160.25962222363813 97.68470613518743
160.32355820057373 105.81791213822837
160.38749417750927 114.76265230516564
160.4514301544449 80.80050441247057
160.51536613138046 16.81435200293686
160.57930210831603 18.52826359837221
160.64323808525165 174.1446297166397
160.70717406218722 446.45674138575424
160.7711100391228 668.4472888387595
160.83504601605839 672.0825059195038
160.89898199299398 444.891186390042
160.96291796992955 157.63301959320228
161.02685394686515 10.058205773192984
161.09078992380074 60.641847699607695
161.1547259007363 210.04718731361515
161.2186618776719 316.2151902851624
161.28259785460747 313.7739890065806
161.34653383154307 233.46739814836647
161.41046980847864 133.7542079264452
161.47440578541423 48.86869298057746
161.53834176234983 1.7624476352209733
161.6022777392854 30.59267192254953
161.666213716221 165.71969876609143
161.73014969315656 369.23800456447685
161.79408567009216 521.5128509757956
161.85802164702773 506.02503824702006
161.92195762396332 321.8855931300608
161.98589360089892 100.39499684512964
162.0498295778345 0.6269248842406276
162.11376555477008 78.3524740726101
162.17770153170565 243.0872239866144
162.24163750864125 344.6087920144022
162.3055734855768 305.77610179661235
162.3695094625124 172.03369324269573
162.433445439448 50.096783313109675
162.49738141638355 15.860967508572513
162.56131739331917 73.68850754621617
162.6252533702547 181.02421471350635
162.6891893471903 291.25233897453575
162.7531253241259 370.9447101324717
162.8170613010615 393.8235984364272
162.88099727799707 344.07217473042806
162.94493325493266 241.50904301860763
163.00886923186826 150.5778481387181
163.07280520880383 138.51663470372844
163.13674118573942 215.2160721089136
163.200677162675 316.9717036805146
163.2646131396106 354.9177930448389
163.32854911654618 288.26259671817024
163.39248509348175 156.36907566157595
163.45642107041735 43.816828872007925
163.52035704735292 14.690633054462008
163.5842930242885 74.09915903804733
163.64822900122408 181.46411401533825
163.71216497815968 282.12383869076484
163.77610095509525 326.84465899206657
163.84003693203084 290.46879789240234
163.90397290896644 190.25687597435635
163.967908885902 87.88716554460454
164.0318448628376 60.293515842871486
164.09578083977317 133.26916454007764
164.15971681670877 237.99666093330396
164.22365279364433 261.13474421690586
164.28758877057993 157.65320735424734
164.35152474751553 25.46190059194852
164.4154607244511 47.032939147620326
164.4793967013867 322.4490992225392
164.54333267832223 757.8592590791094
164.60726865525783 1114.3879447314534
164.67120463219342 1182.4779392171376
164.735140609129 947.3631889408883
164.7990765860646 580.0387369811269
164.86301256300018 277.50702325334794
164.92694853993575 136.34304912667835
164.99088451687135 133.22073751717295
165.05482049380694 189.54432137734975
165.1187564707425 262.2575919830043
165.1826924476781 360.54574018839753
165.2466284246137 489.9610794719424
165.31056440154927 624.3744705723241
165.37450037848487 725.6123335929769
165.43843635542044 759.8904820748579
165.50237233235603 701.45365453582
165.5663083092916 545.369252681148
165.6302442862272 329.3014470374218
165.6941802631628 133.3369979442578
165.75811624009836 30.503463017104995
165.82205221703396 24.363442668883277
165.88598819396952 49.96587498747829
165.94992417090512 43.77811555605648
166.0138601478407 11.135598032740548
166.07779612477628 19.28496981601544
166.14173210171188 113.58755246669907
166.20566807864745 252.01528683859405
166.26960405558305 336.14055099762527
166.3335400325186 303.47155322286915
166.3974760094542 189.09027453153135
166.46141198638975 89.89370350694243
166.52534796332537 68.60214370885505
166.58928394026097 107.35161936148236
166.6532199171965 145.4402055257581
166.71715589413213 144.8909761502132
166.7810918710677 117.35816329895349
166.84502784800327 93.12146620235652
166.90896382493887 83.90890417007489
166.97289980187446 83.66967205808515
167.03683577881003 85.24806468850511
167.10077175574563 84.36006262989272
167.16470773268122 74.1291267652543
167.2286437096168 48.795103458088334
167.2925796865524 21.625099569774488
167.35651566348795 29.101138725802656
167.42045164042355 101.10242058467804
167.48438761735915 224.178953589664
167.54832359429471 340.31546558966085
167.6122595712303 390.49121311808153
167.67619554816588 363.3894193776599
167.74013152510148 298.6779836409958
167.80406750203704 248.42562186917948
167.86800347897264 245.0181400928316
167.93193945590824 296.72883849456423
167.9958754328438 388.4632000669736
168.0598114097794 473.2594488375502
168.12374738671497 481.96773039931713
168.18768336365056 378.6070383639936
168.25161934058613 220.05810938115704
168.31555531752173 137.54686158618537
168.37949129445732 227.2922067621424
168.4434272713929 439.91249617342766
168.5073632483285 597.3874484692299
168.57129922526403 571.4851194197171
168.63523520219965 438.1598542438894
168.69917117913522 413.2968477730408
168.7631071560708 643.1541375957257
168.8270431330064 1036.430109327849
168.89097910994198 1294.4320910400859
168.95491508687755 1181.8932617389116
169.01885106381314 759.6850187480882
169.08278704074874 305.80162309727143
169.1467230176843 66.68158704592125
169.2106589946199 86.10046799273448
169.2745949715555 215.18910443095103
169.33853094849107 283.54023935551555
169.40246692542667 251.781553942138
169.46640290236223 196.05280101843647
169.53033887929783 187.91493358711503
169.5942748562334 216.694996190428
169.658210833169 219.10589064440296
169.7221468101046 160.49099530901094
169.78608278704016 73.42937476710038
169.85001876397575 21.457188289956076
169.91395474091132 36.48219641643682
169.97789071784692 97.51686586384979
170.0418266947825 157.0476705048633
170.10576267171808 179.63845761068728
170.16969864865368 165.01417191551977
170.23363462558925 137.5267672338264
170.29757060252484 114.39874771451346
170.3615065794604 89.53836698469813
170.425442556396 52.35590012988276
170.48937853333155 25.079365695543125
170.55331451026717 76.21860838627157
170.61725048720277 275.24231602733164
170.6811864641383 606.4181793326254
170.74512244107393 932.3304155395264
170.80905841800947 1070.6185076510626
170.87299439494507 925.6073797189331
170.93693037188066 570.2644269806027
171.00086634881623 205.93457863068903
171.06480232575183 14.360679326752075
171.12873830268742 36.01602553990064
171.19267427962302 183.84949489368293
171.2566102565586 351.89241800339994
171.32054623349418 496.851221729311
171.38448221042975 625.6998499985564
171.44841818736535 737.3312038747687
171.51235416430094 793.5016731283889
171.5762901412365 744.681414903819
171.6402261181721 589.8671816485705
171.70416209510768 396.2271879362726
171.76809807204327 242.80314574966016
171.83203404897884 162.7263053362626
171.89597002591444 144.80086842054513
171.95990600285003 166.49952141195203
172.0238419797856 213.0826391501468
172.0877779567212 271.90453459435304
172.15171393365677 321.7766256592003
172.21564991059236 339.4060681369026
172.27958588752793 318.44868646322294
172.34352186446353 275.1457129157923
172.40745784139912 231.22566331279552
172.4713938183347 197.65611400707328
172.5353297952703 176.52737857711264
172.59926577220585 170.67710564130653
172.66320174914145 189.0228150661128
172.727137726077 245.36717750469103
172.7910737030126 351.36212794233774
172.8550096799482 504.31642244432675
172.91894565688375 673.6205092972665
172.98288163381935 800.2662408857623
173.04681761075494 822.406455066782
173.1107535876905 714.9801635146508
173.1746895646261 513.2675518005735
173.2386255415617 296.67351858166296
173.30256151849727 136.26494490617372
173.36649749543287 51.275626331119405
173.43043347236846 23.421838376977846
173.49436944930403 47.77614789159037
173.55830542623963 147.465978733546
173.6222414031752 324.5231608214724
173.6861773801108 505.84878472771504
173.7501133570464 569.6465689603676
173.81404933398196 452.933517512436
173.87798531091755 237.7339872709204
173.94192128785312 111.20326159462849
174.00585726478872 205.73702807832
174.06979324172428 469.68613677273
174.13372921865988 706.5317234538711
174.19766519559548 739.6118291348884
174.26160117253104 553.8507099026274
174.32553714946664 291.86157507007835
174.3894731264022 105.96755511321828
174.4534091033378 33.06751745920818
174.51734508027337 16.51961191200664
174.58128105720897 7.493951619332206
174.64521703414457 23.219010951343407
174.70915301108013 107.90118064200207
174.77308898801573 251.7505517121685
174.83702496495127 377.74484487041
174.9009609418869 417.30380057897526
174.96489691882246 386.4425202355512
175.02883289575803 366.70590945401335
175.09276887269365 407.0994549173178
175.15670484962922 469.57176781563624
175.2206408265648 473.2339444971892
175.28457680350039 376.28438139010046
175.34851278043598 217.9540798812868
175.41244875737155 80.46315942116422
175.47638473430715 13.009420418535388
175.54032071124274 5.459216268914237
175.6042566881783 29.603366714602313
175.6681926651139 85.98421162172545
175.73212864204947 195.6548103475639
175.79606461898507 350.9644261410084
175.86000059592064 492.60769769328255
175.92393657285623 544.9024772815025
175.98787254979183 479.04588007325094
176.0518085267274 340.1458837085032
176.115744503663 204.74057696375164
176.17968048059856 119.02494461141556
176.24361645753416 83.54757869903789
176.30755243446973 84.99112394489913
176.37148841140532 127.25685643174933
176.43542438834092 222.6722927795861
176.4993603652765 356.793829570355
176.56329634221208 475.54683067651985
176.62723231914765 518.2514497300746
176.69116829608325 466.61248634292895
176.7551042730188 357.5422026688832
176.8190402499544 249.69489542354648
176.88297622689 182.7792712536076
176.94691220382555 160.6460907185198
177.01084818076117 161.39354364902692
177.07478415769674 161.18371898123215
177.1387201346323 148.91543748587867
177.2026561115679 126.3754558012129
177.2665920885035 105.50730504580856
177.33052806543907 103.37441010043126
177.39446404237466 129.29434528608343
177.45840001931026 170.6343075684535
177.52233599624583 194.52529998336436
177.58627197318143 172.00287930882908
177.650207950117 105.6245458838008
177.7141439270526 33.8357747216687
177.77807990398819 1.3262597860136227
177.84201588092375 17.782110769137976
177.90595185785935 49.41234565961804
177.96988783479492 55.61454816776181
178.0338238117305 33.29638147340129
178.09775978866608 23.207696594119117
178.16169576560168 67.17827929513992
178.22563174253727 158.30028161358155
178.28956771947284 240.06865932975387
178.35350369640844 259.95486183975294
178.417439673344 227.8002191339585
178.4813756502796 215.30077062654857
178.54531162721517 283.89697905061365
178.60924760415077 413.39495528660177
178.67318358108636 504.5239197968445
178.73711955802193 456.97914160099026
178.80105553495753 272.2893365643099
178.86499151189307 80.98517051774864
178.9289274888287 33.50355007851597
178.99286346576423 161.23632755226737
179.05679944269983 345.7292233508376
179.12073541963545 416.1808356943927
179.184671396571 316.52403040316096
179.2486073735066 191.92030944753807
179.31254335044218 271.6226817347697
179.37647932737775 665.0126278158182
179.44041530431335 1255.7873087175756
179.50435128124894 1749.2727538854404
179.56828725818454 1864.9155791564265
179.6322232351201 1544.3690615728715
179.6961592120557 976.5352401395488
179.76009518899127 441.2645172082758
179.82403116592687 133.03186092769783
179.88796714286244 74.68513066468913
179.95190311979803 154.95961802500895
180.01583909673363 243.90365331159956
180.0797750736692 279.76837492930224
180.1437110506048 272.1684206276456
180.2076470275404 251.31634179839023
180.27158300447596 226.67509565868508
180.33551898141152 188.9938799813793
180.39945495834712 134.53378287952236
180.46339093528272 75.7222056475795
180.52732691221829 31.27646044417356
180.59126288915388 14.864100685043123
180.65519886608945 36.65348619469574
180.71913484302505 109.3066335355216
180.7830708199606 241.31445453974777
180.8470067968962 413.09202007162475
180.9109427738318 560.8866121616686
180.97487875076737 603.8032989212086
181.03881472770297 507.1051043030684
181.1027507046385 327.91874828907726
181.1666866815741 191.3142416103664
181.23062265850967 204.6669972416801
181.29455863544527 378.3814240584927
181.35849461238087 611.8487518996731
181.4224305893165 767.878635575673
181.48636656625203 790.5495911888563
181.5503025431876 740.8447502218897
181.6142385201232 721.40783954524
181.6781744970588 792.869872667904
181.7421104739944 923.8093889541245
181.80604645093 1001.380391571346
181.86998242786555 934.8859713118084
181.93391840480115 738.9677184375283
181.99785438173672 506.3792359601615
182.0617903586723 340.25101037515327
182.12572633560788 293.0744768953662
182.18966231254348 330.0456622909889
182.25359828947907 360.18212948152956
182.31753426641464 313.2975143652211
182.38147024335024 193.94003628824888
182.4454062202858 73.72384730903475
182.5093421972214 31.064401298375724
182.57327817415697 87.95218842057001
182.63721415109256 192.58974552681363
182.70115012802816 261.84958823431066
182.76508610496367 246.48099996117793
182.82902208189927 161.16517393647857
182.8929580588349 65.40839973431896
182.9568940357705 19.489074296727864
183.02083001270603 46.32658614260245
183.08476598964165 121.8202051962448
183.14870196657725 193.45452424033613
183.2126379435128 213.57539605532753
183.2765739204484 169.91862692315107
183.340509897384 95.6587939763413
183.4044458743196 49.30431858491213
183.46838185125517 71.3542881335909
183.53231782819077 148.91842257736891
183.59625380512637 223.3191982396864
183.6601897820619 240.89717373621093
183.72412575899753 198.57161859568453
183.78806173593304 137.93102643873715
183.85199771286864 102.52686722738842
183.91593368980423 102.08436760498584
183.97986966673983 115.88896860101156
184.04380564367543 134.45215771430767
184.10774162061097 182.64820122620563
184.17167759754656 290.0705394828463
184.23561357448213 449.76674957387274
184.29954955141773 609.0853004001032
184.36348552835327 703.4907332754672
184.4274215052889 704.9906408790092
184.4913574822245 634.8589754895124
184.55529345916008 541.0364692705912
184.61922943609568 478.8190268164914
184.68316541303125 504.7216949977864
184.74710138996684 661.1719594719502
184.8110373669024 936.0792983396401
184.874973343838 1228.0439841547925
184.9389093207736 1378.2619400039516
185.0028452977092 1275.5022899346238
185.0667812746448 947.3193855192333
185.13071725158036 548.1762707531259
185.19465322851596 251.8701882417344
185.25858920545153 131.85359333555587
185.32252518238707 130.14891082136864
185.3864611593227 141.2866201260449
185.45039713625823 111.45245487630449
185.51433311319383 56.97283126767245
185.57826909012945 16.170146530586198
185.64220506706505 1.1586241897927492
185.70614104400056 3.113265810711813
185.77007702093616 33.89856964169058
185.83401299787175 133.4974817742495
185.89794897480732 325.13734044149726
185.96188495174292 566.1466273299765
186.02582092867848 755.545502440587
186.08975690561408 807.9286636502364
186.15369288254968 717.978820599252
186.21762885948527 553.4007633608489
186.28156483642087 397.3829838689497
186.34550081335644 295.2671874366312
186.40943679029203 244.9770882750288
186.4733727672276 226.3730927552733
186.5373087441632 227.06613989928488
186.6012447210988 239.49739545731492
186.6651806980344 251.83262390398892
186.72911667496996 256.9618073001254
186.79305265190553 259.87538667087057
186.85698862884112 270.6897134535156
186.9209246057767 293.7424091444422
186.9848605827123 311.78936579423043
187.04879655964783 290.87285200562474
187.11273253658345 219.32270972485617
187.17666851351905 126.05498678497322
187.2406044904546 52.69179082381979
187.3045404673902 17.894271078043253
187.36847644432575 10.432417244938732
187.43241242126135 18.98656492427878
187.49634839819691 62.87919072786927
187.5602843751325 177.34577816055895
187.6242203520681 359.5358680662339
187.68815632900368 535.9593497172688
187.75209230593927 603.7134938728949
187.81602828287487 518.832172739628
187.8799642598105 346.62688399069015
187.94390023674603 219.21278041458024
188.0078362136816 229.85729105054793
188.0717721906172 357.66477655364014
188.1357081675528 486.72582993848766
188.1996441444884 503.0366523885317
188.26358012142396 389.47975223833856
188.32751609835955 228.01194840844553
188.39145207529512 113.43562743358395
188.45538805223072 77.34206568412684
188.5193240291663 83.44907092077025
188.58326000610188 80.77235350909052
188.64719598303748 58.92916428204283
188.71113195997305 49.776508905270646
188.77506793690864 81.7594266881414
188.8390039138442 140.61401031549732
188.9029398907798 177.5312740146917
188.9668758677154 158.5173609975434
189.03081184465097 96.58301403686144
189.09474782158657 33.87275819036474
189.15868379852213 4.492672270893123
189.22261977545767 11.399185631622347
189.28655575239327 30.410539495385
189.3504917293289 36.57547307799357
189.4144277062645 26.8151248203283
189.47836368320003 18.31443113458572
189.54229966013563 30.358342040711737
189.6062356370712 69.76760660254153
189.6701716140068 130.8601268656238
189.7341075909424 206.47806305792233
189.798043567878 296.3996129300057
189.8619795448136 396.4641916209609
189.92591552174915 479.34771664645206
189.98985149868477 503.26950236721297
190.0537874756203 442.8684179677994
190.1177234525559 307.81367494554075
190.18165942949148 147.4540872382443
190.24559540642707 33.29166707405692
190.30953138336264 8.262791908758922
190.37346736029824 53.32530078216492
190.43740333723383 107.41514943098989
190.50133931416937 115.3187256503462
190.56527529110497 72.73921906015985
190.62921126804056 27.590162583179115
190.69314724497616 31.027801399213686
190.75708322191173 95.2401383117503
190.82101919884727 184.73017666194175
190.8849551757829 241.3714666367816
190.9488911527185 235.07542411471
191.01282712965408 183.00013355875544
191.07676310658965 120.17683517542076
191.14069908352525 71.47178721493158
191.20463506046084 45.59167664790374
191.2685710373964 41.64198775865182
191.332507014332 55.65666949568952
191.3964429912676 76.60957607845118
191.4603789682032 82.7954702041727
191.52431494513877 57.211038954133606
191.58825092207437 14.616744161744448
191.65218689900996 3.548922559328948
191.71612287594553 67.0056649993501
191.78005885288107 191.6499624292377
191.84399482981664 297.1805223490835
191.90793080675223 301.7631079322452
191.97186678368783 208.6215497386588
192.03580276062343 115.81198597016297
192.09973873755905 144.4463310149182
192.16367471449456 338.08894835774515
192.22761069143016 606.4005307590669
192.29154666836573 789.2431675831863
192.35548264530132 786.4548638929977
192.4194186222369 617.317455564175
192.4833545991725 381.7824454557749
192.54729057610808 182.3379963614007
192.61122655304368 65.38510959371366
192.67516252997927 18.26959306708002
192.73909850691484 6.967750480511204
192.80303448385044 9.210678588939613
192.866970460786 20.46630224827141
192.9309064377216 43.35712668363941
192.9948424146572 77.05421361698686
193.0587783915928 112.826311844463
193.1227143685284 135.46244911617643
193.18665034546396 132.2846716062014
193.25058632239953 107.61142076338255
193.31452229933507 84.31590411228296
193.3784582762707 82.07075589864519
193.4423942532063 93.72693062643026
193.50633023014183 89.23857565816
193.57026620707745 52.07696037318143
193.63420218401305 13.36403806444763
193.6981381609486 34.284566429875134
193.76207413788416 139.6092519622518
193.82601011481975 275.8446702138552
193.88994609175535 351.7262055578072
193.95388206869092 323.73465762351486
194.0178180456265 245.0662466975409
194.08175402256208 226.66433377089024
194.14568999949768 324.89848061094267
194.20962597643327 470.9423297710539
194.27356195336887 537.7335428867038
194.3374979303045 463.1309866455791
194.40143390724003 293.2679967640372
194.4653698841756 127.90827683796662
194.5293058611112 35.549984614833534
194.5932418380468 13.924823611343392
194.6571778149824 22.338933984061914
194.72111379191796 34.67666719549809
194.78504976885355 51.23291219565369
194.84898574578912 72.33252391849683
194.91292172272472 82.24590962417585
194.9768576996603 65.65784977802277
195.04079367659588 30.667394138084745
195.10472965353145 6.9600462781409735
195.16866563046705 21.23658407054521
195.23260160740264 77.24530188634297
195.2965375843382 154.6459108969107
195.3604735612738 218.17535496931296
195.42440953820935 230.60591227110567
195.48834551514497 175.14768782201122
195.5522814920805 85.42894548179181
195.6162174690161 50.92591280954541
195.68015344595173 160.69542467213043
195.74408942288727 401.2333004494714
195.80802539982287 613.0550469163293
195.8719613767585 608.5368696487977
195.93589735369403 362.96713192584906
195.9998333306296 79.82915231405782
196.0637693075652 56.43754527020375
196.1277052845008 420.7530832930256
196.1916412614364 969.3120037938195
196.255577238372 1325.386560027425
196.31951321530755 1254.861311772384
196.38344919224315 827.5229070248665
196.44738516917872 338.85432524420906
196.5113211461143 58.546691224584485
196.5752571230499 15.252671842965247
196.63919309998548 48.76692229310604
196.70312907692107 32.81681316769628
196.76706505385664 5.3792670030535845
196.83100103079224 100.59209287573753
196.8949370077278 368.9689283291565
196.9588729846634 697.2637190347476
197.02280896159897 910.5876071275757
197.08674493853457 915.5440589684333
197.15068091547016 759.8472839575123
197.21461689240567 582.2214778217581
197.27855286934127 489.08113506078325
197.3424888462769 477.81955558498254
197.4064248232125 480.4304162337706
197.4703608001481 448.1310289842172
197.53429677708365 381.6326885672868
197.59823275401925 309.22233360432926
197.6621687309548 257.61023947283104
197.7261047078904 239.6084509250931
197.790040684826 256.805169388861
197.8539766617616 304.0069436523873
197.9179126386972 368.2469875243015
197.98184861563277 428.6329175360997
198.04578459256837 466.5946432158736
198.1097205695039 478.60986653423606
198.17365654643953 469.6190135750868
198.23759252337507 436.56121067663855
198.30152850031064 372.52061678570584
198.36546447724623 282.09399568452903
198.42940045418183 182.7848421441444
198.49333643111743 95.98614706853101
198.55727240805297 37.03778064242852
198.62120838498856 8.796398269657146
198.68514436192413 5.249935300029954
198.74908033885973 20.36848501457324
198.81301631579532 50.15604793330598
198.8769522927309 88.1048150913641
198.9408882696665 123.30096582975573
199.00482424660208 145.2265265977614
199.06876022353768 149.88750222441968
199.13269620047325 141.32382050523208
199.19663217740884 125.5649549467855
199.26056815434444 102.66613188719036
199.32450413128 71.74996209536617
199.3884401082156 42.561624203082005
199.4523760851512 30.7071028617892
199.5163120620868 39.642608281551645
199.58024803902236 51.77869285905427
199.64418401595796 43.81097625501929
199.70811999289353 17.02840963582602
199.77205596982907 7.580711687362008
199.8359919467647 58.157579427269134
199.89992792370023 173.66391797173196
199.96386390063583 302.50825790496054
200.02779987757145 368.7610424319852
200.09173585450705 331.1379325680003
200.1556718314426 215.3597866852734
200.21960780837816 91.38243598705311
200.28354378531375 18.469690732614623
200.34747976224932 11.196590659212289
200.41141573918492 50.043640569871975
200.47535171612049 110.49810795629335
200.53928769305608 176.347526636107
200.60322366999168 229.95035077872737
200.66715964692727 245.19102184747263
200.73109562386287 204.87628091090417
200.79503160079844 123.82909617035284
200.85896757773403 44.81392720491549
200.9229035546696 4.845547700435437
200.9868395316052 5.0435218276971545
201.0507755085408 17.363563840547343
201.1147114854764 19.953948663005857
201.17864746241196 18.255207417256976
201.24258343934753 28.388632567011943
201.30651941628312 48.07920188810711
201.3704553932187 55.10595280885149
201.4343913701543 38.71324888757324
201.49832734708988 24.093470602490296
201.56226332402545 50.37189319613911
201.62619930096105 121.62176811698843
201.6901352778966 189.00224367859616
201.7540712548322 192.4355321094964
201.81800723176775 128.48611745817618
201.88194320870335 65.5808541256072
201.94587918563897 76.54006489851163
202.0098151625745 163.84067728679807
202.0737511395101 254.62881202181168
202.13768711644568 266.6237516655549
202.20162309338127 187.38896614563808
202.26555907031687 85.81240841786118
202.3294950472525 42.34404876302423
202.3934310241881 79.24036272469203
202.4573670011236 153.66081704034093
202.5213029780592 204.20988286259904
202.5852389549948 203.2939450911508
202.6491749319304 168.13524726901352
202.71311090886596 130.54472194572574
202.77704688580155 107.47254029544644
202.84098286273715 97.36567476624744
202.90491883967272 92.91686399852739
202.9688548166083 92.32127395059376
203.03279079354388 101.73937388275296
203.09672677047948 129.341631069038
203.16066274741505 175.92268825223664
203.22459872435064 226.81981229367608
203.28853470128624 247.79896325938233
203.3524706782218 204.26860884018473
203.4164066551574 107.7251893022815
203.48034263209297 38.04199570862385
203.54427860902857 100.4771010613848
203.6082145859641 339.51376612168355
203.67215056289973 676.5601810918265
203.73608653983527 945.4771057991104
203.80002251677087 1011.6656197002216
203.8639584937065 863.7122518618198
203.92789447064203 605.6275199005764
203.99183044757763 370.77898799924736
204.0557664245132 231.22904666244372
204.1197024014488 174.52967403760613
204.1836383783844 152.2242149330958
204.24757435532 136.3699300673759
204.3115103322556 129.5259172237105
204.37544630919115 135.54087636478403
204.43938228612677 139.12854284445447
204.5033182630623 119.35256189871194
204.5672542399979 74.83496138969059
204.63119021693353 28.626149808161685
204.69512619386907 6.561117387357553
204.75906217080464 12.94362428725046
204.82299814774024 30.854790829093343
204.88693412467583 40.9785267940789
204.9508701016114 34.977082527756075
205.01480607854697 17.850346306745
205.07874205548256 3.8641250648057865
205.14267803241816 10.441775424854695
205.20661400935373 49.6060833897464
205.27054998628927 113.39087735920425
205.3344859632249 169.75205101368996
205.3984219401605 182.77962613115503
205.46235791709609 141.1280099422507
205.52629389403168 71.67347144168045
205.59022987096725 20.650767612043825
205.65416584790285 13.711613491915148
205.7181018248384 39.28293123528656
205.782037801774 71.69690874701699
205.8459737787096 102.89407672406053
205.9099097556452 145.10867201932132
205.9738457325808 202.27808464301697
206.03778170951637 251.09633708995983
206.10171768645196 266.26171763652087
206.16565366338753 259.29262585085263
206.22958964032307 270.0841267518958
206.29352561725864 322.3497711974632
206.35746159419423 394.3002708754025
206.42139757112983 421.1679389543437
206.48533354806543 351.7062264244174
206.54926952500105 221.2653900727975
206.61320550193656 129.32723148777364
206.67714147887216 143.03097094484045
206.74107745580773 243.63574431324355
206.80501343274332 345.6552609000399
206.86894940967892 367.5174259951259
206.9328853866145 297.14084724497707
206.99682136355008 185.12688785315436
207.06075734048568 88.26606091041751
207.12469331742128 30.43420922151647
207.18862929435684 6.245769678924166
207.25256527129244 6.304494320491461
207.31650124822804 26.518421321684563
207.3804372251636 57.21042722914976
207.4443732020992 77.44105796973649
207.5083091790348 70.87036102127357
207.5722451559704 49.71781135787317
207.63618113290596 51.67114787422691
207.70011710984153 106.77969061698622
207.76405308677712 209.5401595974794
207.8279890637127 317.3246610361992
207.8919250406483 376.43302940743985
207.95586101758383 360.0433965768424
208.01979699451945 283.3797170723018
208.08373297145505 185.68935857393825
208.1476689483906 103.74324209010578
208.2116049253262 55.27222083134325
208.27554090226175 35.7946200019043
208.33947687919735 29.050287587709732
208.40341285613292 25.034498085623945
208.4673488330685 32.384372410481845
208.53128481000408 72.31240234180859
208.59522078693968 154.68590897137452
208.65915676387527 254.99363941392772
208.72309274081087 318.10169939064895
208.78702871774647 295.86336839093883
208.85096469468203 190.55119356883645
208.91490067161763 66.63211984728152
208.9788366485532 12.78554795568588
209.0427726254888 73.73805900200233
209.1067086024244 209.99125826334495
209.17064457935996 322.29188547302493
209.23458055629555 325.25897433561903
209.29851653323112 218.17155725332967
209.36245251016672 85.63725596866901
209.4263884871023 25.948059027584243
209.49032446403788 75.58825718958285
209.55426044097348 185.71694108051196
209.61819641790905 274.00132233997647
209.68213239484464 304.7843719740115
209.7460683717802 312.3730416370569
209.8100043487158 359.54648877119183
209.87394032565135 462.56457468952976
209.93787630258697 543.7414657391968
210.00181227952257 499.43269182441935
210.0657482564581 319.84186337930606
210.12968423339373 111.98240056542542
210.19362021032927 18.482520095604418
210.25755618726487 102.71440824184133
210.3214921642005 283.0424463416276
210.3854281411361 400.5524878695263
210.44936411807163 363.30599692848574
210.5133000950072 215.41992217649823
210.5772360719428 81.87055150942598
210.6411720488784 52.085583952517155
210.705108025814 103.5349134599082
210.76904400274955 141.77966285057687
210.83297997968515 112.79940343032273
210.89691595662077 60.02663093758788
210.9608519335563 75.76786536126947
211.0247879104919 204.37558588458435
211.08872388742748 385.2064127989922
211.15265986436307 496.21493085212023
211.21659584129864 461.56871550677533
211.28053181823424 311.77145269013926
211.34446779516983 149.67003967673358
211.4084037721054 68.0422867297982
211.47233974904097 85.69028055465601
211.53627572597657 148.63240150912588
211.60021170291216 188.22011319108705
211.66414767984767 181.18287579454497
211.72808365678327 163.10716903457174
211.7920196337189 188.5587728309256
211.8559556106545 280.13282424756613
211.9198915875901 408.4296927837863
211.98382756452563 506.77103966336193
212.04776354146125 513.363004998598
212.1116995183968 416.46846319156873
212.1756354953324 260.3152915425792
212.239571472268 111.68147654134619
212.3035074492036 22.854237935739036
212.3674434261392 8.085741572839003
212.43137940307477 39.6616692260996
212.49531538001037 70.7491636707619
212.5592513569459 71.35810291924545
212.62318733388153 47.02157679016904
212.68712331081707 32.68492761187527
212.75105928775264 69.18982429427292
212.81499526468824 167.87095102206305
212.87893124162383 289.80230358612107
212.94286721855943 368.5401215008172
213.00680319549497 358.0186027520327
213.07073917243056 264.01843278511546
213.13467514936616 139.7823274963411
213.19861112630173 46.39190848239311
213.26254710323732 6.658590254153912
213.3264830801729 0.8351045020158424
213.3904190571085 8.471832431458028
213.45435503404408 44.556961875169776
213.51829101097968 146.23466969645804
213.58222698791528 318.59174590545217
213.64616296485084 496.6363018953656
213.71009894178644 577.5674905751102
213.774034918722 503.96286513725346
213.8379708956576 316.906082770415
213.9019068725932 125.05972073741836
213.9658428495288 19.9065325852836
214.0297788264644 17.051285242661837
214.09371480339996 67.17101174260765
214.15765078033553 112.6705400265436
214.22158675727107 134.87027229412243
214.2855227342067 149.8854358736365
214.34945871114223 168.8473671884982
214.41339468807783 181.44492134056347
214.47733066501343 177.82139696572153
214.54126664194905 170.69171357759856
214.6052026188846 190.79949886696488
214.66913859582016 257.6215575957412
214.73307457275575 354.98884094272444
214.79701054969132 446.23426110613735
214.86094652662692 512.6925265957843
214.92488250356251 565.7325147457939
214.98881848049808 621.2555212529775
215.05275445743368 671.6397394781928
215.11669043436927 686.3073848224644
215.18062641130487 638.4456983570004
215.24456238824044 533.8955320244046
215.30849836517604 413.3659690947935
215.37243434211163 317.6877671739925
215.4363703190472 253.36602025605703
215.5003062959828 199.71437143308225
215.5642422729184 140.07677749145702
215.62817824985396 79.39975908119193
215.69211422678953 38.95445894947734
215.75605020372512 34.707776281366804
215.81998618066072 58.90753990917592
215.8839221575963 85.95850444960878
215.94785813453188 96.19506248123017
216.01179411146745 93.77771922004176
216.07573008840305 100.67388571578378
216.1396660653386 131.09502015795775
216.2036020422742 175.08391959867163
216.2675380192098 207.3103969719836
216.33147399614535 208.96789229427125
216.39540997308097 187.57872282862465
216.4593459500165 178.89181856979417
216.5232819269521 219.60484302412345
216.58721790388768 310.87410912070885
216.65115388082327 407.046955319174
216.71508985775887 440.2720409258819
216.7790258346945 369.3705918430336
216.8429618116301 220.15102141861252
216.9068977885656 74.73696599361436
216.9708337655012 15.142752515779268
217.0347697424368 70.3685539203154
217.0987057193724 196.8913179318144
217.162641696308 306.86083246897084
217.22657767324355 335.42602766742294
217.29051365017915 286.1546830902116
217.35444962711472 214.5844078797967
217.41838560405031 178.07243630266655
217.48232158098588 191.4804147517403
217.54625755792148 220.22147183440444
217.61019353485707 219.3776959861113
217.67412951179264 176.65122394631467
217.73806548872824 115.86992268150517
217.8020014656638 66.96588505403409
217.8659374425994 38.76644157661906
217.92987341953497 20.895213419887646
217.99380939647057 5.997711464157595
218.05774537340616 0.9664627934690551
218.12168135034173 12.883006962995724
218.18561732727727 32.529791112155316
218.24955330421287 43.24624722860192
218.3134892811485 46.73978062700598
218.37742525808403 70.26655024891258
218.44136123501963 134.6346379311298
218.50529721195525 211.76525148665957
218.5692331888908 230.73194835913432
218.6331691658264 150.90472227669218
218.697105142762 35.06984587621192
218.7610411196976 23.594373557862976
218.82497709663315 208.67650285550053
218.88891307356877 523.3954466169707
218.95284905050437 759.6671543317334
219.0167850274399 733.3271084231081
219.08072100437553 460.280560537863
219.14465698131107 159.1394662149475
219.20859295824664 73.10148541506477
219.27252893518224 266.46284727220814
219.33646491211783 565.0507458728794
219.40040088905343 712.2417313878136
219.46433686598897 599.2004852936373
219.52827284292457 349.31085436945915
219.59220881986016 212.01111638062645
219.65614479679573 370.7776720494241
219.72008077373127 810.5832930762969
219.7840167506669 1350.6596213682792
219.8479527276025 1785.5643482465955
219.9118887045381 1988.698560036356
219.97582468147368 1943.5176457270868
220.03976065840925 1739.5656026861723
220.10369663534485 1527.050073536392
220.1676326122804 1420.5658180721387
220.231568589216 1405.9956855582489
220.2955045661516 1336.455574609724
220.3594405430872 1054.4202532243607
220.4233765200228 572.9009944358253
220.48731249695837 139.02937382233543
220.55124847389396 45.89366287147967
220.61518445082953 345.1072261030857
220.67912042776507 765.5397386684173
220.74305640470067 924.3693417878081
220.80699238163623 664.6619818362008
220.87092835857183 222.9572882440657
220.93486433550743 13.434464174093803
220.99880031244305 222.29945312990037
221.06273628937856 631.6539967231835
221.12667226631416 837.2854373716436
221.19060824324976 649.0593360906151
221.25454422018532 271.22920467471334
221.31848019712092 86.34081312571368
221.3824161740565 286.54577513250894
221.44635215099208 696.5984325158008
221.51028812792768 947.0668685246162
221.57422410486328 834.8796800656637
221.63816008179887 480.7604624956348
221.70209605873444 157.7614006246501
221.76603203567004 40.046265335718594
221.8299680126056 99.11316703925968
221.8939039895412 188.10722830893437
221.9578399664768 203.71902602729483
222.0217759434124 152.93223449637338
222.085711920348 91.84819299117842
222.14964789728353 52.53983032589023
222.21358387421913 37.52728145961762
222.2775198511547 56.174003808185184
222.3414558280903 130.25936209639383
222.40539180502583 252.43110735293672
222.46932778196145 359.3826933960357
222.53326375889705 369.2580386913546
222.5971997358326 260.75691015820286
222.6611357127682 107.13016707645464
222.72507168970375 13.61738621185154
222.78900766663935 26.846080067227366
222.85294364357492 103.56611859526194
222.9168796205105 156.33585229758555
222.9808155974461 134.15685873547906
223.04475157438168 60.876367727504075
223.10868755131727 4.86132157065724
223.17262352825287 22.8741710471449
223.23655950518847 122.29427701477834
223.30049548212403 265.53689110604734
223.36443145905963 398.36431345214737
223.4283674359952 472.39637897713743
223.4923034129308 467.94623858184866
223.5562393898664 406.2776109834791
223.62017536680196 329.1381104250992
223.68411134373756 267.34994386089966
223.74804732067312 225.285137497108
223.81198329760872 186.21350273937225
223.87591927454432 132.75172266959405
223.93985525147988 67.1134678707429
224.00379122841548 13.79626362296708
224.06772720535105 2.3078497723097686
224.13166318228664 47.73334037285954
224.1955991592222 141.2618064250316
224.2595351361578 251.6000258441591
224.3234711130934 341.5228347878641
224.38740709002897 386.652568630248
224.45134306696457 378.5473127728964
224.5152790439001 322.0292821614741
224.57921502083573 235.46277140045268
224.64315099777127 144.8961142650863
224.70708697470687 72.6818942445567
224.7710229516425 30.315491908539332
224.8349589285781 17.266594085733523
224.89889490551363 24.03053752492068
224.9628308824492 38.37670262458965
225.0267668593848 50.842867208344
225.0907028363204 56.225714212044245
225.154638813256 52.84340241925647
225.2185747901916 41.674462462649934
225.28251076712715 25.49079492964852
225.34644674406275 9.091017577592847
225.4103827209983 0.2043933134327452
225.4743186979339 7.314629931752551
225.53825467486948 34.32482551877625
225.60219065180507 76.71203234452801
225.66612662874067 121.93024191936108
225.73006260567624 154.50556256788718
225.79399858261183 164.240985490921
225.8579345595474 151.73309267254345
225.92187053648297 126.34787841941213
225.98580651341857 99.1982971224716
226.04974249035416 76.84738983429078
226.11367846728973 58.283979517789646
226.17761444422527 37.489980691748926
226.24155042116087 14.026326136812852
226.3054863980965 2.3517809207456124
226.3694223750321 23.462471179520684
226.43335835196763 82.42565985254457
226.49729432890325 155.082082828204
226.56123030583885 199.01079290268848
226.6251662827744 183.79250007523896
226.68910225971 117.77423643419267
226.7530382366456 46.11221787165429
226.8169742135812 19.544964385180247
226.88091019051677 58.91434203273703
226.94484616745237 143.9734309683489
227.00878214438796 232.44854430823847
227.07271812132353 285.25203072616443
227.13665409825913 280.79974406091605
227.20059007519464 222.64439349404532
227.26452605213024 139.0820751491666
227.32846202906583 69.71576939948763
227.39239800600143 42.94399982704074
227.45633398293705 55.501503451563245
227.52026995987256 74.58707100122851
227.58420593680816 67.79876184964846
227.64814191374373 33.99878971197098
227.71207789067932 4.994382915009439
227.7760138676149 11.089763196668947
227.8399498445505 44.292267765586175
227.90388582148609 66.84619280459242
227.96782179842168 58.43024208566052
228.03175777535728 47.382147746873194
228.09569375229285 87.90284393746107
228.15962972922844 195.70598360120553
228.223565706164 307.8108617119776
228.2875016830996 327.8997681497531
228.3514376600352 223.16497874159367
228.4153736369708 70.89075729016906
228.4793096139064 6.02024024284254
228.54324559084196 108.478456298783
228.60718156777756 324.2435541256529
228.67111754471307 506.962976852182
228.73505352164867 543.2701870581699
228.7989894985843 435.9173374685415
228.86292547551983 292.24705866525414
228.92686145245543 236.77425921593752
228.99079742939105 307.3692280437268
229.0547334063266 437.9582163894563
229.11866938326216 536.6278368983117
229.18260536019775 556.6276638681993
229.24654133713335 513.7844354397793
229.31047731406892 461.976413587874
229.37441329100452 440.8106082472223
229.43834926794008 442.9038840195782
229.50228524487568 431.897315297265
229.56622122181128 380.6217722151207
229.63015719874687 293.4184692757135
229.69409317568244 201.7828227055277
229.75802915261804 140.33490145012223
229.82196512955363 124.97413071470032
229.8859011064892 149.0903200127922
229.9498370834248 193.99384271624973
230.0137730603604 241.9739103711663
230.077709037296 284.0553087352433
230.14164501423153 320.72947193610014
230.20558099116712 357.6143812959098
230.26951696810272 398.5417845079964
230.3334529450383 440.0898187361282
230.39738892197389 471.33625544088767
230.46132489890945 476.25553233825394
230.52526087584505 436.15588638111177
230.5891968527806 341.2194222953963
230.6531328297162 211.18788996225436
230.7170688066518 96.42154050256575
230.78100478358735 46.61524992356016
230.84494076052297 77.29622167120749
230.9088767374585 158.61860417710383
230.9728127143941 229.2581282659286
231.03674869132968 235.70734922035905
231.10068466826527 174.4706626542316
231.16462064520087 97.45852523543704
231.22855662213647 73.27351663615492
231.2924925990721 134.3177426452907
231.35642857600763 250.8155175639504
231.4203645529432 354.7912848594323
231.4843005298788 392.7536071575321
231.5482365068144 362.7983319149507
231.61217248375 309.9373382875954
231.67610846068555 284.62883305840285
231.74004443762115 299.9876972557818
231.80398041455672 326.06967307625746
231.86791639149232 320.8637328914524
231.93185236842788 266.04410164312225
231.99578834536348 182.71194661457167
232.05972432229908 120.31436650169329
232.12366029923464 121.88862904020498
232.18759627617024 186.1610722076333
232.2515322531058 261.2021708770446
232.3154682300414 280.63233106116206
232.37940420697697 214.82305295604223
232.44334018391257 101.12519014979404
232.50727616084816 28.581807793419955
232.57121213778373 78.02891115651566
232.63514811471927 263.42991581920165
232.69908409165487 522.9170603878908
232.7630200685905 756.0214896435334
232.8269560455261 879.2312605345912
232.89089202246163 868.4077879643457
232.95482799939725 751.4050290069331
233.0187639763328 570.6841371338854
233.0826999532684 369.23698303230583
233.146635930204 190.52477166972153
233.2105719071396 69.16840449248889
233.27450788407515 19.61406968274414
233.33844386101077 24.3805800816496
233.40237983794637 40.89221707147447
233.4663158148819 39.07691289417773
233.53025179181753 30.23790197901233
233.59418776875307 54.59889080332554
233.65812374568864 136.96803158031426
233.72205972262424 250.91051251970225
233.78599569955983 330.53946186766257
233.84993167649543 320.4363456659649
233.91386765343097 222.6776631671883
233.97780363036657 102.07358275269624
234.04173960730216 40.22614545084121
234.10567558423773 78.83136357330346
234.16961156117327 197.14326199466635
234.2335475381089 332.0477383882407
234.2974835150445 419.59168503477053
234.3614194919801 428.9813649187637
234.42535546891568 373.15183907928474
234.48929144585125 292.4413568861128
234.55322742278685 225.54307969332473
234.6171633997224 190.91217310069072
234.681099376658 184.5264100502192
234.7450353535936 188.1636514474341
234.8089713305292 182.009430716614
234.8729073074648 156.00950903341692
234.93684328440037 112.27906692349528
235.00077926133596 60.03806244967513
235.06471523827153 15.909506540322267
235.12865121520707 0.7477127488872662
235.19258719214267 24.20409568679252
235.25652316907824 75.31689513888772
235.32045914601383 129.6519983182534
235.38439512294943 171.86722089892973
235.44833109988505 215.00099889674388
235.51226707682056 283.43653461935867
235.57620305375616 370.7621505137008
235.64013903069176 425.76437766290695
235.70407500762732 392.07570452510765
235.76801098456292 273.1850289771223
235.8319469614985 172.08548729371932
235.89588293843408 239.04630552509155
235.95981891536968 519.7533735863866
236.02375489230528 871.7053309470566
236.08769086924087 1069.1124397920807
236.15162684617644 979.3849468634704
236.21556282311204 652.1869271216478
236.2794988000476 284.90517765868583
236.3434347769832 70.48564260660248
236.4073707539188 51.5029521990668
236.4713067308544 126.438317727335
236.53524270779 169.7848428628622
236.59917868472553 135.65761407680375
236.66311466166113 62.45103773684012
236.7270506385967 9.177634496107087
236.7909866155323 3.513361549985273
236.85492259246783 39.11758916111912
236.91885856940343 100.36212785552772
236.98279454633905 165.96174251453823
237.0467305232746 199.51507937672
237.1106665002102 168.12721600357887
237.17460247714575 86.84462730487442
237.23853845408135 48.44425650087593
237.30247443101692 176.1227398223218
237.36641040795251 513.0825287709117
237.4303463848881 955.5126414403702
237.49428236182368 1287.11761155825
237.55821833875927 1311.8302120558608
237.62215431569487 1001.8010954195634
237.68609029263047 522.7724863809873
237.75002626956604 128.94194467934264
237.81396224650163 13.921278840545444
237.8778982234372 189.48477045225897
237.9418342003728 479.85336965828657
238.0057701773084 654.3760033355161
238.06970615424396 600.5988944375538
238.13364213117956 410.70132644417725
238.19757810811512 311.44184976390125
238.26151408505072 477.0614678747313
238.32545006198632 868.813228665742
238.38938603892188 1257.5658568050235
238.45332201585748 1417.9367038325968
238.51725799279305 1295.491501293918
238.58119396972864 1012.5593876116249
238.6451299466642 741.8206684765488
238.7090659235998 564.5745642660622
238.7730019005354 449.98636331323286
238.83693787747097 358.23041524970046
238.90087385440657 315.4271427069332
238.9648098313421 367.70919925742874
239.02874580827773 493.10813497091885
239.09268178521327 593.819495582534
239.15661776214887 575.9919831178905
239.2205537390845 432.17323497455766
239.2844897160201 246.6182210945132
239.34842569295563 111.64201976093592
239.4123616698912 52.20571462985353
239.4762976468268 43.5684450586208
239.5402336237624 72.04407007840916
239.604169600698 147.4263467006772
239.6681055776336 259.5915477721522
239.73204155456915 356.43923183916195
239.79597753150475 386.28229768951354
239.85991350844031 354.91057259618015
239.9238494853759 335.2764042454253
239.98778546231148 401.75349623954435
240.05172143924707 536.4750456323495
240.11565741618267 631.6054909512799
240.17959339311824 600.6038931238593
240.24352937005384 455.68884060181466
240.3074653469894 276.7785865326024
240.37140132392497 137.35868966955388
240.43533730086057 61.506817198235034
240.49927327779616 33.33714873985936
240.56320925473173 32.2665137388808
240.62714523166727 50.81621547601593
240.69108120860287 88.1968450523522
240.7550171855385 146.58964769225494
240.8189531624741 238.4899714068982
240.88288913940963 377.2571870251255
240.94682511634525 542.2726229741154
241.01076109328085 666.2006050939075
241.0746970702164 675.1332950394651
241.138633047152 546.7929380216792
241.2025690240876 335.1164989467363
241.2665050010232 136.9438343752674
241.33044097795877 25.807457031494366
241.39437695489437 13.386518878167887
241.45831293182997 66.38523489569647
241.52224890876553 139.39376265098238
241.58618488570113 187.2780910848383
241.65012086263664 175.60033040200346
241.71405683957224 105.40080896941048
241.77799281650783 31.113046880632496
241.84192879344343 32.051706665154114
241.90586477037905 137.79270604642392
241.96980074731457 292.9080324856838
242.03373672425016 410.7042224281621
242.09767270118573 457.84834261095045
242.16160867812133 483.05350224760775
242.2255446550569 543.1133922028878
242.2894806319925 606.2657699384372
242.3534166089281 572.4618442299932
242.41735258586368 405.6735851570572
242.48128856279928 223.14733090654383
242.54522453973485 199.97959293877324
242.60916051667044 371.3754533776111
242.673096493606 581.3673437501739
242.7370324705416 642.3803610032778
242.8009684474772 524.2319252508786
242.8649044244128 371.8295503350887
242.9288404013484 336.6839770859651
242.99277637828396 412.6460568558022
243.05671235521956 464.06964398657664
243.12064833215507 421.10369782495775
243.18458430909067 384.0381837727255
243.2485202860263 495.3130395568575
243.31245626296183 762.1061895869907
243.37639223989743 1013.2062945848406
243.44032821683305 1048.7192011461532
243.5042641937686 855.9777496009109
243.56820017070416 590.2608724945154
243.63213614763976 370.806487668584
243.69607212457535 203.02246884615903
243.76000810151092 61.14145954998035
243.82394407844652 1.75425657794615
243.88788005538208 151.13619658278768
243.95181603231768 524.641142811383
244.01575200925328 917.7353733527874
244.07968798618887 1043.1256836684593
244.14362396312447 796.8869088876465
244.20755994006004 374.12100686622694
244.27149591699563 76.6280249975943
244.3354318939312 25.72005295751545
244.3993678708668 93.86960066356941
244.4633038478024 99.07083391454451
244.527239824738 26.03589280619072
244.59117580167356 15.14871741935314
244.65511177860913 157.9873962678647
244.71904775554472 362.83269201030646
244.7829837324803 455.20346162973215
244.8469197094159 386.6631449851559
244.91085568635145 277.3055558162829
244.97479166328705 265.6377652579813
245.03872764022265 348.5897998509124
245.1026636171582 380.2864866871933
245.1665995940938 267.83667574972367
245.23053557102935 99.80174406936514
245.29447154796495 26.136657320294383
245.3584075249005 91.33644492925649
245.4223435018361 201.757804984306
245.4862794787717 259.61021220261085
245.55021545570727 320.03622018706994
245.61415143264287 519.2767881444519
245.67808740957847 860.1122833300243
245.7420233865141 1138.9393434115227
245.80595936344963 1108.0938757406059
245.8698953403852 741.9001997127518
245.9338313173208 304.6920067488785
245.9977672942564 121.41079712911323
246.061703271192 293.3578621604131
246.12563924812756 616.6151690235902
246.18957522506315 786.1240648734422
246.25351120199872 677.2721477057452
246.31744717893432 403.16465246562143
246.3813831558699 154.90682378453107
246.44531913280548 31.001586235540287
246.50925510974108 3.8430093554069966
246.57319108667664 22.62445221596597
246.63712706361224 99.4754315812434
246.7010630405478 268.32668684005915
246.7649990174834 489.1973840118716
246.828934994419 636.6112367481976
246.89287097135457 601.4441069972238
246.95680694829016 398.2317007117129
247.02074292522573 162.65978837363096
247.08467890216127 32.16624109349307
247.14861487909687 28.97362620398395
247.2125508560325 68.32307605333686
247.2764868329681 65.9076213482868
247.34042280990363 22.084814433297023
247.40435878683925 2.218394424948157
247.4682947637748 46.266838810472265
247.5322307407104 116.8149932827109
247.596166717646 141.24775928140693
247.6601026945816 103.0602829188918
247.7240386715172 80.21432013420663
247.78797464845275 181.23330476035264
247.85191062538837 444.9624073879055
247.9158466023239 786.5569842005609
247.9797825792595 1044.4476612600424
248.04371855619507 1104.1261394791252
248.10765453313067 960.0105148218244
248.17159051006624 685.2157611920226
248.23552648700183 392.7596517894608
248.29946246393743 178.7115853761314
248.36339844087297 66.77413711383005
248.42733441780857 24.518219600923526
248.49127039474416 13.971076776478064
248.55520637167973 16.404872446513835
248.61914234861533 31.7223119057195
248.68307832555087 64.20479561921954
248.7470143024865 108.1331290355308
248.8109502794221 143.3806653261019
248.87488625635768 148.0503798617401
248.93882223329325 119.48406750561153
249.00275821022885 75.3365441465815
249.06669418716444 38.51408521737988
249.1306301641 27.36925585399077
249.1945661410356 47.51225239152994
249.2585021179712 87.35223012797901
249.3224380949068 126.78589198977244
249.38637407184237 149.33150743052164
249.45031004877796 147.02456289420638
249.51424602571356 120.33447110922864
249.57818200264913 79.11748817472974
249.64211797958467 41.454306383854906
249.70605395652024 21.532218246318788
249.76998993345583 16.009730095239362
249.83392591039143 10.060997775047403
249.89786188732705 0.5627312578054628
249.96179786426265 12.955155574952872
250.02573384119816 85.39348199767186
250.08966981813376 220.20569223997984
250.15360579506932 353.95210810067084
250.21754177200492 393.3524818025001
250.2814777489405 300.45786679333645
250.34541372587609 150.31780127708905
250.40934970281168 87.10466301730133
250.47328567974728 206.11811388058064
250.53722165668287 452.4445531772239
250.60115763361844 632.5295399894537
250.66509361055404 584.9720460058768
250.7290295874896 343.98270596709443
250.7929655644252 96.2596502056427
250.8569015413608 14.5918616541208
250.9208375182964 122.28766819109867
250.984773495232 278.076881367724
251.04870947216756 322.28477463388
251.11264544910313 230.9899103041867
251.17658142603867 105.14200053381585
251.2405174029743 50.895783530634446
251.3044533799099 86.78307927953004
251.36838935684543 156.70948213540123
251.43232533378105 225.4019145798748
251.4962613107166 335.8990651679046
251.5601972876522 552.1812224027148
251.62413326458775 854.5990910256969
251.68806924152335 1123.9781179942006
251.75200521845895 1229.07160095205
251.81594119539452 1118.0152247213075
251.8798771723301 851.0253961022257
251.94381314926568 557.6952259643541
252.00774912620128 353.1538116601243
252.07168510313687 288.67456365291054
252.13562108007247 352.45560331387526
252.1995570570081 485.4868862139441
252.26349303394363 599.3699152664987
252.3274290108792 611.4463667238941
252.3913649878148 495.2508577793474
252.4553009647504 306.0937266591635
252.519236941686 153.2474978298864
252.58317291862156 120.625199578315
252.64710889555715 194.96130838610645
252.71104487249272 285.16938157018143
252.77498084942832 309.3547315435015
252.83891682636389 252.0810940582624
252.90285280329948 155.97529804478933
252.96678878023505 75.33377708114799
253.03072475717065 38.716532661596894
253.09466073410624 45.713571203021615
253.1585967110418 80.55211866301755
253.2225326879774 118.49642342035148
253.28646866491297 130.91575218516556
253.35040464184857 104.85219631913756
253.4143406187841 63.905931262354954
253.47827659571973 62.92653568837457
253.54221257265533 146.18740595060007
253.60614854959087 296.8036333507836
253.67008452652647 434.93795755526287
253.7340205034621 480.28233692011474
253.79795648039763 417.6169938452972
253.8618924573332 297.5205983897281
253.9258284342688 182.7242956973112
253.9897644112044 106.45069487224174
254.05370038814 71.98396304810504
254.1176363650756 73.11082296728662
254.18157234201115 109.05730545282596
254.24550831894675 183.97557673021336
254.30944429588232 298.3042794341791
254.3733802728179 438.7499021605237
254.4373162497535 573.0805603868956
254.50125222668908 653.9431170892053
254.56518820362467 633.514432194606
254.62912418056024 498.46836681555885
254.69306015749584 301.09761520461205
254.7569961344314 136.58777857715742
254.820932111367 74.07085696519661
254.88486808830257 104.83653132680232
254.94880406523816 158.2306527105819
255.01274004217376 170.7004713869605
255.07667601910927 135.88941929083467
255.14061199604487 88.38774316785566
255.2045479729805 54.17124531076353
255.2684839499161 38.12293586088016
255.33241992685168 59.25804097116974
255.39635590378725 166.88289271652144
255.46029188072285 391.0219514831878
255.5242278576584 668.7325522359748
255.588163834594 844.381840948095
255.6520998115296 787.3507866691078
255.7160357884652 519.6447018126083
255.7799717654008 209.47048367177797
255.84390774233637 36.26993349926413
255.90784371927197 53.73296349635844
255.97177969620753 166.4157783866407
256.0357156731431 236.8499181704364
256.0996516500786 208.84023869291312
256.1635876270143 125.34094333472856
256.22752360394986 55.49835471469871
256.2914595808855 28.16833860524554
256.35539555782105 31.62771539092815
256.4193315347566 54.55754240889859
256.48326751169213 104.6311679069252
256.5472034886278 186.07063728044724
256.6111394655634 272.69380933936264
256.6750754424989 320.1568586626871
256.7390114194346 306.3738679689196
256.80294739637014 245.44493812092844
256.86688337330565 168.2867744687388
256.9308193502413 101.88624329277516
256.9947553271769 57.7926171135441
257.0586913041125 32.43585689578616
257.12262728104804 18.05756083652298
257.18656325798366 11.715100570474588
257.25049923491923 15.262100518874927
257.3144352118548 29.077211741653116
257.3783711887904 46.12544718148849
257.442307165726 53.682629629542376
257.5062431426616 43.54630674688385
257.5701791195971 22.79739996014536
257.63411509653275 10.590390575268083
257.6980510734683 17.540053332964888
257.7619870504039 34.81664048089073
257.82592302733946 53.59056389547787
257.8898590042751 90.6816661589831
257.95379498121065 172.7054368608335
258.0177309581462 278.217705226519
258.08166693508184 323.40198190759764
258.1456029120174 238.20379807691032
258.209538888953 71.0951584260978
258.27347486588855 6.192715636338027
258.33741084282417 202.6767295398584
258.40134681975974 602.591195581922
258.4652827966953 945.2480300756868
258.52921877363093 979.4613942449384
258.5931547505665 715.319465967028
258.65709072750207 452.3816782927513
258.72102670443763 470.3468595472704
258.78496268137326 742.7497994472599
258.8488986583088 994.6959053561965
258.9128346352444 1029.3849663915216
258.97677061218 939.8820952424497
259.0407065891156 927.3789433496559
259.10464256605115 1054.0254135632476
259.1685785429867 1194.335747551875
259.23251451992235 1125.3788353490024
259.2964504968579 814.1304753931579
259.3603864737935 517.4293017105816
259.4243224507291 443.3880247004767
259.4882584276647 533.8442259812274
259.55219440460024 572.439272021244
259.6161303815358 412.14100532271925
259.68006635847144 153.33247950816897
259.744002335407 8.020052608540713
259.80793831234257 31.326430048053073
259.87187428927814 97.54480961209
259.93581026621376 80.44421326145178
259.99974624314933 11.79418902865946
260.0636822200849 20.89000527091023
260.12761819702047 140.97060506596995
260.1915541739561 266.01446326285065
260.25549015089166 299.9368972119008
260.3194261278273 303.120688199822
260.38336210476285 429.97549775552415
260.4472980816984 708.24543039664
260.511234058634 953.8436918644205
260.5751700355696 943.8365626631678
260.6391060125052 653.1068229844275
260.70304198944075 286.1771120784387
260.7669779663764 70.82530088111174
260.83091394331194 54.16473602713575
260.8948499202475 121.7022046469524
260.9587858971831 177.7706118352752
261.0227218741187 238.34194446736373
261.0866578510542 345.3665849620403
261.15059382798984 453.1729534430525
261.21452980492546 451.6432772791937
261.27846578186103 306.20958748860454
261.34240175879654 117.90020212277916
261.40633773573217 12.430711909599417
261.47027371266773 5.930714096203499
261.5342096896033 21.219191490449248
261.59814566653887 30.816948551366774
261.6620816434745 119.22906307165528
261.72601762041006 364.6925856867027
261.7899535973457 688.8475224671976
261.85388957428125 884.7406278081351
261.9178255512169 830.9119090009077
261.98176152815245 629.3033513569443
262.045697505088 488.9195168250921
262.10963348202364 491.9404760322231
262.1735694589592 509.01880841364
262.2375054358948 381.5008958776999
262.30144141283034 146.06047015084943
262.365377389766 11.984751698382352
262.42931336670154 118.8491218144954
262.4932493436371 352.9502578748635
262.5571853205727 462.8303274076208
262.6211212975083 341.43592930150464
262.68505727444386 129.71492209105915
262.74899325137943 56.69539693540762
262.81292922831506 190.8148908357872
262.8768652052506 376.3889499798101
262.94080118218614 438.8490326071192
263.0047371591218 378.63757066274223
263.0686731360574 334.7918721278488
263.1326091129929 389.5617722053771
263.19654508992846 451.46614992256366
263.26048106686414 383.39778614393
263.32441704379966 201.2212376680904
263.3883530207353 87.00893070228217
263.4522889976709 213.3653084201565
263.5162249746065 555.3682869555196
263.58016095154204 896.1707404844947
263.6440969284776 1022.4636735420931
263.70803290541323 886.2806872901671
263.7719688823488 597.7163331035574
263.8359048592844 303.3379411220598
263.89984083622 94.40142187310019
263.9637768131556 13.431924076276896
264.02771279009113 89.19880097109886
264.0916487670267 325.9633350153512
264.1555847439623 652.2054173043508
264.2195207208979 912.094050380152
264.28345669783346 960.6909101038264
264.3473926747691 773.8419536439486
264.41132865170465 459.23404196228154
264.4752646286402 174.58615736742308
264.5392006055758 23.384663089412125
264.6031365825114 8.943119833228504
264.667072559447 78.89328814159065
264.73100853638255 197.0465841754211
264.79494451331817 367.50276383955753
264.85888049025374 600.9775251182506
264.9228164671893 861.5663383969505
264.9867524441249 1058.1653033058017
265.0506884210605 1102.7167025693263
265.11462439799607 973.3681972445936
265.17856037493164 727.2461563925482
265.24249635186726 465.1919952939493
265.3064323288028 271.9308776848036
265.3703683057384 170.56815681525524
265.434304282674 130.81176538261138
265.4982402596096 115.88071263595128
265.56217623654516 112.92016150974972
265.6261122134807 120.74165535282172
265.69004819041635 124.34672829659677
265.7539841673519 100.1772857202352
265.8179201442875 47.18376987946149
265.88185612122305 3.166288708856264
265.9457920981587 19.6990187544964
266.00972807509424 109.17845378142098
266.0736640520298 223.9115457971252
266.13760002896544 293.0032239573901
266.201536005901 274.56927345788694
266.2654719828366 185.87654340230503
266.32940795977214 84.74855837011432
266.39334393670777 17.435168961170753
266.45727991364333 1.055282673570078
266.5212158905789 37.520645092916155
266.58515186751447 115.8189068793986
266.6490878444501 207.53037541162047
266.71302382138566 263.37228128466165
266.7769597983212 236.81347930908427
266.84089577525685 138.22821444164595
266.9048317521924 41.67942149224714
266.968767729128 23.031210814579286
267.0327037060636 98.37365853018152
267.0966396829992 208.6785147473284
267.16057565993475 268.30926510710066
267.2245116368703 241.11310281040957
267.28844761380594 160.88997300037013
267.3523835907415 85.93131530869437
267.4163195676771 50.48038916880088
267.4802555446127 53.73462920811323
267.54419152154827 80.7931915128168
267.60812749848384 121.27059984058432
267.6720634754194 163.6457479219033
267.73599945235503 183.0662434182196
267.79993542929054 153.23132140329415
267.86387140622617 80.12052709330585
267.92780738316173 13.698184246471175
267.9917433600973 12.75604937885838
268.05567933703287 93.8562741328752
268.1196153139685 210.88871955776384
268.18355129090406 288.6635018500347
268.2474872678397 284.4259751704792
268.31142324477526 215.51726069387783
268.3753592217109 132.06261236867527
268.43929519864645 73.68919097636226
268.503231175582 50.2594173985535
268.5671671525176 52.57169895947904
268.6311031294532 70.68184292201573
268.6950391063888 96.6573355758016
268.75897508332434 116.35085764225067
268.82291106026 112.68299354317747
268.88684703719554 85.15598523900577
268.9507830141311 63.79035681368092
269.0147189910667 92.7248270814284
269.0786549680023 190.10714485343613
269.14259094493787 324.3395955513732
269.20652692187343 428.03918159700106
269.27046289880906 438.08675117813647
269.3343988757446 342.0945877728031
269.39833485268014 194.05823834305704
269.46227082961576 74.41759512164943
269.5262068065514 35.36585424158674
269.5901427834869 77.71204193659753
269.65407876042246 159.27350035549847
269.71801473735815 225.43496718438172
269.78195071429366 243.76300752821368
269.8458866912293 213.72999041025065
269.90982266816485 154.69977432466763
269.9737586451005 92.98516918124136
270.03769462203604 48.826756682969126
270.1016305989716 28.055127627270537
270.16556657590723 27.63703699656089
270.2295025528428 43.10017573624218
270.2934385297784 70.31483764612089
270.35737450671394 107.71356211302832
270.4213104836496 152.6703881821936
270.4852464605852 195.1555188131871
270.5491824375207 222.0313786349272
270.6131184144563 223.46851640090608
270.6770543913919 196.7915334982482
270.74099036832746 153.26206411513766
270.804926345263 116.99214100493852
270.86886232219865 107.20459579363543
270.9327982991342 117.74412686769195
270.9967342760698 119.5172326525474
271.0606702530054 90.64519985157791
271.124606229941 41.14567389149794
271.18854220687655 4.434738344781834
271.25247818381206 6.180680089369694
271.31641416074774 39.42632045824843
271.3803501376833 69.78121497261161
271.4442861146189 68.32077829009529
271.5082220915545 39.34856991963654
271.57215806849007 12.272638133211492
271.63609404542564 8.342033064499272
271.7000300223612 22.918720711640347
271.7639659992968 39.63278609222306
271.8279019762324 56.94297765866354
271.891837953168 98.58375430165121
271.9557739301036 196.32255647579876
272.01970990703916 367.1164575763405
272.0836458839747 611.3413560400486
272.1475818609103 918.631524276479
272.2115178378459 1253.6868810232725
272.2754538147815 1538.99271149162
272.33938979171705 1675.4215364367778
272.4033257686527 1592.664629740186
272.46726174558825 1289.012973476467
272.5311977225238 844.2532764044806
272.5951336994594 398.8603209960512
272.659069676395 95.79176734127503
272.7230056533306 3.4734042401089873
272.78694163026614 84.54646532325819
272.85087760720177 237.44182932037157
272.91481358413733 358.061041395731
272.9787495610729 390.3163629237486
273.04268553800847 351.39556935026405
273.1066215149441 304.2284840931408
273.17055749187966 295.0659854904697
273.23449346881523 313.62921197133926
273.29842944575086 309.03600000885524
273.3623654226864 244.28873357130448
273.426301399622 142.78594176376544
273.49023737655756 77.9849297613444
273.5541733534932 100.15302947134685
273.61810933042875 180.2261843347878
273.6820453073643 237.85965016599704
273.74598128429994 219.04256000122757
273.8099172612355 151.67623813323817
273.8738532381711 122.95656012586036
273.93778921510665 188.89284255618452
274.0017251920423 314.36467315865764
274.06566116897784 408.705217906738
274.1295971459134 408.3229059125959
274.19353312284903 322.1009114771479
274.2574690997846 210.04732208805083
274.32140507672017 129.15242784143229
274.38534105365574 99.19857488567504
274.44927703059136 109.1365678473478
274.5132130075269 140.12903726898472
274.5771489844625 180.85071252989036
274.64108496139806 233.8387132364961
274.7050209383337 313.75056841986327
274.76895691526926 431.04275896478447
274.8328928922048 563.5836724097023
274.89682886914045 643.2733286483527
274.960764846076 602.6899337601984
275.0247008230116 471.9214274473515
275.0886367999472 402.30384443050264
275.1525727768828 556.5859591363867
275.21650875381835 958.4450161736305
275.2804447307539 1416.7625173827207
275.34438070768954 1664.9935999839763
275.4083166846251 1628.3650053251772
275.4722526615607 1465.4634236493453
275.5361886384963 1387.9682824448284
275.60012461543187 1470.8729086453527
275.66406059236743 1549.0710106025936
275.727996569303 1385.4921706435543
275.7919325462386 953.7119830569528
275.85586852317414 452.21790069140303
275.91980450010976 117.10856090714364
275.9837404770454 33.80009991404374
276.0476764539809 84.23029008498796
276.11161243091647 110.17974549848074
276.1755484078521 74.60641328808984
276.23948438478766 52.5369682950991
276.3034203617233 113.72536876670962
276.36735633865885 225.39878492992608
276.4312923155945 303.45905829543966
276.49522829253004 315.14780183765623
276.5591642694656 292.30628920787774
276.6231002464012 287.15579234300264
276.6870362233368 305.86382345803054
276.7509722002724 294.6103125911212
276.81490817720794 219.7573349072325
276.8788441541436 115.67064865233785
276.94278013107913 38.33220085766224
277.0067161080147 13.872210015841503
277.07065208495027 40.505301974034936
277.1345880618859 116.53515773952704
277.19852403882146 251.27107186273113
277.26246001575703 430.6452516301261
277.32639599269265 576.0529309991691
277.3903319696282 597.4932973510894
277.45426794656373 488.0137026461368
277.5182039234993 341.6090523195025
277.582139900435 287.1890003530869
277.6460758773705 373.3005980146429
277.71001185430606 517.621161794885
277.77394783124174 590.9449811414888
277.83788380817725 522.5440726170999
277.9018197851129 342.93143285776
277.96575576204845 154.5036199321547
278.02969173898407 41.09846269251201
278.09362771591964 11.280601777189727
278.1575636928552 21.162587459748327
278.22149966979083 26.115078113565517
278.2854356467264 14.28022371883636
278.349371623662 6.9162851092413815
278.41330760059753 40.71793053740148
278.47724357753316 141.76204391209572
278.5411795544687 306.2557416324788
278.6051155314043 502.95817533094817
278.6690515083399 681.7810643993897
278.7329874852755 795.5105346217027
278.79692346221105 836.4153951146416
278.8608594391466 836.6957083559905
278.92479541608225 832.2561884637806
278.9887313930178 841.5916316561567
279.0526673699534 859.7031630174456
279.116603346889 846.7828905839334
279.1805393238246 739.3563749256278
279.24447530076014 515.6303070864182
279.30841127769565 242.82966903947465
279.37234725463134 41.098372617227525
279.4362832315669 13.950528250328688
279.5002192085025 171.44460779774394
279.5641551854381 390.1064187865723
279.62809116237366 501.6271366171081
279.69202713930923 428.5284201477807
279.7559631162448 229.278756194904
279.8198990931804 49.49886096515298
279.883835070116 3.979158762280543
279.9477710470516 79.17178722165649
