0.1 9669.151376028105
0.12988521949207624 8647.182315056025
0.15977043898415247 6630.494685302237
0.18965565847622873 4050.561991038056
0.21954087796830493 3208.4606296957686
0.2494260974603812 6830.138799717238
0.27931131695245737 15377.15463500885
0.3091965364445336 27990.016054265263
0.33908175593660983 44249.25915993063
0.36896697542868606 62801.2686535043
0.3988521949207623 78065.44751465766
0.42873741441283847 82771.23255125988
0.4586226339049148 74424.63757038854
0.488507853396991 55402.612144247374
0.5183930728890672 32488.726604599728
0.5482782923811435 13781.852981608416
0.5781635118732197 3553.607926765275
0.6080487313652959 1628.5688179813308
0.6379339508573721 4620.047049846612
0.6678191703494484 7380.321055938488
0.6977043898415246 6218.810208569063
0.7275896093336008 2139.7300977636687
0.757474828825677 1973.4743916558807
0.7873600483177533 17938.09663266666
0.8172452678098294 62643.80113529069
0.8471304873019058 137129.98536835602
0.8770157067939821 224184.77146603935
0.9069009262860582 300620.0172957747
0.9367861457781343 351070.87847621075
0.9666713652702107 364292.66056631267
0.9965565847622867 332233.4807527613
1.0264418042543633 266254.31270083296
1.0563270237464395 197512.10516130432
1.0862122432385155 148271.30664390794
1.116097462730592 117143.70389752016
1.145982682222668 93586.3344802626
1.1758679017147444 72468.75248609249
1.2057531212068207 53751.20757067882
1.2356383406988969 38173.83489895659
1.2655235601909731 26312.899528599388
1.2954087796830491 18426.433490393516
1.3252939991751256 14037.49679670028
1.3551792186672018 12586.331764468769
1.385064438159278 15080.225288075846
1.4149496576513543 24742.54570647944
1.4448348771434305 44634.33585064953
1.4747200966355067 73123.26394402342
1.5046053161275827 102351.18530089392
1.5344905356196592 122849.99052732474
1.5643757551117354 128746.43543855887
1.5942609746038117 119124.07055809452
1.624146194095888 97597.82433637128
1.654031413587964 70805.38687092342
1.6839166330800404 45778.48454053028
1.7138018525721164 27661.43071240893
1.7436870720641928 17962.267593369208
1.773572291556269 14176.0497764367
1.8034575110483448 11755.059449035272
1.8333427305404213 7594.2906255534
1.8632279500324975 2818.972396730436
1.8931131695245735 2245.827304475457
1.9229983890166504 10827.155186409813
1.9528836085087264 29781.249672585545
1.9827688280008025 54362.851690521165
2.012654047492879 75314.31816383885
2.042539266984955 85486.08667820497
2.072424486477032 86312.90693518639
2.102309705969108 85863.02716480037
2.132194925461184 90881.27681156072
2.16208014495326 102299.53050754168
2.191965364445336 116247.97248070608
2.2218505839374125 127078.38517572182
2.2517358034294888 131011.98645163859
2.281621022921565 128937.0818459838
2.3115062424136408 124894.03694706663
2.341391461905717 120672.82252100256
2.3712766813977937 114831.9712697594
2.4011619008898695 109192.8350080484
2.431047120381946 110993.0022879974
2.4609323398740224 124458.58210004124
2.4908175593660986 144298.79704840132
2.520702778858175 160594.98870807176
2.550587998350251 167164.11522828252
2.5804732178423277 163693.27289163746
2.6103584373344035 152332.72076214998
2.64024365682648 135197.99617898068
2.670128876318556 115002.16635050112
2.700014095810632 95079.7482415637
2.7298993153027085 77645.5943743963
2.7597845347947847 63090.23288079962
2.789669754286861 51124.4871420177
2.8195549737789367 42341.63334893613
2.8494401932710134 39223.48386251439
2.8793254127630896 46506.09735289917
2.9092106322551654 70030.89346120284
2.939095851747242 112106.92092954212
2.9689810712393183 165705.09963344183
2.9988662907313945 215507.61185748212
3.0287515102234708 245690.70820746708
3.058636729715547 245897.256228342
3.0885219492076232 214192.47520533748
3.1184071686996995 159481.7099556617
3.148292388191776 99692.34489234701
3.178177607683852 51819.64232846339
3.208062827175928 22891.78721414337
3.2379480466680044 10834.280117315016
3.2678332661600806 10388.938507591416
3.297718485652157 18035.039999283297
3.3276037051442326 33592.53694943941
3.3574889246363093 57502.039149586955
3.387374144128385 86801.0708739475
3.417259363620462 114315.58325821928
3.447144583112538 131033.82582553304
3.4770298026046143 129170.4702325476
3.5069150220966905 106069.07574052097
3.5368002415887667 68359.97375557297
3.566685461080843 30592.099486725463
3.596570680572919 6272.570915504856
3.6264559000649954 169.5937774123013
3.656341119557072 8620.222492557934
3.686226339049148 24060.90495707605
3.716111558541224 39298.78388169719
3.7459967780333 50428.47366214267
3.775881997525377 57511.50285982946
3.805767217017453 63053.70760367212
3.8356524365095286 70221.98613711253
3.865537656001605 81793.38344938676
3.8954228754936815 98424.5040411626
3.9253080949857577 115853.5568996828
3.9551933144778335 124770.54232860846
3.98507853396991 116553.11581268295
4.014963753461986 90554.11828107161
4.044848972954062 56482.04573083999
4.0747341924461375 31188.869686582108
4.104619411938216 31056.466852355545
4.13450463143029 61308.875422114244
4.164389850922367 109333.23305302304
4.194275070414443 150039.47633584315
4.22416028990652 160104.153365505
4.254045509398596 131284.46986140287
4.283930728890672 77430.5593545355
4.313815948382748 29373.353556590286
4.3437011678748245 16050.94262061783
4.373586387366901 46391.5968584476
4.403471606858977 103261.08359491293
4.433356826351053 150840.64419224637
4.4632420458431294 158543.31727340072
4.493127265335206 124264.78892789716
4.523012484827282 71712.2713127586
4.552897704319358 33268.75694161665
4.5827829238114335 36119.01780611167
4.6126681433035115 87379.28835770371
4.642553362795587 165109.59946626672
4.672438582287663 232682.77321073765
4.702323801779739 265018.65823754814
4.732209021271816 258358.11720477144
4.762094240763892 223138.676509068
4.791979460255968 175628.4951617156
4.821864679748044 130698.54790533854
4.85174989924012 95676.65356259742
4.881635118732197 70298.35085690179
4.911520338224273 51015.82588834608
4.941405557716349 34755.41841522386
4.9712907772084245 20895.326560505804
5.001175996700502 10644.7796537291
5.031061216192578 4692.1198053787275
5.060946435684654 2143.176659340445
5.090831655176729 1549.1963229087255
5.120716874668807 2168.7296383824887
5.150602094160883 3954.1167881871784
5.180487313652959 6456.476741300833
5.210372533145035 8185.322311290648
5.240257752637112 7593.991387809475
5.270142972129188 4798.254102450028
5.300028191621264 2400.996753528909
5.32991341111334 4193.293401458671
5.359798630605416 11645.136446377215
5.389683850097493 21238.707405942816
5.419569069589569 26412.909344028118
5.449454289081645 22971.11525257633
5.47933950857372 12777.910183742171
5.5092247280657975 3327.2723499708527
5.539109947557874 3859.625126176576
5.56899516704995 19222.3970379088
5.598880386542025 45593.565663095775
5.6287656060341025 72795.92449186665
5.658650825526179 90774.05991136417
5.688536045018255 93866.00594569543
5.718421264510331 82123.413955768
5.748306484002408 61201.47769658002
5.778191703494484 39138.435008347486
5.80807692298656 21353.120281768875
5.837962142478636 9298.28945770607
5.867847361970712 2632.262749855563
5.897732581462789 236.6783726162068
5.927617800954865 29.078460057300724
5.957503020446941 29.519786877104668
5.987388239939016 326.9072987243788
6.017273459431093 4127.679004931748
6.04715867892317 16104.894819252408
6.077043898415246 37644.528204660266
6.106929117907321 63428.01222963455
6.136814337399398 83853.63814223958
6.166699556891475 89965.45439016283
6.196584776383551 78118.25708142576
6.226469995875627 55404.89319345787
6.256355215367703 38271.06382788381
6.28624043485978 39262.94244218688
6.316125654351856 56964.512743050735
6.346010873843932 80241.9867199227
6.375896093336008 95876.52441488611
6.4057813128280845 93192.46671183362
6.435666532320161 71101.3735264427
6.465551751812237 41841.56648378809
6.495436971304313 22472.961858056166
6.5253221907963885 22763.027878186793
6.555207410288466 40105.962836496314
6.585092629780542 62258.318939101664
6.614977849272617 75962.29523229542
6.644863068764694 74899.07249143167
6.674748288256771 60665.63255596665
6.704633507748847 39583.62526233271
6.734518727240923 20198.684023063102
6.764403946732999 9916.334787205176
6.794289166225076 11396.683041226688
6.824174385717152 23569.460387419
6.854059605209228 44025.88397218796
6.883944824701304 67680.02870151284
6.91383004419338 86500.94147034053
6.943715263685457 93543.19182243344
6.973600483177533 86322.66351345868
7.003485702669609 67299.41631067026
7.0333709221616845 43139.27056364218
7.063256141653762 22186.49054486483
7.093141361145838 10235.02420494264
7.123026580637913 7829.881986242922
7.15291180012999 11273.675239623908
7.1827970196220665 15823.233542182796
7.212682239114143 18235.697209054524
7.242567458606219 17546.860400152564
7.272452678098294 14521.175638170853
7.302337897590371 10568.191717924605
7.332223117082447 6880.810368052895
7.362108336574525 4108.413034385021
7.3919935560666 2415.6985553130257
7.4218787755586755 1668.7862018323196
7.451763995050752 1624.3737715805028
7.481649214542829 2164.574842075147
7.511534434034906 3554.644713132211
7.54141965352698 6477.61352903846
7.5713048730190575 11582.917685200671
7.601190092511133 18658.795858689755
7.631075312003211 26113.21231097957
7.660960531495286 31432.83621613253
7.690845750987362 32435.512625005504
7.720730970479439 28495.389733798944
7.750616189971515 21093.861870756587
7.78050140946359 13431.450805334236
7.810386628955667 9144.450080739254
7.840271848447743 10676.848356060704
7.870157067939821 18161.21783588567
7.900042287431896 29341.49243328618
7.929927506923971 40458.322877345934
7.959812726416048 47677.06025194397
7.989697945908125 48615.26068992488
8.019583165400201 43383.27915654791
8.049468384892277 34413.745657333646
8.079353604384353 25053.3656603839
8.109238823876428 17907.95761182897
8.139124043368508 13874.452046756016
8.169009262860582 12250.69515147882
8.198894482352658 11994.903406944202
8.228779701844735 13435.690058558308
8.258664921336809 18940.664038004903
8.288550140828887 31128.900349263848
8.318435360320963 49185.38152389132
8.348320579813038 67047.17472433302
8.378205799305116 76375.66961983284
8.408091018797192 71914.79622026096
8.437976238289266 54885.08402652825
8.467861457781344 32555.761660144624
8.49774667727342 14143.108119502484
8.527631896765497 5331.019960392949
8.557517116257573 6105.9847088566175
8.58740233574965 13809.267562433515
8.617287555241726 27078.439612659524
8.647172774733802 46326.68893903154
8.677057994225878 70526.03437226433
8.706943213717954 93534.11230549008
8.73682843321003 105437.69637601134
8.766713652702105 99115.21108645879
8.796598872194183 75688.40342812406
8.82648409168626 45056.5563032909
8.856369311178334 21533.926707004648
8.886254530670412 15826.252078419857
8.916139750162488 27697.24387100528
8.946024969654562 45879.83995876578
8.97591018914664 56526.03394925696
9.005795408638717 52566.94853040246
9.035680628130793 36677.166543635954
9.065565847622867 17906.46190197264
9.095451067114944 4957.186069320704
9.125336286607022 433.1419680916804
9.155221506099096 915.9262426188662
9.185106725591174 2224.2484441114
9.21499194508325 4459.778370167793
9.244877164575326 12071.301670433468
9.274762384067401 27991.620724928296
9.30464760355948 47304.615859706486
9.334532823051555 58553.41787616857
9.364418042543631 52716.61189975081
9.39430326203571 31995.245635954157
9.424188481527786 12075.9983961387
9.454073701019858 14078.02679969098
9.483958920511936 48118.3138470066
9.513844140004013 102516.29003086012
9.543729359496089 151211.26232068095
9.573614578988163 171875.51555602413
9.60349979848024 157637.4711601625
9.633385017972317 117331.86101396034
9.663270237464392 69403.82439358976
9.693155456956468 32175.365018246466
9.723040676448546 14259.428701120414
9.752925895940622 12762.848685320128
9.782811115432697 19513.177574541704
9.812696334924775 27793.917726930435
9.842581554416851 34995.701168375264
9.872466773908927 41572.613293523325
9.902351993401005 48516.856496273365
9.932237212893082 55519.29107872516
9.962122432385156 60724.26204343799
9.992007651877232 61789.95556983076
10.021892871369309 57463.9227543456
10.051778090861385 48749.47772376946
10.08166331035346 38812.63161008749
10.111548529845535 31402.97870441172
10.141433749337612 28767.588495173768
10.171318968829688 30541.716967573408
10.201204188321764 34140.128048174985
10.231089407813842 36170.99509808864
10.260974627305918 34141.70576588827
10.290859846797995 27648.02222193913
10.32074506629007 18504.009322919435
10.350630285782149 9706.10008818549
10.380515505274223 3690.1101578060566
10.4104007247663 1166.2301815973556
10.440285944258376 1253.7907446979696
10.470171163750452 2456.26550961772
10.500056383242528 3767.9144219858154
10.529941602734604 5167.6030276880965
10.55982682222668 7195.77867412768
10.589712041718755 10162.23748182912
10.619597261210831 13737.891406508146
10.649482480702908 17157.99674676303
10.679367700194984 19612.78459010001
10.70925291968706 20529.169492154255
10.739138139179138 19879.401314520568
10.769023358671214 18305.758185076593
10.79890857816329 16672.73764790442
10.828793797655367 15315.940804037544
10.858679017147441 13715.843897243103
10.88856423663952 10959.04145152282
10.918449456131595 6764.213902771877
10.948334675623672 2347.8527031065287
10.978219895115748 47.02796707531942
11.008105114607824 1659.8685092939995
11.0379903340999 6849.939272535841
11.067875553591977 13032.9260936789
11.097760773084053 17827.872859420375
11.127645992576127 22679.472192847054
11.157531212068204 33979.66085064425
11.18741643156028 59309.13453527326
11.217301651052356 99134.13538348432
11.247186870544434 142165.34463347174
11.27707209003651 171244.29724459868
11.306957309528586 171888.554846929
11.336842529020663 140466.12699899543
11.366727748512737 90917.28841741066
11.396612968004815 47062.517457950686
11.426498187496891 26176.755192650664
11.456383406988968 29772.047349993
11.486268626481044 43937.08911707704
11.51615384597312 51683.58184370502
11.546039065465196 45615.747593971886
11.575924284957273 28689.749711867
11.605809504449349 10914.744790553932
11.635694723941423 1989.888453529884
11.6655799434335 5426.042244187026
11.695465162925576 20052.756305938572
11.725350382417652 41211.863644638295
11.755235601909728 66204.46471321487
11.785120821401806 92622.53937295792
11.815006040893882 109077.42566230425
11.844891260385959 106952.7051632349
11.874776479878035 89320.05213299174
11.904661699370113 62782.58823009957
11.934546918862187 42002.188289494974
11.964432138354264 44706.40097989834
11.99431735784634 72607.81308431501
12.024202577338416 111348.59058736703
12.054087796830492 138185.3314169957
12.083973016322568 134905.76875453183
12.113858235814645 104258.23707036536
12.14374345530672 63453.15651723212
12.173628674798795 30108.967121884656
12.203513894290872 17086.75509758643
12.233399113782948 25007.73931548928
12.263284333275024 41667.851008999976
12.293169552767102 53236.8209501929
12.323054772259178 52969.07268109429
12.352939991751255 42438.50066474005
12.38282521124333 27677.69401927037
12.412710430735409 14449.525873934635
12.442595650227483 6024.146279183972
12.47248086971956 2565.7564037502975
12.502366089211636 2071.593533167488
12.532251308703712 2493.213953583838
12.562136528195788 2851.4837817513
12.592021747687864 3001.4969215883057
12.62190696717994 3031.6492578252655
12.651792186672017 2865.267537483662
12.681677406164091 2277.6868502541583
12.711562625656168 1251.6886054169963
12.741447845148244 275.2294477168268
12.77133306464032 144.32905467899
12.801218284132398 1284.7817396306407
12.831103503624474 3204.5845435191995
12.86098872311655 4678.22031979427
12.890873942608627 4700.136318127332
12.920759162100701 3500.1299724864807
12.95064438159278 2569.5329273712273
12.980529601084855 3672.1089069967393
13.010414820576932 7762.843484119613
13.040300040069008 14438.027998664396
13.070185259561084 22229.404769465655
13.10007047905316 29559.01441402887
13.129955698545237 35463.961134295
13.159840918037313 39534.10360104603
13.189726137529387 41474.81859919376
13.219611357021464 40977.361547411456
13.24949657651354 37958.40668125338
13.279381796005616 32759.27014192851
13.309267015497692 26224.756492132638
13.33915223498977 19610.845727363016
13.369037454481846 13973.638733468011
13.398922673973923 9599.143810189607
13.428807893465997 6325.8733997324025
13.458693112958075 4159.895197079923
13.488578332450151 3425.038617819267
13.518463551942228 4409.256628846009
13.548348771434304 6652.578899985104
13.57823399092638 8629.920767238926
13.608119210418456 8530.46920742039
13.638004429910533 5825.223100944672
13.667889649402609 2308.3140937258745
13.697774868894683 1234.310757992666
13.72766008838676 4684.057037898654
13.757545307878836 11129.302786047996
13.787430527370912 15952.479587953863
13.817315746862988 15183.216459682822
13.847200966355066 9002.155233313097
13.877086185847142 2096.982360100985
13.906971405339219 463.83543952660415
13.936856624831295 6586.671730717823
13.966741844323373 17025.304123110505
13.996627063815447 24778.4564037698
14.026512283307524 24693.60520712564
14.0563975027996 17380.60853208038
14.086282722291676 8122.572857815443
14.116167941783752 2365.507122234578
14.146053161275828 2118.8042696577168
14.175938380767905 5517.73706268236
14.20582360025998 8962.805056936026
14.235708819752055 9809.498923431584
14.265594039244132 7681.685680437246
14.295479258736208 3951.3057364267
14.325364478228284 723.9291564881075
14.355249697720362 346.973657225816
14.385134917212438 4683.017751500212
14.415020136704515 13686.178156883061
14.44490535619659 24405.660282985406
14.474790575688669 31885.99186092671
14.504675795180743 32090.401068152885
14.53456101467282 24739.988461684407
14.564446234164896 13564.525507263506
14.594331453656972 3981.890104754281
14.624216673149048 289.6980521223564
14.654101892641124 4000.4317429608714
14.6839871121332 13954.663375574244
14.713872331625277 27799.624494699397
14.743757551117351 43102.61251256488
14.773642770609428 56982.73760223476
14.803527990101504 65641.67738901006
14.83341320959358 65570.56887777364
14.863298429085658 55738.89027776456
14.893183648577734 38830.83438237436
14.92306886806981 20566.148896219096
14.952954087561887 7185.07032351932
14.982839307053961 2188.565205587979
15.01272452654604 4436.316910336969
15.042609746038115 9205.250371203952
15.072494965530192 11556.583526844192
15.102380185022268 9554.151617528307
15.132265404514344 5091.7230251018
15.16215062400642 1723.4070437212972
15.192035843498497 1292.0524633676628
15.221921062990573 2550.3527878899886
15.251806282482647 2962.365812064775
15.281691501974723 1577.8623496767539
15.3115767214668 89.58432033046304
15.341461940958876 1091.9595734320212
15.371347160450952 5235.520859454845
15.40123237994303 10215.361639725148
15.431117599435106 13025.469903039128
15.461002818927183 13221.310820598712
15.490888038419259 13442.613898228712
15.520773257911337 16903.076218701815
15.550658477403411 24495.75952571619
15.580543696895488 33657.2496518974
15.610428916387564 39948.5631414528
15.64031413587964 40302.40480979353
15.670199355371716 35072.349270052895
15.700084574863792 27370.35810589437
15.729969794355869 20748.03522506324
15.759855013847943 17089.55737493348
15.78974023334002 15882.390682485882
15.819625452832096 15070.022575932404
15.849510672324172 12796.989507044667
15.879395891816248 8755.978953228956
15.909281111308326 4256.275881765647
15.939166330800402 1100.625597169293
15.969051550292479 148.38738734140966
15.998936769784555 686.6839608688467
16.028821989276633 1179.9187440752423
16.05870720876871 829.3814163523857
16.088592428260785 445.6187342245496
16.11847764775286 1613.41034702445
16.148362867244938 4903.815945580767
16.17824808673701 8940.901740363139
16.20813330622909 11210.45166573772
16.238018525721166 10068.841700007097
16.267903745213243 6427.88627858652
16.29778896470532 3164.273340079457
16.327674184197395 2554.152383451554
16.35755940368947 4531.941640393214
16.387444623181548 6963.78846382184
16.417329842673624 7294.297356636969
16.4472150621657 4798.549551157832
16.477100281657776 1660.4889243614227
16.506985501149853 1603.5102604495803
16.53687072064193 7190.184196605876
16.566755940134005 17706.998720840285
16.59664115962608 29122.743287796715
16.626526379118157 36510.82044072127
16.656411598610234 37022.82463382522
16.686296818102306 30994.13640174418
16.716182037594386 21247.38507429889
16.746067257086462 11611.343356300762
16.77595247657854 4900.056641920419
16.805837696070615 1593.5519196852813
16.83572291556269 477.14062318905127
16.865608135054767 182.2867753330056
16.895493354546844 77.00488446039436
16.92537857403892 232.7350260378084
16.955263793530996 879.8986585169775
16.985149013023072 1923.36952129088
17.01503423251515 2886.7121319461226
17.044919452007225 3259.628321767794
17.0748046714993 2957.231770929673
17.104689890991377 2447.056907170999
17.134575110483453 2322.5460732757665
17.16446032997553 2788.084304370803
17.194345549467602 3598.660668262928
17.224230768959682 4300.5817756705455
17.25411598845176 4591.449096256464
17.284001207943835 4680.596271752863
17.31388642743591 5074.9202004940325
17.343771646927987 5866.834825927624
17.373656866420063 6535.731377139257
17.40354208591214 6572.014474570939
17.433427305404216 6218.7345413049725
17.463312524896292 6601.007940044782
17.493197744388368 8963.63712449504
17.523082963880444 13543.46171421852
17.55296818337252 19158.82860538575
17.582853402864597 23798.6319896054
17.612738622356673 25597.238292496375
17.64262384184875 23768.875469778937
17.672509061340826 19117.110880610813
17.7023942808329 13499.876143676323
17.732279500324978 8569.321761313113
17.762164719817054 5056.664845166353
17.79204993930913 2977.865451877517
17.821935158801207 2090.052230074461
17.851820378293283 2108.786227070056
17.88170559778536 2702.0429552646046
17.911590817277435 3439.7925093178524
17.94147603676951 3853.3982160878654
17.971361256261588 3648.774597670528
18.001246475753664 2884.565403320435
18.03113169524574 1892.1393324524367
18.061016914737817 1047.5130427362249
18.09090213422989 633.5268692333815
18.12078735372197 799.5486265452053
18.150672573214045 1529.7915889809108
18.18055779270612 2609.868018804175
18.2104430121982 3634.3766728086607
18.240328231690278 4141.592129026858
18.270213451182354 3871.5882932785694
18.300098670674423 2938.397659769129
18.329983890166503 1748.654669896847
18.359869109658575 750.1790051989972
18.38975432915065 191.78625379857337
18.419639548642728 36.123702537068446
18.449524768134808 86.90211098055694
18.479409987626884 206.82954510865076
18.50929520711896 411.3441327210106
18.53918042661104 794.5039176946934
18.569065646103112 1422.622806606544
18.59895086559519 2303.141444717074
18.628836085087265 3407.615674654471
18.65872130457934 4664.266668968565
18.688606524071417 5870.523634317977
18.718491743563494 6632.006125809609
18.748376963055566 6521.492826135361
18.77826218254765 5400.053615458665
18.80814740203972 3592.0505106349956
18.8380326215318 1758.207318811705
18.867917841023875 564.4903552039214
18.89780306051595 307.0911204016286
18.927688280008027 714.9478912283178
18.957573499500104 1150.6218111764997
18.987458718992176 1101.6116280321187
19.017343938484252 566.4882645391343
19.04722915797633 55.87637037281414
19.07711437746841 198.13459844768929
19.106999596960485 1211.5266718943903
19.13688481645256 2680.51937480976
19.16677003594464 3867.591458287488
19.196655255436717 4268.179270924651
19.22654047492879 3888.527258758975
19.256425694420862 3106.0488304210107
19.286310913912946 2349.950355495598
19.316196133405015 1833.831225944053
19.34608135289709 1511.1744243628307
19.375966572389167 1279.6401207808944
19.405851791881247 1197.9082679956987
19.435737011373323 1511.6749638972797
19.4656222308654 2533.792008043227
19.495507450357476 4478.2283280831625
19.525392669849552 7277.4361172412355
19.555277889341628 10449.804066120387
19.585163108833704 13122.362813935044
19.61504832832578 14290.186265590442
19.644933547817857 13381.755932629447
19.674818767309933 10893.901117321571
19.70470398680201 8298.33420990892
19.734589206294086 6913.501555516061
19.76447442578616 6889.535866673515
19.79435964527824 7347.01038483379
19.824244864770318 7221.3067261980705
19.85413008426239 5967.801897710467
19.884015303754463 3860.0625938539247
19.913900523246543 1785.8021418081748
19.943785742738616 573.94226204665
19.973670962230692 450.5360977904819
20.003556181722768 1122.562768987504
20.033441401214848 2087.872370548442
20.063326620706924 2792.421051703672
20.093211840199 2852.510822673227
20.12309705969108 2268.6070139275075
20.152982279183153 1417.3281349710267
20.18286749867523 902.9843944502077
20.212752718167305 1245.426741588559
20.24263793765938 2469.9395158801462
20.272523157151458 3965.8969473596862
20.30240837664353 4832.337496824504
20.332293596135607 4494.42430185402
20.362178815627686 3107.390660914863
20.39206403511976 1420.039684680218
20.42194925461184 254.16478105990487
20.451834474103915 37.418860120136735
20.48171969359599 638.9279126707289
20.511604913088068 1509.0204485963084
20.541490132580144 2014.818954814191
20.57137535207222 1782.8296530480363
20.601260571564296 939.9727097435904
20.63114579105637 135.56550129250735
20.66103101054845 148.88634067553292
20.690916230040525 1286.468906891738
20.7208014495326 3113.964408824599
20.75068666902468 4802.566747943188
20.780571888516757 5853.6901479014705
20.810457108008826 6505.780460451374
20.840342327500903 7275.584009423037
20.870227546992982 8111.334160092307
20.900112766485055 8234.339920051765
20.92999798597713 6896.18190777508
20.959883205469207 4258.385408909397
20.989768424961287 1534.7509713102013
21.019653644453363 109.7997687371819
21.04953886394544 378.7343457953801
21.079424083437516 1509.0595707979894
21.109309302929592 2268.1616957202814
21.13919452242167 2057.80379294602
21.169079741913745 1288.8404463821191
21.19896496140582 779.6629900463514
21.228850180897897 831.8820574075236
21.258735400389973 1064.1836297578127
21.28862061988205 1028.4653835877837
21.318505839374122 681.5405971005894
21.3483910588662 298.38076603364294
21.37827627835828 162.0461721368351
21.408161497850354 414.6351977516332
21.43804671734243 1135.0479557583546
21.467931936834503 2356.637767827186
21.497817156326583 3861.545844447649
21.527702375818656 5086.589887758276
21.557587595310732 5432.3289560523845
21.58747281480281 4789.109113625147
21.617358034294888 3803.496990082352
21.647243253786964 3431.0164553674294
21.67712847327904 3976.8960629423063
21.70701369277112 4713.572161676804
21.736898912263197 4618.124779932038
21.76678413175527 3342.081438586657
21.796669351247346 1508.924174059291
21.82655457073942 241.83079638788888
21.856439790231494 264.93798820245473
21.88632500972357 1367.9748613283964
21.916210229215647 2742.7350742253116
21.946095448707727 3659.183843337969
21.9759806681998 3843.6355093239695
22.00586588769188 3460.186479455257
22.035751107183955 2815.9220494540164
22.06563632667603 2102.3498550035706
22.095521546168108 1437.8780285957405
22.125406765660184 1013.8726976477714
22.15529198515226 1047.0499723605892
22.185177204644337 1607.4904835724183
22.21506242413641 2527.309973154052
22.24494764362849 3445.511054668877
22.274832863120565 3978.8985902198046
22.30471808261264 3955.4023663415296
22.33460330210472 3505.33054378062
22.364488521596797 2883.6171169343866
22.394373741088874 2227.93288694525
22.424258960580943 1532.2871431173724
22.454144180073023 812.1347947439584
22.484029399565095 227.95406702217193
22.51391461905717 24.77624796434697
22.543799838549248 365.4923592880048
22.573685058041328 1283.347580355235
22.603570277533404 2808.8707935748107
22.63345549702548 5000.073365806725
22.66334071651756 7704.57659139755
22.693225936009632 10288.4759793333
22.72311115550171 11740.25947547723
22.752996374993785 11278.047291564684
22.78288159448586 9009.263335153377
22.812766813977937 6035.069732801468
22.842652033470014 3798.0596169143887
22.872537252962086 3079.9742095258935
22.90242247245417 3553.030857756967
22.93230769194624 4268.117581168608
22.96219291143832 4460.416911411833
22.992078130930395 3932.8041967246672
23.02196335042247 2845.8959623097808
23.051848569914547 1477.3786915627632
23.081733789406623 335.93029556637606
23.111619008898696 145.06303456753471
23.141504228390772 1268.8323658313957
23.17138944788285 3055.980674317453
23.20127466737493 4122.580899025218
23.231159886867005 3536.371019262738
23.26104510635908 1778.2361828224396
23.29093032585116 710.7835336992896
23.320815545343237 2039.7396905639823
23.35070076483531 5505.862413599248
23.380585984327386 9164.771295748164
23.410471203819466 10857.931317518096
23.440356423311535 9367.9034891097
23.47024164280361 5540.0927174758235
23.500126862295687 1930.2444798575093
23.530012081787767 555.627216808095
23.559897301279843 1541.9182233208708
23.58978252077192 3658.460421794613
23.619667740263996 5597.853981225634
23.649552959756072 6802.769837781752
23.679438179248148 7123.260880429985
23.709323398740224 6451.855287887752
23.7392086182323 5134.841635366683
23.769093837724377 3871.913471653664
23.798979057216453 3027.764369473865
23.82886427670853 2512.991557633074
23.858749496200605 2117.1839696766733
23.88863471569268 1707.81981154933
23.91851993518476 1258.6091127024972
23.948405154676838 846.4641944822557
23.97829037416891 616.0842060047373
24.008175593660983 739.6666411882478
24.038060813153063 1341.3626611500542
24.067946032645136 2340.461456126941
24.097831252137212 3375.2236682724524
24.127716471629288 3952.1081771880577
24.157601691121368 3742.2105958789225
24.187486910613444 2836.542570275152
24.21737213010552 1707.101211650299
24.2472573495976 869.8067358454252
24.277142569089673 707.2437425374565
24.30702778858175 1572.2926103300383
24.336913008073825 3727.4444975526526
24.3667982275659 6943.666340084317
24.396683447057978 10130.604952998416
24.42656866655005 11642.468551319447
24.456453886042127 10379.000200507224
24.486339105534206 6790.044716692511
24.51622432502628 2788.2538425528687
24.54610954451836 448.8375260890826
24.575994764010435 529.9748535900412
24.60587998350251 2138.5423298807714
24.635765202994587 3658.28747251978
24.665650422486664 4009.658301881289
24.695535641978736 3272.6398476623367
24.725420861470816 2253.0412180609965
24.75530608096289 1601.5490777416255
24.78519130045497 1418.3787310982957
24.815076519947045 1460.6791737833917
24.84496173943912 1494.7915895795609
24.8748469589312 1441.9602443114316
24.904732178423277 1299.244897499146
24.934617397915346 1050.2199796764255
24.964502617407422 696.3180382185752
24.994387836899502 327.136875491258
25.024273056391575 108.43856261803296
25.05415827588365 158.5254313103163
25.084043495375727 406.74829272120047
25.113928714867807 602.3335541643925
25.143813934359883 522.065233563544
25.17369915385196 223.34800440752733
25.203584373344036 102.6569608581218
25.233469592836112 617.7659318176757
25.26335481232819 1831.1292467171288
25.293240031820265 3182.430544538902
25.32312525131234 3816.423942570949
25.353010470804417 3290.6560811162053
25.382895690296493 2000.5710202856033
25.41278090978857 870.6111157180846
25.442666129280646 537.1292320132001
25.47255134877272 821.5929572100063
25.5024365682648 1124.9261818220805
25.532321787756874 1262.598683616328
25.56220700724895 1706.9578092490576
25.592092226741023 2993.7597519328788
25.621977446233103 4959.984338640047
25.651862665725176 6674.114408082569
25.681747885217252 7295.152542872378
25.71163310470933 6938.997156708329
25.741518324201408 6421.325314533555
25.771403543693484 6192.898571652408
25.80128876318556 5827.333618303599
25.83117398267764 4596.024067948306
25.861059202169713 2462.3759294787774
25.89094442166179 497.4067959259757
25.920829641153865 139.7867950641067
25.95071486064594 1825.5015259655177
25.980600080138014 4390.245900006718
26.01048529963009 5989.44205309154
26.040370519122167 5617.873170202638
26.070255738614247 3743.3098436976256
26.10014095810632 1672.192257699136
26.1300261775984 431.9931556229607
26.159911397090475 173.4871321027027
26.18979661658255 464.72202712543714
26.219681836074628 907.7123654492253
26.249567055566704 1381.5158573094093
26.27945227505878 1879.3983609884033
26.309337494550856 2274.6089121057066
26.33922271404293 2311.221020765716
26.36910793353501 1865.84686454514
26.398993153027085 1139.3672680115835
26.42887837251916 492.49585960283594
26.45876359201124 132.52474202630597
26.488648811503317 15.202314724236311
26.518534030995394 0.7015416665983116
26.548419250487463 35.25050412739339
26.578304469979543 187.6363532615271
26.608189689471615 547.8666656194695
26.63807490896369 1097.7893833632663
26.667960128455768 1671.68095435011
26.697845347947847 2033.4465988365844
26.727730567439924 1999.7434663862275
26.757615786932 1547.1972146601947
26.78750100642408 860.3467105165652
26.817386225916152 273.83715131483774
26.84727144540823 120.5491075603665
26.877156664900305 551.9472478972607
26.90704188439238 1427.8611472660673
26.936927103884457 2383.5123383404925
26.966812323376534 3048.6061540139694
26.996697542868606 3241.116151529708
27.02658276236069 3019.1187268374156
27.05646798185276 2599.2788856335014
27.08635320134484 2202.39943077628
27.116238420836915 1932.6538460936608
27.14612364032899 1774.130683759174
27.176008859821067 1666.140505080453
27.205894079313143 1565.049827695511
27.235779298805216 1462.3609478682995
27.265664518297292 1379.93142785266
27.29554973778937 1360.2168655558764
27.32543495728145 1457.056518692914
27.355320176773525 1725.8220113285556
27.3852053962656 2206.8389914537775
27.41509061575768 2900.9816918847514
27.444975835249757 3746.4080568192257
27.47486105474183 4609.363112268172
27.504746274233906 5307.011683948283
27.53463149372598 5675.389276544289
27.564516713218055 5642.754878770922
27.59440193271013 5222.505396232975
27.624287152202207 4434.646628399133
27.654172371694287 3296.237572513363
27.684057591186363 1936.3572568304112
27.71394281067844 695.1484856420036
27.743828030170516 41.53066694432621
27.773713249662592 307.9615486214127
27.803598469154668 1423.418655133468
27.833483688646744 2868.3273377035225
27.86336890813882 3950.2405196798086
27.893254127630897 4266.9582794787275
27.92313934712297 3987.2542237251246
27.95302456661505 3678.952581531944
27.982909786107125 3859.3073051790225
28.0127950055992 4613.718781694604
28.04268022509128 5504.142408393484
28.072565444583358 5869.8501543552575
28.10245066407543 5303.720230285252
28.132335883567503 3920.4605093936975
28.162221103059583 2331.938875875632
28.192106322551655 1397.6537934566416
28.22199154204373 1783.050238679333
28.251876761535808 3527.5179552502204
28.281761981027888 5950.729037991395
28.311647200519964 8008.694012963367
28.34153242001204 8861.36695638155
28.37141763950412 8301.195529785005
28.401302858996193 6780.081440004095
28.43118807848827 5009.077653458431
28.461073297980345 3478.5709222342057
28.49095851747242 2291.165298205035
28.520843736964498 1343.7588218970575
28.55072895645657 601.3002850693862
28.580614175948647 178.31934856095643
28.610499395440726 192.4235711300074
28.6403846149328 588.5489373893503
28.67026983442488 1100.2276699088764
28.700155053916955 1388.3278885542848
28.73004027340903 1275.7747287082918
28.759925492901107 901.0831352657509
28.789810712393184 658.1611796480618
28.819695931885256 993.2983264313496
28.849581151377336 2209.686334993876
28.87946637086941 4264.87274362324
28.90935159036149 6635.394424394825
28.939236809853565 8491.119884613443
28.96912202934564 9106.366112883834
28.99900724883772 8210.47366373344
29.028892468329797 6129.813696502259
29.05877768782187 3648.874445270324
29.088662907313942 1637.9133072024283
29.118548126806022 693.588129568714
29.148433346298095 983.3492774260563
29.17831856579017 2289.4122821097208
29.208203785282247 4158.362641777936
29.238089004774327 6062.190320160805
29.267974224266403 7518.894288162602
29.29785944375848 8175.143811567866
29.327744663250556 7871.879456238453
29.357629882742632 6701.555991674636
29.38751510223471 5044.132491258858
29.417400321726785 3476.7751077218463
29.44728554121886 2446.401662796315
29.477170760710937 1949.3301676038272
29.507055980203013 1647.2745374687863
29.53694119969509 1286.3219170526943
29.566826419187166 888.4843965667388
29.59671163867924 622.9623280640342
29.62659685817132 616.4670365327363
29.656482077663394 825.2557997616086
29.68636729715547 1034.1932843967152
29.716252516647543 1038.4841100087256
29.746137736139623 845.8683792294851
29.776022955631696 654.526035387507
29.805908175123772 622.9519189318555
29.83579339461585 689.3139478909483
29.865678614107928 642.764841147546
29.895563833600004 409.61067186589474
29.92544905309208 295.1439707653389
29.95533427258416 933.2258627423712
29.985219492076233 2911.334603813517
30.01510471156831 6246.960627960731
30.044989931060385 10071.747986594428
30.07487515055246 12888.980761583583
30.104760370044534 13374.739835237544
30.13464558953661 11199.946464876299
30.164530809028687 7284.250997402612
30.194416028520767 3301.770832254806
30.22430124801284 745.2346945437549
30.25418646750492 139.54437176860927
30.284071686996995 932.259301673521
30.31395690648907 2049.5300923948134
30.343842125981148 2630.9602140938155
30.373727345473224 2456.8766216680424
30.4036125649653 1847.9446613458204
30.433497784457376 1225.8394236573652
30.46338300394945 776.3694987103945
30.49326822344153 446.80759522471
30.523153442933605 163.0768689283015
30.55303866242568 43.515514597310734
30.58292388191776 454.00523321245606
30.612809101409837 1843.018019440893
30.642694320901914 4419.684713084356
30.672579540393983 7872.552766513972
30.702464759886062 11316.106397005004
30.732349979378135 13535.422480137231
30.76223519887021 13518.008562129364
30.792120418362288 11078.678683918028
30.822005637854367 7128.848895186115
30.851890857346444 3248.15167176916
30.88177607683852 783.1768098248078
30.9116612963306 115.58558347507756
30.941546515822672 595.7016537061996
30.97143173531475 1167.4704920684615
31.001316954806825 1221.3295386552836
31.0312021742989 1003.731319513399
31.061087393790977 1257.7946928912863
31.090972613283054 2434.501391677418
31.12085783277513 4171.799387175622
31.150743052267202 5500.529907799967
31.18062827175928 5617.114376201358
31.21051349125136 4566.1484172610735
31.240398710743435 3202.5753689769385
31.27028393023551 2429.4615345986326
31.300169149727587 2470.398043649965
31.330054369219663 2864.922480405178
31.359939588711736 3025.0391846209654
31.389824808203812 2732.127670783727
31.41971002769589 2184.3901740495885
31.44959524718797 1660.570366063976
31.479480466680045 1214.5049163680835
31.50936568617212 735.4829603468551
31.5392509056642 246.59159892920195
31.569136125156277 22.359130732057
31.59902134464835 347.18846151527725
31.628906564140426 1194.0477652360212
31.6587917836325 2186.2434972949904
31.688677003124575 2891.1065360913576
31.71856222261665 3170.1396682431455
31.748447442108727 3247.599886665707
31.778332661600807 3450.169390552091
31.808217881092883 3893.0827498051553
31.83810310058496 4393.224454088041
31.867988320077036 4657.777538702891
31.89787353956911 4530.540336820296
31.927758759061188 4057.350909289404
31.957643978553264 3390.568453705219
31.98752919804534 2688.1317410151128
32.01741441753742 2069.342151365447
32.04729963702949 1605.2241474793823
32.07718485652157 1324.1641925997299
32.10707007601365 1219.2561690046728
32.13695529550572 1246.0342627763832
32.166840514997794 1321.647019127134
32.196725734489874 1339.9532668116703
32.226610953981954 1217.2348396140383
32.25649617347403 961.2796104256387
32.2863813929661 685.2787078177334
32.31626661245818 520.1943643753967
32.34615183195026 522.6257709456556
32.37603705144233 679.8569845068465
32.405922270934404 970.1094015785183
32.435807490426484 1377.4160677853763
32.465692709918564 1831.6490105799917
32.49557792941064 2147.024455849454
32.52546314890271 2082.3783621342673
32.55534836839479 1550.642994157976
32.58523358788687 786.5054760649613
32.61511880737894 234.8370010379768
32.645004026871014 207.71543740396856
32.674889246363094 627.6584302327444
32.704774465855174 1104.325045832622
32.734659685347246 1281.0836471264445
32.76454490483932 1139.249232041299
32.7944301243314 972.951235199773
32.82431534382348 1055.3588134913255
32.85420056331555 1360.9750258461622
32.884085782807624 1640.0542686417537
32.913971002299704 1703.7465619088127
32.94385622179178 1588.8228771368047
32.973741441283856 1473.704223698634
33.00362666077593 1472.5457335893154
33.03351188026801 1551.116131007638
33.06339709976009 1669.6290502301963
33.09328231925216 1954.5424037773248
33.123167538744234 2625.178868431699
33.15305275823631 3702.831054466571
33.18293797772839 4814.9394402606
33.212823197220466 5325.620213133972
33.24270841671254 4766.759029969765
33.27259363620462 3266.9961104677304
33.3024788556967 1536.886180239351
33.33236407518877 370.8083925096278
33.36224929468084 132.52090405696836
33.39213451417292 593.312936177716
33.422019733665 1177.727712468786
33.451904953157076 1437.852765007397
33.48179017264915 1349.423755276762
33.51167539214123 1204.1707406043236
33.54156061163331 1295.1282462685767
33.57144583112538 1650.0196866079518
33.60133105061745 1986.098208853646
33.63121627010953 1961.5630402366785
33.661101489601606 1497.9958144868208
33.690986709093686 845.3282653561816
33.72087192858576 359.74783604129266
33.75075714807784 222.86482201986848
33.78064236756992 329.2010145083077
33.81052758706199 412.60631481649375
33.84041280655406 303.7524372245837
33.87029802604614 107.5972014230106
33.90018324553822 120.74550987271486
33.930068465030295 533.0322380091654
33.95995368452237 1204.614251041815
33.98983890401445 1741.306770025644
34.01972412350653 1770.9596734443362
34.0496093429986 1223.7206486241123
34.07949456249067 476.6956969954445
34.10937978198275 147.42050824885604
34.13926500147483 588.4427910430873
34.169150220966905 1595.7511063740135
34.19903544045898 2541.7336180247967
34.22892065995106 2757.7860896960806
34.25880587944314 2032.5304990746895
34.28869109893521 857.6219375463373
34.31857631842728 70.90900721253992
34.34846153791936 174.9253038870573
34.37834675741144 934.1622014830051
34.408231976903515 1594.8485827664542
34.43811719639559 1586.3859171065071
34.46800241588767 1138.566276121978
34.49788763537975 1181.408718246027
34.52777285487182 2487.6045870804155
34.557658074363886 4837.807054270544
34.587543293855965 7008.074585591918
34.617428513348045 7631.256081017518
34.647313732840125 6221.904632268594
34.6771989523322 3563.1123826942526
34.70708417182428 1191.1356760545623
34.73696939131636 266.98206265424494
34.76685461080843 798.2590278773606
34.7967398303005 1988.9508380162745
34.82662504979258 3127.8909749239683
34.85651026928466 4121.924698777473
34.886395488776735 5320.979495991656
34.91628070826881 6849.561688366502
34.94616592776089 8195.057857756941
34.97605114725297 8467.731830344665
35.00593636674504 7253.6603206289055
35.03582158623711 5157.699075277968
35.06570680572919 3152.1516412939654
35.09559202522127 1795.4305162384796
35.125477244713345 1112.1450531620476
35.15536246420542 745.194354546575
35.1852476836975 547.8680008722848
35.21513290318958 941.8165094104
35.24501812268165 2492.65620400138
35.27490334217372 5295.962462557726
35.3047885616658 8389.713476765282
35.33467378115788 10198.700652402777
35.364559000649955 9935.762640773166
35.39444422014203 7947.342922426826
35.42432943963411 5241.875021481981
35.45421465912619 3096.935631907936
35.48409987861826 2263.1061569379654
35.513985098110325 2469.903442935709
35.543870317602405 2872.755932357272
35.573755537094485 2794.544719922464
35.603640756586564 2148.716592884307
35.63352597607864 1290.7722027543032
35.66341119557072 601.9377711957508
35.6932964150628 235.33269195733368
35.72318163455487 102.19888742658569
35.75306685404694 47.939513255119536
35.78295207353902 12.17823411043684
35.8128372930311 21.608172331692735
35.842722512523174 101.60587940100572
35.87260773201525 240.9122874046413
35.90249295150733 433.0560314811655
35.93237817099941 693.2834652526385
35.96226339049148 1024.187710204418
35.99214860998355 1368.248442332948
36.02203382947563 1607.0432548215304
36.05191904896771 1665.549336937564
36.08180426845978 1606.9880637170363
36.11168948795186 1581.611836564322
36.14157470744394 1674.4206054178217
36.171459926936016 1802.7515826194708
36.20134514642809 1773.3695423717345
36.23123036592016 1460.137942214477
36.26111558541224 939.2874165781196
36.29100080490432 448.19429881772334
36.3208860243964 211.69340056628647
36.350771243888474 296.1698029218145
36.380656463380554 594.8951267633092
36.41054168287263 894.3635972652366
36.4404269023647 962.058368022558
36.470312121856765 716.4794355074692
36.50019734134885 376.80547750984255
36.53008256084093 430.2333301162861
36.559967780333 1421.7416349821265
36.58985299982508 3526.0065101666046
36.61973821931716 6163.174933455455
36.64962343880924 8167.314633886406
36.6795086583013 8477.174576894971
36.709393877793374 6853.068834180484
36.739279097285454 4086.400903482898
36.769164316777534 1505.6904576422332
36.79904953626961 144.41345148696135
36.828934755761686 140.64360528115307
36.858819975253766 818.83166948478
36.888705194745846 1354.1835132249475
36.91859041423792 1358.1927841489924
36.94847563372999 985.3412823943106
36.97836085322207 638.281755156922
37.00824607271415 562.2865626410529
37.038131292206224 704.7327924833951
37.068016511698296 890.1338647703544
37.097901731190376 1011.116675613438
37.127786950682456 1052.6191339301151
37.15767217017453 1022.3710683296378
37.1875573896666 914.2254016022416
37.21744260915868 723.4466568316337
37.24732782865076 474.33984245215214
37.27721304814283 230.4529338475199
37.307098267634906 63.364200993004765
37.336983487126986 6.968691853397408
37.366868706619066 56.58204302043272
37.39675392611114 219.34781598074576
37.42663914560321 569.4606115722792
37.45652436509529 1256.564882091788
37.48640958458737 2427.0537027433375
37.51629480407944 4058.868697655091
37.54618002357152 5800.648630972433
37.5760652430636 6985.870579596299
37.60595046255568 6959.09680927404
37.635835682047755 5588.59634310549
37.66572090153982 3489.3930258504734
37.6956061210319 1630.7265902146903
37.72549134052398 653.8104770091766
37.755376560016046 483.854256238508
37.785261779508126 548.7960483239657
37.815146999000206 458.3799636243897
37.845032218492285 469.7716138368125
37.87491743798436 1166.0224096260035
37.90480265747643 2668.449264323286
37.93468787696851 4239.356355477886
37.96457309646059 4772.254634843653
37.994458315952656 3824.90781178274
38.024343535444736 2174.430173593828
38.054228754936815 1206.273120399402
38.084113974428895 1688.2527511291792
38.11399919392097 3136.2745263860584
38.14388441341304 4278.715697666003
38.17376963290512 4144.824717607071
38.2036548523972 2890.9344370048047
38.23354007188927 1628.9460952769055
38.26342529138135 1404.4026532378505
38.29331051087343 2342.7563803735848
38.32319573036551 3685.3983949515714
38.35308094985758 4497.244946914912
38.38296616934965 4321.448008669508
38.41285138884173 3327.011591121475
38.44273660833381 2043.1688733175947
38.47262182782588 980.2190524024654
38.50250704731796 362.2541353482566
38.53239226681004 103.25645573167277
38.562277486302115 14.041800179619395
38.59216270579418 34.562620656494346
38.62204792528625 257.77886209155224
38.65193314477833 736.4549888067122
38.68181836427041 1297.5405626095956
38.711703583762485 1611.313325377156
38.741588803254565 1531.0279135360227
38.771474022746645 1367.2231075600953
38.80135924223872 1680.5158719694732
38.8312444617308 2645.4810891866377
38.86112968122287 3672.299206187393
38.89101490071495 3830.0013631468632
38.92090012020703 2723.595228977165
38.9507853396991 1012.734235870741
38.980670559191175 22.03339774647903
39.01055577868325 605.7279405408474
39.04044099817533 2314.624884773832
39.07032621766741 3778.820426866547
39.10021143715948 3909.729904783936
39.13009665665156 2742.852424403151
39.15998187614364 1231.3817685569547
39.18986709563571 296.3067000438717
39.21975231512778 92.23202014130547
39.24963753461986 154.86216538816103
39.27952275411194 116.67840140790284
39.30940797360402 143.8489206703186
39.33929319309609 663.5665198139926
39.36917841258817 1745.6637532760635
39.39906363208025 2877.5164888107283
39.42894885157232 3395.9526728944606
39.4588340710644 3093.3137957311783
39.48871929055648 2406.8842761783244
39.51860451004856 2052.688384098128
39.548489729540634 2452.501863297161
39.57837494903269 3452.352433286723
39.60826016852478 4512.070113920636
39.63814538801686 5131.532180217795
39.668030607508925 5151.892606609385
39.697915827001005 4742.13507203119
39.72780104649309 4166.191570426513
39.75768626598517 3569.4732140394367
39.78757148547724 2941.0491320246274
39.8174567049693 2233.254535560496
39.84734192446138 1501.7548189847876
39.87722714395346 928.9160588493623
39.907112363445535 697.7076165558565
39.936997582937614 825.913506407476
39.966882802429694 1125.3564168291489
39.996768021921774 1338.920688652784
40.02665324141385 1327.5839315138155
40.05653846090592 1129.0307691297635
40.086423680398 854.1632461479799
40.11630889989008 563.8599765009208
40.14619411938215 269.9438201187968
40.176079338874224 42.445252162035246
40.205964558366304 89.31621711797632
40.235849777858384 683.3360939901955
40.26573499735046 1929.296727394168
40.29562021684253 3565.818185555132
40.32550543633461 5016.97386567517
40.35539065582669 5679.795929740809
40.38527587531876 5267.55448685802
40.415161094810834 4008.347666763192
40.445046314302914 2549.1363137116928
40.474931533794994 1584.3671166517192
40.504816753287066 1441.3765731552423
40.53470197277914 1897.0711107321388
40.56458719227122 2344.513552822299
40.5944724117633 2231.9371517967784
40.62435763125537 1490.8478966596547
40.65424285074744 592.8543858386289
40.68412807023952 184.58035149901025
40.7140132897316 625.4245270647648
40.74389850922368 1759.4833855975419
40.77378372871575 3041.7893072437746
40.80366894820783 3926.6574596101673
40.83355416769991 4246.984243108397
40.86343938719198 4292.918147203583
40.89332460668405 4547.253348555409
40.92320982617613 5330.172372070872
40.953095045668206 6605.298089334521
40.982980265160286 7981.646773770313
41.01286548465236 8876.722617175266
41.04275070414444 8843.939192228185
41.07263592363652 7898.985852066938
41.10252114312859 6512.056138077022
41.13240636262066 5237.810128577336
41.162291582112736 4377.937765762876
41.192176801604816 3934.4144876628097
41.222062021096896 3722.531739894488
41.25194724058897 3508.8710846790686
41.28183246008105 3178.561105192989
41.31171767957313 2825.671620849436
41.3416028990652 2639.7819607908596
41.371488118557274 2713.2488723915912
41.40137333804935 2978.768163466543
41.43125855754143 3287.5898361009577
41.46114377703351 3509.298225445456
41.49102899652558 3579.4455158430724
41.52091421601766 3491.5983356120864
41.55079943550974 3261.568564971441
41.58068465500181 2898.5259690492994
41.61056987449388 2405.3396819656414
41.64045509398596 1806.9454330757528
41.67034031347804 1184.7043004841285
41.70022553297012 683.8526349306745
41.73011075246218 470.9549378670935
41.75999597195426 651.7456112115169
41.78988119144634 1194.0519704027029
41.81976641093841 1912.6180956070752
41.849651630430486 2549.435716242
41.879536849922566 2917.357265393147
41.909422069414646 3004.568141436677
41.939307288906726 2947.2918872411906
41.9691925083988 2889.358214628425
41.99907772789088 2854.7623587541702
42.02896294738296 2747.344457597693
42.05884816687503 2472.0477300788525
42.0887333863671 2063.4710888012128
42.11861860585918 1698.0586900773055
42.14850382535126 1550.1185738610047
42.178389044843335 1602.9948382833404
42.20827426433541 1629.1267079021663
42.23815948382749 1399.5062083618548
42.26804470331957 918.9649018428061
42.29792992281164 473.2864319383652
42.32781514230371 455.1102121051831
42.35770036179579 1079.0685664509465
42.38758558128787 2177.976917565769
42.417470800779945 3246.591071418294
42.44735602027202 3731.973140276913
42.4772412397641 3373.6504229201064
42.50712645925618 2346.889166594727
42.53701167874825 1134.1313909560165
42.56689689824032 253.46071279127727
42.5967821177324 12.863782180296147
42.62666733722448 396.35129866904714
42.65655255671656 1113.0199862267084
42.686437776208635 1769.1079778868602
42.716322995700715 2061.913254544708
42.746208215192794 1893.2153340944528
42.77609343468487 1379.7168576894155
42.805978654176926 790.1104482436156
42.835863873669005 419.22162868264513
42.865749093161085 434.06461451872553
42.895634312653165 791.6416282194966
42.92551953214524 1290.4004322625804
42.95540475163732 1701.061858803835
42.9852899711294 1879.7692510431705
43.01517519062146 1803.549310262234
43.045060410113535 1519.3567659937155
43.074945629605615 1084.2720444280376
43.104830849097695 603.3082841102364
43.134716068589775 302.94325657655247
43.16460128808185 463.70191613053765
43.19448650757393 1204.562241112474
43.22437172706601 2304.125932258082
43.25425694655808 3241.4283891030664
43.28414216605015 3498.215656599468
43.31402738554223 2936.528818651927
43.34391260503431 1909.6620869847377
43.373797824526385 964.5489545275911
43.40368304401846 425.8579118936449
43.43356826351054 248.58306269625413
43.46345348300262 201.63118957383037
43.49333870249469 153.1285146477731
43.52322392198676 175.04880770762935
43.55310914147884 381.925074713851
43.58299436097092 718.9518634030852
43.612879580462995 962.3181698908307
43.64276479995507 946.2366671876581
43.67265001944715 771.2263136003173
43.70253523893923 742.5576403879866
43.7324204584313 1075.008295002976
43.762305677923365 1652.343465318479
43.792190897415445 2073.4478063809047
43.822076116907525 1967.2044869216545
43.8519613363996 1328.0206037444527
43.88184655589168 568.2969972445826
43.91173177538376 231.65792320529613
43.94161699487584 630.5907435262133
43.97150221436791 1652.9226880052145
44.00138743385998 2807.1827626065137
44.03127265335206 3514.830350667204
44.06115787284414 3510.5182347605264
44.09104309233621 3035.811924472788
44.12092831182829 2636.1430922226486
44.15081353132037 2722.3731772562446
44.18069875081245 3258.111176096119
44.21058397030452 3789.5415093043985
44.24046918979659 3779.689003083724
44.27035440928867 3049.780978642288
44.30023962878075 1965.364645426306
44.33012484827282 1109.0870606583678
44.3600100677649 750.204274380475
44.38989528725698 703.8541879946252
44.419780506749056 682.1638492679419
44.44966572624113 711.3829565868077
44.4795509457332 1176.4900009733262
44.50943616522528 2406.4557410369875
44.53932138471736 4209.3809929761055
44.569206604209434 5865.901399953653
44.599091823701514 6622.864672909219
44.62897704319359 6260.315135534597
44.65886226268567 5192.32704213469
44.68874748217774 4012.884711707508
44.71863270166981 3029.92672422468
44.74851792116189 2224.285792396672
44.77840314065397 1511.435186271045
44.80828836014604 968.9764292713448
44.83817357963812 793.3120958650561
44.8680587991302 1050.3076680591423
44.89794401862228 1538.607181417878
44.92782923811434 1930.6787274577064
44.957714457606414 2034.73338114434
44.987599677098494 1919.274775515741
45.017484896590574 1811.896408838836
45.04737011608265 1899.3532106937707
45.077255335574726 2195.931621511724
45.107140555066806 2559.994357292739
45.137025774558886 2834.0192748368245
45.16691099405096 3010.646126204149
45.19679621354303 3300.8779343364836
45.22668143303511 4000.5817760144178
45.25656665252719 5215.350814774428
45.28645187201926 6682.789396357801
45.316337091511336 7851.890138901311
45.346222311003416 8181.905128146515
45.376107530495496 7488.742723101916
45.40599274998757 6084.58937296028
45.43587796947964 4571.943523123579
45.46576318897172 3458.371793090095
45.4956484084638 2902.4402626008223
45.52553362795587 2733.466309492697
45.555418847447946 2651.6526971103103
45.585304066940026 2442.189705915291
45.615189286432106 2102.865525235692
45.64507450592418 1836.6842776593896
45.67495972541625 1892.3858014744444
45.70484494490833 2345.392379793662
45.73473016440041 2982.3468765087014
45.76461538389248 3399.1961401041262
45.79450060338456 3315.7866358700094
45.82438582287664 2892.2089280214914
45.85427104236872 2699.5607516689
45.884156261860795 3263.347330815687
45.91404148135286 4557.370370683556
45.94392670084494 5956.003232742349
45.97381192033703 6706.759495991741
46.003697139829086 6494.988100391192
46.033582359321166 5688.1502198253775
46.063467578813245 5100.604087822253
46.093352798305325 5391.965059537904
46.1232380177974 6518.112922296623
46.15312323728947 7693.86822332728
46.18300845678155 7929.154132313705
46.21289367627363 6760.962465594452
46.242778895765696 4734.519196822341
46.272664115257776 3275.995767236966
46.302549334749855 3804.291233813132
46.332434554241935 6569.478757200166
46.36231977373401 10224.892608795088
46.39220499322608 12668.94594544276
46.42209021271816 12523.055535472577
46.45197543221024 10034.950506482583
46.48186065170231 6776.308337064444
46.51174587119439 4394.4338554550295
46.54163109068647 3400.514162604938
46.571516310178545 3091.178359132706
46.60140152967062 2534.3235531637206
46.63128674916269 1481.2302642570746
46.66117196865477 450.5184892392471
46.69105718814685 108.50650017848888
46.72094240763892 594.6375933580769
46.750827627131 1417.5786992655453
46.78071284662308 1913.4375641175084
46.810598066115155 1736.5620060279248
46.84048328560723 1033.6581871219776
46.87036850509929 325.3284502949244
46.90025372459137 209.6373882093849
46.93013894408345 1043.683363765335
46.960024163575525 2770.799909550397
46.989909383067605 4919.65166404626
47.01979460255968 6850.788393867873
47.04967982205176 8183.940571103041
47.07956504154384 8793.509485411787
47.10945026103591 8471.08494804926
47.13933548052799 7300.576929165306
47.16922070002007 6055.6070954717825
47.19910591951214 5315.869955590801
47.22899113900421 4835.924252314454
47.25887635849629 4418.830353802113
47.28876157798837 4189.978330436613
47.31864679748045 3929.3169244804726
47.34853201697252 3269.1208786350603
47.3784172364646 2287.0989615400135
47.40830245595668 1391.5713086773485
47.43818767544875 882.0828096345806
47.46807289494082 707.7411732638723
47.4979581144329 621.2287841142303
47.52784333392498 520.5616089599843
47.55772855341706 487.24009521857784
47.58761377290913 533.6652635720059
47.61749899240121 492.2295677667748
47.64738421189329 270.05074178242194
47.67726943138536 155.19377820879075
47.70715465087744 688.0174261701404
47.73703987036952 2098.501198474452
47.7669250898616 3855.201302160701
47.796810309353674 4908.751385104948
47.82669552884573 4531.68748127402
47.85658074833782 2957.318609306557
47.8864659678299 1201.1172609042694
47.916351187321965 239.76952791269417
47.946236406814045 321.8419610927944
47.97612162630613 966.3362086227331
48.00600684579821 1486.026407969544
48.03589206529028 1520.9001790785003
48.06577728478234 1172.332723537214
48.09566250427442 739.7252033840849
48.1255477237665 454.5055339422101
48.155432943258575 444.1065621242076
48.185318162750654 789.8684564435392
48.215203382242734 1519.709743481642
48.24508860173481 2549.5240676549247
48.27497382122689 3686.014639391749
48.30485904071896 4735.228397769287
48.33474426021104 5609.044197861553
48.36462947970312 6308.286711836996
48.39451469919519 6812.979144976829
48.424399918687264 7011.881980117234
48.454285138179344 6749.933393370773
48.484170357671424 5956.34552141482
48.5140555771635 4736.146247369821
48.54394079665557 3340.0051871157684
48.57382601614765 2049.1225678982987
48.60371123563973 1069.3667188795637
48.6335964551318 482.0374552268329
48.663481674623874 244.96464502914756
48.693366894115954 226.34704091013296
48.723252113608034 262.851368456749
48.753137333100106 235.52038513939388
48.78302255259218 140.76860091700297
48.81290777208426 106.3445858552772
48.84279299157634 304.3828752709616
48.87267821106841 783.1437776731852
48.90256343056048 1342.6010187593247
48.93244865005256 1611.0716898259054
48.96233386954464 1336.9822984089114
48.99221908903672 668.1404742066276
49.02210430852879 122.14493263769744
49.05198952802087 188.96044889634004
49.081874747512956 880.0876630767982
49.11175996700502 1674.364670289698
49.14164518649709 1954.890219532206
49.17153040598917 1535.6375789443548
49.201415625481246 794.3287725029994
49.231300844973326 295.47627720758163
49.2611860644654 281.0011976731883
49.29107128395748 554.0671283415338
49.32095650344956 825.9271067617597
49.35084172294163 1072.145429468261
49.3807269424337 1501.3835433014326
49.410612161925776 2218.1641342545436
49.440497381417856 2999.307532730292
49.470382600909936 3464.860478286168
49.50026782040201 3439.2884808643657
49.53015303989409 3068.931647111264
49.56003825938617 2599.877352815476
49.58992347887824 2124.5914052042617
49.61980869837031 1593.8153465355224
49.64969391786239 1059.6015196908495
49.67957913735447 814.3334106803627
49.70946435684655 1180.6130538200707
49.73934957633862 2144.9013174562688
49.7692347958307 3267.701948144523
49.79912001532278 4004.8931250926817
49.82900523481485 4102.786936049003
49.85889045430692 3690.521471678556
49.888775673799 3056.054684925328
49.91866089329108 2388.8567390882854
49.94854611278316 1753.2545683649714
49.97843133227522 1234.6847167969506
50.0083165517673 977.7626070778531
50.03820177125938 1035.1647868799632
50.06808699075145 1243.7087803250495
50.097972210243526 1342.950407194534
50.127857429735606 1244.491750366402
50.157742649227686 1123.0598104747423
50.187627868719765 1195.5256396670868
50.21751308821184 1426.425519116988
50.24739830770392 1507.1930910698586
50.277283527196 1188.357203255614
50.30716874668807 634.8798019015793
50.33705396618014 394.0415116213912
50.36693918567222 943.1952192229179
50.3968244051643 2224.872689728809
50.426709624656375 3616.9060910709295
50.45659484414845 4373.741828753465
50.48648006364053 4149.866201375064
50.51636528313261 3174.2347010290564
50.54625050262468 1991.8775570467565
50.57613572211675 1070.5586322272443
50.60602094160883 592.9847208585277
50.63590616110091 493.99679428210976
50.665791380592985 599.278849560277
50.69567660008506 725.0315487850077
50.72556181957714 725.3062257033981
50.75544703906922 545.2860596578863
50.78533225856129 273.51743478061985
50.81521747805336 104.1911574962795
50.84510269754544 188.3663239552692
50.87498791703752 493.79544586471246
50.9048731365296 804.3450218169988
50.934758356021675 889.1056432930188
50.964643575513755 718.9701051647637
50.994528795005834 503.0009040663044
51.02441401449789 483.7097836629418
51.054299233989966 707.7959744405873
51.084184453482045 991.1046882630392
51.114069672974125 1081.627125114684
51.143954892466205 869.1803815524897
51.17384011195828 479.25938118840133
51.20372533145036 189.2550030335422
51.23361055094244 257.3080790948165
51.2634957704345 816.2361168919608
51.293380989926575 1862.4300633459984
51.323266209418655 3259.9196313774087
51.353151428910735 4747.706728558281
51.383036648402815 5988.596368889122
51.41292186789489 6653.3281209259685
51.44280708738697 6540.860379006183
51.47269230687905 5712.590065595368
51.50257752637112 4511.468519662625
51.53246274586319 3387.994297125735
51.56234796535527 2657.0739384546005
51.59223318484735 2362.2916622403245
51.622118404339425 2306.4344095822726
51.6520036238315 2205.7559708872855
51.68188884332358 1875.0303457998464
51.71177406281566 1327.6441082625515
51.74165928230773 732.5123314521088
51.7715445017998 282.60533598877436
51.80142972129188 77.35910259230988
51.83131494078396 84.93262740451097
51.861200160276034 193.96825908832503
51.89108537976811 308.80544266338177
51.92097059926019 413.4999888418248
51.95085581875227 561.7822065213439
51.98074103824434 808.7040219370259
52.010626257736405 1136.7112742665424
52.040511477228485 1433.4274130172948
52.070396696720564 1549.6538851075263
52.10028191621264 1409.9486884484284
52.13016713570472 1096.186378460146
52.1600523551968 825.7844245854285
52.18993757468888 815.7558024513293
52.21982279418095 1112.9161003118895
52.24970801367302 1519.490249030925
52.2795932331651 1704.425343060913
52.30947845265718 1446.8562286076528
52.33936367214925 829.5916021802831
52.36924889164133 238.14537762722244
52.39913411113341 154.3348798655018
52.429019330625486 846.9324413461336
52.45890455011756 2159.0583088631934
52.48878976960963 3568.0939752847025
52.51867498910171 4481.340829294548
52.54856020859379 4554.842745299185
52.57844542808586 3840.7477046158656
52.60833064757794 2704.5951691925125
52.638215867070016 1595.602601893724
52.668101086562096 814.3041710282877
52.69798630605417 406.0296844785116
52.72787152554624 228.53066102976345
52.75775674503832 119.07756029772356
52.7876419645304 29.86174826450328
52.817527184022474 40.61322064224998
52.847412403514554 255.33753606165408
52.87729762300663 687.7826651995827
52.90718284249871 1228.4898810217371
52.93706806199078 1698.7031428965015
52.96695328148285 1944.0725959434287
52.99683850097493 1909.785365603169
53.02672372046701 1656.6767876744468
53.05660893995908 1312.661809308348
53.08649415945116 993.3170057919456
53.11637937894324 751.9381591128966
53.14626459843532 586.830998463008
53.17614981792738 477.62158754017327
53.206035037419454 413.6795563102502
53.235920256911534 400.16943020424816
53.265805476403614 447.918804709122
53.295690695895686 565.2864186343694
53.325575915387766 762.9218289954335
53.355461134879846 1055.885161342956
53.385346354371926 1436.5193443972223
53.415231573864 1832.2093848740808
53.44511679335607 2106.169696355176
53.47500201284815 2127.112416042549
53.50488723234023 1861.8550120295329
53.5347724518323 1416.2727085938611
53.564657671324376 978.4460342591408
53.594542890816456 696.0374441346984
53.624428110308536 590.606419112582
53.65431332980061 575.6900901711158
53.68419854929268 543.0739990300062
53.71408376878476 439.901960541114
53.74396898827684 289.2945777026694
53.77385420776891 153.12450824967328
53.803739427260986 74.86058353764113
53.833624646753066 50.73001931614407
53.863509866245145 45.66114383763027
53.89339508573722 31.556181917415135
53.92328030522929 13.407160304293448
53.95316552472137 24.036618120148614
53.98305074421345 96.95302644907645
54.01293596370552 246.3485561404024
54.0428211831976 477.159834187702
54.07270640268968 817.5031818390092
54.10259162218176 1332.9926107105443
54.132476841673835 2085.2184810817607
54.1623620611659 3047.5476261588
54.19224728065798 4049.398269439087
54.22213250015007 4819.02338407846
54.252017719642126 5118.486835670133
54.281902939134206 4881.664073768413
54.311788158626285 4251.566737535548
54.341673378118365 3475.5544814531327
54.37155859761044 2733.2596999390857
54.40144381710251 2061.3350650485804
54.43132903659459 1436.8715739084405
54.46121425608667 877.1425147274742
54.491099475578736 444.06078432659433
54.520984695070815 203.41656684817647
54.550869914562895 173.110890395029
54.580755134054975 270.2917685022513
54.61064035354705 335.05645334723727
54.64052557303912 253.5648829685209
54.6704107925312 77.41612112148361
54.70029601202328 18.97851839632189
54.73018123151535 296.3898285597121
54.76006645100743 937.2591105778589
54.78995167049951 1721.7755725493164
54.819836889991585 2353.1408994238386
54.84972210948366 2704.664715151479
54.87960732897573 2875.746714186226
54.90949254846781 3011.6381465253166
54.93937776795989 3101.2110395552727
54.96926298745196 2949.280120745876
54.99914820694404 2379.3511838799213
55.029033426436115 1522.5993094678047
55.058918645928195 839.0543076887518
55.08880386542027 737.0817757578961
55.11868908491233 1180.7966305015254
55.14857430440441 1703.5309910805768
55.17845952389649 1800.5529953260364
55.208344743388565 1357.488492644971
55.238229962880645 739.0050161438554
55.26811518237272 443.88468653056094
55.2980004018648 651.3114183099867
55.32788562135688 1084.120299274186
55.35777084084895 1310.473729169368
55.38765606034103 1188.4109273244283
55.41754127983311 1014.6401724628172
55.44742649932518 1262.1159060745476
55.47731171881725 2181.314930242493
55.50719693830933 3572.303600179609
55.53708215780141 4853.240006534786
55.56696737729349 5386.458968234101
55.59685259678556 4862.68105484754
55.62673781627764 3473.4098801334503
55.65662303576972 1789.4741015497827
55.68650825526179 481.4412113618309
55.71639347475386 10.045704840981905
55.74627869424594 399.3155620337606
55.77616391373802 1266.1672424321443
55.8060491332301 2119.4118411365544
55.83593435272217 2660.055948250598
55.86581957221425 2864.893663886154
55.89570479170633 2864.824596922203
55.9255900111984 2726.56903888375
55.95547523069048 2357.2248161182156
55.98536045018256 1690.5392634300474
56.01524566967464 897.8565151311215
56.045130889166714 305.7631652837197
56.07501610865878 139.58548001163115
56.10490132815086 343.66440636267714
56.13478654764294 599.4410876399713
56.164671767135005 594.4029583839484
56.19455698662709 327.90832102248334
56.22444220611917 118.93911094927137
56.25432742561125 326.08503924633214
56.28421264510332 1047.7698402713022
56.31409786459538 2020.6449451436897
56.34398308408746 2797.799955528557
56.37386830357954 3057.612808535865
56.403753523071614 2772.00676094509
56.433638742563694 2146.4598837373046
56.463523962055774 1460.586641395734
56.49340918154785 948.2485192100195
56.52329440103993 747.4988964531699
56.553179620532 877.7055245469123
56.58306484002408 1215.5824954805423
56.61295005951616 1515.4316248565792
56.64283527900823 1532.3823892434234
56.672720498500304 1195.7484728966524
56.702605717992384 685.3623954921105
56.732490937484464 319.8199448705309
56.762376156976536 321.07712263477737
56.79226137646861 637.7195634851355
56.82214659596069 981.4322881717331
56.85203181545277 1061.34018715207
56.88191703494484 822.5676763744596
56.911802254436914 487.0046920919325
56.941687473928994 377.961023780464
56.97157269342107 686.2103471412192
57.001457912913146 1355.880002900599
57.03134313240522 2156.0018984039857
57.0612283518973 2848.347084539874
57.09111357138938 3310.257304957296
57.12099879088145 3557.0177017067094
57.15088401037352 3697.4818178067694
57.1807692298656 3872.3093849780375
57.21065444935768 4194.753818382257
57.24053966884976 4690.87117571916
57.27042488834183 5257.750682565764
57.30031010783391 5692.078407359216
57.330195327325995 5799.471334356827
57.36008054681806 5499.778688376779
57.38996576631013 4845.768607703797
57.419850985802206 3971.9468538475294
57.449736205294286 3028.6182861199873
57.479621424786366 2131.413152937997
57.50950664427844 1352.88916883663
57.53939186377052 756.9204162832239
57.5692770832626 418.84542016984045
57.59916230275467 389.1876550654855
57.629047522246736 634.5934503407047
57.658932741738816 1020.8562546555002
57.688817961230896 1366.1643922980204
57.718703180722976 1525.2922077868607
57.74858840021505 1444.7593947226715
57.77847361970713 1179.4134109188255
57.80835883919921 876.7783526900346
57.83824405869128 717.4475471690637
57.86812927818335 828.466393087997
57.89801449767543 1211.4755343407319
57.92789971716751 1722.3947467218336
57.95778493665959 2130.636726454653
57.98767015615166 2245.151746299327
58.01755537564374 2038.6570612100563
58.04744059513582 1679.484962232868
58.07732581462789 1420.1037594203444
58.10721103411996 1415.063825746613
58.13709625361204 1631.6253305765526
58.16698147310412 1916.934201287978
58.1968666925962 2121.3172070896567
58.22675191208826 2174.932278636439
58.25663713158034 2105.0256169002887
58.28652235107242 2003.537608153104
58.31640757056449 1961.1294105241243
58.346292790056566 2015.0427945823649
58.376178009548646 2138.396473932148
58.406063229040726 2245.88727678049
58.435948448532805 2205.07857395275
58.46583366802488 1893.3570281378943
58.49571888751696 1308.66955207887
58.52560410700904 664.8388322919567
58.55548932650111 392.0234939926452
58.58537454599318 976.656501560579
58.61525976548526 2659.360769720215
58.64514498497734 5190.048725946441
58.675030204469415 7821.986746248531
58.70491542396149 9583.828157769663
58.73480064345357 9792.23700012547
58.76468586294565 8454.815126534704
58.79457108243772 6160.159417748742
58.82445630192979 3697.162893515572
58.85434152142187 1745.728023098618
58.88422674091395 605.506477459973
58.914111960406025 153.33125254374036
58.9439971798981 127.6890305846798
58.97388239939018 359.9394968436
59.00376761888226 789.1646190714739
59.03365283837433 1362.7725317582929
59.0635380578664 1899.2330154290037
59.09342327735848 2138.1778644127044
59.12330849685056 1980.5424860095295
59.15319371634264 1589.175428250592
59.183078935834715 1261.774229077266
59.212964155326794 1211.0808101531616
59.242849374818874 1399.3928787456243
59.27273459431093 1580.4758204629604
59.302619813803005 1525.370069714545
59.332505033295085 1225.53534562993
59.362390252787165 893.6278843992894
59.392275472279245 760.9181163393755
59.42216069177132 855.1010995101294
59.4520459112634 973.2687036597555
59.48193113075548 890.6598344025754
59.51181635024754 594.3050737050387
59.541701569739615 306.8463781269496
59.571586789231695 290.44767421714664
59.601472008723775 604.8637348178763
59.631357228215855 1056.2455589459316
59.66124244770793 1414.6705324213124
59.69112766720001 1668.0859538180316
59.72101288669209 2056.294585902518
59.75089810618416 2869.7026517474847
59.78078332567623 4162.320696069545
59.81066854516831 5597.142367774451
59.84055376466039 6614.638386276532
59.870438984152464 6842.491716044651
59.90032420364454 6347.928977059515
59.93020942313662 5495.099513514142
59.9600946426287 4637.489849591996
59.98997986212077 3937.222491527709
60.01986508161284 3353.179128840523
60.04975030110492 2742.0123396696235
60.079635520597 2019.657145731829
60.109520740089074 1275.1931766886487
60.13940595958115 731.5559961314286
60.16929117907323 577.444079585475
60.19917639856531 810.9918397983295
60.22906161805738 1226.818859401674
60.258946837549445 1546.9416360898897
60.288832057041525 1591.9584772979608
60.31871727653361 1382.0610699868796
60.34860249602568 1078.016182582552
60.37848771551776 807.6233003223028
60.40837293500984 569.6401212095209
60.43825815450192 312.21612242465767
60.46814337399399 88.22512259079187
60.49802859348606 96.33942257983587
60.52791381297814 508.4118974014464
60.55779903247022 1227.6048194347948
60.58768425196229 1850.3927467396395
60.61756947145437 1967.4788234239547
60.64745469094645 1596.3040580242396
60.677339910438526 1310.8595249022771
60.7072251299306 1859.642672482349
60.73711034942267 3533.307667655137
60.76699556891475 5803.76659908742
60.79688078840683 7571.139837289861
60.8267660078989 7874.004839813831
60.85665122739098 6529.246241380452
60.886536446883056 4195.8804261611485
60.916421666375136 1888.5062753384057
60.94630688586721 406.6133881435862
60.97619210535928 24.88205971703444
61.00607732485136 512.2030854044181
61.03596254434344 1342.3812078473775
61.065847763835514 1917.2144014879368
61.09573298332759 1813.081229937815
61.12561820281967 1060.108168050513
61.15550342231175 253.06848921433004
61.18538864180382 264.0229117475146
61.21527386129589 1605.1486391562
61.24515908078797 3913.122740844136
61.27504430028005 6047.10561379261
61.30492951977212 6831.352495949007
61.3348147392642 5951.664686695407
61.36469995875628 4243.302603507103
61.39458517824836 3059.3741678245624
61.42447039774042 3256.6016033183582
61.454355617232494 4610.515371142248
61.484240836724574 6078.547118951264
61.514126056216654 6645.407022433292
61.544011275708726 5997.426610613064
61.573896495200806 4520.2784122308185
61.603781714692886 2831.5986020231335
61.633666934184966 1394.4457402209175
61.66355215367704 446.3557493021039
61.69343737316911 79.17145894942716
61.72332259266119 269.68301248865083
61.75320781215327 832.711241337726
61.78309303164534 1425.1908154421844
61.812978251137416 1722.4708798581191
61.842863470629496 1639.6557597039068
61.872748690121576 1361.5936238800791
61.90263390961365 1173.906935860058
61.93251912910572 1249.5375620397028
61.9624043485978 1527.4783723136716
61.99228956808988 1801.744849636616
62.02217478758195 1958.6014977353248
62.052060007074026 2071.6008050999976
62.081945226566106 2262.2697472007567
62.111830446058185 2563.744092385512
62.14171566555026 2922.455296528935
62.17160088504233 3252.386504033035
62.20148610453441 3491.2867048146472
62.23137132402649 3656.8510617718
62.26125654351856 3847.8167904315696
62.29114176301064 4156.863077277952
62.32102698250272 4564.5215742677165
62.3509122019948 4912.536610207726
62.380797421486875 4971.153909154619
62.41068264097894 4551.234042853021
62.44056786047103 3632.246350798364
62.47045307996311 2437.9767827313053
62.500338299455166 1334.3638942733592
62.530223518947246 593.120533993059
62.560108738439325 250.38801603059477
62.589993957931405 162.67249471285177
62.61987917742348 165.52053471913985
62.64976439691555 202.82906245487789
62.67964961640763 328.7584629046594
62.70953483589971 591.0060579317401
62.739420055391776 920.5004107670184
62.769305274883855 1139.5764422871603
62.799190494375935 1092.684131677613
62.829075713868015 780.668395636042
62.85896093336009 369.11505405622734
62.88884615285216 76.29640759967299
62.91873137234424 38.54490468627178
62.94861659183632 245.2140709156411
62.97850181132839 576.1071740406279
63.00838703082047 885.0428747973226
63.03827225031255 1062.5768025143207
63.068157469804625 1062.0968270546875
63.0980426892967 892.5223406145285
63.12792790878877 604.420443798625
63.15781312828085 293.3127734406337
63.18769834777293 83.68329247294673
63.217583567265 68.19273070142714
63.24746878675708 251.84652454090937
63.277354006249155 550.8698406136486
63.307239225741235 840.9855735628206
63.33712444523331 1020.2612975741004
63.36700966472537 1050.0323305310956
63.39689488421745 957.9789131001123
63.42678010370953 812.6884672628022
63.456665323201605 684.2648912445258
63.48655054269368 610.683783204254
63.51643576218576 587.8035980458648
63.54632098167784 579.495636683942
63.57620620116992 544.6571983988713
63.60609142066199 476.24587065628253
63.63597664015407 420.2016822302636
63.66586185964615 457.7229496020769
63.69574707913822 675.9403911928246
63.72563229863029 1147.1322330315131
63.75551751812237 1908.326623397688
63.78540273761445 2920.56971696494
63.81528795710653 4010.731472895432
63.8451731765986 4864.47543962731
63.87505839609068 5157.688489459948
63.90494361558276 4783.592103026336
63.93482883507483 3978.317526556956
63.9647140545669 3206.1924047993434
63.99459927405898 2877.404924843132
64.02448449355106 3099.9446653774767
64.05436971304313 3635.381937972416
64.0842549325352 4065.2984300432167
64.11414015202729 4038.657422167691
64.14402537151936 3459.112517797405
64.17391059101143 2521.479587549689
64.20379581050351 1584.367578644018
64.23368102999558 964.5894380389256
64.26356624948767 791.4481457325293
64.29345146897974 993.8457545187365
64.32333668847181 1386.2475091741896
64.3532219079639 1771.930646382151
64.38310712745597 1990.9865230996647
64.41299234694804 1925.4573225792983
64.44287756644012 1532.9369407666393
64.47276278593219 915.370517495162
64.50264800542428 364.19434770024645
64.53253322491635 274.75993426607675
64.56241844440842 876.0903909608963
64.59230366390051 1971.754747773064
64.62218888339258 2983.583733524081
64.65207410288465 3341.6560355928145
64.68195932237673 2935.538602514935
64.7118445418688 2211.7396301490394
64.74172976136089 1757.6434885177284
64.77161498085296 1741.4914100657854
64.80150020034503 1798.0709528749867
64.83138541983712 1468.491168605222
64.86127063932919 728.5939217025955
64.89115585882126 114.5867943273104
64.92104107831334 253.66439455483544
64.95092629780541 1162.9231938025036
64.9808115172975 2089.3399509044675
65.01069673678957 2146.6453746858233
65.04058195628164 1187.0697322314356
65.07046717577373 132.66836781585633
65.1003523952658 358.8884176061451
65.13023761475787 2552.331229990016
65.16012283424995 6027.817203059645
65.19000805374202 9068.803280403486
65.2198932732341 10044.301216218724
65.24977849272618 8523.61738685533
65.27966371221825 5548.023554654692
65.30954893171034 2820.526705516349
65.33943415120241 1496.85245882997
65.36931937069448 1556.5128412456447
65.39920459018656 2112.3804090310223
65.42908980967863 2254.1146311514294
65.45897502917072 1715.2112721534506
65.48886024866279 880.0278445702348
65.51874546815486 267.247486775735
65.54863068764695 59.73855434867772
65.57851590713902 75.36616615648606
65.6084011266311 95.001082953873
65.63828634612317 158.57998416760017
65.66817156561524 517.0546494891233
65.69805678510733 1293.7502701387205
65.7279420045994 2232.8145346871274
65.75782722409147 2827.162796101831
65.78771244358356 2705.773561380587
65.81759766307563 1945.1846181191745
65.84748288256769 1063.5746486627384
65.87736810205978 667.7247797949865
65.90725332155185 1017.4195576890434
65.93713854104394 1864.5657090023408
65.96702376053601 2649.1564354288885
65.99690898002808 2866.177540238505
66.02679419952017 2368.5662256714813
66.05667941901224 1432.0275877385868
66.08656463850431 547.204794752324
66.11644985799639 99.72930553395213
66.14633507748846 168.5934438493414
66.17622029698055 541.7179448273145
66.20610551647262 894.8569290736931
66.23599073596469 1006.2304179302602
66.26587595545678 861.9146393985026
66.29576117494885 600.2317874081427
66.32564639444092 384.1821099468815
66.355531613933 311.4393652782239
66.38541683342507 395.0685807410029
66.41530205291716 587.7968119000165
66.44518727240923 811.2500440582589
66.4750724919013 975.0911916353523
66.50495771139339 1000.1556548481745
66.53484293088546 856.2426279605162
66.56472815037753 590.3107054698049
66.5946133698696 312.6937092821957
66.62449858936168 141.06287275438586
66.65438380885377 129.84634297743807
66.68426902834584 232.39294699600413
66.71415424783791 339.430336480029
66.74403946733 370.0522215617772
66.77392468682207 330.5874149805656
66.80380990631414 291.506498676257
66.83369512580622 306.2822866400306
66.86358034529829 345.32204244102303
66.89346556479038 320.0724385904171
66.92335078428245 189.56907306580575
66.95323600377452 41.591539513952746
66.98312122326661 56.125355197976
67.01300644275868 370.7221291929429
67.04289166225075 954.4066528645587
67.07277688174283 1601.858936770806
67.1026621012349 2061.5345640839887
67.13254732072699 2174.719964042073
67.16243254021906 1920.9590030999077
67.19231775971113 1398.508709346292
67.22220297920322 779.9450729583712
67.25208819869529 257.28393959958987
67.28197341818736 10.607154932861024
67.31185863767944 166.97667439206762
67.34174385717151 709.706227962803
67.3716290766636 1434.7223839167075
67.40151429615567 2049.317869392336
67.43139951564774 2346.6245786315912
67.46128473513983 2316.00198047622
67.4911699546319 2115.2842195026565
67.52105517412397 1942.5307192333505
67.55094039361605 1918.469498819748
67.58082561310812 2057.563129634909
67.6107108326002 2302.5582071687645
67.64059605209228 2549.1752685286697
67.67048127158435 2642.9009342349887
67.70036649107644 2421.1689218309807
67.73025171056851 1847.1003711317148
67.76013693006058 1102.145934750775
67.79002214955266 476.4285980387813
67.81990736904473 140.22845264701468
67.84979258853681 36.34069170804162
67.87967780802889 5.92586983898338
67.90956302752096 25.97372175513092
67.93944824701305 285.6676024169649
67.96933346650512 936.9510860382942
67.99921868599719 1753.127121242563
68.02910390548927 2165.946049773894
68.05898912498134 1759.3187078224514
68.08887434447342 761.2938147111646
68.1187595639655 43.5275614648563
68.14864478345757 484.6203608369401
68.17853000294966 2142.859788543411
68.20841522244173 4071.3823826913167
68.2383004419338 5035.250784233972
68.26818566142587 4460.701759567572
68.29807088091795 2803.849744010214
68.32795610041003 1098.5976052666283
68.3578413199021 142.9717980577846
68.38772653939418 42.15976015015615
68.41761175888627 385.1562508557284
68.44749697837834 722.9773291663971
68.47738219787041 866.1487303387504
68.50726741736248 848.9514689063415
68.53715263685456 776.4497919148563
68.56703785634664 759.8307837525388
68.59692307583872 897.2492041104562
68.62680829533079 1191.2662140523407
68.65669351482288 1461.5417505783128
68.68657873431495 1430.1378988251074
68.71646395380702 993.4779144005532
68.7463491732991 407.4817903033269
68.77623439279117 121.1532735705461
68.80611961228325 355.0150481065061
68.83600483177533 851.8546908954371
68.8658900512674 1109.7464025869692
68.89577527075949 875.3006941677921
68.92566049025156 385.1068077042332
68.95554570974363 126.316944297178
68.98543092923569 353.7977733175134
69.01531614872778 849.2760294730328
69.04520136821985 1167.6054858116324
69.07508658771194 1069.2178685566107
69.10497180720401 684.2524299699435
69.1348570266961 313.66175814291773
69.16474224618817 136.69324744789063
69.19462746568024 118.92256831043817
69.22451268517231 145.876912424873
69.25439790466439 173.45905127594511
69.28428312415647 234.828070411582
69.31416834364855 357.6714921987447
69.34405356314062 527.1862283631565
69.3739387826327 718.6421550747573
69.40382400212478 934.541692713224
69.43370922161685 1180.2209292619111
69.46359444110892 1390.0279754269163
69.493479660601 1430.7814059104132
69.52336488009308 1220.250829948615
69.55325009958516 815.4431275751377
69.58313531907723 379.8296965985064
69.61302053856932 85.84482802180086
69.64290575806139 38.29684833351229
69.67279097755346 265.6612537492492
69.70267619704553 756.0876834587204
69.7325614165376 1476.7960378749299
69.7624466360297 2355.062415191622
69.79233185552177 3243.7245508886263
69.82221707501384 3912.059641220069
69.85210229450593 4108.453978622984
69.881987513998 3696.7771602465
69.91187273349007 2774.628167014448
69.94175795298214 1658.2963772694973
69.97164317247422 722.8798563018142
70.0015283919663 197.14100572474084
70.03141361145838 61.82072134803531
70.06129883095045 151.55865198728804
70.09118405044254 368.1973394187225
70.12106926993461 780.5726323747091
70.15095448942668 1507.3864220123085
70.18083970891875 2502.491502611643
70.21072492841083 3482.226429870006
70.24061014790291 4109.90003339083
70.27049536739499 4242.856157455483
70.30038058688706 3981.3314184778287
70.33026580637915 3526.0016264621613
70.36015102587122 3014.2515279748623
70.39003624536329 2464.9027123510473
70.41992146485536 1888.471960464483
70.44980668434744 1429.2057868090544
70.47969190383952 1294.9948738633843
70.5095771233316 1524.2469271585855
70.53946234282367 1890.1269552464655
70.56934756231576 2060.800159555239
70.59923278180783 1853.9011285047163
70.6291180012999 1371.118238217304
70.65900322079197 936.8901314932936
70.68888844028405 878.8392645139005
70.71877365977613 1261.8189181542075
70.7486588792682 1824.6434305420955
70.77854409876028 2229.5660561335017
70.80842931825237 2349.715406934896
70.83831453774444 2258.242046327547
70.86819975723651 2029.5498382775604
70.89808497672857 1706.7349684302967
70.92797019622066 1416.7229488631026
70.95785541571274 1309.0670444751843
70.98774063520482 1408.370820696368
71.01762585469689 1651.8350215414205
71.04751107418898 1899.0802107338764
71.07739629368105 1896.0808002749577
71.10728151317312 1498.6552671701832
71.1371667326652 889.5621792591016
71.16705195215727 404.4158594789552
71.19693717164935 210.94814450077843
71.22682239114143 203.62532960946913
71.2567076106335 196.6226170197027
71.28659283012558 212.9182120250112
71.31647804961766 497.3875323037386
71.34636326910973 1184.3324363606823
71.3762484886018 1985.412653305426
71.40613370809388 2321.3665153426705
71.43601892758596 1878.553213475748
71.46590414707804 989.00452827458
71.49578936657011 354.8597873799051
71.5256745860622 371.5857368644054
71.55555980555427 760.6489460786805
71.58544502504634 946.0449531024514
71.61533024453841 800.9868070741718
71.64521546403049 911.7307183568099
71.67510068352257 1969.330997587916
71.70498590301465 3884.2534617223505
71.73487112250672 5607.538447975217
71.7647563419988 5916.004398493649
71.79464156149088 4470.411107338132
71.82452678098295 2171.8242349501484
71.85441200047502 432.2080697244184
71.8842972199671 51.408502870670766
71.91418243945918 726.4453712979781
71.94406765895125 1502.9071214402586
71.97395287844333 1640.2959495440973
72.00383809793541 1105.986792464702
72.03372331742749 402.13555155725726
72.06360853691957 38.489951044765775
72.09349375641163 125.09811740185208
72.12337897590369 378.5949535537941
72.15326419539579 446.7267320917656
72.18314941488785 237.02570811173769
72.21303463437994 13.289730618142665
72.24291985387201 164.94241382378664
72.2728050733641 834.7579102562848
72.30269029285617 1759.3201564393535
72.33257551234824 2476.8620567070443
72.3624607318403 2738.4398001030186
72.3923459513324 2750.6907832200905
72.42223117082446 2976.7681215367716
72.45211639031655 3620.8537876120545
72.48200160980862 4321.061217798085
72.5118868293007 4465.400576209285
72.54177204879278 3807.946690329584
72.57165726828485 2679.9410572596707
72.60154248777692 1632.470829692399
72.63142770726901 957.8476842719949
72.66131292676108 558.5108244553226
72.69119814625316 240.37552501983393
72.72108336574524 52.34620360019
72.75096858523732 224.5012685657877
72.78085380472939 784.2902386637038
72.81073902422146 1368.267006433276
72.84062424371353 1498.169361677689
72.87050946320562 1063.6978782347915
72.9003946826977 470.8227723474301
72.93027990218977 228.04467699131652
72.96016512168185 451.2936532187492
72.99005034117393 846.4957727788561
73.019935560666 1124.1753437751884
73.04982078015806 1360.6040005960313
73.07970599965014 1896.5317822095833
73.10959121914222 2895.4846533456575
73.1394764386343 4078.995762138571
73.16936165812636 4936.750671415503
73.19924687761846 5198.322022492486
73.22913209711052 5046.602393951477
73.25901731660261 4852.843885525387
73.28890253609468 4806.333095686929
73.31878775558675 4824.382453095423
73.34867297507884 4712.256995677585
73.37855819457091 4352.373579595057
73.40844341406297 3756.4366422157095
73.43832863355507 2989.306557904723
73.46821385304713 2125.377040040695
73.49809907253923 1302.391908119098
73.52798429203129 739.4826856731653
73.55786951152336 612.9842749972959
73.58775473101545 886.9801111519198
73.61763995050752 1298.3656812350152
73.64752516999958 1564.9970513313324
73.67741038949168 1626.754163912843
73.70729560898374 1657.088860966016
73.73718082847584 1821.00249859954
73.7670660479679 2024.4884011718852
73.79695126745997 1946.9915690419064
73.82683648695206 1388.0683361062995
73.85672170644413 572.3768401754794
73.88660692593619 49.75107337051678
73.9164921454283 255.9830537290302
73.94637736492035 1127.249523078899
73.97626258441245 2104.673478893641
74.00614780390451 2542.9496258680333
74.03603302339657 2189.8993132852725
74.06591824288867 1334.802010948416
74.09580346238073 530.3608272858754
74.12568868187282 166.7379060220189
74.15557390136489 248.05159692580315
74.18545912085698 500.1711392482501
74.21534434034906 661.745105389274
74.24522955984112 679.0363668752808
74.27511477933318 657.8958494065537
74.30499999882528 684.7963573905299
74.33488521831734 723.0858313686164
74.36477043780943 678.25917888169
74.3946556573015 550.149223761062
74.42454087679359 496.73377052855864
74.45442609628566 722.8659507205624
74.48431131577773 1280.8894907686426
74.51419653526979 1961.6709389720663
74.54408175476189 2400.097441866389
74.57396697425395 2329.5847344412346
74.60385219374604 1775.213657091634
74.63373741323811 1034.9527800771295
74.6636226327302 469.9899696023713
74.69350785222227 270.0297999471534
74.72339307171434 369.99331776154673
74.75327829120641 547.7424267889813
74.7831635106985 594.9758400979877
74.81304873019057 444.3401783181967
74.84293394968265 191.94149649199784
74.87281916917473 16.607422274854752
74.9027043886668 52.09184956054355
74.93258960815888 297.5143304641002
74.96247482765095 626.2890926633736
74.99236004714302 886.5205117619107
75.02224526663511 1029.733265896425
75.05213048612718 1176.8811243239609
75.08201570561924 1547.312263473567
75.11190092511134 2270.7535769794913
75.1417861446034 3230.2281870004126
75.17167136409549 4092.2977198764142
75.20155658358755 4506.271813395691
75.23144180307963 4304.136218000262
75.2613270225717 3571.8271352702454
75.29121224206379 2578.2417749216183
75.32109746155585 1631.3006233349
75.35098268104795 955.2783959847952
75.38086790054001 641.6641641069072
75.4107531200321 661.3692552280163
75.44063833952417 895.3547282219585
75.47052355901624 1169.7204580813216
75.50040877850833 1316.5349510812391
75.5302939980004 1250.3508681981127
75.56017921749246 1008.3388000692788
75.59006443698456 718.8697568943376
75.61994965647662 514.8161068834155
75.64983487596871 453.3456521401509
75.67972009546078 501.4185641722671
75.70960531495285 584.1606651402793
75.73949053444494 641.3932725944228
75.76937575393701 650.3537673457728
75.79926097342909 615.054506939495
75.82914619292117 545.7878974174024
75.85903141241324 449.2258975811089
75.88891663190532 331.62995446329285
75.91880185139739 204.6974345503136
75.94868707088946 89.01142811489788
75.97857229038155 18.53841123820796
76.00845750987362 44.446565014118384
76.0383427293657 225.96140573361183
76.06822794885778 599.0239651783455
76.09811316834985 1136.413016480061
76.12799838784191 1734.604902097354
76.157883607334 2247.669769747199
76.18776882682606 2548.5959134955174
76.21765404631816 2584.9352121248007
76.24753926581022 2407.217466586416
76.2774244853023 2154.3735418308374
76.30730970479438 1991.0326803279893
76.33719492428646 2023.633018453886
76.36708014377852 2243.5908292172508
76.39696536327061 2525.5962542090156
76.42685058276268 2679.227149859417
76.45673580225477 2539.717817304934
76.48662102174684 2070.9198063279073
76.51650624123891 1427.277336712945
76.546391460731 906.4413880566526
76.57627668022307 781.2244440671184
76.60616189971513 1115.1625577590823
76.63604711920723 1696.819463609338
76.66593233869929 2142.0239978356126
76.6958175581914 2120.1183990585555
76.72570277768345 1583.59461033039
76.75558799717552 827.6343955712682
76.78547321666761 301.8572592188315
76.81535843615968 323.1479115068518
76.84524365565174 902.4330844422336
76.87512887514384 1750.8731371867343
76.9050140946359 2441.2049975348223
76.934899314128 2653.3712348627814
76.96478453362006 2332.356512286056
76.99466975311213 1653.9673805066727
77.02455497260422 895.4745907506364
77.0544401920963 316.9889684757304
77.08432541158835 66.84381651426041
77.11421063108045 133.43554234117516
77.14409585057251 380.17250136607777
77.17398107006461 638.2332294150808
77.20386628955667 789.8136596365546
77.23375150904873 804.8400106055161
77.26363672854083 733.3390410838734
77.29352194803289 665.5795585885297
77.32340716752498 676.9467169644779
77.35329238701705 785.586643563977
77.38317760650912 948.7161439793683
77.41306282600122 1097.876262609226
77.44294804549328 1183.1416889238053
77.47283326498534 1196.0579607538332
77.50271848447744 1163.370024336875
77.5326037039695 1119.672936075736
77.56248892346159 1081.389285443798
77.59237414295366 1046.7444992824455
77.62225936244573 1018.9445676453768
77.65214458193782 1024.8635546508851
77.68202980142989 1110.9963609718359
77.71191502092195 1324.074260753508
77.74180024041405 1693.8986647229663
77.77168545990611 2223.981921627284
77.8015706793982 2880.274602273338
77.83145589889027 3570.76303735911
77.86134111838234 4135.756287707918
77.89122633787443 4387.414957799094
77.9211115573665 4196.35392933187
77.95099677685857 3565.285367735773
77.98088199635066 2642.1390380002854
78.01076721584273 1668.2403772683956
78.0406524353348 874.1804103206229
78.07053765482688 372.02406507950366
78.10042287431894 126.91732193570309
78.13030809381104 32.509108604853544
78.16019331330311 13.459386973185739
78.19007853279518 65.38264107301693
78.21996375228727 211.1297430119968
78.24984897177934 428.12852020637
78.2797341912714 633.9752832257082
78.30961941076349 754.7523576591454
78.33950463025555 802.3498671086132
78.36938984974765 874.3661050879277
78.3992750692397 1062.1629649167714
78.4291602887318 1350.628004525709
78.45904550822387 1619.3957012785504
78.48893072771595 1739.9673693106288
78.51881594720801 1656.320807419224
78.5487011667001 1383.3442917716354
78.57858638619217 967.967755023484
78.60847160568426 491.8183799710849
78.63835682517633 116.27687777949644
78.6682420446684 63.00251878540472
78.69812726416049 453.2916960862056
78.72801248365256 1137.62290538668
78.75789770314462 1741.2688848668874
78.78778292263671 1943.1996624500307
78.81766814212878 1760.6621143805237
78.84755336162087 1558.2000060058624
78.87743858111294 1707.384146753938
78.90732380060501 2214.0645986252302
78.9372090200971 2707.914931284471
78.96709423958917 2796.9573227813908
78.99697945908125 2435.982204972206
79.02686467857332 1942.6340338830244
79.05674989806539 1644.5319497528149
79.08663511755748 1562.086696796532
79.11652033704955 1458.6220446856964
79.14640555654161 1147.1440926825944
79.17629077603371 726.3247494415227
79.20617599552578 526.1684830808921
79.23606121501786 810.7145220877632
79.26594643450991 1528.0919662835915
79.295831654002 2344.503063910417
79.32571687349407 2888.479027422347
79.35560209298616 2965.232247571192
79.38548731247822 2609.5823778203735
79.41537253197032 2004.862866949418
79.44525775146238 1359.8009094692115
79.47514297095447 820.1059253420088
79.50502819044652 442.0632021950816
79.53491340993861 216.48223223714032
79.56479862943068 120.08018730683544
79.59468384892277 166.91983421374516
79.62456906841484 399.3822131584864
79.65445428790693 782.2636676512485
79.684339507399 1132.901952856972
79.71422472689108 1251.0041381351891
79.74410994638313 1133.4618624895495
79.77399516587522 1024.4663322165522
79.8038803853673 1236.76998290962
79.83376560485938 1851.2785054094677
79.86365082435145 2543.7545460678093
79.89353604384355 2793.5865892486254
79.92342126333561 2335.410888513454
79.95330648282768 1396.8323534326923
79.98319170231974 500.38195492713226
80.01307692181183 48.4025669405358
80.0429621413039 76.27205064552375
80.072847360796 353.42810734130853
80.10273258028806 659.8830537154057
80.13261779978016 924.3736053767988
80.16250301927222 1135.0807140463216
80.1923882387643 1225.9223571533055
80.22227345825635 1115.7066382892826
80.25215867774845 846.5801789463861
80.28204389724051 637.6571115239724
80.31192911673261 731.1336654476044
80.34181433622467 1143.6783183049863
80.37169955571677 1596.278152547114
80.40158477520883 1737.1864919641089
80.43146999470089 1455.4865913631393
80.46135521419298 972.3541755956729
80.49124043368505 641.7331332187291
80.52112565317714 670.4217283150136
80.55101087266921 986.0342493471123
80.58089609216128 1336.276521876334
80.61078131165337 1505.9383704123052
80.64066653114544 1447.9980156018107
80.6705517506375 1266.0396093294073
80.70043697012959 1126.4633745908395
80.73032218962166 1169.7418815835483
80.76020740911375 1436.9989321676323
80.79009262860582 1819.8483669817788
80.81997784809789 2079.425679550465
80.84986306758998 1979.6983088627253
80.87974828708205 1473.56914080429
80.90963350657411 773.1862363858371
80.9395187260662 211.92449450936832
80.96940394555827 2.4642685966287563
80.99928916505036 88.54409656902963
81.02917438454243 226.76096711400993
81.0590596040345 236.65851183224004
81.08894482352659 168.5146848409563
81.11883004301866 222.4193350111319
81.14871526251073 507.5861759310715
81.1786004820028 879.6457625985821
81.20848570149488 1041.7114529947846
81.23837092098697 837.0555885301642
81.26825614047904 438.1254391956353
81.2981413599711 243.84585373762468
81.3280265794632 573.7303182572938
81.35791179895526 1396.2283331816611
81.38779701844734 2314.926594148595
81.4176822379394 2851.8352221564555
81.4475674574315 2794.398500876778
81.47745267692356 2321.8069839179675
81.50733789641565 1838.64091556952
81.53722311590771 1660.2925647805819
81.56710833539981 1799.4033565516659
81.59699355489187 2009.8531382388337
81.62687877438395 1995.798573263264
81.65676399387601 1608.8378579474684
81.68664921336811 949.5922601598543
81.71653443286017 320.9641945766566
81.74641965235226 33.84499547597758
81.77630487184433 206.10345987095437
81.80619009133642 701.7752888330973
81.83607531082849 1225.2069638973276
81.86596053032056 1488.2236041067288
81.89584574981262 1361.5077642879323
81.92573096930472 950.8673512421004
81.95561618879678 546.9706324945098
81.98550140828887 454.2073793398939
82.01538662778094 804.3582732238619
82.04527184727303 1480.7307321448975
82.0751570667651 2217.3180853331446
82.10504228625717 2780.252609213456
82.13492750574925 3092.320805854011
82.16481272524132 3294.7429321999734
82.1946979447334 3622.030824865045
82.22458316422548 4062.476186286903
82.25446838371755 4272.412858319499
82.28435360320964 3878.073358722868
82.31423882270171 2784.2218077033895
82.34412404219377 1356.9501976053712
82.37400926168586 297.01753168248007
82.40389448117791 155.37504740790277
82.43377970067002 945.29231137789
82.46366492016207 2064.824753105248
82.49355013965416 2653.296832873532
82.52343535914623 2294.322866315104
82.55332057863832 1279.4759943298168
82.58320579813038 298.7410465009408
82.61309101762247 21.083440228068977
82.64297623711452 592.6022966018019
82.67286145660663 1482.04211938272
82.70274667609868 1995.3808573362724
82.73263189559077 1801.4147423643149
82.76251711508284 1087.8817233004288
82.79240233457493 384.7303872614624
82.822287554067 101.98005388686816
82.85217277355908 209.58806664752717
82.88205799305113 362.66048196800057
82.91194321254324 289.7157046744658
82.9418284320353 80.59396981447857
82.97171365152738 109.53394028654886
83.00159887101945 683.8873640472939
83.03148409051154 1741.7972625369612
83.06136931000361 2863.5105265999246
83.09125452949569 3603.970894684413
83.12113974898774 3816.9229445219594
83.15102496847985 3681.9434506562784
83.1809101879719 3473.595068357857
83.21079540746399 3287.588539687737
83.24068062695606 2970.81532696516
83.27056584644815 2342.9048568245407
83.30045106594022 1466.4897291038103
83.33033628543228 663.1878576213234
83.36022150492435 286.2688215827956
83.39010672441644 463.53208179768166
83.41999194390851 989.4290398818806
83.44987716340061 1470.1600403071518
83.47976238289267 1615.4238510937328
83.50964760238477 1406.9605909973568
83.53953282187683 1050.9350890888036
83.56941804136889 813.1319915259497
83.59930326086099 842.8424475622002
83.62918848035305 1084.2623730720013
83.65907369984514 1341.1953655522418
83.68895891933721 1439.2050543686607
83.7188441388293 1342.0662053656567
83.74872935832137 1138.0057531238808
83.77861457781344 942.7749404018515
83.8084997973055 816.5965140672979
83.83838501679759 749.3441784224672
83.86827023628966 707.3090696251562
83.89815545578175 685.637914044306
83.92804067527382 704.3945151773096
83.9579258947659 755.486055263484
83.98781111425798 774.2577393531086
84.01769633375005 677.9522427856497
84.04758155324211 446.00429871387325
84.0774667727342 172.71523540984043
84.10735199222627 17.16962125806943
84.13723721171836 68.41268734846763
84.16712243121043 250.9728113583145
84.19700765070252 374.79486311851343
84.22689287019459 306.75999186065684
84.25677808968666 113.40453849633678
84.28666330917873 24.17008051162017
84.3165485286708 227.17310395046007
84.3464337481629 678.4502041934222
84.37631896765495 1105.2050540832008
84.40620418714704 1211.4544101683018
84.43608940663913 919.0128182729419
84.4659746261312 439.37322223232405
84.49585984562326 96.53003586722352
84.52574506511534 49.589038677605274
84.5556302846074 177.58559804442154
84.5855155040995 233.4469955950296
84.61540072359156 122.21555889507565
84.64528594308366 37.129348783421435
84.67517116257572 303.63220824401577
84.70505638206782 1062.0859787366387
84.73494160155987 2077.017731334789
84.76482682105195 2851.089810281392
84.79471204054401 2968.725756769887
84.82459726003611 2389.802836546988
84.85448247952817 1454.5092952335992
84.88436769902027 618.5643469536071
84.91425291851233 149.14350774083138
84.94413813800443 22.58574477128083
84.97402335749649 69.13273690020793
85.00390857698856 178.891735408694
85.03379379648062 368.0189871458372
85.06367901597272 683.5942508578956
85.09356423546478 1082.7365623128007
85.12344945495688 1421.7061346275111
85.15333467444894 1557.3408412011527
85.18321989394104 1452.29694693798
85.2131051134331 1188.8367346069433
85.24299033292517 892.5897483640598
85.27287555241725 649.9916930073512
85.30276077190933 484.64580605520337
85.3326459914014 378.300354832206
85.3625312108935 296.2676072173664
85.39241643038557 208.40262045233297
85.42230164987764 111.88246190657308
85.45218686936971 43.39782612315407
85.48207208886177 55.144378203792954
85.51195730835386 159.3386695359758
85.54184252784593 306.1568963430806
85.57172774733802 442.59094705981374
85.60161296683009 590.3434838642593
85.63149818632218 844.7329256061173
85.66138340581423 1265.7540564777034
85.69126862530632 1741.123707936586
85.72115384479838 1997.1446513758349
85.75103906429047 1817.4401062558184
85.78092428378254 1263.6227525535508
85.81080950327463 663.28560373665
85.84069472276668 363.734562737495
85.87057994225879 466.7859026727648
85.90046516175084 780.9750699833737
85.93035038124293 1016.7043130399662
85.960235600735 1016.2698995167171
85.99012082022708 819.4035307021704
86.02000603971916 562.3705135476398
86.04989125921124 352.4661696899768
86.0797764787033 235.5145667784007
86.1096616981954 238.46043937460888
86.13954691768745 381.12543623482327
86.16943213717954 627.0380261666475
86.19931735667161 858.4550089110897
86.22920257616369 939.318029457044
86.25908779565577 818.6379098711534
86.28897301514785 568.599570181348
86.3188582346399 316.790192998207
86.348743454132 149.23353668986863
86.37862867362406 79.67869116837812
86.40851389311615 84.16091623348022
86.43839911260822 129.15899280083565
86.46828433210028 167.48111212130652
86.49816955159238 153.74767661341593
86.52805477108444 106.85818613250969
86.55793999057651 144.4186290776505
86.5878252100686 392.2532821046312
86.61771042956067 810.9747676928519
86.64759564905278 1136.4939021890991
86.67748086854483 1072.6619066235812
86.70736608803689 606.0947879048781
86.737251307529 122.41932273111586
86.76713652702105 140.9146366316248
86.79702174651315 854.8548441464897
86.82690696600521 1897.225996737396
86.8567921854973 2586.7388566893833
86.88667740498937 2470.474699164938
86.91656262448144 1676.7301100058185
86.9464478439735 757.3881236055216
86.9763330634656 204.5312542708062
87.00621828295766 108.46831693127884
87.03610350244976 207.6977108945923
87.06598872194182 215.6686589537876
87.09587394143391 102.65587004716885
87.12575916092598 67.37756136515476
87.15564438041805 271.5362705859056
87.18552959991011 649.388592101291
87.21541481940221 961.0355107676093
87.24530003889427 1013.1532544889088
87.27518525838637 846.5257777314708
87.30507047787843 698.6708745487011
87.33495569737052 760.7121219210853
87.36484091686259 985.467473864837
87.39472613635466 1142.0975928733255
87.42461135584674 1042.509508417763
87.45449657533882 725.5235633897166
87.4843817948309 437.35153274458173
87.51426701432295 412.6062728974729
87.54415223381505 658.1696725776408
87.57403745330711 960.2611851969427
87.6039226727992 1107.0834316771948
87.63380789229126 1099.4975857083812
87.66369311178335 1134.5493231241935
87.69357833127542 1371.9069967781295
87.7234635507675 1726.5317767013855
87.75334877025956 1913.251117575522
87.78323398975166 1698.1367984247127
87.81311920924372 1120.7898921429253
87.84300442873581 504.2183500426151
87.87288964822787 237.63182731383043
87.90277486771996 503.10240692196584
87.93266008721203 1162.0197788257724
87.96254530670411 1852.7736779949207
87.99243052619617 2201.5728366448457
88.02231574568827 2023.423753543596
88.05220096518033 1412.0109060382858
88.08208618467243 676.0021193216329
88.11197140416449 163.23231362464387
88.14185662365657 60.690832722391114
88.17174184314865 282.44519537714274
88.20162706264072 547.9959154765929
88.23151228213278 604.9148302493869
88.26139750162488 407.2461525308472
88.29128272111694 127.74013802473203
88.32116794060904 15.33843961890191
88.3510531601011 202.6442528175998
88.38093837959316 623.6639916932446
88.41082359908526 1095.6143844129276
88.44070881857733 1450.5526943266552
88.47059403806941 1610.605978882034
88.5004792575615 1605.0535870959595
88.53036447705357 1554.0492448749355
88.56024969654565 1619.5768017770495
88.59013491603771 1925.3627631943411
88.62002013552977 2468.6082605806178
88.64990535502187 3079.564462377775
88.67979057451393 3486.7039231957788
88.70967579400602 3472.2755026164646
88.73956101349809 3025.519532274679
88.76944623299018 2376.7900521887927
88.79933145248225 1865.8248021865777
88.82921667197432 1729.0389142653771
88.85910189146638 1944.4918021449007
88.88898711095848 2239.001924973572
88.91887233045054 2277.172769535249
88.94875754994263 1903.4915349363
88.9786427694347 1236.8222866771048
89.00852798892679 560.4997155547104
89.03841320841886 125.60823484882361
89.06829842791093 4.583508903550957
89.098183647403 78.69994116960196
89.12806886689509 163.4420549379279
89.15795408638716 157.4309723957609
89.18783930587924 84.1998347381855
89.21772452537132 24.85751077401767
89.2476097448634 35.07598312512393
89.27749496435547 121.104830388221
89.30738018384754 273.3190309342495
89.33726540333961 494.0752007317666
89.3671506228317 772.8303745075299
89.39703584232377 1037.484887554518
89.42692106181585 1152.5085284536378
89.45680628130793 1000.4390857086896
89.4866915008 605.3384949472434
89.51657672029208 190.34489765346993
89.54646193978414 82.50512388747588
89.57634715927622 491.7406936364448
89.6062323787683 1309.6332608588943
89.63611759826038 2109.940589534762
89.66600281775244 2409.121112437936
89.69588803724454 2019.6484951388277
89.7257732567366 1215.3007771379987
89.75565847622867 554.8478686129839
89.78554369572076 478.1891522614819
89.81542891521283 979.8501594624208
89.84531413470492 1621.614411354013
89.875199354197 1876.1803565639905
89.90508457368905 1521.4179432821916
89.93496979318115 788.4209415666783
89.96485501267321 167.61374153943453
89.99474023216531 24.816081840771552
90.02462545165737 354.5609090617569
90.05451067114944 854.240669969899
90.08439589064152 1175.2660136044565
90.1142811101336 1132.5774651696984
90.14416632962568 779.7541896984175
90.17405154911776 340.2751939319398
90.20393676860984 55.6715929018853
90.23382198810192 62.224173151934494
90.26370720759398 350.53430950134145
90.29359242708605 783.8090470601154
90.32347764657814 1161.1733479312948
90.35336286607021 1323.345825253336
90.38324808556227 1232.8008272227344
90.41313330505437 960.856557219884
90.44301852454643 618.2332976824117
90.47290374403853 302.1544715127265
90.50278896353059 82.6824411088858
90.53267418302265 13.928643829002848
90.56255940251475 135.84628975639131
90.59244462200681 435.6024476965371
90.62232984149888 805.690203241785
90.65221506099098 1076.2925552336683
90.68210028048304 1116.040179555668
90.71198549997514 913.3570558009216
90.7418707194672 581.7773282788899
90.77175593895927 295.79693967171636
90.80164115845136 197.16865714882903
90.83152637794343 326.80356688304875
90.8614115974355 618.4255726405531
90.8912968169276 939.197859582963
90.92118203641967 1144.805627848507
90.95106725591171 1136.8543852609555
90.98095247540381 910.594736987144
91.01083769489587 568.2477154854655
91.04072291438797 275.068859974167
91.07060813388003 161.24937135515367
91.10049335337213 228.13676570869157
91.13037857286419 342.1756251540912
91.16026379235629 345.92961319246217
91.19014901184833 211.6885715915429
91.22003423134042 95.02457008818317
91.24991945083248 218.78974662846073
91.27980467032458 675.8831646938459
91.30968988981664 1307.4484403115655
91.33957510930873 1772.7669752272325
91.3694603288008 1792.1641713298802
91.39934554829289 1359.1996769874197
91.42923076778496 732.6233908470923
91.45911598727704 238.85338330985743
91.4890012067691 56.33271742850967
91.5188864262612 137.31822365857127
91.54877164575326 312.38746014361635
91.5786568652453 459.2661394605328
91.60854208473742 574.2077546341943
91.63842730422947 713.0240968883929
91.66831252372157 896.8718174204365
91.69819774321363 1082.7953694648672
91.72808296270573 1202.2338274176432
91.75796818219781 1200.846605550181
91.78785340168989 1047.3938590563728
91.81773862118193 747.0228653665728
91.84762384067405 392.2917968389913
91.87750906016609 191.12244400022527
91.90739427965816 363.9505633692098
91.93727949915024 934.4899161818221
91.96716471864232 1609.2737150984767
91.99704993813441 1931.4070021862224
92.02693515762648 1658.9145165432424
92.05682037711856 1032.3930455275936
92.08670559661064 618.3073828909636
92.11659081610271 824.8934140684511
92.14647603559479 1538.2723690830512
92.17636125508686 2228.949998654395
92.20624647457892 2428.5540241418826
92.23613169407102 2109.225188543402
92.26601691356308 1616.093623610041
92.29590213305516 1283.224474616506
92.32578735254724 1165.9392893006939
92.35567257203932 1140.6446525656559
92.3855577915314 1176.8484851696255
92.41544301102347 1400.974427049736
92.44532823051554 1863.9133990526009
92.47521345000763 2323.6264576269823
92.5050986694997 2377.847424782691
92.53498388899176 1857.6482571029528
92.56486910848386 1037.7686145531538
92.59475432797592 413.47801556172806
92.624639547468 261.1229849638201
92.6545247669601 418.44116811869
92.68440998645217 503.87453932052887
92.71429520594425 330.3800153747485
92.74418042543633 69.44728516866985
92.77406564492838 25.681856623215772
92.80395086442049 300.5352503700189
92.83383608391254 693.667674967056
92.8637213034046 906.256644473469
92.89360652289669 810.4757297072252
92.92349174238876 518.4518556922151
92.95337696188085 231.90524334104967
92.98326218137292 71.33395810995853
93.013147400865 32.37242718894811
93.04303262035708 59.732871320954736
93.07291783984915 144.96319043252177
93.10280305934121 365.12897577501315
93.1326882788333 836.2571799274792
93.16257349832536 1594.4703231593264
93.19245871781746 2492.310334301332
93.22234393730952 3228.8295494137124
93.2522291568016 3527.3866753621246
93.28211437629368 3359.801441345008
93.31199959578576 3021.5520289713395
93.34188481527784 2919.4658862450565
93.37177003476992 3234.520609837192
93.40165525426198 3767.227443853776
93.43154047375408 4090.7684437900657
93.46142569324614 3889.25838438416
93.49131091273821 3198.544596939143
93.5211961322303 2338.0807078976613
93.55108135172237 1638.4129434992378
93.58096657121443 1254.7941991905636
93.61085179070655 1174.8039925899511
93.64073701019859 1295.1265947034035
93.6706222296907 1456.1428652559443
93.70050744918275 1465.0157832631814
93.73039266867481 1188.9544462187
93.76027788816691 682.0067644651597
93.79016310765897 195.235110316354
93.82004832715104 16.00569418038426
93.84993354664313 262.77355122249367
93.8798187661352 811.463857968783
93.9097039856273 1398.3899089179342
93.93958920511936 1772.9040198176297
93.96947442461143 1793.544604069422
93.99935964410352 1473.8363398135807
94.0292448635956 981.179987729159
94.05913008308767 572.8814773055269
94.08901530257971 452.04206717300633
94.11890052207181 582.184267751808
94.14878574156387 673.2827891303343
94.17867096105597 468.8531458273623
94.20855618054803 102.16891663739467
94.23844140004013 147.9561309846565
94.26832661953219 1239.9784239506732
94.29821183902429 3543.4787001228187
94.32809705851635 6461.350052671807
94.35798227800842 8920.80516625521
94.38786749750051 10244.138402848548
94.41775271699258 10507.375725925172
94.44763793648464 9824.23487327036
94.47752315597674 8044.574401007571
94.5074083754688 5475.372693698664
94.53729359496089 2979.5412749296215
94.56717881445296 1235.890179968213
94.59706403394505 419.71749378508736
94.62694925343712 273.2320580666317
94.6568344729292 320.4169772579094
94.68671969242126 259.35243883166555
94.71660491191336 110.40669791793304
94.74649013140542 14.734582142272407
94.77637535089747 4.023039042651958
94.80626057038957 5.3836205369476575
94.83614578988163 33.17454424337713
94.86603100937373 233.29476019526243
94.89591622886579 667.5299374806756
94.92580144835789 1113.4616948058103
94.95568666784995 1205.1389925423991
94.98557188734205 837.715233317137
95.01545710683409 350.3061413212454
95.04534232632618 223.54343738492847
95.07522754581824 568.5824997005749
95.10511276531032 981.1721795743725
95.1349979848024 1022.088457034698
95.16488320429448 813.5965562799213
95.19476842378656 1049.318196268398
95.22465364327864 2334.1963905863263
95.25453886277072 4459.9103856992415
95.28442408226279 6372.954785916676
95.31430930175486 6940.647826650589
95.34419452124695 5821.649116655767
95.37407974073902 3693.939549709429
95.40396496023108 1707.140616780015
95.43385017972318 684.6200144795124
95.46373539921524 723.0244577099181
95.49362061870733 1367.9419141276146
95.5235058381994 2063.482177914758
95.55339105769148 2488.398015963942
95.58327627718356 2606.003157480608
95.61316149667564 2515.2677939776368
95.6430467161677 2301.116865341987
95.67293193565979 1998.1957388364033
95.70281715515186 1631.5056748267707
95.73270237464392 1246.1759829045907
95.762587594136 896.7767278004878
95.79247281362808 622.0937257550411
95.82235803312015 431.7842400120817
95.85224325261224 312.3482994275828
95.88212847210433 246.31524006215255
95.91201369159641 225.9924777987599
95.94189891108849 245.92803305201372
95.97178413058055 284.0941438405702
96.0016693500726 299.7577042291526
96.03155456956468 260.0933814079758
96.06143978905676 171.42218534168248
96.09132500854885 79.68958276244211
96.12121022804092 36.75278512527162
96.15109544753301 60.934768945453214
96.18098066702508 128.02181575116873
96.21086588651715 213.60174330757448
96.24075110600921 360.52906460305576
96.2706363255013 706.0065811020398
96.30052154499337 1410.3418151012831
96.33040676448546 2490.235173581816
96.36029198397752 3670.43409252416
96.39017720346962 4422.010606636793
96.42006242296168 4253.792667730241
96.44994764245376 3109.4049396526125
96.47983286194584 1529.9230206412776
96.50971808143792 340.80283961340075
96.53960330093 62.991426674724394
96.56948852042208 542.4981151773089
96.59937373991414 1118.9776882793694
96.62925895940624 1215.3435033319683
96.6591441788983 825.2016212039102
96.68902939839037 416.5854016443395
96.71891461788243 388.70389401189846
96.74879983737455 685.205557388956
96.77868505686659 914.0525445758828
96.80857027635871 777.5968905144755
96.83845549585075 371.4289593943192
96.86834071534287 78.08042212326232
96.89822593483491 177.7457357748802
96.92811115432697 598.110145158086
96.95799637381904 1064.2416382882705
96.98788159331113 1405.1600616207143
97.0177668128032 1635.1705283223907
97.04765203229529 1799.74297445864
97.07753725178736 1834.5421946954336
97.10742247127945 1609.1870700553611
97.13730769077152 1115.3717800715451
97.1671929102636 571.399460502946
97.19707812975567 280.65499229641455
97.22696334924773 379.3264334912067
97.25684856873983 742.7400311349389
97.28673378823189 1123.139935705438
97.31661900772397 1347.3891113414588
97.34650422721603 1388.1349956053302
97.37638944670813 1290.0445423240403
97.40627466620019 1079.776563040698
97.43615988569229 771.161461180345
97.46604510518435 429.5800698812887
97.49593032467645 176.9824108921673
97.52581554416851 105.29507745735944
97.55570076366058 195.23184761831428
97.58558598315267 335.7151936153241
97.61547120264474 420.3823422653575
97.6453564221368 421.94671565414575
97.67524164162889 385.199002107098
97.70512686112097 371.3730251226698
97.73501208061305 423.77663131549673
97.76489730010512 568.9934646843734
97.7947825195972 808.8338716998127
97.82466773908928 1084.8980331876023
97.85455295858137 1269.0554955407547
97.88443817807342 1239.826876444884
97.91432339756547 1002.1505232392842
97.94420861705758 713.6106769096505
97.97409383654963 562.1071658394288
98.00397905604173 605.3043686317028
98.03386427553379 719.5394988086598
98.06374949502589 723.4289598735588
98.09363471451795 579.7824844300801
98.12351993401005 459.463660272821
98.15340515350209 592.1829090487709
98.18329037299418 1056.7757896879343
98.21317559248625 1695.9565677685043
98.24306081197834 2230.676923097269
98.2729460314704 2478.26752523554
98.3028312509625 2474.731973869478
98.33271647045456 2403.6003239276565
98.36260168994664 2411.3449918833057
98.39248690943872 2468.3526319570806
98.42237212893079 2387.9728347000128
98.45225734842288 1990.4855209248096
98.48214256791495 1292.694214805624
98.51202778740702 583.6345305959909
98.54191300689911 301.1130554682671
98.57179822639118 747.7381109262438
98.60168344588322 1822.188422819269
98.63156866537533 2978.1191445406857
98.6614538848674 3525.228853283614
98.69133910435949 3134.676047793066
98.72122432385156 2145.5294411095015
98.75110954334365 1361.7880893426823
98.78099476283572 1452.5636817916873
98.8108799823278 2407.7419024548435
98.84076520181985 3509.4497076223684
98.87065042131192 3885.4843187643246
98.900535640804 3195.6179561896265
98.93042086029608 1876.1681865326527
98.96030607978815 755.1473430172554
98.99019129928024 396.51846590015833
99.02007651877231 733.0196667136862
99.0499617382644 1236.2224865836356
99.07984695775647 1394.915059297845
99.10973217724855 1078.1055312357407
99.1396173967406 552.1335498522592
99.1695026162327 212.9496876022402
99.19938783572476 263.162017635227
99.22927305521684 591.6146261777486
99.25915827470892 923.2285139910911
99.289043494201 1046.4864167866108
99.31892871369308 922.2029814385994
99.34881393318516 650.4747594195504
99.37869915267721 370.3327190191625
99.40858437216932 173.372468886186
99.43846959166137 79.00765763734465
99.46835481115346 60.992993956611215
99.49824003064553 82.85874772143721
99.52812525013762 119.39273621308357
99.55801046962968 169.09076500962254
99.58789568912177 261.4586715816024
99.61778090861385 445.46618483024366
99.64766612810593 745.6037105860695
99.677551347598 1109.2104925448089
99.70743656709008 1404.137839840577
99.73732178658216 1493.518969016577
99.76720700607424 1341.3672928093827
99.7970922255663 1068.0062155058715
99.82697744505836 896.4312993153573
99.85686266455043 1010.592918869258
99.88674788404253 1433.3628302752911
99.9166331035346 2018.2005324107283
99.9465183230267 2548.5190837249165
99.97640354251875 2856.0354355510435
100.00628876201084 2867.9837923967007
100.03617398150293 2582.7430935596235
100.06605920099499 2049.624348085294
100.09594442048704 1380.0532769462895
100.12582963997914 740.8002905492992
100.1557148594712 306.4708969537225
100.18560007896328 188.78437502457655
100.21548529845536 366.63442263825885
100.24537051794744 680.2106231733333
100.27525573743952 922.0312250136024
100.3051409569316 962.9176140488382
100.33502617642365 835.5738962409523
100.36491139591575 703.5140255321686
100.39479661540781 710.6257988626734
100.4246818348999 857.7687991370742
100.45456705439199 1024.1115095109415
100.48445227388405 1084.974744902167
100.51433749337612 1021.52426178838
100.5442227128682 943.0725137667021
100.57410793236028 1005.5110440129316
100.60399315185236 1302.7637024838364
100.63387837134444 1819.09030497403
100.6637635908365 2446.771466818212
100.6936488103286 3022.2557043396487
100.72353402982066 3357.271897063069
100.75341924931274 3291.398714292611
100.7833044688048 2799.4728221618334
100.81318968829687 2091.9615445831582
100.84307490778896 1571.8771462915772
100.87296012728105 1614.2987568398735
100.90284534677312 2301.4386934025174
100.9327305662652 3313.995385903388
100.96261578575728 4101.829387145458
100.99250100524937 4235.602080139208
101.02238622474142 3657.086811818368
101.05227144423348 2642.6658510482
101.08215666372558 1573.0611326861226
101.11204188321764 729.9849478406205
101.14192710270972 230.10474379142096
101.1718123222018 57.747661467674405
101.20169754169387 117.6903284986128
101.23158276118596 274.98558992709513
101.26146798067803 399.36550490629185
101.2913532001701 429.4771275991749
101.3212384196622 418.5900634853524
101.35112363915427 495.03665932728114
101.38100885864633 737.7231567512797
101.41089407813843 1072.183804666283
101.44077929763048 1298.9345966243006
101.47066451712256 1247.5497577389494
101.50054973661464 929.6795867043624
101.53043495610672 548.5305623815235
101.5603201755988 334.3272485625767
101.59020539509088 345.9162192982826
101.62009061458294 432.1751125671912
101.64997583407504 400.22014882484046
101.6798610535671 232.25624219169927
101.70974627305918 131.31622657612323
101.73963149255124 325.3833663759568
101.76951671204333 799.5266485335736
101.7994019315354 1241.33732531746
101.82928715102749 1299.9967892995203
101.85917237051956 913.8418755746413
101.88905759001165 376.7266066195664
101.91894280950372 76.91222343007041
101.9488280289958 151.87434961059094
101.97871324848786 399.35117659037127
102.00859846797992 536.7778414147346
102.03848368747202 516.0307179082557
102.06836890696408 549.7173875723627
102.09825412645615 843.508215770934
102.12813934594824 1331.8994694276707
102.15802456544031 1687.752514609184
102.1879097849324 1608.1571016077933
102.21779500442447 1107.0053193680276
102.24768022391655 521.8465154944448
102.27756544340863 240.0153406864144
102.3074506629007 422.3158786079133
102.33733588239276 933.2984844426038
102.36722110188487 1453.9713050291882
102.39710632137692 1667.4058304685907
102.426991540869 1436.7289400567543
102.45687676036108 883.2048658639956
102.48676197985316 308.251930328834
102.51664719934524 13.763731877516198
102.54653241883732 121.5824518695154
102.57641763832937 515.4951759252766
102.60630285782148 999.4290666032342
102.63618807731353 1553.786038123057
102.66607329680562 2384.2914437402433
102.69595851629768 3656.250476678737
102.72584373578977 5190.645536078277
102.75572895528184 6430.4463542265885
102.78561417477393 6745.071430319988
102.815499394266 5913.5841863591395
102.84538461375809 4371.423589123256
102.87526983325016 2896.9575854126006
102.90515505274224 2026.3966102550207
102.9350402722343 1769.3866153793952
102.96492549172636 1772.8425054089423
102.99481071121846 1665.3327644542649
103.02469593071052 1307.7257187880325
103.0545811502026 821.5104646670753
103.08446636969468 432.9079818038121
103.11435158918675 295.1683219955585
103.14423680867884 405.76532376510096
103.17412202817091 628.5245670644136
103.20400724766299 802.2814622904458
103.23389246715509 888.1321431928396
103.26377768664715 1031.0682102265932
103.2936629061392 1427.804860132669
103.3235481256313 2092.057899552692
103.35343334512336 2758.579191204383
103.38331856461544 3037.858291294687
103.41320378410752 2707.6750791335044
103.4430890035996 1914.2418139070128
103.47297422309168 1070.431847440598
103.50285944258376 502.9709567587631
103.53274466207581 225.35385619793513
103.56262988156791 81.20775473848374
103.59251510105997 44.96065404522682
103.62240032055206 318.5426931574446
103.65228554004412 1101.815326468393
103.6821707595362 2258.126925889772
103.71205597902828 3269.8478221244222
103.74194119852037 3594.656631061089
103.77182641801244 3079.2192749617407
103.80171163750452 2051.254181165624
103.8315968569966 1044.6032473918085
103.86148207648868 415.85326193307264
103.89136729598074 175.43674988813862
103.9212525154728 127.93893757559084
103.9511377349649 115.19336411887257
103.98102295445696 117.15305917427372
104.01090817394903 180.94333591625673
104.04079339344112 320.60154199584184
104.0706786129332 501.4156199072131
104.10056383242528 685.011549240116
104.13044905191737 847.5347314236909
104.16033427140943 954.0517462746634
104.19021949090153 946.2958857496412
104.22010471039358 784.2529456121526
104.24998992988564 511.2767300238023
104.27987514937774 262.40086573312334
104.3097603688698 177.0981067784424
104.33964558836188 285.9829387489965
104.36953080785396 485.1688586969867
104.39941602734604 624.9187017475855
104.42930124683812 628.2590284213679
104.4591864663302 538.4997750155871
104.48907168582225 468.34662428258093
104.51895690531435 507.9936444082182
104.54884212480643 664.5541933298908
104.57872734429849 860.4742747760181
104.60861256379056 982.2107048928647
104.63849778328265 959.689986524032
104.66838300277472 838.7867739172348
104.6982682222668 778.094713202646
104.72815344175888 934.4639029893552
104.75803866125096 1316.5605316797917
104.78792388074304 1741.0751381937844
104.8178091002351 1940.4957370967747
104.84769431972718 1746.7558810428154
104.87757953921924 1221.5950943066355
104.90746475871134 620.8839105879825
104.9373499782034 198.00451545449607
104.96723519769547 27.089855992662994
104.99712041718756 8.981366360965152
105.02700563667965 19.574186978346905
105.05689085617172 40.91179812709503
105.0867760756638 154.55959611843213
105.11666129515586 421.6804738067013
105.14654651464797 785.0207365495427
105.17643173414002 1088.9067274879164
105.20631695363208 1196.265436494406
105.23620217312418 1088.6764192674707
105.26608739261624 859.0819050406456
105.29597261210832 627.5168822389721
105.3258578316004 468.22812108935534
105.35574305109247 393.9418695019135
105.38562827058456 382.35775310117697
105.41551349007663 412.10380529069903
105.4453987095687 494.9513434512312
105.4752839290608 699.5821214344952
105.50516914855287 1140.85523565769
105.53505436804492 1897.4271883308925
105.564939587537 2880.426733529868
105.59482480702908 3780.514408289741
105.62471002652116 4195.665039805984
105.65459524601324 3863.446944220029
105.68448046550532 2866.156525832246
105.7143656849974 1676.1209532469775
105.74425090448948 875.7157715409654
105.77413612398153 724.264365764092
105.80402134347362 1020.5334858989692
105.83390656296568 1318.0318904718079
105.86379178245778 1261.8209836285255
105.89367700194984 852.5828318948517
105.92356222144193 422.4021865361528
105.953447440934 342.61009339751183
105.98333266042609 730.1653829000605
106.01321787991816 1378.0324157903328
106.04310309941025 1933.2280203385956
106.0729883189023 2108.232710924184
106.1028735383944 1830.6791135608016
106.13275875788646 1289.4522737115883
106.16264397737852 740.644203956939
106.19252919687062 320.1668098213803
106.22241441636268 92.35371602905288
106.25229963585475 75.19518099402796
106.28218485534684 204.13972944610484
106.31207007483891 389.06324584180703
106.341955294331 554.594188596578
106.37184051382307 641.786228900378
106.40172573331515 645.8233769372184
106.43161095280723 626.81477345526
106.4614961722993 658.4115625942101
106.49138139179136 766.1360509827659
106.52126661128344 904.829455332787
106.55115183077552 992.6526391544093
106.5810370502676 971.9668866474074
106.61092226975968 844.0090185430597
106.64080748925176 655.5674918212388
106.67069270874384 464.3886656315132
106.70057792823592 316.87580011173503
106.73046314772797 243.43796183173845
106.76034836722006 259.709352943985
106.79023358671212 363.900913061624
106.82011880620422 532.5845023707316
106.85000402569628 725.492392141432
106.87988924518837 900.080902917907
106.90977446468044 1022.6632618027731
106.93965968417253 1059.9999967026931
106.9695449036646 962.718429641925
106.99943012315669 697.0080338782719
107.02931534264874 330.09651529270985
107.05920056214084 72.69711433018301
107.0890857816329 195.98057555021384
107.11897100112496 831.4848091668013
107.14885622061706 1788.3060542171531
107.17874144010912 2588.584200865808
107.2086266596012 2752.4132329571744
107.23851187909328 2140.2470863186704
107.26839709858535 1093.7189435085484
107.29828231807744 228.06992789545325
107.32816753756951 27.098864189929433
107.35805275706159 547.0562019653104
107.38793797655369 1405.2800640183386
107.41782319604575 2054.475241318866
107.4477084155378 2145.1990791194617
107.47759363502988 1694.1253468842835
107.50747885452196 989.3633129304081
107.53736407401404 370.8403792781522
107.56724929350612 44.08001417760921
107.5971345129982 30.741768784638197
107.62701973249028 239.0605312385183
107.65690495198236 552.0183316364124
107.68679017147441 874.2452460412874
107.7166753909665 1142.7010940251107
107.74656061045856 1321.3842405676692
107.77644582995066 1396.3125579950567
107.80633104944272 1375.0848432530242
107.8362162689348 1285.2424207822035
107.86610148842688 1166.6930634259443
107.89598670791896 1061.0980665564164
107.92587192741104 1007.0479379903536
107.95575714690312 1043.2977010832092
107.98564236639518 1209.0617090261171
108.01552758588726 1529.0655025639578
108.04541280537934 1984.7468642212027
108.0752980248714 2490.7662090684935
108.1051832443635 2900.172574510976
108.13506846385556 3051.513066514992
108.16495368334763 2853.9033285849478
108.19483890283972 2355.955561172186
108.2247241223318 1719.1419068304126
108.25460934182388 1112.8837834573935
108.28449456131597 635.0294593024587
108.31437978080803 302.56968638546897
108.34426500030013 93.18323821941587
108.37415021979218 2.2993400824889716
108.40403543928424 54.121909738182985
108.43392065877632 251.05432504069216
108.4638058782684 529.3790599645944
108.49369109776048 773.9704285628886
108.52357631725256 883.012274837296
108.55346153674463 832.2182946323827
108.58334675623672 678.7442542909556
108.6132319757288 505.76240927773154
108.64311719522085 367.3327753560342
108.67300241471293 273.26825175758773
108.702887634205 208.28337775328168
108.73277285369709 160.26203302885622
108.76265807318916 136.78712410080797
108.79254329268124 160.82607859368665
108.82242851217332 248.09326062407715
108.8523137316654 383.17785461825
108.88219895115748 513.898344498579
108.91208417064954 570.7113566969357
108.94196939014162 509.8210094282933
108.9718546096337 356.9217272999047
109.00173982912578 200.66861923581487
109.03162504861784 123.11295832354293
109.06151026810994 134.5531954526072
109.091395487602 177.22663380028683
109.12128070709409 184.90818452803657
109.15116592658616 142.9031299095042
109.18105114607825 101.51881922400352
109.21093636557032 139.83962383349134
109.2408215850624 326.02736539841226
109.27070680455446 708.0715726019848
109.30059202404657 1309.611989400576
109.33047724353862 2091.652332715337
109.36036246303068 2902.955059133187
109.39024768252276 3501.868711471413
109.42013290201484 3686.682707860304
109.45001812150691 3436.024396971031
109.479903340999 2912.484818070782
109.50978856049107 2324.119469579154
109.53967377998316 1780.7274561951783
109.56955899947523 1262.9506004125014
109.5994442189673 735.3849327478757
109.62932943845937 299.9899898436618
109.65921465795144 184.51738704833363
109.68909987744352 546.0657806851301
109.7189850969356 1308.400572043901
109.74887031642768 2171.5750844037716
109.77875553591976 2767.366485832292
109.80864075541184 2870.324036189876
109.83852597490392 2512.806531174741
109.86841119439597 1912.6686122868696
109.89829641388806 1307.3309786474108
109.92818163338013 841.2755578542847
109.95806685287222 547.7691157529167
109.98795207236428 387.70885815417984
110.01783729185638 309.41126201397606
110.04772251134844 295.4397505167035
110.07760773084053 358.1960440551894
110.1074929503326 486.6546021043173
110.13737816982469 605.0481158780125
110.16726338931676 600.4344693375423
110.19714860880885 420.4854341102291
110.2270338283009 172.53908520858403
110.256919047793 98.07301298429763
110.28680426728506 380.3806542680202
110.31668948677712 942.5982287603421
110.3465747062692 1442.3387135692526
110.37645992576128 1508.7393674049404
110.40634514525335 1059.4894979180883
110.43623036474544 421.7031331145448
110.46611558423751 117.21059969600964
110.4960008037296 475.8705870262472
110.52588602322167 1383.7734330121928
110.55577124271375 2354.5075705239788
110.5856564622058 2861.451815197671
110.61554168169788 2674.754580654964
110.64542690118996 1962.738808267802
110.67531212068204 1115.7046486608133
110.70519734017412 465.2072633145431
110.7350825596662 123.72234208891636
110.76496777915828 14.880708201114158
110.79485299865036 4.021796372454893
110.82473821814241 10.486704050085116
110.8546234376345 33.84229819836009
110.88450865712657 101.64898240087264
110.91439387661866 207.83943927140396
110.94427909611072 300.7656183102476
110.97416431560282 320.76956937462364
111.00404953509488 249.94331726460183
111.03393475458697 131.884902766801
111.06381997407904 40.71559251108691
111.09370519357113 27.024608826502636
111.1235904130632 88.81271486335774
111.15347563255528 181.8843074764992
111.18336085204734 253.78771252921135
111.21324607153944 276.2773634981329
111.2431312910315 251.54795808637647
111.27301651052356 195.0544057809964
111.30290173001563 123.31888194360924
111.33278694950772 55.44921642989356
111.3626721689998 12.931371434647712
111.39255738849188 8.334290726499196
111.42244260798395 32.385687288196294
111.45232782747604 61.064697721140064
111.48221304696813 88.78467662281606
111.51209826646019 157.35543602639373
111.54198348595224 336.08490065643576
111.57186870544432 645.0942812627343
111.6017539249364 987.0079574624641
111.63163914442848 1176.3727806835327
111.66152436392056 1068.7369602230328
111.69140958341264 688.0046453861453
111.72129480290472 245.41519817502967
111.7511800223968 20.110975107611996
111.78106524188885 175.7413837592519
111.81095046138094 654.1619635292278
111.84083568087301 1228.9869272183585
111.8707209003651 1660.2713967709865
111.90060611985716 1820.3199919865692
111.93049133934925 1721.6412820074252
111.96037655884132 1468.1316305999756
111.9902617783334 1172.1471297571647
112.02014699782548 891.1724117414915
112.05003221731756 635.1885943263233
112.07991743680964 413.95264325976257
112.10980265630172 258.57916013987955
112.13968787579378 214.94141380503132
112.16957309528586 325.9159578305169
112.19945831477794 603.5286776636054
112.22934353427 1007.3678763281794
112.25922875376207 1450.8094966356923
112.28911397325416 1832.1851989089807
112.31899919274623 2068.1333100946126
112.34888441223832 2117.6120483536665
112.3787696317304 1990.083659550258
112.40865485122248 1725.6080912158325
112.43854007071457 1369.7322303428596
112.46842529020662 974.70118090227
112.49831050969868 606.1587725449203
112.52819572919076 328.94250390437406
112.55808094868284 183.48642058245537
112.58796616817492 171.11540541197303
112.617851387667 255.3863630643248
112.64773660715908 378.04354348250126
112.67762182665116 481.18889424719447
112.70750704614323 527.8805251263783
112.7373922656353 516.2454991469099
112.76727748512738 477.340021633016
112.79716270461947 449.82537460690287
112.82704792411153 447.2874955658797
112.8569331436036 446.9314495880336
112.88681836309568 410.2034677015593
112.91670358258776 317.77663862143993
112.94658880207984 192.2134418942438
112.97647402157192 91.79055108062526
113.00635924106398 75.0392083811647
113.03624446055608 156.61588613109703
113.06612968004814 288.5598867144268
113.09601489954022 386.7266851491887
113.1259001190323 388.43147550686825
113.15578533852438 303.55153914892486
113.18567055801644 219.39207843986463
113.21555577750853 237.91627871579664
113.2454409970006 382.631960571345
113.27532621649269 566.0487753878733
113.30521143598476 659.1334640031528
113.33509665547685 608.7075324559512
113.36498187496892 513.3491110355319
113.394867094461 581.5985803150245
113.42475231395306 967.7316351308816
113.45463753344512 1606.0077033573648
113.4845227529372 2206.276181276616
113.51440797242928 2441.141869153012
113.54429319192135 2170.133468015348
113.57417841141344 1518.2270464198143
113.60406363090551 778.0294304842298
113.6339488503976 234.65648756984257
113.66383406988967 24.8982729965643
113.69371928938175 102.30786296764911
113.7236045088738 312.5201235915693
113.7534897283659 504.8492850498939
113.78337494785796 597.4964610801667
113.81326016735004 582.8181547568872
113.84314538684212 502.38342386367543
113.8730306063342 412.004799777729
113.90291582582628 349.79623554738623
113.93280104531836 321.9689570854886
113.96268626481042 308.799386751565
113.99257148430252 281.584823835111
114.02245670379457 224.46389178371345
114.05234192328666 155.3111260105034
114.08222714277873 128.43170504638687
114.11211236227082 202.17143554336172
114.14199758176288 384.6044483999783
114.17188280125497 602.1859454941816
114.20176802074704 729.0606225531732
114.23165324023913 669.9809027010566
114.2615384597312 444.2259799828618
114.29142367922329 197.85493077499856
114.32130889871536 106.72780744799724
114.35119411820745 234.1712459415608
114.3810793376995 473.74470946308327
114.41096455719156 637.5670462415521
114.44084977668363 613.5996934414445
114.47073499617572 450.7432900196509
114.5006202156678 298.65360070484337
114.53050543515988 266.69336699482807
114.56039065465195 332.3272088485648
114.59027587414404 377.4526330562825
114.62016109363611 316.88158847782245
114.65004631312819 184.8062731073594
114.67993153262024 88.8664213902387
114.70981675211235 96.85835599391655
114.7397019716044 179.04124712752673
114.76958719109648 249.40748672111255
114.79947241058856 254.238359925566
114.82935763008064 218.8955161076101
114.85924284957272 208.24512006621336
114.8891280690648 247.3783126272293
114.91901328855685 291.9177583951508
114.94889850804896 278.34384040692834
114.97878372754101 194.89526280937943
115.0086689470331 104.27949682429625
115.03855416652517 105.32224022597076
115.06843938601726 269.88395764038563
115.09832460550932 607.421072257812
115.1282098250014 1065.464596777391
115.15809504449348 1536.4204959193837
115.18798026398557 1885.0638730065743
115.21786548347764 2013.0666130460745
115.24775070296973 1910.1124568967973
115.2776359224618 1653.9474397336228
115.30752114195388 1371.7515285693182
115.33740636144594 1182.0350405444808
115.367291580938 1153.1947884883696
115.39717680043007 1307.4916467055743
115.42706201992216 1639.6452687652768
115.45694723941423 2102.779790842187
115.48683245890632 2572.551435118919
115.5167176783984 2851.323782471588
115.54660289789048 2750.883278686846
115.57648811738255 2213.823649056564
115.60637333687463 1380.957892637546
115.63625855636668 551.0014401408375
115.66614377585879 54.92523675626095
115.69602899535084 95.60674300049376
115.72591421484292 625.0475012975404
115.755799434335 1341.5942236599583
115.78568465382708 1831.7350027207397
115.81556987331916 1810.0926668013187
115.84545509281124 1323.490223967586
115.8753403123033 737.9680177721843
115.9052255317954 480.80071413499144
115.93511075128745 718.7260660479834
115.96499597077954 1220.0065938149364
115.99488119027161 1545.6672044618615
116.02476640976369 1435.0383567930646
116.05465162925576 1034.451825574364
116.08453684874785 753.3267888514275
116.11442206823992 880.4090817131816
116.144307287732 1318.3391406445044
116.17419250722408 1679.8752062527378
116.20407772671616 1633.3398452475449
116.23396294620824 1168.832933561532
116.2638481657003 568.2840648285477
116.29373338519238 143.8454211976361
116.32361860468444 2.227980102520541
116.35350382417651 30.53872627193358
116.3833890436686 63.439439759203175
116.41327426316067 38.217160913635965
116.44315948265276 6.065993490487032
116.47304470214485 34.98224790425673
116.50292992163692 125.75620779144232
116.532815141129 214.7579609265404
116.56270036062106 239.82562904152803
116.59258558011312 192.75254460667492
116.62247079960522 113.21734553747106
116.65235601909728 47.120121261844794
116.68224123858936 13.749886333208915
116.71212645808144 4.9746478895897726
116.74201167757352 20.475832782529583
116.7718968970656 121.05795937530085
116.80178211655767 454.43816222831646
116.83166733604973 1204.5889003299615
116.86155255554183 2454.538141202224
116.8914377750339 4027.0412124570416
116.92132299452597 5441.873723853192
116.95120821401807 6104.991092523384
116.98109343351013 5657.348245203823
117.0109786530022 4238.544782372878
117.04086387249428 2455.294426791574
117.07074909198636 1022.9326464421536
117.10063431147844 325.7965568904471
117.13051953097052 259.7530542217299
117.16040475046258 439.58265605891137
117.19028996995468 534.0838268856352
117.22017518944673 463.1068776663666
117.25006040893882 343.2982881897988
117.27994562843088 296.59755914964967
117.30983084792295 353.41573480316447
117.33971606741504 515.7100936353415
117.36960128690713 829.4635066609987
117.3994865063992 1319.3492616346075
117.42937172589129 1848.698278040173
117.45925694538336 2131.330390591056
117.48914216487545 1946.1689540443808
117.5190273843675 1336.8532522300811
117.54891260385956 610.0369242867249
117.57879782335166 121.54410669675713
117.60868304284372 9.128631470630529
117.6385682623358 130.59256724883556
117.66845348182788 257.063193653052
117.69833870131995 281.3604860366024
117.72822392081204 243.55038351116767
117.75810914030411 210.6412713731968
117.78799435979619 186.9414222198548
117.81787957928827 151.98618651218325
117.84776479878035 127.46554746676168
117.8776500182724 145.6817191610621
117.9075352377645 180.65358327190785
117.93742045725656 179.29788948774734
117.96730567674864 155.71682328850252
117.99719089624072 240.09987608726115
118.0270761157328 589.122318490742
118.05696133522488 1155.7104265350188
118.08684655471696 1657.2700097778804
118.11673177420901 1874.378375524516
118.14661699370112 1819.9698469944851
118.17650221319317 1675.6815041828363
118.20638743268526 1666.674132124451
118.23627265217732 1818.675094089744
118.2661578716694 1885.9703047900136
118.29604309116148 1653.245796533238
118.32592831065357 1175.4599708791843
118.35581353014564 678.7697375993577
118.38569874963773 334.6119847733109
118.4155839691298 155.32755647505599
118.44546918862189 67.91352270023368
118.47535440811394 25.25847635949392
118.505239627606 19.348343360707418
118.5351248470981 42.581795221434554
118.56501006659016 104.75413964709604
118.59489528608223 278.1591228012028
118.62478050557432 641.5518036091539
118.6546657250664 1118.56485363502
118.68455094455848 1421.45314228545
118.71443616405055 1290.396920568527
118.74432138354263 856.1285008355999
118.77420660303471 700.0011855814809
118.80409182252679 1416.3313935458339
118.83397704201884 2984.715355008193
118.86386226151095 4594.539229928437
118.893747481003 5214.219909339732
118.92363270049508 4410.582036874193
118.95351791998716 2681.731224873173
118.98340313947924 1030.3735641299495
119.01328835897132 169.08579232399495
119.0431735784634 78.82003003660029
119.07305879795545 252.5165489369696
119.10294401744756 266.7208579438917
119.13282923693961 112.83953775211722
119.1627144564317 70.95073167309437
119.19259967592376 349.13481141989286
119.22248489541585 859.3758134673642
119.25237011490792 1310.6994979975595
119.2822553344 1467.994965539804
119.31214055389208 1329.878356654466
119.34202577338417 1130.424200008148
119.37191099287624 1168.7739594984023
119.40179621236832 1563.2836828903576
119.43168143186038 2127.3531522157205
119.46156665135244 2500.3577588098487
119.49145187084454 2447.7519043433394
119.5213370903366 2052.823005270113
119.55122230982867 1616.9140335396514
119.58110752932076 1373.9810628295609
119.61099274881283 1290.8313402901279
119.64087796830492 1148.3014243809328
119.670763187797 809.4219867479335
119.70064840728907 376.953169144486
119.73053362678117 88.23174712949992
119.76041884627323 93.47775397071872
119.79030406576528 371.8813942717912
119.82018928525738 836.6452174797779
119.85007450474944 1429.2707628661426
119.87995972424152 2052.945094527419
119.9098449437336 2467.685653746474
119.93973016322568 2377.496717042622
119.96961538271776 1708.9334510560416
119.99950060220984 793.1101057171979
120.0293858217019 188.4382616594337
120.059271041194 248.54200363305748
120.08915626068605 857.599002253485
120.11904148017814 1598.1950950030669
120.1489266996702 2146.825286759065
120.17881191916229 2466.108420324342
120.20869713865436 2641.4320473290213
120.23858235814645 2646.3467294044294
120.26846757763852 2351.51932565827
120.2983527971306 1748.3936846163444
120.32823801662268 1088.3201943063882
120.35812323611474 709.1754136694436
120.38800845560682 709.5962444205333
120.41789367509888 852.4035654873171
120.44777889459098 812.3135296373899
120.47766411408304 506.5045684476628
120.50754933357511 155.58951773373352
120.5374345530672 9.926858014882884
120.56731977255927 75.06357871262412
120.59720499205136 153.26626041751135
120.62709021154345 117.05078243067584
120.6569754310355 80.12075768714881
120.6868606505276 266.39312812572746
120.71674587001966 726.3205787596496
120.74663108951172 1234.1879009235645
120.77651630900382 1485.7709429227473
120.80640152849588 1374.5870338379887
120.83628674798796 1066.4233860214806
120.86617196748004 822.4009534859425
120.89605718697212 762.8957115074674
120.9259424064642 796.1672497804761
120.95582762595627 749.5658805409539
120.98571284544833 545.4820637067281
121.01559806494043 261.64057552121926
121.0454832844325 55.823662075386
121.07536850392457 38.396897367334205
121.10525372341664 191.07985331323457
121.13513894290872 387.75992118789134
121.1650241624008 493.4722141252879
121.19490938189288 468.1182610582248
121.22479460138496 405.1521929733176
121.25467982087704 462.4903301998991
121.28456504036912 717.247137647257
121.31445025986118 1062.7634542919063
121.34433547935326 1259.8032934140751
121.37422069884532 1133.3987142542862
121.40410591833742 751.6943075945893
121.43399113782948 393.4710883776966
121.46387635732157 310.76997263084644
121.49376157681364 512.4483853303907
121.52364679630573 767.2809347786648
121.5535320157978 818.1674672958702
121.58341723528989 611.8863730707429
121.61330245478194 326.1239845372642
121.64318767427405 174.6964164676562
121.6730728937661 201.83882835914343
121.70295811325816 274.1825167588245
121.73284333275026 254.81389427927147
121.76272855224232 155.6158605828713
121.7926137717344 109.81618426915152
121.82249899122648 205.64179597668468
121.85238421071855 365.75762230820766
121.88226943021064 412.9204168529751
121.91215464970271 263.928144678801
121.94203986919479 50.62856748274765
121.97192508868687 32.923998728818155
122.00181030817895 377.53152719413447
122.031695527671 1003.413996278711
122.06158074716308 1613.6318076256064
122.09146596665516 1881.134023270606
122.12135118614724 1665.077327742242
122.15123640563932 1104.313979389648
122.1811216251314 506.79063975382127
122.21100684462348 125.16344209391796
122.24089206411556 4.060457548388267
122.27077728360761 7.227305311785661
122.3006625030997 3.960055497622084
122.33054772259176 66.14525158631427
122.36043294208386 463.1036727362888
122.39031816157592 1410.7379934674968
122.420203381068 2771.9938998236535
122.45008860056008 3978.181038566952
122.47997382005217 4342.505355029164
122.50985903954424 3596.61558393985
122.53974425903633 2156.530946456819
122.56962947852838 835.5523054326563
122.59951469802049 256.29839234639866
122.62939991751254 443.1610099533753
122.6592851370046 889.7325549795123
122.6891703564967 1038.2134013918956
122.71905557598876 774.4181906880513
122.74894079548083 496.42906549426607
122.77882601497292 717.8843166866723
122.808711234465 1593.5187263155055
122.83859645395708 2752.764506494199
122.86848167344915 3543.7263226607165
122.89836689294123 3495.690188442301
122.92825211243331 2646.115626881752
122.95813733192539 1487.5940264953683
122.98802255141744 609.5207482349233
123.01790777090952 327.21746995153774
123.0477929904016 535.3539752738264
123.07767820989368 846.1637465101763
123.10756342938576 903.6041770187952
123.13744864887784 635.4122027208257
123.16733386836992 252.4521281405206
123.197219087862 24.74600890238862
123.22710430735405 44.270924551919286
123.25698952684614 176.38497938316868
123.2868747463382 225.43627477095768
123.3167599658303 154.54170649073012
123.34664518532236 151.5280022080137
123.37653040481445 467.68085852887754
123.40641562430652 1170.088572331144
123.4363008437986 2024.0670162780089
123.46618606329068 2607.4990673779857
123.49607128278276 2582.4941096110983
123.52595650227482 1933.554816098104
123.55584172176692 1001.015051474221
123.58572694125898 279.8304881750576
123.61561216075104 124.69883962438485
123.64549738024314 564.2850837504179
123.6753825997352 1322.1338806058402
123.70526781922727 2000.5434081815447
123.73515303871936 2306.7797492432387
123.76503825821143 2180.7577144624943
123.79492347770352 1756.9359227673071
123.8248086971956 1228.0173907864437
123.85469391668767 736.9443756426007
123.88457913617977 357.00378858397994
123.91446435567183 121.91207151782268
123.94434957516388 49.12006342129903
123.97423479465596 138.65029451178387
124.00412001414804 353.43084110761447
124.03400523364012 605.8098406682043
124.0638904531322 784.8116002408998
124.09377567262428 817.5744382714649
124.12366089211636 713.9120230161385
124.15354611160843 559.8004344448209
124.1834313311005 467.32653003614325
124.21331655059258 510.72125912466976
124.24320177008464 684.7098919095292
124.27308698957673 909.0324830689271
124.3029722090688 1072.002176098936
124.33285742856089 1084.52564534901
124.36274264805296 919.8549140389396
124.39262786754504 627.4775334329673
124.42251308703712 314.9837532489868
124.4523983065292 97.06592804933379
124.48228352602126 31.953867793268845
124.51216874551334 90.62843350887313
124.54205396500542 188.1028587258852
124.57193918449748 248.0209365555841
124.60182440398958 245.5181826012523
124.63170962348164 201.8844781106081
124.66159484297371 149.34398457273508
124.6914800624658 113.25133301972936
124.72136528195789 133.95840216753086
124.75125050144996 288.01472576469354
124.78113572094205 651.5419551867508
124.8110209404341 1209.94495381179
124.8409061599262 1802.4408652913885
124.87079137941826 2186.1311366744135
124.90067659891032 2187.828080226777
124.9305618184024 1828.41642190796
124.96044703789448 1325.1062245150656
124.99033225738656 944.3506696536958
125.02021747687864 798.4169491498371
125.05010269637071 774.3375759365971
125.0799879158628 672.6999156486926
125.10987313535487 417.5253901948806
125.13975835484695 153.8810113995225
125.169643574339 153.212814863799
125.19952879383108 577.9926536406687
125.22941401332317 1294.7243495809728
125.25929923281524 1920.3524554314456
125.28918445230732 2083.344897161084
125.3190696717994 1699.695929201755
125.34895489129148 1045.9892496032362
125.37884011078356 541.2107512430587
125.40872533027562 405.2232208356508
125.4386105497677 511.6057278195568
125.46849576925977 560.6074741689172
125.49838098875186 384.58395639138007
125.52826620824392 106.03314495480952
125.55815142773602 13.32324977153066
125.58803664722808 273.8335983606665
125.61792186672017 764.375728082995
125.64780708621224 1169.0433455465984
125.67769230570433 1235.3216628341058
125.7075775251964 959.508352515856
125.73746274468849 550.6767113369649
125.76734796418054 235.02539966952264
125.79723318367265 100.48563174921784
125.8271184031647 96.2700535634524
125.85700362265676 136.90306422627407
125.88688884214884 191.23586246053725
125.91677406164092 289.20293862656524
125.946659281133 472.6279115715713
125.97654450062508 750.3180806988975
126.00642972011715 1085.2314408448244
126.03631493960924 1406.5561654813907
126.06620015910131 1631.9889877375983
126.09608537859339 1691.0443896756726
126.12597059808544 1546.912630221274
126.15585581757752 1221.6418882662183
126.1857410370696 817.0253790522789
126.21562625656168 496.66372247397373
126.24551147605376 413.75550418129296
126.27539669554584 619.1236474948143
126.30528191503792 994.8089988225016
126.33516713453 1280.063588932384
126.36505235402205 1249.614784183261
126.39493757351414 938.4465004412856
126.42482279300621 688.8806154239812
126.4547080124983 934.0015148181232
126.48459323199036 1853.3035177044069
126.51447845148246 3171.73190103834
126.54436367097452 4294.074685637281
126.5742488904666 4687.178679632272
126.60413410995868 4245.528507587591
126.63401932945077 3373.963112466564
126.66390454894284 2672.8251594231742
126.69378976843493 2493.4055279827
126.72367498792698 2777.286548341247
126.75356020741908 3205.1824437906025
126.78344542691114 3425.114098790033
126.8133306464032 3244.5075497778325
126.84321586589527 2712.0947297928806
126.87310108538736 2028.1603679470347
126.90298630487943 1384.4055884196307
126.93287152437152 884.5236516724442
126.9627567438636 555.5136161705276
126.99264196335568 377.18886930250846
127.02252718284775 301.23674637716
127.05241240233983 275.9125409799079
127.08229762183188 274.88950263430087
127.11218284132396 312.26102429168617
127.14206806081604 444.92012169322254
127.17195328030812 753.4259208212588
127.2018384998002 1273.2127922860907
127.23172371929228 1910.0031464939843
127.26160893878436 2436.1688397110124
127.29149415827644 2606.2456727065023
127.3213793777685 2316.7974893431765
127.35126459726058 1687.7873164401155
127.38114981675265 991.9686440502815
127.41103503624474 474.5900773121037
127.4409202557368 207.26636243385775
127.4708054752289 103.04198619292856
127.50069069472096 61.4605747131341
127.53057591421305 76.65978598943772
127.56046113370512 199.92388282433717
127.5903463531972 423.37403415612306
127.62023157268928 637.582352703977
127.65011679218136 724.2033774633755
127.68000201167342 674.3155351516464
127.70988723116552 587.1919744792012
127.73977245065758 553.0590976621204
127.76965767014964 556.9749584375372
127.79954288964171 525.440434665617
127.8294281091338 487.6411177125808
127.85931332862587 659.8363380731597
127.88919854811796 1309.0832824727456
127.91908376761003 2488.851037292327
127.94896898710212 3889.648310144161
127.9788542065942 4975.238175886219
128.00873942608627 5319.306271747213
128.03862464557835 4859.294465809147
128.0685098650704 3881.406237714348
128.09839508456247 2796.986256798481
128.12828030405458 1909.4354040211267
128.15816552354664 1326.3506272317763
128.18805074303873 1013.8670221644423
128.2179359625308 887.3547801021891
128.24782118202288 861.2074045487907
128.27770640151496 858.4250693014477
128.30759162100702 817.1400495337978
128.3374768404991 710.2808586316808
128.36736205999117 558.0898868042649
128.39724727948325 413.6710116656262
128.4271324989753 334.34123925433573
128.4570177184674 358.9469235501491
128.48690293795948 491.53902784438026
128.51678815745157 688.6066809937084
128.54667337694363 865.2907060100039
128.57655859643572 935.1725225198273
128.6064438159278 862.9218696228332
128.63632903541986 690.9518872338639
128.66621425491195 509.0616871001265
128.696099474404 378.93278066950006
128.72598469389607 301.5997041013278
128.75586991338818 282.7318944483382
128.78575513288024 418.48421747265496
128.81564035237233 875.3767551615382
128.84552557186439 1725.1005203813331
128.87541079135647 2773.0279630881373
128.90529601084856 3592.1455531463275
128.9351812303406 3787.6883619678406
128.9650664498327 3270.276552694797
128.9949516693248 2307.655365396988
129.02483688881685 1330.479542307532
129.0547221083089 641.9875626529433
129.08460732780102 263.2340517427835
129.11449254729308 61.97687157120968
129.14437776678517 8.767735787627414
129.17426298627723 253.11880838739407
129.20414820576931 934.0583673797306
129.2340334252614 1925.3225166375487
129.26391864475343 2787.1430034187424
129.29380386424555 3029.592763476675
129.3236890837376 2495.207944218618
129.3535743032297 1487.806595949728
129.38345952272175 540.5752311398505
129.41334474221384 65.90263122091781
129.44322996170592 111.97804163388481
129.473115181198 402.3795196477416
129.50300040069007 627.5585204930961
129.53288562018216 681.4204279211314
129.56277083967424 696.1846450988061
129.5926560591663 871.3890462100871
129.6225412786584 1255.0033276478423
129.65242649815045 1712.7790401626967
129.68231171764253 1984.9087012141756
129.71219693713462 1841.5647646824668
129.74208215662668 1324.1860369108156
129.77196737611877 689.2555846730221
129.80185259561082 193.1764078639984
129.8317378151029 7.295598873546347
129.861623034595 115.188994948631
129.89150825408703 309.81518095248447
129.92139347357914 380.0059393738841
129.95127869307123 286.9523438646408
129.9811639125633 243.34176428821877
130.01104913205535 597.5813127750082
130.04093435154746 1552.0528310913355
130.07081957103952 2918.52228835448
130.1007047905316 4116.922801562896
130.13059001002367 4539.414581391586
130.16047522951575 3984.7468025610906
130.19036044900784 2786.4572301665407
130.22024566849987 1606.4872402245567
130.250130887992 1005.8494746571134
130.28001610748404 1057.4562282112836
130.30990132697613 1335.293714558784
130.3397865464682 1320.904116972744
130.36967176596028 866.3248594989866
130.39955698545236 284.1853189338188
130.42944220494445 47.51334547949257
130.4593274244365 394.50264330335386
130.4892126439286 1126.4823722562492
130.51909786342068 1781.4323886174063
130.54898308291274 2025.7010888204536
130.57886830240483 1859.7645991015688
130.6087535218969 1510.5480315582456
130.63863874138897 1207.3520963617
130.66852396088106 1032.3892015503823
130.69840918037312 920.4385788093015
130.7282943998652 782.7752348697578
130.75817961935726 615.0006339924348
130.78806483884935 478.324127689436
130.81795005834144 419.3852843324042
130.84783527783347 441.1469487866286
130.87772049732558 527.1257061653257
130.90760571681767 655.2052427454136
130.93749093630973 779.4970692639971
130.9673761558018 818.9925479913096
130.9972613752939 702.1749331001768
131.02714659478596 449.19258715155866
131.05703181427805 193.33762408843552
131.0869170337701 87.4542792825996
131.1168022532622 170.4938499441843
131.14668747275428 332.17360258927107
131.1765726922463 416.6963263814535
131.20645791173843 355.4417744827509
131.23634313123048 218.29923705327016
131.26622835072257 146.36449981017756
131.29611357021463 217.87449409239403
131.32599878970672 392.8017944767688
131.3558840091988 566.4652925017157
131.3857692286909 634.9670047492169
131.41565444818295 547.728691457816
131.44553966767504 340.066186161026
131.47542488716712 124.42083652865819
131.50531010665918 60.65646556907968
131.53519532615127 292.3568939981408
131.56508054564333 831.7969466941256
131.5949657651354 1483.2347299544763
131.62485098462747 1927.2000579106775
131.65473620411956 1931.1414314739693
131.68462142361165 1504.4046845682228
131.7145066431037 879.5517120217088
131.7443918625958 345.4605072229506
131.77427708208788 60.294153597352235
131.8041623015799 2.963309859644716
131.83404752107202 87.35225575303805
131.8639327405641 283.3560957610037
131.89381796005617 606.2207278948929
131.92370317954823 1012.869741601485
131.95358839904034 1351.384210956997
131.9834736185324 1445.493231888108
132.0133588380245 1239.9115347749555
132.04324405751655 851.7172755149924
132.07312927700863 472.62557994695334
132.10301449650072 227.4144035135388
132.13289971599275 121.62939505611824
132.16278493548486 100.51942764266659
132.19267015497692 128.51428327817823
132.222555374469 203.62053417503617
132.25244059396107 319.6851923121757
132.28232581345316 447.2353430266137
132.31221103294524 559.5632179809419
132.34209625243733 657.9818861608524
132.3719814719294 749.740093195024
132.40186669142147 801.7509351631846
132.43175191091356 743.0940404271319
132.46163713040562 542.5114473149274
132.4915223498977 273.24487771547183
132.52140756938977 67.64426707593479
132.55129278888185 5.6034952505580495
132.5811780083739 59.441466019583984
132.611063227866 139.65637279996602
132.64094844735808 182.46701298947832
132.67083366685014 189.0329088012578
132.70071888634223 188.80307971680807
132.73060410583432 194.5248721694666
132.76048932532635 215.03836388831417
132.79037454481846 288.2351392674156
132.82025976431055 452.09197676757645
132.8501449838026 666.5111627527639
132.88003020329467 793.0620842567971
132.90991542278678 696.939832709986
132.93980064227884 402.2723918346642
132.96968586177093 128.2746266557764
132.99957108126299 115.69860167375045
133.02945630075507 407.9115737496704
133.05934152024716 830.4995840312287
133.0892267397392 1189.2894984100676
133.1191119592313 1472.6362314433936
133.14899717872336 1835.3635023096112
133.17888239821545 2374.6806936372623
133.2087676177075 2943.316780385689
133.2386528371996 3215.046119897877
133.26853805669168 2965.824661309427
133.29842327618377 2291.7381294547567
133.32830849567583 1536.1853429519995
133.3581937151679 1023.273682158501
133.38807893466 857.9167866358483
133.41796415415203 923.6241125063518
133.44784937364415 1024.4707086537355
133.4777345931362 1025.9924631628164
133.5076198126283 897.9412572428585
133.53750503212035 679.3155310906425
133.56739025161244 435.4831972435318
133.59727547110452 235.0536547124015
133.62716069059658 123.33610469831532
133.65704591008867 91.25188907261902
133.68693112958076 82.94662082147539
133.7168163490728 53.63115794571498
133.7467015685649 17.093664452006674
133.776586788057 19.60110976464796
133.80647200754905 65.73842014579809
133.83635722704113 94.59839074645632
133.86624244653322 55.322404348172434
133.89612766602528 1.2484536693213792
133.92601288551737 74.74948897173941
133.95589810500942 369.28883133930606
133.9857833245015 803.0404981280745
134.0156685439936 1150.606254201216
134.04555376348563 1225.1497048970673
134.07543898297774 1036.767612031695
134.1053242024698 771.5824042716715
134.1352094219619 612.7322744534597
134.16509464145395 577.8601047423547
134.19497986094603 540.6042506332
134.22486508043812 408.3628333541528
134.2547502999302 257.737954166675
134.28463551942227 292.2729866788319
134.31452073891435 662.8681212924761
134.34440595840644 1303.3942104853354
134.37429117789847 1935.2516343817376
134.4041763973906 2252.7181304761334
134.43406161688264 2123.9736638004333
134.46394683637473 1650.5994678420855
134.4938320558668 1075.9574009539172
134.52371727535888 625.5864933001135
134.55360249485096 383.85080721772255
134.58348771434302 286.2837832076832
134.6133729338351 216.72881432531796
134.6432581533272 114.79572358774548
134.67314337281925 17.570778008619424
134.70302859231134 22.07420691316198
134.73291381180343 199.37910624731776
134.7627990312955 528.105851411506
134.79268425078757 903.5665555800304
134.82256947027966 1204.712068764266
134.85245468977172 1357.2854649791159
134.8823399092638 1359.0236766934067
134.91222512875586 1271.265817922756
134.94211034824795 1192.738199387601
134.97199556774004 1231.4142560028858
135.00188078723207 1483.6081215684949
135.03176600672418 2006.74631373411
135.06165122621624 2769.975935153904
135.09153644570833 3605.8408904621297
135.1214216652004 4221.79627609363
135.15130688469247 4315.478695462528
135.18119210418456 3753.829385403813
135.21107732367665 2684.586746825925
135.2409625431687 1478.1302505982615
135.2708477626608 532.9338012121165
135.30073298215288 71.40831856656428
135.3306182016449 50.133005749250785
135.36050342113703 234.26272967984687
135.39038864062908 376.45696821080423
135.42027386012117 365.81685554853783
135.45015907961323 245.6451170437217
135.48004429910532 121.3205551124138
135.5099295185974 60.917613652726224
135.53981473808946 60.44360333420622
135.56969995758155 73.85662779049656
135.59958517707364 66.113832632645
135.6294703965657 43.95293835676473
135.65935561605778 45.98501501258788
135.68924083554987 106.69619044809276
135.71912605504193 223.04707518127407
135.749011274534 346.1514485222423
135.77889649402607 408.1927116155552
135.80878171351816 373.9055138606096
135.83866693301024 275.84904162204845
135.8685521525023 196.2547385723592
135.8984373719944 205.40684073706265
135.92832259148648 304.2046917285055
135.9582078109785 417.68360150650653
135.98809303047062 451.4284181428322
136.01797824996268 371.52382532116417
136.04786346945477 239.95901830431535
136.07774868894683 169.05035607315088
136.1076339084389 230.9683337221652
136.137519127931 396.76277175375304
136.1674043474231 552.0003810796578
136.19728956691515 578.858209493642
136.22717478640723 444.6156757062712
136.25706000589932 226.17252411726065
136.28694522539135 50.24428209096667
136.31683044488346 2.0032012517862348
136.34671566437552 76.47129784901347
136.3766008838676 203.5831297579279
136.40648610335967 319.0321860990362
136.43637132285176 415.3344834660511
136.46625654234384 524.1045731574682
136.4961417618359 653.9253342911558
136.526026981328 755.6758584266139
136.55591220082007 752.666708575985
136.58579742031213 608.2154876249615
136.6156826398042 372.02696417324194
136.6455678592963 163.4124570882188
136.67545307878837 103.36917687850436
136.70533829828045 247.61354563829389
136.7352235177725 556.0714871229741
136.7651087372646 909.1733079712623
136.79499395675668 1163.7945922927709
136.82487917624874 1213.3026774905636
136.85476439574083 1029.536217830798
136.88464961523292 683.8377417570903
136.91453483472495 318.1697813977048
136.94442005421706 68.92368177659463
136.97430527370912 11.61763829703982
137.0041904932012 158.30322749256564
137.03407571269327 472.7723054140396
137.06396093218535 878.0427498258684
137.09384615167744 1256.5325522473668
137.12373137116953 1456.2258871618483
137.15361659066158 1351.7317297708391
137.18350181015367 964.3209170559119
137.21338702964576 509.7806335613174
137.2432722491378 278.4749238025078
137.2731574686299 437.4104418016278
137.30304268812196 903.2316125107968
137.33292790761405 1383.190629014828
137.3628131271061 1575.9497093721754
137.3926983465982 1376.815284590249
137.42258356609028 923.3313014001913
137.45246878558234 471.1583382865308
137.48235400507443 215.09681058507076
137.5122392245665 189.15046516818023
137.54212444405857 301.7591314098649
137.57200966355063 441.0065120424829
137.60189488304275 541.2104004424543
137.6317801025348 577.9442060049176
137.6616653220269 542.9884971651005
137.69155054151895 441.1331931646261
137.72143576101104 297.55539884064166
137.75132098050312 154.04379204675507
137.78120619999518 51.51509601718319
137.81109141948727 9.959700522549744
137.84097663897936 20.721237914920493
137.8708618584714 55.81782010713749
137.9007470779635 87.07362656495009
137.93063229745556 110.01122290345874
137.96051751694765 167.15048423193244
137.99040273643973 349.9034769751984
138.0202879559318 751.7633745045683
138.05017317542388 1377.8351430126195
138.08005839491597 2074.898278935458
138.10994361440802 2565.825374437319
138.1398288339001 2602.17921286857
138.1697140533922 2135.012151102479
138.19959927288423 1362.7500870693086
138.22948449237634 611.2270988345233
138.2593697118684 138.58548947256887
138.2892549313605 3.935320710666189
138.31914015085255 86.97993883448481
138.34902537034463 227.198836591458
138.37891058983672 340.638331674676
138.40879580932875 417.96130840475314
138.43868102882087 461.72903303372897
138.46856624831295 474.72293963590823
138.498451467805 521.1698702160097
138.52833668729707 767.9635130214034
138.55822190678919 1401.9702452572471
138.58810712628124 2443.481992546676
138.61799234577333 3620.6068050366744
138.6478775652654 4465.361343596641
138.67776278475748 4595.666347495584
138.70764800424956 3963.5857218286865
138.73753322374162 2879.0918347954007
138.7674184432337 1798.6318174442274
138.7973036627258 1048.643594803694
138.82718888221785 693.3852240052222
138.85707410170994 597.9688869733542
138.886959321202 570.3244207893227
138.9168445406941 469.22967145169486
138.94672976018617 261.7724125769099
138.97661497967823 51.45562469966481
139.00650019917032 49.434109145163966
139.0363854186624 444.6232629143123
139.06627063815446 1224.377388670378
139.09615585764655 2096.8504775140914
139.12604107713864 2640.7527742114808
139.15592629663067 2617.9617010391094
139.18581151612278 2162.89408976124
139.21569673561484 1644.1789968304063
139.24558195510693 1346.1780340219357
139.275467174599 1275.9836294282695
139.30535239409107 1239.8335623967644
139.33523761358316 1081.6685515220777
139.3651228330752 836.3926382145421
139.3950080525673 660.106784122456
139.4248932720594 659.416847677459
139.45477849155145 831.4569251792161
139.4846637110435 1147.678832769495
139.51454893053563 1616.8050562390515
139.54443415002768 2200.897575841381
139.57431936951977 2689.928548062818
139.60420458901183 2772.3568353783044
139.63408980850392 2324.254639305482
139.663975027996 1600.036291205634
139.69386024748806 1063.5709104275575
139.72374546698015 985.3995355365491
139.75363068647223 1184.2193952526573
139.7835159059643 1209.9005432641386
139.81340112545638 834.4685708666514
139.84328634494844 328.94599742734806
139.87317156444053 202.44022022073105
139.9030567839326 663.0540846068744
139.93294200342467 1365.2389886927435
139.96282722291676 1709.3311452567227
139.99271244240884 1387.4048207024116
140.0225976619009 655.0250385792667
140.052482881393 90.77727220518803
140.08236810088508 82.21895535397542
140.1122533203771 525.2237848011712
140.14213853986922 975.6290888381528
140.17202375936128 1058.0930091910247
140.20190897885337 756.2830046711903
140.23179419834543 368.0659647174552
140.2616794178375 225.11532668584456
140.2915646373296 430.90825282933446
140.32144985682163 803.9139102737281
140.35133507631375 1047.0192360856504
140.38122029580583 990.5921892100936
140.4111055152979 725.3695158330185
140.44099073478995 525.1069624647537
140.47087595428206 595.9998271395435
140.50076117377412 869.4815847051789
140.5306463932662 1061.1899555558343
140.56053161275827 978.9435537158416
140.59041683225036 788.3376196937872
140.62030205174244 920.7577605725613
140.6501872712345 1651.4673029063126
140.6800724907266 2736.033443480019
140.70995771021867 3492.880010732493
140.73984292971073 3334.465505085972
140.7697281492028 2280.703215932068
140.79961336869488 973.0265111872455
140.82949858818696 179.59527992264202
140.85938380767905 222.66125060052497
140.8892690271711 816.5024933880384
140.9191542466632 1404.856869858451
140.94903946615528 1626.8363176500347
140.97892468564734 1519.6556525239776
141.00880990513943 1356.7493740464058
141.03869512463152 1329.9354465130782
141.06858034412355 1404.8558005540108
141.09846556361566 1440.869155496065
141.12835078310772 1377.6479976987528
141.1582360025998 1288.655817730896
141.1881212220919 1284.2959248873194
141.21800644158395 1394.4092920821056
141.24789166107604 1534.326317587905
141.27777688056807 1563.6505964207622
141.30766210006018 1406.0535420980907
141.33754731955227 1127.2461600442643
141.36743253904433 873.3896751216541
141.3973177585364 739.339534726158
141.4272029780285 707.2921450888205
141.45708819752056 684.4902409908115
141.48697341701265 584.4093896689084
141.5168586365047 401.37536363613367
141.5467438559968 212.4625703275181
141.57662907548888 85.31850702692513
141.6065142949809 22.357313874163175
141.63639951447303 10.036653962707597
141.6662847339651 61.2127444385863
141.69616995345717 195.60354489112768
141.72605517294923 398.757036527864
141.75594039244132 605.8324848829226
141.7858256119334 740.1428294625914
141.8157108314255 767.2867451145338
141.84559605091755 709.0118868007883
141.87548127040964 597.3372848947888
141.90536648990172 433.9464520035961
141.93525170939378 243.24286819396153
141.96513692888587 145.71939549826
141.99502214837796 309.79209077293405
142.02490736787 779.5734171711172
142.0547925873621 1349.1001281243118
142.08467780685416 1675.2701260399067
142.11456302634625 1551.2578490740304
142.14444824583833 1072.8772553439692
142.1743334653304 570.2185819371132
142.20421868482248 340.02042020036623
142.2341039043145 392.1761278827944
142.26398912380662 492.73614687241303
142.2938743432987 449.33689153346234
142.32375956279077 304.23597759919835
142.35364478228283 254.55202774135083
142.38353000177494 412.3777173870419
142.413415221267 677.4243898174832
142.4433004407591 867.1099867889008
142.47318566025115 950.3970819188264
142.50307087974323 1118.5572346013605
142.53295609923532 1597.9012250392618
142.56284131872735 2392.361331915345
142.59272653821947 3227.0395738834104
142.62261175771155 3738.486877505989
142.6524969772036 3733.4783846262176
142.68238219669567 3312.51004347385
142.71226741618776 2765.1372969275844
142.74215263567984 2339.60792368914
142.77203785517193 2096.607874516909
142.801923074664 1938.877956540466
142.83180829415608 1736.1447684042128
142.86169351364816 1427.3828275563908
142.89157873314022 1051.118361960322
142.9214639526323 716.6713357915041
142.9513491721244 544.4294895909734
142.98123439161645 599.8540805473652
143.01111961110854 847.2473728178894
143.0410048306006 1156.452004656578
143.0708900500927 1371.3145859090885
143.10077526958477 1392.953676188522
143.13066048907683 1219.2713934999335
143.16054570856892 920.239428403411
143.19043092806095 579.0086564038218
143.22031614755306 263.4302311868274
143.25020136704515 46.50771443533821
143.2800865865372 15.201547399318772
143.30997180602927 223.4067502027005
143.33985702552138 629.9252108700751
143.36974224501344 1103.2099420595976
143.39962746450553 1514.3985331656754
143.4295126839976 1824.4361128053167
143.45939790348967 2059.3263453987665
143.48928312298176 2206.2469041599766
143.5191683424738 2163.843265498275
143.5490535619659 1824.202989580714
143.578938781458 1224.0199851418363
143.60882400095005 587.2283433811363
143.6387092204421 161.6839969469588
143.6685944399342 12.61499433338814
143.69847965942628 7.5656474929605375
143.72836487891837 5.86236579646852
143.75825009841043 39.51762894509688
143.78813531790252 265.4149901204136
143.8180205373946 723.1449358539437
143.84790575688666 1183.9951012747877
143.87779097637875 1298.9181053599123
143.90767619587083 935.1111027705043
143.9375614153629 354.2969890526824
143.96744663485495 11.142379669076904
143.99733185434704 155.01612009058687
144.02721707383913 625.3317461012557
144.0571022933312 1042.327929272614
144.08698751282327 1208.3321185977168
144.11687273231536 1294.6312401554133
144.1467579518074 1621.1452803828536
144.1766431712995 2283.390797964715
144.2065283907916 3004.6998959668617
144.23641361028365 3341.2801571246196
144.2662988297757 3036.745579943616
144.29618404926782 2218.322842872676
144.32606926875988 1303.2390161662984
144.35595448825197 713.0736926116728
144.38583970774403 622.1252493896566
144.4157249272361 915.1804377024436
144.4456101467282 1321.9829124870068
144.47549536622023 1582.5947505795568
144.50538058571235 1559.3490279138023
144.53526580520443 1274.224491895678
144.5651510246965 869.8958213925875
144.59503624418855 515.4589264025353
144.62492146368064 308.58242423567094
144.65480668317272 238.3733392707624
144.6846919026648 229.3421271987984
144.71457712215687 217.56062274627217
144.74446234164895 192.02509521280209
144.77434756114104 178.6628166809552
144.8042327806331 200.95520887220755
144.8341180001252 265.01340752063
144.86400321961727 375.633397278327
144.89388843910933 543.6841547869417
144.9237736586014 756.7418146542294
144.95365887809348 944.7746266191832
144.98354409758556 998.2789893844136
145.01342931707765 847.3323579369713
145.0433145365697 537.3975872014638
145.0731997560618 219.1263381292256
145.10308497555383 43.569304551273675
145.13297019504594 52.64909484832079
145.16285541453803 161.5508473728506
145.1927406340301 241.82323722405675
145.22262585352215 225.05413551482985
145.25251107301426 138.35805507434142
145.28239629250632 55.99383776319129
145.3122815119984 26.140976604823486
145.3421667314905 42.03850425594892
145.37205195098255 71.64459526987812
145.40193717047464 101.67116225332954
145.43182238996667 154.43470861444024
145.46170760945878 275.6656383325891
145.49159282895087 510.760822248104
145.52147804844293 878.0553082221379
145.551363267935 1340.2630527745096
145.58124848742708 1787.4004129366483
145.61113370691916 2061.1677442134173
145.64101892641125 2040.0211460095609
145.6709041459033 1736.869133687745
145.7007893653954 1307.0158780901152
145.73067458488748 941.7631813743416
145.7605598043795 748.8729020077656
145.79044502387163 725.2601951699629
145.8203302433637 827.3594719119498
145.85021546285577 1054.1170965582778
145.88010068234783 1452.1338540928687
145.90998590183992 2037.1034431429327
145.939871121332 2714.2087951305934
145.9697563408241 3282.620589946433
145.99964156031615 3538.493509410482
146.02952677980824 3402.6525203703327
146.05941199930027 2956.903020826332
146.08929721879238 2367.471614556836
146.11918243828447 1804.4704298098568
146.14906765777653 1419.708490557772
146.1789528772686 1332.8848372681975
146.2088380967607 1587.2593936664668
146.23872331625276 2098.0083142411
146.26860853574485 2647.608874432412
146.29849375523693 2971.8722985885315
146.328378974729 2903.6513364746947
146.35826419422108 2463.078636140905
146.3881494137131 1821.6804784185024
146.41803463320522 1186.4977877515712
146.4479198526973 700.2360412774511
146.47780507218937 408.2867359703477
146.50769029168143 283.8417867922382
146.53757551117351 271.0477962208195
146.5674607306656 310.947388437965
146.5973459501577 348.2036802863135
146.62723116964975 338.4947818051233
146.65711638914183 265.08226544190387
146.68700160863392 153.17894537059453
146.71688682812595 64.1258874045798
146.74677204761807 62.62601424405494
146.77665726711015 175.1368918197655
146.8065424866022 370.3420094716875
146.83642770609427 578.1085060207523
146.86631292558636 733.14822102407
146.89619814507844 807.9122033376412
146.92608336457053 814.9559587188182
146.9559685840626 787.0191316075513
146.98585380355468 747.5754163713581
147.0157390230467 693.0542276161189
147.04562424253882 607.6227619387815
147.0755094620309 492.5762620892803
147.10539468152297 373.0603896689954
147.13527990101505 276.53855748320296
147.16516512050714 209.62243026321167
147.1950503399992 157.4290645278258
147.22493555949129 103.79259051180664
147.25482077898337 49.985916446642136
147.28470599847543 13.08276055326991
147.31459121796752 7.440789898821442
147.34447643745955 29.678736431714235
147.37436165695166 61.95217824195591
147.40424687644375 88.45381546522485
147.4341320959358 108.28865539668809
147.46401731542787 133.6183581349982
147.49390253491995 173.5580657654693
147.52378775441204 217.86403554678932
147.55367297390413 239.80145771071844
147.5835581933962 217.30981095133592
147.61344341288827 152.8136006248051
147.64332863238036 75.95723883586861
147.6732138518724 23.330574452011493
147.7030990713645 7.588650884640717
147.7329842908566 8.088995146234545
147.76286951034865 2.229391548451203
147.7927547298407 11.092984819427327
147.8226399493328 105.56763652606816
147.85252516882488 351.9124695405403
147.88241038831697 735.9101796697873
147.91229560780903 1134.2594323378164
147.94218082730112 1377.158994326053
147.97206604679317 1366.7268588816003
148.00195126628526 1152.11789920424
148.03183648577735 897.1954997681163
148.0617217052694 767.1799803661632
148.0916069247615 819.5985279872106
148.12149214425355 980.1386375379744
148.15137736374564 1113.8068374510603
148.18126258323773 1119.5201967017565
148.2111478027298 973.3776271164579
148.24103302222187 716.2279482180545
148.27091824171396 422.3248226484864
148.300803461206 172.7931632856348
148.3306886806981 40.922502925810285
148.3605739001902 78.26786397772038
148.39045911968225 283.6120688227342
148.4203443391743 576.4932529909847
148.4502295586664 819.9040489269806
148.48011477815848 890.1002447993353
148.50999999765057 746.5050413897559
148.53988521714263 458.7193258036471
148.5697704366347 170.89108629541215
148.5996556561268 18.714368964240297
148.62954087561883 53.061822201778675
148.65942609511094 221.2883038253824
148.68931131460303 410.0014286903992
148.7191965340951 511.31557287078
148.74908175358715 475.13347465578624
148.77896697307924 328.85369210127914
148.80885219257132 155.32285218337034
148.8387374120634 40.929097151803134
148.86862263155547 30.132105585454177
148.89850785104755 112.62267262873397
148.9283930705396 239.80981919314627
148.9582782900317 356.15772599257974
148.9881635095238 428.69591594833423
149.01804872901585 456.563507393314
149.04793394850793 454.76080654841417
149.077819168 428.0642533410052
149.10770438749208 362.51417116395567
149.13758960698416 248.1886242610761
149.16747482647625 116.5324895583997
149.1973600459683 56.816345910996944
149.2272452654604 185.30496039314755
149.25713048495243 567.3297410526396
149.28701570444454 1131.6016415538206
149.31690092393663 1652.1375943234143
149.3467861434287 1852.3257491584104
149.37667136292075 1589.7498484232556
149.40655658241283 985.0403464895107
149.43644180190492 370.7325210165729
149.466327021397 74.48178258260003
149.49621224088907 192.45993636696343
149.52609746038115 529.6077792824029
149.55598267987324 767.655747927947
149.58586789936527 725.1685814946488
149.61575311885738 475.6499961478143
149.64563833834947 237.13802517772868
149.67552355784153 167.51600859706707
149.7054087773336 257.32794635407924
149.73529399682567 393.8455287172084
149.76517921631776 494.4397450334493
149.79506443580985 554.8029074500835
149.8249496553019 588.9455993230297
149.854834874794 567.5439994459188
149.88472009428605 443.54479995166025
149.9146053137781 237.04062564883907
149.94449053327023 62.3179351805499
149.97437575276228 35.15910321973215
150.00426097225437 152.24023675775902
150.03414619174643 284.00806166912486
150.06403141123852 297.73251573176594
150.0939166307306 183.67940096414023
150.1238018502227 52.37892172357302
150.15368706971475 8.412474615459043
150.18357228920684 43.70644104205306
150.21345750869887 67.72559074880414
150.24334272819098 32.49550243538774
150.27322794768307 8.013472979853713
150.30311316717513 118.808747186179
150.3329983866672 406.535441548705
150.36288360615927 768.1413142288516
150.39276882565136 1027.85844762219
150.42265404514345 1067.2504352384296
150.4525392646355 903.2405318056577
150.4824244841276 655.5703629463724
150.51230970361968 446.46578154627264
150.5421949231117 333.50117942877307
150.57208014260382 313.83013945446595
150.6019653620959 356.597979073134
150.63185058158797 421.645839676996
150.66173580108003 465.1337315088679
150.69162102057211 452.72676734618807
150.7215062400642 381.6901635559456
150.7513914595563 283.1783850533073
150.78127667904835 192.09622976688888
150.81116189854043 121.04182424651049
150.8410471180325 68.10306512651681
150.87093233752455 37.5217462339449
150.90081755701667 42.60225009990742
150.93070277650872 85.59628219708588
150.9605879960008 136.548223403961
150.99047321549287 148.14174207419637
151.02035843498496 110.55296270060671
151.05024365447704 94.43489410183967
151.08012887396913 223.8271874408603
151.1100140934612 579.7666078394036
151.13989931295328 1107.7469441002547
151.16978453244533 1613.3814564723903
151.19966975193742 1863.9145819764203
151.2295549714295 1729.7045064531023
151.25944019092157 1271.9289137404794
151.28932541041365 720.5045964750102
151.3192106299057 344.7102067847118
151.3490958493978 285.94426088884967
151.37898106888989 470.1334266467434
151.40886628838194 671.8367046708726
151.43875150787403 688.7667677961481
151.46863672736612 500.27117516871493
151.49852194685815 283.67940067079337
151.52840716635026 266.3762534932624
151.55829238584235 522.8755054746217
151.5881776053344 885.2922206854136
151.61806282482647 1067.8783731654846
151.64794804431855 910.7240790633208
151.67783326381064 518.8412813711416
151.70771848330273 179.64275531082507
151.7376037027948 131.8154582535542
151.76748892228687 369.6213248337321
151.79737414177893 653.6835355314511
151.827259361271 724.5214843578801
151.8571445807631 524.7827707680134
151.88702980025516 242.93215109143216
151.91691501974725 158.9710546511146
151.9468002392393 426.7345775489415
151.9766854587314 961.2974753179976
152.00657067822348 1508.9147580431656
152.03645589771557 1830.9912613647828
152.06634111720763 1854.676056729236
152.09622633669971 1696.0655134948777
152.12611155619177 1564.1431072489927
152.15599677568386 1618.057837936692
152.18588199517595 1868.748862322068
152.215767214668 2176.916834387333
152.2456524341601 2335.204181875264
152.27553765365215 2187.3122704832285
152.30542287314424 1723.2783399102268
152.33530809263632 1091.4596098215595
152.36519331212838 509.8374958668285
152.39507853162047 140.09268478770144
152.42496375111256 15.059656904357029
152.4548489706046 49.777408505909634
152.4847341900967 115.21977608908628
152.5146194095888 128.99177975669403
152.54450462908085 94.22158146354157
152.5743898485729 62.51553535910851
152.604275068065 73.94476749423362
152.63416028755708 128.23978273040612
152.66404550704917 195.45561184760112
152.69393072654123 244.26763293551795
152.7238159460333 261.83826448850687
152.75370116552537 254.26123061526008
152.78358638501743 240.4675742817826
152.81347160450954 254.93685939230383
152.8433568240016 346.7467581389896
152.8732420434937 555.7725042404973
152.90312726298575 874.1206165106499
152.93301248247784 1227.2819301825773
152.96289770196992 1500.1750705729971
152.992782921462 1593.4202648832263
153.02266814095407 1484.572480260489
153.05255336044615 1251.752620642322
153.0824385799382 1009.242130393786
153.11232379943027 823.4723787382835
153.1422090189224 700.1820939172895
153.17209423841445 600.7827582607354
153.20197945790653 480.49187613652714
153.2318646773986 348.9040665907131
153.26174989689068 249.06210245564128
153.29163511638276 191.5557085544336
153.32152033587482 157.84438110188128
153.3514055553669 122.22598343655189
153.381290774859 70.65317470548193
153.41117599435103 38.961682844646035
153.44106121384314 91.76030821971368
153.47094643333523 255.5931514711305
153.5008316528273 505.54047505731165
153.53071687231937 786.0834686374589
153.56060209181143 1025.807144527183
153.59048731130352 1161.2169329011863
153.6203725307956 1157.2131873674048
153.65025775028766 1007.73592983178
153.68014296977975 741.0254422452574
153.7100281892718 441.3282829704159
153.73991340876387 250.35902920821448
153.76979862825598 307.16381497208647
153.79968384774804 650.1643843709162
153.82956906724013 1158.9378724907551
153.8594542867322 1586.3718232944711
153.88933950622427 1695.1292933904942
153.91922472571636 1442.4241332963838
153.94910994520845 1035.7758673442752
153.9789951647005 773.5504908889407
154.0088803841926 820.7884699429964
154.03876560368465 1088.8080330288687
154.0686508231767 1302.7844752431165
154.09853604266883 1228.9056787537284
154.12842126216088 859.1631211786193
154.15830648165297 400.41230692726555
154.18819170114503 105.17639506868755
154.21807692063712 73.77921760811932
154.2479621401292 198.4508781622829
154.27784735962126 302.6010021482153
154.30773257911335 314.7872791411295
154.33761779860544 307.5516627191158
154.36750301809747 382.53853723711273
154.39738823758958 532.8852302676481
154.42727345708167 643.0751120103021
154.45715867657373 630.378265348658
154.4870438960658 566.7350535023586
154.51692911555787 641.9064998245984
154.54681433504996 992.3078444591551
154.57669955454205 1541.937831776237
154.6065847740341 2007.8391834679169
154.6364699935262 2102.143094073972
154.66635521301825 1759.0799566339044
154.6962404325103 1180.3717083524596
154.72612565200242 684.583416053377
154.75601087149448 497.58858695742487
154.78589609098657 634.6374667050367
154.81578131047863 935.7435118363336
154.8456665299707 1191.9921013079654
154.8755517494628 1260.4914738464925
154.9054369689549 1114.1442982106128
154.93532218844695 833.4660551473996
154.96520740793903 561.8134394311097
154.9950926274311 429.5591391050168
155.02497784692315 473.9830226954464
155.05486306641527 610.2104267873589
155.08474828590732 688.5473313950534
155.1146335053994 607.2315498706449
155.14451872489147 389.684839867534
155.17440394438356 159.36067453513195
155.20428916387564 36.04711739004176
155.2341743833677 47.52454801960052
155.2640596028598 136.60321373506517
155.29394482235188 244.43998708510648
155.32383004184393 366.3486793417077
155.35371526133602 514.1980499784347
155.3836004808281 646.3255165451452
155.41348570032017 671.0891668157053
155.44337091981225 534.1863667717738
155.4732561393043 302.9875263759874
155.5031413587964 146.1522863119852
155.53302657828849 190.87914248239244
155.56291179778054 389.8769649602064
155.59279701727263 547.6680034573329
155.6226822367647 495.1793391124296
155.65256745625675 257.25825614991953
155.68245267574886 49.90970138926424
155.71233789524092 95.34199433940928
155.742223114733 427.2309324139742
155.77210833422507 860.0903748949986
155.80199355371715 1136.336086095677
155.83187877320924 1118.5205492202288
155.86176399270133 867.4061572482494
155.89164921219339 559.1885495124028
155.92153443168547 337.2649092250021
155.95141965117753 228.6377518238952
155.9813048706696 176.65782392039907
156.0111900901617 133.35650728953144
156.04107530965376 111.48907593505736
156.07096052914585 153.8258772453686
156.1008457486379 263.6299023539298
156.13073096813 371.44682575587694
156.16061618762208 382.4668674952261
156.19050140711414 281.1142368262704
156.22038662660623 195.51293860176867
156.25027184609831 337.79550220312177
156.28015706559037 853.5673788169281
156.31004228508246 1683.0953458134686
156.33992750457455 2532.550729014865
156.3698127240666 3024.0018149017583
156.3996979435587 2942.181671403856
156.42958316305075 2358.7039181383234
156.45946838254284 1549.154626787906
156.48935360203492 819.9615429947607
156.51923882152698 367.2781233732901
156.54912404101907 221.3317230524472
156.57900926051113 284.952564257803
156.6088944800032 419.85550338821525
156.6387796994953 512.8898261615767
156.66866491898736 504.4724555251525
156.69855013847945 398.2739377294054
156.7284353579715 251.97833781535644
156.7583205774636 135.68153708294267
156.78820579695568 78.84401928585069
156.81809101644777 57.99906818948788
156.84797623593983 38.45733358708952
156.8778614554319 21.436971488765685
156.90774667492397 45.430355793312245
156.93763189441603 141.21150386003083
156.96751711390814 296.5633042693995
156.9974023334002 476.6339785777044
157.0272875528923 667.7629643656816
157.05717277238435 885.9561771300295
157.08705799187643 1132.706772031518
157.11694321136852 1340.1999442715971
157.14682843086058 1393.0667221160707
157.17671365035267 1235.0141576358287
157.20659886984475 938.330955310132
157.2364840893368 654.0036257222414
157.26636930882887 495.3429154717989
157.296254528321 462.5413510804488
157.32613974781304 474.712629906846
157.35602496730513 464.8705080388818
157.3859101867972 426.4156628221659
157.41579540628928 375.074363903489
157.44568062578136 300.06449247314845
157.47556584527342 180.97568981371543
157.5054510647655 51.153495716137456
157.53533628425757 16.98680359636826
157.56522150374963 180.60299751093447
157.59510672324174 525.1965212311704
157.6249919427338 890.6610564052978
157.6548771622259 1086.9710688666928
157.68476238171797 1041.2869162601276
157.71464760121003 841.4542072967673
157.74453282070212 644.7442678954251
157.7744180401942 545.0966426002556
157.80430325968626 520.4093102579537
157.83418847917835 489.51709337644326
157.8640736986704 404.63651044083167
157.89395891816247 288.47000294193384
157.92384413765458 192.540161486802
157.95372935714664 135.91630732963972
157.98361457663873 93.41684182452536
158.0134997961308 40.832567454249634
158.04338501562287 5.627784038619892
158.07327023511496 63.15701400764485
158.103155454607 272.95297445012017
158.1330406740991 612.7611157774811
158.1629258935912 969.7900683951495
158.19281111308325 1203.4735052075691
158.2226963325753 1239.1215343747915
158.25258155206743 1116.2568187608808
158.28246677155948 947.3729666013411
158.31235199105157 827.0925397707177
158.34223721054363 769.4575054666047
158.37212243003572 710.5659470760435
158.4020076495278 572.3914803515777
158.43189286901986 349.2425274017756
158.46177808851195 135.6223566025107
158.491663308004 54.558896238850394
158.5215485274961 155.6508705719162
158.55143374698818 378.8760174359833
158.58131896648024 605.5139064953257
158.61120418597233 745.0602342494766
158.6410894054644 788.2947511583183
158.67097462495647 787.6521913492041
158.70085984444856 785.9936400250208
158.73074506394065 766.9257334954262
158.7606302834327 679.9485880817596
158.7905155029248 506.7649205930187
158.82040072241685 296.81389798953745
158.8502859419089 145.01303694950056
158.88017116140102 133.32984257466504
158.91005638089308 280.5586716748232
158.93994160038517 540.4543382282363
158.96982681987723 843.3488786886237
158.9997120393693 1135.848009762443
159.0295972588614 1387.9405586957057
159.05948247835343 1577.5650269144437
159.08936769784555 1679.2803197305948
159.11925291733763 1671.724996144556
159.1491381368297 1559.6117046571685
159.17902335632175 1389.019632303998
159.20890857581387 1233.9670426134128
159.23879379530592 1159.0661080276564
159.268679014798 1184.1576108091365
159.29856423429007 1270.2651106065553
159.32844945378216 1333.5836323230446
159.35833467327424 1284.1445035226075
159.3882198927663 1075.0565166804593
159.4181051122584 738.2337394712107
159.44799033175045 378.36403753922207
159.47787555124253 117.6679839314308
159.50776077073462 24.831892433690296
159.53764599022668 82.29178106776928
159.56753120971877 218.33574487128436
159.59741642921085 372.42863704158026
159.6273016487029 534.422002791132
159.657186868195 728.5562446805078
159.68707208768708 961.0959862545187
159.71695730717914 1180.1873993602978
159.74684252667123 1294.7086727928395
159.7767277461633 1247.5367871195467
159.80661296565535 1077.3226539163736
159.83649818514746 909.4081314809432
159.86638340463952 874.3594880029153
159.8962686241316 1002.5602616718178
159.92615384362367 1179.927324585026
159.95603906311575 1226.0520909214451
159.98592428260784 1038.409416597894
160.01580950209987 671.9625264422103
160.04569472159199 298.8063330057537
160.07557994108407 93.79794326135905
160.10546516057613 122.12461902211636
160.1353503800682 307.0099024851781
160.1652355995603 506.9451045865916
160.19512081905236 628.6169048629083
160.22500603854445 677.2249979688913
160.2548912580365 725.1179363194418
160.2847764775286 840.5441292258986
160.31466169702068 1030.0001853936176
160.34454691651274 1234.661494526672
160.37443213600483 1375.8101031407111
160.4043173554969 1403.1660586678938
160.43420257498897 1312.1932521853823
160.46408779448103 1134.6076580899091
160.49397301397312 919.6631618562928
160.5238582334652 715.993875111184
160.5537434529573 559.9402859599247
160.58362867244935 473.298314090679
160.61351389194144 466.1689599047797
160.64339911143352 538.2973423280066
160.67328433092558 677.907250127883
160.70316955041767 863.4137282564247
160.73305476990973 1069.6624722929796
160.7629399894018 1269.793377698221
160.7928252088939 1427.9914529311716
160.82271042838596 1495.5702852736251
160.85259564787805 1424.258297560967
160.8824808673701 1195.58823186354
160.9123660868622 851.6068255913085
160.94225130635428 498.52352522730536
160.9721365258463 256.7234790837791
161.00202174533842 178.5320864798678
161.0319069648305 211.60850848429033
161.06179218432257 252.41825537755295
161.09167740381463 233.00438610005736
161.12156262330674 157.66255105987796
161.1514478427988 73.69647031189814
161.1813330622909 20.52235168316533
161.21121828178295 8.529332997850412
161.24110350127503 39.97289136460206
161.27098872076712 129.1430636002627
161.30087394025918 279.4015849179745
161.33075915975127 446.24745416025456
161.36064437924333 548.9248190043551
161.3905295987354 530.0934811202632
161.42041481822747 404.42113416397166
161.45030003771956 245.81767538783845
161.48018525721164 121.12265643685372
161.51007047670373 45.336130958232474
161.5399556961958 10.97243501710598
161.56984091568788 41.429367241623424
161.59972613517996 179.89810609711847
161.62961135467202 406.0835102349431
161.6594965741641 586.9757235115352
161.68938179365617 562.5430959571497
161.71926701314823 316.2195355667713
161.74915223264034 50.53879734117877
161.7790374521324 43.448539000554966
161.8089226716245 386.4114115606652
161.83880789111655 859.3279387146075
161.86869311060863 1094.2763616982306
161.89857833010072 914.5513532005288
161.92846354959275 526.9477631693857
161.95834876908486 344.2885989708455
161.98823398857695 598.7237441738398
162.018119208069 1121.7967191522143
162.04800442756107 1486.274072605342
162.07788964705318 1380.1533486103704
162.10777486654524 881.3868326822793
162.13766008603733 374.0988829377304
162.1675453055294 203.2670643322203
162.19743052502147 425.41381953702506
162.22731574451356 844.3199184305822
162.2572009640056 1211.9752215831325
162.2870861834977 1384.7829451960906
162.31697140298976 1337.8439418609992
162.34685662248185 1114.1047817277947
162.3767418419739 820.4301598759158
162.406627061466 637.4518173892509
162.43651228095808 736.6540860976336
162.46639750045017 1122.9408172535186
162.49628271994223 1565.8421969480796
162.52616793943432 1737.5060358062428
162.5560531589264 1473.4415712167543
162.58593837841846 919.5804268577303
162.61582359791055 396.51078915309193
162.6457088174026 109.87432985839256
162.6755940368947 26.37991437343134
162.70547925638678 24.383942473684503
162.73536447587884 101.24441063559168
162.76524969537093 378.6300431078533
162.79513491486298 905.3476849786967
162.82502013435507 1502.2798588071732
162.85490535384716 1851.405063483989
162.8847905733392 1757.9972658106324
162.9146757928313 1306.042504636073
162.9445610123234 752.8497498949927
162.97444623181545 319.9846905661422
163.0043314513075 104.60099668423734
163.03421667079962 136.54049789300248
163.06410189029168 423.25753023643455
163.09398710978377 870.8434628277082
163.12387232927583 1212.414649748158
163.1537575487679 1150.2869491029576
163.18364276826 669.1478407003443
163.21352798775203 194.95549583918705
163.24341320724415 320.00803981759213
163.2732984267362 1253.0691431303399
163.3031836462283 2519.891285628235
163.33306886572035 3264.436163357272
163.36295408521244 2939.0759368307904
163.39283930470452 1775.6461628934899
163.4227245241966 606.8487100746095
163.45260974368867 199.21461336555967
163.48249496318076 690.1954804797458
163.51238018267284 1591.027527585816
163.5422654021649 2261.3992952804924
163.572150621657 2379.553789599655
163.60203584114905 2056.5670974799764
163.63192106064113 1611.3562171882463
163.66180628013322 1279.1920135179623
163.69169149962528 1100.364370998108
163.72157671911737 1000.990614639461
163.75146193860942 914.3888704899085
163.7813471581015 823.6062811940579
163.8112323775936 727.1075330077235
163.84111759708563 606.2925947258967
163.87100281657774 441.8116489006475
163.90088803606983 252.1122342329828
163.9307732555619 111.9842655725786
163.96065847505395 130.6439456021648
163.99054369454606 382.03227852270095
164.02042891403812 820.0471921264419
164.0503141335302 1258.5023371465509
164.08019935302227 1453.8534909705445
164.11008457251435 1250.9180632176408
164.13996979200644 723.4511800389308
164.16985501149847 202.13050909805503
164.19974023099059 101.80777759681548
164.22962545048264 634.9976451318897
164.25951066997473 1615.0837250110428
164.2893958894668 2506.962719410145
164.31928110895888 2764.699016362036
164.34916632845096 2238.505579996843
164.37905154794305 1296.575849508462
164.4089367674351 559.0278856166422
164.4388219869272 432.8272068149362
164.46870720641928 796.4854931505157
164.49859242591134 1145.5116679951839
164.52847764540343 1076.6592158138387
164.55836286489549 635.1967810179978
164.58824808438757 223.82468858313564
164.61813330387963 182.08870746439496
164.64801852337172 453.8335870417832
164.6779037428638 673.2917423527044
164.70778896235586 559.1188075186416
164.73767418184795 211.51220644527453
164.76755940134004 2.669425338193005
164.79744462083207 183.63353128483067
164.82732984032418 651.273300060302
164.85721505981627 1077.1710623835731
164.88710027930833 1222.5856569843168
164.9169854988004 1139.9601357211295
164.9468707182925 1060.4346381969729
164.97675593778456 1126.162574258622
165.00664115727665 1286.5335829803707
165.0365263767687 1380.6867762064492
165.0664115962608 1272.3631677306428
165.09629681575288 962.7169291527216
165.1261820352449 585.757917423613
165.15606725473702 282.5284526326231
165.18595247422908 115.2936218943068
165.21583769372117 89.45335449287566
165.24572291321323 200.1044675000788
165.27560813270532 455.28614026469415
165.3054933521974 861.5617254144826
165.3353785716895 1365.2088370702008
165.36526379118155 1807.7628902327083
165.39514901067363 1994.1805228409016
165.42503423016572 1831.1950431419075
165.45491944965775 1385.6673719860296
165.48480466914987 857.2097493675556
165.51468988864193 481.02260399301286
165.544575108134 384.54271171172206
165.57446032762607 548.5476438948535
165.60434554711816 895.5556080966611
165.63423076661024 1352.6052202122135
165.6641159861023 1829.9944129598164
165.6940012055944 2172.50138988586
165.72388642508648 2180.0949770825655
165.7537716445785 1759.9629054568393
165.78365686407062 1075.5536077571555
165.8135420835627 470.2174669437581
165.84342730305477 204.6440755076224
165.87331252254685 310.5034823780133
165.90319774203894 682.1740888241313
165.933082961531 1223.884937539958
165.9629681810231 1888.6099994768008
165.99285340051514 2571.004244420314
166.02273862000723 2979.0120038168934
166.05262383949932 2769.8664515654527
166.08250905899135 1940.1570385389389
166.11239427848346 1014.4313637076121
166.14227949797552 732.8599139113343
166.1721647174676 1469.067172151878
166.20204993695967 2868.75440576754
166.23193515645175 4043.299190583012
166.26182037594384 4227.749813571612
166.29170559543593 3351.68158399655
166.321590814928 1996.7566027011048
166.35147603442007 870.5685399433737
166.38136125391216 333.81497545342006
166.4112464734042 284.33369480055893
166.4411316928963 379.6777451653652
166.47101691238836 371.4541732640381
166.50090213188045 261.628654809994
166.5307873513725 210.68581717809627
166.5606725708646 353.04764508299934
166.59055779035668 668.6895227760514
166.62044300984874 979.29169982513
166.65032822934083 1074.1055761033626
166.68021344883292 876.6814013532025
166.71009866832495 503.9742023246204
166.73998388781706 167.406619961559
166.76986910730915 11.131909731642324
166.7997543268012 16.82362722435622
166.8296395462933 54.19369114138984
166.85952476578538 34.7258944571244
166.88940998527744 10.972861577065183
166.91929520476953 120.48118368542374
166.94918042426158 434.7343988501724
166.97906564375367 861.4954851013197
167.00895086324576 1196.0388425749627
167.0388360827378 1266.8667621487104
167.0687213022299 1046.3256192315816
167.09860652172196 656.7244643092655
167.12849174121405 286.1433880262232
167.1583769607061 79.0545454427422
167.1882621801982 66.7803579624786
167.21814739969028 165.58200651495736
167.24803261918237 242.8638870688997
167.27791783867443 219.20608855205757
167.3078030581665 136.18016023219153
167.3376882776586 127.75704041065876
167.36757349715063 309.64872275364866
167.39745871664275 683.8893757570728
167.4273439361348 1143.6732665005293
167.4572291556269 1562.846486157681
167.48711437511895 1869.237893885744
167.51699959461104 2032.0696928770749
167.54688481410312 2010.3331203488983
167.57677003359518 1750.7268981739803
167.60665525308727 1260.5395873768357
167.63654047257936 686.5370697706704
167.6664256920714 280.0783250330724
167.6963109115635 235.5033201303568
167.7261961310556 548.1816841360342
167.75608135054765 1025.1150013448496
167.78596657003973 1430.3136532285755
167.8158517895318 1625.067434200265
167.84573700902388 1591.9114734057675
167.87562222851597 1372.726752923711
167.90550744800802 1021.5203920871868
167.9353926675001 622.0501870767101
167.9652778869922 320.75797098700554
167.99516310648423 282.48973197156414
168.02504832597634 571.3573239155163
168.0549335454684 1067.8988013400565
168.0848187649605 1517.0841288556824
168.11470398445255 1690.6178261088317
168.14458920394463 1531.016591418865
168.17447442343672 1160.497701076708
168.2043596429288 780.3785697849465
168.23424486242087 555.12473143827
168.26413008191295 539.1919935981219
168.29401530140504 674.4184813453444
168.32390052089707 848.3524094705001
168.35378574038918 957.585403977832
168.38367095988124 935.4149006360611
168.41355617937333 759.4800290687248
168.4434413988654 468.8647464851512
168.47332661835748 186.8777310048184
168.50321183784956 115.09158571193952
168.53309705734162 463.7761202780727
168.5629822768337 1318.991045921132
168.5928674963258 2515.2834685607195
168.62275271581785 3631.369734952096
168.65263793530994 4163.824336517322
168.68252315480203 3802.816424009275
168.71240837429409 2658.9137236684546
168.74229359378617 1275.5028084942653
168.77217881327823 346.61210459428344
168.80206403277032 299.24242781138474
168.8319492522624 1045.3736869070924
168.86183447175446 2065.329517991336
168.89171969124655 2744.466987386956
168.92160491073864 2731.3342536823916
168.95149013023067 2084.4393675430883
168.98137534972278 1163.6040198283247
169.01126056921484 401.448899743042
169.04114578870693 89.52895799667196
169.071031008199 268.5651347076369
169.10091622769107 765.0403921421562
169.13080144718316 1314.1863277007935
169.16068666667525 1677.7428867197937
169.1905718861673 1728.834112526386
169.2204571056594 1491.5820109017932
169.25034232515148 1101.8141527285948
169.2802275446435 706.2430457310305
169.31011276413562 388.2904740422173
169.33999798362768 177.58575561981098
169.36988320311977 101.9746783873334
169.39976842261183 203.03109648044736
169.42965364210391 489.40058797087096
169.459538861596 876.0954100506243
169.48942408108806 1186.4490550838207
169.51930930058015 1249.2783410467503
169.54919452007223 1023.3879099200802
169.5790797395643 629.620964116721
169.60896495905635 259.27201678308944
169.63885017854847 47.4768598640492
169.66873539804052 8.553127189279206
169.6986206175326 65.81618251157217
169.72850583702467 139.417359412167
169.75839105651676 210.90631007937088
169.78827627600884 315.6006978063812
169.8181614955009 489.9157269889009
169.848046714993 729.1054987597935
169.87793193448508 986.7232343503763
169.9078171539771 1207.0503653398116
169.93770237346922 1356.1802861993363
169.96758759296128 1426.664841287744
169.99747281245337 1415.0890568397642
170.02735803194545 1292.781435704354
170.0572432514375 1016.669074723948
170.0871284709296 607.3795905795106
170.1170136904217 221.60440045485825
170.14689890991374 110.93623339737108
170.17678412940583 461.6636445130344
170.20666934889792 1219.615939199943
170.23655456838995 2049.196950433556
170.26643978788206 2509.7180966378487
170.29632500737412 2342.271317882555
170.3262102268662 1641.6623765044149
170.35609544635827 784.4095440233808
170.38598066585035 180.2338485540077
170.41586588534244 31.35553001124416
170.44575110483447 252.72736813448847
170.4756363243266 585.0269047891168
170.50552154381867 794.803481766498
170.53540676331073 797.3258685684369
170.5652919828028 641.1192375687622
170.5951772022949 426.04500005220126
170.62506242178696 237.0680486172639
170.65494764127905 118.73433532070456
170.6848328607711 77.90723148508745
170.7147180802632 94.82508217996369
170.74460329975528 136.42148394316789
170.77448851924734 178.3643593163455
170.80437373873943 232.4378585459992
170.83425895823152 357.7002440293754
170.86414417772357 632.237505482007
170.89402939721566 1088.3311829064635
170.92391461670772 1656.7676299681148
170.9537998361998 2175.2645614430194
170.9836850556919 2461.9685027069777
171.01357027518395 2402.574866390616
171.04345549467604 2003.55560682658
171.07334071416813 1390.8016623226304
171.10322593366018 755.4371182771224
171.13311115315227 273.7030647163015
171.16299637264436 41.1633803240144
171.1928815921364 49.403757240109925
171.2227668116285 208.82364060025307
171.25265203112056 398.79486364266575
171.28253725061265 520.1655355598306
171.3124224701047 531.4959425585569
171.3423076895968 454.2762623752835
171.37219290908888 344.5918380012621
171.4020781285809 253.45158699962633
171.43196334807303 205.51725703511588
171.4618485675651 204.04995015663008
171.49173378705717 244.66460805494432
171.52161900654923 317.7588509718246
171.55150422604135 399.2613184277983
171.5813894455334 448.281202110316
171.6112746650255 426.5003368723902
171.64115988451755 328.8801163338843
171.67104510400964 195.85279534131644
171.70093032350172 94.1690061470476
171.73081554299378 85.85052368165118
171.76070076248587 206.7027517210024
171.79058598197796 459.24673454515846
171.82047120147 819.5906541221447
171.8503564209621 1255.1074980846377
171.88024164045416 1740.7232608172137
171.91012685994625 2258.6305603361393
171.94001207943833 2777.3747396196063
171.9698972989304 3224.0480225416786
171.99978251842248 3474.82534394102
172.02966773791456 3393.718439366785
172.05955295740662 2931.117049504264
172.0894381768987 2214.331556019419
172.1193233963908 1510.2405115421725
172.14920861588283 1067.2870888725172
172.17909383537494 980.0853358495868
172.208979054867 1150.1724800531335
172.2388642743591 1337.66758001195
172.26874949385115 1308.439806605698
172.29863471334323 999.4725489575372
172.32851993283532 550.4223356046198
172.35840515232735 182.41218845005625
172.38829037181947 46.534260083749466
172.41817559131155 138.31281516668065
172.4480608108036 315.69580037820623
172.47794603029567 417.47446754646154
172.50783124978778 385.5187896150924
172.53771646927984 277.0573272600576
172.56760168877193 184.39945772045527
172.597486908264 159.02624845404975
172.62737212775608 201.4057323142482
172.65725734724816 309.1637880516949
172.68714256674022 510.1968536908026
172.7170277862323 818.4983284692365
172.7469130057244 1154.489584395621
172.77679822521645 1341.0030841008495
172.8066834447085 1225.9947660957357
172.8365686642006 835.211910050931
172.86645388369269 388.4852524284996
172.89633910318477 134.38835939186265
172.92622432267683 150.95230906168203
172.95610954216892 303.9812690129835
172.985994761661 392.8314511541764
173.01587998115306 333.56364042175915
173.04576520064515 211.18072447226493
173.07565042013724 166.82769618340447
173.10553563962927 249.3531391195368
173.13542085912138 387.2715101880954
173.16530607861344 486.548546650512
173.19519129810553 524.7113545695519
173.2250765175976 545.9352815184186
173.25496173708967 588.2771347053174
173.28484695658176 642.0529603504652
173.3147321760738 678.9699147398172
173.3446173955659 691.8226238883475
173.374502615058 686.6096705924165
173.40438783455005 652.2341650787663
173.4342730540421 565.9105086308655
173.46415827353422 437.41971474358746
173.49404349302628 328.5291100750603
173.52392871251837 297.99440990025334
173.55381393201043 321.979090056818
173.58369915150251 302.22278581638693
173.6135843709946 181.9227448177733
173.64346959048666 39.32398311934372
173.67335480997875 40.518429118101615
173.70324002947083 290.36565251203734
173.7331252489629 725.1071871145458
173.76301046845495 1154.3692353687256
173.79289568794704 1412.7301474620715
173.82278090743912 1464.743689379116
173.8526661269312 1376.0527801399444
173.88255134642327 1226.5285661931691
173.91243656591536 1089.8435850248732
173.94232178540744 1084.331683101252
173.9722070048995 1366.3305880142095
174.0020922243916 1990.5531158911183
174.03197744388368 2761.2046112130847
174.0618626633757 3276.9434252676683
174.09174788286782 3192.4588080296767
174.12163310235988 2480.3227404656686
174.15151832185197 1464.5474586584846
174.18140354134405 591.8814700676702
174.2112887608361 128.2475912767872
174.2411739803282 42.53259750891984
174.27105919982023 138.45111584621813
174.30094441931234 249.18017575440888
174.33082963880443 314.96075398212054
174.3607148582965 329.5103651105909
174.39060007778855 275.964825144568
174.42048529728066 153.22981344542683
174.45037051677272 38.227989088867695
174.4802557362648 64.73988257799118
174.51014095575687 307.8586410800711
174.54002617524895 689.0256194374257
174.56991139474104 1021.6681624993352
174.59979661423307 1169.1887931178933
174.6296818337252 1144.221675608992
174.65956705321727 1056.4830522093444
174.68945227270933 995.9136026941046
174.7193374922014 965.0876871705395
174.74922271169348 902.8837908364802
174.77910793118556 770.7434416015186
174.80899315067765 602.4113669006452
174.8388783701697 463.199705579988
174.8687635896618 396.2488417073931
174.89864880915388 428.8245639611739
174.92853402864594 600.3863139066481
174.95841924813803 939.1087805164094
174.98830446763012 1386.8332654429344
175.01818968712217 1762.3516190470418
175.04807490661426 1845.7804982611256
175.07796012610632 1546.0382884011635
175.1078453455984 1002.9425521311651
175.1377305650905 506.1473043486416
175.16761578458255 277.789358145359
175.19750100407464 308.96903799475336
175.22738622356667 400.9997916407278
175.25727144305878 364.72339924524846
175.28715666255087 188.89790898428527
175.31704188204293 32.88815582879069
175.346927101535 63.11547777811233
175.3768123210271 297.5552796707993
175.40669754051916 597.7473370760513
175.43658276001125 787.6518106469927
175.4664679795033 783.8759219804106
175.4963531989954 636.27253727623
175.52623841848748 458.86471637729585
175.5561236379795 333.2198467430926
175.58600885747163 271.5937969382767
175.6158940769637 244.72632581050476
175.64577929645577 226.035810946872
175.67566451594783 209.81102045051125
175.70554973543992 202.9682410643728
175.735434954932 214.8641525023341
175.7653201744241 252.834635150674
175.79520539391615 316.15822521858706
175.82509061340824 389.12696704335514
175.85497583290032 443.9938125188136
175.88486105239238 458.6707367181257
175.91474627188447 437.06572739491617
175.94463149137655 408.2775701162696
175.9745167108686 397.8476158655936
176.0044019303607 402.526103562548
176.03428714985276 398.63742627518934
176.06417236934485 371.6914477100133
176.09405758883693 333.4219100492328
176.123942808329 306.6761645594675
176.15382802782108 293.0600724176445
176.1837132473131 263.81233420896467
176.21359846680522 193.29900171232137
176.2434836862973 98.90058487129626
176.27336890578937 32.94513709146437
176.30325412528143 27.654985545829607
176.33313934477354 56.23005693573321
176.3630245642656 67.62138987780473
176.3929097837577 72.9682207208923
176.42279500324975 184.9600543254712
176.45268022274183 535.0574017604343
176.48256544223392 1114.8271247953764
176.51245066172595 1701.2343920516946
176.54233588121807 1968.6213541785492
176.57222110071015 1713.0571949041264
176.6021063202022 1039.520217835656
176.63199153969427 351.1325917430306
176.66187675918636 79.1199502943495
176.69176197867844 375.0461759817155
176.72164719817053 1027.9910307943992
176.7515324176626 1631.1708666710035
176.78141763715468 1880.0653132372404
176.81130285664676 1779.5753867076808
176.84118807613882 1576.8780872842751
176.8710732956309 1513.8194604013684
176.900958515123 1638.2282211022823
176.93084373461505 1808.1686622553543
176.9607289541071 1832.4878828187177
176.9906141735992 1617.4851194137723
177.02049939309128 1233.2924535675895
177.05038461258337 843.9354151163081
177.08026983207543 569.972814051661
177.11015505156752 442.0876139367928
177.14004027105955 448.6750488227278
177.16992549055166 571.2460435521381
177.19981071004375 767.8034998712237
177.2296959295358 947.9587387049395
177.25958114902787 996.110502255932
177.28946636851998 836.6593938035599
177.31935158801204 519.1853030991987
177.34923680750413 241.29660748814933
177.3791220269962 218.37976013198613
177.40900724648827 510.0236995657167
177.43889246598036 955.153956550818
177.4687776854724 1264.79339033201
177.4986629049645 1238.604139395352
177.5285481244566 904.5742166801031
177.55843334394865 460.50865111743593
177.5883185634407 128.74346740798677
177.6182037829328 17.690218675097736
177.64808900242488 77.77827330005715
177.67797422191697 207.58124222052885
177.70785944140903 369.3602677549666
177.73774466090111 589.7014970682093
177.7676298803932 881.4770341410474
177.79751509988523 1174.7596195255276
177.82740031937735 1336.1161121787259
177.85728553886943 1263.8305966089088
177.8871707583615 966.7363176189409
177.91705597785355 568.4173414552772
177.94694119734564 230.1452176300766
177.97682641683772 46.53147011794212
178.0067116363298 5.535229419641763
178.03659685582187 30.711425790649866
178.06648207531396 48.002004701654
178.096367294806 30.534752951614884
178.1262525142981 6.936178747750021
178.1561377337902 37.70285248076005
178.18602295328225 174.55333739392267
178.21590817277433 420.039809956204
178.24579339226642 707.7120223402625
178.27567861175848 923.0411956575958
178.30556383125057 969.5517973772572
178.33544905074265 844.6964121722082
178.3653342702347 661.5959719585197
178.3952194897268 590.4804362108359
178.42510470921883 754.5108594041972
178.45498992871094 1144.9532888881722
178.48487514820303 1619.8435248666751
178.5147603676951 1989.1289471085663
178.54464558718715 2112.993846904202
178.57453080667923 1955.313924402456
178.60441602617132 1586.984502382338
178.6343012456634 1141.5497179309225
178.66418646515547 742.959626823282
178.69407168464755 457.0160556558888
178.72395690413964 290.59541896646266
178.75384212363167 213.58576321052976
178.7837273431238 179.25426418914327
178.81361256261587 144.63410645473016
178.84349778210793 95.00308671760531
178.8733830016 58.7290602704407
178.90326822109208 94.79278628753084
178.93315344058416 254.00181394193447
178.96303866007625 531.9782583284857
178.9929238795683 846.4921603772667
179.0228090990604 1078.8299758626151
179.05269431855243 1163.8364735441571
179.08257953804454 1138.9133650737679
179.11246475753663 1096.780486093035
179.1423499770287 1090.3537757017211
179.17223519652077 1079.1327334683547
179.20212041601286 980.4344980454177
179.23200563550492 802.9703062455235
179.261890854997 717.0238460442897
179.2917760744891 936.5637768825504
179.32166129398115 1488.841922577716
179.35154651347324 2093.7193014792915
179.38143173296527 2321.6963975290255
179.41131695245738 1948.9500994038308
179.44120217194947 1175.2569775087131
179.47108739144153 472.4594320646088
179.5009726109336 199.50137425557267
179.53085783042567 322.1273598138658
179.56074304991776 491.9821764311701
179.59062826940985 426.43937650247034
179.6205134889019 197.9708446255464
179.650398708394 125.83404544887344
179.68028392788608 411.0028553949177
179.7101691473781 902.3901396910206
179.74005436687023 1217.2715474868523
179.7699395863623 1096.6754055916124
179.79982480585437 647.9849149307366
179.82971002534643 230.24834262994997
179.85959524483852 122.55468265576835
179.8894804643306 318.6305889017015
179.9193656838227 595.0919746234944
179.94925090331475 732.9954871357587
179.97913612280684 674.8306510778235
180.0090213422989 497.1071207219548
180.03890656179098 293.2485033357116
180.06879178128307 124.09352236235704
180.09867700077513 38.17047114970288
180.1285622202672 66.9079941241408
180.15844743975927 178.57075401191247
180.18833265925133 272.7681495687784
180.21821787874345 264.04552929652266
180.24810309823556 180.4510341198327
180.2779883177276 152.4437485098796
180.30787353721968 273.8495802567836
180.3377587567117 480.8212398572892
180.36764397620385 601.6761244073456
180.3975291956959 536.5250643829348
180.427414415188 368.569328740076
180.45729963468003 288.6289711866815
180.48718485417209 413.8385854725773
180.5170700736642 677.9106958379808
180.5469552931563 910.5994707124131
180.57684051264835 1025.611754198029
180.60672573214043 1087.9059853699255
180.6366109516325 1193.641997139496
180.66649617112455 1335.461342538437
180.69638139061664 1394.1493864287927
180.72626661010875 1242.63229603826
180.7561518296008 867.9010121517015
180.78603704909287 407.8895996062698
180.81592226858493 76.8598253884092
180.84580748807704 63.49665741610013
180.87569270756913 470.827556694057
180.9055779270612 1257.892637617496
180.93546314655327 2177.7254809559126
180.96534836604533 2833.1117355689
180.99523358553745 2907.5135943575115
181.0251188050295 2409.456253535923
181.0550040245216 1700.1668517522176
181.08488924401365 1255.5875589796526
181.1147744635057 1332.432327959056
181.14465968299777 1775.6082854975325
181.17454490248988 2137.845761045842
181.204430121982 2051.987211146386
181.23431534147403 1519.1853980670364
181.2642005609661 851.5502149015554
181.29408578045815 378.85151487610193
181.32397099995023 209.77135962001623
181.35385621944235 220.18899446382335
181.3837414389344 236.2344636316197
181.41362665842647 228.3750286108404
181.44351187791852 339.6685504620215
181.47339709741064 735.6140640289758
181.50328231690273 1421.7366999472135
181.5331675363948 2188.3138913878847
181.56305275588687 2719.704545804321
181.59293797537893 2777.3503769296376
181.622823194871 2336.21971052515
181.65270841436313 1602.3522319725203
181.6825936338552 901.1533852095171
181.71247885334725 495.4416425792373
181.7423640728393 442.75773659616345
181.77224929233137 580.2314399874105
181.80213451182348 649.3711582430102
181.8320197313156 491.7240952978137
181.8619049508076 184.58049781903648
181.89179017029969 0.6982663350084913
181.92167538979177 200.97251147913343
181.95156060928383 804.1181139730194
181.98144582877595 1517.2286474421946
182.011331048268 1926.4729053150609
182.0412162677601 1826.8492813108523
182.07110148725215 1397.5313145746195
182.10098670674424 1060.411150706469
182.13087192623632 1138.401543035156
182.1607571457284 1576.5209592627589
182.19064236522047 1967.0615252919667
182.22052758471253 1892.6504986103607
182.2504128042046 1292.2102949303678
182.28029802369673 525.8815375215897
182.3101832431888 101.30045242854524
182.34006846268085 301.62284150037124
182.36995368217293 993.9808748476952
182.39983890166496 1731.2671719681705
182.42972412115708 2058.759396047044
182.4596093406492 1802.6512402018009
182.4894945601412 1143.7508126887028
182.51937977963328 467.3463997484706
182.54926499912537 120.5695177318352
182.57915021861743 224.8156272594932
182.60903543810957 644.5300918188875
182.63892065760163 1105.1689664996743
182.6688058770937 1364.3732748475504
182.69869109658575 1334.9910063771808
182.72857631607783 1094.0259412636651
182.75846153556992 787.2286996199275
182.788346755062 520.5989898388439
182.81823197455407 323.7409268982751
182.84811719404613 184.2148176461083
182.8780024135382 93.09248410598835
182.90788763303027 60.11365139059604
182.9377728525224 103.09164976995888
182.96765807201444 236.42354080770792
182.99754329150653 467.07276012432726
183.0274285109986 782.3204891049356
183.05731373049068 1126.5055962921947
183.0871989499828 1396.6704259120763
183.11708416947485 1482.641641789505
183.14696938896688 1341.164403083155
183.17685460845897 1058.026846308417
183.20673982795105 831.8925951736796
183.23662504744317 855.7835580199406
183.2665102669352 1175.6087515559236
183.2963954864273 1644.6850749189118
183.32628070591937 2010.0961197598403
183.35616592541143 2065.806155982929
183.38605114490352 1771.2413277454186
183.4159363643956 1259.714203593572
183.4458215838877 738.2639189935877
183.47570680337972 361.97600327063594
183.50559202287184 171.01021596805063
183.53547724236387 114.0489131186201
183.565362461856 117.78947389426845
183.59524768134807 138.56247118501628
183.62513290084007 164.5962330683412
183.6550181203322 190.4198209210004
183.68490333982427 201.99024524710484
183.7147885593164 187.09679901446503
183.74467377880845 150.30988518042423
183.77455899830048 110.07912810383056
183.80444421779256 85.6385282350569
183.83432943728465 91.33171342931225
183.86421465677677 139.85966951083213
183.8940998762688 241.37593872602324
183.92398509576088 391.77373259820314
183.95387031525297 566.5373432100237
183.98375553474503 733.8059557914697
184.01364075423712 868.3122548808451
184.0435259737292 949.1394778400381
184.0734111932213 952.968534257849
184.10329641271332 850.2650889298109
184.13318163220544 619.8529537651584
184.1630668516975 306.62866026787606
184.1929520711896 58.948031590269046
184.22283729068167 45.813517829782015
184.25272251017367 302.9380303048983
184.2826077296658 667.7100469442345
184.31249294915787 881.1262431279123
184.34237816864996 781.1869604968892
184.37226338814204 434.3199524732787
184.40214860763408 95.22105218077449
184.43203382712616 17.574831108494497
184.46191904661828 271.61313259506676
184.49180426611036 712.6936102560743
184.5216894856024 1096.7365344538587
184.55157470509448 1237.09517421893
184.58145992458657 1095.3763959073576
184.61134514407863 769.8769649110801
184.6412303635707 425.90812889283694
184.6711155830628 206.23322501005555
184.7010008025549 152.3188242714433
184.73088602204692 192.18817956351415
184.76077124153903 206.1273038969116
184.7906564610311 128.31621690475083
184.8205416805232 26.23922045471223
184.8504269000153 83.41058130011555
184.88031211950727 466.79121965223527
184.9101973389994 1176.542918095902
184.94008255849147 2009.081440031477
184.96996777798356 2668.3584580244387
184.99985299747564 2931.3546054753215
185.02973821696767 2744.74890421678
185.05962343645976 2213.6924252159583
185.08950865595187 1525.37195695544
185.11939387544396 865.0019633998759
185.149279094936 363.4973311660266
185.17916431442808 83.99716011693505
185.20904953392017 22.889440045949968
185.23893475341225 111.00510619102688
185.2688199729043 234.88870628579036
185.2987051923964 293.17010894639634
185.32859041188848 256.40539660336754
185.35847563138051 177.693267141611
185.38836085087263 143.15060810021134
185.41824607036472 203.99682725576963
185.4481312898568 340.35061338725774
185.4780165093489 478.7997080170344
185.50790172884092 546.4255832644341
185.537786948333 517.6269638679262
185.56767216782507 420.8043251494884
185.59755738731715 307.598397232215
185.62744260680924 214.6958613881681
185.65732782630127 149.1857953771189
185.68721304579336 102.92420573202499
185.71709826528547 73.28116659474432
185.74698348477756 65.82831180294086
185.7768687042696 78.58571540659264
185.80675392376168 91.39258658171198
185.83663914325376 82.12140753112051
185.86652436274585 60.570414236563366
185.89640958223796 79.58363597151858
185.92629480173 192.3906098228591
185.95618002122208 381.04782368424986
185.98606524071417 534.0629041045804
186.01595046020623 532.4770362230099
186.0458356796983 395.90346751475994
186.0757208991904 344.5163716288925
186.10560611868243 673.4935760507085
186.13549133817452 1498.3871507273511
186.1653765576666 2578.834259910416
186.1952617771587 3406.5801812497116
186.22514699665075 3527.899214562718
186.25503221614284 2862.583906099272
186.28491743563487 1765.8171332545064
186.31480265512695 764.7145766262641
186.34468787461904 188.121613126278
186.37457309411116 14.610614568052736
186.4044583136032 20.5163310515954
186.43434353309527 27.969823922038337
186.46422875258736 22.375181837381284
186.49411397207945 70.68807053391873
186.52399919157156 171.40936087113812
186.5538844110636 225.03411984310577
186.58376963055568 156.3789707559784
186.61365485004777 35.8792573734286
186.64354006953985 46.544189891869294
186.6734252890319 310.9848396136794
186.703310508524 742.6458227597136
186.73319572801603 1077.700728982899
186.76308094750812 1084.140571707962
186.7929661670002 760.2008565159741
186.8228513864923 331.6013872799168
186.8527366059844 57.890897001325264
186.88262182547643 28.712826278538014
186.9125070449685 125.42464195586933
186.9423922644606 171.04422539736228
186.97227748395264 114.1388310355744
187.00216270344475 67.53157327625084
187.0320479229368 175.68952463296407
187.06193314242887 452.1871933668025
187.09181836192096 749.1535046114136
187.12170358141304 879.7018056975753
187.15158880090516 770.3376510937427
187.1814740203972 507.28955142930647
187.21135923988928 248.93919651596016
187.24124445938136 106.2270991273318
187.27112967887345 103.71531780263
187.3010148983655 223.16450137125824
187.3309001178576 449.9250047483142
187.36078533734965 762.7827771784326
187.3906705568417 1088.8641126303653
187.42055577633383 1296.92264056499
187.4504409958259 1261.7974448189163
187.480326215318 955.9722541854399
187.51021143481003 500.27215683006614
187.5400966543021 134.0300784287652
187.5699818737942 95.3843717582113
187.59986709328624 454.4121413762453
187.62975231277835 1022.8809911456286
187.6596375322704 1443.7220981285263
187.68952275176247 1431.5031294039325
187.71940797125455 1016.8781328270684
187.74929319074664 576.9192227475487
187.77917841023873 549.1122814645279
187.8090636297308 1042.219077227622
187.83894884922287 1695.3924630386036
187.86883406871496 1944.9475693141496
187.89871928820705 1516.4507469134144
187.9286045076991 700.3063017695566
187.9584897271912 119.5165481226508
187.98837494668325 196.97021896901117
188.0182601661753 814.8383455230364
188.04814538566745 1453.8860218100097
188.07803060515948 1652.1627408459972
188.1079158246516 1354.8358896550867
188.1378010441436 865.7056190073665
188.1676862636357 508.24249869809177
188.1975714831278 367.1718144841941
188.22745670261983 329.1374395755258
188.25734192211195 295.019953185216
188.28722714160403 302.0279500069532
188.3171123610961 442.02002400921134
188.34699758058815 710.9961808781449
188.37688280008024 982.0525230309759
188.40676801957233 1117.5803117964729
188.4366532390644 1101.5563761142907
188.46653845855647 1046.1671175356155
188.49642367804853 1037.0933803949677
188.52630889754064 1018.2218002226303
188.55619411703273 874.6686552267333
188.5860793365248 579.3165312873773
188.61596455601685 243.80957449583272
188.6458497755089 57.44585432847475
188.67573499500105 133.18762974901935
188.70562021449308 388.6673302882153
188.7355054339852 622.6074316836598
188.76539065347723 689.1115432031941
188.79527587296928 598.1628166297702
188.82516109246137 524.4107975563737
188.8550463119535 679.1037009622063
188.88493153144557 1076.0547268257349
188.91481675093763 1489.5521133212449
188.9447019704297 1662.8029960134722
188.97458718992175 1503.2155599646935
189.00447240941384 1115.9942275768192
189.03435762890592 692.6288879894396
189.064242848398 381.47205905263553
189.09412806789007 248.36873471990347
189.12401328738213 312.2779775081024
189.15389850687424 571.3157647357843
189.18378372636633 979.1887065333693
189.2136689458584 1418.4896845351195
189.24355416535047 1740.8070764248512
189.27343938484253 1848.8026662202424
189.3033246043346 1746.4221387521263
189.3332098238267 1528.2625781061324
189.3630950433188 1317.79528789023
189.39298026281085 1200.707199110719
189.42286548230288 1199.6203440410343
189.45275070179497 1275.8104440546351
189.48263592128708 1330.214850981121
189.51252114077917 1231.5818448983387
189.5424063602712 906.2344148134432
189.5722915797633 440.60586047963903
189.60217679925535 83.51342212237985
189.63206201874743 95.24507415186665
189.66194723823952 545.1494936986231
189.6918324577316 1243.6709699520586
189.7217176772237 1889.7738357728028
189.75160289671572 2312.2726597747205
189.78148811620784 2567.061221047202
189.81137333569993 2793.082670264701
189.841258555192 3012.17957020808
189.87114377468407 3089.663526647911
189.90102899417613 2860.8557801923607
189.9309142136682 2294.8988190900623
189.96079943316033 1551.7336861740482
189.9906846526524 875.4723888386595
190.02056987214445 428.50667203888287
190.05045509163648 216.08750570608927
190.08034031112857 144.54305016418937
190.11022553062068 134.0026173807024
190.14011075011277 183.22821640120176
190.1699959696048 356.4335621103876
190.19988118909689 719.0877378089009
190.22976640858897 1260.5717045964611
190.25965162808103 1842.320488654432
190.28953684757315 2217.985105587813
190.3194220670652 2165.892758324992
190.3493072865573 1666.460371926796
190.37919250604932 950.5166280216176
190.40907772554144 351.29957006570214
190.43896294503352 80.46294950727606
190.4688481645256 105.15776402583695
190.49873338401767 227.8153257160312
190.52861860350967 295.52259251024947
190.5585038230018 328.47549373199143
190.58838904249393 432.7081252271328
190.61827426198596 604.5848329952852
190.64815948147805 679.0465355905084
190.67804470097013 510.6714546913173
190.70792992046216 194.89973383998924
190.73781513995428 73.96889750561368
190.7677003594464 454.3892400867454
190.7975855789384 1262.2659763188908
190.82747079843048 2012.7469516045
190.85735601792257 2188.0627435870224
190.88724123741463 1685.2614730465225
190.91712645690677 911.9732613594584
190.9470116763988 424.3770703474197
190.9768968958909 434.55373432971896
191.00678211538292 666.7123166833168
191.03666733487503 704.7233749355199
191.06655255436712 462.97203181337056
191.0964377738592 274.685327006398
191.12632299335127 499.53435580421007
191.15620821284332 1072.143055237273
191.1860934323354 1491.8203613294963
191.21597865182747 1313.3702253154531
191.2458638713196 654.2553869599727
191.27574909081164 172.68868658698145
191.30563431030373 503.44048115661553
191.33551952979576 1668.5331585867143
191.36540474928788 3006.197742858995
191.39528996878 3699.534803574692
191.425175188272 3417.836900473967
191.45506040776408 2494.217526555461
191.48494562725617 1554.9730716608965
191.51483084674825 1003.1025722630555
191.54471606624037 802.7938380445397
191.5746012857324 678.2181591675782
191.6044865052245 455.26110360298657
191.63437172471657 200.03697449004855
191.66425694420863 80.98788232357302
191.69414216370072 161.184351264912
191.7240273831928 339.14218282781763
191.7539126026849 458.58662325841874
191.78379782217692 438.08249934866245
191.813683041669 301.23364511953883
191.84356826116107 130.916192378633
191.8734534806532 18.106239073888148
191.90333870014524 29.42100375694885
191.93322391963727 187.05619406474295
191.96310913912936 448.68278786591384
191.99299435862147 706.091158445735
192.0228795781136 840.5620403374716
192.0527647976056 802.4848834134949
192.08265001709768 641.0418026328554
192.11253523658976 465.45064315466647
192.14242045608185 372.1689143655892
192.17230567557397 391.57594480787134
192.202190895066 494.86121142035313
192.23207611455808 638.7410133261614
192.26196133405017 789.5218222390334
192.29184655354223 914.0309225011011
192.32173177303432 970.9017371580413
192.3516169925264 927.5494666868304
192.3815022120185 793.7672784613316
192.41138743151052 632.4826979374834
192.4412726510026 520.6960844872764
192.4711578704947 492.31297202509194
192.5010430899868 520.8961690660368
192.53092830947884 554.0061177687616
192.56081352897087 559.135166443549
192.590698748463 542.2445097742577
192.62058396795507 533.2787323985491
192.65046918744716 559.2296672883347
192.68035440693924 625.8723664505184
192.71023962643127 712.9043521319495
192.74012484592336 778.3344828754272
192.77001006541545 772.2676950285551
192.79989528490756 663.6067484291601
192.8297805043996 472.1697706689106
192.85966572389168 274.95768351649315
192.88955094338377 160.22549981876824
192.91943616287583 168.09690856366953
192.9493213823679 287.2747296733425
192.97920660186 494.18807069433336
193.00909182135203 764.1758273256787
193.03897704084412 1048.377082729596
193.06886226033623 1259.2072832805395
193.0987474798283 1293.3439887658012
193.1286326993204 1107.5693252746948
193.1585179188125 802.6973025622984
193.1884031383045 601.2883872092616
193.2182883577966 687.3743847107238
193.24817357728864 1040.2618845702827
193.27805879678075 1417.4796514222098
193.30794401627284 1525.6750494055618
193.33782923576487 1267.6674400808088
193.36771445525696 837.1311168635817
193.39759967474905 549.7120766129017
193.42748489424116 592.6239942901119
193.4573701137332 909.237748385132
193.48725533322528 1253.6216898575344
193.51714055271736 1366.9624734532567
193.54702577220945 1166.9599657829583
193.5769109917015 791.5618530900317
193.6067962111936 468.5595902325636
193.63668143068568 344.8043842898296
193.6665666501777 402.6839854791667
193.69645186966983 501.4300031789497
193.7263370891619 502.24360454824335
193.756222308654 374.590601991464
193.7861075281461 195.28726485697487
193.8159927476381 59.68485835505214
193.8458779671302 4.304028147760276
193.87576318662224 13.850742139374912
193.90564840611435 94.08073259063077
193.93553362560644 312.2360544776812
193.96541884509847 725.46845076085
193.99530406459056 1253.4219617368933
194.02518928408267 1649.908434948494
194.05507450357473 1652.0863872471011
194.0849597230668 1216.9633093634477
194.11484494255888 633.4980913763907
194.14473016205096 345.8203796590034
194.17461538154305 592.6848670658244
194.2045006010351 1191.0463008962552
194.2343858205272 1678.206396618603
194.26427104001928 1711.0161003398869
194.2941562595113 1402.518445393512
194.32404147900343 1290.9304793612982
194.35392669849548 1901.967118675572
194.3838119179876 3240.705051478534
194.41369713747963 4675.370223420876
194.4435823569717 5348.90416848253
194.4734675764638 4785.134811286969
194.5033527959559 3222.634825946017
194.53323801544795 1455.870800093462
194.56312323494004 297.5963572843735
194.59300845443207 38.03167097829074
194.62289367392415 344.92890981415405
194.65277889341624 657.654195110716
194.68266411290833 649.2915711735277
194.7125493324004 385.34535573165647
194.74243455189247 144.29878286633667
194.77231977138453 100.75153733603648
194.80220499087665 179.5034090880989
194.83209021036873 201.79688526260043
194.8619754298608 108.24387129812975
194.89186064935288 14.118530043870912
194.9217458688449 77.02929384916166
194.95163108833705 318.7249342714134
194.9815163078291 573.5791571580039
195.0114015273212 630.2936032623808
195.04128674681323 428.0503209861329
195.07117196630531 127.54858269144859
195.1010571857974 33.08718938778733
195.1309424052895 413.0092039486378
195.16082762478155 1302.406281623959
195.19071284427363 2447.407895855383
195.2205980637657 3442.1888170821817
195.25048328325775 3936.065532661161
195.28036850274984 3793.4029358867624
195.31025372224192 3145.913497805668
195.340138941734 2301.3292378630767
195.37002416122607 1556.7090021940685
195.39990938071813 1058.4712046869836
195.42979460021024 799.778834334155
195.45967981970236 700.8979458755645
195.4895650391944 671.2419637021021
195.51945025868648 626.2344096346037
195.54933547817856 503.8109246781349
195.57922069767065 307.8398774827974
195.6091059171627 145.19974061751623
195.6389911366548 193.2655570431436
195.66887635614685 565.3674199325474
195.6987615756389 1167.3728429590083
195.72864679513097 1709.8276747872703
195.75853201462309 1888.4748546526168
195.78841723411517 1584.93909455121
195.81830245360723 951.97760418095
195.8481876730993 326.09779220827807
195.87807289259135 14.259092903693803
195.90795811208343 111.18263393210344
195.93784333157555 479.76744165990885
195.9677285510676 871.4111396414373
195.99761377055967 1074.9881565474107
196.02749899005175 1017.0069642533604
196.05738420954384 773.6633319200051
196.08726942903593 491.94387310623136
196.117154648528 286.37798664174665
196.14703986802007 187.3339327469062
196.17692508751216 154.59050974308863
196.2068103070042 129.3754397697055
196.23669552649633 84.2151371626238
196.2665807459884 33.59502030598866
196.29646596548045 5.999555971990337
196.3263511849725 11.669124149213763
196.35623640446457 36.018475319842096
196.38612162395668 60.79760678482183
196.4160068434488 86.36186520215684
196.4458920629408 128.21587408705443
196.4757772824329 193.05992522807105
196.505662501925 261.6674547714432
196.53554772141703 297.91394178063064
196.56543294090915 278.45693089269207
196.5953181604012 215.46131373349093
196.6252033798933 148.7254866250734
196.65508859938535 112.58046177526808
196.68497381887744 109.33613484219669
196.71485903836953 115.85019742135027
196.7447442578616 113.59100965723604
196.77462947735367 108.83645655653584
196.80451469684573 124.5244340690836
196.8343999163378 177.01618172930756
196.86428513582993 264.9813428062772
196.894170355322 378.0382090472422
196.92405557481405 503.8196951248013
196.9539407943061 616.0414961142005
196.98382601379825 665.6218779342946
197.01371123329028 606.8600685937106
197.0435964527824 447.2020413963614
197.0734816722744 280.668983436836
197.10336689176648 256.35944514390764
197.13325211125857 463.3756352310153
197.16313733075063 831.7321755602704
197.19302255024277 1171.7982666145404
197.2229077697348 1315.0688820213863
197.2527929892269 1232.7390923934909
197.28267820871895 1056.9081335837232
197.31256342821104 984.0191882445565
197.34244864770312 1131.2777006016604
197.3723338671952 1470.431534567472
197.40221908668727 1867.6324436426985
197.43210430617933 2154.950194856351
197.46198952567144 2182.7674735614887
197.49187474516347 1871.5907577420896
197.5217599646556 1277.9667802264448
197.55164518414765 615.882723846825
197.58153040363973 166.33689168311793
197.6114156231318 114.36607218630373
197.64130084262388 425.56096366152354
197.671186062116 852.1086835873718
197.701071281608 1095.8039960354706
197.73095650110008 1021.4384201961294
197.76084172059217 723.9123459284035
197.79072694008423 405.84013283648903
197.82061215957637 213.09350009971712
197.8504973790684 161.41668370848532
197.8803825985605 176.42335951700403
197.91026781805255 181.503086334795
197.94015303754463 150.31510782858211
197.97003825703672 106.08855733213333
197.9999234765288 100.28346147896674
198.0298086960209 188.26902963121088
198.05969391551292 394.05391998867407
198.08957913500504 667.2646614856258
198.11946435449707 877.5437849031208
198.1493495739892 885.7824166262643
198.17923479348124 655.3092252806168
198.20912001297327 308.8916921695729
198.2390052324654 62.60507054981847
198.26889045195747 68.47795866630575
198.2987756714496 292.3011273631716
198.32866089094165 537.6383835801948
198.35854611043368 603.4417210733905
198.38843132992577 440.879630122466
198.41831654941788 179.74232362776192
198.44820176890997 17.13975831793253
198.478086988402 65.5367341207978
198.50797220789408 275.16510273492264
198.53785742738617 482.8069506986586
198.56774264687823 538.7025537945905
198.59762786637032 415.00441989832126
198.6275130858624 223.36953848999255
198.6573983053545 132.6199240602575
198.68728352484652 246.12667831216535
198.71716874433864 520.3089469942036
198.74705396383067 783.5022019162792
198.7769391833228 855.4436937698104
198.80682440281487 679.1223828159498
198.83670962230687 360.7486088514484
198.866594841799 92.86692137066316
198.89648006129113 16.422530200395464
198.92636528078316 125.94580875944254
198.95625050027525 296.97342728699306
198.98613571976728 400.909937318118
199.01602093925936 397.6500053846217
199.04590615875148 335.97440695941265
199.07579137824357 282.8831760552399
199.1056765977356 261.26253519429474
199.13556181722768 247.80162501962272
199.16544703671977 213.30283893919167
199.19533225621183 156.03408187480167
199.22521747570391 97.94881815633346
199.255102695196 57.14202341338156
199.2849879146881 32.48767218718985
199.31487313418012 14.302573794839397
199.34475835367223 2.883133346366389
199.37464357316432 12.66084024568931
199.4045287926564 60.425944121150216
199.4344140121485 151.1865666914506
199.46429923164047 273.1139107273231
199.4941844511326 402.53334053988783
199.52406967062467 510.7188633112563
199.55395489011676 570.0902253407743
199.58384010960884 564.3492001757279
199.61372532910087 497.193180845028
199.64361054859296 391.9638042944136
199.67349576808508 286.71865410650406
199.70338098757716 227.27414179066164
199.7332662070692 255.23290355089227
199.76315142656128 399.2381881441484
199.79303664605337 662.5174514007393
199.82292186554545 982.1708473318856
199.85280708503757 1204.9444273625215
199.8826923045296 1165.718549337524
199.91257752402169 828.5045092568558
199.94246274351372 356.02041615699846
199.97234796300583 47.5912343774005
200.00223318249792 156.92242299410103
200.03211840199 684.5676773517159
200.0620036214821 1335.6775823225212
200.0918888409741 1711.7237222765443
200.1217740604662 1586.7474566668973
200.15165927995827 1061.261420725424
200.18154449945035 466.28242300162225
200.21142971894244 103.7006509775308
200.24131493843447 56.751455103475536
200.27120015792656 187.6741239071517
200.30108537741867 290.38152168372
200.33097059691076 266.9269917892233
200.3608558164028 167.2004228208894
200.39074103589488 89.21179460260461
200.42062625538696 71.0910383615996
200.45051147487905 74.01626537321158
200.48039669437117 51.12892343771434
200.5102819138632 12.874321319369344
200.54016713335528 13.851420385152174
200.5700523528473 74.21856886095206
200.59993757233943 143.71272773513775
200.62982279183151 158.29892860286878
200.6597080113236 115.68501599282496
200.6895932308157 121.85083342204285
200.71947845030772 328.20191643146075
200.7493636697998 749.8056891059966
200.7792488892919 1207.300425146473
200.809134108784 1459.5678140996747
200.83901932827604 1351.7956414996784
200.86890454776807 930.641933564272
200.89878976726015 445.4249745801407
200.92867498675227 160.053561061907
200.95856020624436 160.60139595655716
200.9884454257364 333.3969308409715
201.01833064522847 492.0775637669955
201.04821586472056 528.575651005168
201.07810108421265 463.1904350014525
201.10798630370476 386.5280313589236
201.1378715231968 366.83522245239055
201.16775674268888 399.466480475242
201.19764196218097 440.6685420045642
201.22752718167305 470.9987243044228
201.2574124011651 505.45193088343217
201.2872976206572 554.5699123725519
201.31718284014923 599.8258389771323
201.34706805964132 611.7401102357618
201.3769532791334 580.746113819448
201.4068384986255 525.6418686098875
201.4367237181176 475.8290098563052
201.46660893760964 448.08596844000664
201.4964941571017 444.27028342408823
201.52637937659375 468.38937939215634
201.55626459608584 528.8767188695865
201.58614981557795 612.3543253104464
201.61603503507 661.1275568160128
201.64592025456207 598.0542891281476
201.67580547405416 402.0431349184443
201.70569069354625 159.38354754802975
201.73557591303836 15.44924070976848
201.7654611325304 64.67127152549513
201.79534635202248 274.8633817330066
201.82523157151456 506.0548657602053
201.85511679100665 617.2583767751089
201.8850020104987 573.3343058526317
201.9148872299908 461.61075449759073
201.94477244948283 416.3692214656789
201.9746576689749 516.0150703849555
202.004542888467 727.8240420093982
202.0344281079591 936.4408947862513
202.0643133274512 1025.900949121413
202.09419854694323 948.552406894028
202.1240837664353 741.6301710010358
202.1539689859274 499.9971307795516
202.18385420541944 322.3077063045001
202.21373942491155 250.63993389105883
202.24362464440364 246.37237848297607
202.27350986389567 231.1737315590936
202.30339508338776 161.72772289711435
202.33328030287984 68.49306080049729
202.36316552237193 20.89242634492164
202.393050741864 51.58605650961149
202.42293596135607 115.08195658547957
202.45282118084816 131.31240862202316
202.4827064003402 76.43101674046449
202.5125916198323 25.797762958086903
202.5424768393244 100.4470237408656
202.57236205881645 365.9412830287069
202.6022472783085 790.9369297569053
202.63213249780063 1306.4751059608989
202.66201771729268 1882.489792877924
202.6919029367848 2533.8846809395254
202.72178815627683 3241.7028582816024
202.7516733757689 3847.591467568701
202.781558595261 4071.237882694116
202.81144381475303 3712.903626176484
202.84132903424515 2843.9242867172406
202.87121425373724 1788.611037541802
202.90109947322927 935.949655546066
202.93098469272135 514.4946508810926
202.96086991221344 476.0952484090288
202.99075513170553 588.3440541578333
203.0206403511976 636.5049323398022
203.05052557068967 546.0026498759697
203.08041079018173 369.88204570174895
203.11029600967385 201.4958880553952
203.14018122916593 94.54459052844096
203.170066448658 47.02196863265279
203.19995166815008 35.430838988372805
203.2298368876421 45.14741723214326
203.25972210713425 72.84475856224596
203.28960732662628 114.75298440296596
203.3194925461184 159.76184296733155
203.34937776561043 191.1687571970567
203.37926298510249 193.470005282524
203.4091482045946 162.55242751176215
203.43903342408663 111.06443117264172
203.46891864357875 61.50736552427141
203.49880386307083 32.576423642357305
203.5286890825629 28.425855947918382
203.55857430205495 40.77332780774047
203.58845952154704 63.64012193200896
203.61834474103912 103.77755869436687
203.6482299605312 173.70279405043283
203.67811518002327 269.453903448293
203.70800039951533 363.36112361783705
203.73788561900744 436.7618121606949
203.76777083849953 508.2854079974576
203.7976560579916 622.227302857089
203.82754127748368 824.0837755306336
203.85742649697573 1122.981143971866
203.88731171646785 1457.1138421450723
203.91719693595988 1725.5601777199163
203.947082155452 1854.7979658959089
203.97696737494405 1820.4315485600505
204.00685259443608 1637.3732037928485
204.03673781392817 1350.181826501481
204.06662303342029 1014.4124589458404
204.09650825291237 675.8347970273268
204.12639347240443 370.15939529532017
204.1562786918965 140.70279791572062
204.18616391138855 44.52513389593379
204.21604913088063 121.35499724930357
204.24593435037272 342.34587555168565
204.2758195698648 593.2873318280938
204.30570478935687 725.3342133289002
204.33559000884892 653.757457604482
204.36547522834104 430.1498954178927
204.39536044783307 203.21196252088572
204.4252456673252 93.16947392094465
204.45513088681727 102.3557432577612
204.48501610630933 135.1176613612922
204.5149013258014 105.86364490941878
204.54478654529353 32.70078251250453
204.5746717647856 11.311914819995035
204.60455698427765 102.61370156652174
204.6344422037697 260.0813514053976
204.66432742326177 371.4979980953386
204.69421264275388 377.9213365595636
204.72409786224597 332.418456921885
204.753983081738 328.8805030662842
204.7838683012301 395.2220700894228
204.81375352072217 459.86408105270056
204.84363874021423 426.03597172191337
204.87352395970632 297.3140579944792
204.9034091791984 209.7258369093674
204.9332943986905 313.5919649672391
204.96317961818252 627.9661095916958
204.99306483767464 1002.8882468752856
205.02295005716672 1216.2972120436475
205.0528352766588 1134.1036486466503
205.08272049615087 805.2013628312478
205.11260571564293 417.516043508271
205.142490935135 168.50047870215187
205.17237615462713 151.41003129273736
205.2022613741192 319.5865391559413
205.23214659361125 539.6834227343985
205.2620318131033 689.8069234611456
205.29191703259536 728.413014372816
205.32180225208748 695.6146333696829
205.35168747157957 665.8447024246946
205.3815726910716 691.3477233081524
205.41145791056368 765.469138286939
205.44134313005577 825.3477347644647
205.47122834954783 798.7115801781773
205.50111356903997 660.4354572429056
205.530998788532 448.49008769089806
205.5608840080241 233.50846052985872
205.59076922751615 79.51019267909759
205.62065444700823 24.343780810804336
205.65053966650032 80.59709350725113
205.6804248859924 242.94289969891585
205.71031010548447 487.87553815717695
205.74019532497653 764.1691899078579
205.7700805444686 987.2652414294856
205.79996576396067 1058.066526826748
205.82985098345276 915.9002586903059
205.85973620294484 598.6691595547301
205.88962142243693 257.72776242474504
205.91950664192896 106.01954534243173
205.94939186142108 321.06111455626507
205.9792770809132 937.5213428461389
206.0091623004052 1791.0494534105549
206.03904751989728 2584.08065365989
206.06893273938937 3046.647248225071
206.09881795888143 3067.2153708085752
206.12870317837357 2713.6273879235778
206.1585883978656 2162.6158800864764
206.1884736173577 1597.985505420656
206.21835883684977 1132.2786348745335
206.24824405634183 785.1460601494545
206.27812927583392 521.4794398677509
206.308014495326 312.6963202875151
206.3378997148181 165.51386328949772
206.36778493431012 101.28599900250944
206.3976701538022 120.39053320265351
206.42755537329427 187.2664871533227
206.4574405927864 245.44768495221803
206.48732581227844 251.56993795613448
206.51721103177047 203.04744105578507
206.5470962512626 139.88333157764748
206.57698147075467 121.21637730731076
206.6068666902468 187.1740764936416
206.6367519097388 322.71534029004675
206.66663712923088 451.0567537708281
206.69652234872297 477.9318883443722
206.72640756821505 365.21596105725496
206.75629278770717 175.08721465947843
206.7861780071992 43.85917903193899
206.81606322669128 96.9520947466472
206.84594844618337 362.1216975279622
206.87583366567543 744.958678541912
206.90571888516752 1083.3601185149685
206.9356041046596 1241.9539118903608
206.9654893241517 1185.017206164318
206.99537454364372 980.6102694827421
207.02525976313584 740.602066793245
207.0551449826279 550.3735214906873
207.08503020212 439.1300026185901
207.11491542161204 397.1664285372024
207.14480064110407 406.74491781540416
207.1746858605962 451.61996367828976
207.20457108008827 503.94865707929216
207.23445629958036 517.2465299286324
207.2643415190724 447.676951412637
207.29422673856448 296.51756615778146
207.32411195805656 133.50651506985375
207.35399717754865 54.82598458106012
207.38388239704076 96.18455453729052
207.4137676165328 191.2040711879565
207.44365283602488 229.0899602758444
207.47353805551697 170.12513879139937
207.50342327500903 114.51144718162324
207.5333084945011 239.22895712265384
207.5631937139932 636.687385773894
207.59307893348523 1195.5894618203856
207.62296415297732 1638.785242222673
207.65284937246943 1707.5042133319444
207.6827345919615 1353.76952987589
207.7126198114536 777.0769009233893
207.74250503094564 275.41023978039635
207.77239025043767 50.072330883616246
207.8022754699298 111.44893317378585
207.83216068942184 314.63088099346476
207.86204590891396 478.355577529182
207.89193112840604 503.8449007521001
207.92181634789807 406.5032778938252
207.95170156739016 264.8506062572315
207.98158678688227 158.000203655363
208.01147200637436 125.80203294458553
208.0413572258664 154.58021722038438
208.07124244535848 194.46290379968707
208.10112766485057 201.715641254094
208.13101288434265 173.4244097409102
208.1608981038347 140.0572965090939
208.1907833233268 125.27401815232612
208.22066854281883 119.19829527001448
208.25055376231091 94.12181719399321
208.28043898180303 48.38251412850688
208.3103242012951 31.231330110309795
208.3402094207872 110.09848862704204
208.3700946402793 299.1565076205048
208.3999798597713 517.8727493367483
208.4298650792634 630.793059734143
208.45975029875547 548.4995977456305
208.48963551824755 312.1180590187207
208.51952073773964 83.90465973009817
208.54940595723167 33.03035653621045
208.57929117672376 203.5370916611776
208.60917639621587 474.5588716469593
208.63906161570796 644.8047075309661
208.6689468352 585.880072149327
208.69883205469208 351.43133984688893
208.72871727418416 140.02897972175091
208.75860249367625 137.1122766996752
208.7884877131683 374.23586802422153
208.8183729326604 712.5746616152352
208.84825815215248 953.4453562851882
208.8781433716445 983.2279207506784
208.90802859113663 830.876190442989
208.93791381062871 605.9301371195812
208.9677990301208 399.6595486439149
208.99768424961283 244.65178148210643
209.0275694691049 151.18568658766316
209.057454688597 150.76053554791847
209.0873399080891 272.39116940238546
209.11722512758115 474.6439850452267
209.14711034707324 632.1206074829444
209.17699556656527 627.5642654364746
209.20688078605735 471.03289135553433
209.23676600554944 308.4367535136093
209.26665122504153 290.9388255113579
209.2965364445336 431.9334369980236
209.32642166402567 600.8442678128763
209.35630688351776 668.3021127004732
209.38619210300985 648.6282809851991
209.41607732250196 670.7710696738088
209.445962541994 802.1982493163562
209.47584776148608 935.8256711191145
209.5057329809781 884.507523991701
209.53561820047025 589.5715612373958
209.5655034199623 218.85529695215905
209.5953886394544 28.057283062179025
209.62527385894643 109.24639010085056
209.6551590784385 300.19308258432835
209.6850442979306 360.94908047057135
209.7149295174227 223.0187854431313
209.74481473691475 43.62798024734828
209.77469995640683 17.308594440664148
209.8045851758989 162.49021264450394
209.83447039539095 320.2403142560204
209.86435561488304 349.7077735905118
209.89424083437515 272.24278998760315
209.9241260538672 200.96107091067017
209.95401127335927 177.3672466987238
209.98389649285133 138.3551224382987
210.01378171234344 54.11325205159315
210.04366693183556 41.670196892091546
210.0735521513276 267.762285339336
210.10343737081968 723.8948715283587
210.1333225903117 1147.6153355618908
210.16320780980385 1241.2427816123322
210.1930930292959 976.3365936510685
210.222978248788 614.3162846524929
210.25286346828003 424.14288309653966
210.2827486877721 419.37806217389976
210.31263390726417 390.59419740703936
210.3425191267563 219.57016858749645
210.3724043462484 91.17326973826604
210.40228956574043 300.63301954506846
210.4321747852325 884.7485085219326
210.46206000472455 1492.6570036847463
210.49194522421664 1661.3726471663929
210.52183044370875 1258.3958837776854
210.5517156632008 602.260973096652
210.58160088269287 129.7009979140968
210.61148610218493 6.7234725463315534
210.64137132167704 66.649514090862
210.67125654116913 76.22817169480744
210.7011417606612 12.08992779532192
210.73102698015327 46.239952818516464
210.76091219964536 294.34012321854686
210.7907974191374 646.7322039398912
210.8206826386295 865.0720934206807
210.8505678581216 810.2241136433688
210.88045307761365 552.47750548918
210.9103382971057 275.33004355171335
210.94022351659777 104.34983337862748
210.97010873608988 42.53045860813615
210.999993955582 46.31414483920116
211.029879175074 125.13664965450512
211.0597643945661 351.4319762967508
211.08964961405815 779.9855031292498
211.11953483355023 1353.8861199648354
211.14942005304235 1885.502933803092
211.1793052725344 2142.7860852351937
211.2091904920265 1977.0812771779097
211.23907571151855 1431.14014806901
211.26896093101064 769.2208179493628
211.29884615050273 330.15155466648326
211.3287313699948 269.52142310219614
211.35861658948687 441.9760546240698
211.38850180897893 549.9257718015053
211.418387028471 432.9119655431989
211.44827224796313 226.8102618215453
211.4781574674552 219.04482063638304
211.50804268694725 540.0121774291687
211.5379279064393 1005.705679662866
211.56781312593137 1270.606285644078
211.59769834542348 1146.134025134792
211.6275835649156 760.5078368598877
211.6574687844076 399.1082595994951
211.68735400389969 227.86833153986055
211.7172392233918 192.7250099673488
211.74712444288383 149.88212392371994
211.77700966237597 61.57944277547215
211.80689488186803 42.45160475613061
211.8367801013601 214.77336785928517
211.86666532085215 561.9884598678259
211.89655054034424 930.4079435267308
211.92643575983632 1152.2846560015892
211.9563209793284 1171.7808978081357
211.98620619882047 1057.201152207264
212.01609141831253 916.1051439757427
212.0459766378046 827.9648077747147
212.07586185729673 831.3414185294043
212.1057470767888 928.8177387964787
212.13563229628085 1088.2399216110475
212.16551751577293 1248.4510332105983
212.19540273526505 1343.9758831273589
212.22528795475708 1344.0299046116922
212.2551731742492 1261.898509251561
212.28505839374125 1112.9725352434295
212.31494361323328 899.4918069913608
212.34482883272537 657.0721397665573
212.37471405221743 466.0430416990388
212.40459927170957 397.90719513426006
212.4344844912016 452.70118207005487
212.4643697106937 545.8283114763359
212.49425493018575 578.8262796360609
212.52414014967783 510.6070383186389
212.55402536916992 373.5141794233933
212.583910588662 245.75328725550457
212.61379580815407 185.86927151904973
212.64368102764612 194.69260471705
212.67356624713824 258.79244559950115
212.70345146663027 398.2361526563835
212.7333366861224 634.5803918948657
212.76322190561447 908.1813468726718
212.79310712510653 1078.0414119783427
212.8229923445986 1059.6441064846772
212.85287756409068 944.0352946569155
212.8827627835828 952.2338665471678
212.91264800307485 1248.3507262254784
212.94253322256688 1731.032365971027
212.97241844205897 2024.5168507915268
213.00230366155105 1791.6000668069516
213.03218888104317 1085.0516831407383
213.0620741005352 343.22047802442813
213.09195932002729 21.000538931097132
213.12184453951937 200.307996482296
213.15172975901143 548.2998970517169
213.18161497850352 672.1179316551089
213.2115001979956 508.6001868206122
213.2413854174877 354.23205701027865
213.27127063697972 512.7424372402363
213.30115585647184 936.1629431240561
213.33104107596387 1251.0838713747144
213.360926295456 1143.8930393726112
213.39081151494807 707.5903047471245
213.42069673444007 389.7300292214484
213.4505819539322 578.0598196455649
213.48046717342427 1242.3846386951047
213.5103523929164 1964.2408664311772
213.54023761240845 2281.647269086635
213.57012283190048 2022.7718224623927
213.60000805139256 1366.614005707824
213.62989327088468 654.3112947263618
213.65977849037677 166.8486889193198
213.6896637098688 24.320925199544607
213.71954892936088 202.3100924913361
213.74943414885297 576.0728256797838
213.77931936834503 964.9531642748832
213.80920458783712 1196.57857395234
213.8390898073292 1172.369392430752
213.8689750268213 911.8122614300829
213.89886024631332 539.4080535139046
213.92874546580543 206.9962122576012
213.9586306852975 28.535859672878967
213.9885159047896 53.15209607165584
214.01840112428167 239.1527886840877
214.04828634377367 455.2125579514524
214.0781715632658 558.6088076225927
214.10805678275787 517.3203253080325
214.13794200224996 454.8729249174773
214.16782722174204 535.0806383578009
214.19771244123413 773.5052391592844
214.22759766072616 977.2187587934721
214.25748288021828 922.5533918104765
214.28736809971036 613.1925477553582
214.3172533192024 309.18407783836807
214.34713853869448 257.6298331035218
214.37702375818657 421.125733791543
214.40690897767865 516.7588686255218
214.4367941971707 348.21887164204884
214.4666794166628 71.0086145475103
214.4965646361549 54.65326905828041
214.52644985564692 465.5694294770168
214.55633507513903 1037.6503618877496
214.58622029463112 1308.6326873762669
214.6161055141232 1101.696810035172
214.6459907336153 714.8159469219228
214.67587595310732 591.4494863123764
214.7057611725994 856.8930458025188
214.73564639209147 1210.4202361861376
214.76553161158355 1260.2725336465714
214.79541683107564 936.8075559905936
214.82530205056767 524.0310400359986
214.85518727005976 309.16886407091647
214.88507248955187 294.2163910978582
214.91495770904396 273.65788814000035
214.944842928536 135.85733392180225
214.97472814802808 10.940066993891863
215.00461336752016 94.81048256682307
215.03449858701225 385.28477727510256
215.06438380650437 673.9971356670196
215.0942690259964 807.2524150690142
215.12415424548848 878.132020892472
215.15403946498057 1096.5613817175652
215.18392468447263 1474.8124973922652
215.21380990396472 1707.9081186604783
215.2436951234568 1454.9289483466403
215.2735803429489 755.6512124115521
215.30346556244092 117.8276086703972
215.333350781933 147.28523916342786
215.3632360014251 1029.5731475255927
215.39312122091715 2319.590163236239
215.42300644040924 3255.8457782486425
215.45289165990127 3327.8656461962046
215.48277687939336 2586.358520798843
215.51266209888547 1499.775502793939
215.54254731837756 584.3332185611804
215.5724325378696 105.39183489725588
215.60231775736167 6.233064502484422
215.63220297685376 60.08668438197046
215.66208819634585 83.7372816773795
215.69197341583796 43.29546994089273
215.72185863533 25.127819065990117
215.75174385482208 132.16970671278904
215.78162907431417 382.8198734597657
215.81151429380623 681.8839481970733
215.8413995132983 882.4632074398414
215.8712847327904 897.5298113088368
215.90116995228243 777.4187065953025
215.93105517177452 673.553410530142
215.9609403912666 703.8225478752798
215.9908256107587 847.4928098209054
216.0207108302508 977.6060238503763
216.05059604974284 999.4785722016576
216.08048126923487 952.4000749023265
216.110366488727 959.2018410660921
216.14025170821904 1075.407230056318
216.17013692771116 1205.913517127521
216.2000221472032 1174.6599060619017
216.22990736669527 886.7592807722141
216.25979258618736 445.68276426086504
216.28967780567945 106.65816319171039
216.31956302517156 89.63988167481651
216.3494482446636 419.26167597338474
216.37933346415568 929.8650208344451
216.40921868364777 1406.4992795639716
216.43910390313985 1716.999126509506
216.4689891226319 1840.727809810532
216.498874342124 1821.1857896819697
216.52875956161603 1709.0852185620931
216.55864478110811 1538.0703842611076
216.58853000060023 1342.655109114974
216.6184152200923 1178.5255569680508
216.6483004395844 1103.2773724032852
216.67818565907643 1141.250261741171
216.7080708785685 1275.0106867162456
216.7379560980606 1457.3930602979747
216.76784131755264 1617.206093350883
216.79772653704475 1663.9484887106032
216.8276117565368 1519.0013408623788
216.85749697602887 1171.6199129265415
216.88738219552096 712.6917641481294
216.91726741501304 298.45344847142405
216.94715263450516 57.8247571450186
216.9770378539972 16.850157738538012
217.00692307348928 97.76524286773056
217.03680829298136 188.294786447466
217.06669351247345 230.3636341783481
217.0965787319655 257.9204230976145
217.1264639514576 352.9554427222462
217.15634917094965 572.5909880760004
217.1862343904417 914.467224590097
217.21611960993383 1329.5913162506824
217.24600482942589 1757.363485017885
217.275890048918 2146.674440941513
217.30577526841003 2436.0203347433167
217.3356604879021 2529.630580710572
217.3655457073942 2334.95974680948
217.39543092688623 1843.2267656648216
217.42531614637835 1172.9450603222997
217.45520136587044 538.9609371153139
217.48508658536247 153.6459258488809
217.51497180485455 98.15790044635862
217.54485702434664 260.96437869874967
217.57474224383873 419.347934147867
217.6046274633308 406.0675176926933
217.63451268282287 227.75204755355404
217.66439790231493 47.88160049207045
217.69428312180705 50.14192522582816
217.72416834129913 297.48253757638
217.7540535607912 699.0570992845509
217.78393878028325 1088.7946950957703
217.8138239997753 1336.8475890785555
217.84370921926745 1406.0362211971772
217.87359443875948 1322.3537096277732
217.9034796582516 1126.3827153496802
217.93336487774363 883.8717792159872
217.9632500972357 733.9256826469153
217.9931353167278 889.6977818567126
218.0230205362199 1538.176412552209
218.05290575571195 2670.5252153582323
218.08279097520403 3971.965546440556
218.1126761946961 4910.138335037497
218.14256141418815 5016.894051174854
218.17244663368024 4179.866078017335
218.20233185317232 2729.6064558335806
218.2322170726644 1258.6182261035356
218.26210229215647 292.81407126630234
218.29198751164853 16.247412175692123
218.32187273114064 219.06814398673487
218.35175795063273 501.14457155756713
218.3816431701248 566.7633203202174
218.41152838961688 386.6360257317433
218.4414136091089 142.77458971625003
218.47129882860105 39.31724284442068
218.5011840480931 138.3529872367704
218.5310692675852 336.8157497077096
218.56095448707725 474.1898406242527
218.59083970656928 461.3127330872214
218.62072492606137 333.4873610137721
218.6506101455535 212.0403496344206
218.68049536504557 217.13287171456025
218.71038058453763 387.27422205387313
218.7402658040297 650.1926154208007
218.77015102352175 862.2708256081813
218.80003624301384 894.8280817621572
218.82992146250592 717.4103059260297
218.859806681998 429.2492862884272
218.88969190149007 216.1102092991956
218.91957712098213 244.58688872622324
218.94946234047424 547.6616937514184
218.97934755996633 984.6606594445934
219.0092327794584 1319.2909191323067
219.03911799895047 1366.1527353262336
219.06900321844253 1102.4447686623846
219.0988884379346 670.0599828035201
219.12877365742673 273.55838762707566
219.1586588769188 50.14782094690425
219.18854409641085 1.2449693592006454
219.21842931590288 28.990569657696007
219.24831453539497 41.333133284071806
219.27819975488708 33.165311896089285
219.30808497437917 80.0910251668263
219.3379701938712 260.86854286252407
219.3678554133633 572.3279335477706
219.39774063285537 902.0705705830088
219.42762585234743 1088.5047902392776
219.45751107183955 1027.31007398703
219.4873962913316 741.360429123409
219.5172815108237 368.34237588007176
219.54716673031572 87.3125786219262
219.57705194980784 35.19527233101651
219.60693716929993 251.9706614929184
219.636822388792 676.2138519225449
219.66670760828407 1196.554774542174
219.69659282777607 1723.2627046374434
219.7264780472682 2211.233076685788
219.75636326676033 2618.317775885166
219.7862484862524 2860.621786962596
219.81613370574445 2816.720927834744
219.8460189252365 2393.862616971585
219.87590414472857 1636.6523555719464
219.90578936422068 786.3870916284862
219.9356745837128 193.75847281990735
219.9655598032048 112.90245251614832
219.99544502269688 517.8444744717136
220.02533024218897 1091.2223145731602
220.05521546168103 1430.8589001135615
220.08510068117317 1328.4942890524824
220.1149859006652 886.4130659290112
220.1448711201573 393.83563013450714
220.17475633964932 99.12893680982883
220.20464155914144 59.82915213561629
220.23452677863352 163.25000025633523
220.2644119981256 273.42515749312224
220.29429721761767 343.80864380766553
220.32418243710973 397.2538296140143
220.3540676566018 449.64113115795703
220.38395287609393 489.73381578521753
220.413838095586 524.6201217107439
220.44372331507805 609.6001567930332
220.47360853457013 795.7621485264923
220.50349375406216 1039.409427963698
220.53337897355428 1186.631844289846
220.5632641930464 1086.429472731094
220.5931494125384 741.1270068384231
220.62303463203048 327.43878286131894
220.65291985152257 55.83997128623117
220.68280507101463 8.74332304376831
220.71269029050677 100.30160554468412
220.7425755099988 188.1164097920964
220.7724607294909 220.1839644243098
220.80234594898295 259.5369334084519
220.83223116847503 384.7181516122544
220.86211638796712 593.5858335558075
220.8920016074592 797.5636398801497
220.9218868269513 894.0702418849603
220.95177204644332 839.0408866559065
220.9816572659354 657.0283143497084
221.01154248542747 410.5778122922006
221.0414277049196 188.54175792890652
221.07131292441164 106.68873879652688
221.10119814390367 261.2337294285442
221.13108336339576 637.6733796602649
221.16096858288788 1066.6054904721875
221.19085380238 1308.289110368984
221.220739021872 1220.9640824217315
221.25062424136408 861.2232140765245
221.28050946085617 431.3635240710643
221.31039468034825 137.54153078492647
221.34027989984037 80.07729009512454
221.3701651193324 247.63268106859937
221.40005033882449 580.6612338141864
221.42993555831657 1014.836214335711
221.45982077780863 1481.7452738048123
221.48970599730072 1916.8301854733245
221.5195912167928 2294.617523472813
221.5494764362849 2635.6545575617306
221.57936165577692 2951.5468571280076
221.609246875269 3180.257554508458
221.63913209476107 3168.920844876837
221.6690173142532 2757.554311441909
221.69890253374524 1972.172982811736
221.72878775323727 1121.6393124576111
221.7586729727294 585.4026407902854
221.78855819222147 482.01656146752185
221.81844341171356 592.2580131741099
221.84832863120565 593.04747323239
221.87821385069768 361.2901060952327
221.90809907018976 78.87077073232393
221.93798428968185 26.839104915102563
221.96786950917397 265.8947375736752
221.997754728666 546.8136615190855
222.02763994815808 555.9554774520301
222.05752516765017 261.13966599176246
222.08741038714223 8.715685471994439
222.11729560663431 246.7425244542451
222.1471808261264 1123.1333052628868
222.1770660456185 2322.055421115495
222.20695126511052 3272.3692283473288
222.23683648460263 3550.948637561032
222.2667217040947 3147.7597564047537
222.2966069235868 2395.716034996533
222.32649214307887 1683.020675357876
222.35637736257087 1218.490073636498
222.386262582063 991.6939494845294
222.41614780155504 881.4984717986138
222.44603302104716 791.2585904151963
222.47591824053924 708.2555819770357
222.50580346003127 667.3590167403102
222.53568867952336 684.3169609214914
222.56557389901545 727.1725979473763
222.59545911850756 736.2458776158371
222.6253443379996 665.0240529093047
222.65522955749168 513.5535293938452
222.68511477698377 335.5419145989697
222.71499999647585 213.5653979064398
222.7448852159679 213.68770039396225
222.77477043546 344.9401604129081
222.8046556549521 550.9304452592113
222.83454087444412 738.2184429030208
222.86442609393623 820.8175115960727
222.8943113134283 755.4840852293319
222.9241965329204 556.1171573459291
222.9540817524125 293.57960114713734
222.9839669719045 76.45896430934145
223.0138521913966 2.4849250635026747
223.04373741088864 102.58290595969696
223.07362263038075 311.21834667032164
223.10350784987284 496.35228342930225
223.13339306936487 563.4261016955342
223.16327828885696 557.5127032932379
223.19316350834907 650.1830574818439
223.22304872784116 1006.1807551106637
223.2529339473332 1638.3225300460751
223.28281916682528 2358.936719671745
223.31270438631736 2876.8919337490206
223.34258960580945 3008.753700532685
223.3724748253015 2829.8137468491445
223.4023600447936 2575.68979707986
223.43224526428568 2390.3345590512686
223.4621304837777 2213.0686120722617
223.49201570326983 1894.5849941340753
223.5219009227619 1383.6407642987208
223.551786142254 822.4299301575551
223.5816713617461 465.5539888612832
223.6115565812381 452.3454959614224
223.6414418007302 653.0735744009305
223.6713270202223 773.5607942622189
223.70121223971435 613.6727954513145
223.73109745920644 255.11068018074792
223.76098267869847 20.133004249128565
223.79086789819056 201.2506721652332
223.82075311768267 800.6765750307403
223.85063833717473 1508.7852376250212
223.8805235566668 1917.771140113122
223.91040877615887 1814.601013844204
223.94029399565096 1314.2346639412503
223.97017921514305 721.5977040972044
224.0000644346351 303.1873587908956
224.0299496541272 169.16013583715647
224.05983487361928 296.0718030438944
224.0897200931113 628.9318234270597
224.11960531260345 1152.9905459870351
224.1494905320955 1856.7444776349016
224.1793757515876 2639.1799418050805
224.20926097107963 3282.8762431938894
224.23914619057172 3532.929305772848
224.2690314100638 3233.544648969454
224.2989166295559 2460.4210525838334
224.32880184904795 1519.2038922211152
224.35868706854004 742.8261093609643
224.3885722880321 284.79184943902703
224.41845750752415 93.41068908816872
224.44834272701624 29.718472256926145
224.47822794650833 6.199104338694418
224.5081131660004 41.06807422795866
224.53799838549247 200.14611780071573
224.56788360498453 496.19534284104986
224.59776882447665 833.8350167983267
224.62765404396876 1051.563312073288
224.6575392634608 1034.9489344846436
224.68742448295288 796.6264857606204
224.71730970244496 460.93713852770304
224.74719492193705 181.60975549504255
224.7770801414291 49.05148266020559
224.8069653609212 48.968279718597614
224.83685058041323 99.3179965907464
224.8667357999053 121.7827288838962
224.8966210193974 91.98965173440563
224.9265062388895 45.628348626312444
224.95639145838155 43.66500995331799
224.98627667787363 127.41449829624084
225.0161618973657 296.7027244460607
225.04604711685775 515.2549260596061
225.07593233634984 734.067486459689
225.10581755584195 920.0190219409761
225.135702775334 1068.7940481850712
225.16558799482607 1195.969474335948
225.19547321431816 1322.4916358277217
225.22535843381024 1465.819638340059
225.25524365330233 1634.316308934997
225.2851288727944 1820.6739897743848
225.31501409228648 1995.2498784680024
225.34489931177856 2106.180107954044
225.37478453127065 2094.735498517017
225.4046697507627 1924.446309327766
225.4345549702548 1606.0937100117292
225.46444018974685 1199.0930947596037
225.4943254092389 789.3734554168702
225.52421062873097 458.3970093085428
225.55409584822308 255.69233707768427
225.5839810677152 185.38186391937447
225.61386628720723 211.86213335881033
225.6437515066993 277.33394690854817
225.6736367261914 321.9263249827161
225.70352194568343 304.6391909812094
225.73340716517555 223.96230181931017
225.7632923846676 129.85298211581087
225.79317760415967 112.48950214990228
225.82306282365175 257.5184593489397
225.85294804314384 581.7761017613547
225.88283326263593 991.3382257367828
225.912718482128 1306.9447882169263
225.94260370162007 1371.2282497184024
225.97248892111213 1187.4259745121267
226.0023741406042 975.2382957423468
226.03225936009633 1049.1144371518435
226.0621445795884 1569.099626627493
226.09202979908045 2362.486870320104
226.1219150185725 2983.1415118981654
226.15180023806465 2998.9850682477454
226.18168545755668 2338.746900180954
226.2115706770488 1430.728519245152
226.2414558965408 946.1033935305146
226.2713411160329 1309.5864197765095
226.301226335525 2386.7246524694096
226.33111155501703 3580.101508649912
226.36099677450915 4234.164477572233
226.3908819940012 4045.094143310972
226.4207672134933 3184.99275198381
226.45065243298535 2098.758959372356
226.48053765247744 1190.530634686138
226.51042287196952 646.128709192636
226.5403080914616 463.94299212501
226.57019331095367 565.142077600148
226.60007853044573 834.4765934984349
226.62996374993784 1101.632861056216
226.65984896942993 1178.0176502284571
226.689734188922 985.5512957616072
226.71961940841405 649.2379426682879
226.74950462790613 412.05029516540174
226.77938984739825 423.951424181064
226.80927506689028 602.0911005535355
226.8391602863824 709.38033751725
226.8690455058744 606.1561605063146
226.89893072536648 418.7632190403472
226.92881594485857 409.6562373909725
226.95870116435063 678.2475821215238
226.98858638384277 1017.9540689999887
227.01847160333483 1077.939342883388
227.0483568228269 710.6322781485909
227.07824204231895 189.2359868609593
227.10812726181103 14.740311794559169
227.13801248130312 470.26064901945733
227.1678977007952 1377.4905089591084
227.19778292028727 2227.257742177907
227.22766813977933 2536.3726565803086
227.25755335927144 2182.371228793017
227.28743857876347 1446.4235145743576
227.3173237982556 740.3111674057283
227.34720901774764 320.9610614671193
227.37709423723973 213.137841881907
227.4069794567318 289.2836894892662
227.43686467622388 384.56974811871913
227.466749895716 385.0954916133148
227.49663511520805 271.18339295259204
227.52652033470008 112.31534866241184
227.55640555419217 17.009143904553028
227.58629077368428 58.28258385409404
227.61617599317637 227.56143059893947
227.6460612126684 466.5134830089908
227.6759464321605 747.1710923414905
227.70583165165257 1092.4523587699496
227.73571687114463 1492.9914515444766
227.76560209063672 1825.953974183424
227.7954873101288 1891.7545739576617
227.8253725296209 1563.3966556416397
227.85525774911292 936.9578972158184
227.88514296860504 319.9059196203006
227.91502818809707 14.7047234460059
227.9449134075892 90.10231179320232
227.97479862708127 354.2488998784851
228.00468384657327 539.9440678174212
228.0345690660654 526.0948889795061
228.06445428555753 393.3473476252069
228.0943395050496 289.4243426329477
228.12422472454165 275.5486602520817
228.15410994403368 304.4613378099102
228.18399516352576 315.2298849843105
228.21388038301788 315.82311824993053
228.24376560250997 362.59978859310473
228.273650822002 477.34177016233264
228.30353604149408 603.0147589855942
228.33342126098617 645.0229891337009
228.36330648047823 555.9026037394813
228.39319169997032 376.12902926091834
228.4230769194624 193.4467506717922
228.4529621389545 76.55225479420515
228.48284735844652 53.098383607028566
228.51273257793864 130.32553640039134
228.54261779743072 307.2435556182522
228.5725030169228 551.9976348136221
228.60238823641487 773.9125877413162
228.63227345590687 844.4104699310524
228.662158675399 682.5801435326787
228.69204389489107 349.280221851112
228.72192911438316 60.68216642985485
228.75181433387525 80.29110790184646
228.78169955336728 549.8864790156019
228.81158477285936 1378.4413759058684
228.84146999235148 2259.935730199958
228.87135521184356 2808.7231693879885
228.9012404313356 2756.469504947001
228.93112565082768 2112.512034305634
228.96101087031977 1174.0584214756811
228.99089608981183 365.8484167473044
229.02078130930397 14.549616358624524
229.050666528796 191.1195978323802
229.0805517482881 701.1881016431048
229.11043696778012 1223.3903429379325
229.14032218727223 1506.8736017404992
229.17020740676432 1497.5035668774408
229.2000926262564 1318.7708085911345
229.2299778457485 1143.4436595386082
229.25986306524047 1062.2671059252566
229.2897482847326 1043.43710846291
229.31963350422467 995.750364983652
229.34951872371676 861.958093449223
229.37940394320884 659.2948287126964
229.40928916270087 449.2012299387399
229.43917438219296 283.56210755737675
229.46905960168507 189.40761123457585
229.4989448211772 197.60158211930195
229.5288300406692 352.9064141845032
229.55871526016128 666.1629852161075
229.58860047965337 1055.8228375892616
229.61848569914545 1355.693500151012
229.64837091863757 1405.7486096805703
229.6782561381296 1163.0775237030207
229.70814135762168 741.5639790829963
229.73802657711371 338.463019346724
229.76791179660583 107.05888098383387
229.79779701609792 80.71085903172195
229.82768223559 186.8150611102749
229.8575674550821 312.8328084359107
229.88745267457412 374.19787650730353
229.9173378940662 348.9749899225833
229.94722311355827 268.93729207955465
229.9771083330504 184.22186578615705
230.00699355254244 128.10386588596782
230.03687877203447 101.83685160955852
230.06676399152656 87.0550522960006
230.09664921101867 76.1826825617848
230.12653443051076 94.20226108889683
230.1564196500028 182.44324137587728
230.18630486949488 344.92521871704986
230.21619008898696 509.7178713903765
230.24607530847905 563.8166353810965
230.27596052797116 447.8285804417419
230.3058457474632 231.51414207344607
230.33573096695528 100.36086250565567
230.36561618644737 242.47500179800548
230.39550140593943 700.0705808106411
230.4253866254315 1301.1461460464086
230.4552718449236 1745.5091167127568
230.48515706441563 1790.5337808638794
230.51504228390772 1404.377936260692
230.5449275033998 790.9391566767302
230.5748127228919 266.8712919641091
230.604697942384 61.83483410569772
230.63458316187604 182.645213744828
230.66446838136807 439.67197785049456
230.69435360086015 605.643277360461
230.72423882035224 575.3058158089906
230.75412403984436 403.9299247311061
230.7840092593364 219.32440051538276
230.81389447882847 107.49143272388112
230.84377969832056 69.61575116324465
230.87366491781265 60.249518646671554
230.90355013730476 45.287063012882825
230.9334353567968 26.31983997109951
230.96332057628888 23.73819127758508
230.99320579578097 48.546081889371344
231.02309101527305 98.32421695566745
231.0529762347651 175.68692415131252
231.0828614542572 297.2953144452521
231.11274667374923 475.52746881743417
231.14263189324132 688.8384447497151
231.1725171127334 873.5168580902471
231.2024023322255 954.7939808023821
231.2322875517176 901.979367254924
231.26217277120963 764.242699088176
231.2920579907017 646.5277340244568
231.3219432101938 629.5844415799794
231.35182842968584 694.9128327438707
231.38171364917795 725.5752453796867
231.41159886867004 601.6609705776788
231.44148408816207 328.3647865576424
231.47136930765416 70.13020832374141
231.50125452714624 22.681638939827085
231.53113974663836 229.25490414521911
231.5610249661304 519.097224320198
231.59091018562248 639.9091929381187
231.62079540511456 483.6046825694472
231.65068062460665 194.7576135011579
231.6805658440987 45.13732626024689
231.7104510635908 188.8310370942808
231.74033628308285 524.712286770437
231.7702215025749 788.6798390636179
231.80010672206703 783.170955668504
231.8299919415591 528.8589797848165
231.8598771610512 215.8118577729704
231.8897623805433 28.55243310433393
231.9196476000353 17.270766390745514
231.9495328195274 110.66951137339655
231.97941803901944 220.39982532141465
232.00930325851155 319.2660932867605
232.03918847800364 432.0007071631167
232.06907369749567 579.3352991943295
232.09895891698775 746.054331296663
232.12884413647984 892.6477188085928
232.15872935597193 981.638554185252
232.188614575464 990.0492065843825
232.21849979495607 910.8419020269102
232.24838501444816 760.4888591413949
232.27827023394025 579.6060928462873
232.3081554534323 402.0989947973053
232.3380406729244 234.28234165160052
232.36792589241648 102.81485664535482
232.3978111119085 126.704040474752
232.42769633140065 514.1575161277505
232.45758155089268 1436.3806543319845
232.4874667703848 2826.9571136958784
232.51735198987683 4278.268553897588
232.5472372093689 5196.094873607764
232.577122428861 5154.867043768433
232.60700764835303 4186.04578647848
232.63689286784515 2755.3794493036617
232.66677808733724 1448.7485213157888
232.6966633068293 627.2742628702506
232.72654852632135 292.7376943502677
232.75643374581344 215.96476904143856
232.78631896530553 184.5848419201621
232.8162041847976 143.86630616467227
232.84608940428967 143.14815407608452
232.87597462378173 209.1741356064852
232.90585984327384 296.0882074761447
232.93574506276593 336.3212370183368
232.965630282258 312.64379262885296
232.99551550175008 269.2895709776752
233.0254007212421 259.19086121571206
233.05528594073425 292.0263158947903
233.08517116022628 329.69903698769275
233.1150563797184 321.2382738583174
233.14494159921043 252.79341537201657
233.17482681870248 193.78132927610247
233.2047120381946 300.1648387244595
233.2345972576867 720.0671689422693
233.26448247717877 1414.9088040408756
233.29436769667083 2051.2843200456714
233.3242529161629 2158.889816245626
233.35413813565495 1529.218712093388
233.38402335514704 545.1881115647777
233.41390857463912 90.74646277485753
233.4437937941312 941.8855933730536
233.47367901362327 3033.872295255121
233.50356423311533 5304.659939900477
233.53344945260744 6369.622962532743
233.56333467209953 5525.4707069986
233.5932198915916 3301.2117834005508
233.62310511108367 1077.4122746158075
233.65299033057573 48.59525014838172
233.6828755500678 419.9118071336461
233.7127607695599 1458.4168550019242
233.742645989052 2212.9060107815694
233.77253120854405 2230.025736823745
233.8024164280361 1711.3589111821786
233.83230164752817 1124.4228753320324
233.86218686702028 756.6771291053443
233.89207208651237 597.0362622128231
233.9219573060044 507.0072285755347
233.9518425254965 412.9894131607907
233.98172774498855 340.6917165537005
234.01161296448063 341.95505097914935
234.04149818397272 458.4221364014208
234.0713834034648 747.4736671712493
234.1012686229569 1269.3210937809313
234.13115384244892 1983.3691671831907
234.16103906194104 2661.2321387409747
234.19092428143313 2963.631310361551
234.2208095009252 2666.4808313753238
234.25069472041727 1853.61905859134
234.28057993990933 900.3142761225979
234.3104651594014 235.6674210434262
234.34035037889353 64.14440487443837
234.3702355983856 269.27406472600325
234.40012081787765 555.9365003887574
234.4300060373697 687.850236189568
234.45989125686177 626.0199933551065
234.48977647635388 481.7857766599144
234.51966169584597 369.65102873107526
234.549546915338 314.83024252432546
234.57943213483009 270.0509249367056
234.60931735432217 187.93292546284408
234.63920257381423 83.08905145786579
234.66908779330635 40.70457141582069
234.6989730127984 170.662186862644
234.7288582322905 539.3061691512122
234.75874345178255 1105.1242212554507
234.78862867127464 1697.8624953611168
234.81851389076672 2071.986174713401
234.8483991102588 2016.1788975686973
234.87828432975087 1494.986908369904
234.90816954924293 743.7060307477475
234.938054768735 165.96180645902007
234.96793998822713 47.977008447059696
234.99782520771916 339.0743494880141
235.02771042721125 709.01037303405
235.05759564670333 832.6686889646678
235.08748086619536 640.5394297210737
235.11736608568748 317.9683189269242
235.1472513051796 87.10932227590592
235.1771365246716 7.520912763332402
235.20702174416368 1.936152722693074
235.23690696365577 49.01866406346999
235.26679218314783 276.83947743408515
235.29667740263997 817.3304522865081
235.326562622132 1576.0401498461558
235.3564478416241 2205.592136695642
235.38633306111615 2371.3129488263216
235.41621828060823 2048.9871709686636
235.44610350010032 1543.8322378869752
235.4759887195924 1219.2689619457287
235.50587393908447 1204.178447181345
235.53575915857652 1339.3749087213791
235.5656443780686 1376.4668661879275
235.59552959756067 1208.5292193202968
235.6254148170528 909.5364621219614
235.65530003654484 605.3924566984532
235.68518525603693 375.1005750008314
235.715070475529 255.9171062493847
235.74495569502108 272.8595599432315
235.7748409145132 419.91570953102666
235.8047261340052 610.3417066626814
235.83461135349728 695.1054170832676
235.86449657298937 581.3865688486451
235.89438179248145 329.988135745931
235.92426701197357 106.75307650637524
235.9541522314656 32.20453786383083
235.9840374509577 99.13922369475186
236.01392267044977 213.89491845316343
236.04380788994183 282.9410589984612
236.07369310943392 280.78310536079414
236.103578328926 241.49666083197167
236.1334635484181 190.7119337413534
236.16334876791012 163.89503002115998
236.19323398740224 279.97267501027125
236.22311920689427 688.7492680464139
236.2530044263864 1407.151121524438
236.28288964587844 2216.7641813301666
236.31277486537047 2744.8736554788143
236.3426600848626 2708.2959954113276
236.37254530435467 2134.4963498525794
236.4024305238468 1351.7132097781096
236.4323157433388 749.327023459096
236.46220096283088 506.729446735072
236.49208618232296 506.3673224042173
236.52197140181505 496.76985315756417
236.55185662130717 336.62607477006736
236.5817418407992 104.77396325494854
236.61162706029128 31.602517400913808
236.64151227978337 318.9348547857543
236.67139749927543 965.2212267423747
236.70128271876752 1726.8032333684132
236.7311679382596 2250.766516218631
236.7610531577517 2292.5407418354703
236.79093837724372 1866.2375043701215
236.82082359673583 1222.128411480281
236.8507088162279 678.7097381855717
236.88059403572 432.74814657898554
236.91047925521204 487.7873920476705
236.94036447470407 745.5439271517962
236.9702496941962 1142.374375998271
237.00013491368827 1675.4630469378912
237.03002013318036 2303.5999937266274
237.05990535267244 2860.3597874616958
237.08979057216447 3096.7930181311044
237.11967579165656 2832.9637719527104
237.14956101114868 2107.5426544436737
237.17944623064076 1192.3563074526296
237.2093314501328 432.21352253655783
237.23921666962488 44.95995891787004
237.26910188911697 34.18673337710306
237.29898710860903 238.20211808908303
237.3288723281011 453.3304763708002
237.3587575475932 543.8276438720463
237.38864276708523 478.0274686434657
237.41852798657732 306.1641820159924
237.44841320606943 124.84007070425172
237.4782984255615 39.152658458954654
237.5081836450536 117.5920149509066
237.5380688645457 350.18891138648445
237.56795408403767 630.7974496581821
237.5978393035298 792.6018410018829
237.62772452302187 710.4772210517061
237.65760974251396 412.21993365328007
237.68749496200604 95.86766667773702
237.71738018149807 16.270836119763878
237.74726540099016 306.13152114516265
237.77715062048227 855.0357162195772
237.80703583997436 1356.389429336483
237.8369210594664 1513.3295437808345
237.86680627895848 1248.1433455142687
237.89669149845056 742.7649005827489
237.92657671794265 282.60866866837387
237.9564619374347 44.58373917652212
237.9863471569268 5.744407559585253
238.01623237641888 31.097546273959388
238.0461175959109 32.59159246255064
238.07600281540303 37.13304531418557
238.10588803489512 117.00382753889272
238.1357732543872 276.90367477521073
238.1656584738793 425.09913733252114
238.1955436933713 458.8875323524245
238.2254289128634 360.33380864017414
238.2553141323555 202.6898702889436
238.28519935184755 79.66046283121433
238.31508457133964 39.61611857699112
238.34496979083167 93.19226592257398
238.37485501032376 260.9510268995951
238.40474022981587 568.7714150386614
238.43462544930796 970.4725613747138
238.4645106688 1284.3248566480408
238.49439588829208 1274.5107435403052
238.52428110778416 867.2034322373213
238.55416632727625 300.1659111415419
238.58405154676836 45.638431691758015
238.6139367662604 510.35101793469056
238.64382198575248 1698.0081665372352
238.6737072052445 3127.290175843615
238.70359242473663 4098.9380520642435
238.7334776442287 4119.592719234477
238.7633628637208 3209.3652003467405
238.79324808321283 1867.8367632854256
238.8231333027049 712.4077623446967
238.853018522197 105.02053767773756
238.8829037416891 37.400966716428
238.91278896118115 262.58461833007607
238.94267418067324 508.9966436470003
238.97255940016527 625.8022031952528
239.00244461965735 598.8646432757481
239.03232983914944 487.8632568363756
239.06221505864156 376.7878614436093
239.0921002781336 360.3814606747488
239.12198549762567 515.6366695972262
239.15187071711773 833.1180514439505
239.18175593660985 1170.6602917031353
239.21164115610196 1316.6853171179723
239.241526375594 1143.050758716562
239.27141159508608 716.2916911665293
239.3012968145781 266.21700075559886
239.33118203407025 24.895299430702647
239.3610672535623 55.01854077655569
239.3909524730544 219.9864668727664
239.42083769254643 324.12406399223465
239.45072291203851 287.5274823936716
239.4806081315306 203.10154753930345
239.5104933510227 230.94682909011573
239.5403785705148 426.4660484755675
239.57026379000683 669.9676713722114
239.6001490094989 770.2058943976353
239.63003422899095 635.7424127371253
239.65991944848304 349.6180460176272
239.68980466797515 93.22080813365565
239.7196898874672 0.3313849561099868
239.74957510695927 64.36985797440877
239.77946032645133 170.31498889862124
239.80934554594344 211.66520153661793
239.83923076543556 174.67309497329916
239.8691159849276 121.49636970564916
239.89900120441968 111.9989384805824
239.92888642391176 147.29015379993373
239.95877164340385 179.65534943614563
239.9886568628959 165.48795187697257
240.018542082388 105.435096631822
240.04842730188005 43.02130555577126
240.0783125213721 36.45563292650096
240.10819774086417 132.1425920245055
240.1380829603563 350.9732590044496
240.1679681798484 678.8559959144457
240.19785339934043 1058.4223502487603
240.2277386188325 1398.5207275296991
240.25762383832455 1611.8677304968
240.28750905781664 1658.9360346449848
240.31739427730875 1561.473886695661
240.3472794968008 1371.4872982359627
240.37716471629287 1125.142499999677
240.40704993578495 833.3202840573458
240.43693515527704 518.8711697893308
240.46682037476913 249.98753261030328
240.4967055942612 123.04879505403812
240.52659081375327 201.98721252463815
240.55647603324536 462.1840505705012
240.5863612527374 788.868141261996
240.61624647222953 1037.0653400894187
240.6461316917216 1107.7909678932044
240.67601691121365 991.6211317469393
240.7059021307057 765.0794792425929
240.73578735019777 547.6582968620788
240.76567256968988 440.09135656073033
240.795557789182 478.420527950069
240.825443008674 629.4626678535026
240.8553282281661 824.5980221009745
240.8852134476582 1005.4580018660852
240.91509866715023 1150.4458171572048
240.94498388664235 1270.5741185516963
240.97486910613443 1387.837689420055
241.0047543256265 1515.5999791646104
241.03463954511855 1647.853771759838
241.06452476461064 1750.9743699486698
241.09440998410273 1757.115105233196
241.1242952035948 1578.7583951391396
241.15418042308687 1167.6302932061049
241.18406564257893 602.2381765231487
241.213950862071 126.17375199214644
241.24383608156313 51.39402253580628
241.2737213010552 551.6025720101118
241.30360652054725 1501.7780300409024
241.3334917400393 2502.2923152047438
241.36337695953145 3088.1921175215334
241.39326217902348 2997.245079236802
241.4231473985156 2318.1801217545662
241.45303261800763 1411.1604540190183
241.48291783749968 660.0444091457985
241.51280305699177 244.74315787255247
241.54268827648383 98.39728559055312
241.57257349597597 50.34394342070124
241.60245871546803 8.381437487428675
241.6323439349601 24.991319216738443
241.66222915445215 201.22740327758305
241.69211437394424 533.7681985133088
241.72199959343632 865.9582193672159
241.7518848129284 992.6030584207859
241.78177003242047 823.638540799542
241.81165525191253 464.5750044272932
241.84154047140464 138.56490124053758
241.87142569089673 9.328509797959779
241.9013109103888 62.27150117782273
241.93119612988087 156.4248279174168
241.96108134937293 185.8458623639885
241.990966568865 182.8170990066943
242.02085178835708 275.13696028579096
242.0507370078492 545.8921356166003
242.08062222734125 921.5337559905087
242.11050744683328 1200.9718487994203
242.14039266632537 1210.2233289228627
242.17027788581743 937.4378691086577
242.20016310530957 532.0691464095785
242.2300483248016 194.20497684714448
242.2599335442937 56.48004615391242
242.28981876378575 125.59616207738338
242.31970398327783 298.41526153234446
242.34958920276992 435.48491865666153
242.379474422262 445.330431954312
242.4093596417541 327.9044036288345
242.43924486124612 159.04161448728388
242.46913008073824 34.34633486966464
242.49901530023027 8.547734667059048
242.5289005197224 72.67889622081219
242.55878573921447 187.38241378395696
242.58867095870647 331.46729612555606
242.6185561781986 507.78025299998313
242.64844139769068 704.3819859236606
242.6783266171828 859.1806724167132
242.70821183667485 875.5748222832334
242.73809705616688 698.3621588771107
242.76798227565897 393.77617839665186
242.79786749515108 143.60605565321544
242.82775271464317 134.58812242208134
242.8576379341352 431.95936299562413
242.88752315362728 934.5331822829022
242.91740837311937 1431.175365939422
242.94729359261143 1710.8843181641053
242.97717881210352 1662.1435226685192
243.0070640315956 1317.5953318487805
243.0369492510877 826.419167320736
243.06683447057972 373.20322731828
243.09671969007184 98.10049176526353
243.12660490956387 56.22971400732354
243.156490129056 212.27051244348868
243.18637534854807 463.14078035434886
243.21626056804007 686.9085345544302
243.2461457875322 795.6948819774261
243.27603100702433 762.025493307625
243.30591622651636 611.9074296889372
243.33580144600845 401.5579732916932
243.36568666550053 195.84916084864247
243.39557188499256 53.45502134704135
243.42545710448468 13.547782834323643
243.45534232397677 82.14483713221709
243.4852275434688 223.4425967955447
243.51511276296088 363.6402878125281
243.54499798245297 418.65395425929944
243.57488320194503 346.3940477792756
243.60476842143711 186.90915650058176
243.6346536409292 42.901037122690425
243.6645388604213 1.425872664074959
243.69442407991332 58.56124687300348
243.72430929940543 124.43384213662924
243.75419451889752 117.36787624289772
243.7840797383896 59.02073826797985
243.81396495788167 74.18442516303494
243.84385017737372 273.42172436738525
243.8737353968658 612.4706605601787
243.90362061635787 891.7268884153239
243.93350583584996 917.2520792781731
243.96339105534204 668.2481728649175
243.99327627483413 344.1110423129441
244.02316149432616 236.6527654243014
244.05304671381828 492.6329710665765
244.08293193331036 995.4738694561012
244.1128171528024 1465.5272948106872
244.14270237229448 1647.0254006933185
244.17258759178657 1460.868050692698
244.20247281127865 1036.5978801264396
244.23235803077077 590.9368075967922
244.2622432502628 277.1851011421663
244.29212846975489 126.63867155540002
244.32201368924697 80.23282869958878
244.35189890873903 63.20054001915669
244.38178412823112 47.31126189216444
244.4116693477232 58.56058587100064
244.4415545672153 134.7667292990792
244.47143978670732 275.58692757787577
244.5013250061994 429.65109904310367
244.53121022569147 527.7565224054046
244.56109544518355 534.7829581631263
244.59098066467564 477.1200839956569
244.62086588416767 419.3632630163848
244.65075110365976 415.3399640214912
244.68063632315187 477.820997592346
244.71052154264396 575.4895052435287
244.740406762136 641.164117420782
244.77029198162808 594.2045389324894
244.80017720112016 399.3684040599572
244.83006242061225 151.69691390859177
244.85994764010437 113.63673533089836
244.8898328595964 628.564068674957
244.91971807908848 1906.2300110804156
244.94960329858057 3761.85087476254
244.97948851807263 5527.369991281329
245.00937373756472 6374.726508749128
245.0392589570568 5871.637937707244
245.0691441765489 4253.993328847902
245.09902939604092 2253.2670395667487
245.128914615533 688.864993863172
245.1587998350251 27.18191707758455
245.1886850545172 152.016921483296
245.21857027400924 559.0763001663283
245.24845549350127 801.2421567286833
245.2783407129934 777.3452563061164
245.30822593248547 682.3447195983728
245.33811115197756 739.7832545693788
245.3679963714696 970.3241335110911
245.39788159096167 1186.5988909863659
245.42776681045376 1182.5364039675567
245.45765202994585 920.9560683642312
245.48753724943796 558.9009609526996
245.51742246893 307.18189258514434
245.54730768842208 271.86072094909287
245.57719290791417 415.81627789922794
245.60707812740625 628.6691809745676
245.6369633468983 814.0605549005934
245.6668485663904 921.2911734778432
245.69673378588243 913.5352687671688
245.72661900537452 756.6024512586981
245.75650422486663 471.2873297589184
245.7863894443587 168.6348039384731
245.8162746638508 8.926070008495449
245.84615988334284 98.87735606599539
245.8760451028349 389.14846410375446
245.905930322327 684.8993125732236
245.93581554181904 786.141648714027
245.96570076131115 631.9373508618756
245.9955859808032 349.2465271757496
246.02547120029527 172.58501051665323
246.05535641978736 265.77875771716725
246.08524163927945 597.4451004641919
246.11512685877156 980.4739815239316
246.1450120782636 1203.54159556902
246.17489729775568 1146.7648421334227
246.20478251724776 838.0068512241814
246.23466773673985 431.3465784761636
246.2645529562319 116.72990978209184
246.294438175724 20.353249434153348
246.32432339521603 158.22806823046963
246.3542086147081 447.3315604303023
246.38409383420023 749.8452385757842
246.4139790536923 942.5074645713513
246.4438642731844 980.8469540408792
246.47374949267643 902.8896670297264
246.5036347121685 777.2789338672932
246.5335199316606 655.3352901562486
246.56340515115264 556.4034424103688
246.59329037064475 477.5561267592186
246.62317559013684 413.4163429444543
246.65306080962887 369.19152280126207
246.68294602912096 357.98750715178903
246.71283124861307 395.7474608617569
246.74271646810513 502.7251164837869
246.7726016875972 694.9558066084569
246.80248690708927 953.963776298238
246.83237212658136 1198.0341399322551
246.86225734607345 1294.6112934501127
246.8921425655655 1133.853879377558
246.9220277850576 732.7676116182507
246.95191300454965 274.5950657506099
246.9817982240417 13.196125263401719
247.01168344353383 105.96861781713083
247.04156866302588 504.91040762038887
247.071453882518 984.6241150999352
247.10133910201003 1292.5869225925835
247.1312243215021 1305.0575257251924
247.1611095409942 1071.5734224381852
247.1909947604863 745.8240728990295
247.22087997997835 477.01006757793766
247.25076519947044 333.8870227406563
247.28065041896247 295.53344927663807
247.31053563845455 291.2248029871842
247.34042085794664 254.15490490907885
247.37030607743873 164.80917598702135
247.4001912969308 62.926263507722446
247.43007651642287 22.803712422399204
247.45996173591493 105.16582976663165
247.48984695540705 302.42218325565796
247.51973217489913 515.6320186087723
247.5496173943912 608.2598618529408
247.57950261388328 509.871122166318
247.6093878333753 279.95801226715287
247.63927305286745 85.70090658426902
247.6691582723595 92.34652892290515
247.6990434918516 322.7302846823639
247.72892871134363 643.6732364192284
247.7588139308357 883.4963736741277
247.7886991503278 918.6208043394856
247.8185843698199 748.0052603340287
247.84846958931195 523.1535506602285
247.87835480880403 374.29699417547374
247.9082400282961 277.93042291389645
247.93812524778815 174.26350530305902
247.96801046728024 68.29934008634224
247.99789568677232 25.625707897446134
248.0277809062644 131.4929889388407
248.05766612575647 381.94454410581847
248.08755134524853 641.6511584838491
248.11743656474064 743.0519167299972
248.14732178423276 616.1734887056117
248.1772070037248 367.422861728254
248.20709222321688 203.83582315699985
248.23697744270893 242.62007793449536
248.26686266220105 423.34316233278594
248.2967478816931 581.4703887939955
248.3266331011852 594.1988548935035
248.35651832067725 486.0123066747748
248.38640354016928 391.8023805965772
248.41628875966137 416.7329839482396
248.44617397915349 536.3994675857149
248.47605919864557 622.547938174567
248.50594441813763 563.4867089021603
248.5358296376297 366.20900722873847
248.56571485712175 145.98593621654038
248.59560007661383 20.22339084375804
248.62548529610595 20.160327805016216
248.655370515598 97.27059484562963
248.68525573509007 188.1208241193636
248.71514095458213 260.5802422447752
248.74502617407424 302.25012858621403
248.77491139356633 288.5394787941407
248.8047966130584 199.26705225867
248.83468183255047 70.44180834844315
248.86456705204253 0.5391978487167832
248.8944522715346 83.21279309958872
248.92433749102673 317.0409918211428
248.9542227105188 576.1826201483052
248.98410793001085 690.5472001632212
249.0139931495029 577.6197758164504
249.04387836899497 315.0243409687335
249.07376358848708 95.51466314461852
249.1036488079792 85.92808296280356
249.1335340274712 304.92714631958614
249.1634192469633 633.826216222237
249.19330446645537 917.4588209495047
249.22318968594743 1046.3969205519516
249.25307490543955 992.3313819366252
249.2829601249316 802.6960991355405
249.3128453444237 557.044650662088
249.34273056391572 323.1561420959134
249.37261578340784 149.45765247765965
249.40250100289992 76.21482498957255
249.432386222392 133.2579462969542
249.46227144188407 318.68075257044774
249.49215666137613 570.8352046333645
249.5220418808682 760.9112932791523
249.55192710036033 751.0495115612117
249.5818123198524 513.3906595617875
249.61169753934445 197.4621000664875
249.6415827588365 52.185995367127454
249.67146797832856 245.47004972396732
249.70135319782068 702.150576523293
249.7312384173128 1108.2856652898872
249.7611236368048 1141.6933498367916
249.79100885629688 755.0171603094867
249.82089407578897 260.93010061219184
249.85077929528103 128.3979080353217
249.88066451477317 604.5344051767835
249.9105497342652 1477.829445906651
249.9404349537573 2231.5445452923486
249.97032017324935 2435.820987128224
250.00020539274144 2032.017443148276
250.03009061223352 1323.7005502621555
250.0599758317256 704.0109942658411
250.08986105121767 357.4290464252779
250.11974627070973 210.96557056777297
250.1496314902018 118.54766089231848
250.17951670969387 33.89301413930559
250.209401929186 18.444915046102437
250.23928714867805 123.39933271586447
250.26917236817013 300.9495194796892
250.29905758766216 447.2219662036456
250.32894280715428 504.6285769064719
250.3588280266464 499.9529954851295
250.3887132461384 492.09118928226366
250.41859846563048 491.4897609732447
250.44848368512257 446.61876647771936
250.47836890461463 324.4757073159906
250.50825412410677 180.13350737880015
250.5381393435988 116.89433277431684
250.5680245630909 183.1797481201476
250.59790978258297 322.351320605132
250.62779500207503 426.4993844696977
250.65768022156712 438.15335557985463
250.6875654410592 393.2809865652623
250.7174506605513 365.8467128583574
250.74733588004332 384.5639251816584
250.7772210995354 411.30111785915057
250.80710631902747 394.3744587020541
250.8369915385196 335.8102726101024
250.86687675801164 301.51680778465783
250.89676197750367 357.8372944184161
250.9266471969958 499.4170263028616
250.95653241648787 649.3794553143505
250.98641763598 725.7763511556593
251.01630285547205 706.2634422200498
251.04618807496408 644.4965725950407
251.07607329445617 630.1697513786626
251.10595851394825 719.7432164545334
251.13584373344037 889.2094211801635
251.1657289529324 1049.8595209007879
251.19561417242448 1115.746712593373
251.22549939191657 1066.6706315021272
251.25538461140863 968.8255216435168
251.28526983090072 922.2275031669718
251.3151550503928 950.3627051354275
251.3450402698849 972.2953789494215
251.37492548937692 899.6644627518356
251.40481070886904 716.6884026021487
251.43469592836107 493.1014301355514
251.4645811478532 352.12644205988727
251.49446636734527 373.664552588642
251.52435158683727 520.9145433245956
251.5542368063294 687.4270204754719
251.58412202582147 790.0683198367827
251.61400724531356 807.0302363380464
251.64389246480565 754.3965641164656
251.67377768429768 644.8745990423587
251.70366290378976 479.0461989466962
251.73354812328185 279.41284710339164
251.76343334277396 113.97508960936823
251.793318562266 59.569620600007966
251.82320378175808 131.28121248123503
251.85308900125017 248.79992635866256
251.88297422074223 287.42763699887666
251.9128594402343 191.30690173337308
251.9427446597264 45.011390403809294
251.9726298792185 18.949674083267972
252.00251509871052 225.99416498189223
252.03240031820263 608.6299163517975
252.0622855376947 959.1809916268104
252.0921707571868 1068.9536367162293
252.1220559766789 879.0387300229821
252.15194119617087 511.12309973663514
252.181826415663 171.9134983070363
252.21171163515504 17.244625367676043
252.24159685464716 74.2431500438378
252.27148207413924 259.6287079686722
252.30136729363127 456.4951027016591
252.33125251312336 580.4750597002395
252.36113773261548 597.9660202093895
252.39102295210756 516.5255801469287
252.4209081715996 373.76467273360635
252.45079339109168 220.88943280244277
252.48067861058377 101.69412329760236
252.51056383007585 39.75788614424058
252.5404490495679 35.03391769840274
252.57033426906 68.55890883863502
252.60021948855209 116.443791039846
252.63010470804412 164.17960536910314
252.65998992753623 210.9891057217631
252.6898751470283 265.9613996075645
252.7197603665204 342.50280383202687
252.7496455860125 452.8559632174933
252.7795308055045 601.6856858373111
252.8094160249966 780.744344008879
252.83930124448867 968.7929138353111
252.86918646398075 1136.3960041963032
252.89907168347284 1251.6319415134972
252.92895690296487 1287.3575653198427
252.95884212245696 1230.4336917454348
252.98872734194907 1088.9669609756331
253.01861256144116 896.9864328182565
253.0484977809332 712.6253434567906
253.07838300042528 598.2135850135248
253.10826821991736 584.9546286597867
253.13815343940945 651.7096675293482
253.1680386589015 744.7838845039954
253.1979238783936 823.1273744396494
253.22780909788568 881.4487279815597
253.2576943173777 929.6525210234385
253.28757953686983 957.1989638394413
253.31746475636191 924.696382054413
253.347349975854 793.7974913498101
253.3772351953461 567.8180151338188
253.40712041483812 306.50138824279736
253.4370056343302 98.62065654150146
253.4668908538223 6.648643884986991
253.49677607331435 24.1200540596909
253.52666129280644 84.07207070500672
253.55654651229847 115.3921861567454
253.58643173179055 97.11316210431923
253.61631695128264 64.23851400387355
253.64620217077473 70.49273521277532
253.6760873902668 145.290315388921
253.70597260975887 275.5832283384533
253.73585782925096 425.72805422483697
253.76574304874305 577.9014994385767
253.79562826823516 747.1398505825962
253.8255134877272 951.3359975112963
253.85539870721928 1172.9063476716483
253.88528392671137 1353.8393444245778
253.91516914620345 1424.3801064180725
253.9450543656955 1344.9977736980632
253.9749395851876 1144.632706450661
254.00482480467963 932.6278254371914
254.03471002417172 864.5901154014865
254.0645952436638 1068.6059683883996
254.0944804631559 1565.7606507632877
254.12436568264795 2234.300122078348
254.15425090214003 2848.4584617800106
254.1841361216321 3168.9037361119895
254.21402134112415 3039.071130772507
254.24390656061624 2462.1435493183258
254.27379178010835 1622.0108206705308
254.3036769996004 804.1647945190217
254.33356221909247 250.6069947174037
254.36344743858456 48.670056190862304
254.39333265807664 115.12440518605597
254.42321787756876 269.8343313064751
254.4531030970608 350.75025597125244
254.48298831655288 298.2002902246191
254.51287353604496 162.4579521059167
254.54275875553705 45.80746636879675
254.5726439750291 24.424259626526688
254.6025291945212 99.66525208149287
254.63241441401323 207.38394737580523
254.6622996335053 271.4237869776365
254.6921848529974 255.60413568766637
254.7220700724895 179.4162129324919
254.7519552919816 96.3059621689207
254.78184051147363 53.16647015489603
254.8117257309657 57.87130111018143
254.8416109504578 81.40006601948228
254.87149616994984 95.39239173263181
254.90138138944195 109.62976504290684
254.931266608934 168.5197979473117
254.96115182842607 304.1259555680267
254.99103704791816 489.0724586375319
255.02092226741024 638.0110966802017
255.05080748690233 666.1869998813758
255.0806927063944 560.042381276579
255.11057792588647 394.88969534661413
255.14046314537856 276.2440967311407
255.1703483648706 253.5487394440984
255.2002335843627 288.7783827425474
255.2301188038548 307.2058086550455
255.26000402334685 269.1139919183516
255.2898892428389 192.39778967300927
255.31977446233105 120.68921919932836
255.34965968182308 81.5896488611747
255.3795449013152 75.92450089758195
255.4094301208072 95.93316812709085
255.4393153402993 138.60945167535473
255.4692005597914 196.54506307270745
255.49908577928343 245.34429427335257
255.52897099877555 254.49955936198705
255.5588562182676 215.28878522153624
255.5887414377597 150.86876256781187
255.61862665725175 93.61839605834005
255.64851187674384 55.279597057635534
255.67839709623593 25.55547615593955
255.708282315728 3.8250374969021617
255.73816753522007 26.35536538609403
255.76805275471213 151.0646974299717
255.79793797420425 412.35692016788545
255.82782319369633 787.6651391345437
255.8577084131884 1197.10250315286
255.88759363268045 1534.663012503418
255.9174788521725 1714.4584269483978
255.94736407166465 1704.5342252513644
255.97724929115668 1535.2713633676572
256.0071345106488 1291.429099652683
256.03701973014086 1086.5727255556365
256.06690494963294 1008.8052707303352
256.09679016912503 1060.3343818726476
256.1266753886171 1141.8887052532605
256.1565606081092 1113.4493837240675
256.18644582760123 906.0735503984884
256.21633104709326 588.722504198591
256.2462162665854 311.44156635005123
256.2761014860775 183.7630693924136
256.3059867055696 211.3269298443572
256.3358719250616 329.0507434875434
256.3657571445537 472.6203919085781
256.3956423640458 606.074226508357
256.42552758353787 692.8669831771366
256.45541280302996 681.5580097572017
256.485298022522 550.8723108494776
256.5151832420141 366.74590912711267
256.54506846150616 261.7094720323617
256.57495368099825 315.2445510119347
256.60483890049034 455.4169405926229
256.6347241199824 513.1925108788655
256.66460933947445 386.55397761359376
256.69449455896654 151.75937035107958
256.7243797784586 5.448240013012502
256.7542649979507 67.1208266666398
256.7841502174428 241.68583435088
256.81403543693483 321.65613041981976
256.84392065642686 225.1466599793009
256.873805875919 83.29554537043141
256.9036910954111 80.97867941286981
256.9335763149032 243.82904018419225
256.9634615343952 404.5584370451202
256.9933467538873 389.48938954983873
257.0232319733794 225.10701982035263
257.0531171928714 112.52625399945065
257.08300241236356 187.52722142557465
257.11288763185564 355.0662593359897
257.1427728513477 397.4964866518436
257.1726580708397 237.4081702057377
257.20254329033185 48.151650145423226
257.23242850982393 70.29811493468529
257.262313729316 338.2860287348796
257.29219894880805 625.9684188481142
257.32208416830014 671.5651292696538
257.3519693877922 440.54923681864256
257.3818546072843 160.02216514518796
257.4117398267764 106.68807133773365
257.4416250462684 375.8483988121106
257.47151026576046 852.0960027592672
257.5013954852526 1344.757143425582
257.5312807047447 1704.896737241301
257.5611659242368 1850.0103200527665
257.5910511437288 1738.1699765152189
257.6209363632209 1382.1110105193684
257.650821582713 907.0863331427994
257.68070680220507 516.3988965747385
257.71059202169715 341.3237069123175
257.74047724118924 340.4414400973876
257.77036246068127 371.10149702045857
257.8002476801733 358.53126015742606
257.83013289966544 361.0443369473104
257.8600181191576 463.2074371065573
257.8899033386496 637.6299771694887
257.91978855814165 733.9417677264131
257.94967377763373 628.0734334871083
257.9795589971258 369.36021344435886
258.0094442166179 130.13795967797898
258.03932943611 25.64356424043148
258.0692146556021 24.834402311165263
258.09909987509405 27.596691470796987
258.12898509458614 4.373936755043282
258.1588703140783 39.79666650066081
258.1887555335704 237.74002957809947
258.21864075306246 602.0577958303692
258.2485259725545 1002.9823095065154
258.2784111920466 1249.6486153089304
258.30829641153866 1215.5261858710478
258.33818163103075 913.6624369194667
258.36806685052284 486.00342048611896
258.39795207001487 143.3104195430983
258.4278372895069 58.821905223129846
258.45772250899904 252.1611154406691
258.4876077284911 563.4443521910742
258.5174929479832 776.4400481373187
258.54737816747524 811.3726532286638
258.57726338696733 793.032587692564
258.6071486064594 922.4958092670307
258.6370338259515 1293.2051783435354
258.6669190454436 1805.3834913173607
258.6968042649357 2226.2537876765136
258.72668948442765 2335.16337679973
258.75657470391974 2042.9252317515336
258.7864599234119 1435.1956790875531
258.816345142904 751.1392302081229
258.84623036239606 306.4155495333055
258.8761155818881 349.47145075752564
258.9060008013802 882.8616632508864
258.93588602087226 1604.5182714716652
258.96577124036435 2094.0308806932057
258.99565645985643 2106.9761507583808
259.02554167934846 1722.1414440235585
259.0554268988405 1233.224623565535
259.08531211833264 873.8094959040419
259.1151973378247 647.6110196423737
259.1450825573168 459.4696196919532
259.1749677768089 341.42107585769435
259.2048529963009 450.6832937477652
259.234738215793 836.1512377570217
259.2646234352851 1265.9845636851883
259.2945086547772 1377.57849383144
259.3243938742693 1028.7337535199167
259.3542790937613 452.41614322669614
259.38416431325334 56.67837761822405
259.4140495327455 100.9113796662598
259.4439347522376 530.3900575312928
259.47381997172965 1050.6438592033207
259.5037051912217 1395.2461387934457
259.53359041071377 1517.3121343799608
259.56347563020586 1505.4552572301516
259.59336084969794 1456.1685000724135
259.62324606919003 1462.6017014939512
259.65313128868206 1605.376191389648
259.68301650817415 1855.0716208931192
259.71290172766624 1977.4120676846856
259.7427869471583 1674.3422115535911
259.7726721666504 941.7573877725229
259.8025573861425 214.84462744963264
259.83244260563447 36.60957909249916
259.8623278251266 542.0898106018743
259.8922130446187 1320.161664557794
259.9220982641108 1815.5123766921088
259.9519834836029 1773.3160087790604
259.98186870309496 1322.6644564396888
260.01175392258693 785.8864531953985
260.0416391420791 403.5527454960214
260.0715243615712 206.52317850652767
260.10140958106325 128.673543183419
260.13129480055534 138.27273675518154
260.16118002004737 220.5837894096796
260.19106523953945 312.05485906583766
260.22095045903154 332.48979723961605
260.2508356785236 281.55399065163147
260.28072089801566 249.7831378443562
260.31060611750775 308.84110991804
260.34049133699983 404.48269022365935
260.3703765564919 400.69086306244947
260.400261775984 247.8045445176134
260.4301469954761 61.6623555562677
260.46003221496807 15.450455547455512
260.4899174344602 179.84776126621196
260.5198026539523 486.49975961357205
260.5496878734444 841.747054081209
260.57957309293647 1226.7612508650743
260.6094583124285 1639.5127941790674
260.6393435319206 1985.47297542416
260.6692287514127 2106.4116325738446
260.6991139709048 1937.5754964375456
260.72899919039685 1605.1273639314606
260.75888440988894 1328.0079380095028
260.78876962938097 1221.1988326822652
260.81865484887305 1204.2045604041023
260.84854006836514 1090.571705267314
260.8784252878572 786.0202072130311
260.90831050734926 418.983561157075
260.93819572684134 268.219742957499
260.96808094633343 560.3523767140663
260.9979661658255 1308.910426461014
261.0278513853176 2282.423383718811
261.0577366048097 3081.2127855438616
261.0876218243018 3306.475574457724
261.1175070437938 2807.231555925486
261.1473922632859 1821.7929835208615
261.177277482778 827.1486769488646
261.20716270227007 213.59157322984257
261.2370479217621 52.613842563807175
261.2669331412542 122.06515579009177
261.2968183607463 162.03157344796497
261.32670358023836 120.23547930143634
261.35658879973045 133.18268989424823
261.38647401922253 282.5231244175304
261.41635923871456 446.6586230025759
261.44624445820665 432.7881773260767
261.47612967769874 219.8816492376084
261.5060148971908 22.09289375001624
261.53590011668285 79.76708679680061
261.56578533617494 403.34277348023375
261.595670555667 747.5551261448669
261.6255557751591 831.6915352069907
261.6554409946512 596.765610006681
261.6853262141433 241.90231483207833
261.7152114336354 24.83191803767393
261.7450966531274 75.19482121865283
261.7749818726195 345.34291529786003
261.8048670921116 665.1308011517668
261.83475231160367 857.6977274664854
261.8646375310957 831.3661936129542
261.89452275058784 622.8283408215688
261.9244079700798 392.8517423335959
261.95429318957196 314.7011977290508
261.98417840906404 418.8850661816631
262.01406362855613 555.6745996925521
262.0439488480482 536.2147943632973
262.07383406754025 341.0179935520285
262.10371928703233 176.13439169652273
262.1336045065244 288.85826258395485
262.1634897260165 704.7350888918829
262.19337494550854 1152.31753098569
262.2232601650006 1302.7984850935043
262.2531453844927 1074.7820009767242
262.2830306039848 660.8937714930239
262.3129158234769 312.558086144517
262.342801042969 151.34850040640055
262.372686262461 180.4534027960644
262.4025714819531 440.9785222050229
262.4324567014452 1061.2048275845311
262.46234192093726 2079.432940431077
262.4922271404293 3242.104363254081
262.52211235992144 4044.8922353761095
262.55199757941347 4071.7891638396295
262.58188279890555 3361.516398530812
262.61176801839764 2393.052078651393
262.64165323788967 1662.8786986645582
262.6715384573818 1307.1409583541797
262.70142367687384 1115.5023386860348
262.731308896366 827.2053913732518
262.761194115858 403.6989227366003
262.7910793353501 60.58332874293133
262.82096455484213 44.08463801094372
262.8508497743343 377.8627384773752
262.8807349938263 831.7445301786194
262.9106202133184 1123.8841864947694
262.9405054328105 1139.8867030414967
262.97039065230257 965.9017062168682
263.00027587179466 757.470497797444
263.0301610912867 613.6139481445712
263.0600463107788 548.9039229871241
263.08993153027086 531.6047476135964
263.11981674976295 522.6973179736493
263.14970196925503 486.48350280914264
263.17958718874706 394.836468976468
263.20947240823915 254.0077024510356
263.23935762773124 126.0669552522316
263.26924284722327 96.69215592567953
263.2991280667154 212.55932484726156
263.32901328620744 448.6265485620168
263.3588985056995 727.5233375570674
263.3887837251916 971.8269320768121
263.4186689446837 1139.4005872698403
263.44855416417573 1210.7967157130715
263.4784393836679 1167.5086423990263
263.5083246031599 1010.383863843523
263.538209822652 790.1631216972072
263.5680950421441 589.0327267012353
263.59798026163617 460.85980281592816
263.62786548112825 393.159462109269
263.6577507006203 329.8519494849553
263.6876359201124 237.86093944987087
263.71752113960446 155.30816482117515
263.74740635909654 163.17705315335195
263.77729157858863 298.20826760046054
263.8071767980807 494.40944223008034
263.83706201757275 618.4615768447295
263.86694723706484 577.2306829314623
263.89683245655687 401.0980500686908
263.926717676049 216.6381734479248
263.9566028955411 140.75553414436612
263.9864881150331 210.98644427711767
264.0163733345252 393.74441323739785
264.0462585540173 628.5626993847341
264.0761437735094 866.8626146912426
264.1060289930015 1078.815717525288
264.1359142124935 1233.758151864939
264.1657994319856 1298.373112396886
264.1956846514777 1264.7865248645817
264.22556987096976 1167.6806335000472
264.25545509046185 1064.957473036378
264.2853403099539 999.0089357645304
264.315225529446 968.0395992471952
264.34511074893805 928.998305718135
264.37499596843014 833.1912898332707
264.40488118792223 667.2534355337731
264.4347664074143 466.5251179988381
264.46465162690635 294.5115667941053
264.49453684639843 207.98327130201105
264.52442206589046 228.85355245526
264.5543072853826 333.6180681686647
264.5841925048747 462.59642737694605
264.6140777243667 544.1889714771347
264.6439629438588 527.0511292456181
264.6738481633509 411.1605052195413
264.703733382843 258.03125821385504
264.73361860233507 163.95904737724547
264.76350382182716 210.69007618856665
264.7933890413192 419.6406675421493
264.8232742608113 726.3319164499411
264.85315948030336 999.1274396832579
264.88304469979545 1109.563760122015
264.91292991928754 1007.1155886119373
264.9428151387796 742.3354557030038
264.97270035827165 430.3173104953144
265.00258557776374 183.33889132486607
265.0324707972558 54.2078861853856
265.0623560167479 24.40515631717741
265.09224123623994 41.93878814054888
265.122126455732 75.14826002451697
265.15201167522406 133.23933994516915
265.1818968947162 240.30476046766515
265.2117821142083 396.0460399433621
265.2416673337003 557.2201069470569
265.2715525531924 651.1079337186252
265.3014377726845 620.2779441295974
265.3313229921766 472.2226956450452
265.36120821166867 282.35721412096893
265.39109343116075 143.7977773043527
265.4209786506528 118.6106847315673
265.4508638701449 226.05197499472553
265.4807490896369 458.4396120246959
265.51063430912905 799.6051166402631
265.54051952862113 1215.4744815505046
265.5704047481132 1611.020026708894
265.60028996760525 1820.669826587848
265.63017518709734 1701.955386526207
265.6600604065894 1259.0655631091195
265.6899456260815 666.6169529202746
265.7198308455736 192.3071449827548
265.7497160650656 69.4087167627793
265.77960128455766 354.5211875474103
265.8094865040498 870.899015033919
265.8393717235419 1321.8157392917915
265.869256943034 1478.697022490468
265.899142162526 1288.0218573223503
265.9290273820181 864.9165783042147
265.9589126015102 413.8683018661974
265.98879782100227 115.78702227181805
266.01868304049435 39.00061944448352
266.0485682599864 127.4856244598372
266.07845347947847 257.75792144274646
266.1083386989705 319.9040978881138
266.13822391846264 281.71049977463576
266.16810913795473 196.8924040546692
266.19799435744676 148.88714193182224
266.22787957693885 176.18242628409536
266.25776479643093 244.50638697467383
266.287650015923 290.2396089992614
266.3175352354151 289.6031554120708
266.3474204549072 278.12096427067326
266.3773056743992 297.3470000367449
266.40719089389125 331.94741902870766
266.43707611338334 316.48000532080533
266.4669613328755 216.38140124979597
266.4968465523676 104.4083650043664
266.5267317718596 136.04202047264783
266.5566169913517 417.9450873343716
266.5865022108438 890.6178416702987
266.61638743033586 1339.751575301996
266.64627264982795 1531.0298918544167
266.67615786932004 1370.9586272833135
266.70604308881207 969.3411383862726
266.7359283083041 548.4658407803992
266.76581352779624 284.3291833117361
266.7956987472883 216.0982165121949
266.8255839667804 277.03637701584694
266.85546918627244 397.2856094151298
266.88535440576453 577.720569087988
266.9152396252566 863.2333764116228
266.9451248447487 1251.4684362293197
266.9750100642408 1635.2752103728167
267.0048952837328 1829.1138482956385
267.03478050322485 1680.2787140674923
267.06466572271694 1206.0133792857598
267.0945509422091 619.7201175772298
267.1244361617012 185.84284647696416
267.1543213811932 22.743071961783784
267.1842066006853 37.47871591826289
267.2140918201774 56.96510152583701
267.24397703966946 17.891444422334867
267.27386225916155 21.745547653498367
267.30374747865363 208.8849936189996
267.33363269814566 572.4426734976837
267.3635179176377 908.9828051259901
267.39340313712984 984.146420751202
267.4232883566219 741.4990956172829
267.453173576114 349.17242144967014
267.48305879560604 64.02691947408101
267.51294401509807 35.050565322363035
267.5428292345902 217.85002263466407
267.5727144540823 457.9089386653116
267.6025996735744 618.5953186225552
267.6324848930665 646.1254100560394
267.6623701125585 570.8982672210083
267.69225533205054 477.55685764168953
267.7221405515427 467.70483726836807
267.7520257710348 606.6715862577198
267.78191099052685 855.5881892782992
267.8117962100189 1053.4925901896938
267.84168142951097 1014.2881197899457
267.87156664900306 699.8473160370241
267.90145186849514 298.30464530388986
267.93133708798723 82.6658153691875
267.96122230747926 176.20827423746027
267.99110752697135 454.80046569009767
268.02099274646343 664.6065868926212
268.0508779659555 642.048684474549
268.0807631854476 435.7539615713762
268.11064840493964 227.3101992204696
268.14053362443167 147.89735741085616
268.1704188439238 178.59130455865156
268.2003040634159 215.2145581141244
268.230189282908 192.67573648549987
268.2600745024001 124.7421350751086
268.2899597218921 54.213156803192625
268.31984494138413 8.549575689546186
268.3497301608763 7.686049937807738
268.3796153803684 82.38463703201548
268.40950059986045 251.46961850995137
268.4393858193525 471.4001150848271
268.46927103884457 631.3833971390803
268.49915625833665 635.7779675966722
268.52904147782874 497.8302097867092
268.5589266973208 332.38188118218756
268.58881191681286 251.20735242090836
268.61869713630495 268.9600674591572
268.64858235579703 316.96636984566464
268.6784675752891 351.4697655238667
268.7083527947812 418.9513309748248
268.7382380142733 591.9766802159987
268.76812323376527 863.4873812267695
268.7980084532574 1114.303062581267
268.8278936727495 1185.3823700398711
268.8577788922416 1013.8368707478396
268.88766411173367 697.7199233514292
268.9175493312257 401.28150712481647
268.9474345507178 217.22609325929068
268.9773197702099 131.60390027782947
269.007204989702 85.78316347548585
269.03709020919405 46.510080495875634
269.0669754286861 23.07836244150684
269.09686064817816 43.61415193393547
269.12674586767025 133.94530055893875
269.15663108716234 316.37539588450323
269.1865163066544 602.3782821247029
269.21640152614646 950.9937949331048
269.24628674563854 1254.5163023343555
269.27617196513063 1416.7846345488226
269.3060571846227 1460.3662844574071
269.3359424041148 1574.552962973324
269.3658276236069 2024.0721547938977
269.39571284309886 2890.2869639567552
269.425598062591 3885.6619787923646
269.4554832820831 4498.811773276063
269.4853685015752 4331.651777463535
269.51525372106727 3353.419159422732
269.5451389405593 1948.6690501170085
269.5750241600514 709.1081335948761
269.60490937954347 70.90078376300451
269.63479459903556 75.86294391744588
269.66467981852765 424.9724055674977
269.69456503801973 732.5534135908765
269.72445025751176 774.1788706039378
269.75433547700385 569.5855765231976
269.78422069649594 286.01666825070254
269.814105915988 80.98815207433455
269.84399113548005 7.911790424082538
269.87387635497214 22.059453434474392
269.9037615744642 48.41798092481952
269.9336467939563 45.91523127818678
269.9635320134484 29.6455440585458
269.9934172329405 53.43486329128239
270.02330245243246 171.2673341466943
270.0531876719246 397.750339603224
270.0830728914167 684.2655167916888
270.1129581109088 927.0271145560055
270.14284333040086 1016.7810631765108
270.1727285498929 907.6253991062733
270.202613769385 655.0159880785124
270.232498988877 385.85193255597454
270.26238420836916 215.40966587858665
270.29226942786124 176.18051517353095
270.3221546473533 210.85603039742605
270.3520398668453 226.67310347931829
270.38192508633745 170.74844261026465
270.41181030582953 70.57395693213249
270.4416955253216 8.361149295393439
270.4715807448137 56.85821869658784
270.50146596430574 229.370437785194
270.5313511837978 477.13709006923176
270.5612364032899 730.1308575054613
270.591121622782 940.8078384387993
270.6210068422741 1094.2932241209198
270.65089206176617 1190.5082914550212
270.6807772812582 1228.1545603138943
270.7106625007503 1203.2463951292711
270.7405477202424 1114.491747808151
270.77043293973446 980.9442889189713
270.8003181592265 885.3074957707995
270.8302033787186 995.5349911540254
270.86008859821067 1471.9848493070476
270.88997381770275 2293.5790873692654
270.91985903719484 3181.983291618763
270.94974425668687 3715.3565630078833
270.9796294761789 3545.375682724785
271.00951469567104 2630.8961859416545
271.0393999151632 1381.285494907629
271.0692851346552 475.1959645953992
271.0991703541473 393.05277857436533
271.12905557363933 1118.1665285409458
271.1589407931314 2192.7614127459624
271.1888260126235 2979.5782764649484
271.2187112321156 3067.588153498427
271.2485964516077 2557.0742732632
271.27848167109977 1891.9633433090291
271.30836689059174 1468.8604173641984
271.3382521100839 1395.1987375858716
271.368137329576 1496.4600120480527
271.39802254906806 1520.6554125586997
271.42790776856015 1358.581392257116
271.45779298805223 1120.7191876793963
271.48767820754426 1001.2723454812382
271.51756342703635 1037.5116415991365
271.54744864652844 1081.38946894481
271.57733386602047 1004.6933065089974
271.6072190855126 822.4947914105296
271.63710430500464 645.6925243497242
271.6669895244967 564.390930687024
271.6968747439888 549.0124866503768
271.7267599634809 475.5591223799699
271.75664518297293 278.19109907730086
271.786530402465 64.21152928832147
271.8164156219571 40.463870483874075
271.8463008414492 308.9144564626368
271.8761860609413 733.029823744838
271.90607128043337 1014.3696727812523
271.93595649992534 943.9640053435578
271.9658417194175 609.768034895607
271.9957269389096 360.7112620345344
272.02561215840166 541.9708955371483
272.05549737789374 1199.2371013280303
272.08538259738583 2020.969743987425
272.11526781687786 2578.499019240807
272.14515303636995 2611.472010894958
272.17503825586203 2155.9440500118526
272.20492347535406 1486.640483511966
272.2348086948462 909.5888718634272
272.26469391433824 569.296164557426
272.2945791338303 434.4756219895322
272.3244643533224 404.74658987357606
272.3543495728145 397.151708196746
272.3842347923066 371.6130825058386
272.4141200117987 319.8294332258222
272.4440052312907 249.65495962277043
272.4738904507828 180.113658641445
272.5037756702749 133.445027447823
272.53366088976696 116.01539076658342
272.56354610925905 108.52592248536808
272.5934313287511 84.94937338806353
272.6233165482432 43.04554081242885
272.65320176773525 11.480219409216936
272.68308698722734 25.373484436092863
272.7129722067194 90.54924015602211
272.74285742621146 167.15356926028983
272.77274264570354 194.2990817322645
272.80262786519563 142.81814223411115
272.83251308468766 49.419039839634365
272.8623983041798 0.29248829393369413
272.89228352367184 78.80981464572342
272.9221687431639 304.0575528558128
272.952053962656 592.2732950009571
272.9819391821481 788.730495940115
273.0118244016402 771.4840051308771
273.04170962113227 558.1004712604247
273.0715948406243 330.4135515564228
273.1014800601164 333.87825748272104
273.1313652796085 695.6882616144609
273.16125049910056 1290.7610401579984
273.19113571859265 1793.7703014063138
273.2210209380847 1911.2310125990505
273.2509061575768 1594.5438725395163
273.28079137706885 1056.0205435339894
273.31067659656094 603.6936612293233
273.340561816053 438.69584818374983
273.3704470355451 567.9705088542609
273.40033225503714 861.1010335946556
273.4302174745292 1144.1727297631862
273.46010269402126 1253.3866986728863
273.4899879135134 1077.3487144658222
273.5198731330055 642.3673699675873
273.5497583524975 196.2020233658058
273.5796435719896 131.0749866946408
273.6095287914817 697.9075789700743
273.6394140109738 1727.2234549655975
273.66929923046587 2629.744442041449
273.6991844499579 2760.158954183061
273.72906966945 1943.5913522597273
273.75895488894207 727.085124454114
273.7888401084341 21.918575229347127
273.81872532792624 355.4832048065393
273.8486105474183 1441.3845914618914
273.8784957669104 2472.9110533717153
273.90838098640245 2769.251811950587
273.93826620589454 2210.6930190438266
273.9681514253866 1230.1418648865333
273.9980366448787 414.5468577966666
274.02792186437074 51.263186951931566
274.0578070838628 32.53130869026762
274.08769230335486 105.5182119224356
274.117577522847 120.01539626122764
274.1474627423391 74.4766623007478
274.1773479618311 25.287865925226576
274.2072331813232 12.214715339351269
274.2371184008153 55.07030044082924
274.2670036203074 162.99526393749247
274.29688883979946 305.4781834106451
274.32677405929155 393.5647722994345
274.3566592787836 348.1195863346368
274.38654449827567 208.41140652988065
274.4164297177677 143.22916646199985
274.44631493725984 313.29710684496195
274.47620015675193 706.0141442704228
274.50608537624396 1115.337588283238
274.53597059573605 1295.8436728049148
274.56585581522813 1153.299659514704
274.5957410347202 799.8748610906237
274.6256262542123 431.6924265294471
274.65551147370434 175.53826627250282
274.6853966931964 51.837779775557856
274.71528191268845 35.161694340024304
274.74516713218054 107.32872738145949
274.7750523516727 246.0879714463758
274.8049375711647 390.4634882943588
274.8348227906568 459.12346600331193
274.8647080101489 422.61553171133215
274.894593229641 337.6245479601485
274.92447844913306 284.9177698013772
274.95436366862515 288.22995932206794
274.9842488881172 308.09186711959154
275.01413410760927 297.26535943362234
275.0440193271013 253.77396169970888
275.07390454659344 216.3711762225832
275.1037897660855 206.3545169151352
275.13367498557756 198.4570725135688
275.16356020506964 161.74082667705488
275.19344542456173 110.72001941357156
275.2233306440538 99.83122786779089
275.2532158635459 164.95852873417203
275.283101083038 277.7312065331466
275.31298630253 364.25421002390334
275.3428715220221 367.73634651407554
275.37275674151414 291.046578745966
275.4026419610063 182.60766497824036
275.4325271804984 90.75387462237488
275.4624123999904 35.099181522237885
275.4922976194825 11.934946045787118
275.5221828389746 12.317392447881767
275.55206805846666 28.708949411977645
275.58195327795875 54.75303284614349
275.6118384974508 92.64398780018627
275.64172371694286 160.31856316720152
275.6716089364349 278.7169242509388
275.70149415592704 439.3209377808549
275.7313793754191 584.5100204752756
275.76126459491115 634.2541683409318
275.79114981440324 550.424427021997
275.82103503389527 385.652456835964
275.8509202533874 261.86954425552767
275.8808054728795 281.5317298283465
275.9106906923716 441.8139847374396
275.9405759118636 627.6652294042116
275.9704611313557 696.0050095352982
276.00034635084774 584.4627573777409
276.0302315703399 364.8021828701336
276.060116789832 208.94122802466737
276.090002009324 284.7882664973964
276.1198872288161 644.2181430696692
276.14977244830817 1173.2376761287185
276.17965766780026 1628.802046720668
276.20954288729234 1754.625658009402
276.23942810678443 1443.4519771049984
276.26931332627646 839.4610007027748
276.29919854576855 263.0696465092332
276.32908376526063 6.288007781909744
276.3589689847527 164.27219085733705
276.3888542042448 584.1993521256856
276.41873942373684 946.1546187176876
276.44862464322887 983.6018348670502
276.478509862721 695.0153020489452
276.5083950822131 316.10658715135054
276.5382803017052 102.1002480571351
276.5681655211972 148.2428191781551
276.5980507406893 347.30562260935915
276.62793596018133 486.17719657942854
276.6578211796735 431.3384652188004
276.6877063991656 239.92891634058097
276.7175916186576 77.0095946381268
276.7474768381497 54.640998897476486
276.77736205764177 172.06543234036343
276.80724727713385 354.7105697749248
276.83713249662594 504.31682165348417
276.867017716118 551.0000317429029
276.89690293561006 484.3920792474967
276.92678815510214 340.1975745916821
276.95667337459423 189.869054436776
276.9865585940863 130.48006817850256
277.0164438135784 227.91106832768148
277.04632903307044 458.1362550861292
277.07621425256247 717.4195726554967
277.1060994720546 885.0409637836451
277.1359846915467 892.7513356195011
277.1658699110388 757.1625147708438
277.19575513053087 543.3983759203911
277.2256403500229 319.0343442833798
277.255525569515 160.73940746982709
277.2854107890071 153.02479503785725
277.3152960084992 323.8638355629937
277.34518122799125 587.0776010533165
277.3750664474833 778.8539852500862
277.40495166697536 783.0222406747888
277.43483688646745 657.213135540329
277.46472210595954 632.6951370178199
277.4946073254516 918.5667620795315
277.52449254494366 1466.2101787109902
277.55437776443574 1961.5115584503608
277.58426298392783 2060.27759484171
277.6141482034199 1664.314662067125
277.644033422912 1056.0438397570167
277.67391864240403 730.3005817324695
277.70380386189606 958.9994289743098
277.7336890813882 1525.8020679956524
277.7635743008803 1926.6869143575673
277.7934595203724 1777.9298130207987
277.82334473986447 1105.5908155351203
277.8532299593565 363.7021455518708
277.8831151788486 91.55025494522125
277.91300039834067 444.4737428090178
277.94288561783276 1078.0014850000218
277.97277083732484 1465.0521922707385
278.0026560568169 1339.5948488143736
278.03254127630896 918.9822032078184
278.06242649580105 663.0284528135344
278.09231171529314 806.718365238327
278.1221969347852 1194.124792661206
278.15208215427725 1482.5866411776367
278.18196737376934 1414.5285695472999
278.2118525932614 1023.4883431859596
278.2417378127535 632.5800698883047
278.2716230322456 546.7632437330902
278.3015082517377 763.5400364054829
278.33139347122966 1028.2090232069284
278.3612786907218 1081.7118813667335
278.3911639102139 839.5244802118781
278.421049129706 434.8493477271785
278.45093434919806 111.29316253872295
278.4808195686901 25.988300020535533
278.5107047881822 143.7799032935961
278.54059000767427 308.0482685947475
278.57047522716636 384.1836597533015
278.60036044665844 353.58037796957035
278.6302456661505 303.28713299927966
278.6601308856425 317.5389344030027
278.69001610513465 376.4497183580552
278.71990132462673 380.9461802027351
278.7497865441188 275.1086442649159
278.7796717636109 116.9813597262502
278.80955698310294 18.92598200485569
278.839442202595 38.0132847984551
278.8693274220871 127.74880476849428
278.8992126415792 185.77001689641497
278.9290978610713 154.76160402069848
278.95898308056326 77.9132095428371
278.9888683000554 47.376430056060045
279.0187535195475 110.55515187908942
279.0486387390396 234.3737682473236
279.07852395853166 346.36102562044874
279.1084091780237 401.2642686348439
279.1382943975158 407.28521701380254
279.16817961700787 397.4407974862903
279.19806483649995 395.5062860241301
279.22795005599204 409.7151352936537
279.25783527548407 436.85247741681434
279.2877204949761 458.33700563733794
279.31760571446824 439.36300742785136
279.3474909339604 349.8358535232706
279.3773761534524 204.81957978542505
279.4072613729445 87.8533703969545
279.43714659243653 102.64563324870842
279.4670318119286 269.19802559891446
279.4969170314207 476.59057000690433
279.5268022509128 561.5621572033377
279.5566874704049 450.4190849859251
279.58657268989685 225.25470677912
279.61645790938894 53.15911003875383
279.6463431288811 62.59593770998293
279.6762283483732 263.02829189516694
279.70611356786526 547.123826084354
279.73599878735735 781.7562442698497
279.7658840068494 902.2295494064743
279.79576922634146 915.4908587242195
279.82565444583355 860.1028281150942
279.85553966532564 783.7939312763782
279.88542488481767 722.1063619434411
279.9153101043097 674.4304613419063
279.94519532380184 601.7704568779402
279.9750805432939 460.88620820091273
