0.1 2.377254696410432
0.16393598093558792 1.8124240767616675
0.22787196187117584 2.411525461996032
0.2918079428067637 6.030432062230946
0.35574392374235164 15.909749430779367
0.4196799046779396 41.84813609254362
0.48361588561352753 99.52348839855289
0.5475518665491154 179.7258207116346
0.6114878474847033 249.08135614688896
0.6754238284202913 281.74530442378085
0.7393598093558792 250.92777865103537
0.803295790291467 200.87644071893183
0.8672317712270549 217.43982863900385
0.9311677521626429 322.5296574277273
0.9951037330982307 448.6200555361416
1.0590397140338188 456.427397774796
1.1229756949694067 335.04301484156184
1.1869116759049947 272.88136056123625
1.2508476568405826 480.1454184501361
1.3147836377761704 1029.0024164029971
1.3787196187117583 1576.5943270540463
1.4426555996473462 1611.2573233406897
1.506591580582934 1150.0002130900882
1.570527561518522 627.9256858440226
1.63446354245411 550.964649016444
1.698399523389698 1216.633420422948
1.762335504325286 2200.594977304439
1.8262714852608737 2707.633819462068
1.8902074661964616 2404.3697433082702
1.9541434471320491 1501.4040371060598
2.018079428067637 561.7329252661078
2.082015409003225 187.19932424815508
2.1459513899388134 461.3804457519184
2.2098873708744007 949.5404784612425
2.273823351809989 1204.2233280517155
2.337759332745577 1108.69083490593
2.4016953136811647 879.5859426866652
2.465631294616753 818.2748237705811
2.5295672755523406 1089.4125283175529
2.593503256487929 1644.3770155892603
2.657439237423517 2220.572170333644
2.7213752183591047 2518.2319430675443
2.7853111992946924 2463.648901910171
2.8492471802302806 2193.677351297215
2.913183161165868 1808.7483576188656
2.9771191421014565 1316.529050976177
3.041055123037044 749.040537714328
3.1049911039726323 216.7187797233246
3.16892708490822 40.62382494059294
3.232863065843808 752.7203618039664
3.296799046779396 2615.562737808138
3.360735027714984 5267.825386481323
3.424671008650572 7829.910366411632
3.4886069895861596 9182.746027626372
3.552542970521748 8664.503001264138
3.616478951457336 6632.754931757047
3.680414932392923 4091.416820235857
3.7443509133285113 1949.4812689953123
3.808286894264099 705.981476132223
3.872222875199687 315.27591303289006
3.9361588561352745 325.6291402582437
4.000094837070863 332.49925802088694
4.064030818006451 217.5446035780973
4.127966798942039 79.67167064873078
4.191902779877625 90.51529960723482
4.255838760813214 345.5792079451572
4.319774741748802 789.6496213321061
4.38371072268439 1266.994399323697
4.447646703619977 1584.9246486552
4.511582684555566 1558.1104102218103
4.5755186654911535 1149.5630262543327
4.639454646426742 607.3008685679429
4.70339062736233 353.2082371159934
4.7673266082979175 752.4583785276061
4.831262589233504 1880.9396116454673
4.895198570169093 3267.7433402996294
4.959134551104682 4096.484949322456
5.023070532040268 3868.9226493626584
5.087006512975857 2688.5721176861025
5.150942493911445 1178.5676938269903
5.2148784748470325 239.19703546942432
5.278814455782621 371.1513834635192
5.342750436718209 1241.0206955163408
5.4066864176537965 2102.99227746668
5.470622398589384 2361.785822024393
5.534558379524973 1896.7126423199
5.598494360460561 1101.89198081399
5.662430341396148 467.58336539488806
5.726366322331736 157.64937800239892
5.790302303267324 49.845647610750746
5.854238284202912 4.197875467623109
5.9181742651385 36.00382986141705
5.982110246074088 244.8296372777621
6.046046227009676 610.0104692325791
6.109982207945264 955.5251380190512
6.173918188880852 1096.6831442533492
6.23785416981644 966.7232800179343
6.301790150752027 660.1203031847632
6.365726131687615 357.33522941311674
6.429662112623204 170.35821885813553
6.493598093558791 87.29435042750733
6.557534074494379 54.44410347462839
6.621470055429967 42.592713925369694
6.685406036365555 41.943506812801104
6.749342017301143 42.82439901267904
6.81327799823673 45.378951903588536
6.8772139791723195 69.4429856727565
6.941149960107905 130.44856772782455
7.005085941043495 197.21717548928927
7.069021921979083 200.03200297292807
7.13295790291467 131.83879197288107
7.196893883850257 127.76094806420444
7.260829864785847 397.59078152714784
7.3247658457214335 1016.9194628444656
7.388701826657022 1754.9448389868146
7.452637807592612 2197.7019975585977
7.516573788528197 2073.333005147914
7.580509769463785 1458.894333065223
7.644445750399375 733.2367443651048
7.708381731334962 277.14096156459493
7.7723177122705485 176.62239513503349
7.836253693206138 270.54251186369044
7.900189674141725 440.8951502518296
7.964125655077313 777.4474889666078
8.028061636012902 1411.9892806007604
8.09199761694849 2182.0617051799563
8.155933597884077 2596.419434540778
8.219869578819665 2281.734956269149
8.283805559755253 1400.3672199128644
8.34774154069084 548.1260929077154
8.411677521626428 261.19530805142784
8.475613502562016 530.5380353629084
8.539549483497604 796.2653985736094
8.603485464433193 589.3674972635587
8.667421445368781 115.0126901043628
8.731357426304369 96.47725179317553
8.795293407239955 1057.4958846322331
8.859229388175544 2677.073855252843
8.923165369111134 3920.2265577670632
8.987101350046718 3925.4223165305016
9.051037330982307 2727.69550162047
9.114973311917897 1182.5801611320635
9.178909292853485 245.7398645601744
9.242845273789072 265.96908382197347
9.30678125472466 885.1173015107065
9.370717235660248 1495.2041884613423
9.434653216595837 1734.4571309850219
9.498589197531423 1585.7675473418287
9.562525178467011 1185.2080233939234
9.626461159402599 717.5234368130008
9.690397140338186 385.4548879266216
9.754333121273776 337.5823023048061
9.818269102209364 596.422166539597
9.882205083144951 1006.437385209292
9.946141064080539 1330.8203836033583
10.010077045016127 1493.2046443051877
10.074013025951714 1673.1154433552235
10.137949006887302 2100.681538920818
10.201884987822888 2733.377910500977
10.265820968758476 3193.3235485046407
10.329756949694069 3094.9006514073585
10.393692930629655 2405.903459963602
10.457628911565243 1472.989225201618
10.52156489250083 727.1970233223565
10.585500873436416 356.4971741332379
10.649436854372004 241.5194360375403
10.713372835307592 178.98966992915558
10.77730881624318 93.86698561598216
10.841244797178769 25.229307621399663
10.905180778114357 2.310898417736781
10.969116759049946 8.247679681445364
11.033052739985532 53.94392949156005
11.09698872092112 204.0327871533378
11.160924701856707 466.40237182793817
11.224860682792295 702.1862369093897
11.288796663727885 724.281514451148
11.352732644663472 545.9163894916315
11.41666862559906 500.5252596623036
11.480604606534648 960.1633567216024
11.544540587470236 1884.29373030201
11.608476568405823 2728.102926868392
11.672412549341413 2887.609052994966
11.736348530277 2312.514336100741
11.800284511212588 1630.8604261566563
11.864220492148176 1624.5512868116368
11.928156473083764 2569.251923657315
11.992092454019351 3935.984101620573
12.05602843495494 4756.330951893212
12.119964415890529 4450.147901645676
12.183900396826116 3240.923562964988
12.247836377761704 1812.8444648251048
12.311772358697292 756.7703078092458
12.37570833963288 261.5061646503956
12.439644320568467 178.05436277055952
12.503580301504053 315.76025356059955
12.567516282439643 619.6401607662959
12.63145226337523 1107.8563155456673
12.69538824431082 1732.0695314853667
12.759324225246408 2317.3890308199666
12.823260206181995 2636.2859663577324
12.887196187117585 2554.523147458114
12.95113216805317 2128.001525170278
13.015068148988759 1549.0450582707535
13.079004129924346 992.0425068340572
13.142940110859932 540.5115285919118
13.20687609179552 224.42709156578516
13.270812072731111 49.50693866606342
13.334748053666697 0.6964633798539578
13.398684034602287 55.09562540941641
13.462620015537874 178.74962021489813
13.526555996473462 317.02453717696784
13.590491977409048 409.51884812781697
13.654427958344636 416.8957407830937
13.718363939280223 349.51190079852864
13.782299920215811 269.23049533012966
13.846235901151402 240.21274382832047
13.91017188208699 278.5571148651183
13.974107863022576 362.80606621698576
14.038043843958164 495.40816239589174
14.101979824893752 724.7631664707577
14.16591580582934 1078.0905596095336
14.229851786764929 1480.9956151187196
14.293787767700517 1740.6084252763267
14.357723748636104 1648.0057132429245
14.421659729571692 1183.905360587217
14.48559571050728 597.7107750665185
14.549531691442867 219.8737619078876
14.613467672378455 196.17060715461272
14.677403653314045 381.84785579427046
14.741339634249632 482.97835968409674
14.80527561518522 342.1088038615132
14.869211596120808 96.17829528634353
14.933147577056396 26.685889441892208
14.997083557991983 256.0463477823174
15.061019538927573 612.0533059530408
15.12495551986316 784.9244435283766
15.188891500798748 620.7288263815208
15.252827481734336 272.054528282591
15.316763462669924 39.43439023983068
15.380699443605511 72.26867837128134
15.4446354245411 249.79462313508884
15.508571405476687 345.8612165220281
15.572507386412274 295.4614747437627
15.636443367347864 255.85705926492247
15.700379348283452 394.1771127860375
15.76431532921904 667.6654276058905
15.828251310154627 832.0171260184736
15.892187291090215 690.9740233750089
15.956123272025803 334.9230101875969
16.020059252961392 62.43672861173884
16.083995233896978 70.69466814345593
16.147931214832568 261.11600754093206
16.211867195768157 364.0356404940821
16.275803176703743 261.2288229174664
16.339739157639332 126.91948387101944
16.40367513857492 227.5416839268276
16.467611119510508 601.4538098741851
16.531547100446097 954.2012263287651
16.595483081381683 947.7655029150093
16.659419062317273 572.344814566325
16.72335504325286 156.39442724303157
16.78729102418845 48.87673416458487
16.851227005124034 282.2799402653135
16.915162986059624 545.3158858885199
16.97909896699521 539.3214216791794
17.0430349479308 289.0022313565625
17.10697092886639 71.1753323653769
17.170906909801975 102.38540777845088
17.234842890737564 309.9641200704119
17.29877887167315 434.15535635544
17.36271485260874 337.89359931062813
17.426650833544326 136.8315715881866
17.490586814479915 29.469784826475102
17.5545227954155 61.88241020894571
17.61845877635109 105.4471490448804
17.68239475728668 58.54098560186946
17.746330738222262 1.2436769981502211
17.810266719157855 92.16640888441513
17.87420270009344 326.67686617093693
17.93813868102903 488.6074931970156
18.002074661964617 409.91839473932424
18.066010642900206 246.4736967960021
18.129946623835792 415.52120211131177
18.19388260477138 1182.42743520488
18.257818585706968 2284.5795358682662
18.32175456664256 3024.168396324215
18.385690547578143 2836.270397167392
18.44962652851373 1819.3295565310575
18.51356250944932 671.6149229490136
18.577498490384908 96.21640114560496
18.641434471320498 258.83497170813087
18.705370452256084 736.1593146133669
18.769306433191677 957.1745907272679
18.833242414127263 716.1122692538545
18.89717839506285 268.7472779570426
18.96111437599844 14.669245131341919
19.025050356934024 143.18856986852091
19.088986337869613 526.6817236153977
19.1529223188052 896.2780009921114
19.21685829974079 1089.3051281937649
19.28079428067637 1122.5429018133211
19.344730261611964 1081.6290771767397
19.408666242547557 1010.4441747405808
19.472602223483136 913.7480803671517
19.53653820441873 802.6633587810096
19.600474185354315 704.0502259841239
19.664410166289905 649.7957234277478
19.728346147225487 658.9748067203255
19.79228212816108 722.065442628753
19.856218109096663 811.8412721420592
19.920154090032252 899.8507290296883
19.984090070967845 949.488623384584
20.04802605190343 912.3716785857824
20.11196203283902 754.8681803257447
20.175898013774606 494.84748945503674
20.239833994710196 220.05004770446465
20.30376997564578 58.432076454848094
20.367705956581368 93.4441053648392
20.43164193751696 298.64743384982955
20.495577918452543 549.9876915387815
20.559513899388136 686.0548065151021
20.62344988032372 609.8142545494953
20.687385861259312 381.69576104986646
20.751321842194898 183.44942449981517
20.815257823130487 176.70472841449953
20.879193804066077 384.19961371471527
20.943129785001663 658.483444531369
21.00706576593725 784.7238766552706
21.07100174687284 666.3837993403607
21.134937727808424 407.11798570552173
21.198873708744014 200.72757981214565
21.262809689679603 144.5195243990071
21.32674567061519 161.4848345535938
21.390681651550775 120.46886271905322
21.454617632486364 34.79741547398252
21.518553613421957 91.8366629345773
21.582489594357536 441.6848326584383
21.64642557529313 968.7712617328451
21.710361556228715 1307.4890924060935
21.774297537164305 1156.078226847175
21.83823351809989 618.3834328581275
21.90216949903548 147.60243390495074
21.96610547997107 107.79850545479307
22.030041460906652 434.5450681673648
22.093977441842245 713.3317348148371
22.15791342277783 609.0156080689353
22.22184940371342 232.26751256601844
22.285785384649007 2.0558398811648755
22.3497213655846 163.3366716270992
22.413657346520186 518.5155496455571
22.477593327455768 647.1870281536217
22.54152930839136 392.7645991028445
22.605465289326943 57.72400610495114
22.669401270262536 59.231000081455754
22.73333725119812 460.812562852958
22.797273232133712 892.545996955313
22.861209213069294 949.080519948561
22.925145194004887 632.0097535599267
22.98908117494048 319.194309168993
23.053017155876063 336.2630832015387
23.11695313681165 623.7954904932993
23.18088911774724 837.9358234585383
23.244825098682828 755.5776483655586
23.308761079618414 472.11880160410067
23.372697060554003 210.98849926844457
23.43663304148959 82.5822277152139
23.500569022425175 69.8048622875931
23.564505003360768 192.6997561099044
23.628440984296358 556.173998172505
23.692376965231944 1134.085703653428
23.75631294616753 1607.1193341106764
23.82024892710312 1582.4033304170366
23.884184908038705 1021.6583356031038
23.94812088897429 403.3588008840955
24.01205686990988 369.0880887395568
24.075992850845466 1102.0066441524998
24.139928831781056 2027.960100313516
24.203864812716645 2329.96694268817
24.267800793652235 1764.2074907665144
24.33173677458782 805.7931549312325
24.395672755523407 134.7659946832712
24.459608736459 38.582512279892015
24.523544717394586 227.5616997215848
24.587480698330168 271.1029705093249
24.65141667926576 101.557286830553
24.71535266020135 15.438678749364923
24.779288641136937 277.93578907740846
24.84322462207253 791.0554513001821
24.907160603008112 1212.1805445631503
24.9710965839437 1311.3453525589357
25.035032564879288 1119.180875344346
25.09896854581488 832.9571263322814
25.162904526750463 603.6224721616968
25.22684050768605 425.00121474313977
25.29077648862164 257.19996431858624
25.354712469557228 135.07251976108634
25.418648450492817 115.45290906437381
25.482584431428403 202.26208267898065
25.546520412363993 355.83076465003006
25.610456393299575 552.2116150205176
25.67439237423517 782.15597742154
25.738328355170754 975.9742189184333
25.802264336106344 988.2178289756567
25.866200317041933 732.8292692803966
25.93013629797752 329.83733628332624
25.99407227891311 65.77495194278703
26.05800825984869 170.28964563490993
26.121944240784284 585.1905712409106
26.185880221719874 993.4160797741552
26.249816202655456 1127.8268248234015
26.313752183591046 984.9425020398241
26.377688164526635 756.5093846356137
26.441624145462225 630.2211664516042
26.505560126397807 628.4705503828412
26.5694961073334 631.8125853443146
26.633432088268982 552.7007294410229
26.697368069204572 424.8467734958488
26.76130405014016 325.816009697738
26.82524003107575 280.1445667562351
26.889176012011337 261.1550344874753
26.953111992946926 250.74119629821544
27.017047973882516 269.8486844333479
27.0809839548181 341.23197850921133
27.144919935753688 436.1143353208906
27.20885591668928 494.7495888231248
27.272791897624863 484.03833083786714
27.33672787856045 413.84159629855645
27.40066385949604 319.5157415194354
27.464599840431628 227.9668662676459
27.528535821367218 147.4187032177985
27.592471802302807 96.71215388468111
27.656407783238393 104.3745784852756
27.720343764173982 172.33926841864832
27.78427974510957 265.90330857707414
27.84821572604516 337.1315890056849
27.912151706980744 355.6868979602576
27.976087687916333 318.86052393827634
28.04002366885192 235.21580673737384
28.10395964978751 125.37780685193074
28.167895630723095 46.42277735345793
28.231831611658684 76.6224749311463
28.295767592594277 244.5319262447462
28.359703573529856 466.4862685279932
28.42363955446545 578.47221124686
28.487575535401035 478.81339984801207
28.551511516336625 245.72816867413312
28.615447497272207 86.93741533047526
28.6793834782078 159.56245377540083
28.743319459143382 426.05390476747647
28.807255440078972 684.0846112874782
28.871191421014565 741.2359862705176
28.93512740195015 570.4617820992643
28.99906338288574 315.37524989729286
29.062999363821326 145.48952009080267
29.126935344756916 115.037889295071
29.1908713256925 158.9199814258027
29.254807306628088 179.4174388811605
29.31874328756368 131.88163370634055
29.382679268499263 51.295333125842475
29.446615249434856 2.443647390827647
29.51055123037044 17.81470230336891
29.57448721130603 75.23998958489673
29.638423192241618 120.70035243465436
29.702359173177207 123.3207398507338
29.766295154112797 108.2021401495505
29.830231135048383 133.60324867030093
29.89416711598397 230.73444018838387
29.95810309691956 354.2199123218214
30.022039077855148 406.271917679956
30.085975058790734 328.53005733233164
30.149911039726323 166.83577781856786
30.21384702066191 33.69721553552227
30.277783001597495 2.213122810532809
30.341718982533084 43.85534067076408
30.405654963468677 80.62649437257161
30.469590944404256 96.86436169047374
30.53352692533985 176.198817506373
30.59746290627544 404.5623077968127
30.661398887211025 737.0033244998157
30.72533486814661 984.1198869271402
30.7892708490822 961.3674301288269
30.85320683001779 660.0738234969756
30.917142810953372 270.76962121740297
30.981078791888965 37.43725203601764
31.04501477282455 66.24459134113441
31.10895075376014 266.4111126213852
31.172886734695727 478.64131008937267
31.23682271563132 625.2191355490231
31.300758696566906 720.9388945839124
31.364694677502488 784.062257716298
31.42863065843808 773.0759042678349
31.492566639373663 620.3907765134909
31.556502620309256 341.23515090256564
31.62043860124484 81.64359177752283
31.684374582180432 9.73302275044307
31.74831056311602 164.78312730404195
31.812246544051607 410.0021511111237
31.8761825249872 536.7316570209792
31.940118505922783 452.3762037106984
32.004054486858365 249.10959046632428
32.067990467793955 92.81701121471795
32.131926448729544 76.05206190593462
32.195862429665134 153.8011965043632
32.25979841060072 216.2421821887936
32.32373439153631 213.2379854923532
32.3876703724719 191.8057261181605
32.451606353407485 229.05403263095417
32.515542334343074 321.86788138480574
32.579478315278664 374.7466075044328
32.64341429621425 312.660365608686
32.707350277149835 159.83152216328827
32.771286258085425 25.10829096435217
32.835222239021014 12.599669270369745
32.899158219956604 118.26598936563975
32.96309420089219 227.92459770547805
33.02703018182777 223.60040715522183
33.090966162763365 104.2350954518794
33.154902143698955 3.5681590387957725
33.218838124634544 80.03807676393289
33.28277410557013 382.701338050592
33.34671008650572 786.1843623812345
33.410646067441306 1069.9188459739091
33.474582048376895 1088.895553497906
33.538518029312485 856.4412334198489
33.60245401024807 509.76605072858735
33.66638999118366 214.66246127448807
33.730325972119246 56.744242013185065
33.794261953054836 17.926721311905254
33.85819793399042 43.81709145390793
33.92213391492601 96.18902245543961
33.9860698958616 148.08220650030884
34.05000587679719 163.34032997590293
34.11394185773277 115.0033131988773
34.17787783866836 34.51839245623537
34.24181381960395 4.283614849986825
34.30574980053954 72.09256348640324
34.36968578147513 195.4238741186417
34.43362176241071 290.34053204858435
34.4975577433463 346.1908193427684
34.56149372428189 476.15778155383424
34.62542970521748 800.1482701119896
34.68936568615307 1254.9164335329956
34.75330166708865 1546.9446474174224
34.81723764802424 1389.9219523351849
34.88117362895983 834.8962438645851
34.94510960989542 255.38059272974783
35.009045590831 10.082069011863156
35.07298157176659 160.20401386192952
35.13691755270218 438.5184438898329
35.20085353363777 517.9252833711635
35.26478951457336 336.8330784667548
35.32872549550894 100.86336005728187
35.39266147644453 18.118795548794015
35.45659745738012 91.97039823157931
35.52053343831571 163.24455231354827
35.584469419251285 125.39854580299172
35.64840540018688 40.90525812993431
35.71234138112247 38.7298974925989
35.77627736205806 139.13466518262365
35.84021334299365 225.2476550597366
35.90414932392923 195.1939302181292
35.96808530486482 83.89681526519949
36.03202128580041 9.249017149797703
36.095957266736 24.66375997935048
36.15989324767158 62.03258723988795
36.223829228607165 43.78725019758824
36.28776520954276 9.951346773568325
36.35170119047835 83.49502685864584
36.415637171413934 311.74259226985305
36.47957315234952 573.2518039214883
36.54350913328511 671.5399307291784
36.6074451142207 528.8721707132372
36.671381095156285 274.78940545784167
36.735317076091874 121.03880523190136
36.79925305702746 158.59914284524697
36.863189037963046 294.4369896025866
36.92712501889864 362.7327831924047
36.99106099983423 286.0645794434476
37.05499698076981 130.3359505871296
37.11893296170541 17.527400853069
37.182868942640994 15.578971662844731
37.246804923576576 93.42043486322297
37.310740904512166 160.3772253878599
37.37467688544776 150.65773150768408
37.438612866383345 72.36824367532746
37.50254884731893 6.218623957272832
37.56648482825452 45.5893705853278
37.630420809190106 202.57207942930808
37.694356790125696 383.623537954676
37.758292771061285 453.1001025050964
37.82222875199688 344.2707793049771
37.88616473293246 145.18286949144633
37.950100713868046 31.735003640486102
38.01403669480364 94.25468383077887
38.077972675739225 254.56196310626933
38.141908656674815 345.32484187839384
38.2058446376104 273.4653646953981
38.269780618545994 112.7498052921712
38.333716599481576 24.214449854735967
38.397652580417166 91.69684249882656
38.46158856135274 245.17606830163373
38.52552454228834 347.2099267891771
38.58946052322393 342.2528449135704
38.65339650415952 294.8414476656664
38.71733248509511 292.95552503877406
38.78126846603069 345.8679765568714
38.84520444696628 376.53071584317945
38.90914042790186 312.3460768746184
38.97307640883746 176.8969024409923
39.03701238977304 69.31441545734485
39.10094837070863 59.676239755249696
39.16488435164422 125.16508937088742
39.22882033257981 186.6071724743265
39.2927563135154 193.9649807981563
39.35669229445097 170.84628831838344
39.42062827538657 180.91739531047327
39.48456425632216 251.12097411530263
39.548500237257755 334.406938150502
39.61243621819333 358.75086996879446
39.67637219912892 296.03996621036254
39.7403081800645 180.88450238962147
39.8042441610001 83.17321630280398
39.86818014193569 49.4022765224101
39.93211612287127 62.08671640079218
39.99605210380686 68.38782476851085
40.05998808474245 40.24544921777597
40.12392406567804 3.940017095922792
40.187860046613615 17.28967842858699
40.25179602754921 110.92831255223028
40.3157320084848 249.5831889004031
40.37966798942039 350.7357038115975
40.44360397035597 345.33773907971585
40.50753995129156 236.1553663385564
40.57147593222715 98.11029831266195
40.635411913162734 17.21472993371753
40.69934789409833 31.89740809796876
40.76328387503391 114.37407289149948
40.8272198559695 193.10365311560528
40.891155836905085 208.0195864740084
40.95509181784068 151.6039373657034
41.01902779877627 63.680158746048335
41.08296377971185 4.536993717939277
41.14689976064744 19.272852771744216
41.21083574158303 105.4077014930294
41.27477172251862 219.05168039092607
41.338707703454205 312.5694584899699
41.402643684389794 362.2411470613301
41.466579665325376 370.3748333968677
41.530515646260966 348.85751564033916
41.59445162719656 297.89866890190484
41.658387608132145 206.84812287844653
41.72232358906773 90.11440370796576
41.78625957000332 13.743218847148592
41.85019555093891 67.16964809396714
41.914131531874496 297.4331292904671
41.978067512810085 655.6014902433966
42.04200349374568 1009.6528015257978
42.105939474681264 1230.4520696411296
42.16987545561685 1269.2107756451971
42.23381143655244 1164.7371502611843
42.297747417488026 1004.7660610673248
42.361683398423615 877.0370511116075
42.4256193793592 828.675226726809
42.489555360294794 849.2544299389376
42.55349134123038 880.56219756014
42.617427322165966 847.0280942612608
42.68136330310156 698.3274328753051
42.74529928403714 447.96733916640767
42.80923526497273 185.6431439960072
42.87317124590832 38.31988979854079
42.937107226843914 80.98164497371478
43.001043207779496 269.5762667267044
43.06497918871508 472.351724355987
43.12891516965066 565.3922456893891
43.19285115058626 505.92046083139695
43.25678713152185 346.77256862044686
43.32072311245743 188.12574001263704
43.38465909339302 105.23949335759212
43.44859507432861 116.53802061819634
43.5125310552642 193.78579742165343
43.57646703619979 283.8498276633296
43.64040301713537 331.5826264227061
43.70433899807096 302.5208635600275
43.76827497900655 215.92369212920977
43.83221095994214 148.71650485511884
43.89614694087772 168.33261108647164
43.96008292181331 265.4485556034187
44.0240189027489 352.9826560929869
44.08795488368449 331.60680441960966
44.15189086462008 190.99318784420515
44.21582684555566 41.16934732742791
44.27976282649125 21.47453510578904
44.34369880742684 183.78785074860068
44.40763478836242 454.8964210339101
44.471570769298005 703.7009607723495
44.5355067502336 850.9160636853237
44.59944273116919 919.1465840006291
44.66337871210479 984.5331835557422
44.72731469304037 1086.3508030885732
44.79125067397595 1187.0798570459908
44.855186654911535 1214.559869011784
44.91912263584713 1124.3355954390056
44.98305861678272 918.7691578621411
45.0469945977183 639.6749684311678
45.110930578653885 357.37329853548067
45.17486655958948 141.21760884800818
45.23880254052507 32.46832449277948
45.302738521460654 28.750160652931402
45.36667450239624 73.72104488582578
45.43061048333183 95.32214768339341
45.49454646426742 71.56133193216131
45.558482445203005 56.48392107027274
45.622418426138594 141.6109968410839
45.68635440707418 359.7890436746187
45.750290388009766 628.9940663721853
45.81422636894536 804.5795670905347
45.87816234988095 784.4860232266395
45.94209833081653 596.1236622720037
46.00603431175213 381.16712201563234
46.069970292687714 272.43827347082083
46.133906273623296 286.3593024180655
46.197842254558886 325.6726761143079
46.26177823549448 290.0038114594193
46.325714216430065 184.83759081535476
46.38965019736565 106.24941827674527
46.45358617830124 123.50479246574284
46.517522159236826 194.1520295802397
46.581458140172415 207.8880315550089
46.645394121108 115.82658479395658
46.7093301020436 10.5476957138248
46.77326608297918 49.78920336841648
46.837202063914766 282.9796258879813
46.90113804485036 577.9237655029042
46.965074025785945 722.2217549825613
47.029010006721535 613.6312525367966
47.09294598765712 360.37883391319343
47.156881968592714 155.38466482739838
47.220817949528296 92.59666041671551
47.284753930463886 120.41582315314965
47.34868991139946 121.29052087307753
47.41262589233506 56.44605501127475
47.47656187327065 2.1108588005641638
47.54049785420624 26.406422727546367
47.60443383514183 98.30715884561705
47.66836981607741 129.4478921646726
47.732305797013 95.50906250721313
47.79624177794859 78.40784105154769
47.86017775888418 158.485814096754
47.92411373981976 313.45901131757904
47.98804972075535 421.41589812381255
48.05198570169094 376.61974689332345
48.11592168262653 221.4760691705852
48.17985766356212 96.56456529785439
48.24379364449769 85.36542930752998
48.30772962543329 150.1446435123549
48.37166560636888 181.49740049851297
48.435601587304475 123.9196161838047
48.49953756824005 37.65416540871319
48.56347354917564 14.925026360019638
48.62740953011122 84.01568462584214
48.69134551104682 194.64213739211408
48.75528149198241 273.9226825324164
48.81921747291799 300.8941722225626
48.88315345385358 321.4090368432554
48.94708943478917 405.64059028332974
49.01102541572476 607.8180678223263
49.074961396660335 943.8523881170862
49.13889737759593 1368.2034363560463
49.20283335853152 1755.7804557322772
49.26676933946711 1932.867315365322
49.33070532040269 1775.978915926584
49.39464130133828 1318.337616760282
49.45857728227387 754.8390298908563
49.522513263209454 312.561275653585
49.58644924414505 98.95532568350647
49.65038522508063 58.55979101328846
49.71432120601622 59.802353442382994
49.778257186951805 27.191914735865943
49.8421931678874 1.2525646809542148
49.90612914882299 79.91243388448025
49.97006512975857 304.81766636801285
50.03400111069416 598.494882190031
50.09793709162975 808.3707370118435
50.16187307256534 816.3835216599875
50.225809053500925 621.1597389174433
50.289745034436514 336.4270135640242
50.353681015372096 115.335759479019
50.417616996307686 51.8262618482395
50.48155297724328 131.16869476246939
50.545488958178865 264.74634006485303
50.60942493911445 359.12358540771925
50.67336092005004 364.39921493114
50.73729690098563 295.29762373575016
50.801232881921216 210.5134373069204
50.865168862856805 165.2977740271313
50.9291048437924 192.04557401451297
50.993040824727984 290.2424162609768
51.05697680566357 402.73359812919006
51.12091278659916 441.93787577781814
51.184848767534746 365.2894942618934
51.248784748470335 216.9542773634696
51.31272072940592 102.76312483715868
51.376656710341514 106.27456950487442
51.4405926912771 205.46645432086228
51.504528672212686 292.5764531307513
51.56846465314828 287.7490201635733
51.632400634083865 218.12119839373543
51.69633661501945 178.68338474962317
51.76027259595504 221.40679753705083
51.82420857689063 299.2771984062932
51.888144557826216 325.89788142431337
51.9520805387618 277.1753048269771
52.01601651969738 219.2567538175372
52.07995250063298 225.84123232716567
52.14388848156857 282.06527575856967
52.20782446250416 299.7075486009817
52.27176044343974 223.8067287111193
52.33569642437533 97.61081784171888
52.39963240531092 15.388671227618959
52.46356838624651 26.006880516278745
52.52750436718209 96.78143459617587
52.59144034811768 171.46614938266143
52.65537632905327 242.31427479315403
52.71931230998886 333.4715926674367
52.78324829092445 426.38714325692433
52.84718427186002 450.43211452011246
52.91112025279562 359.6547597447668
52.97505623373121 204.50482264773623
53.0389922146668 105.70231005526647
53.10292819560238 131.9920719465015
53.16686417653797 221.8037824350078
53.23080015747356 256.5178889244491
53.29473613840914 198.31358720761324
53.35867211934474 132.0513015757321
53.42260810028032 161.5392876789234
53.48654408121591 273.8144458231697
53.55048006215151 338.31663346500795
53.61441604308709 260.2357368274585
53.67835202402267 108.58784843604312
53.742288004958255 52.5976750933356
53.80622398589385 173.91207740418145
53.87015996682944 365.3198616196869
53.93409594776503 429.7871689072238
53.998031928700605 288.55611726635624
54.0619679096362 74.80248594054531
54.12590389057179 6.327726209249094
54.189839871507374 175.7897404886166
54.25377585244296 464.1453881329675
54.31771183337855 656.6682111976762
54.38164781431414 642.3296451275704
54.445583795249725 487.7143907620357
54.50951977618532 334.0176640555801
54.5734557571209 252.82128817689437
54.637391738056486 207.16098582294856
54.70132771899208 139.5244305592229
54.76526369992767 68.4008613536595
54.82919968086325 79.66967022449897
54.89313566179885 226.62306362213437
54.957071642734434 446.7746362903292
55.021007623670016 595.4244779035599
55.084943604605606 569.9192129058122
55.1488795855412 395.38256108311447
55.212815566476785 197.33691207070297
55.27675154741237 92.67165164837267
55.34068752834796 96.52985024882973
55.404623509283546 131.04714721013372
55.468559490219135 116.46756565432952
55.53249547115472 51.99827580156146
55.59643145209032 16.290293825315576
55.660367433025904 88.09805797058885
55.724303413961486 265.86725561214547
55.78823939489708 462.5313401569796
55.852175375832665 571.907523678564
55.916111356768255 547.6641956883899
55.98004733770384 425.4974673659771
56.043983318639434 274.06209748712985
56.107919299575016 141.76917889027644
56.171855280510606 50.38802064614541
56.2357912614462 18.335363106684216
56.29972724238178 74.44302009939912
56.36366322331737 231.096628657752
56.42759920425296 434.32871632348775
56.49153518518855 565.8352008525662
56.55547116612413 528.5068322266466
56.61940714705972 337.8721969824288
56.68334312799531 119.81623312044594
56.7472791089309 7.8284047882859396
56.81121508986649 30.7729530810396
56.87515107080207 97.36886349972883
56.93908705173766 100.53574703718571
57.00302303267325 35.687053806612006
57.06695901360884 3.213533390820118
57.13089499454441 96.40373582461967
57.19483097548001 292.10238835237294
57.2587669564156 455.6688502829092
57.322702937351195 464.3423249969308
57.38663891828677 320.94455881970663
57.45057489922236 140.1526741029108
57.51451088015794 37.35783199609767
57.57844686109354 36.61171087011384
57.64238284202913 76.54119558156853
57.70631882296471 90.01351540184666
57.7702548039003 65.48967802703737
57.83419078483589 38.4712863629491
57.89812676577148 42.39178591747268
57.962062746707055 79.16434974126757
58.02599872764265 131.95961584099487
58.08993470857824 191.15473385582857
58.15387068951383 261.98007680191324
58.21780667044941 344.67344129193623
58.281742651385 412.9684444031666
58.34567863232059 426.95755870309387
58.409614613256174 363.04618716657734
58.47355059419177 234.22607841792927
58.53748657512735 99.6195378735516
58.60142255606294 41.819019164826926
58.665358536998525 106.47892151147376
58.72929451793412 250.37353631500255
58.79323049886971 357.7932589167472
58.85716647980529 335.5520037123714
58.92110246074088 203.0265408878048
58.98503844167647 85.78597846821452
59.04897442261206 102.5974192612784
59.112910403547644 233.2002581914844
59.176846384483234 326.4585670834159
59.240782365418816 267.1829891862071
59.304718346354406 113.76752131889236
59.36865432729 67.50357899980803
59.432590308225585 280.29602215031514
59.49652628916117 665.2392585798998
59.56046227009676 947.0703194819758
59.62439825103235 914.3411186345865
59.688334231967936 593.25076706639
59.752270212903525 211.37189978947313
59.81620619383912 10.716587650564813
59.880142174774704 59.71116376445351
59.94407815571029 236.06306547033168
60.00801413664588 374.2580531219469
60.071950117581466 392.0825614858963
60.135886098517055 305.3820381914396
60.19982207945264 189.64966343183403
60.263758060388234 146.6056715730395
60.32769404132382 276.16164881187433
60.391630022259406 618.4012840567216
60.455566003195 1079.2330286413307
60.519501984130585 1440.2761394281108
60.58343796506617 1489.3176489004816
60.64737394600176 1179.6769737271516
60.71130992693735 689.8493981608516
60.775245907872936 303.74410671861136
60.83918188880852 193.0134958001505
60.9031178697441 304.93430307537284
60.9670538506797 449.7728251247139
61.03098983161529 478.6147990135325
61.09492581255088 375.4937603355208
61.15886179348646 216.63645375648704
61.22279777442205 84.15070806801587
61.28673375535764 17.42595575395146
61.35066973629323 27.08660247216568
61.41460571722881 120.04129662505042
61.4785416981644 282.8341683681212
61.54247767909999 464.8944009240292
61.60641366003558 591.9718075848181
61.67034964097117 600.3795205640544
61.73428562190674 486.5764113339969
61.79822160284234 312.1724604163373
61.86215758377793 148.36445461419535
61.92609356471352 39.00692051526799
61.9900295456491 1.523249703051464
62.05396552658469 28.569055536239695
62.11790150752028 90.0885048861688
62.18183748845586 145.2708941534925
62.24577346939146 164.78068818097833
62.30970945032704 152.34168084742407
62.37364543126263 141.45178828788795
62.43758141219823 163.11002868838426
62.50151739313381 212.19442936869032
62.56545337406939 248.03422688111692
62.629389355004975 233.49076502889136
62.69332533594057 170.82716388239967
62.75726131687616 95.57582243498291
62.82119729781175 41.011153618314665
62.885133278747325 14.936230692746387
62.94906925968292 7.711799537957832
63.01300524061851 13.714198284029385
63.076941221554094 37.45716932436762
63.14087720248968 78.22540002235107
63.20481318342527 115.95801143624296
63.26874916436086 120.97930716960728
63.332685145296445 82.95280330351521
63.39662112623204 28.484424278602457
63.46055710716762 2.217301905142093
63.524493088103206 25.728600108188097
63.5884290690388 75.93880164154788
63.65236504997439 111.55185954087032
63.71630103090997 130.91097970675557
63.78023701184557 201.66845261175925
63.844172992781154 424.7659561238125
63.908108973716736 850.3723250455602
63.972044954652326 1396.2388722383519
64.03598093558792 1857.224300490028
64.0999169165235 2041.72052650078
64.16385289745908 1906.7174199496833
64.22778887839468 1565.2124593019769
64.29172485933026 1190.8129830359007
64.35566084026586 894.7390100980947
64.41959682120144 666.7186158906371
64.48353280213702 445.5036822813682
64.54746878307262 227.57820067850236
64.6114047640082 80.02382802150636
64.6753407449438 61.530680474406736
64.73927672587938 145.3486969283978
64.80321270681496 232.06816617248748
64.86714868775056 242.97673511372025
64.93108466868614 185.58571373572488
64.99502064962174 126.97915212284128
65.05895663055732 110.88863289707804
65.1228926114929 110.77373566623744
65.1868285924285 78.35819407287785
65.25076457336408 22.77017545567307
65.31470055429966 17.653377137761957
65.37863653523526 126.83332350622113
65.44257251617084 326.20881344890086
65.50650849710644 511.5255634343501
65.57044447804202 589.3048451703411
65.6343804589776 548.7437620455294
65.6983164399132 444.36814083539
65.76225242084878 326.2856144770177
65.82618840178438 204.7114448645685
65.89012438271996 84.1121055720098
65.95406036365553 11.031501828498431
66.01799634459114 55.03626574428457
66.08193232552672 227.58267208867568
66.1458683064623 432.7121221355532
66.2098042873979 520.1784029755979
66.27374026833348 417.36215350598815
66.33767624926908 213.37870520434643
66.40161223020466 79.9284927104414
66.46554821114024 110.5118656153068
66.52948419207584 245.71751505621876
66.59342017301142 329.2417075680085
66.65735615394702 256.038723723924
66.7212921348826 89.2434436498368
66.78522811581819 0.9535955253099544
66.84916409675378 102.34934651642112
66.91310007768936 340.5696244226535
66.97703605862496 531.7957534966604
67.04097203956054 519.5303210530116
67.10490802049613 340.16371558764024
67.16884400143172 218.63904361675887
67.23277998236729 394.99735192711125
67.29671596330289 919.2602791410202
67.36065194423848 1541.9539378645295
67.42458792517407 1837.3656868608407
67.48852390610966 1538.1515649702703
67.55245988704525 796.7075755845062
67.61639586798083 155.79871411812908
67.68033184891641 229.77946361382945
67.744267829852 1234.4786967165808
67.8082038107876 2739.081429418806
67.87213979172319 3950.8484860621584
67.93607577265877 4245.2349921711375
68.00001175359436 3503.815633328528
68.06394773452995 2169.7821876558014
68.12788371546553 949.4452311266397
68.19181969640113 278.55509733160494
68.25575567733671 100.11247413851626
68.3196916582723 120.63022066998928
68.38362763920789 126.85410646180044
68.44756362014347 99.33910660056861
68.51149960107907 124.70882870709904
68.57543558201465 222.71794028527964
68.63937156295025 305.3369421393053
68.70330754388583 291.1272805337512
68.76724352482141 194.96406459182023
68.831179505757 115.01882194855382
68.89511548669259 140.62305833175967
68.95905146762819 257.9612412525339
69.02298744856377 366.3109709982603
69.08692342949935 379.10601275427905
69.15085941043495 289.58302238122286
69.21479539137053 171.24832952800236
69.27873137230613 127.67960816183388
69.34266735324171 215.8336341850008
69.40660333417729 396.8571683064535
69.47053931511289 548.2658934995649
69.53447529604847 548.2019980261821
69.59841127698405 378.8613982075388
69.66234725791965 147.64308328342213
69.72628323885523 8.47477675595135
69.79021921979083 37.78769406296615
69.85415520072641 162.02829364862373
69.91809118166199 232.95751230245696
69.98202716259759 185.88091676115613
70.04596314353317 110.15171701691936
70.10989912446877 161.15186453608516
70.17383510540435 394.06114602348686
70.23777108633993 685.1248000973512
70.30170706727553 829.609747071315
70.36564304821111 723.4707042461907
70.42957902914671 450.41541713968286
70.49351501008229 192.45979075295227
70.55745099101787 68.61647145968766
70.62138697195347 64.7488382267695
70.68532295288905 92.95809778596583
70.74925893382463 91.34405869347393
70.81319491476023 64.37500836926694
70.87713089569581 48.08733715618023
70.94106687663141 62.64165516409531
71.00500285756699 106.98524584946884
71.06893883850258 186.7291979511596
71.13287481943817 325.5390664731539
71.19681080037375 535.0623760935313
71.26074678130935 778.3792877147224
71.32468276224493 978.2556527006216
71.38861874318052 1059.4038181834876
71.45255472411611 980.8147638286237
71.5164907050517 757.1853749781965
71.58042668598729 464.0082060509541
71.64436266692287 207.92157371300112
71.70829864785846 84.50553604773953
71.77223462879405 131.7486732414626
71.83617060972963 293.83031870424577
71.90010659066522 452.40273565938566
71.96404257160081 510.5543526067178
72.0279785525364 455.1361609677791
72.09191453347198 355.05376954652473
72.15585051440756 293.4394495139277
72.21978649534316 300.0097975254725
72.28372247627875 347.9250053656271
72.34765845721434 390.65144220848646
72.41159443814993 395.94834278356205
72.4755304190855 356.3237935881229
72.53946640002108 277.0859792164724
72.6034023809567 173.08160688436746
72.66733836189228 77.27174558381793
72.73127434282787 30.186018849223576
72.79521032376346 49.5245060988019
72.85914630469904 113.49399182152077
72.92308228563462 181.2904997040471
72.9870182665702 232.429168026906
73.05095424750581 278.5012922898063
73.1148902284414 330.8651234214908
73.178826209377 368.9447523452927
73.24276219031258 357.9850756152289
73.30669817124814 296.41949102058834
73.37063415218374 229.06424035327817
73.43457013311932 202.93605483942287
73.49850611405493 214.2143102548829
73.56244209499052 212.27042171478928
73.62637807592611 160.90852395225866
73.69031405686168 81.5037811362027
73.75425003779726 24.091128708608007
73.81818601873286 8.983220430206046
73.88212199966844 21.271703039491587
73.94605798060404 74.34778333168448
74.00999396153962 255.12305574147845
74.07392994247522 651.4850323925511
74.1378659234108 1210.019466387885
74.20180190434638 1693.7128442654737
74.26573788528198 1819.9223865472547
74.32967386621756 1482.5445204209184
74.39360984715316 865.1297813726146
74.45754582808874 311.42597818230826
74.52148180902432 52.612174801427024
74.58541778995992 58.4498965788578
74.6493537708955 137.05383062383507
74.7132897518311 147.37831268052855
74.7772257327667 112.14284184199045
74.84116171370225 141.0701217447704
74.90509769463787 288.43777975185765
74.96903367557344 537.8239906008422
75.03296965650902 887.5531867260746
75.09690563744462 1372.4787326612163
75.16084161838019 1985.2595081360664
75.22477759931581 2566.816066832193
75.28871358025138 2805.4428724664567
75.35264956118696 2458.236551944894
75.41658554212256 1617.3550057845475
75.48052152305814 700.9027395263246
75.54445750399374 144.22515819598226
75.60839348492931 86.15819449706758
75.67232946586489 317.6981211596408
75.7362654468005 505.75932736708074
75.80020142773608 477.0019494321888
75.86413740867168 307.0563983201513
75.92807338960726 168.07900539088112
75.99200937054285 137.5551986374836
76.05594535147843 157.95234591068373
76.11988133241401 139.20851982189353
76.18381731334962 68.26966141259972
76.2477532942852 8.02321996799724
76.31168927522079 7.948655982802803
76.37562525615638 47.07583466835895
76.43956123709197 67.20844241367999
76.50349721802753 44.111900835142166
76.56743319896313 9.561534314254482
76.63136917989873 4.539402858602956
76.69530516083432 29.709970289142515
76.7592411417699 50.64494027783681
76.82317712270547 44.00359036119331
76.88711310364108 25.900299486354967
76.95104908457665 27.90604061129217
77.01498506551225 55.86665933681012
77.07892104644785 84.4704860814532
77.14285702738343 88.24877565513644
77.20679300831902 71.91858213787569
77.2707289892546 68.30532116783039
77.3346649701902 102.38736014447355
77.39860095112577 160.11016381274152
77.46253693206138 199.47359977538449
77.52647291299697 190.3084238738276
77.59040889393255 140.48605981984346
77.65434487486814 85.38584183595773
77.71828085580371 52.18951847750191
77.7822168367393 36.32617033777327
77.84615281767489 17.775793872181612
77.91008879861047 0.44632130466710096
77.97402477954607 30.009266681798795
78.03796076048167 160.3125836394611
78.10189674141726 387.0186540962825
78.16583272235283 618.9512823717356
78.22976870328841 728.6810084826589
78.29370468422401 644.4378896014633
78.3576406651596 417.08249049876855
78.4215766460952 191.89200134499748
78.48551262703079 90.30911126540688
78.54944860796637 131.29713419770843
78.61338458890195 264.78201574354574
78.67732056983753 450.65590283333586
78.74125655077313 690.4876549806648
78.8051925317087 969.5396047881229
78.86912851264432 1188.416259349407
78.93306449357989 1199.0516696656698
78.99700047451549 934.6548552585496
79.06093645545107 515.6938248286028
79.12487243638665 193.8843491571302
79.18880841732225 146.1130100624932
79.25274439825782 321.10288016720006
79.31668037919344 491.99377654088573
79.38061636012901 471.1619028845657
79.4445523410646 281.93339169805165
79.50848832200019 120.04774174772157
79.57242430293577 164.5144886980146
79.63636028387135 409.84516111389775
79.70029626480694 669.4671888055428
79.76423224574253 756.7693513969718
79.82816822667813 633.9662995393312
79.89210420761371 397.335102829203
79.9560401885493 179.45523964561943
80.01997616948489 58.75546254668929
80.08391215042046 29.377260688791974
80.14784813135607 40.37337165699435
80.21178411229165 47.47517706994232
80.27572009322724 36.25083271205742
80.33965607416283 17.664746847559332
80.40359205509841 10.282271331438956
80.46752803603401 21.525712869961648
80.53146401696958 39.99277075159161
80.59539999790516 51.487957794134275
80.65933597884077 70.30088090964787
80.72327195977635 149.37642214827483
80.78720794071195 335.26663424233385
80.85114392164753 599.854267016752
80.9150799025831 826.8749318741254
80.9790158835187 878.3403793168726
81.04295186445428 703.6094768722455
81.10688784538988 398.8849932754084
81.17082382632547 134.41985812273222
81.23475980726106 18.35183966403
81.29869578819665 36.08380214266626
81.36263176913222 104.19433718636364
81.4265677500678 180.51602846563364
81.49050373100341 316.49488849821836
81.554439711939 587.5627820935755
81.6183756928746 987.3831078479008
81.68231167381018 1402.8337105889766
81.74624765474576 1680.3607384055683
81.81018363568134 1720.0699233339108
81.87411961661692 1528.238129666924
81.93805559755253 1196.5756279559096
82.00199157848812 836.8740907962782
82.06592755942371 528.6673572629948
82.1298635403593 308.10505110783186
82.19379952129486 180.16568077285035
82.25773550223046 126.81297269968115
82.32167148316604 111.23739875993608
82.38560746410165 94.07516774629977
82.44954344503724 58.47474356288675
82.51347942597283 22.286066665404277
82.5774154069084 21.999656095995984
82.64135138784398 77.64225958246416
82.70528736877958 171.06554166496198
82.76922334971516 257.3380855302206
82.83315933065076 293.63215516862226
82.89709531158634 263.3037890399993
82.96103129252194 184.58778095703897
83.02496727345752 97.84161004881408
83.0889032543931 42.74354377791729
83.1528392353287 44.5958633138052
83.21677521626428 106.16942979585787
83.28071119719988 201.42815341319687
83.34464717813546 282.10214346869003
83.40858315907104 301.854964088898
83.47251914000664 248.7202850737484
83.53645512094222 156.5314928135038
83.60039110187782 73.56199026775204
83.66432708281341 22.95024728528888
83.72826306374898 1.4004000622969928
83.7921990446846 8.758563734746092
83.85613502562016 66.61439269272616
83.92007100655574 196.3935827376412
83.98400698749134 370.431766656854
84.04794296842691 498.93254428606383
84.11187894936253 495.818221649126
84.1758149302981 362.7530030380207
84.23975091123368 196.09041798729984
84.30368689216928 110.9413147399434
84.36762287310486 148.2233682256912
84.43155885404046 242.17165493862768
84.49549483497603 288.25762728163687
84.55943081591161 243.2620756241053
84.62336679684722 148.24755703258353
84.6873027777828 66.96722524221276
84.7512387587184 25.241008398385016
84.81517473965398 14.321362111765534
84.87911072058957 32.20337322459756
84.94304670152515 93.6032174878603
85.00698268246073 189.68347029033873
85.07091866339634 259.6173289598855
85.13485464433192 236.7252021924428
85.1987906252675 127.62830317020656
85.2627266062031 30.229731797602067
85.32666258713869 58.34440427604737
85.39059856807425 227.12492942446093
85.45453454900985 420.7120672520968
85.51847052994545 498.5631566450522
85.58240651088104 420.1372339117394
85.64634249181663 259.05904262765927
85.7102784727522 119.71854190338664
85.7742144536878 47.72531629465863
85.83815043462337 20.26008514894206
85.90208641555897 16.142926569794824
85.96602239649457 66.53642329153513
86.02995837743015 221.49373978039728
86.09389435836574 477.74449819987046
86.15783033930131 749.3699051645671
86.22176632023692 917.5669433093101
86.28570230117249 918.6066603569634
86.3496382821081 780.7567469447794
86.41357426304369 576.7097088829871
86.47751024397927 363.64679617183447
86.54144622491486 178.76250957603355
86.60538220585043 61.303896024200725
86.66931818678601 46.22431527714841
86.73325416772161 133.00560295420024
86.7971901486572 265.67437984582085
86.86112612959279 349.3946465778189
86.92506211052839 308.92381406633666
86.98899809146398 158.76206444183964
87.05293407239955 19.63243319173861
87.11687005333513 39.57370222036604
87.18080603427073 279.1079550063603
87.24474201520631 651.4227863173801
87.30867799614192 951.6905489257405
87.3726139770775 986.7032847989664
87.43654995801309 731.4280179581754
87.50048593894867 355.94870221569596
87.56442191988425 97.29164716708995
87.62835790081985 89.15576653126413
87.69229388175542 268.33133775910665
87.75622986269104 437.30474754246166
87.82016584362661 438.9119966042061
87.88410182456221 280.746401403893
87.94803780549779 97.31852488182611
88.01197378643337 8.39868608394171
88.07590976736897 24.856568738646217
88.13984574830454 72.74529122493196
88.20378172924016 88.1067627385824
88.26771771017573 76.46425180095066
88.33165369111131 78.1132631800847
88.39558967204691 103.37110238394794
88.45952565298249 120.20977043998828
88.52346163391807 104.4890007140696
88.58739761485366 87.86516280304815
88.65133359578925 125.61838693591984
88.71526957672485 225.54975583303192
88.77920555766043 327.462929022753
88.84314153859602 352.12210888150275
88.90707751953161 285.7868029858051
88.97101350046718 203.15587359733163
89.03494948140279 187.73860396896367
89.09888546233837 246.08466739533847
89.16282144327396 301.0684830007506
89.22675742420955 271.7780053454462
89.29069340514513 166.52518918051203
89.35462938608073 79.65209743494644
89.4185653670163 96.31548542344429
89.48250134795188 208.34626655624953
89.54643732888749 319.24177315488606
89.61037330982307 334.42083546342803
89.67430929075867 250.87373554797
89.73824527169425 158.47343426201397
89.80218125262982 152.4056836933164
89.86611723356542 245.08737699451376
89.930053214501 360.5774028075412
89.9939891954366 402.8009611665496
90.0579251763722 332.2216528452776
90.12186115730776 191.3595807081376
90.18579713824336 62.78051591062155
90.24973311917896 5.926589972072273
90.31366910011452 27.53405774372873
90.3776050810501 95.60234060201024
90.44154106198573 173.60395225387848
90.50547704292131 243.83204016372505
90.56941302385688 306.4678819764435
90.63334900479248 365.9637166452961
90.69728498572807 420.4914164843631
90.76122096666364 460.8609506064582
90.82515694759923 479.06552095673806
90.88909292853485 480.0346443759735
90.9530289094704 482.96974693314814
91.016964890406 507.8501382914844
91.0809008713416 559.675271841196
91.14483685227718 621.8512253980708
91.20877283321276 659.7768465491813
91.27270881414837 632.5648015898009
91.33664479508397 515.0596965575168
91.40058077601952 327.9779146407861
91.46451675695512 147.48976846336703
91.52845273789072 65.60931259052495
91.59238871882629 123.43398076859776
91.65632469976188 264.90212495497445
91.72026068069748 356.6954965970699
91.78419666163306 297.86842937534885
91.84813264256864 141.32004953419235
91.91206862350425 85.29968178109881
91.97600460443984 304.9450811048982
92.03994058537539 762.3595061332551
92.103876566311 1186.159918094359
92.1678125472466 1273.4976660943687
92.23174852818218 949.1163298532028
92.29568450911776 452.3833020642925
92.35962049005337 152.17059682655176
92.42355647098894 226.90548815906965
92.48749245192451 518.7753625503074
92.55142843286013 705.5693368238195
92.6153644137957 600.0387678380364
92.6793003947313 300.88695129214807
92.74323637566688 71.61291605542715
92.80717235660249 76.68503110779518
92.87110833753806 261.9126427190983
92.93504431847363 473.47330495098873
92.99898029940925 631.5567208259529
93.06291628034482 779.8325204964309
93.12685226128042 983.6342863879426
93.190788242216 1189.0136647960037
93.25472422315158 1229.157771683474
93.31866020408718 1003.6479570380916
93.38259618502275 608.4941831633821
93.44653216595833 274.93253598862464
93.51046814689394 203.3827720086832
93.57440412782952 409.6600173721841
93.63834010876512 701.2124701532535
93.7022760897007 837.7711918011772
93.76621207063629 715.3736163012301
93.83014805157187 416.10122689146607
93.89408403250745 135.64324795329276
93.95802001344306 34.06973249799523
94.02195599437864 106.32100217870656
94.08589197531423 207.48234948324745
94.14982795624982 205.13817763010425
94.2137639371854 99.11128283417997
94.27769991812099 11.671029176384563
94.34163589905657 59.318520135193005
94.40557187999217 214.0945505058696
94.46950786092776 317.0481905069748
94.53344384186335 255.87610643412967
94.59737982279891 93.80454165015534
94.66131580373452 27.894339399993235
94.72525178467009 229.81729578643967
94.78918776560569 676.9581105782598
94.85312374654129 1139.3711497293448
94.91705972747687 1360.045502617145
94.98099570841246 1239.3508443444352
95.04493168934803 874.3433100413681
95.10886767028364 462.6338583411762
95.17280365121921 162.93450004324436
95.23673963215482 27.612842895432248
95.3006756130904 30.922881783064227
95.36461159402599 125.35006203581185
95.42854757496158 272.7469120276545
95.49248355589715 439.6012739288556
95.55641953683273 583.9523624526752
95.62035551776833 667.0591449304006
95.68429149870391 676.1775802931356
95.74822747963952 626.3634370063313
95.8121634605751 546.4945066258389
95.8760994415107 468.185146754013
95.94003542244627 415.47158803358184
96.00397140338185 388.05180845196526
96.06790738431744 354.827751631454
96.13184336525303 281.6743520851354
96.19577934618864 171.30447892736015
96.25971532712423 66.42962372954997
96.32365130805981 14.228291400646135
96.38758728899539 28.5890198556987
96.45152326993097 81.15574143876422
96.51545925086656 131.16027105297303
96.57939523180217 161.19781828124715
96.64333121273776 177.2226635950205
96.70726719367332 184.42500105075413
96.77120317460893 174.84689604980036
96.83513915554451 138.27915615380547
96.89907513648008 83.7838274587516
96.96301111741569 43.33067695084278
97.02694709835129 43.7606482497504
97.09088307928688 76.11641848843949
97.15481906022244 100.08676675620704
97.21875504115805 82.2280182181258
97.28269102209363 31.630183058272284
97.3466270030292 0.010931181607812491
97.4105629839648 42.9707039182446
97.4744989649004 169.56292874721285
97.53843494583597 321.2664397265991
97.60237092677156 403.65120355894675
97.66630690770717 354.063558360732
97.73024288864275 197.51305300128664
97.79417886957832 42.57509523107757
97.85811485051391 8.360833685584497
97.92205083144952 128.46061095503987
97.9859868123851 312.42193652641953
98.04992279332068 415.1478136186838
98.11385877425629 358.8787943399765
98.17779475519184 194.61826402412865
98.24173073612744 52.19291784163929
98.30566671706303 22.866544677875115
98.36960269799859 83.09952441148428
98.43353867893421 136.94026995802236
98.4974746598698 121.02629260317065
98.5614106408054 56.631982104500906
98.62534662174096 9.079419581500163
98.68928260267656 10.237205460295188
98.75321858361217 31.719031906610585
98.8171545645477 32.94634171286893
98.88109054548333 17.370235663220516
98.94502652641891 28.335451844259335
99.00896250735448 92.87660916982173
99.07289848829008 178.84028650381916
99.13683446922568 216.85226101278596
99.20077045016124 169.8533668064812
99.26470643109683 73.90199699534065
99.32864241203245 6.221567434202982
99.39257839296803 23.634779994008834
99.4565143739036 129.2138181676656
99.5204503548392 281.2945908719803
99.5843863357748 428.0003914542695
99.64832231671036 532.6050439190866
99.71225829764595 574.0839749841201
99.77619427858157 544.3768739073956
99.84013025951712 452.0449714234899
99.90406624045272 321.149525851005
99.96800222138832 184.38319311499504
100.0319382023239 74.28182075418867
100.09587418325948 12.968498309958592
100.15981016419508 4.844877863830504
100.22374614513068 34.98444041209175
100.28768212606624 72.77175208797907
100.35161810700184 85.83006483160567
100.41555408793744 61.858306939394154
100.479490068873 20.292702800990426
100.5434260498086 0.5040607910352282
100.6073620307442 34.35518198499892
100.67129801167978 124.43503412179707
100.73523399261536 242.93108549566847
100.79916997355096 349.3811525450139
100.86310595448656 409.5714819212543
100.92704193542212 400.94833878845617
100.99097791635772 317.4220187435217
101.05491389729332 184.37578052489883
101.1188498782289 59.872241394781454
101.18278585916448 2.2788546253087127
101.24672184010008 26.068712150280057
101.31065782103566 87.90301406416198
101.37459380197124 122.59921843003688
101.43852978290684 100.4358241338668
101.50246576384242 52.112229980329936
101.566401744778 33.96438900879632
101.6303377257136 67.91804813158025
101.6942737066492 121.59909749246584
101.75820968758478 144.20743045985185
101.82214566852036 114.71499585510576
101.88608164945596 57.30316254091546
101.95001763039154 12.652631941403428
102.01395361132712 0.1979452782705237
102.07788959226272 16.64721911102967
102.1418255731983 60.17418401401888
102.2057615541339 135.3266164052214
102.26969753506948 231.3002080436023
102.33363351600507 306.08574486843605
102.39756949694066 308.4945097737784
102.46150547787624 231.14182412962737
102.52544145881184 133.96684182203168
102.58937743974742 94.64313521199112
102.653313420683 132.82634821413285
102.7172494016186 191.22133714145363
102.78118538255418 194.53072524181
102.84512136348978 125.22106880851344
102.90905734442536 38.17193015318692
102.97299332536095 1.3586537423346998
103.03692930629654 26.08985966699952
103.10086528723212 63.168541860891736
103.16480126816772 64.78488500470158
103.2287372491033 34.67040514147545
103.29267323003889 15.961787683509383
103.35660921097448 35.72561317159258
103.42054519191007 71.57896219602186
103.48448117284563 85.24522810042154
103.54841715378124 72.0875157881851
103.61235313471683 64.9909762820081
103.67628911565242 97.6973579897904
103.740225096588 164.50543825622455
103.80416107752357 229.68956478072053
103.86809705845918 271.64362663996855
103.93203303939475 291.1737428167665
103.99596902033036 293.1166162812152
104.05990500126595 270.9338833925567
104.12384098220151 207.0699177026885
104.18777696313713 109.64294595496196
104.2517129440727 28.37885260502749
104.3156489250083 4.369254286823129
104.37958490594389 22.737300049261293
104.44352088687945 32.316719413510405
104.50745686781507 18.55982022291788
104.57139284875063 46.04437006293532
104.63532882968624 201.44575569610473
104.69926481062183 488.43900635475734
104.7632007915574 782.3865812436477
104.827136772493 905.8775119766656
104.89107275342857 777.1306379931126
104.95500873436416 481.8072985800562
105.01894471529975 193.59086086298527
105.08288069623534 36.03080502390008
105.14681667717095 12.818361060380893
105.21075265810651 47.004818202837846
105.27468863904213 71.13559072511423
105.3386246199777 73.49468014708074
105.40256060091328 69.49792148400506
105.46649658184889 61.22377730854095
105.53043256278445 41.458091860460925
105.59436854372004 19.55802469009045
105.65830452465563 22.902665805947496
105.72224050559124 63.869540853136606
105.7861764865268 111.9283415845378
105.8501124674624 118.45612729395468
105.914048448398 71.6370218572287
105.97798442933357 17.090194794425923
106.04192041026916 18.9972852445017
106.10585639120475 93.73796092443528
106.16979237214034 188.0510637988081
106.23372835307592 229.7261040048913
106.29766433401151 190.7507228073773
106.36160031494713 105.19816542929948
106.42553629588268 37.078492497426446
106.48947227681828 30.0311819452002
106.55340825775389 83.48055992709213
106.61734423868945 164.0799373377625
106.68128021962504 227.9134200508544
106.74521620056063 239.87312027122653
106.80915218149624 189.36045048949052
106.8730881624318 100.2256483614808
106.9370241433674 23.77813529142466
107.000960124303 5.304574298134393
107.06489610523856 45.528007134095326
107.12883208617416 97.48634441360569
107.19276806710975 108.58181223379935
107.25670404804532 70.13517767506406
107.32064002898092 26.44742798794816
107.38457600991651 32.50175602992004
107.44851199085213 99.62006331541632
107.51244797178768 184.19278527937155
107.57638395272328 229.7304656233839
107.64031993365889 214.72165681160567
107.70425591459444 161.67360026908392
107.76819189553004 109.76354604372828
107.83212787646563 82.20189001297892
107.8960638574012 77.56338762335463
107.9599998383368 87.17543213189836
108.0239358192724 108.7363519565239
108.08787180020796 139.36539889720143
108.15180778114356 167.87274050872537
108.21574376207916 181.49815014035727
108.27967974301475 176.75663874893982
108.34361572395032 160.3158367387794
108.40755170488592 138.97590094621697
108.47148768582151 111.93461003449696
108.53542366675708 74.91759038604012
108.59935964769268 32.17600760808216
108.66329562862828 4.6694058867142925
108.72723160956384 17.500173510424485
108.79116759049944 73.50186181689368
108.85510357143504 144.52308293634087
108.91903955237063 187.107841533562
108.9829755333062 172.00097103868433
109.0469115142418 112.68902313257148
109.1108474951774 60.27570776021172
109.17478347611296 63.731347813385376
109.23871945704856 134.8848768280677
109.30265543798416 237.96078126206052
109.36659141891973 309.90969903317773
109.43052739985532 307.0366966999349
109.49446338079092 238.1813141192497
109.5583993617265 152.96385728133419
109.62233534266208 100.50196157620968
109.68627132359768 92.62785346170726
109.75020730453328 100.43901617673792
109.81414328546884 93.3580905799212
109.87807926640444 83.75388182131812
109.94201524734004 122.42366229785918
110.00595122827562 247.95815758690108
110.0698872092112 442.15923738837034
110.1338231901468 627.1055244114656
110.19775917108238 711.5123151080854
110.26169515201796 657.5389241782161
110.32563113295356 505.2822933361076
110.38956711388914 332.8176823144098
110.45350309482473 198.90922485160067
110.51743907576032 118.1575032324922
110.58137505669592 75.07037720217774
110.6453110376315 51.98576075962627
110.70924701856708 43.954937654513216
110.77318299950268 52.89857912303596
110.83711898043826 74.39971080396758
110.90105496137384 95.00324918301034
110.96499094230944 101.4036713734684
111.02892692324502 89.08538098694221
111.09286290418062 63.83404798563806
111.1567988851162 37.74430180931928
111.2207348660518 22.73407441523055
111.28467084698738 26.01220454390676
111.34860682792296 50.45789706269306
111.41254280885856 96.80428159859827
111.47647878979414 162.39129541172187
111.54041477072973 235.95135949453103
111.60435075166532 293.9408605857186
111.6682867326009 305.990136156442
111.7322227135365 253.4202653704212
111.79615869447208 151.5380794821857
111.86009467540767 51.28451943969196
111.92403065634326 7.454775504451856
111.98796663727884 36.08240708437901
112.05190261821444 101.11798017312424
112.11583859915002 147.2860293039202
112.1797745800856 149.6988196957438
112.2437105610212 130.14289762466277
112.30764654195679 123.89867576010548
112.37158252289238 134.42812688913344
112.43551850382796 128.95159973318613
112.49945448476355 84.25280723067085
112.56339046569914 31.282471038805525
112.62732644663473 39.58683328587281
112.6912624275703 144.20684720850002
112.7551984085059 291.76855607296346
112.81913438944149 373.5924629483261
112.88307037037708 318.6351043373924
112.94700635131267 161.87764043257667
113.01094233224823 25.404151934863684
113.07487831318385 16.7946721804158
113.13881429411941 137.93223435326323
113.20275027505502 294.2071486336028
113.2666862559906 382.5074213874725
113.33062223692617 370.5620185331507
113.39455821786179 302.90162799446887
113.45849419879735 241.0945628863741
113.52243017973296 211.48312734115288
113.58636616066855 203.60390407523323
113.65030214160412 196.41669716415
113.71423812253973 180.858882436169
113.7781741034753 160.58971547294297
113.84211008441088 136.94483748452026
113.90604606534647 105.76630055272406
113.96998204628206 68.87141059669636
114.03391802721767 38.26495698525216
114.09785400815323 27.136483570588148
114.16178998908885 38.615089014228296
114.22572597002441 63.873935629385656
114.28966195096 91.48968776395337
114.3535979318956 115.24586961774465
114.41753391283117 132.1750848998325
114.48146989376676 138.5749254776059
114.54540587470235 130.11362165179636
114.60934185563796 106.36254990704911
114.67327783657352 75.32213618503344
114.73721381750912 49.35533419318303
114.80114979844473 36.62022532407671
114.8650857793803 40.028862781637514
114.92902176031588 63.16874764321322
114.99295774125147 112.60990029653033
115.05689372218706 190.64579182531847
115.12082970312264 285.78768175435374
115.18476568405823 372.2551320346649
115.24870166499385 420.7882920622937
115.3126376459294 414.01302275727306
115.376573626865 354.91200338517734
115.4405096078006 264.6929263454244
115.50444558873617 172.7471609320588
115.56838156967176 100.94700023805316
115.63231755060735 54.98322654339743
115.69625353154296 29.478833294296916
115.76018951247852 15.535061101964692
115.82412549341412 6.49651374345834
115.88806147434973 1.29372194209038
115.95199745528528 0.7419187915114013
116.01593343622088 2.6287548846153648
116.07986941715647 3.454491005692549
116.14380539809204 4.289966410800173
116.20774137902764 11.78195815698066
116.27167735996323 30.18690409819922
116.33561334089885 53.090589075287035
116.3995493218344 67.40323977220378
116.46348530277 70.37852451838673
116.5274212837056 79.56749129728334
116.59135726464116 117.39011574629728
116.65529324557676 184.52594664984787
116.71922922651235 250.07917502890652
116.78316520744792 271.1799498129732
116.84710118838352 229.40173968519176
116.91103716931912 147.88278187749987
116.97497315025468 69.83812222293125
117.03890913119028 22.94549440971595
117.10284511212588 5.3434305634980515
117.16678109306147 1.2127712308454772
117.23071707399704 1.4644978858481652
117.29465305493264 5.231431764166206
117.35858903586823 8.824372661258115
117.4225250168038 6.7879564416783
117.4864609977394 9.909325577623967
117.550396978675 51.71169350512294
117.61433295961056 160.34481224214207
117.67826894054616 314.64721145943236
117.74220492148176 432.55143568998807
117.80614090241735 426.9028157092209
117.87007688335292 289.21580098127424
117.93401286428852 108.87448759487164
117.99794884522412 5.236290504005995
118.06188482615968 36.67716299041309
118.12582080709528 156.66360870771808
118.18975678803088 258.112743028615
118.25369276896645 267.8431033467712
118.31762874990204 197.40610510829208
118.38156473083764 113.79976811882077
118.44550071177322 72.72204452371267
118.5094366927088 80.45079126957576
118.5733726736444 111.90836996204496
118.63730865458 148.5546521764493
118.70124463551556 188.92375326492316
118.76518061645116 231.48312290282644
118.82911659738676 260.95725375936314
118.89305257832234 261.3906727901387
118.95698855925792 244.1225777100427
119.02092454019352 251.96268608115187
119.0848605211291 321.6189170646991
119.14879650206468 438.05365512402807
119.21273248300028 533.93442693438
119.27666846393586 539.4344130238867
119.34060444487145 434.78238853572134
119.40454042580704 265.61981102852053
119.46847640674264 111.93622939762275
119.53241238767822 29.821221301143478
119.5963483686138 15.918083202534808
119.6602843495494 26.9957908590814
119.72422033048498 26.499697454732452
119.78815631142056 11.027728862406503
119.85209229235616 0.643312851181184
119.91602827329174 9.518663327952813
119.97996425422734 28.92688173698517
120.04390023516292 40.95874304582167
120.10783621609852 45.04941536936157
120.1717721970341 64.97162943091466
120.23570817796968 126.34792944323524
120.29964415890528 224.2971889748184
120.36358013984086 313.49695255391657
120.42751612077645 336.18686478602007
120.49145210171204 268.15913485456764
120.55538808264762 143.76472858273357
120.61932406358322 35.454937717185885
120.6832600445188 3.25431466018134
120.74719602545439 57.10756164139156
120.81113200638998 156.19698721841596
120.87506798732556 238.6108621553784
120.93900396826116 262.2171837304326
121.00293994919674 227.61840539909304
121.06687593013233 165.92996642274989
121.13081191106792 109.56038827751328
121.1947478920035 72.83212367859198
121.2586838729391 51.67950762493183
121.32261985387468 36.85158431494319
121.38655583481027 27.634932508280727
121.45049181574586 34.638573659516794
121.51442779668145 70.52734762354483
121.57836377761701 137.09305525506883
121.64229975855262 217.7334016256584
121.7062357394882 281.6085061134842
121.7701717204238 297.62619803396586
121.83410770135939 249.2567014413353
121.89804368229495 150.0152574485934
121.96197966323057 48.86241162731618
122.02591564416613 2.9341807015768326
122.08985162510174 36.4667852382632
122.15378760603733 121.00109169679052
122.2177235869729 188.75411386516717
122.2816595679085 183.21798894689
122.34559554884407 111.40086815039818
122.40953152977968 40.50457473757752
122.47346751071527 43.55406541021513
122.53740349165084 140.30796918010256
122.60133947258645 277.73518910514247
122.66527545352201 371.9375585364822
122.7292114344576 373.71104223453045
122.7931474153932 297.9399527357406
122.85708339632878 202.13822510286496
122.92101937726439 140.5553762133903
122.98495535819995 130.4683829063951
123.04889133913557 151.35176708462095
123.11282732007113 169.8788667015566
123.17676330100672 166.0019431550403
123.24069928194233 140.53768783545655
123.3046352628779 105.8285704931256
123.36857124381348 72.53538728461834
123.43250722474907 42.96059930339721
123.49644320568468 16.345266932857687
123.56037918662027 1.4810646737615758
123.62431516755584 19.07593493961444
123.68825114849145 83.00133045370276
123.75218712942701 175.1274159060176
123.8161231103626 241.7159327658272
123.8800590912982 229.95419134120465
123.94399507223378 142.79853368525653
124.00793105316936 50.10313418113166
124.07186703410495 32.491102490677115
124.13580301504057 107.67735822524283
124.19973899597612 207.74337248223944
124.26367497691172 239.74830488880167
124.32761095784733 175.7960113651091
124.3915469387829 77.22800950727131
124.45548291971848 34.40715060086138
124.51941890065407 81.33189742142852
124.58335488158968 163.53366334021936
124.64729086252524 196.96005152785767
124.71122684346084 151.7074438291296
124.77516282439645 69.70207798034339
124.839098805332 16.237391443656957
124.9030347862676 24.985197155381975
124.9669707672032 85.64100134346769
125.03090674813876 174.49745867779728
125.09484272907436 277.1187353631092
125.15877871000995 375.3696700561677
125.22271469094557 433.677280109564
125.28665067188112 413.1547290478367
125.35058665281672 304.25330856015955
125.41452263375233 151.43161621591298
125.47845861468788 32.76309272015295
125.54239459562348 1.71977427862131
125.60633057655907 54.83840733970871
125.67026655749464 149.64424623320002
125.73420253843024 241.69028303781616
125.79813851936584 307.25018466566894
125.86207450030145 336.79349810748766
125.926010481237 322.1122135341216
125.9899464621726 261.7852057400179
126.0538824431082 171.89818967812806
126.11781842404376 83.66367527361916
126.18175440497936 25.55451551559372
126.24569038591495 5.728923506740844
126.30962636685052 13.099679056114132
126.37356234778612 30.474497728769794
126.43749832872172 44.378373646150074
126.50143430965728 46.90048313796305
126.56537029059288 36.14598890305476
126.62930627152848 20.49383555555924
126.69324225246407 16.1879125861109
126.75717823339964 33.71150508842608
126.82111421433524 63.76432788335255
126.88505019527084 79.14879118832934
126.9489861762064 60.68231875007239
127.012922157142 21.447594092285204
127.0768581380776 0.7936866198830175
127.14079411901317 33.32564673768141
127.20473009994876 117.05048806188364
127.26866608088436 211.96184618687937
127.33260206181994 270.05825477966374
127.39653804275552 263.5887907115449
127.46047402369112 197.82058123029472
127.52441000462672 106.4972107438479
127.58834598556228 30.964083093651134
127.65228196649788 1.838322539780045
127.71621794743348 27.589404793172765
127.78015392836906 87.31464527092929
127.84408990930464 141.28161841232395
127.90802589024024 158.30314723059152
127.97196187117582 137.92492504098655
128.0358978521114 109.81322612316497
128.099833833047 109.43434035799608
128.16376981398258 147.83518013622472
128.22770579491817 201.91332620611385
128.29164177585375 235.31627731708264
128.35557775678936 228.35275444360832
128.41951373772494 189.02257045476964
128.48344971866052 142.1248223360112
128.5473856995961 111.13187155309068
128.61132168053172 105.63884399331484
128.67525766146727 117.7539902423736
128.73919364240288 126.85963506947105
128.80312962333846 113.81465235744236
128.86706560427405 80.28961898160345
128.93100158520963 56.99146753237028
128.99493756614524 85.10057682148476
129.05887354708082 180.50510167532408
129.1228095280164 311.5376859954949
129.186745508952 412.2295704393616
129.2506814898876 427.15514019526927
129.31461747082315 352.0058755868089
129.37855345175876 231.19525736598305
129.44248943269434 119.1629390586698
129.50642541362993 46.53682366853209
129.5703613945655 17.91724431952679
129.63429737550112 31.58671249305699
129.6982333564367 91.12030627722012
129.76216933737228 193.32447942067148
129.82610531830787 310.3962958250325
129.89004129924348 397.5752825071885
129.95397728017906 421.71100706633166
130.01791326111464 380.0553679649433
130.08184924205023 301.2335822932612
130.1457852229858 226.10435671302437
130.2097212039214 174.88346802210933
130.273657184857 138.12657899994767
130.33759316579258 100.80498498942856
130.40152914672817 61.15469421504003
130.46546512766375 27.23239141356452
130.52940110859933 6.154811437931798
130.59333708953494 0.2282362327813158
130.65727307047052 10.747118025390888
130.7212090514061 38.87183441320044
130.7851450323417 78.8872112838019
130.84908101327727 112.66975013503688
130.91301699421288 117.3914074691485
130.97695297514846 86.10346434472217
131.04088895608405 40.762855091335815
131.10482493701963 16.927264692263982
131.1687609179552 30.36139070284341
131.23269689889082 61.722815918164656
131.2966328798264 76.49674122813833
131.360568860762 61.72514172087629
131.42450484169757 42.096305713467935
131.48844082263315 52.8827595681381
131.55237680356876 98.41948675674048
131.61631278450434 143.48897789409187
131.68024876543993 146.0963437676982
131.7441847463755 100.297061638449
131.8081207273111 42.40846086551124
131.8720567082467 11.17130631614864
131.93599268918229 12.783811355270789
131.99992867011787 30.035118268248844
132.06386465105345 59.34724357935625
132.12780063198903 128.23255507956375
132.1917366129246 260.24762844586775
132.25567259386023 424.853950964802
132.3196085747958 539.7587440048352
132.3835445557314 529.0743594243673
132.44748053666697 388.25119954735715
132.51141651760256 197.61530892674347
132.57535249853817 58.067776612374445
132.63928847947375 12.72793727486213
132.70322446040933 34.331703006228615
132.7671604413449 69.64048254433833
132.83109642228047 86.19735227401372
132.8950324032161 83.75326780536457
132.9589683841517 71.35275268671411
133.02290436508727 51.180647179037045
133.08684034602285 27.09380465212554
133.15077632695844 12.7524517865574
133.21471230789405 20.311489335668696
133.27864828882963 40.58454701107449
133.3425842697652 46.87058371289234
133.4065202507008 26.936664871473752
133.47045623163635 2.6463537534328574
133.534392212572 8.891189196851695
133.59832819350757 50.97987347904122
133.66226417444315 91.63697884051666
133.7262001553787 90.42567792577012
133.79013613631432 52.800537207306576
133.85407211724993 30.967689528916846
133.9180080981855 66.55495311459467
133.9819440791211 136.42936004596896
134.04588006005667 171.3054569657777
134.10981604099223 129.39730978567317
134.17375202192787 47.36103688153587
134.23768800286345 12.716238436156525
134.30162398379903 79.6421731835931
134.3655599647346 220.36263711328428
134.4294959456702 357.11380206940373
134.49343192660575 429.7748210232555
134.5573679075414 436.3425003435696
134.62130388847697 411.37806167373407
134.68523986941256 373.5775519327307
134.7491758503481 311.8093329355824
134.81311183128372 216.97049392130845
134.87704781221933 109.11388792548712
134.9409837931549 29.48409775780562
135.00491977409047 8.754029308927182
135.06885575502608 40.49421181220094
135.13279173596166 84.49801099238566
135.19672771689727 100.50158225762883
135.26066369783285 79.16181238684636
135.32459967876844 42.99367425707755
135.388535659704 24.11856454091734
135.4524716406396 36.687503801690696
135.5164076215752 63.8460069445813
135.5803436025108 72.45642858967005
135.64427958344635 46.02706858140013
135.70821556438196 8.640924367807244
135.77215154531754 10.019617752176291
135.83608752625315 75.20388787044686
135.9000235071887 167.1152001445537
135.96395948812432 208.72890834258985
136.02789546905987 157.9253464810616
136.09183144999548 61.974988972626704
136.1557674309311 23.60487982566116
136.21970341186667 102.59683456693008
136.28363939280223 247.68525219046745
136.34757537373784 333.1742522088897
136.41151135467342 277.9662730208484
136.47544733560903 130.125063526478
136.5393833165446 23.74946727424966
136.6033192974802 50.03647966552213
136.66725527841578 174.84141410593145
136.73119125935136 279.59027639218
136.79512724028694 276.1296018982587
136.85906322122256 181.94484689817725
136.9229992021581 88.04117208972963
136.98693518309372 61.0614445726337
137.0508711640293 87.22018227281754
137.11480714496489 107.50082641734076
137.17874312590047 87.30275486952726
137.24267910683608 44.92736711687701
137.30661508777166 23.282777967068167
137.37055106870724 43.24889737416672
137.43448704964283 88.37417266059425
137.49842303057844 128.1749308370654
137.562359011514 143.57192602280213
137.6262949924496 132.28698718360724
137.69023097338518 101.13469668178485
137.75416695432077 59.94262651029677
137.81810293525635 22.56852857262845
137.88203891619196 2.712587872414247
137.94597489712754 2.9355046471130906
138.00991087806312 13.916399225756836
138.0738468589987 26.93351682906062
138.13778283993432 45.686399024506926
138.20171882086987 81.36501359885922
138.26565480180548 131.77615769873373
138.32959078274106 172.00247051481827
138.39352676367665 173.1429578353393
138.45746274461223 129.2356614828398
138.52139872554784 64.89415435053091
138.58533470648342 18.26190529519507
138.649270687419 16.22594110501517
138.7132066683546 62.94539551578124
138.7771426492902 146.52533166716444
138.84107863022578 250.28765270870153
138.90501461116136 357.89134390991563
138.96895059209695 455.9425160093001
139.03288657303253 536.013405703869
139.0968225539681 591.6799671014594
139.16075853490372 614.3144238959877
139.2246945158393 592.0517276911642
139.28863049677489 511.80403813501647
139.35256647771047 378.37594397072326
139.41650245864605 239.20819388964625
139.48043843958166 157.9157965527457
139.54437442051724 149.84920522404283
139.60831040145283 168.11932393472378
139.6722463823884 155.4986172615796
139.736182363324 103.35585200366236
139.8001183442596 63.61553978348854
139.86405432519518 91.43011748960099
139.92799030613077 172.7439915716798
139.99192628706635 226.158135464352
140.05586226800193 185.51760558343787
140.11979824893754 76.67803594593067
140.18373422987312 2.2083711681078504
140.2476702108087 41.79679719837787
140.3116061917443 170.82200577442015
140.37554217267987 282.16645412495035
140.43947815361548 287.4534744752745
140.50341413455106 193.60599191571603
140.56735011548665 80.63462391618819
140.63128609642223 15.50073718272811
140.6952220773578 1.0412131146954764
140.75915805829342 8.946638904864644
140.823094039229 46.493797743397614
140.8870300201646 167.2526959239197
140.95096600110017 409.4774556003276
141.01490198203575 729.6098423569695
141.07883796297136 993.9114264655442
141.14277394390695 1061.8357063296855
141.20670992484253 907.8941830032147
141.2706459057781 634.3958421627273
141.3345818867137 378.1426083834668
141.39851786764928 236.40933778161263
141.4624538485849 222.4705766000029
141.52638982952047 265.050762770248
141.59032581045605 286.87378113181325
141.65426179139163 262.35900128693044
141.7181977723272 202.25154531102476
141.78213375326283 131.92700659888712
141.8460697341984 78.35429741438017
141.910005715134 52.13328088803302
141.97394169606957 44.2880272917414
142.03787767700516 41.83134555413785
142.10181365794077 40.33561296846933
142.16574963887635 41.37614987082805
142.22968561981193 44.021377419492
142.2936216007475 42.23892748941385
142.35755758168307 30.558708304960696
142.4214935626187 13.160993264330203
142.4854295435543 3.5114073530604295
142.54936552448987 12.97457586235458
142.61330150542543 41.04809501975818
142.67723748636104 75.92130632251961
142.74117346729665 104.99711024456415
142.80510944823223 122.623789285475
142.8690454291678 127.7225880263217
142.9329814101034 120.26597976622008
142.99691739103895 100.65522588446808
143.0608533719746 71.6130709254032
143.12478935291017 41.49815055125801
143.18872533384575 21.365621772437983
143.2526613147813 16.331431995515587
143.31659729571692 22.246375423440394
143.38053327665253 30.239731994048057
143.4444692575881 33.47006053868352
143.5084052385237 32.16190623866791
143.57234121945928 34.91057451143895
143.63627720039483 55.03886546880119
143.70021318133044 101.94382005102337
143.76414916226605 170.80029434994535
143.82808514320163 237.9085077755776
143.8920211241372 268.1240492601961
143.9559571050728 236.77228990576415
144.01989308600838 153.42626950732082
144.083829066944 60.80320292060581
144.14776504787957 5.730024131884788
144.21170102881516 9.97656951640263
144.2756370097507 60.91734230768638
144.33957299068632 124.24728136196218
144.40350897162193 168.79294923564888
144.4674449525575 182.59497620670928
144.53138093349307 170.63030890109323
144.59531691442868 144.58633229497934
144.65925289536426 115.36030936125763
144.72318887629987 90.10717951920195
144.78712485723543 72.94815280178798
144.85106083817104 68.27550379700567
144.9149968191066 83.87788959732505
144.9789328000422 128.44994177782823
145.0428687809778 200.25718939561273
145.1068047619134 275.99789972894337
145.17074074284895 316.56364190286064
145.23467672378456 291.28688757817594
145.29861270472014 202.5404438666673
145.36254868565575 91.42662587546688
145.4264846665913 14.733490114712692
145.49042064752692 3.887180926681008
145.5543566284625 42.33049910855685
145.61829260939808 85.01920568458118
145.6822285903337 99.00055292293086
145.74616457126928 87.61701274918707
145.81010055220483 82.46512836765852
145.87403653314044 114.41729871914934
145.93797251407602 187.84398395238964
146.0019084950116 277.8372209320186
146.0658444759472 350.3322641255593
146.1297804568828 383.3668609902118
146.19371643781838 372.35154775039746
146.25765241875396 324.85650460761303
146.32158839968955 255.07822785198312
146.38552438062516 179.32274164027163
146.4494603615607 111.38932796069214
146.51339634249632 59.235493402941415
146.5773323234319 24.934694936356564
146.6412683043675 6.875305161535983
146.70520428530307 0.7927044328805547
146.76914026623868 0.27091029847137527
146.83307624717426 0.398284249514872
146.89701222810984 3.4910135158689664
146.96094820904543 20.11424051697933
147.02488418998104 60.173766763738705
147.0888201709166 119.76343720104065
147.1527561518522 177.57283493059697
147.21669213278778 207.74578225535308
147.28062811372337 201.12605731293567
147.34456409465895 173.9027657661859
147.40850007559456 150.65777185467627
147.47243605653014 140.59146684201423
147.53637203746572 132.83961376364294
147.6003080184013 111.0395334633207
147.66424399933692 72.14613552776461
147.7281799802725 32.554692661441564
147.79211596120808 13.342571797049867
147.85605194214367 20.581603863664405
147.91998792307925 42.529022274418544
147.98392390401483 62.204801886036726
148.04785988495044 69.50134869364541
148.11179586588602 64.44181720040454
148.1757318468216 52.25748194930762
148.2396678277572 37.171664416568035
148.30360380869277 22.344519591331824
148.36753978962838 11.599300682943914
148.43147577056396 7.053816585304054
148.49541175149955 8.732816658103049
148.55934773243513 20.46694765097457
148.6232837133707 54.80392853706038
148.68721969430632 127.16646338721424
148.7511556752419 240.79492041126508
148.8150916561775 375.1437273531269
148.87902763711307 488.95209839723094
148.94296361804865 542.3773411421915
149.00689959898426 523.5997501603016
149.07083557991984 451.14575393192257
149.13477156085543 353.51358131282325
149.198707541791 253.52446378758867
149.2626435227266 165.368994747004
149.3265795036622 96.2173386762436
149.39051548459778 48.10692837511616
149.45445146553337 19.57563753476825
149.51838744646895 8.187865727764851
149.58232342740453 13.07422429019298
149.64625940834014 32.95666868380968
149.71019538927573 60.54433577387999
149.7741313702113 81.69730861960825
149.8380673511469 84.25764389898652
149.90200333208247 69.5212859443816
149.96593931301808 51.77860654414597
150.02987529395367 42.667601009128525
150.09381127488925 38.67985635556567
150.15774725582483 28.03750688106175
150.2216832367604 9.363264374259128
150.285619217696 0.9680640263915987
150.3495551986316 24.816645212398814
150.4134911795672 78.68665595625427
150.47742716050277 132.7116555862119
150.54136314143835 156.45370688060177
150.6052991223739 147.56608617814007
150.66923510330955 132.97464456257785
150.73317108424513 135.35225598406484
150.7971070651807 144.61572486999347
150.8610430461163 133.57280910644528
150.92497902705188 92.23019995572803
150.9889150079875 40.84455779333289
151.05285098892307 10.966029988252416
151.11678696985865 11.258012072919804
151.18072295079423 20.963591100538743
151.2446589317298 20.477615309329675
151.30859491266543 16.557735584487222
151.372530893601 32.03601485217025
151.4364668745366 72.51522158803027
151.50040285547215 112.44668417885512
151.56433883640776 120.06116524268673
151.62827481734337 90.0643569734693
151.69221079827895 49.262136069950465
151.75614677921453 27.619809194297
151.82008276015011 26.528113728663087
151.88401874108567 26.44082777893613
151.9479547220213 18.882875419917703
152.0118907029569 18.33479906098737
152.07582668389247 43.90729610174269
152.13976266482803 92.49109882545011
152.20369864576364 135.45614910045387
152.26763462669925 144.77527352416402
152.33157060763483 117.50532849629793
152.3955065885704 73.96305507906924
152.459442569506 38.14107615372954
152.52337855044155 28.2834600214316
152.58731453137716 61.34207606824036
152.65125051231277 144.12383426287414
152.71518649324835 255.2160120652836
152.7791224741839 347.0357107831612
152.84305845511952 370.17836766464217
152.9069944360551 312.4537040139692
152.9709304169907 220.0625132702502
153.0348663979263 157.44834807376904
153.09880237886188 145.37169615038235
153.16273835979743 151.39648702383164
153.22667434073304 131.53277324514255
153.29061032166865 79.28645457163213
153.35454630260423 35.13505441702828
153.4184822835398 38.90767295144081
153.4824182644754 82.22735784712192
153.54635424541098 118.86273972557436
153.6102902263466 113.06583856375248
153.67422620728215 70.3799859426168
153.73816218821776 25.425827920265707
153.8020981691533 8.13484827520744
153.86603415008892 25.18918797134929
153.92997013102453 67.51957781283652
153.99390611196011 122.94549016011308
154.05784209289567 175.21998525173467
154.12177807383128 201.61451580366727
154.18571405476686 187.2235758226868
154.24965003570247 145.60757888479273
154.31358601663803 116.82888521524951
154.37752199757364 133.91146338709027
154.44145797850922 187.92252263760884
154.5053939594448 230.67445596447516
154.5693299403804 219.58787070896648
154.633265921316 160.5895097122994
154.69720190225155 98.686298479818
154.76113788318716 68.8558776353881
154.82507386412274 65.77073459624977
154.88900984505833 60.30122585795189
154.9529458259939 38.453152797625116
155.01688180692952 17.229386958839182
155.0808177878651 21.312128652707
155.14475376880068 52.64079603019318
155.20868974973627 89.4842917991216
155.27262573067188 112.69306862806005
155.33656171160743 124.89974357663088
155.40049769254304 141.3996267953732
155.46443367347862 167.61827703372305
155.5283696544142 189.23680826721687
155.5923056353498 185.32005371604373
155.6562416162854 149.07461304039217
155.72017759722098 93.07919262040915
155.78411357815656 39.16821282211112
155.84804955909215 6.497051436504539
155.91198554002776 3.4899744478484367
155.9759215209633 23.20046794274989
156.03985750189892 43.84703814495157
156.1037934828345 43.231975689186136
156.1677294637701 21.894923852164972
156.23166544470567 8.387145865652084
156.29560142564128 34.033078472760394
156.35953740657686 95.29581558620664
156.42347338751244 143.89569175566655
156.48740936844803 129.82275698649497
156.55134534938364 59.25936056539283
156.61528133031922 2.428165130868062
156.6792173112548 33.90461248173309
156.74315329219039 156.09947136611413
156.80708927312597 287.67601425036605
156.87102525406155 335.07873810323406
156.93496123499716 273.99858848206213
156.99889721593274 166.9856805445534
157.06283319686833 103.48331943577516
157.1267691778039 118.42297828284612
157.1907051587395 172.17876023379276
157.2546411396751 202.89628589539063
157.31857712061068 185.1161010719275
157.38251310154627 140.60212403658855
157.44644908248185 104.49589217899768
157.51038506341743 91.45552693829421
157.57432104435304 95.79140328620944
157.63825702528862 112.63503156613244
157.7021930062242 147.1646446617738
157.7661289871598 202.676165093503
157.83006496809537 267.1150395080699
157.89400094903098 315.96214690944174
157.95793692996656 328.13219900056544
158.02187291090215 299.97570937405874
158.08580889183773 244.88771162117115
158.1497448727733 180.83364418989288
158.21368085370892 121.24392085996855
158.2776168346445 74.50026524641896
158.3415528155801 44.034495801661606
158.40548879651567 26.926687150363396
158.46942477745125 16.233035917565356
158.53336075838686 8.821817431077347
158.59729673932245 11.721004634639202
158.66123272025803 36.34275994063008
158.7251687011936 83.69123398058083
158.7891046821292 139.07125087240578
158.8530406630648 185.10011209317648
158.91697664400039 219.96208011789153
158.98091262493597 261.12528040492776
159.04484860587155 328.7551118123705
159.10878458680713 423.3085885030878
159.17272056774274 517.0702223533275
159.23665654867833 568.4303215360201
159.3005925296139 549.0772636239066
159.3645285105495 460.66089879346725
159.42846449148507 330.3637553974261
159.49240047242063 195.38209156013508
159.55633645335627 87.23393476047748
159.62027243429185 22.673478045047958
159.68420841522743 2.5303053920744145
159.748144396163 13.845944108061843
159.8120803770986 35.89736130516548
159.8760163580342 51.37685148235212
159.9399523389698 54.0454050595664
160.00388831990537 47.11890439118457
160.06782430084095 36.53207310918994
160.1317602817765 25.14101840209248
160.19569626271215 12.930937306160763
160.25963224364773 2.6302481269944225
160.3235682245833 2.2748902061377354
160.3875042055189 18.907792524920005
160.45144018645448 48.27892199119818
160.5153761673901 72.08743496937271
160.57931214832567 70.43414530121657
160.64324812926125 41.807730830180326
160.70718411019683 9.214078150062056
160.7711200911324 1.4368904580893924
160.83505607206803 24.873572156064103
160.8989920530036 53.66231176097825
160.9629280339392 54.009813786276666
161.02686401487475 23.565973736211586
161.09079999581036 0.819552543207314
161.15473597674597 28.7294287367249
161.21867195768155 105.61907157360623
161.28260793861713 173.70730706029855
161.34654391955272 169.9155809236694
161.41047990048827 93.2302756326876
161.4744158814239 13.745189565575016
161.5383518623595 12.2927326485573
161.60228784329507 104.78096540569116
161.66622382423063 221.4692346274392
161.73015980516624 270.9084636965563
161.79409578610182 223.15214368617688
161.85803176703743 125.55479527871448
161.921967747973 49.54204102642164
161.9859037289086 27.527715007980355
162.04983970984415 36.76376989831261
162.11377569077976 39.858421814153
162.17771167171537 27.62569360022296
162.24164765265095 15.396428199090275
162.3055836335865 11.532716709250707
162.36951961452212 6.879938628521187
162.4334555954577 0.041174806384540914
162.4973915763933 21.344974741367697
162.56132755732887 111.49278360920526
162.62526353826448 266.5633603812272
162.68919951920003 412.13032840257887
162.75313550013564 450.0010328572831
162.81707148107125 344.7979004281996
162.88100746200683 165.27870814301687
162.9449434429424 32.73474257404246
163.008879423878 21.03159211343644
163.07281540481358 101.13444389935768
163.1367513857492 177.99427356335383
163.20068736668475 178.92287626933432
163.26462334762036 110.8875275228916
163.32855932855594 40.25099893960858
163.39249530949152 22.267224497056297
163.45643129042713 53.01457741097351
163.52036727136272 85.76948780766308
163.58430325229827 83.33655051357533
163.64823923323388 50.1437198054176
163.71217521416946 19.854710080795257
163.77611119510507 17.787664517261838
163.84004717604063 36.44774817192933
163.90398315697624 47.94630076377
163.96791913791182 37.92132613587283
164.0318551188474 23.538741250588522
164.09579109978299 39.007605354804646
164.1597270807186 102.6900218137965
164.22366306165415 195.66411811601668
164.28759904258976 273.72940960560595
164.35153502352534 300.82407341815315
164.41547100446093 274.86590868891426
164.4794069853965 229.58820638666327
164.54334296633212 208.8395403365589
164.6072789472677 232.52520391918748
164.67121492820328 286.55128690453444
164.73515090913887 338.7148023964985
164.79908689007448 358.7797302942945
164.86302287101003 333.3449145935165
164.92695885194564 272.14291023010526
164.99089483288122 200.0256027196829
165.0548308138168 140.6275891919142
165.1187667947524 104.9731855908548
165.182702775688 90.92848198726627
165.24663875662358 88.63111638838451
165.31057473755916 85.47810869268795
165.37451071849475 73.35958438752955
165.43844669943036 56.490406781122886
165.50238268036594 46.28910031528792
165.56631866130152 45.656535007622566
165.6302546422371 44.90353610763593
165.6941906231727 34.117922504887375
165.75812660410827 15.275869255205542
165.82206258504388 2.4066080803707104
165.88599856597946 9.844982506480166
165.94993454691505 38.5560115790092
166.01387052785063 74.5685025514449
166.0778065087862 100.33327942666716
166.14174248972182 106.36271525701412
166.2056784706574 94.0413834236049
166.269614451593 70.68214017042457
166.33355043252857 44.52669480130452
166.39748641346415 23.912378104158865
166.46142239439976 15.966105710140347
166.52535837533534 21.960300851623735
166.58929435627093 34.51140412338914
166.6532303372065 43.360469597122574
166.7171663181421 47.347714146367146
166.7811022990777 60.792525852395656
166.84503828001328 106.45763814023967
166.90897426094887 195.1338596881682
166.97291024188445 310.3075156016393
167.03684622282003 420.51580548394605
167.10078220375564 495.7020272003087
167.16471818469122 508.0664314862847
167.2286541656268 446.27436014740306
167.2925901465624 328.84720914766103
167.35652612749797 190.12492169723893
167.42046210843358 74.02631890557424
167.48439808936917 27.788964589108637
167.54833407030475 64.23943608753524
167.61227005124033 141.08627106817374
167.6762060321759 188.9865290865398
167.74014201311152 161.34196785914708
167.8040779940471 77.84656000228554
167.8680139749827 19.37002374098648
167.93194995591827 60.74982782145788
167.99588593685385 202.80303374873463
168.05982191778946 368.10093274984024
168.12375789872505 464.12713711654584
168.18769387966063 457.1408077930564
168.2516298605962 391.64175035381135
168.3155658415318 339.3414601790523
168.37950182246735 324.0531154137552
168.443437803403 303.4247994931272
168.50737378433857 229.60910867002644
168.57130976527415 114.21172244315052
168.63524574620973 29.02513739292781
168.69918172714532 42.022291981831046
168.76311770808093 142.69552176587862
168.8270536890165 237.95118102676315
168.8909896699521 234.0161567244312
168.95492565088767 125.05148258073808
169.01886163182323 12.941936954348552
169.08279761275887 37.49523881628227
169.14673359369445 259.8338931925307
169.21066957463003 603.1150014598697
169.2746055555656 904.562473308639
169.3385415365012 1016.7906385299902
169.4024775174368 888.1656362457151
169.4664134983724 590.4572113945616
169.53034947930797 270.7587337650975
169.59428546024355 59.52224199255848
169.6582214411791 11.064175418561822
169.72215742211475 98.0159270219784
169.78609340305033 239.56300592470393
169.8500293839859 348.7763885564887
169.91396536492147 373.7248289115354
169.97790134585708 312.2820145729459
170.0418373267927 203.47336710901703
170.10577330772827 102.48531258473722
170.16970928866385 52.41240077740172
170.23364526959944 67.62355338550458
170.297581250535 132.18569376461983
170.36151723147063 210.94422464481033
170.4254532124062 267.26997685366587
170.4893891933418 278.3322493700268
170.55332517427735 242.28231024701267
170.61726115521296 175.40754707458007
170.68119713614854 102.0161194673014
170.74513311708415 43.55619438920182
170.80906909801973 11.288230104351086
170.87300507895532 4.494294502973584
170.93694105989087 14.533867548478103
171.00087704082648 31.217664116933786
171.0648130217621 46.92121762167338
171.12874900269767 57.517304209268275
171.19268498363323 61.899360661385195
171.25662096456884 61.243667494955886
171.32055694550442 58.17074243514364
171.38449292644003 56.33137551694577
171.4484289073756 60.562447744671616
171.5123648883112 75.83009072407886
171.57630086924675 103.25997172629164
171.64023685018236 135.41075846025413
171.70417283111797 156.2091414059626
171.76810881205355 148.99685588236832
171.8320447929891 109.89245540586631
171.89598077392472 56.37119937156895
171.9599167548603 18.900225861111828
172.0238527357959 16.742883713193407
172.08778871673147 40.64593458003056
172.15172469766708 62.4926351160149
172.21566067860266 62.612748042179035
172.27959665953824 48.5797539990139
172.34353264047385 48.14906963023007
172.40746862140944 79.92329263545135
172.471404602345 129.9139805631065
172.5353405832806 161.4495607721453
172.59927656421618 148.0184820152226
172.6632125451518 95.75724088590206
172.72714852608735 38.404256212699615
172.79108450702296 9.723803177434846
172.85502048795854 16.834121001820414
172.91895646889412 39.99424641707209
172.9828924498297 54.8702389106971
173.04682843076532 51.79651137505472
173.11076441170087 37.3999066507532
173.17470039263648 23.093535982523115
173.23863637357206 14.855513814236408
173.30257235450765 13.617623536097092
173.36650833544323 21.051472964266598
173.43044431637884 40.50735539018548
173.49438029731442 71.60378237876952
173.55831627825 105.80739985787201
173.6222522591856 129.39100219775258
173.6861882401212 132.28535419511192
173.75012422105675 114.81077899355684
173.81406020199236 86.6486519788216
173.87799618292794 61.395301760846976
173.94193216386353 51.83312968151921
174.0058681447991 65.79158654050877
174.06980412573472 101.33923482169256
174.1337401066703 144.41148083541628
174.19767608760588 174.93208951317115
174.26161206854147 179.75661098041726
174.32554804947708 161.74705530368985
174.38948403041266 139.67671423673724
174.45342001134824 137.8876545814671
174.51735599228383 166.21244056995323
174.5812919732194 207.2941657282176
174.645227954155 228.3466292142462
174.7091639350906 204.2528278652229
174.77309991602618 134.83545891858748
174.83703589696177 51.58756023029609
174.90097187789735 2.5560483611386413
174.96490785883296 21.63158043450236
175.02884383976854 107.68596222687512
175.09277982070412 218.41497217988675
175.1567158016397 287.3029049261843
175.2206517825753 271.8038698129199
175.28458776351087 190.39521247130904
175.34852374444648 111.6421755682483
175.41245972538206 109.27652736897655
175.47639570631765 202.91482281638744
175.54033168725323 326.4927184035283
175.6042676681888 375.10281388687
175.66820364912442 296.4850606803723
175.73213963006 139.23032885779088
175.7960756109956 17.40021124339931
175.86001159193117 17.346044589712893
175.92394757286675 123.41044370458852
175.98788355380236 234.8029259765118
176.05181953473794 258.3785884553998
176.11575551567353 186.28976045791657
176.1796914966091 89.21741359238975
176.2436274775447 40.85801842962186
176.3075634584803 50.87104127519001
176.37149943941589 69.69709919876429
176.43543542035147 54.03731976394854
176.49937140128705 17.640268333848784
176.56330738222263 11.51457438046956
176.62724336315824 60.66202944498966
176.69117934409383 129.85867435515203
176.7551153250294 155.8427502623865
176.819051305965 112.5168161894238
176.88298728690057 39.98785770853822
176.94692326783618 6.051405160073008
177.01085924877177 40.47136451058141
177.07479522970735 109.07889454153508
177.13873121064293 149.56073992003545
177.2026671915785 130.0150146141027
177.26660317251412 75.3972701127688
177.3305391534497 39.69185358927339
177.3944751343853 55.60918775537741
177.45841111532087 111.4902214028191
177.52234709625645 166.99655011255135
177.58628307719204 186.4578106227728
177.65021905812765 162.2860882430041
177.71415503906323 111.87035385274524
177.7780910199988 59.80323095055402
177.8420270009344 23.656368084532367
177.90596298186995 7.349088593010107
177.9698989628056 3.687923844750157
178.03383494374117 4.787864208175871
178.09777092467675 13.942068706893652
178.16170690561233 49.05902282201079
178.22564288654792 130.08064768858603
178.28957886748353 255.8901932385824
178.3535148484191 388.3133130152236
178.4174508293547 465.4804755471276
178.48138681029027 441.8983422067074
178.54532279122583 321.8733482857611
178.60925877216147 164.53705278614393
178.67319475309705 51.11353957904375
178.73713073403263 26.991007866040025
178.8010667149682 72.77941999841178
178.8650026959038 126.99897481098267
178.9289386768394 132.73560794470325
178.992874657775 82.75307522643827
179.05681063871057 29.557385394420617
179.12074661964616 46.14131005461108
179.1846826005817 171.75269617539317
179.24861858151735 376.3836131000773
179.31255456245293 569.4568002398851
179.3764905433885 656.8416947775103
179.44042652432407 598.1450963038635
179.50436250525968 424.3809817178104
179.5682984861953 218.33347428619211
179.63223446713087 69.703714735662
179.69617044806645 28.25481770947199
179.76010642900204 84.05473842461147
179.8240424099376 185.10669213173117
179.8879783908732 274.42294055445853
179.9519143718088 316.65612397672083
180.0158503527444 303.6235213194343
180.07978633367995 248.8736549553528
180.14372231461556 176.78826435777023
180.20765829555117 110.17600075374844
180.27159427648675 62.16721737825226
180.33553025742236 33.51891841625652
180.39946623835792 17.13421583815252
180.46340221929347 9.586171593425469
180.52733820022908 18.355390190402208
180.5912741811647 53.870001737757626
180.65521016210027 112.05871624501464
180.71914614303583 165.8599094073503
180.78308212397144 179.88560476097135
180.84701810490705 141.77848373280165
180.91095408584263 81.81119176378051
180.9748900667782 57.13734230220017
181.03882604771377 110.25489177798728
181.10276202864935 232.1612065913908
181.16669800958496 358.8414150703072
181.23063399052057 412.13028023655465
181.29456997145613 354.96949707877474
181.3585059523917 216.1660602636894
181.4224419333273 73.01921562222101
181.48637791426287 3.2071117842761887
181.55031389519849 36.6596795499046
181.61424987613407 142.98936839776877
181.67818585706968 252.85446902900617
181.7421218380053 296.8867718877136
181.80605781894084 248.50708306709143
181.8699937998764 140.07733300865448
181.93392978081204 39.596381613581805
181.9978657617476 7.08333603081669
182.0618017426832 55.07328548381399
182.1257377236188 139.70502295573695
182.1896737045544 191.17460482120168
182.25360968549 165.43250077324544
182.31754566642556 81.68191351863794
182.38148164736117 10.650114253948756
182.44541762829672 20.908870693190277
182.5093536092323 123.02830193550926
182.57328959016792 251.47625350706855
182.63722557110347 309.8925772790814
182.70116155203908 249.7620870202214
182.76509753297464 115.36498275530948
182.82903351391025 17.92603926962225
182.89296949484583 49.65719486826303
182.95690547578144 203.75349519515072
183.02084145671705 373.8080232612653
183.0847774376526 435.88502634285686
183.14871341858816 347.95903637058507
183.21264939952377 180.60155772816688
183.27658538045935 52.05488464003009
183.34052136139496 33.44805823776234
183.40445734233052 101.89046561725476
183.46839332326607 172.424379756092
183.5323293042017 177.98736761692075
183.5962652851373 119.2847225915906
183.66020126607287 47.49219833853734
183.72413724700849 13.98070965286672
183.78807322794407 33.16931154107346
183.85200920887968 83.8908073329423
183.9159451898153 138.49735560560515
183.97988117075084 182.04193080143372
184.0438171516864 209.22482197729136
184.107753132622 217.91056102492155
184.1716891135576 208.83652741380533
184.2356250944932 185.47278961232087
184.2995610754288 150.32564262480267
184.3634970563644 103.15447324169112
184.42743303729995 48.52200761387073
184.49136901823556 6.485299212268081
184.55530499917117 7.758149635940285
184.61924098010672 67.73508932626257
184.6831769610423 161.35873709950107
184.7471129419779 230.29262725123803
184.81104892291347 225.64842041552703
184.87498490384908 151.00373046859957
184.93892088478464 66.32504250121497
185.00285686572025 41.4217034033273
185.06679284665583 94.73322706936342
185.1307288275914 179.66035742096895
185.19466480852705 230.7333123339424
185.2586007894626 217.27436490120124
185.32253677039816 158.20388698832895
185.38647275133377 95.01290555945289
185.45040873226932 54.362044037692336
185.51434471320496 37.384048588200976
185.57828069414052 39.37167136507981
185.64221667507607 68.90813793785729
185.70615265601168 140.31973072299897
185.7700886369473 247.6711705526144
185.83402461788287 351.7392890683433
185.89796059881849 398.3989962895698
185.96189657975407 355.90891991849173
186.02583256068965 240.8489166420526
186.08976854162523 110.36518692771548
186.15370452256084 24.230148229686503
186.2176405034964 5.6556470552916815
186.281576484432 33.21696942258594
186.3455124653676 66.96359026382758
186.4094484463032 81.53211658037442
186.47338442723876 80.01007577154608
186.5373204081744 80.66956483569794
186.60125638910995 90.89474713979125
186.66519237004556 96.4811233767537
186.7291283509811 79.19440593684979
186.79306433191667 43.25228865253716
186.8570003128523 18.450890250109246
186.9209362937879 33.275979133692054
186.98487227472347 84.58689322182563
187.04880825565905 135.22049978743854
187.11274423659464 148.05589974327833
187.17668021753025 121.81346894462168
187.24061619846583 87.52076939176494
187.3045521794014 76.61050577753583
187.36848816033697 93.00761633658425
187.43242414127255 113.95376849930264
187.49636012220816 124.09151282784332
187.56029610314377 132.36854771631275
187.62423208407932 146.15728918091892
187.6881680650149 151.3832390985968
187.7521040459505 123.15565508168804
187.81604002688607 58.8358221472531
187.87997600782168 10.092844819780119
187.9439119887573 53.79957428074518
188.00784796969288 211.11111261802407
188.07178395062843 410.62138603664926
188.13571993156407 532.2648157339726
188.19965591249965 495.15098014648265
188.26359189343523 325.81864279459006
188.3275278743708 136.2209078521552
188.3914638553064 24.719942648021668
188.455399836242 5.4184865715777715
188.5193358171776 25.31310662794017
188.5832717981132 31.705624379214676
188.64720777904876 17.334216834264442
188.71114375998437 5.646064852000128
188.77507974091992 9.865852392414512
188.83901572185556 18.66429165202248
188.9029517027911 15.40959891054882
188.96688768372667 3.5564369458610465
189.03082366466228 4.032287372630456
189.09475964559783 26.100029841740863
189.15869562653347 54.831551866709816
189.22263160746903 69.86634361281179
189.28656758840464 68.51755128483346
189.3505035693402 66.9356607008288
189.4144395502758 74.25286661908609
189.4783755312114 75.98727445304988
189.54231151214697 56.60380880506949
189.60624749308255 31.55776082115805
189.67018347401813 46.63057624241712
189.7341194549537 133.62587429996995
189.79805543588932 263.5996819485784
189.8619914168249 359.17731142443847
189.9259273977605 354.5856607715097
189.98986337869607 247.10456581704227
190.05379935963168 105.0368230238334
190.1177353405673 15.58996719215374
190.18167132150288 15.15103984164352
190.24560730243843 76.3810858340669
190.30954328337404 149.51141636106496
190.3734792643096 204.89510921290784
190.43741524524523 243.4943417368715
190.5013512261808 275.3337725782057
190.5652872071164 297.1499667519301
190.629223188052 294.77005019456834
190.6931591689876 259.6400421752255
190.7570951499232 196.6148222897222
190.82103113085876 120.83153586171518
190.88496711179437 55.59965151523927
190.94890309272992 28.073928608165215
191.01283907366553 57.64392769029869
191.0767750546011 143.07760339767327
191.14071103553667 252.32109373764368
191.20464701647228 331.0099604205928
191.26858299740783 335.9759805048593
191.33251897834344 263.62607066952734
191.39645495927903 150.88668376507263
191.46039094021464 51.604636113691726
191.5243269211502 4.373133740027097
191.5882629020858 17.47633866652144
191.65219888302136 75.78700881384702
191.71613486395697 154.20575132605285
191.78007084489255 228.13963412016253
191.84400682582813 277.51551906752525
191.9079428067637 291.0193770663124
191.97187878769927 274.43883058136265
192.03581476863488 248.04459367729373
192.0997507495705 228.01743669581313
192.16368673050607 210.8914468619128
192.22762271144168 178.57777951326443
192.2915586923773 120.78438590329144
192.35549467331285 54.49520843139408
192.41943065424843 18.966906368698055
192.48336663518404 42.91146801850319
192.5473026161196 114.54906089300736
192.6112385970552 188.9366699005029
192.6751745779908 222.30763704923504
192.7391105589264 201.00304028652988
192.803046539862 146.88966199267023
192.8669825207976 95.54902977021345
192.93091850173315 66.62212697758989
192.99485448266873 56.09673456682588
193.05879046360437 51.128912319350725
193.12272644453992 45.00470775327901
193.18666242547553 39.42305485626589
193.2505984064111 37.90768979089454
193.31453438734664 40.987089892681354
193.37847036828225 48.101831000216094
193.44240634921783 60.63779776420966
193.50634233015344 79.33522746458753
193.57027831108903 98.09066183589384
193.6342142920246 103.2743772155907
193.69815027296016 84.02702832367974
193.7620862538958 46.24739909800395
193.82602223483136 16.004660460552355
193.88995821576697 23.782578662373016
193.95389419670252 76.03755943607683
194.01783017763813 140.63027287224511
194.0817661585737 167.94477803064586
194.14570213950927 131.93342400923905
194.20963812044488 56.30974311629514
194.2735741013805 3.380243146675137
194.33751008231607 27.06434325365312
194.40144606325168 125.16642942607965
194.4653820441873 236.370814884105
194.52931802512285 289.01354662391486
194.59325400605843 258.62116055783406
194.657189986994 179.46081341210345
194.7211259679296 104.36532518177596
194.7850619488652 60.862121270142325
194.8489979298008 43.12629178256193
194.9129339107364 36.38912429475448
194.97686989167195 45.33114814932773
195.0408058726076 94.1345776653715
195.10474185354315 189.00044678416924
195.16867783447873 289.0907307793667
195.2326138154143 335.8365735701889
195.2965497963499 307.19825505925206
195.36048577728553 233.09898210387368
195.4244217582211 168.22100833482887
195.48835773915664 147.2940859577815
195.55229372009225 153.05009996648903
195.61622970102783 137.6271639220282
195.6801656819634 82.31444340433518
195.74410166289903 21.42194495095331
195.8080376438346 5.672217434568739
195.87197362477016 50.42471601626029
195.93590960570577 116.4487299652628
195.99984558664133 143.82785111328968
196.06378156757697 109.84287342790633
196.12771754851252 48.68490932481332
196.19165352944813 17.92420363921404
196.2555895103837 48.27642445091944
196.31952549131927 116.67001550958108
196.38346147225488 168.23535216612805
196.4473974531905 166.6220868993998
196.51133343412607 119.61967495861272
196.57526941506163 64.0081387038239
196.63920539599724 33.15352878444364
196.70314137693285 35.698287382360306
196.76707735786843 58.78411760479087
196.831013338804 85.54103451098828
196.8949493197396 106.76529983306176
196.9588853006752 118.33971325410641
197.0228212816108 115.3343333269631
197.0867572625464 96.8939751707885
197.15069324348195 75.10271936719901
197.21462922441756 71.0941006161748
197.27856520535312 96.97553751586344
197.34250118628873 140.47744100970587
197.4064371672243 170.39769760864175
197.4703731481599 160.61864683689228
197.53430912909548 112.2391786113988
197.59824511003103 53.23478788030517
197.66218109096664 13.826375632191963
197.72611707190225 2.8617075553896454
197.79005305283783 8.035900948156236
197.8539890337734 13.377784666691031
197.91792501470897 14.386025161526447
197.98186099564455 17.367985069939795
198.04579697658016 26.12928254792596
198.10973295751575 34.78478717703584
198.17366893845133 34.39804960654081
198.2376049193869 22.886915184759413
198.3015409003225 8.079195030047062
198.36547688125813 0.8876566436502442
198.4294128621937 5.54957732865975
198.49334884312927 17.20326073365009
198.55728482406488 26.875756111881245
198.6212208050005 29.058257667006455
198.68515678593607 27.01349886859428
198.74909276687163 30.75568944291369
198.81302874780724 47.837768944779235
198.8769647287428 73.63250745718915
198.9409007096784 90.82999540982608
199.004836690614 81.98999105266584
199.0687726715496 47.69492558241344
199.1327086524852 12.114536927578513
199.1966446334208 1.9807061570999367
199.26058061435637 18.42653439410964
199.32451659529195 35.32875785681488
199.38845257622756 28.79403754926822
199.45238855716312 10.642976027408608
199.51632453809873 22.508132659319372
199.58026051903428 87.05191378112421
199.6441964999699 173.05873197097793
199.70813248090548 214.07635597334885
199.77206846184103 173.78466581120543
199.83600444277664 101.03388486608908
199.89994042371225 95.31537209307822
199.9638764046478 206.85389860582944
200.0278123855834 378.332102232579
200.09174836651897 481.54073621047337
200.15568434745455 433.1843098519668
200.21962032839016 286.57429059352904
200.28355630932572 187.8355014695116
200.34749229026133 250.36968161665408
200.4114282711969 467.0160303377432
200.4753642521325 705.8062680835967
200.53930023306808 808.0796952821217
200.6032362140037 723.4554714127323
200.66717219493927 540.7905393742618
200.73110817587488 395.5210718117328
200.7950441568105 364.1786113505673
200.85898013774604 425.82442186494313
200.9229161186816 496.72272057245766
200.98685209961724 499.2928901891618
201.0507880805528 412.78744696129087
201.1147240614884 275.19881334937094
201.178660042424 144.7788597526742
201.2425960233596 58.74695900067465
201.3065320042952 20.303227656744014
201.3704679852308 12.618866688139216
201.43440396616637 18.717719255455876
201.49833994710193 30.375855734350402
201.5622759280375 43.995718918360915
201.62621190897312 53.22460055120733
201.69014788990873 49.23535845775
201.75408387084428 29.681899275240283
201.81801985177984 6.791087513029233
201.88195583271545 4.870763264012952
201.94589181365103 45.93435591850002
202.00982779458664 131.6042081803738
202.07376377552225 232.84270774214784
202.1376997564578 297.56263161774854
202.20163573739336 281.50127024291544
202.26557171832897 185.88207664396677
202.32950769926455 66.66355454745411
202.39344368020016 1.7039639844586298
202.45737966113572 35.08307889045784
202.52131564207127 138.8618186392567
202.58525162300688 233.05986839554265
202.6491876039425 254.52476974800788
202.71312358487808 211.69878068300793
202.7770595658137 170.11784313383188
202.84099554674927 178.10140586934295
202.90493152768485 213.96207961601064
202.9688675086205 214.3201362882976
203.03280348955604 147.328171462377
203.0967394704916 57.045798905127555
203.1606754514272 31.079415082381527
203.2246114323628 110.49323665135393
203.2885474132984 236.6388214357874
203.352483394234 300.95251612794743
203.4164193751696 249.9779719723644
203.48035535610515 132.2258596311723
203.54429133704076 41.902254966191755
203.60822731797637 31.844107075656083
203.67216329891193 78.15124500268821
203.7360992798475 120.72115185806526
203.8000352607831 138.02659422762977
203.86397124171867 162.82086716866448
203.92790722265428 222.60335512602597
203.99184320358984 290.3087163710785
204.05577918452545 300.1817738596752
204.11971516546103 215.88723774791612
204.1836511463966 84.98917760089817
204.24758712733225 11.490650847489968
204.3115231082678 69.86924633197825
204.37545908920336 242.55986475902927
204.43939507013897 431.38519326023896
204.50333105107453 531.2291647400242
204.5672670320101 500.1973232965657
204.63120301294572 373.24619625544995
204.69513899388127 224.50091651222684
204.75907497481688 114.8526611870972
204.8230109557525 63.11171555167628
204.88694693668808 53.81229120972949
204.9508829176237 60.9049827928632
205.01481889855927 65.05460254487423
205.07875487949485 59.26219116046965
205.14269086043043 45.741173084996674
205.206626841366 29.71494717570763
205.2705628223016 15.63238428737072
205.3344988032372 6.55524322289222
205.3984347841728 4.1960906372206015
205.4623707651084 8.653418505532487
205.52630674604396 18.80845481742313
205.5902427269796 33.14461949417949
205.65417870791515 49.264919641904434
205.71811468885076 62.235880716940265
205.78205066978632 64.80737157017194
205.84598665072187 52.01433773624118
205.9099226316575 28.313877632595588
205.9738586125931 10.608786754884648
206.03779459352867 20.273205161196948
206.10173057446423 66.40591502417716
206.16566655539984 133.8530115029082
206.22960253633545 187.96855329723508
206.29353851727103 195.98251803677593
206.3574744982066 151.15174400696156
206.42141047914217 79.09453847246166
206.48534646007775 21.28607708970098
206.54928244101336 12.311538613252447
206.61321842194897 65.2536782898682
206.67715440288453 168.29846259080483
206.7410903838201 292.1031214333752
206.8050263647557 401.4990723439191
206.86896234569127 463.18848780565605
206.93289832662688 452.6685494904213
206.99683430756247 366.7092189474132
207.06077028849808 233.14133166383127
207.12470626943363 104.15849419250146
207.18864225036924 32.8790096048655
207.25257823130485 42.16163557400765
207.31651421224043 102.6130907247706
207.380450193176 147.52304084388533
207.4443861741116 127.53052163328064
207.5083221550472 59.43218678953128
207.5722581359828 19.492155951863587
207.6361941169184 76.2431568951563
207.70013009785396 215.7926585648404
207.76406607878957 337.48345474639257
207.82800205972512 338.8502173784158
207.89193804066076 214.6527252146435
207.95587402159632 70.49887209329187
208.01981000253187 30.27358466186889
208.08374598346748 124.62558820221396
208.14768196440303 264.7429862996033
208.21161794533867 327.4649170559188
208.27555392627423 273.5690835014284
208.33948990720984 173.9483990503074
208.40342588814545 122.313425713465
208.467361869081 144.6846451811814
208.5312978500166 191.77493008417687
208.59523383095217 204.39804714002753
208.65916981188775 178.370623908006
208.72310579282336 156.73560765555922
208.78704177375892 168.60689049438943
208.85097775469453 195.01470339950373
208.9149137356301 196.2617356278357
208.9788497165657 161.93893631233396
209.04278569750127 119.40407662912035
209.10672167843688 94.12368489295532
209.17065765937247 80.86165182047415
209.23459364030808 61.851510748265184
209.29852962124363 43.84172446696942
209.36246560217924 61.71263011677422
209.4264015831148 135.87287906071256
209.4903375640504 232.9798112156726
209.554273544986 283.8222691430271
209.6182095259216 247.0844958497888
209.6821455068572 149.81305994072463
209.7460814877928 58.47162524995689
209.81001746872835 15.133380322177148
209.87395344966396 9.162830454984647
209.93788943059957 7.511495092724464
210.00182541153512 0.7242587096824218
210.06576139247073 9.587929889476943
210.1296973734063 49.63386438929973
210.19363335434187 102.81454060006796
210.25756933527748 131.89851324345952
210.32150531621303 118.12680124880627
210.38544129714865 78.19263969289683
210.44937727808423 43.62223939480848
210.51331325901984 29.088723805501207
210.57724923995545 25.829364022558995
210.641185220891 20.899748467182288
210.70512120182656 13.396481380223562
210.76905718276217 10.507385423320418
210.83299316369775 15.169806953485876
210.89692914463336 24.575795008318927
210.96086512556892 37.86508550672814
211.02480110650447 56.273379599901126
211.08873708744008 72.62084852504958
211.1526730683757 69.26271362707358
211.21660904931127 38.508245790659686
211.28054503024688 4.38450380727926
211.34448101118247 11.725454307290004
211.40841699211805 82.87290883691543
211.47235297305363 184.08514062934032
211.53628895398924 244.73122103394087
211.6002249349248 218.5393056177096
211.6641609158604 127.50449122389264
211.728096896796 44.246148817380174
211.7920328777316 26.824679837914218
211.8559688586672 70.15074185245854
211.9199048396028 121.0990870926552
211.98384082053835 132.80587735945522
212.04777680147393 102.06772243838785
212.1117127824095 60.0877289156744
212.17564876334512 33.94353095873254
212.23958474428073 25.275802809534795
212.3035207252163 21.78162588766476
212.36745670615187 16.47434122752628
212.43139268708745 13.38462473109534
212.49532866802303 19.097628991287262
212.55926464895865 35.540263764975165
212.62320062989423 63.26354576866485
212.6871366108298 104.09153570824034
212.75107259176536 155.01379866431296
212.815008572701 199.69207321585407
212.87894455363656 212.59005253596217
212.94288053457217 181.1105429455156
213.00681651550772 122.82535131827171
213.07075249644333 75.06909530089217
213.13468847737892 66.09817241281765
213.19862445831447 94.35709718278875
213.26256043925008 133.02518508173395
213.3264964201857 153.64342071242635
213.39043240112127 145.9962924326528
213.45436838205683 119.51659208611872
213.51830436299247 90.64332614385677
213.58224034392805 70.2134199177802
213.64617632486363 60.34925192678849
213.7101123057992 58.611862954985114
213.7740482867348 62.27508234151941
213.8379842676704 69.48520673551148
213.901920248606 78.09811177459049
213.9658562295416 83.96816245031341
214.02979221047715 80.65815076772977
214.09372819141277 62.89166394147212
214.15766417234835 34.14303879543009
214.22160015328396 12.439729675790552
214.2855361342195 24.851956712940854
214.34947211515507 90.7721341495402
214.41340809609068 206.13872639467536
214.4773440770263 339.8027804379841
214.54128005796187 446.68575742173215
214.60521603889745 492.5719924755734
214.66915201983304 471.4345601375613
214.7330880007686 401.2676314431684
214.79702398170423 308.23506809752485
214.8609599626398 214.57089168289423
214.92489594357536 134.12998611177636
214.98883192451095 73.40397257132999
215.05276790544653 34.042835578099556
215.11670388638217 13.728566351729569
215.18063986731772 6.648284644733752
215.24457584825333 6.311770834126242
215.3085118291889 9.416592196965434
215.37244781012447 16.87412428401289
215.43638379106008 30.94942507864633
215.5003197719957 51.06959613857807
215.56425575293127 72.00465199237043
215.62819173386683 86.5027970462455
215.69212771480244 91.36547885305373
215.756063695738 93.12226409599353
215.81999967667363 106.19037407833493
215.8839356576092 140.433292569641
215.9478716385448 189.1377083658359
216.0118076194804 230.8212563686804
216.075743600416 243.8051219929661
216.1396795813516 222.42408902236403
216.20361556228715 182.53792746890596
216.26755154322277 148.15497023653987
216.33148752415832 129.89224851676894
216.39542350509393 120.63566917983732
216.4593594860295 113.6035810740224
216.52329546696507 119.18250143243772
216.58723144790068 157.67808723058332
216.65116742883623 228.51584686196756
216.71510340977184 291.9611554102386
216.77903939070745 297.7192580883621
216.84297537164304 230.32814007775576
216.9069113525786 122.39981090615136
216.9708473335142 32.37561574355286
217.03478331444975 1.4046385298903992
217.09871929538537 19.881417663021356
217.16265527632095 43.77905633687374
217.22659125725653 42.73936503167946
217.2905272381921 25.929211682665787
217.35446321912767 27.188366544745573
217.41839920006333 67.24780470887153
217.4823351809989 130.24693930680695
217.54627116193447 179.55606478346746
217.61020714287008 191.66188843982488
217.6741431238057 172.011467047742
217.73807910474127 144.23245301170084
217.80201508567683 129.22900849486413
217.86595106661244 135.14789537560574
217.929887047548 162.58093067376026
217.9938230284836 210.22049891157263
218.0577590094192 269.7930049328136
218.1216949903548 318.567737253046
218.1856309712904 325.9109117538739
218.249566952226 275.33382203928653
218.31350293316157 183.5764302257253
218.37743891409713 97.46302531609216
218.44137489503277 65.12742831991116
218.50531087596832 98.47409619850416
218.56924685690393 159.87113836777067
218.63318283783948 191.28045572916884
218.69711881877504 160.83704460338663
218.76105479971068 86.19212203723299
218.82499078064623 18.949310337987527
218.88892676158184 3.524134779251607
218.95286274251745 43.67642905552134
219.016798723453 104.9907147142944
219.0807347043886 146.5914567937422
219.1446706853242 153.43915431283705
219.20860666625975 144.5184860977768
219.27254264719537 149.6038476179853
219.33647862813092 178.3938296780661
219.40041460906653 214.40087593853607
219.4643505900021 233.098892621848
219.52828657093767 220.9419858673519
219.59222255187328 182.48094339358383
219.6561585328089 135.81357694869675
219.72009451374447 100.09164400147336
219.78403049468008 83.92557119676134
219.8479664756157 84.5857509205429
219.91190245655125 95.1379248292404
219.9758384374868 109.26156055662759
220.03977441842244 121.20767844642944
220.103710399358 124.70077923253456
220.1676463802936 113.4873551076504
220.2315823612292 84.78059278826868
220.2955183421648 45.10208696137586
220.35945432310035 13.325355229495907
220.423390304036 12.849834801808967
220.48732628497157 52.608441814198464
220.55126226590713 113.08463205467736
220.6151982468427 155.30596417344023
220.6791342277783 148.79498900536376
220.74307020871393 96.74778230485522
220.80700618964948 35.61712825243214
220.87094217058504 2.8592013169475177
220.93487815152065 3.0303928541865055
220.99881413245623 10.8867393697542
221.06275011339184 6.814383392183318
221.12668609432745 3.3323162788843246
221.190622075263 29.96032778430733
221.25455805619856 90.76149313405315
221.31849403713417 146.1402371891404
221.38243001806975 145.5626211747066
221.44636599900537 83.10301318009489
221.51030197994092 14.801548282121992
221.57423796087653 6.057584603075374
221.63817394181208 63.639917541159775
221.70210992274767 127.6735367587286
221.76604590368328 130.714364391696
221.8299818846189 70.54164696550059
221.89391786555447 18.933526887308712
221.95785384649005 47.29204563346361
222.0217898274257 150.75655827676331
222.08572580836125 248.49358841727593
222.1496617892968 258.0232397313057
222.2135977702324 173.9646007190647
222.277533751168 70.9152009301199
222.3414697321036 33.53672361938716
222.4054057130392 85.64906362272798
222.4693416939748 176.07524258025165
222.53327767491035 231.82366471745908
222.59721365584596 221.69635979657795
222.66114963678152 167.11468184951866
222.72508561771713 109.53416307708856
222.7890215986527 73.98790774018595
222.8529575795883 56.40111349594835
222.91689356052387 41.57709820969609
222.98082954145943 24.400872253336136
223.04476552239504 11.231134364114784
223.10870150333065 8.964091316416225
223.17263748426623 17.052863097220097
223.2365734652018 29.61311423536288
223.30050944613737 41.16561822881192
223.364445427073 48.01465386898676
223.42838140800856 47.195191667836525
223.49231738894417 37.10273818211024
223.55625336987973 21.029161845265406
223.6201893508153 9.243095781213421
223.68412533175092 12.439250226827117
223.74806131268653 30.323886426989592
223.81199729362208 49.4766061983823
223.87593327455767 54.3782771570451
223.93986925549328 41.21541801435334
224.0038052364289 22.67515858585816
224.06774121736447 16.11943143083054
224.13167719830005 24.618346796418557
224.19561317923564 33.93419783996539
224.2595491601712 28.440831352083343
224.3234851411068 9.6877766962339
224.3874211220424 0.926275208277892
224.451357102978 28.260193800987803
224.5152930839136 93.80935566469628
224.57922906484916 168.18516517272943
224.6431650457848 209.30817537953308
224.70710102672035 192.8371301775812
224.77103700765596 129.3730766537439
224.83497298859152 55.66086498059149
224.89890896952707 9.779499725183417
224.96284495046268 7.710747184660129
225.0267809313983 37.17197046951235
225.09071691233387 70.28588506642947
225.15465289326943 81.46133785700815
225.21858887420504 62.449178031845136
225.28252485514065 27.74003395048674
225.34646083607623 2.971309192800512
225.4103968170118 5.808040933272768
225.47433279794737 34.249578576761316
225.53826877888295 68.76223650682348
225.60220475981856 87.80027702513993
225.66614074075417 83.89109630568758
225.73007672168973 65.42062177083264
225.7940127026253 45.143614073659194
225.8579486835609 28.347513442146816
225.92188466449647 13.01509663397434
225.98582064543209 2.181058257860277
226.04975662636767 13.174489375303587
226.11369260730328 69.48904398143016
226.1776285882389 177.88057944071207
226.24156456917444 310.6980653671278
226.30550055011005 415.479220949738
226.36943653104564 447.34598532194366
226.4333725119812 396.5971175181904
226.4973084929168 294.11367395416806
226.5612444738524 192.16121363338027
226.625180454788 131.1962871756918
226.6891164357236 117.9488812999931
226.75305241665916 130.74320792719405
226.81698839759477 142.2173209987889
226.88092437853032 136.73030449559738
226.94486035946596 111.71396270342323
227.00879634040152 72.60729342303645
227.07273232133707 30.486806030728044
227.13666830227268 2.577381079820052
227.20060428320824 9.545101403237991
227.26454026414385 59.433306844298194
227.32847624507943 130.9862337855679
227.39241222601504 182.39753841759168
227.45634820695065 182.10414092800875
227.5202841878862 137.02798663072255
227.58422016882176 92.5400116875797
227.64815614975737 96.98375818048198
227.71209213069295 163.35548733492962
227.77602811162856 263.1792392113023
227.83996409256412 350.4120108452196
227.90390007349967 392.33294335828066
227.9678360544353 383.76187457704253
228.0317720353709 337.64560988144007
228.09570801630647 270.8054737996184
228.15964399724209 199.9870752054576
228.22357997817767 140.89907503550353
228.28751595911328 101.71940159155604
228.3514519400489 76.79714642148227
228.41538792098444 52.38317895664773
228.47932390192 23.634081570292903
228.5432598828556 2.7852061836962414
228.6071958637912 4.072133431416481
228.6711318447268 22.350353548252613
228.7350678256624 34.55749088794473
228.799003806598 25.22222898154674
228.86293978753355 5.837058074583728
228.92687576846916 1.6582449884534365
228.99081174940477 18.180621864500047
229.05474773034032 31.812562238722055
229.1186837112759 23.789165184700163
229.1826196922115 18.93648795821293
229.24655567314707 77.36943805163763
229.31049165408268 233.26656803257995
229.37442763501824 440.15220844142254
229.43836361595385 589.4141918018394
229.50229959688943 592.5566528718003
229.566235577825 452.0340404373079
229.63017155876065 255.25823610215636
229.6941075396962 98.94262342457489
229.75804352063176 22.402022468201583
229.82197950156737 5.505161304257969
229.88591548250292 10.134283209037669
229.94985146343856 15.506490669306949
230.01378744437412 20.812718008355823
230.07772342530967 28.438897437778262
230.14165940624528 36.15924978639941
230.2055953871809 42.291382221834326
230.26953136811647 48.679569871035646
230.33346734905209 55.76296654897468
230.39740332998767 61.13137866694329
230.46133931092325 68.534245708488
230.52527529185883 92.85455445967744
230.58921127279444 144.1679795511672
230.65314725373 203.72082687580752
230.7170832346656 229.02884618456997
230.7810192156012 192.24911521537857
230.8449551965368 110.24633626096865
230.9088911774724 35.277337008603574
230.972827158408 11.66954743675572
231.03676313934355 36.27601973976922
231.10069912027916 66.40803186371473
231.1646351012147 66.52136826345782
231.22857108215032 39.2119072782224
231.2925070630859 11.459420676590883
231.3564430440215 0.5407129854816168
231.42037902495707 1.5268331334162932
231.48431500589265 4.735421782701438
231.54825098682824 12.970949558801248
231.61218696776385 33.867857285614164
231.67612294869943 61.25369041695978
231.740058929635 77.03604191815803
231.80399491057057 74.4133664039044
231.86793089150615 68.99050821731034
231.93186687244176 79.29045045840365
231.99580285337737 100.24783186471252
232.05973883431292 104.38008860324784
232.1236748152485 74.61731356119572
232.1876107961841 30.352898073354257
232.25154677711967 7.165974139585689
232.31548275805528 12.85744373490764
232.3794187389909 19.20961151059514
232.44335471992648 6.0184569841963045
232.50729070086203 9.558261773165182
232.57122668179767 105.05751164762044
232.63516266273325 322.61548842080714
232.69909864366883 586.6595043522617
232.7630346246044 749.3839342586525
232.82697060554 700.6941344570748
232.8909065864756 464.684433042574
232.9548425674112 187.22287201821993
233.0187785483468 21.024281083380608
233.08271452928236 15.507516486195035
233.14665051021797 102.41801183418013
233.21058649115355 173.87866574807012
233.27452247208916 171.3252407797893
233.3384584530247 111.63774658389057
233.40239443396027 47.83668348224411
233.46633041489588 15.68330478873588
233.5302663958315 15.109780727742024
233.59420237676707 28.73809273661832
233.65813835770263 45.00339969720324
233.72207433863824 62.710884239280475
233.7860103195738 80.26686338169053
233.8499463005094 88.01644624446033
233.913882281445 75.44695605816445
233.97781826238057 44.55177098018287
234.04175424331615 12.729049481889268
234.10569022425173 1.0233512646321763
234.1696262051873 17.828266269579753
234.23356218612292 51.74419140638872
234.2974981670585 79.10373034118889
234.3614341479941 80.39229534628062
234.42537012892967 54.540091586693634
234.48930610986528 20.4926360641137
234.5532420908009 5.43393254333208
234.61717807173648 28.303812118533095
234.68111405267203 86.60146267709617
234.74505003360764 154.348186509812
234.8089860145432 195.68455393708575
234.87292199547883 188.84379711324613
234.9368579764144 142.99258503166018
235.00079395735 88.59151976622823
235.0647299382856 51.07333142676921
235.1286659192212 36.298112237716936
235.1926019001568 36.70514391638386
235.25653788109236 46.68364895973578
235.32047386202797 69.16743395568666
235.38440984296352 105.43144643647344
235.44834582389913 141.83370956581868
235.5122818048347 155.86566384184604
235.57621778577027 143.9551631808124
235.64015376670588 138.26296743008308
235.70408974764143 179.94593307928483
235.76802572857704 273.35097957316026
235.83196170951263 378.69417674653994
235.89589769044824 444.3182659946386
235.9598336713838 440.4716159279519
236.0237696523194 382.35834972109143
236.08770563325496 316.8964158607827
236.15164161419057 266.4925885664037
236.21557759512615 217.64226915582623
236.27951357606173 171.87070739240784
236.3434495569973 161.7814091763213
236.40738553793287 207.12232521976247
236.47132151886848 273.62883281475604
236.5352574998041 292.60989017192287
236.59919348073967 225.69586193347192
236.66312946167528 106.42354202510306
236.7270654426109 16.57501390486686
236.79100142354645 7.040560940834434
236.85493740448203 46.77231864759009
236.91887338541764 66.74110277536761
236.9828093663532 41.3929121123636
237.0467453472888 14.241669535460908
237.1106813282244 36.75262127922607
237.17461730916 94.35927148744227
237.2385532900956 124.07141979692788
237.3024892710312 105.91050375601264
237.36642525196677 123.51564038912343
237.43036123290233 304.5488617876654
237.49429721383797 672.1374044892689
237.55823319477352 1075.5337251856652
237.62216917570913 1280.860442212656
237.6861051566447 1146.4571871244202
237.75004113758024 746.6739070044007
237.81397711851588 313.40542569694645
237.87791309945143 50.2525034558556
237.94184908038704 7.173189777438957
238.00578506132263 92.34806348055136
238.0697210422582 180.03147286178157
238.1336570231938 211.44808238177632
238.1975930041294 202.2474822217561
238.26152898506496 186.628074775355
238.32546496600057 172.22556048971575
238.38940094693612 141.76991695868523
238.45333692787173 87.99000009009208
238.5172729088073 30.806917132652284
238.58120888974287 0.8391914564088989
238.64514487067848 16.583767624715346
238.7090808516141 74.62309369945913
238.77301683254967 156.7991218104146
238.83695281348528 241.02364650237695
238.9008887944209 302.49893347970993
238.96482477535645 316.2582563403281
239.02876075629203 270.0976768694805
239.0926967372276 177.35178186078295
239.1566327181632 76.68679332897555
239.2205686990988 14.895873788320515
239.2845046800344 20.548414247490687
239.34844066097 83.95318185215228
239.41237664190555 157.9199527671717
239.4763126228412 187.2839853108559
239.54024860377675 150.22082032053126
239.60418458471233 76.07661407846221
239.6681205656479 25.50701669139051
239.7320565465835 44.42154855125504
239.79599252751913 121.5883680206187
239.8599285084547 193.5808086685693
239.92386448939024 199.66848272366417
239.98780047032585 132.86061853054235
240.05173645126143 44.85815707047679
240.11567243219704 0.8063714251626389
240.17960841313263 18.18414107396537
240.2435443940682 54.00410796750684
240.30748037500376 59.030366890675786
240.37141635593937 39.72576105163272
240.43535233687496 60.653592682218154
240.49928831781057 177.53490469659485
240.56322429874612 365.1210361793085
240.62716027968173 518.9532629108368
240.6910962606173 536.3240196303353
240.75503224155287 403.1628940779924
240.81896822248848 207.27585257702953
240.8829042034241 65.43466953954895
240.94684018435967 29.560049462120617
241.01077616529523 58.180999593542474
241.07471214623084 76.17471059144606
241.13864812716645 51.94685415707236
241.20258410810203 14.19678323318792
241.2665200890376 6.910683999292375
241.3304560699732 37.772737788465214
241.3943920509088 75.69385617889112
241.4583280318444 92.81208590387277
241.52226401278 93.89523644088557
241.58619999371555 104.83660320016195
241.65013597465116 137.8850368241345
241.71407195558672 172.18815904329293
241.77800793652233 175.47402607463343
241.8419439174579 139.02698870439218
241.9058798983935 83.75617762355654
241.96981587932908 37.720724015717835
242.03375186026463 13.250844305296097
242.09768784120024 5.084877226678612
242.16162382213585 4.817362456569303
242.22555980307143 9.924436826141758
242.289495784007 18.749160545371307
242.35343176494257 23.913820142995466
242.4173677458782 18.185892655626485
242.48130372681376 5.5679450409920825
242.54523970774935 1.080440537460606
242.60917568868493 16.87111307815656
242.6731116696205 47.82098441687605
242.73704765055612 75.43243695216435
242.80098363149173 88.12345610985808
242.8649196124273 92.36347666055536
242.92885559336287 101.59788438425797
242.99279157429848 115.32906287796324
243.0567275552341 114.47098142778664
243.12066353616967 84.42966795712654
243.18459951710523 40.09767082679285
243.24853549804084 22.4117255005464
243.3124714789764 64.85451696768716
243.376407459912 156.3887863405082
243.4403434408476 242.7594946999136
243.5042794217832 272.33490993342974
243.5682154027188 238.74962036506295
243.6321513836544 185.2425828480125
243.69608736458997 169.56289454682323
243.76002334552555 208.78542664504215
243.82395932646116 258.12944493451727
243.88789530739672 255.93251009733623
243.95183128833233 183.8858249874193
244.01576726926788 82.33413353732523
244.0797032502035 14.703261923704316
244.14363923113908 11.974975765041144
244.20757521207463 49.91306252592592
244.27151119301024 83.14823833133353
244.33544717394585 93.43684170502627
244.39938315488143 101.4467978574964
244.463319135817 135.6450722352479
244.52725511675257 191.45154135678612
244.59119109768815 227.66650801095943
244.65512707862376 208.5647777250674
244.71906305955935 142.97013012028185
244.78299904049493 74.93692578396764
244.8469350214305 40.10666168645328
244.9108710023661 37.12095030260176
244.97480698330168 38.616922121199195
245.0387429642373 26.167467470786143
245.10267894517287 10.53008139144058
245.16661492610848 13.337255282735512
245.2305509070441 37.32743530408823
245.29448688797964 62.12766454358822
245.3584228689152 65.92613212162607
245.42235884985084 47.82594598046858
245.4862948307864 23.4542153574414
245.550230811722 6.171760292959557
245.6141667926576 4.280602216930046
245.6781027735932 28.657019959452462
245.7420387545288 95.76424942015053
245.8059747354644 207.34202521934384
245.86991071639997 319.8077573826405
245.93384669733553 364.98636621838176
245.9977826782711 307.0239777129504
246.06171865920672 173.8573327368076
246.12565464014233 47.897157941445585
246.18959062107788 2.22469505537262
246.25352660201344 31.32076161318734
246.31746258294905 66.65888108838008
246.38139856388463 54.31986657834359
246.44533454482024 11.602733401093747
246.50927052575585 6.278785206013811
246.5732065066914 72.30150449731059
246.63714248762696 161.56160698118947
246.70107846856257 187.8207652073069
246.76501444949815 117.99702081652303
246.82895043043376 21.33219228207041
246.89288641136932 13.14044576565212
246.95682239230487 141.23640167479869
247.0207583732405 329.5960472700769
247.0846943541761 439.0209410047568
247.14863033511168 390.57543513819286
247.2125663160473 228.38864277097315
247.27650229698287 74.1889100623539
247.34043827791845 28.254436235339966
247.4043742588541 95.00190419217876
247.46831023978964 196.26220473977548
247.5322462207252 251.06472475202753
247.5961822016608 232.3878557968472
247.6601181825964 165.5860752315894
247.724054163532 93.03930781544572
247.7879901444676 40.554390438902566
247.8519261254032 12.743254769633912
247.91586210633875 6.721013039463985
247.97979808727436 17.831513094707542
248.04373406820997 37.138125471121405
248.10767004914553 52.60403075450407
248.1716060300811 58.50151909208943
248.2355420110167 60.57880817021338
248.29947799195227 63.58682023871352
248.36341397288788 59.026805774279595
248.42734995382344 35.88560098200904
248.49128593475905 6.770858217024366
248.55522191569463 16.585400985718547
248.6191578966302 109.37656382674663
248.68309387756585 278.1888538208276
248.7470298585014 441.33313538699
248.81096583943696 485.6035886302412
248.87490182037257 372.75150585361246
248.93883780130813 191.81404220093316
249.00277378224376 87.7017967506846
249.06670976317932 149.3004338576978
249.13064574411487 333.75524360207334
249.19458172505048 488.67865114991866
249.2585177059861 487.09550603172215
249.32245368692168 329.4146769675287
249.3863896678573 125.30719013371916
249.45032564879287 8.92013817450874
249.51426162972845 35.672304806171034
249.57819761066403 143.88121779225415
249.6421335915996 226.41310520924455
249.7060695725352 220.45383951360617
249.7700055534708 140.49228664482308
249.8339415344064 52.56407419246213
249.897877515342 12.526842435944438
249.96181349627756 25.814982139519312
250.0257494772132 60.564279345909235
250.08968545814875 82.97357486496702
250.15362143908436 80.56345488557423
250.21755742001992 62.22897234278469
250.28149340095547 42.06953842494608
250.3454293818911 26.891696683491944
250.4093653628267 16.769651953304482
250.47330134376227 10.23364194942949
250.53723732469783 6.426223966110756
250.60117330563344 4.955664767300806
250.66510928656905 5.668063053348481
250.72904526750463 8.494155660338617
250.7929812484402 12.776344903943363
250.85691722937577 16.848961309919705
250.92085321031135 20.27004361315051
250.98478919124696 28.58532698431929
251.04872517218257 52.824671846112416
251.11266115311813 99.81074290673443
251.1765971340537 162.92545283237175
251.2405331149893 219.3023296588919
251.30446909592487 237.54063324478952
251.36840507686048 201.3242234516344
251.43234105779607 127.99133171934724
251.49627703873168 57.96767462400634
251.56021301966723 25.98620822892864
251.62414900060287 38.63641629517437
251.68808498153845 73.74262235973785
251.75202096247403 100.53650128213964
251.8159569434096 101.46485967444445
251.8798929243452 79.62598695996952
251.9438289052808 50.19016019360043
252.0077648862164 25.554529748520928
252.071700867152 9.116797031653805
252.13563684808756 0.6357803332945046
252.19957282902317 4.300250663528134
252.26350880995872 31.360723543634524
252.32744479089436 93.35791320195582
252.39138077182992 192.06557357379273
252.45531675276547 314.4765105336881
252.51925273370108 433.2125022902328
252.58318871463663 514.4211181227747
252.64712469557227 533.6371947023845
252.71106067650783 486.8604434338181
252.77499665744344 388.79140883949987
252.83893263837905 266.6531655190969
252.9028686193146 152.30362734085833
252.9668046002502 69.65196900574584
253.03074058118577 25.82933574283669
253.09467656212135 13.841744541851863
253.15861254305696 21.204876155093466
253.22254852399251 37.18784109567789
253.28648450492813 55.55216185614695
253.3504204858637 72.19064173561699
253.4143564667993 81.6451221391706
253.47829244773487 77.84023915648268
253.54222842867048 59.23890169909655
253.60616440960607 32.63268620848134
253.67010039054168 9.925208816903186
253.73403637147723 0.23300313893013744
253.79797235241284 4.425548904097255
253.8619083333484 15.926832628797309
253.92584431428403 26.554588811362184
253.9897802952196 32.66561736691549
254.0537162761552 36.55842589138212
254.1176522570908 42.97983496534517
254.1815882380264 54.8780855022108
254.24552421896195 71.0773609441534
254.30946019989756 85.91814221359064
254.37339618083317 91.17853562804704
254.43733216176872 81.1810508972717
254.50126814270433 58.791325862069584
254.5652041236399 35.60901489711933
254.62914010457547 23.894107385992807
254.69307608551108 29.072728816714267
254.75701206644663 52.771751050992606
254.82094804738225 103.0012995489886
254.88488402831783 194.97731129570727
254.94882000925344 329.7060860262767
255.01275599018905 466.70086511720496
255.0766919711246 531.9818023578331
255.14062795206016 469.99509444134736
255.20456393299577 295.3834316482522
255.26849991393135 102.55303191238218
255.33243589486696 10.860273366222891
255.39637187580252 66.28474145070585
255.46030785673807 197.46232250882147
255.52424383767368 283.1875427908968
255.5881798186093 254.2088867660006
255.65211579954487 140.49521453167358
255.71605178048048 35.241267158982275
255.77998776141607 1.817010382062408
255.84392374235165 20.615249706156487
255.90785972328723 32.864927461950785
255.97179570422284 15.399656759602696
256.03573168515845 2.458734213497044
256.09966766609404 35.86970914458998
256.1636036470296 103.48077571433366
256.2275396279652 145.00207899979122
256.2914756089008 119.58429904670515
256.3554115898364 60.21946776465283
256.419347570772 52.221043343624395
256.4832835517076 147.90016476201
256.5472195326432 309.33947986442166
256.61115551357875 438.3252018226478
256.67509149451433 457.4387397309167
256.7390274754499 367.9946756035378
256.8029634563855 233.94800147656343
256.8668994373211 117.6577769800433
256.93083541825666 42.02383826119989
256.99477139919225 4.632674773606072
257.0587073801279 9.083375762683175
257.12264336106347 68.71286372668308
257.18657934199905 176.2376218748994
257.25051532293463 283.9761944905809
257.3144513038702 329.33694482354946
257.37838728480574 282.9694397461077
257.4423232657414 172.89726229303875
257.50625924667696 63.6228094900026
257.57019522761254 8.23626625555462
257.63413120854807 13.628143961888997
257.69806718948365 48.0151420364453
257.76200317041935 75.42648700721253
257.82593915135493 80.21269020537069
257.88987513229046 67.88522949569644
257.9538111132261 52.24683844526401
258.0177470941617 43.93691527495618
258.08168307509726 46.78388483978231
258.14561905603284 57.5106399192261
258.2095550369684 66.48639175229246
258.273491017904 63.41630127735599
258.3374269988396 47.57428767937324
258.4013629797752 31.21095308309348
258.4652989607108 29.77901001445414
258.5292349416464 47.755752974403606
258.593170922582 71.99503317543899
258.65710690351756 82.11483923027049
258.72104288445314 69.92645479656457
258.7849788653887 44.51166321075544
258.8489148463243 21.294372431903188
258.9128508272599 9.500933036180882
258.97678680819547 7.139057413893132
259.0407227891311 7.880679412435311
259.1046587700667 10.371804662038462
259.1685947510023 17.237264646357417
259.23253073193786 28.580048176091143
259.29646671287344 39.70921938606364
259.360402693809 44.62643781738218
259.4243386747446 41.91279543932868
259.4882746556802 37.35237227720728
259.55221063661577 38.40234420944693
259.6161466175513 49.74975204220424
259.68008259848693 78.11357830720156
259.7440185794226 129.50707817879143
259.8079545603581 196.20728925012153
259.87189054129374 253.61930607929096
259.93582652222926 268.6423403380988
259.9997625031649 220.431855548299
260.0636984841005 127.05770554842128
260.12763446503607 39.61106296946046
260.19157044597165 2.791028318379989
260.25550642690723 23.673458255284423
260.3194424078428 69.20954100762454
260.38337838877845 93.02053105064307
260.44731436971404 75.09173158866007
260.5112503506496 36.31045916307512
260.5751863315852 16.46113222052508
260.6391223125208 41.58928207814048
260.7030582934564 104.14724594572132
260.76699427439195 168.0159024393166
260.8309302553276 195.95579216264997
260.8948662362631 178.1743994211649
260.9588022171987 140.93016820657732
261.02273819813433 126.66702500593452
261.0866741790699 160.0985458563945
261.1506101600055 228.60571269941684
261.2145461409411 288.6849303668069
261.27848212187666 295.17674240495325
261.34241810281225 236.43774422823088
261.40635408374783 143.24497132833068
261.4702900646834 62.47579385001222
261.53422604561894 22.787747821493117
261.5981620265546 22.765679751153655
261.6620980074902 48.30388409655774
261.72603398842574 96.37688110439208
261.7899699693614 176.66876982115244
261.85390595029696 287.099588210323
261.91784193123254 392.291363471314
261.98177791216807 437.7537227974739
262.04571389310365 390.3731060713801
262.1096498740393 267.7739340695404
262.1735858549749 130.10129286254855
262.23752183591046 36.51625701726604
262.30145781684604 4.786542623281259
262.3653937977817 9.9813905606951
262.42932977871726 16.735199786961033
262.49326575965284 12.454229890122916
262.5572017405884 11.629238906028547
262.621137721524 32.61568674428908
262.6850737024596 73.41329214538008
262.7490096833952 108.49044331683012
262.81294566433075 111.41429341897044
262.87688164526634 82.80019424273495
262.9408176262019 53.97687355574797
263.00475360713756 59.408750149143394
263.06868958807314 102.19460675822104
263.1326255690087 147.9705433825966
263.1965615499443 153.7989014808523
263.2604975308799 110.29992794525631
263.32443351181547 63.76114304797757
263.38836949275105 82.288675141146
263.45230547368664 185.3680012706133
263.5162414546222 312.9161455086233
263.5801774355578 370.393114630732
263.64411341649344 312.01368842803294
263.708049397429 187.71599012450852
263.7719853783646 102.39260209816037
263.8359213593002 117.7945683746604
263.89985734023577 194.2707523206838
263.9637933211713 235.19663880106216
264.02772930210693 187.79787027771792
264.09166528304246 96.45176997910349
264.1556012639781 55.82831475008597
264.2195372449137 109.78150139906413
264.28347322584926 203.4967344002139
264.3474092067849 241.49881312429696
264.4113451877205 183.4804712730709
264.47528116865607 78.68976331415418
264.53921714959165 10.0932389883554
264.60315313052723 9.5790406173128
264.6670891114628 38.14819091349423
264.7310250923984 48.0209504435076
264.794961073334 46.06228548486833
264.8588970542696 82.67484647526622
264.92283303520514 181.1433069636333
264.9867690161408 295.5534890347147
265.0507049970764 350.7201885718314
265.11464097801195 318.4026538329984
265.1785769589476 245.49234244818527
265.2425129398831 204.89062947549073
265.3064489208187 223.92068540248127
265.3703849017543 265.618101539604
265.43432088268986 275.87971546567263
265.49825686362544 240.7776085026171
265.562192844561 192.86860083853912
265.62612882549666 166.5557362016907
265.69006480643225 158.5546310946075
265.75400078736783 137.47339624750103
265.8179367683034 88.33567015456173
265.88187274923894 34.915757642260765
265.9458087301746 11.833356152360972
266.0097447111101 25.293728319117857
266.07368069204574 50.25896240058872
266.13761667298127 63.53594528369423
266.2015526539169 68.56690070766426
266.26548863485255 80.92015202092699
266.32942461578807 100.27539979440172
266.39336059672365 107.90926674091531
266.4572965776593 93.5473184386104
266.5212325585949 79.58225320257647
266.58516853953046 105.58567256575743
266.64910452046604 182.82166242493997
266.7130405014016 266.5661228914698
266.7769764823372 285.8348827079279
266.8409124632728 215.59123403495917
266.9048484442084 107.9166951812874
266.968784425144 42.835213522912895
267.0327204060796 58.73539410731236
267.0966563870152 122.60230957049492
267.16059236795076 163.2808274200746
267.22452834888634 141.067614506789
267.2884643298219 78.5855673203072
267.3524003107575 28.649411092758523
267.4163362916931 24.33190724180456
267.48027227262867 56.22310789407449
267.54420825356425 91.60473635895485
267.6081442344999 108.0503299252174
267.67208021543547 104.78766473805456
267.73601619637105 91.62216282354417
267.79995217730664 77.19087160062358
267.8638881582422 68.38931074772103
267.9278241391778 72.68118725191837
267.9917601201134 91.7638162108315
268.05569610104897 113.47281716105716
268.11963208198455 119.39504021122684
268.18356806292013 106.37892068380596
268.24750404385577 95.0004535793501
268.3114400247913 109.4286388425918
268.37537600572693 147.42516360708822
268.43931198666246 176.23399507850695
268.5032479675981 167.68642248149357
268.5671839485337 135.03732636753756
268.63111992946926 125.16986643505736
268.69505591040485 170.75471444109684
268.7589918913404 249.6023545191364
268.822927872276 295.26144945836035
268.8868638532116 256.56377472643925
268.95079983414723 150.29209367979837
269.0147358150828 47.85821385681857
269.0786717960184 5.547317888771353
269.142607776954 18.13280026592108
269.2065437578896 39.92625817093856
269.27047973882514 37.79846957639209
269.3344157197607 22.19996795179052
269.3983517006963 26.8536018175824
269.4622876816319 64.03904895019417
269.5262236625675 112.94116809530065
269.5901596435031 143.96137483575356
269.6540956244387 143.47534795087356
269.7180316053743 120.43987963012783
269.78196758630986 90.50721018989684
269.84590356724544 58.41337949759709
269.909839548181 25.775440056626397
269.9737755291166 6.087349431995346
270.03771151005213 16.695537555152015
270.1016474909878 57.48260206845648
270.1655834719233 103.35100016277325
270.22951945285894 122.1499184144136
270.2934554337946 103.07037173494285
270.3573914147301 66.0662288643942
270.42132739566574 44.51485628344745
270.48526337660127 56.47322084693853
270.5491993575369 89.98134085966589
270.6131353384725 119.86677421019004
270.67707131940807 131.4278385412008
270.74100730034365 123.9698007403909
270.80494328127924 105.21940026803124
270.8688792622149 84.63412243487453
270.93281524315046 66.78529026197712
270.99675122408604 51.649463827943634
271.0606872050216 37.96942514444497
271.1246231859572 26.698160242681407
271.1885591668928 23.79225714438837
271.2524951478284 37.12552777028295
271.31643112876395 67.43024215006677
271.38036710969953 101.9296441458394
271.4443030906351 120.09397271588624
271.5082390715707 108.34485969561824
271.57217505250634 72.08542384593811
271.6361110334419 32.74722715211631
271.7000470143775 8.892271523701442
271.7639829953131 4.485029310315442
271.82791897624867 18.675603870208928
271.89185495718425 60.37703043212756
271.95579093811983 143.99504467981475
272.0197269190554 265.470665587385
272.08366289999094 389.8835065823655
272.1475988809266 470.84101646735144
272.2115348618622 487.5214126848724
272.2754708427978 468.01085089741207
272.3394068237334 461.8716293185555
272.40334280466897 477.25402889704975
272.4672787856045 464.1221813207513
272.53121476654013 372.4760761647988
272.59515074747566 214.39514308636797
272.6590867284113 65.30411152138089
272.7230227093469 10.370690047352104
272.78695869028246 75.22516160498328
272.8508946712181 199.55338389525687
272.9148306521537 289.16572265961
272.97876663308926 290.49705137153114
273.04270261402485 216.53436980057955
273.1066385949604 121.39368950770591
273.170574575896 52.46831060712422
273.2345105568316 20.71799965216968
273.2984465377672 13.25899723301664
273.36238251870276 21.468916627033444
273.42631849963834 49.5910997054779
273.4902544805739 101.67681403641654
273.5541904615096 167.88198219303436
273.61812644244515 225.2717563556313
273.6820624233807 252.09550579540223
273.7459984043163 243.88368884704644
273.8099343852519 213.25457079629263
273.8738703661875 175.82938767879847
273.93780634712306 142.06748747546223
274.00174232805864 117.4405277796796
274.0656783089942 102.75710207704836
274.1296142899298 93.96520747056029
274.19355027086544 84.12351944522878
274.257486251801 67.98192332382179
274.3214222327366 46.125318989848225
274.38535821367213 24.37127016430508
274.4492941946078 8.891743397164964
274.5132301755433 1.7918947355738883
274.57716615647894 0.5008750246246269
274.64110213741446 1.7978183468939086
274.7050381183501 5.256044001662364
274.7689740992857 11.677762994574245
274.83291008022127 20.355909371286568
274.8968460611569 28.143590555531656
274.9607820420925 32.42818987227278
275.0247180230281 34.63716816343081
275.08865400396365 37.15668098182002
275.15258998489924 39.1212582460429
275.2165259658348 36.76809797123807
275.2804619467704 27.80457266744071
275.344397927706 17.031142557863593
275.4083339086416 14.027442915604311
275.4722698895772 22.896127712755725
275.5362058705128 36.68345815029674
275.6001418514484 44.98960957172876
275.66407783238395 47.363434425368325
275.72801381331954 56.45882857819816
275.7919497942551 84.14751242146478
275.8558857751907 120.59556503444416
275.9198217561263 135.64206022223755
275.98375773706186 107.79929400870856
276.04769371799745 48.86678601377684
276.11162969893303 4.27982918058912
276.1755656798686 18.608311545131897
276.23950166080425 91.45019723352212
276.30343764173983 178.11567984193343
276.3673736226754 225.33078593468304
276.43130960361094 208.6597252225399
276.4952455845466 150.54567533838767
276.55918156548216 92.41143470899065
276.62311754641775 55.86481635923425
276.68705352735327 41.48699890026494
276.75098950828885 46.5979391456918
276.8149254892245 70.62373004528786
276.87886147016013 105.4379901637554
276.94279745109566 131.57588913216287
277.0067334320313 130.41557116667207
277.0706694129669 109.32376543163753
277.13460539390246 118.99321108793735
277.19854137483804 209.7294022001361
277.2624773557736 357.18755840971613
277.3264133367092 469.7164534784195
277.3903493176448 472.0319411235485
277.45428529858043 364.8409501797445
277.518221279516 224.70327176612463
277.5821572604516 154.70155902028552
277.6460932413872 209.4357793192732
277.71002922232276 347.5825283905782
277.77396520325834 465.850709150567
277.8379011841939 489.21204788068553
277.9018371651295 414.17656962188306
277.9657731460651 279.51334802829354
278.0297091270007 136.26442859679267
278.09364510793625 35.445902269987485
278.1575810888719 3.148323283198032
278.2215170698075 27.159840613890093
278.28545305074306 74.03104838360798
278.34938903167864 108.48330975210224
278.4133250126142 110.31984408522295
278.4772609935498 88.43232035192163
278.5411969744854 68.07622840543982
278.60513295542097 61.42047773411856
278.6690689363565 63.45736770042157
278.73300491729213 65.41704719057951
278.7969408982278 61.3504696169527
278.8608768791633 52.417325268313775
278.92481286009894 41.72915524403365
278.98874884103446 28.218050745867583
279.0526848219701 16.615007659806366
279.1166208029057 21.5437168506248
279.18055678384127 50.92725220743015
279.24449276477685 87.69875051051108
279.30842874571243 100.34747601641068
279.372364726648 76.04911033409958
279.43630070758365 39.915128561056896
279.50023668851924 43.99397787277913
279.5641726694548 117.31542057190784
279.6281086503904 223.75343807677885
279.692044631326 290.2747025333992
279.7559806122616 266.3705091055153
279.81991659319715 165.0518532083794
279.88385257413273 57.170253119166766
279.9477885550683 6.8731809047390975
