0.1 0.6481187009567976
0.1639359769355841 0.2371842022914167
0.22787195387116815 3.750722571212045
0.2918079308067522 32.63900594072452
0.35574390774233633 158.1890390721896
0.4196798846779204 447.42731557583033
0.48361586161350456 808.0228890980164
0.5475518385490886 1144.9999950071963
0.6114878154846727 1360.3381703616587
0.6754237924202569 1208.2482567718675
0.7393597693558408 617.1388859394172
0.803295746291425 147.4239728255459
0.8672317232270089 282.30145497708503
0.9311677001625931 948.2042780128304
0.9951036770981773 1705.511260071077
1.0590396540337614 1934.5576215307833
1.1229756309693455 1558.0297713115472
1.1869116079049296 1168.5412421189017
1.2508475848405136 1189.9040782084746
1.3147835617760977 1531.8882169800338
1.3787195387116815 1590.013758027506
1.442655515647266 989.1757528890814
1.50659149258285 243.5161944978648
1.570527469518434 105.76312093663596
1.634463446454018 765.6869953574159
1.6983994233896023 1547.7059660081927
1.7623354003251863 1711.4531617198231
1.8262713772607704 1648.6615397693242
1.8902073541963544 2511.652307115732
1.9541433311319387 5120.885070402697
2.018079308067523 8705.024243561764
2.0820152850031066 10820.847335362876
2.145951261938691 9924.413402845395
2.209887238874275 6715.909094968459
2.273823215809859 3068.088999853968
2.3377591927454437 830.823022625865
2.401695169681027 512.9422752778603
2.4656311466166114 1054.7867077761375
2.5295671235521953 1444.1585812112846
2.5935031004877795 1625.2435588240755
2.6574390774233634 2095.0522325126817
2.721375054358948 3132.266501592679
2.785311031294532 4230.546078779324
2.849247008230116 4518.35642457117
2.9131829851657 3726.177277838884
2.977118962101284 2402.866774130758
3.041054939036868 1263.385060266704
3.104990915972452 602.781788031262
3.1689268929080363 294.4434178255679
3.2328628698436206 123.12164918770996
3.2967988467792044 30.435940977334784
3.3607348237147887 125.11449081009187
3.4246708006503725 535.379164330244
3.488606777585957 1227.4932859897951
3.5525427545215407 1978.083486483996
3.616478731457125 2452.5124933678658
3.680414708392709 2319.282624735972
3.7443506853282926 1564.8991254463804
3.808286662263877 661.0107499422785
3.8722226391994607 189.2457862666114
3.9361586161350446 344.3186939835128
4.000094593070629 841.5757952735908
4.064030570006214 1303.6084002354728
4.1279665469417965 1803.9529288275069
4.19190252387738 2876.6764193287886
4.255838500812965 4671.576380169082
4.31977447774855 6340.190249942953
4.383710454684134 6677.486365263248
4.4476464316197175 5168.405713119726
4.5115824085553005 2568.5232527888224
4.575518385490886 647.8719150143539
4.63945436242647 729.9870882298088
4.703390339362054 2328.478287723
4.7673263162976385 3623.6530651717944
4.831262293233222 3236.666103573947
4.895198270168806 1489.5431766991517
4.95913424710439 116.99509450135764
5.023070224039976 844.234910579257
5.0870062009755594 3813.5560985603793
5.150942177911142 7245.525952744293
5.214878154846726 9016.812237960496
5.278814131782311 8173.188257610855
5.342750108717895 5241.987433076269
5.4066860856534795 2030.9247304630417
5.470622062589063 383.63462328118715
5.534558039524647 638.3508715589725
5.598494016460231 1739.4901641632437
5.662429993395815 2349.9568742882134
5.7263659703314 1882.2386088629696
5.790301947266984 878.003433938862
5.854237924202567 328.65813629723925
5.918173901138152 773.6053416137119
5.982109878073736 1908.989131984964
6.04604585500932 2890.4012518714203
6.109981831944904 3194.769845599356
6.173917808880488 3029.805657734424
6.237853785816072 2958.9843598320344
6.301789762751656 3424.403458537829
6.365725739687241 4554.26557934108
6.429661716622824 6131.694036601109
6.493597693558408 7634.25499731112
6.557533670493992 8547.586002421862
6.621469647429577 8669.052091054662
6.685405624365161 7928.727204270288
6.749341601300745 6365.3867424549635
6.813277578236328 4406.368750447574
6.877213555171913 2691.6700277296586
6.941149532107497 1592.5829126230371
7.005085509043081 1093.5364834410007
7.0690214859786655 983.8743570142557
7.1329574629142485 997.2823089200793
7.196893439849833 928.8239510813521
7.260829416785419 744.6710397492096
7.324765393721002 540.3750403839001
7.388701370656586 401.44038901495094
7.4526373475921694 336.15263213434145
7.516573324527753 305.1845828625805
7.580509301463338 296.10593880148366
7.644445278398922 408.1941856941433
7.708381255334506 848.569014505726
7.7723172322700895 1760.17623506874
7.836253209205673 3010.740902603611
7.900189186141257 4166.903816454239
7.964125163076842 4698.283460791351
8.028061140012428 4233.140985486472
8.091997116948011 2815.7261146153123
8.155933093883595 1135.8688205659112
8.219869070819179 247.299940460054
8.283805047754761 737.8955887197163
8.347741024690345 2216.703700206574
8.411677001625929 3496.61919682531
8.475612978561514 3429.800761182493
8.5395489554971 2026.1335930702585
8.603484932432686 628.3898361002687
8.667420909368268 709.8902045692071
8.731356886303852 2486.417756716215
8.795292863239435 4598.318889407093
8.85922884017502 5244.80204330452
8.923164817110603 3848.5485539311208
8.987100794046189 1598.5107861884956
9.051036770981773 312.61064426913555
9.114972747917356 789.5102520355965
9.17890872485294 2246.4945079187205
9.242844701788524 3257.0607605578493
9.30678067872411 3143.372303321103
9.370716655659693 2423.8905964970495
9.434652632595277 2005.3965528140943
9.498588609530861 2201.172346969889
9.562524586466447 2574.8250843444785
9.626460563402029 2546.615319187289
9.690396540337613 2023.7404888501765
9.754332517273197 1366.981224445027
9.81826849420878 881.7497014613966
9.882204471144366 582.0517563630998
9.946140448079948 389.3704212830651
10.010076425015532 344.6204235641575
10.074012401951116 517.345398696167
10.1379483788867 800.6394335691833
10.201884355822283 964.5785040334126
10.265820332757867 930.3329742173811
10.329756309693453 905.0053239071923
10.393692286629038 1125.1719892789113
10.457628263564622 1459.30976935154
10.521564240500206 1469.1277040112886
10.585500217435788 947.7808464276222
10.649436194371372 256.6403447820813
10.713372171306956 32.13498975090877
10.77730814824254 532.2933259124466
10.841244125178129 1318.3275524890475
10.90518010211371 1684.1105206211723
10.969116079049295 1357.963373472976
11.033052055984879 687.3589602335409
11.096988032920462 199.0813456516101
11.160924009856046 66.5869095689663
11.22485998679163 74.22885345568339
11.288795963727216 53.493121935516065
11.3527319406628 155.84319115199872
11.416667917598383 623.5908686360985
11.480603894533967 1369.313118461335
11.544539871469553 1892.9431637369648
11.608475848405133 1732.2304242456516
11.672411825340719 962.2114149702211
11.736347802276304 194.63133395170573
11.800283779211888 111.9166879994308
11.864219756147472 931.3337335710175
11.928155733083056 2276.251570788125
11.99209171001864 3552.8473163898516
12.056027686954224 4356.8673631686015
12.119963663889807 4598.552437090071
12.183899640825391 4441.510226865703
12.247835617760977 4151.360161462843
12.31177159469656 3907.3894576535936
12.375707571632145 3701.8019383320006
12.439643548567728 3411.744104026279
12.503579525503312 2958.7630118027705
12.567515502438896 2389.722404364136
12.63145147937448 1842.5691497129253
12.695387456310064 1473.714805901804
12.759323433245648 1362.7593181112122
12.823259410181231 1436.327790439254
12.887195387116815 1532.4719028270763
12.9511313640524 1562.6181330603852
13.015067340987985 1581.5360655638315
13.07900331792357 1711.889179356936
13.142939294859154 2020.7113669243167
13.206875271794736 2427.505767498648
13.27081124873032 2682.166591232459
13.334747225665904 2472.397475316181
13.398683202601488 1710.6412329176144
13.462619179537072 817.0040215858611
13.526555156472657 574.216097804307
13.590491133408243 1485.5027901764595
13.654427110343827 3222.335795702685
13.71836308727941 4728.592703160185
13.782299064214994 4959.843096012784
13.846235041150578 3739.108197112937
13.91017101808616 1946.2558281179809
13.974106995021748 691.8115657945175
14.038042971957331 319.8122057799555
14.101978948892915 349.7100966772847
14.1659149258285 249.60579687626955
14.229850902764081 130.44517492411046
14.293786879699667 664.7576675430437
14.35772285663525 2237.4185604449053
14.421658833570836 4309.689451447498
14.48559481050642 5799.429723390316
14.549530787442004 5965.146704578348
14.613466764377588 4907.803669610448
14.677402741313172 3368.856950999532
14.741338718248755 2096.974128971988
14.80527469518434 1430.0105785323065
14.869210672119925 1404.3051859910977
14.933146649055509 1992.8022439027052
14.997082625991093 3033.3940964262674
15.061018602926676 4010.8397210935527
15.12495457986226 4205.158826593209
15.188890556797844 3303.402403192278
15.252826533733428 1817.7985010804368
15.316762510669012 727.8293333979102
15.380698487604596 677.3917397546055
15.44463446454018 1483.574413003127
15.508570441475763 2454.7428897494983
15.572506418411349 3176.5374243763968
15.636442395346933 3724.2012206424265
15.700378372282517 4203.923651887224
15.7643143492181 4413.907099206805
15.828250326153684 4002.1254979541936
15.892186303089268 3120.092840113208
15.956122280024852 2730.324239267396
16.02005825696044 3730.764268903883
16.08399423389602 5788.774538987118
16.147930210831607 7277.178052406288
16.211866187767193 6685.185619501352
16.275802164702775 4206.884377677078
16.33973814163836 1593.25808067398
16.403674118573942 510.8451364914305
16.467610095509528 1096.7103811018872
16.531546072445114 1961.9450548774137
16.595482049380696 1813.3590947563337
16.65941802631628 859.7529001975213
16.723354003251863 350.9156737466605
16.78728998018745 1014.8045603745672
16.85122595712303 2141.62809303123
16.915161934058617 2449.8275380157866
16.979097910994202 1785.1833131415328
17.043033887929784 1445.1871056196687
17.106969864865366 2757.0106475544976
17.170905841800952 5413.886638600075
17.234841818736538 7361.077447380736
17.29877779567212 6724.541054708315
17.362713772607705 3831.1110703027375
17.42664974954329 1064.610208786287
17.490585726478873 652.4154240697886
17.55452170341446 2570.0931571730234
17.61845768035004 4664.230593251786
17.682393657285626 4843.331024437711
17.74632963422121 3045.6046116633497
17.81026561115679 1051.175157832418
17.87420158809238 557.0635869313422
17.93813756502796 1582.586472012053
18.002073541963547 2678.6446259879986
18.06600951889913 2558.4479502298614
18.129945495834715 1353.9716076837078
18.193881472770297 270.67682003926893
18.25781744970588 263.57398070916594
18.321753426641468 1132.6905737738855
18.385689403577047 1831.2189408774996
18.449625380512636 1607.4029609442914
18.513561357448214 715.4246010314092
18.577497334383803 52.44302884533831
18.641433311319386 331.4712887182067
18.705369288254968 1581.818217863792
18.76930526519056 3251.776336314172
18.833241242126135 4717.9156363286365
18.897177219061724 5647.298974942408
18.961113195997303 5907.301386935849
19.02504917293289 5390.4452253592535
19.088985149868478 4116.7030300203405
19.152921126804056 2427.9113828694567
19.216857103739645 929.5634351671652
19.280793080675227 128.7874278107055
19.344729057610813 78.0248476706207
19.408665034546395 379.6125394244368
19.47260101148198 551.3327306159433
19.53653698841756 421.4161998790799
19.60047296535315 196.03162623427224
19.66440894228873 152.55335008399723
19.72834491922432 316.4670813454056
19.7922808961599 468.16065248589337
19.856216873095484 432.9247003428081
19.92015285003107 312.52827349357096
19.984088826966648 367.33240157042417
20.04802480390224 672.7793512540736
20.111960780837823 990.9841560206705
20.175896757773405 1000.8874864170328
20.23983273470899 626.8054582317709
20.30376871164457 163.1603445806236
20.36770468858016 15.482243664845196
20.43164066551574 295.4308948809342
20.495576642451326 757.2008048678155
20.559512619386908 1067.9156714471833
20.623448596322493 1074.687591473149
20.68738457325808 881.717793806715
20.75132055019366 706.6363440555745
20.815256527129247 705.1257806077604
20.87919250406483 961.65622694448
20.94312848100041 1527.7429586566557
21.007064457936 2332.0319036716123
21.071000434871586 3060.9972169518305
21.134936411807168 3268.25935076368
21.19887238874275 2720.442884013709
21.26280836567833 1677.7658674372751
21.32674434261392 786.1025797586361
21.390680319549503 558.2529955738337
21.454616296485085 928.0967844812623
21.51855227342067 1353.6210702886788
21.582488250356256 1335.9491341248165
21.64642422729184 849.7460721105753
21.710360204227424 287.34820767819883
21.77429618116301 13.668391160076196
21.83823215809859 50.26439678244587
21.902168135034174 179.4644302838007
21.96610411196976 261.5210561986655
22.030040088905345 360.3900239016373
22.093976065840927 558.2936084032898
22.157912042776513 754.7856881186685
22.22184801971209 738.0764414534129
22.28578399664768 478.77952145206206
22.349719973583262 280.04861447896496
22.413655950518848 537.2515929848969
22.477591927454437 1346.0533109395624
22.541527904390012 2338.8214606392153
22.6054638813256 2929.289977261616
22.669399858261183 2795.2618904576498
22.73333583519677 2098.003019262852
22.79727181213235 1260.614626507289
22.861207789067937 638.9718711257573
22.92514376600352 341.4874298984073
22.989079742939104 245.84856115118288
23.053015719874686 181.786091104022
23.116951696810272 96.05383129081581
23.180887673745858 52.30656326670256
23.24482365068144 148.881634324181
23.308759627617025 418.25346273327693
23.372695604552607 744.4843480833533
23.436631581488193 933.3943323883408
23.500567558423775 858.531579671072
23.56450353535936 545.8212582308822
23.628439512294943 219.77795678108345
23.69237548923053 175.75385118564574
23.756311466166117 486.2465443107615
23.820247443101696 918.2333416404317
23.88418342003728 1132.1068841409287
23.948119396972867 961.9245272706316
24.01205537390845 563.3290945490776
24.075991350844035 236.38651179100657
24.139927327779617 135.25464898648434
24.2038633047152 190.98334803537452
24.267799281650788 228.87196077479928
24.331735258586367 162.803698410715
24.395671235521956 83.9537543203383
24.459607212457534 136.002704185844
24.523543189393123 366.9060685162012
24.587479166328706 699.58651925106
24.651415143264288 1002.5580102350492
24.71535112019988 1175.4645759823864
24.779287097135455 1156.5555523642745
24.843223074071044 929.2026219851165
24.907159051006623 579.6313008389434
24.97109502794221 316.7561911180792
25.035031004877798 380.22348415292674
25.098966981813376 825.457363171299
25.162902958748965 1396.5613553456842
25.226838935684547 1690.8434944696771
25.290774912620133 1476.7973396912507
25.354710889555715 923.4833550579322
25.4186468664913 513.8435918391248
25.48258284342688 624.2983567416456
25.54651882036247 1192.857550426991
25.61045479729805 1801.3769269400923
25.67439077423364 2040.3970352912015
25.73832675116922 1817.7395216557995
25.802262728104804 1365.7702009177956
25.86619870504039 1008.3279630708462
25.930134681975968 898.084295389465
25.99407065891156 920.7922039762615
26.058006635847143 866.6855286509452
26.121942612782725 660.3553778032181
26.18587858971831 388.7617422295556
26.24981456665389 177.97516618763507
26.31375054358948 79.28099151221822
26.37768652052506 47.94981564384321
26.441622497460646 20.00958426860592
26.50555847439623 3.2968357885029036
26.569494451331813 101.91734604846432
26.6334304282674 455.5007853326813
26.69736640520298 1109.358528139239
26.761302382138567 1892.5372015728249
26.82523835907415 2440.01185972334
26.88917433600973 2407.8786664956087
26.95311031294532 1740.9912237712806
27.017046289880906 809.6654585913313
27.080982266816488 274.48744833035306
27.14491824375207 647.1927053334188
27.208854220687652 1869.6022016824436
27.27279019762324 3309.3676318227053
27.336726174558823 4152.491013570258
27.40066215149441 3928.294604385223
27.46459812842999 2820.3616328462444
27.528534105365576 1480.1247769441752
27.59247008230116 552.4058896366039
27.656406059236744 323.70168924667007
27.72034203617233 635.7495008149733
27.78427801310791 1081.9069877750787
27.848213990043497 1331.7445511969297
27.91214996697908 1293.9947066497464
27.976085943914665 1057.2974897361405
28.040021920850247 758.4063027649069
28.103957897785833 488.19084072551567
28.16789387472141 273.5267316437533
28.231829851657 115.98206974630637
28.295765828592582 24.96307642999631
28.359701805528168 6.4144538575868655
28.423637782463757 35.54450415838232
28.487573759399332 62.75418821726086
28.55150973633492 59.91438042479773
28.615445713270503 59.37679931395996
28.67938169020609 128.5178991215879
28.743317667141675 296.59724631937
28.807253644077257 516.7005151829313
28.87118962101284 702.274909329782
28.935125597948424 799.5625742192067
28.999061574884006 828.8071934082277
29.062997551819592 851.5380383270109
29.126933528755178 898.9892903536065
29.19086950569076 951.3470081523977
29.254805482626345 981.1529980869345
29.318741459561927 976.1614753044176
29.382677436497513 911.6623680611544
29.446613413433095 746.0735013051316
29.51054939036868 478.44487009624794
29.574485367304263 213.6309353703704
29.63842134423985 146.5688926992448
29.702357321175437 415.2984100251599
29.766293298111016 923.2158258135322
29.8302292750466 1337.2663265756103
29.894165251982187 1337.902190866794
29.95810122891777 910.3588621323182
30.022037205853355 356.9928731895374
30.085973182788937 33.41090583641323
30.14990915972452 94.5611409016793
30.213845136660108 419.4828104908536
30.277781113595687 740.9110055966524
30.341717090531276 867.8670972484368
30.405653067466854 781.6697504342155
30.469589044402444 574.1267808327539
30.533525021338026 356.06344477720745
30.597460998273608 198.99309836651
30.6613969752092 115.34708840334729
30.725332952144775 70.32006058854628
30.789268929080365 28.767631090690667
30.853204906015943 18.86467471820052
30.91714088295153 135.38994478842164
30.981076859887114 433.7177403819544
31.045012836822696 815.3472043204612
31.108948813758285 1058.804101764831
31.172884790693868 994.8716745834848
31.236820767629453 676.8497566213782
31.300756744565035 343.4030131873636
31.36469272150062 167.4484407945511
31.4286286984362 114.35419834410656
31.49256467537179 101.71301909402712
31.55650065230737 260.9871175057092
31.62043662924296 923.7451162370977
31.68437260617854 2248.373035324717
31.748308583114124 3874.28539684366
31.81224456004971 4956.286262980272
31.876180536985288 4745.314137955404
31.94011651392088 3328.670908349692
32.00405249085646 1566.1680528535296
32.06798846779204 354.98851370607144
32.13192444472763 113.65142161762962
32.195860421663205 651.1685018453801
32.259796398598795 1437.1226559579206
32.323732375534384 2038.8932125045271
32.387668352469966 2226.906274819744
32.45160432940555 1959.654392366528
32.51554030634114 1379.395810975652
32.57947628327672 704.7543255382382
32.6434122602123 194.76111030695648
32.70734823714788 35.9166293114205
32.77128421408347 140.5012889402585
32.835220191019054 252.75045699354817
32.89915616795464 234.40743490236324
32.963092144890226 184.6600048973087
33.02702812182581 298.74739910430907
33.09096409876139 581.9478380797584
33.154900075696965 796.2799806877495
33.21883605263256 723.6386558297016
33.28277202956814 416.4986300491551
33.346708006503725 184.10771750980703
33.410643983439314 295.429392064344
33.474579960374896 705.0233967700905
33.53851593731048 1101.6119129409815
33.60245191424606 1195.9955503149283
33.66638789118165 993.7495981893848
33.73032386811723 777.8719047430898
33.794259845052814 810.4425253495425
33.8581958219884 1099.5389114385173
33.922131798923985 1378.412720748663
33.98606777585957 1316.1382915634167
34.05000375279515 865.5295025183976
34.11393972973074 343.2812662552078
34.17787570666632 139.61575678976322
34.2418116836019 368.83418921841775
34.305747660537484 722.7096002278059
34.369683637473074 728.0409008585199
34.43361961440865 309.3485072554081
34.49755559134424 5.394083855562419
34.56149156827983 472.7241470102104
34.62542754521541 1780.6837994284163
34.68936352215099 3145.7507748774583
34.75329949908658 3447.6602081235005
34.81723547602216 2350.767811850704
34.881171452957744 772.8138076373768
34.945107429893326 8.57660898496591
35.009043406828916 602.2183833531936
35.0729793837645 1947.4149671855153
35.13691536070008 2826.1911526106514
35.20085133763567 2555.323131065245
35.26478731457125 1531.8232394040758
35.32872329150683 645.540386045499
35.392659268442415 422.4592345470522
35.456595245378004 682.4546652841036
35.520531222313586 882.0308067988132
35.58446719924917 716.0331111714974
35.64840317618476 327.2338531327382
35.71233915312033 43.1239225711953
35.77627513005592 37.57851601602284
35.840211106991504 234.71252598863973
35.904147083927086 449.41021666649726
35.968083060862675 549.9209335264976
36.03201903779826 517.4333096663798
36.095955014733846 424.93951241101325
36.159890991669435 384.16260542971776
36.22382696860501 468.4095041722808
36.28776294554059 637.041270892028
36.351698922476174 749.6502579872752
36.41563489941176 707.4428294447865
36.47957087634735 578.6331113255585
36.54350685328293 518.0054790175561
36.60744283021852 570.5437746766089
36.6713788071541 606.9593857547909
36.73531478408968 474.2638676655041
36.79925076102527 231.4448443466833
36.863186737960845 146.73020456329576
36.927122714896434 371.6445295042912
36.991058691832016 704.4049730798394
37.054994668767606 766.5283060074048
37.118930645703195 442.1870042724959
37.18286662263877 89.39875125178278
37.24680259957436 208.24569389044547
37.310738576509934 907.2346144455946
37.37467455344552 1739.9505503463151
37.43861053038111 2112.59140584468
37.50254650731669 1881.0226660512928
37.56648248425228 1404.3777870304032
37.63041846118786 1044.4100334268533
37.69435443812345 839.4143468724956
37.75829041505903 610.2604089772425
37.822226391994604 264.84275478735253
37.8861623689302 16.280150616087376
37.950098345865776 192.69123506100783
38.01403432280136 825.7896716609287
38.077970299736954 1543.152182284026
38.141906276672536 1853.6445328826928
38.20584225360812 1555.656553187261
38.26977823054369 887.942986217906
38.33371420747929 280.13441393300934
38.39765018441487 40.505042610285216
38.461586161350446 225.94645616873223
38.52552213828604 669.4123454563639
38.58945811522162 1123.442872235673
38.65339409215721 1392.8217976824592
38.71733006909279 1394.0497532016686
38.78126604602838 1180.8886142019676
38.84520202296396 895.0690393045751
38.909137999899535 660.3564778541092
38.97307397683512 534.2608927711173
39.03700995377071 534.7435650508517
39.100945930706295 662.7769595312745
39.16488190764188 870.2331205903582
39.22881788457747 1023.4951040652192
39.29275386151305 967.0179897932403
39.35668983844863 674.4520437531872
39.420625815384206 313.22917282649564
39.4845617923198 117.72459340947904
39.54849776925538 174.08474962149515
39.612433746190966 335.0350480022916
39.67636972312656 383.88316772172834
39.74030570006214 263.2817308251246
39.80424167699772 98.98748215176992
39.868177653933294 23.958192745347752
39.93211363086889 28.48431539547695
39.99604960780447 20.5598398602114
40.05998558474005 8.753167467895702
40.12392156167564 130.6206332319464
40.187857538611226 461.737099203436
40.25179351554681 844.57352557471
40.31572949248239 982.8880848444661
40.37966546941798 758.0649576416043
40.44360144635356 398.04940056111536
40.507537423289136 248.49904308984864
40.571473400224725 419.5567084047082
40.63540937716032 700.2900331744094
40.6993453540959 769.9506251927457
40.76328133103148 518.7902068551484
40.82721730796706 172.20039991554063
40.89115328490265 59.25862294179897
40.95508926183823 341.6332699180743
41.01902523877381 949.6715217697027
41.0829612157094 1650.9418533044702
41.146897192644985 2197.2050592537553
41.21083316958057 2390.963961471859
41.27476914651616 2081.174656071257
41.33870512345174 1330.7433327735616
41.40264110038732 514.1982897330206
41.466577077322896 47.19942007424319
41.530513054258485 61.290329751047615
41.59444903119408 345.32632847171
41.658385008129656 560.5462641654707
41.722320985065245 552.9796934255744
41.78625696200083 439.17413889699344
41.85019293893641 382.40441881086065
41.91412891587199 379.29631448262313
41.97806489280758 306.6517818730456
42.04200086974316 130.1545339205607
42.10593684667874 2.440201682931969
42.16987282361433 102.89250164663189
42.23380880054992 402.31902849100413
42.2977447774855 661.4270184869544
42.36168075442108 671.9439671530752
42.42561673135666 456.3154171868705
42.48955270829225 217.67653188216264
42.55348868522783 113.1076024448522
42.61742466216342 123.8935915196236
42.681360639099005 181.22547987491012
42.74529661603459 338.7032351302876
42.80923259297017 716.1763051243931
42.87316856990576 1285.118023785791
42.93710454684133 1767.0167413172035
43.00104052377692 1806.1208397751743
43.06497650071251 1307.2598718172276
43.128912477648086 578.7150463161132
43.19284845458368 83.61961153405782
43.25678443151926 50.351651565765536
43.32072040845485 328.0165013111006
43.38465638539042 584.376393135579
43.44859236232601 606.3790908256979
43.5125283392616 426.4604703614663
43.57646431619718 214.8620465695381
43.64040029313276 88.1496430897375
43.704336270068346 39.615453473248
43.768272247003935 20.077666222996093
43.83220822393952 21.120962363695444
43.8961442008751 71.38100932859801
43.96008017781069 185.55608495049495
44.02401615474627 343.06835759682
44.087952131681845 506.8492833798889
44.15188810861744 632.9476969723044
44.215824085553024 667.8264749303221
44.279760062488606 571.3632433825977
44.34369603942418 368.52554955527114
44.40763201635978 176.36405070902484
44.47156799329536 142.18590440354552
44.53550397023094 317.4671707176615
44.59943994716652 597.2620470019958
44.66337592410211 808.930239837162
44.727311901037694 865.7191278095
44.79124787797328 831.9072322911462
44.85518385490887 832.1963794255668
44.91911983184445 884.4916318381971
44.98305580878002 857.8399577277171
45.046991785715605 638.6908007071731
45.1109277626512 299.82384971411454
45.17486373958678 59.19619329679673
45.238799716522365 73.28202349337465
45.302735693457954 271.7446776933535
45.366671670393536 417.6452143456132
45.43060764732912 368.9383558952037
45.4945436242647 252.93240541953816
45.55847960120029 328.8755569845602
45.62241557813587 686.0201667860349
45.68635155507145 1096.7019670011143
45.75028753200704 1188.036015282874
45.81422350894263 821.0100771471699
45.87815948587821 314.8530668790425
45.94209546281378 233.70198919633083
46.00603143974938 899.165757693563
46.06996741668496 2075.376129844324
46.13390339362054 3093.038945279659
46.197839370556125 3320.599386077706
46.261775347491714 2642.9263897133646
46.325711324427296 1536.5399504793943
46.38964730136288 655.7321834316444
46.453583278298474 348.5643069073109
46.51751925523405 487.08558571552
46.58145523216963 668.730812597984
46.64539120910521 614.0992470979896
46.7093271860408 371.1876268098368
46.773263162976384 170.163417694349
46.83719913991197 160.5860926785296
46.90113511684756 260.9142628443598
46.96507109378314 279.7899394861136
47.02900707071872 168.83905543677335
47.09294304765431 76.93294677062855
47.15687902458989 206.921889407083
47.22081500152547 581.6845817886312
47.284750978461055 944.9930532107752
47.34868695539664 1037.0615946263651
47.41262293233223 829.6639847522182
47.47655890926781 463.98847212639777
47.5404948862034 146.65002806220147
47.60443086313897 18.76795334696581
47.66836684007456 98.54201791801005
47.732302817010144 379.15932012717934
47.796238793945726 847.9096764458701
47.86017477088132 1441.8493536548149
47.9241107478169 2032.2396542839776
47.988046724752486 2405.210725390977
48.051982701688075 2389.023703629077
48.11591867862365 2028.4425153773975
48.17985465555923 1526.4918058070368
48.243790632494814 1064.4762561829584
48.3077266094304 719.2027371488864
48.37166258636599 480.7127140316359
48.43559856330157 305.3656295465328
48.49953454023716 163.48909654754036
48.56347051717274 64.3223106057348
48.62740649410832 61.2643743395623
48.69134247104391 224.09285517773588
48.755278447979485 557.7487209838537
48.819214424915074 936.4790116409968
48.883150401850656 1162.8289846242849
48.947086378786246 1126.0642153185227
49.011022355721835 925.0602162379312
49.07495833265741 823.2398116682039
49.138894309593 1010.7861477794085
49.202830286528574 1372.9426217012945
49.26676626346416 1544.620445149156
49.33070224039975 1253.5164711562763
49.39463821733533 617.0216288982823
49.45857419427092 90.25206660501111
49.5225101712065 106.09240048405547
49.58644614814209 716.3859022422887
49.65038212507767 1544.3739745924345
49.714318102013245 2095.5857660186366
49.77825407894884 2122.445828449252
49.842190055884416 1720.3023147815823
49.90612603282 1169.5849098210183
49.970062009755594 724.2905423567997
50.033997986691176 481.65748378921734
50.09793396362676 392.07745472564585
50.16186994056233 364.8767135641872
50.22580591749793 344.71810375654843
50.28974189443351 315.21351212532835
50.35367787136909 277.11055247816387
50.41761384830468 233.10001896923688
50.48154982524026 182.76004435796543
50.54548580217585 127.36574663995904
50.60942177911143 77.70406986606055
50.67335775604702 51.78959559622882
50.7372937329826 57.57622276867296
50.801229709918175 76.82291242092721
50.86516568685376 76.5913883807194
50.92910166378935 44.68336839238322
50.993037640724935 7.444437570717251
51.05697361766052 5.544254644576431
51.12090959459611 51.92998769317385
51.18484557153169 119.00137493399723
51.24878154846727 176.1046132538121
51.312717525402846 234.41731574197155
51.37665350233844 332.2160378098285
51.44058947927402 469.5477246485025
51.504525456209606 578.3236746393724
51.5684614331452 572.6763806121619
51.63239741008078 430.9949171732336
51.69633338701636 228.5626317126052
51.760269363951934 82.19940059723454
51.82420534088753 56.46052377343069
51.88814131782311 123.05551203951586
51.95207729475869 204.44225241460515
52.01601327169429 249.4328740229493
52.079949248629866 266.11518128230495
52.14388522556545 289.83486937129067
52.20782120250103 331.391327946191
52.27175717943662 359.8828215136136
52.3356931563722 330.4798810206035
52.399629133307776 229.37403994945447
52.463565110243366 104.22387302420027
52.52750108717896 47.475092454390186
52.59143706411454 123.03233547064175
52.65537304105012 291.46564217522314
52.7193090179857 411.8583511971855
52.78324499492129 351.9226984365589
52.84718097185687 140.74635475280814
52.91111694879246 9.905040141628318
52.97505292572804 228.27020303283328
53.038988902663625 825.8234225256765
53.10292487959921 1469.0490375962831
53.1668608565348 1682.3238358788444
53.23079683347038 1267.4819537734807
53.29473281040596 523.761672822354
53.35866878734154 31.36362695206694
53.422604764277125 180.95151601066416
53.48654074121272 858.1119775178189
53.550476718148296 1538.1559128926256
53.614412695083885 1723.7673554400108
53.67834867201947 1358.440579298564
53.74228464895505 815.5919404033832
53.80622062589064 512.7186252689905
53.87015660282622 569.1331032734554
53.9340925797618 781.1600155252452
53.99802855669738 874.822739494352
54.06196453363297 771.3008202498788
54.12590051056856 618.0796701405073
54.18983648750414 603.9435633940276
54.25377246443973 757.6053952388605
54.3177084413753 915.7560572797892
54.38164441831089 890.4068007854281
54.44558039524647 653.1823807957264
54.50951637218206 352.45677558342567
54.573452349117645 175.09551763907805
54.63738832605323 192.1185508036148
54.701324302988816 316.0795721012691
54.7652602799244 392.86466314560016
54.82919625685999 335.43676040069926
54.89313223379556 184.07662757841143
54.95706821073115 54.43822540483272
55.021004187666726 36.581085554076
55.08494016460232 138.97556916465413
55.148876141537905 314.6921735952563
55.21281211847349 525.6140662708477
55.27674809540906 760.9684325686472
55.34068407234465 993.9416748267377
55.40462004928024 1149.5586979877253
55.46855602621582 1129.6118752419063
55.5324920031514 887.776855353605
55.59642798008699 512.1009604513954
55.660363957022575 202.51541508606647
55.72429993395816 113.25198001259984
55.78823591089374 218.3817109945008
55.85217188782933 336.73522316382486
55.91610786476491 298.9708301595055
55.980043841700486 121.0376958683688
56.04397981863608 9.422914263691434
56.107915795571664 174.88257078242526
56.171851772507246 626.3666112201632
56.23578774944282 1135.6192160267592
56.29972372637842 1413.1525849657
56.363659703314 1325.3243547258955
56.42759568024958 951.5540298822659
56.49153165718517 491.22531949928987
56.55546763412075 155.4177279415763
56.619403611056335 119.8370106544085
56.68333958799192 507.07741391611694
56.74727556492751 1308.6486048597412
56.81121154186309 2266.0314484279256
56.87514751879866 2903.4353079170514
56.93908349573426 2819.312883316279
57.00301947266984 2013.4148054620557
57.06695544960542 935.3598590475888
57.130891426541005 193.48480994501404
57.194827403476594 118.79441810665466
57.25876338041218 537.1197593969199
57.32269935734776 978.1721500136707
57.386635334283355 1095.7067395933127
57.45057131121893 883.6589288791449
57.51450728815451 558.9151872995817
57.57844326509009 303.2102226540324
57.64237924202568 141.92766325682007
57.70631521896127 36.86814135965277
57.77025119589685 3.6851410959865856
57.83418717283242 90.05899921954028
57.89812314976802 276.81360939355966
57.9620591267036 452.48471625984735
58.02599510363918 509.5619089693601
58.089931080574765 455.9502442072291
58.153867057510354 389.1014672363539
58.217803034445936 361.35232228547267
58.28173901138152 330.02637704320426
58.345674988317114 245.28955952009167
58.40961096525269 134.51132817979655
58.47354694218827 70.40882989816467
58.53748291912385 72.51817826097425
58.60141889605944 84.27464112813038
58.665354872995024 70.85512925062267
58.72929084993061 112.58818140526118
58.7932268268662 336.05929364858525
58.85716280380178 723.4680298997237
58.92109878073736 1044.0076049263985
58.98503475767295 1032.29085486595
59.04897073460853 666.8050161015677
59.11290671154411 262.3855352717024
59.176842688479695 219.4154016477252
59.24077866541528 659.9217498253884
59.30471464235087 1313.5880188095432
59.36865061928645 1740.9492634127932
59.43258659622204 1695.783657420576
59.49652257315761 1281.032703007401
59.5604585500932 781.5286870061952
59.624394527028784 430.32607755051527
59.688330503964366 306.16648023462125
59.75226648089996 362.6939065346952
59.81620245783554 541.7541412738301
59.880138434771126 853.6313393681313
59.944074411706715 1337.9386079590345
60.00801038864229 1948.5520679255037
60.07194636557787 2471.688979423723
60.135882342513455 2575.669545340099
60.19981831944904 2044.546733807868
60.26375429638463 1084.057128196636
60.32769027332021 355.1088684281549
60.3916262502558 603.9264130891564
60.45556222719138 2150.9923482474137
60.51949820412696 4531.580834117949
60.58343418106255 6643.648989843645
60.647370157998125 7492.578911352187
60.711306134933714 6841.302183898506
60.7752421118693 5224.573628555797
60.839178088804886 3559.19787401547
60.903114065740475 2614.645187112256
60.96705004267605 2555.621757261061
61.03098601961164 2936.1317363632993
61.094921996547214 3143.600996602541
61.1588579734828 2829.6130224233834
61.22279395041839 2035.16700397116
61.28672992735397 1074.4809534855967
61.35066590428956 325.85629894247353
61.41460188122514 11.604559316690752
61.47853785816073 75.73518620553868
61.54247383509631 276.4201704967746
61.606409812031885 402.4561637760981
61.67034578896748 395.1303638555474
61.734281765903056 314.9258093054573
61.79821774283864 235.233431735161
61.862153719774234 177.32270315564216
61.926089696709816 160.1885891222495
61.9900256736454 256.6663960162151
62.05396165058097 508.6628951395136
62.11789762751657 807.4815007381563
62.18183360445215 928.8957367025984
62.24576958138773 734.3231910215278
62.30970555832332 370.92299829205166
62.3736415352589 210.4332252389437
62.43757751219449 502.43576891825194
62.50151348913007 1089.6171885018643
62.56544946606566 1497.79544207418
62.62938544300124 1357.632263970393
62.693321419936815 757.7808982169228
62.7572573968724 164.89129870020443
62.82119337380799 23.970721956699887
62.885129350743576 421.5205904944413
62.94906532767916 1095.2198626492755
63.01300130461475 1741.617865894161
63.07693728155033 2229.9909968850257
63.14087325848591 2536.776824067809
63.204809235421486 2589.815288354208
63.26874521235708 2254.649660304616
63.33268118929266 1527.87592315982
63.396617166228246 678.9906686828723
63.46055314316384 106.04026789232383
63.52448912009942 25.698296121143592
63.588425097035 266.85839189103524
63.652361073970575 425.142406085564
63.71629705090617 286.7780207473437
63.78023302784175 72.24571814048805
63.84416900477733 258.29187733082284
63.90810498171293 1101.3865578375016
63.972040958648506 2303.809132781048
64.03597693558409 3182.840802298476
64.09991291251967 3165.4247532246186
64.16384888945525 2241.832097521928
64.22778486639083 1016.3472516240922
64.29172084332642 204.2621494247809
64.355656820262 67.99154612634104
64.41959279719758 320.78102338163507
64.48352877413318 482.4659843993899
64.54746475106876 341.80501475404134
64.61140072800434 91.10569367600226
64.67533670493992 36.925091325594835
64.7392726818755 242.29506511960653
64.80320865881109 465.25468412723194
64.86714463574667 444.20485237971616
64.93108061268227 202.36325942228947
64.99501658961785 22.4553929169369
65.05895256655343 138.50554769310537
65.12288854348901 481.5613648171083
65.1868245204246 746.7518952357314
65.25076049736018 703.6477614234303
65.31469647429576 412.44972375726695
65.37863245123135 144.4418184182092
65.44256842816694 120.18934215483605
65.50650440510252 337.8721568801819
65.5704403820381 633.7835237366768
65.63437635897368 855.7422985677354
65.69831233590926 956.3826985658221
65.76224831284485 959.638527369141
65.82618428978044 896.3755644815529
65.89012026671601 795.534023274888
65.9540562436516 702.7745377055686
66.01799222058719 657.0186758915305
66.08192819752277 644.0107511792675
66.14586417445835 595.626169083617
66.20980015139394 450.200354480034
66.27373612832953 231.96122820902303
66.33767210526511 56.672460795984826
66.4016080822007 21.700406252807532
66.46554405913628 109.46266361574554
66.52948003607186 226.66586701620545
66.59341601300744 313.85218442838834
66.65735198994302 394.63735194640975
66.72128796687862 525.2110895353624
66.7852239438142 718.0003388983873
66.84915992074977 930.6993067992184
66.91309589768537 1115.4323106825916
66.97703187462095 1252.006655541063
67.04096785155653 1326.9035496842648
67.10490382849211 1304.5177697413644
67.16883980542771 1170.9437397362
67.23277578236329 1026.0026203506131
67.29671175929887 1064.5176626472835
67.36064773623445 1396.7003441761383
67.42458371317004 1868.1115552619651
67.48851969010562 2075.5134852216866
67.5524556670412 1690.5527787638127
67.6163916439768 868.7398982048492
67.68032762091238 255.00975142458444
67.74426359784796 537.4083417335206
67.80819957478353 1919.8136081930604
67.87213555171913 3841.7485269745607
67.93607152865471 5284.441868680923
68.00000750559029 5536.985848411853
68.06394348252589 4614.866214926982
68.12787945946147 3066.13544247838
68.19181543639705 1596.3020568428958
68.25575141333263 688.8307089224695
68.31968739026821 359.60921114724664
68.3836233672038 305.3978478881886
68.44755934413938 258.6159911902208
68.51149532107497 151.1177214744487
68.57543129801056 53.363059004286846
68.63936727494614 50.36181577303943
68.70330325188172 166.73972473686223
68.7672392288173 381.34609784456694
68.83117520575288 659.0556555920986
68.89511118268847 937.3604569714083
68.95904715962406 1117.7294518415706
69.02298313655965 1098.3875505265728
69.08691911349523 843.6238339977738
69.15085509043081 468.533596077554
69.21479106736639 214.370013753478
69.27872704430197 255.28973409552967
69.34266302123756 541.2757130769185
69.40659899817315 841.3292399810447
69.47053497510873 915.1492508853532
69.53447095204432 708.3776296136926
69.5984069289799 414.3631664108056
69.66234290591548 276.4020741347252
69.72627888285106 347.7165662145659
69.79021485978664 484.82678178440955
69.85415083672224 516.6115470175981
69.91808681365782 403.2555117474761
69.9820227905934 257.6196634236616
70.04595876752899 206.49974179334876
70.10989474446457 261.37472547205846
70.17383072140015 358.2505010900442
70.23776669833573 483.1091993025119
70.30170267527133 696.3425445117298
70.36563865220691 1008.3306617025206
70.4295746291425 1252.111354168222
70.49351060607808 1172.164683727401
70.55744658301366 721.4297884106097
70.62138255994924 203.5236167115548
70.68531853688482 54.762460662758045
70.74925451382042 491.865795387898
70.813190490756 1285.0929965456753
70.87712646769158 1887.3416270969888
70.94106244462716 1942.3786531418195
71.00499842156275 1569.7366256839157
71.06893439849833 1096.8117368602855
71.13287037543391 728.2005023176174
71.1968063523695 469.14049006087976
71.26074232930509 245.05732545364887
71.32467830624067 86.43594855554633
71.38861428317625 140.35734583688085
71.45255026011183 462.20058611407353
71.51648623704742 871.8581962714329
71.580422213983 1077.1173770035775
71.6443581909186 942.2137400388518
71.70829416785418 606.2895047992465
71.77223014478976 327.7570012205137
71.83616612172534 239.90114443117952
71.90010209866092 266.71491343088275
71.9640380755965 253.44242024735337
72.02797405253209 147.2802708516084
72.09191002946768 33.48104180028518
72.15584600640327 18.944550520156664
72.21978198333885 123.00944817204588
72.28371796027443 286.4695169851322
72.34765393721001 449.2945956337031
72.41158991414558 590.9542777936348
72.47552589108116 700.7367372058263
72.53946186801677 742.1385267088806
72.60339784495235 680.1657840202284
72.66733382188794 533.6587921061335
72.73126979882352 371.13005357440073
72.7952057757591 254.01732973623544
72.85914175269468 194.4565276053073
72.92307772963025 169.16611620090015
72.98701370656586 164.38318789553298
73.05094968350144 191.5633750417852
73.11488566043703 254.46518749671145
73.17882163737261 314.4781065422528
73.24275761430819 311.4936826003086
73.30669359124377 230.9692995079348
73.37062956817934 139.92979201107352
73.43456554511496 143.87958499099443
73.49850152205053 306.4684096021677
73.56243749898611 602.4512569409104
73.6263734759217 931.7035928473895
73.69030945285726 1176.991993843874
73.75424542979286 1264.6967329768809
73.81818140672844 1190.1199782632948
73.88211738366404 1002.7568448140572
73.94605336059962 779.910745944446
74.0099893375352 610.4540344499153
74.07392531447078 576.1462597342694
74.13786129140637 707.5959003056071
74.20179726834195 933.7188710252237
74.26573324527753 1083.4004399071766
74.32966922221313 976.3468390444118
74.39360519914872 579.7013813072004
74.45754117608429 133.06408360485995
74.52147715301987 90.42632053580061
74.58541312995546 831.9314563309608
74.64934910689102 2353.7840468765635
74.71328508382662 4200.223653277255
74.7772210607622 5659.54407090534
74.8411570376978 6096.41831513534
74.9050930146334 5302.8348363121695
74.96902899156896 3657.3448467216526
75.03296496850454 1908.577722788959
75.09690094544013 748.830619624408
75.16083692237571 482.453295329574
75.22477289931129 913.15605679696
75.28870887624689 1489.2581658399351
75.35264485318247 1669.6605387604552
75.41658083011805 1287.8918396949468
75.48051680705363 626.8798790243608
75.54445278398921 129.40527926310588
75.60838876092478 8.315136882990323
75.67232473786038 120.06700709037077
75.73626071479597 192.64134115846448
75.80019669173156 145.3557353156917
75.86413266866715 148.0295234590756
75.92806864560272 358.12841967850494
75.9920046225383 671.9088027581392
76.05594059947389 815.7581485304316
76.11987657640947 665.1864795117501
76.18381255334505 411.8168425550051
76.24774853028065 378.6144400057516
76.31168450721623 656.2517021399069
76.37562048415182 982.7224781292578
76.43955646108739 1047.6517613966769
76.50349243802297 858.6575147802755
76.56742841495857 736.0655599448241
76.63136439189414 957.1697755548512
76.69530036882973 1440.9892680908868
76.75923634576532 1808.7733024947167
76.8231723227009 1756.2161950542832
76.88710829963648 1328.4866942358667
76.95104427657206 800.339106013075
77.01498025350764 376.7130059916999
77.07891623044323 119.80517184440131
77.14285220737882 94.70590622240056
77.2067881843144 444.8041035120668
77.27072416124999 1221.0201989604589
77.33466013818558 2116.6729161589287
77.39859611512115 2549.3529653970304
77.46253209205673 2153.786941503609
77.52646806899233 1192.7455798871827
77.5904040459279 470.93679759639514
77.6543400228635 729.5013792095982
77.71827599979908 1987.5316017169516
77.78221197673466 3467.9381655146008
77.84614795367024 4178.70665483306
77.91008393060582 3658.9823489063856
77.9740199075414 2293.682451039532
78.03795588447699 921.7175279830007
78.10189186141258 172.5355537475566
78.16582783834816 147.2522903989511
78.22976381528375 533.8800328477097
78.29369979221933 926.8195285013398
78.35763576915491 1101.7356080889024
78.42157174609049 1059.732176334927
78.48550772302607 894.6262221234196
78.54944369996167 679.399267258253
78.61337967689725 448.2356240417671
78.67731565383284 230.129618479938
78.74125163076842 69.805454455407
78.80518760770401 2.8872591771777647
78.86912358463958 15.397624484720213
78.93305956157516 48.1800004008196
78.99699553851077 53.73890262530789
79.06093151544634 41.77323366492072
79.12486749238192 57.13605184672468
79.1888034693175 114.88289574176372
79.2527394462531 170.5636962558439
79.31667542318867 168.95318029150587
79.38061140012425 121.9188434432392
79.44454737705983 110.06035202123132
79.50848335399543 186.8878875046805
79.57241933093101 298.92442613183044
79.6363553078666 325.3876863853624
79.70029128480219 216.81835946192703
79.76422726173777 86.48636482018765
79.82816323867334 111.29298046994232
79.89209921560892 330.76774647793866
79.95603519254452 581.511149660619
80.0199711694801 641.0852633722329
80.08390714641568 449.56458747435533
80.14784312335128 186.4849818766992
80.21177910028686 87.833389196612
80.27571507722243 198.08146633946737
80.33965105415801 340.2364279012653
80.4035870310936 321.44643151573405
80.4675230080292 147.43299056785727
80.53145898496477 20.45005630647031
80.59539496190035 127.08177581628127
80.65933093883595 441.6910558109945
80.72326691577153 742.1226833294813
80.7872028927071 818.5045360177025
80.85113886964268 653.1930388258324
80.91507484657828 394.39049003868575
80.97901082351386 195.51061753238156
81.04294680044946 103.14636348882304
81.10688277738502 75.95141041694934
81.17081875432062 73.11429252292525
81.23475473125619 99.55315194787072
81.29869070819177 172.77734803751434
81.36262668512737 273.13324398108284
81.42656266206296 348.680427809565
81.49049863899855 364.2336563096849
81.55443461593411 324.632907498294
81.61837059286971 257.6652718132089
81.68230656980529 197.66198725645307
81.74624254674086 185.55541065786775
81.81017852367644 265.82332995997155
81.87411450061204 456.23951852258153
81.93805047754763 703.6687239595987
82.00198645448322 884.9084431669662
82.06592243141878 882.2442160446308
82.12985840835438 677.3053697929557
82.19379438528995 374.70889344908574
82.25773036222553 125.36283151866316
82.32166633916113 13.339215540377392
82.38560231609671 11.429784809543431
82.4495382930323 37.161701292459725
82.51347426996787 37.1585610475801
82.57741024690345 16.637693321910238
82.64134622383905 2.3568121365925045
82.70528220077462 0.09824969612739964
82.76921817771021 0.6602851377668937
82.8331541546458 13.199784728894416
82.8970901315814 67.6637810348054
82.96102610851698 169.19511015697685
83.02496208545254 263.0491911637554
83.08889806238814 271.3648883002562
83.15283403932371 173.1125497335426
83.21677001625929 48.50958412314298
83.28070599319489 31.23004171999191
83.34464197013048 190.5870053877719
83.40857794706606 462.5493247880772
83.47251392400163 700.1823641115946
83.53644990093721 780.760513856483
83.60038587787281 683.81588590823
83.66432185480838 490.00284390396394
83.72825783174397 302.793639668586
83.79219380867957 175.56473515834986
83.85612978561515 111.36158426384702
83.92006576255073 103.1648220606288
83.9840017394863 157.3888457071756
84.04793771642188 286.15482843549285
84.11187369335747 484.2263842512408
84.17580967029306 711.8804984781201
84.23974564722867 899.7624529117969
84.30368162416424 980.7152568220766
84.36761760109982 930.7164863697648
84.43155357803539 793.233379518963
84.49548955497097 668.2546007750512
84.55942553190657 643.8964830829992
84.62336150884214 700.7568684549157
84.68729748577775 707.137256316606
84.75123346271333 551.0675653239429
84.81516943964891 274.1756723591614
84.8791054165845 59.48889203804234
84.94304139352006 77.51017110743089
85.00697737045564 319.30592480546994
85.07091334739123 575.2125448344941
85.13484932432684 615.5298996017564
85.19878530126243 411.10690269582005
85.262721278198 154.00595956140748
85.32665725513358 63.13850583265343
85.39059323206915 183.81492323385453
85.45452920900473 361.08375730769166
85.51846518594031 402.1117877931444
85.58240116287593 266.71137477101564
85.64633713981151 85.31107431408697
85.71027311674709 3.833875917147868
85.77420909368267 42.58200586250298
85.83814507061825 107.29689968541292
85.90208104755382 111.06776508076403
85.9660170244894 59.20389011481367
86.02995300142501 18.852654105218615
86.0938889783606 35.00402660711047
86.15782495529618 99.15933308470856
86.22176093223176 192.96964825875685
86.28569690916734 319.76255562496334
86.34963288610291 468.66647772789895
86.41356886303849 572.0028317717391
86.4775048399741 534.552383814071
86.54144081690968 335.67428521503626
86.60537679384527 97.7154571040035
86.66931277078083 9.76550312961658
86.73324874771643 153.42558143109179
86.79718472465201 406.2019006621112
86.86112070158758 545.2718865075902
86.92505667852319 460.185956536776
86.98899265545877 251.03528426813105
87.05292863239436 124.75304621601704
87.11686460932994 188.9122793480944
87.18080058626552 342.64756126798693
87.2447365632011 397.15669622658675
87.30867254013667 280.4958151178161
87.3726085170723 98.98821121939048
87.43654449400786 26.848990865335992
87.50048047094344 131.22182008887052
87.56441644787903 305.4547171635503
87.6283524248146 386.1500994668212
87.69228840175019 303.9328471089136
87.75622437868577 130.90395955796203
87.82016035562138 12.732265972416696
87.88409633255695 39.682515828652896
87.94803230949253 186.0975898621288
88.01196828642811 362.82690526982054
88.0759042633637 488.6415758309277
88.13984024029926 529.8219468962541
88.20377621723486 506.8743323655672
88.26771219417044 463.5872723469397
88.33164817110605 432.52093619655983
88.39558414804162 429.160046697781
88.4595201249772 459.5059785473737
88.52345610191279 520.8926230045603
88.58739207884835 596.8051768976297
88.65132805578395 656.1728581111422
88.71526403271953 665.2606206364303
88.77920000965511 607.5561611241774
88.84313598659072 495.94376681431504
88.90707196352629 366.636021968036
88.97100794046187 257.84914195771773
89.03494391739746 189.73751516277267
89.09887989433302 166.13696835720444
89.16281587126862 193.3989400719261
89.2267518482042 280.5011963936169
89.29068782513981 404.19720859499
89.35462380207538 488.40461060220497
89.41855977901096 453.4860863288884
89.48249575594654 299.08168723137527
89.54643173288211 143.780410850767
89.61036770981772 172.0545606974137
89.67430368675329 472.33571660220616
89.73823966368889 905.7158834488131
89.80217564062448 1192.2865933113408
89.86611161756005 1131.7108377464062
89.93004759449563 751.1699476752927
89.99398357143122 291.2682018041775
90.05791954836681 24.979235986667874
90.1218555253024 54.73409602417522
90.18579150223795 275.84253553537485
90.24972747917357 498.58067557793333
90.31366345610914 596.7288739562775
90.37759943304472 559.4964159145233
90.4415354099803 444.84102974358416
90.5054713869159 334.4520406706912
90.56940736385148 301.919183303368
90.63334334078705 386.4129617015096
90.69727931772265 584.6709580994559
90.76121529465824 821.8003334258696
90.8251512715938 966.0859844674734
90.8890872485294 937.4200146772995
90.95302322546499 765.9468124843214
91.01695920240056 547.1562847283624
91.08089517933615 375.71641957971343
91.1448311562717 285.7373649567447
91.20876713320733 242.45339382230372
91.2727031101429 206.84220748128607
91.33663908707848 184.72065219961087
91.40057506401408 203.62705729869816
91.46451104094965 261.17793875206763
91.52844701788524 310.3847480373746
91.59238299482081 299.4609139253822
91.6563189717564 221.2088762512418
91.72025494869199 122.50470666386884
91.78419092562757 65.23116384912235
91.84812690256317 72.03275306481159
91.91206287949875 111.95301630627299
91.97599885643432 138.98651318896205
92.03993483336993 138.44474347888072
92.10387081030547 138.37627943281456
92.16780678724109 173.7350195497091
92.23174276417664 235.6580292295704
92.29567874111224 270.0951497989123
92.35961471804784 233.6245268532093
92.42355069498339 143.93729398264088
92.487486671919 77.40350830127667
92.55142264885458 109.40044555777916
92.61535862579017 240.9026581982781
92.67929460272575 388.4812307899848
92.74323057966134 451.29090342899286
92.80716655659693 390.56399890718626
92.8711025335325 256.76370486561734
92.93503851046809 134.18037841555295
92.99897448740369 61.957737217460966
93.06291046433923 28.236560973333656
93.12684644127485 21.82510560884901
93.19078241821043 70.24569574069221
93.254718395146 227.34761841906683
93.3186543720816 503.9894206693235
93.38259034901715 821.8585859986724
93.44652632595277 1057.7228548949593
93.51046230288834 1116.4088404766387
93.57439827982392 977.7766953959898
93.63833425675952 709.7206276579127
93.7022702336951 422.4502478588242
93.76620621063068 199.036456659826
93.83014218756625 71.04598032525428
93.89407816450185 33.629090753634
93.95801414143745 64.10466209797289
94.021950118373 134.61113823025335
94.08588609530862 217.6718153896589
94.14982207224419 284.1281288967376
94.21375804917976 304.1580297491271
94.27769402611536 262.61272336232685
94.34163000305091 174.59765259693617
94.40556597998655 80.65414892297646
94.4695019569221 28.5114173058344
94.5334379338577 49.20028204468327
94.59737391079328 130.41124646224043
94.66130988772886 216.27577272694808
94.72524586466444 249.9414265777071
94.78918184160001 215.4014529774324
94.85311781853562 140.58233978659817
94.9170537954712 69.1579468830234
94.98098977240679 26.917266143725037
95.04492574934237 12.024253946387004
95.10886172627795 13.149676143616208
95.17279770321352 27.792750605559046
95.23673368014911 59.59206930729695
95.30066965708467 101.93339359642916
95.36460563402031 132.1755373933233
95.42854161095588 126.38249838368235
95.49247758789144 81.50059353451803
95.55641356482705 25.430979109365087
95.62034954176262 0.7966932136874914
95.6842855186982 33.503418865605525
95.74822149563377 114.53862179845584
95.81215747256935 203.77440845226704
95.87609344950496 252.4847726437896
95.94002942644055 236.3073229828896
96.00396540337613 172.4014531214614
96.06790138031171 108.17079171438988
96.13183735724728 96.81542448254736
96.19577333418287 169.92782541125322
96.25970931111843 317.2013035445971
96.32364528805405 493.50604922146096
96.38758126498963 649.7845706192368
96.4515172419252 759.680756530495
96.5154532188608 828.2433755414038
96.57938919579638 883.1920845456408
96.64332517273196 950.745062557076
96.70726114966753 1031.7726381238574
96.77119712660314 1099.35371609588
96.83513310353872 1115.812667233596
96.8990690804743 1048.891624082724
96.96300505740989 881.3044202155489
97.02694103434547 627.5826813366971
97.09087701128104 347.37173884986737
97.15481298821663 123.26367399518185
97.21874896515224 14.22120690587354
97.28268494208781 21.262646488293647
97.3466209190234 83.36040600830694
97.41055689595896 116.70286438879504
97.47449287289456 81.96021884157771
97.53842884983014 19.888955083152343
97.60236482676572 17.38751130785154
97.66630080370132 126.07437449976324
97.7302367806369 298.97440345794104
97.79417275757248 413.2663055570627
97.85810873450806 375.2641039962727
97.92204471144365 212.6056562993832
97.98598068837923 59.83743437882767
98.0499166653148 46.15687145262106
98.1138526422504 185.14354060373716
98.177788619186 358.9718924682843
98.24172459612157 416.78410033254806
98.30566057305715 312.0332385567166
98.36959654999272 143.71665332981365
98.43353252692832 56.70192355207718
98.49746850386389 111.51432482609354
98.56140448079948 242.50015270418413
98.62534045773508 325.673686001718
98.68927643467066 292.6568610915846
98.75321241160624 184.18832963289847
98.81714838854182 97.0307073530611
98.8810843654774 96.17927393405442
98.94502034241299 184.8448864439652
99.00895631934857 340.4016095385411
99.07289229628417 548.9221453805002
99.13682827321975 787.822060012893
99.20076425015533 986.1241305276296
99.26470022709091 1032.1267457314516
99.32863620402648 856.7395986231347
99.39257218096208 522.9859948145752
99.45650815789767 206.0357736977921
99.52044413483324 58.93497286935965
99.58438011176884 94.7975897504234
99.64831608870442 196.4875627500681
99.71225206564 234.85384819512583
99.77618804257558 175.33454938329794
99.84012401951117 77.632744065858
99.90405999644675 13.10839114887729
99.96799597338233 1.8668176301992307
100.03193195031793 30.162111870637155
100.0958679272535 101.41101177370516
100.15980390418908 233.90622610835683
100.22373988112469 403.6228641658242
100.28767585806024 519.133677279984
100.35161183499584 486.87777899562207
100.41554781193145 312.9568998502441
100.479483788867 123.72858123404716
100.5434197658026 62.472152903915806
100.60735574273816 160.13610060930523
100.67129171967376 312.8365898057071
100.73522769660934 382.9675733759561
100.79916367354492 318.30825637478216
100.86309965048052 178.9352601649558
100.9270356274161 60.94945629467892
100.99097160435169 9.223998984819032
101.05490758128725 4.900215535584118
101.11884355822284 11.867279068029733
101.18277953515845 13.920160397995465
101.24671551209401 12.651811224537337
101.3106514890296 10.184902002896
101.3745874659652 6.772827125652438
101.43852344290076 7.886459517480666
101.50245941983636 20.721638098844387
101.56639539677192 42.171939159469275
101.63033137370752 58.45818848437765
101.69426735064312 61.233785392879646
101.75820332757868 57.43403015460488
101.82213930451428 57.3864538253978
101.88607528144986 59.972463009449726
101.95001125838544 61.231918512352486
102.01394723532103 73.6856663575926
102.0778832122566 116.81011999556952
102.1418191891922 177.796026704838
102.20575516612779 196.78471113052836
102.26969114306335 126.14782649563703
102.33362711999897 21.09527985991848
102.39756309693452 40.380883878690575
102.46149907387012 312.4064550522165
102.52543505080568 777.1071399842942
102.58937102774128 1177.7459750111634
102.65330700467688 1255.5868214734387
102.71724298161244 970.6319849182493
102.78117895854804 531.6821247845617
102.84511493548362 216.74285966779752
102.9090509124192 148.2021188474733
102.97298688935479 228.79550891154017
103.03692286629038 282.96969888059084
103.10085884322596 230.55422639580783
103.16479482016155 124.57432579532247
103.22873079709711 56.07532199049356
103.29266677403272 51.53139258715619
103.35660275096828 65.07733444551225
103.42053872790387 48.563747061303616
103.48447470483949 14.149994684549547
103.54841068177504 27.841040228179185
103.61234665871063 149.9398793266353
103.6762826356462 384.23374832677536
103.7402186125818 661.9900874223318
103.80415458951738 867.0210883675308
103.86809056645296 900.161599253706
103.93202654338856 744.6942312022736
103.99596252032414 484.8598891853703
104.05989849725972 249.011968265986
104.1238344741953 112.21735678895108
104.18777045113087 57.372787484453454
104.25170642806646 31.585161487498276
104.31564240500204 30.14598598777732
104.37957838193763 110.80508032335769
104.44351435887324 309.27445867110407
104.5074503358088 553.8086022509882
104.5713863127444 693.2327839347073
104.63532228967996 625.175265103758
104.69925826661556 396.5194261843126
104.76319424355114 164.75560328368363
104.82713022048672 57.931157955132825
104.89106619742232 79.22334644923691
104.9550021743579 139.90597985254337
105.01893815129348 167.62231682216316
105.08287412822907 163.80579412652955
105.14681010516465 160.09387813272735
105.21074608210021 159.88340465415592
105.27468205903583 144.83697862818482
105.3386180359714 116.68949769655045
105.40255401290698 110.40529200476688
105.46648998984256 157.9726716053904
105.53042596677815 238.71860576333603
105.59436194371372 283.3563976367548
105.65829792064932 240.8610035466356
105.72223389758491 131.22958977106728
105.78616987452048 29.892789030916266
105.85010585145608 7.01579612995521
105.91404182839166 78.62237035700873
105.97797780532724 206.88587378657863
106.04191378226282 330.89691007879173
106.1058497591984 399.4394243137044
106.169785736134 399.5143844099226
106.23372171306958 358.21004248773966
106.29765769000517 315.9928916100902
106.36159366694073 299.76745823352076
106.42552964387632 307.95150820630647
106.48946562081191 322.0459305899601
106.55340159774748 339.0925033927681
106.61733757468308 376.7253968402956
106.68127355161867 434.3743172865328
106.74520952855424 460.8385309184534
106.80914550548984 387.4340678917045
106.8730814824254 212.9851385616008
106.937017459361 46.56564772875565
107.00095343629658 33.218317108552846
107.06488941323218 211.43473118889173
107.12882539016776 454.34259670302134
107.19276136710334 570.6176701548254
107.25669734403893 470.19259423303293
107.3206333209745 242.38973476177077
107.38456929791008 69.70916831348868
107.44850527484569 58.768842354301206
107.51244125178125 166.6575265905057
107.57637722871684 277.68494709861994
107.64031320565245 320.96530209082584
107.704249182588 310.38508076377246
107.7681851595236 289.09149540783847
107.83212113645916 265.09682395893304
107.89605711339476 216.46289381954796
107.95999309033036 140.35182575415251
108.02392906726593 74.70376436445038
108.08786504420152 65.99041977136277
108.1518010211371 118.37569347146686
108.21573699807269 184.20272151957033
108.27967297500825 209.722598289444
108.34360895194384 183.7896337402861
108.40754492887945 140.71012542444296
108.47148090581501 121.43569800749636
108.5354168827506 133.64220576426172
108.5993528596862 149.25986974055417
108.66328883662176 137.70614382261536
108.72722481355736 98.45853471555462
108.79116079049292 66.20484323653491
108.85509676742852 85.94751304572004
108.91903274436412 173.58690972084327
108.98296872129968 293.9806067973171
109.04690469823528 385.0073045708588
109.11084067517086 409.88014594197574
109.17477665210644 381.2687889050797
109.23871262904203 336.3610223911036
109.30264860597762 295.07181653610314
109.3665845829132 246.68925587875208
109.43052055984877 183.68412396186392
109.49445653678436 138.15062614609323
109.55839251371997 162.22431202656975
109.62232849065552 266.7584048824727
109.68626446759112 390.8701424314308
109.75020044452673 448.0698423244575
109.81413642146228 405.6477583639853
109.87807239839788 311.678470508024
109.94200837533344 245.10626387608832
110.00594435226904 242.79775245802776
110.06988032920462 275.33445142438734
110.1338163061402 289.42547655837626
110.1977522830758 261.89710731215484
110.26168826001138 207.92892217841307
110.32562423694696 152.2662708099863
110.38956021388255 113.25324839443748
110.45349619081811 113.10703292522496
110.51743216775373 176.891343356824
110.58136814468928 298.4114876544728
110.64530412162487 412.52770028166583
110.70924009856049 430.49704223661064
110.77317607549604 320.4933854766449
110.83711205243164 149.005982072474
110.9010480293672 33.82884779785251
110.9649840063028 40.653959894653994
111.02891998323838 122.8182210230106
111.09285596017396 177.9454887840117
111.15679193710956 158.499876506304
111.22072791404514 117.36633417775649
111.28466389098072 152.74195951310463
111.3485998679163 306.6410834932976
111.41253584485187 516.0107665741565
111.47647182178748 666.5896389107572
111.54040779872307 683.6547889560254
111.60434377565863 576.1211969065856
111.66827975259424 424.1821266740437
111.7322157295298 333.4279794373411
111.7961517064654 373.38761599926545
111.86008768340096 530.2272665690747
111.92402366033656 710.2626742695961
111.98795963727216 805.0187190760704
112.05189561420772 773.9797887990065
112.11583159114332 666.7716080013951
112.1797675680789 564.3604752354375
112.24370354501448 503.96963811693286
112.30763952195007 457.3051342346636
112.37157549888563 379.1697190429717
112.43551147582124 277.48561713133097
112.49944745275683 216.72889072513163
112.5633834296924 237.52994105490367
112.62731940662798 290.7261562904563
112.69125538356356 277.5961527766751
112.75519136049915 164.98450067109147
112.81912733743472 45.223732270625526
112.88306331437032 54.744989965151525
112.94699929130591 228.5821289806012
113.01093526824148 447.9070005887904
113.07487124517708 539.1553937212777
113.13880722211266 432.5002883066839
113.20274319904824 223.03357937401464
113.26667917598382 76.24266599397518
113.33061515291942 84.10134172013831
113.394551129855 207.88400879589403
113.45848710679059 339.1207064826119
113.52242308372615 397.568492274029
113.58635906066174 368.4864884790762
113.65029503759732 277.79247403338496
113.71423101453291 162.58048421891442
113.7781669914685 61.766937023873005
113.84210296840408 12.012282772519283
113.90603894533967 26.719474613368188
113.96997492227524 75.46731216517033
114.03391089921084 103.2965337920728
114.09784687614642 81.964672306277
114.161782853082 41.46493413289996
114.2257188300176 40.72923483573901
114.28965480695318 101.69656632039067
114.35359078388876 181.8090455326972
114.41752676082434 216.50666719793347
114.48146273775993 184.50979550712924
114.5453987146955 124.30314423386776
114.60933469163108 86.99426982654879
114.67327066856669 86.60353520507972
114.73720664550225 100.9210769656301
114.80114262243784 107.2222826343349
114.86507859937343 103.78899296097092
114.929014576309 97.30399709695747
114.9929505532446 83.80067352012314
115.05688653018017 56.73838790681556
115.12082250711576 34.8893079977466
115.18475848405136 65.37398195153077
115.24869446098693 178.9981736306188
115.31263043792252 342.4537616834861
115.3765664148581 470.2206543075764
115.44050239179369 491.9204600375471
115.50443836872925 406.1387431316192
115.56837434566484 272.35952557249334
115.63231032260045 158.44206010660233
115.69624629953601 96.30482270453011
115.7601822764716 82.70112860167777
115.8241182534072 107.82472637432674
115.88805423034276 166.74761316621274
115.95199020727836 244.14845046099205
116.01592618421392 305.87256721611425
116.07986216114952 324.1714936145537
116.14379813808512 303.2970200579239
116.20773411502068 264.20417672239086
116.27167009195628 217.13874104010105
116.33560606889186 157.8136449803572
116.39954204582745 87.53600231419824
116.46347802276301 39.00656996577175
116.52741399969862 61.7418768208901
116.5913499766342 164.69993894872488
116.65528595356977 285.52802430835663
116.71922193050536 332.182722667802
116.78315790744097 266.02974900807067
116.84709388437652 138.88282989903485
116.91102986131212 38.29944035645288
116.97496583824773 6.714015717164115
117.03890181518328 19.124194959458272
117.10283779211888 29.215144293042663
117.16677376905444 22.50200690528851
117.23070974599004 14.6626971901257
117.29464572292562 13.827164251184845
117.3585816998612 10.424462356039845
117.4225176767968 6.893018220364324
117.48645365373238 33.15403235892579
117.55038963066796 105.98969233063612
117.61432560760355 180.6106723293561
117.67826158453911 176.91633705075523
117.74219756147473 81.64043583365674
117.80613353841028 14.736027679841811
117.87006951534588 136.18951626656724
117.93400549228149 459.294640989027
117.99794146921704 791.154174999232
118.06187744615264 876.7198325734964
118.1258134230882 625.6174248708053
118.1897494000238 228.87214898904904
118.25368537695938 10.008774912273916
118.31762135389496 112.57640427151127
118.38155733083056 359.3557809518466
118.44549330776614 448.72787683430937
118.50942928470172 275.92939157087403
118.5733652616373 42.98428255505302
118.63730123857287 47.88141550052829
118.70123721550848 376.2062400647704
118.76517319244407 802.7390146336613
118.82910916937963 995.4375161359894
118.89304514631525 821.4910625003308
118.9569811232508 446.7758552039232
119.0209171001864 149.99433086117568
119.08485307712196 70.85628807714673
119.14878905405756 134.22436372776863
119.21272503099316 190.0268168940229
119.27666100792872 192.0339500979488
119.34059698486432 221.65623889159784
119.4045329617999 363.5234834621916
119.46846893873548 585.4742469581396
119.53240491567107 747.453428528777
119.59634089260663 731.2629823887485
119.66027686954224 554.1400136827481
119.72421284647783 356.6959418768644
119.7881488234134 288.1519805599036
119.852084800349 389.97214295634853
119.91602077728456 573.2959014155748
119.97995675422015 698.8791939603096
120.04389273115572 676.0323423288439
120.10782870809132 508.6180821806026
120.17176468502691 281.3900862193181
120.23570066196248 112.33005976872636
120.29963663889808 94.55384528006964
120.36357261583366 245.3725125488574
120.42750859276924 489.2313011873053
120.49144456970483 695.3335539036549
120.55538054664042 751.3780985665571
120.619316523576 629.513695117791
120.68325250051159 403.31938840922265
120.74718847744715 194.89478886137928
120.81112445438274 86.25441792066019
120.87506043131832 71.73523336287738
120.93899640825391 88.31467436056246
121.00293238518952 88.8454987350429
121.06686836212508 93.26169769674925
121.13080433906067 169.68756272140902
121.19474031599624 356.2656723532839
121.25867629293184 598.6688908278707
121.32261226986742 775.2525464785653
121.386548246803 796.228948655032
121.4504842237386 679.3155317178665
121.51442020067418 529.2188388593423
121.57835617760976 446.8224904709112
121.64229215454534 445.6052701864386
121.70622813148093 446.6357323328984
121.7701641084165 367.14860851214377
121.83410008535208 215.19781495159495
121.89803606228767 81.47670100592624
121.96197203922326 40.28732844834283
122.02590801615884 75.81307314748997
122.08984399309443 109.1617728058136
122.15377997003 88.55539701084925
122.2177159469656 44.733210990105135
122.28165192390117 50.23980887004594
122.34558790083676 125.55218106761276
122.40952387777236 203.70892593146505
122.47345985470794 200.21337404651723
122.53739583164352 108.69764156313705
122.6013318085791 15.292800548106744
122.66526778551469 15.31771251874975
122.72920376245025 117.45639373188926
122.79313973938586 234.72858934438776
122.85707571632145 269.9373966763212
122.92101169325701 203.98845968576285
122.9849476701926 99.61477542323463
123.0488836471282 28.319774103395243
123.11281962406376 8.998743569720924
123.17675560099936 21.568693244823777
123.24069157793495 62.041568241140126
123.30462755487052 160.26846025126667
123.36856353180612 332.83948364083926
123.43249950874169 529.0802974395353
123.49643548567728 643.9916842674248
123.56037146261286 596.1508959290489
123.62430743954845 404.76430032228063
123.68824341648404 191.8450032773132
123.75217939341962 86.07142859351299
123.8161153703552 116.93177298095324
123.88005134729077 208.09976223460373
123.94398732422636 255.72033344982663
124.00792330116197 212.5756464289252
124.07185927809752 122.46147198213114
124.13579525503312 72.76788941763118
124.19973123196873 104.50208574974513
124.26366720890428 177.63560678834475
124.32760318583988 218.40199528418452
124.39153916277544 186.48940802581703
124.45547513971104 107.80676637301308
124.51941111664662 49.87191557088069
124.5833470935822 53.876492892333374
124.6472830705178 94.808481933454
124.71121904745338 115.4516938190176
124.77515502438897 88.06865559227691
124.83909100132453 39.21960047181789
124.90302697826012 20.539503344665828
124.96696295519573 55.07228409581407
125.0308989321313 113.30241063220652
125.09483490906688 142.92607235014373
125.15877088600249 117.1003340329258
125.22270686293804 56.66383425518544
125.28664283987364 14.883501091885991
125.3505788168092 40.17894851621452
125.4145147937448 146.32677387153555
125.4784507706804 304.85634183072534
125.54238674761596 455.38924701535217
125.60632272455156 534.2334617849824
125.67025870148714 507.1210347300199
125.73419467842272 387.6160757566431
125.7981306553583 236.50821935930975
125.86206663229387 127.12521970327752
125.92600260922949 90.60534456294916
125.98993858616505 99.83484958065917
126.05387456310063 106.02826421607014
126.11781054003625 84.11751938304258
126.1817465169718 46.63385162161595
126.2456824939074 19.624397728023258
126.30961847084296 13.038372375125283
126.37355444777856 19.328664081263376
126.43749042471416 32.24439096412338
126.50142640164972 54.87189498479248
126.56536237858532 90.95688011267133
126.6292983555209 141.4219037972348
126.69323433245648 215.9248151787235
126.75717030939207 341.9307583304479
126.82110628632766 541.0309351268705
126.88504226326324 773.7949362579272
126.94897824019883 927.5782627334122
127.0129142171344 895.9133671025257
127.07685019407 671.6588086155219
127.14078617100556 363.9944195424794
127.20472214794115 124.82740118274604
127.26865812487677 29.669839882221943
127.33259410181232 32.98638832860479
127.39653007874792 58.78869987118009
127.46046605568348 103.62492979802472
127.52440203261908 232.49793493940064
127.58833800955466 474.2470987705058
127.65227398649024 722.1381424739121
127.71620996342584 786.194761786651
127.78014594036142 576.4625820909612
127.844081917297 223.6168438619706
127.90801789423259 6.090540840567992
127.97195387116815 122.57588351568276
128.03588984810375 513.975368612052
128.09982582503935 910.614090260696
128.1637618019749 1044.2500378542989
128.2276977789105 847.0528906187408
128.29163375584608 486.6827438887492
128.35556973278167 208.03222006985865
128.41950570971727 147.9713214559675
128.48344168665284 288.53627189216166
128.54737766358843 532.6470268329865
128.611313640524 791.9020165407853
128.6752496174596 1006.7035022845168
128.73918559439517 1118.879622689784
128.80312157133076 1071.2297596776039
128.86705754826636 848.4250773716734
128.93099352520193 515.1959232730023
128.99492950213752 203.5283105302435
129.0588654790731 34.75415363047165
129.1228014560087 36.75248374250063
129.18673743294423 134.0717433251521
129.25067340987985 214.80475261525868
129.31460938681545 214.39827794337623
129.378545363751 150.20753493512123
129.4424813406866 84.2410064202383
129.50641731762218 59.92934353428377
129.57035329455775 73.27826143029982
129.63428927149334 90.86622563694105
129.69822524842894 88.89289100481857
129.7621612253645 76.92242203337366
129.8260972023001 82.70546906121649
129.8900331792357 117.10857538525
129.95396915617127 161.55701833200735
130.01790513310686 186.61270955819157
130.08184111004243 176.2209524510093
130.14577708697803 136.35000536041989
130.20971306391363 85.15283034630973
130.2736490408492 40.688133054616095
130.3375850177848 21.61632840992422
130.40152099472036 52.22568967614018
130.46545697165595 152.37459303628685
130.52939294859152 309.66078743631834
130.59332892552712 464.34979636471746
130.6572649024627 536.9518173162865
130.72120087939828 483.0658938906832
130.78513685633388 334.3528131853077
130.84907283326945 182.6505940006272
130.91300881020504 101.62788698179052
130.9769447871406 86.06972871226243
131.0408807640762 80.31825794640427
131.1048167410118 51.601264569655285
131.16875271794737 25.620381472765214
131.23268869488297 50.423805274255486
131.2966246718185 125.72801979382248
131.36056064875413 185.62391105019057
131.42449662568967 164.03101482720513
131.48843260262527 72.06410033873078
131.5523685795609 2.60294058017628
131.61630455649643 42.607104711463535
131.68024053343203 180.74706410094544
131.74417651036762 315.3683534767731
131.8081124873032 345.549704024892
131.8720484642388 255.11535493121244
131.93598444117438 119.27634482312872
131.99992041810995 26.135215960879982
132.06385639504555 1.0574144076173104
132.12779237198114 10.755158719210563
132.1917283489167 16.593621994011677
132.2556643258523 10.334137093501036
132.31960030278788 4.821056722005964
132.38353627972347 7.1398398149248505
132.44747225665907 15.747367757642955
132.51140823359464 38.96684323108384
132.57534421053023 99.68648136077526
132.6392801874658 209.14228678035371
132.7032161644014 336.9208350632544
132.76715214133696 417.79434475647776
132.83108811827256 398.7539351881065
132.89502409520816 284.4132503638846
132.95896007214373 136.20743636557248
133.02289604907932 28.648229113331336
133.0868320260149 1.8411045283318768
133.15076800295049 42.72406823704449
133.21470397988605 103.46662216315572
133.27863995682165 137.0033117231049
133.34257593375725 123.84135300399524
133.4065119106928 79.37792328146355
133.4704478876284 39.59822774380268
133.53438386456395 34.26936485257214
133.59831984149957 64.87124119011382
133.66225581843514 103.92628141824557
133.7261917953707 118.58253696007029
133.7901277723063 98.69417341058023
133.8540637492419 67.4739107393902
133.91799972617747 64.87606728417275
133.98193570311307 113.7367847145256
134.04587168004866 197.17022106171743
134.10980765698423 267.1161978409322
134.17374363391983 277.99266573798576
134.23767961085542 217.3425931503081
134.301615587791 114.62715332051548
134.3655515647266 28.06771585974169
134.42948754166216 8.020399568701865
134.49342351859775 58.22931309413363
134.55735949553332 134.45451824983292
134.62129547246892 181.11277314681288
134.6852314494045 173.5483195366438
134.74916742634008 132.43212073166373
134.81310340327568 94.54469916339374
134.87703938021124 71.64551392913884
134.94097535714684 49.95733303049105
135.0049113340824 25.94668581449652
135.068847311018 25.352023964479375
135.1327832879536 82.37388746460685
135.19671926488917 200.48379624742296
135.26065524182476 336.17573272995645
135.32459121876033 434.5152579175665
135.38852719569593 482.8749372751826
135.45246317263147 514.6453867604046
135.5163991495671 552.5493524584836
135.5803351265027 564.0939417385948
135.64427110343823 491.0946706802513
135.70820708037385 319.9225481436572
135.77214305730942 120.21639345392204
135.836079034245 8.748495069303106
135.90001501118059 54.52359643707949
135.96395098811618 221.40832686568396
136.02788696505175 407.07373755480944
136.09182294198735 520.8610999825023
136.15575891892294 530.7710501514972
136.2196948958585 453.7782358628854
136.2836308727941 318.59010189021063
136.34756684972967 159.76741521654543
136.41150282666527 34.96825571717206
136.47543880360087 10.945256109960448
136.53937478053643 113.86101198959116
136.60331075747203 289.7395338641884
136.6672467344076 425.1263653651468
136.7311827113432 427.3881115685499
136.79511868827876 298.0776739008797
136.85905466521436 129.9035233964492
136.92299064214995 26.427070693574972
136.98692661908552 22.24766748094384
137.05086259602112 75.62446088632451
137.1147985729567 123.55333200451759
137.17873454989228 140.20015627151227
137.24267052682785 146.89368179565864
137.30660650376345 168.38375631869943
137.37054248069904 193.24449559408745
137.4344784576346 186.97142378481072
137.4984144345702 134.25273178450092
137.56235041150575 61.00510049856622
137.62628638844137 14.09890821506264
137.6902223653769 18.42030564490203
137.7541583423125 57.74115709736583
137.81809431924813 97.2176939656269
137.8820302961837 118.52519221966608
137.94596627311927 130.09274222177416
138.00990225005486 143.00272089667092
138.07383822699046 148.21149471189375
138.13777420392603 129.90262169118256
138.20171018086162 92.14259877699192
138.26564615779722 58.135818486393966
138.3295821347328 42.98156728128571
138.39351811166839 35.81311378147608
138.45745408860395 21.0457547058542
138.52139006553955 18.001836413659873
138.58532604247512 78.44478628401689
138.6492620194107 225.02004204187696
138.7131979963463 394.67719112130743
138.77713397328188 464.8106515911997
138.84106995021747 365.00076927314046
138.90500592715304 167.1678590365392
138.96894190408864 34.146879895128414
139.0328778810242 62.78228199327396
139.0968138579598 187.79617366657328
139.1607498348954 251.13539687499576
139.22468581183097 173.57410162293223
139.28862178876656 43.391650548279344
139.35255776570213 21.31021098527072
139.41649374263773 167.50529790682376
139.48042971957327 366.75645802253433
139.5443656965089 437.15633262123606
139.6083016734445 317.80550997065484
139.67223765038003 121.83633783742492
139.73617362731565 12.659839987994664
139.8001096042512 54.7323214765852
139.8640455811868 173.6709806716418
139.92798155812238 248.07880217517808
139.99191753505795 226.61622838880376
140.05585351199355 147.3957849491266
140.11978948892914 70.06282780351849
140.1837254658647 20.33710990917528
140.2476614428003 1.849282852994227
140.3115974197359 31.744830451324425
140.37553339667147 135.98807283289415
140.43946937360707 307.26923685812545
140.50340535054266 482.4071066575301
140.56734132747823 585.8025525651118
140.63127730441383 591.5730286805019
140.6952132813494 526.7098376052977
140.759149258285 434.75588792270895
140.82308523522056 341.83770304601313
140.88702121215616 247.87213250937097
140.95095718909175 159.829492719297
141.01489316602732 108.31172333846528
141.07882914296292 109.69248908405328
141.14276511989848 139.94498274281779
141.20670109683408 154.2560462224432
141.27063707376965 126.70067229656237
141.33457305070525 76.08029909567757
141.39850902764084 44.04059017593603
141.4624450045764 48.76716236207932
141.526380981512 71.22424185514373
141.59031695844757 80.07919766992096
141.65425293538317 62.61591465167884
141.7181889123187 33.15530539297499
141.78212488925433 16.201455694470486
141.84606086618993 27.567587427562408
141.90999684312547 68.82651865195004
141.9739328200611 130.24159973733197
142.03786879699666 190.3419713334795
142.10180477393223 216.629011205378
142.16574075086783 184.23157358390097
142.22967672780342 105.3231806110896
142.293612704739 37.553517229629854
142.3575486816746 49.72667026510167
142.42148465861018 166.17504167421467
142.48542063554575 336.97012276053334
142.54935661248135 461.0517956827589
142.61329258941691 459.5223643480144
142.6772285663525 340.3550421459394
142.7411645432881 188.62367297925664
142.80510052022368 103.20415299554212
142.86903649715927 126.13196836070408
142.93297247409484 207.84192852037108
142.99690845103044 257.609717643619
143.060844427966 227.18720588875087
143.1247804049016 141.27721575721665
143.1887163818372 68.51796829703852
143.25265235877276 54.23924926519198
143.31658833570836 77.09887333842208
143.38052431264393 87.44736542967377
143.44446028957952 77.84464984207146
143.5083962665151 103.41067084244428
143.5723322434507 225.91735563020407
143.63626822038628 434.006681208064
143.70020419732185 627.9854939834336
143.76414017425745 689.3688253523685
143.828076151193 577.5730282811243
143.8920121281286 365.6475835831627
143.95594810506418 171.50647565943345
144.01988408199975 61.06573449369699
144.08382005893537 24.20342939609292
144.14775603587094 22.803975798901632
144.2116920128065 42.53106898571198
144.2756279897421 95.76825254208977
144.3395639666777 185.20846574314936
144.40349994361327 284.15424413876747
144.46743592054887 360.6749538297887
144.53137189748446 409.43479090862127
144.59530787442003 448.2840536045208
144.65924385135563 485.8360739709645
144.7231798282912 500.0830449031388
144.7871158052268 457.7635629945738
144.85105178216236 355.1815576432106
144.91498775909795 228.92434115075773
144.97892373603355 124.65882589911904
145.04285971296912 61.36807167420993
145.10679568990471 27.246039503440183
145.17073166684028 8.809608796476931
145.23466764377588 12.367970833676676
145.29860362071145 46.19726677147607
145.36253959764704 92.78159482820534
145.42647557458264 114.30592962756512
145.4904115515182 88.82344344019546
145.5543475284538 38.2344871863162
145.61828350538937 11.738763627276596
145.68221948232497 35.76102342038968
145.7461554592605 86.93647758431828
145.81009143619613 119.02781713241097
145.87402741313173 112.85442875693036
145.93796339006727 93.91543349740888
146.0018993670029 98.75526112071245
146.06583534393843 133.01731462726855
146.12977132087403 166.68862072014727
146.19370729780962 164.6438095143872
146.25764327474522 122.74888950066789
146.3215792516808 71.85470982469373
146.38551522861638 44.16482136887954
146.44945120555198 44.789049315727766
146.51338718248755 55.29731978963972
146.57732315942314 55.12959721017514
146.6412591363587 38.66014969396394
146.7051951132943 15.988888331303702
146.7691310902299 3.166454850370333
146.83306706716547 13.671286540208715
146.89700304410107 53.08799031290721
146.96093902103664 112.74255792629477
147.02487499797223 166.1024679276686
147.0888109749078 180.91636007369
147.1527469518434 143.7884994336133
147.216682928779 75.15745388999807
147.28061890571456 17.954118615885204
147.34455488265016 2.245198083664535
147.40849085958573 18.761091177008822
147.47242683652132 33.72013606907027
147.5363628134569 30.179462063716883
147.6002987903925 34.87166421397407
147.66423476732808 100.5031769446868
147.72817074426365 249.73538958720135
147.79210672119925 431.9689886496676
147.8560426981348 541.6697953063008
147.9199786750704 494.4805818908269
147.98391465200595 302.1936018787295
148.04785062894155 83.59276015458856
148.11178660587717 3.6625911271983327
148.1757225828127 168.6730962517299
148.2396585597483 532.3943536584555
148.3035945366839 907.0572173162128
148.36753051361947 1085.6950398638107
148.43146649055507 966.7619612407644
148.49540246749066 614.899464462995
148.55933844442623 233.29745011245643
148.62327442136183 28.825266759366794
148.68721039829742 64.11061964476545
148.751146375233 235.9076061987379
148.8150823521686 377.9839234223173
148.87901832910416 386.65498363825566
148.94295430603975 279.0079515669163
149.00689028297535 145.45226249246173
149.07082625991092 56.166737893902805
149.1347622368465 22.84075096168879
149.19869821378208 30.667882107650232
149.26263419071768 77.13998584236249
149.32657016765324 166.06061912660442
149.39050614458884 269.75301617518915
149.45444212152444 323.4789789706068
149.51837809846 277.92372428806425
149.5823140753956 154.75410364511717
149.64625005233117 38.50829193692347
149.71018602926677 0.46757830296530095
149.77412200620233 31.532089444668724
149.83805798313793 61.60861214059685
149.90199396007353 43.2882073071603
149.9659299370091 6.804417648085054
150.0298659139447 23.246068287694367
150.09380189088023 112.98367736516312
150.15773786781585 207.69395074143108
150.22167384475142 217.89789801648968
150.285609821687 134.17985450756433
150.3495457986226 46.19867651299689
150.41348177555818 59.26268944352881
150.47741775249375 199.69894614109663
150.54135372942935 392.3977363997624
150.60528970636494 530.9457503888041
150.6692256833005 571.085948213735
150.7331616602361 531.7386096506956
150.7970976371717 433.80197510734143
150.86103361410727 289.70913795661426
150.92496959104287 130.78585120588187
150.98890556797843 17.59555554316145
151.05284154491403 15.741912615227115
151.1167775218496 133.3272794915686
151.1807134987852 290.59100604697056
151.2446494757208 378.07885963486575
151.30858545265636 342.9393457673109
151.37252142959196 226.5275701328192
151.43645740652752 119.52025430648992
151.50039338346312 72.36321321548334
151.5643293603987 65.41332749657201
151.62826533733428 58.59870606680715
151.69220131426988 37.93360760958323
151.75613729120545 15.738053296171293
151.82007326814104 3.868690151298801
151.8840092450766 4.234206058152709
151.9479452220122 34.198201468575746
152.01188119894775 139.10587915306328
152.07581717588337 352.2600945789334
152.13975315281897 630.7339758965694
152.2036891297545 849.4363132959022
152.26762510669013 896.1451865398395
152.3315610836257 767.4927872109432
152.39549706056127 562.6009354685368
152.45943303749686 404.7346603355956
152.52336901443246 345.8943941485816
152.58730499136803 328.69503146699753
152.65124096830363 270.9186809096271
152.71517694523922 172.51255208773503
152.7791129221748 108.63246516819072
152.84304889911039 136.40529673000623
152.90698487604595 230.1484491288986
152.97092085298155 308.0140843343969
153.03485682991715 311.3044683386978
153.0987928068527 249.27162389189377
153.1627287837883 173.98180852872835
153.22666476072388 120.34544896581892
153.29060073765947 79.54156725946862
153.35453671459504 39.83474195863067
153.41847269153064 34.659234300573544
153.48240866846623 124.70055924469848
153.5463446454018 330.8968084744398
153.6102806223374 584.8288814969231
153.67421659927297 750.6991875453059
153.73815257620856 721.606265344723
153.80208855314413 506.6447611396797
153.86602453007973 227.65210550594963
153.92996050701532 41.05795736643573
153.9938964839509 41.85730898734624
154.0578324608865 204.51320242121943
154.12176843782203 405.5947538103183
154.18570441475765 511.95489278094016
154.2496403916932 464.53598930083245
154.3135763686288 304.67301095639414
154.3775123455644 131.952699122422
154.44144832249995 26.126040936792393
154.50538429943555 2.083028483019625
154.56932027637114 34.93507321229655
154.63325625330674 111.57378705003087
154.6971922302423 244.16535631593567
154.7611282071779 429.72407681070337
154.8250641841135 604.4589296587145
154.88900016104907 663.8527531922946
154.95293613798466 550.33377836253
155.01687211492023 319.8864654558168
155.08080809185583 107.01852680342486
155.1447440687914 14.360587798728304
155.208680045727 34.905131320020764
155.2726160226626 82.00277334741766
155.33655199959816 95.47402705020791
155.40048797653375 106.08478338309796
155.46442395346932 184.78307479705148
155.52835993040492 341.9811720482108
155.59229590734049 488.52183095856896
155.65623188427608 512.4691378571415
155.72016786121168 403.5182129307942
155.78410383814725 270.47900992927293
155.84803981508284 237.6555308160928
155.9119757920184 338.6688363126192
155.975911768954 479.7386270371616
156.03984774588957 524.6164018180233
156.10378372282517 435.5342140562132
156.16771969976077 288.55025590112217
156.2316556766963 175.00080942482202
156.29559165363193 127.08462912127165
156.35952763056747 108.45574131718185
156.42346360750307 72.99297390008641
156.48739958443866 32.207049292888286
156.55133556137423 42.66767387950814
156.61527153830983 142.90086254617728
156.67920751524542 315.15946181189645
156.743143492181 497.39221937197374
156.8070794691166 624.3227157658098
156.87101544605218 653.3506430648566
156.93495142298775 570.6872600619009
156.99888739992335 397.815954227633
157.06282337685894 195.31364936222687
157.1267593537945 51.05021606631383
157.1906953307301 34.84033208986428
157.25463130766568 137.92259835298964
157.31856728460127 264.3217133207848
157.38250326153684 299.3529669628408
157.44643923847244 205.80169968786484
157.51037521540803 64.0805831722762
157.5743111923436 0.6455515689919111
157.6382471692792 65.33376589487217
157.70218314621476 185.34602506585503
157.76611912315036 238.84767317234068
157.83005510008593 184.1021515667312
157.89399107702152 114.73681020758166
157.95792705395712 157.38497440801734
158.0218630308927 325.0735601015222
158.08579900782829 489.759618428883
158.14973498476385 490.82714687056097
158.21367096169945 306.36495618507644
158.277606938635 119.59012802360768
158.3415429155706 152.68803303814207
158.4054788925062 441.0271303159539
158.46941486944175 784.1024877065076
158.53335084637737 901.4144645582057
158.59728682331294 684.4068640097929
158.6612228002485 305.82010066551703
158.7251587771841 44.67340629531608
158.7890947541197 34.10648357452887
158.85303073105527 177.864441149292
158.91696670799087 268.73601102356827
158.98090268492646 198.68663217492295
159.04483866186203 55.24376050454679
159.10877463879763 6.886732625500796
159.1727106157332 127.59518543981704
159.2366465926688 337.8160398706506
159.3005825696044 493.65842020469455
159.36451854653995 522.6019513843665
159.42845452347555 463.2896545906241
159.49239050041112 392.60834929367434
159.55632647734672 344.7012661710062
159.62026245428228 297.595881327925
159.68419843121788 221.31901054167264
159.74813440815348 122.48584065186418
159.81207038508904 39.829245390665726
159.87600636202464 14.448587128456053
159.9399423389602 63.78730606316574
160.0038783158958 165.97283383741012
160.06781429283137 263.0839580191948
160.13175026976697 288.3002065728562
160.19568624670256 213.79338681814497
160.25962222363813 90.16232757013888
160.32355820057373 26.110579033859732
160.38749417750927 98.81535174853524
160.4514301544449 268.2535674328728
160.51536613138046 394.89858232958386
160.57930210831603 362.78001276247096
160.64323808525165 194.82446106182087
160.70717406218722 43.843589866174874
160.7711100391228 47.68184623663166
160.83504601605839 189.9868259882492
160.89898199299398 324.76904124742407
160.96291796992955 336.12904276312656
161.02685394686515 265.653782835835
161.09078992380074 277.3102715810964
161.1547259007363 476.7328986070655
161.2186618776719 771.6821316827289
161.28259785460747 940.7876159387841
161.34653383154307 838.5893979364868
161.41046980847864 523.5303263956823
161.47440578541423 202.16178195282257
161.53834176234983 56.269043218094815
161.6022777392854 105.71787829906884
161.666213716221 223.13417046843
161.73014969315656 272.3582497436472
161.79408567009216 220.86497054122688
161.85802164702773 128.18110152740425
161.92195762396332 61.72811794651857
161.98589360089892 41.82963847467855
162.0498295778345 56.92165548655681
162.11376555477008 117.14786112268106
162.17770153170565 268.8766033933188
162.24163750864125 534.572556766801
162.3055734855768 851.2061492354864
162.3695094625124 1083.454508366658
162.433445439448 1100.1533561343545
162.49738141638355 866.0888797415057
162.56131739331917 486.9247735462735
162.6252533702547 151.4219888145496
162.6891893471903 3.595277405514872
162.7531253241259 54.28433072989148
162.8170613010615 197.04531783298637
162.88099727799707 298.3071450010366
162.94493325493266 289.05094029332093
163.00886923186826 193.65334588418767
163.07280520880383 83.92406154632653
163.13674118573942 15.294804988605335
163.200677162675 0.9459554451962663
163.2646131396106 26.12804787732546
163.32854911654618 73.87456011008464
163.39248509348175 133.00441226851405
163.45642107041735 188.31011437086525
163.52035704735292 215.6189020097526
163.5842930242885 194.98276185318065
163.64822900122408 134.6127234562202
163.71216497815968 78.35574595635941
163.77610095509525 80.39800787038318
163.84003693203084 164.4859222658513
163.90397290896644 300.2620605542813
163.967908885902 418.669228431546
164.0318448628376 453.3673719457146
164.09578083977317 382.5985232860488
164.15971681670877 248.9481577292012
164.22365279364433 130.72609603709256
164.28758877057993 86.68425990595753
164.35152474751553 122.34466013094004
164.4154607244511 188.83001336091357
164.4793967013867 221.02593512748535
164.54333267832223 191.37801390254333
164.60726865525783 121.32373903737106
164.67120463219342 53.28236370277185
164.735140609129 18.10669014612144
164.7990765860646 17.149675064065942
164.86301256300018 34.45683829494187
164.92694853993575 58.683920137326815
164.99088451687135 88.28443367970081
165.05482049380694 122.79506476245312
165.1187564707425 149.94853807368324
165.1826924476781 151.39458440189034
165.2466284246137 125.18966205824088
165.31056440154927 87.35642244312221
165.37450037848487 54.6010639281727
165.43843635542044 36.164910479366526
165.50237233235603 35.487562096294354
165.5663083092916 53.18934870155912
165.6302442862272 84.5291460783492
165.6941802631628 112.84040254724056
165.75811624009836 114.12855386432977
165.82205221703396 81.48074762158862
165.88598819396952 51.699460139670144
165.94992417090512 93.48218928719176
166.0138601478407 248.3699057876852
166.07779612477628 476.9307470097161
166.14173210171188 664.0686023208385
166.20566807864745 693.2550733229432
166.26960405558305 540.8622449726813
166.3335400325186 300.8053697435223
166.3974760094542 108.835824856608
166.46141198638975 38.372287490338465
166.52534796332537 57.574694264519046
166.58928394026097 81.09058473830113
166.6532199171965 64.0004297684567
166.71715589413213 40.81263318696374
166.7810918710677 76.2095112458867
166.84502784800327 184.3027268296915
166.90896382493887 297.54552296280013
166.97289980187446 325.4173982543564
167.03683577881003 248.112643970032
167.10077175574563 141.91962957410038
167.16470773268122 114.17584644572528
167.2286437096168 215.07972919572956
167.2925796865524 392.1448713441615
167.35651566348795 521.2829456857794
167.42045164042355 502.61972873824294
167.48438761735915 342.877007522988
167.54832359429471 149.40397096226428
167.6122595712303 48.34662614745212
167.67619554816588 97.11258755509638
167.74013152510148 249.23972147450908
167.80406750203704 392.6149552345247
167.86800347897264 431.84320373073285
167.93193945590824 350.58110766790406
167.9958754328438 209.11601469165723
168.0598114097794 86.637417926656
168.12374738671497 21.548496027072726
168.18768336365056 2.8604213649697265
168.25161934058613 11.805717828736155
168.31555531752173 60.4801697966105
168.37949129445732 180.36626265508093
168.4434272713929 368.82377940155686
168.5073632483285 554.83462411594
168.57129922526403 631.7818311534207
168.63523520219965 536.0726841321252
168.69917117913522 309.79148970717165
168.7631071560708 88.6718463573597
168.8270431330064 5.015191446565024
168.89097910994198 91.17968163418307
168.95491508687755 273.36223838260923
169.01885106381314 438.5502776758358
169.08278704074874 514.0057359380445
169.1467230176843 512.7934699557705
169.2106589946199 504.60486684228994
169.2745949715555 537.8213555367408
169.33853094849107 599.3855357611366
169.40246692542667 636.7613168956467
169.46640290236223 598.5455532329685
169.53033887929783 468.1229190489836
169.5942748562334 280.8620742120698
169.658210833169 108.15433976371516
169.7221468101046 16.22988788609467
169.78608278704016 31.990891205627214
169.85001876397575 131.44287144778176
169.91395474091132 251.22091692401767
169.97789071784692 321.9939834495183
170.0418266947825 305.37836455119793
170.10576267171808 211.1009610758583
170.16969864865368 91.04443170851752
170.23363462558925 11.352187702004088
170.29757060252484 11.167624336780724
170.3615065794604 78.08395110045637
170.425442556396 159.3721943096195
170.48937853333155 198.76780773544564
170.55331451026717 174.84092655784588
170.61725048720277 111.64274149620753
170.6811864641383 51.7758831286472
170.74512244107393 20.03128246862149
170.80905841800947 11.949235733233596
170.87299439494507 12.865711113300511
170.93693037188066 22.534571904897614
171.00086634881623 54.93072098764174
171.06480232575183 112.23096611572464
171.12873830268742 166.16640485910375
171.19267427962302 174.1354846477659
171.2566102565586 119.51234343698412
171.32054623349418 38.881958177796974
171.38448221042975 1.4165604005053032
171.44841818736535 48.00808586952177
171.51235416430094 150.07326146375812
171.5762901412365 230.14875977575292
171.6402261181721 225.5379861185666
171.70416209510768 143.34314203010453
171.76809807204327 53.66125946327247
171.83203404897884 22.231870163858503
171.89597002591444 50.91300954197667
171.95990600285003 83.89132064366825
172.0238419797856 75.00933046292981
172.0877779567212 49.731508734846585
172.15171393365677 91.40662308213751
172.21564991059236 260.5009555197916
172.27958588752793 518.090073940369
172.34352186446353 729.2383436060563
172.40745784139912 765.0830679475282
172.4713938183347 610.6295541158319
172.5353297952703 373.1605154385518
172.59926577220585 199.15005794255063
172.66320174914145 173.4654028943187
172.727137726077 274.9612986894479
172.7910737030126 421.89983429557776
172.8550096799482 548.8322938589099
172.91894565688375 631.0388616890226
172.98288163381935 655.9443744825394
173.04681761075494 599.190514762534
173.1107535876905 446.0926947294688
173.1746895646261 238.7968328568728
173.2386255415617 75.75377534246104
173.30256151849727 37.533526313623724
173.36649749543287 112.41985688874249
173.43043347236846 201.86628319565975
173.49436944930403 209.16946087126573
173.55830542623963 128.07176477652007
173.6222414031752 35.18805890924268
173.6861773801108 1.2725270411919047
173.7501133570464 25.055086267627782
173.81404933398196 51.703214329685686
173.87798531091755 46.137530316608014
173.94192128785312 34.91619264663092
174.00585726478872 67.55972624808767
174.06979324172428 146.9692894983693
174.13372921865988 215.0775118828477
174.19766519559548 212.96016298691424
174.26160117253104 142.38944336398282
174.32553714946664 58.329528373115394
174.3894731264022 10.655017738525627
174.4534091033378 3.091614977032701
174.51734508027337 13.760222234330707
174.58128105720897 48.34684072536505
174.64521703414457 149.4674288149647
174.70915301108013 343.8245778205443
174.77308898801573 586.2362913128604
174.83702496495127 767.6331341014819
174.9009609418869 794.6930526293517
174.96489691882246 664.1121660415783
175.02883289575803 463.5575754202544
175.09276887269365 307.85625380789384
175.15670484962922 256.27420792896595
175.2206408265648 278.60932747760233
175.28457680350039 302.15646829885407
175.34851278043598 280.22283226900265
175.41244875737155 218.7177392197484
175.47638473430715 161.13333235010904
175.54032071124274 152.78210046731544
175.6042566881783 204.6288390136069
175.6681926651139 282.18052837823166
175.73212864204947 330.6197323276299
175.79606461898507 319.1485440310305
175.86000059592064 271.57436805793213
175.92393657285623 251.7826052600929
175.98787254979183 305.2031635843256
176.0518085267274 410.8231270391561
176.115744503663 494.2684749815392
176.17968048059856 485.36894149750447
176.24361645753416 370.6313568018352
176.30755243446973 203.90868896345873
176.37148841140532 65.90403876810724
176.43542438834092 7.034494528011972
176.4993603652765 25.169739993703715
176.56329634221208 86.35285652747646
176.62723231914765 152.11313031108415
176.69116829608325 189.645085756874
176.7551042730188 177.04822737142985
176.8190402499544 115.59121673844848
176.88297622689 38.64242581415064
176.94691220382555 0.21661141690677327
177.01084818076117 37.27418474793236
177.07478415769674 132.23711709876423
177.1387201346323 219.72425473296408
177.2026561115679 239.7172381492659
177.2665920885035 188.75851250479496
177.33052806543907 122.38769874788376
177.39446404237466 103.86254248619646
177.45840001931026 146.39371757037136
177.52233599624583 206.02344455317336
177.58627197318143 225.95394636049969
177.650207950117 184.06351325638644
177.7141439270526 105.49674908740339
177.77807990398819 36.538979268709454
177.84201588092375 7.23836883234873
177.90595185785935 17.910157722891736
177.96988783479492 53.41675615250701
178.0338238117305 100.962382751505
178.09775978866608 154.43784790473404
178.16169576560168 207.43540683734997
178.22563174253727 247.589269521909
178.28956771947284 261.4934394425297
178.35350369640844 244.90087511368947
178.417439673344 205.2709377741737
178.4813756502796 155.06211086759592
178.54531162721517 104.92335860602444
178.60924760415077 60.89943047667903
178.67318358108636 26.255507120778145
178.73711955802193 5.137590242139538
178.80105553495753 1.288928241010935
178.86499151189307 16.34873394635368
178.9289274888287 51.95798854970902
178.99286346576423 109.56657511495082
179.05679944269983 189.55346253604543
179.12073541963545 285.84929629499555
179.184671396571 375.81431940222774
179.2486073735066 429.88946236735126
179.31254335044218 433.8635586021024
179.37647932737775 391.2119079985601
179.44041530431335 317.4156018977408
179.50435128124894 238.09644678543103
179.56828725818454 174.4014735561391
179.6322232351201 130.6549428256043
179.6961592120557 104.95253695877244
179.76009518899127 104.71797897911291
179.82403116592687 147.77224185241306
179.88796714286244 247.8739031310515
179.95190311979803 396.99379511533624
180.01583909673363 559.387766581794
180.0797750736692 680.3770506752703
180.1437110506048 710.4050782972497
180.2076470275404 635.9178239686739
180.27158300447596 487.8994552117585
180.33551898141152 319.033170168725
180.39945495834712 176.30451022028632
180.46339093528272 85.3946987959213
180.52732691221829 46.35443104098548
180.59126288915388 41.390748573850274
180.65519886608945 49.28736345024053
180.71913484302505 55.28771893986864
180.7830708199606 52.99244472317833
180.8470067968962 42.14294321175253
180.9109427738318 26.081421235816887
180.97487875076737 10.83047316187919
181.03881472770297 5.258781799039064
181.1027507046385 18.202383807008605
181.1666866815741 50.512506670058954
181.23062265850967 88.50047398199555
181.29455863544527 107.70160042222304
181.35849461238087 89.66785804448003
181.4224305893165 42.82691726835192
181.48636656625203 4.290632252734703
181.5503025431876 11.238444577238795
181.6142385201232 66.61133913312067
181.6781744970588 131.1186625610424
181.7421104739944 151.8753064464458
181.80604645093 110.42206525282016
181.86998242786555 42.85020238960954
181.93391840480115 4.03028084266827
181.99785438173672 14.20586475901282
182.0617903586723 43.1741914841401
182.12572633560788 46.728405586736685
182.18966231254348 19.147166840486488
182.25359828947907 0.505914801296562
182.31753426641464 25.974830760050832
182.38147024335024 77.62237417615697
182.4454062202858 99.37954912691549
182.5093421972214 67.75588826982194
182.57327817415697 40.04353468585037
182.63721415109256 108.39579926351873
182.70115012802816 293.45408133584704
182.76508610496367 492.94455008186304
182.82902208189927 553.0926523543988
182.8929580588349 410.2165657429512
182.9568940357705 169.24247286796893
183.02083001270603 28.76890602552909
183.08476598964165 113.0008890484011
183.14870196657725 365.4170269018144
183.2126379435128 597.9512130538927
183.2765739204484 650.9235880441205
183.340509897384 514.3830306075998
183.4044458743196 303.78408039304605
183.46838185125517 143.57115483097468
183.53231782819077 80.06702279296105
183.59625380512637 78.59653666929027
183.6601897820619 81.74740562795068
183.72412575899753 63.90627796165761
183.78806173593304 35.67609000254155
183.85199771286864 15.175362059044971
183.91593368980423 7.7458629982256335
183.97986966673983 7.224926864958807
184.04380564367543 5.5640928324382255
184.10774162061097 0.9441964879114714
184.17167759754656 4.608558174254078
184.23561357448213 41.10510855499111
184.29954955141773 130.55555037099944
184.36348552835327 255.77795962558648
184.4274215052889 348.96637615373487
184.4913574822245 335.77999337728875
184.55529345916008 210.61724958614468
184.61922943609568 60.88687135370085
184.68316541303125 2.5837727683098586
184.74710138996684 78.15827115669715
184.8110373669024 211.7071429077513
184.874973343838 281.82797181560466
184.9389093207736 245.90856740825407
185.0028452977092 173.26844669186855
185.0667812746448 157.15416923788598
185.13071725158036 211.41164933685656
185.19465322851596 261.00410557028647
185.25858920545153 241.3682303087087
185.32252518238707 192.7855111556744
185.3864611593227 221.18786842097327
185.45039713625823 360.515624730125
185.51433311319383 504.9251618675893
185.57826909012945 503.1803150393521
185.64220506706505 319.86853523130696
185.70614104400056 90.77161056167277
185.77007702093616 2.436964909131225
185.83401299787175 108.54581917431672
185.89794897480732 281.31684206640614
185.96188495174292 347.0153376904104
186.02582092867848 251.28417081637264
186.08975690561408 93.3109961668412
186.15369288254968 9.0962909565947
186.21762885948527 37.173848339120234
186.28156483642087 111.1450966995809
186.34550081335644 156.62287807913103
186.40943679029203 162.79322170828368
186.4733727672276 161.94148727459495
186.5373087441632 164.19853834054916
186.6012447210988 140.80343178720997
186.6651806980344 77.12486815359624
186.72911667496996 15.300008129947532
186.79305265190553 14.985593043449894
186.85698862884112 76.39257588065189
186.9209246057767 129.8980047341122
186.9848605827123 110.97296555014888
187.04879655964783 38.11089881579949
187.11273253658345 3.329081402748314
187.17666851351905 72.59242119736851
187.2406044904546 208.9262755100504
187.3045404673902 310.38030804696683
187.36847644432575 316.8572218386018
187.43241242126135 269.64816783200285
187.49634839819691 260.41444066800494
187.5602843751325 326.66640021921177
187.6242203520681 408.13829139201033
187.68815632900368 407.1231186799941
187.75209230593927 291.4022254737971
187.81602828287487 129.20939764539662
187.8799642598105 19.408307371955935
187.94390023674603 5.024980730323105
188.0078362136816 51.40446436153782
188.0717721906172 89.30244921115961
188.1357081675528 79.47047220541982
188.1996441444884 38.97254121355876
188.26358012142396 12.864836072030608
188.32751609835955 33.20054036041597
188.39145207529512 98.93162078526328
188.45538805223072 182.0764217488936
188.5193240291663 248.85881369584453
188.58326000610188 279.0231402440059
188.64719598303748 272.1767755959503
188.71113195997305 237.61707316302963
188.77506793690864 183.44921270841567
188.8390039138442 118.54177646829126
188.9029398907798 56.31949174525367
188.9668758677154 15.052641364163724
189.03081184465097 17.087816046732524
189.09474782158657 79.51362753793201
189.15868379852213 203.25024174567585
189.22261977545767 374.15016068043474
189.28655575239327 563.7583918560131
189.3504917293289 728.1327136512703
189.4144277062645 817.2102009465434
189.47836368320003 786.5760772178211
189.54229966013563 623.8799560711543
189.6062356370712 389.3763473445708
189.6701716140068 193.87880805013137
189.7341075909424 109.51036620705347
189.798043567878 119.6714738506629
189.8619795448136 150.03050168301047
189.92591552174915 148.16851996601127
189.98985149868477 144.08139696087136
190.0537874756203 211.7775818249299
190.1177234525559 367.98382219164233
190.18165942949148 524.3628523115016
190.24559540642707 548.7194573555845
190.30953138336264 392.90297605511626
190.37346736029824 159.52783491687433
190.43740333723383 27.68941181837464
190.50133931416937 106.11165567740048
190.56527529110497 342.67386304884457
190.62921126804056 571.4290005949736
190.69314724497616 650.9891666735755
190.75708322191173 558.4124648734842
190.82101919884727 374.87764801202707
190.8849551757829 203.9160042833728
190.9488911527185 98.33487148638544
191.01282712965408 50.80676642973567
191.07676310658965 32.12713678041165
191.14069908352525 22.980332781329967
191.20463506046084 16.872429254752053
191.2685710373964 10.434306771517322
191.332507014332 2.9531066978493885
191.3964429912676 1.775616576113123
191.4603789682032 16.63204437147216
191.52431494513877 44.62606443623
191.58825092207437 65.26355503362402
191.65218689900996 57.81119459779898
191.71612287594553 26.247448766225908
191.78005885288107 1.9429806848527853
191.84399482981664 16.23728566570343
191.90793080675223 69.83742545055735
191.97186678368783 130.2099147793677
192.03580276062343 158.7551838167464
192.09973873755905 142.0446964996667
192.16367471449456 98.19010298896448
192.22761069143016 54.40465268772887
192.29154666836573 24.772914639243552
192.35548264530132 11.769052378745464
192.4194186222369 22.376457661389665
192.4833545991725 73.70495131396373
192.54729057610808 174.31334167806165
192.61122655304368 300.2678318153364
192.67516252997927 397.0749518495445
192.73909850691484 412.6641943739868
192.80303448385044 343.0636952177897
192.866970460786 253.35870703302277
192.9309064377216 237.7124202267144
192.9948424146572 344.17046307024555
193.0587783915928 532.0395964493296
193.1227143685284 693.4998634680825
193.18665034546396 724.9243577991671
193.25058632239953 599.2831106757536
193.31452229933507 380.8776962640744
193.3784582762707 173.09348293610705
193.4423942532063 47.01217614516058
193.50633023014183 5.8205828615016575
193.57026620707745 6.540160520755904
193.63420218401305 12.04977289711462
193.6981381609486 23.297359147837664
193.76207413788416 64.1558376019008
193.82601011481975 138.6830128519411
193.88994609175535 212.6097129814212
193.95388206869092 239.69013324688785
194.0178180456265 201.21162031967333
194.08175402256208 125.13687323235692
194.14568999949768 67.5229947606891
194.20962597643327 62.902913906156726
194.27356195336887 93.14201885491968
194.3374979303045 111.37496278965136
194.40143390724003 90.35556413182286
194.4653698841756 44.501973486577825
194.5293058611112 12.933840024204944
194.5932418380468 24.53459294105969
194.6571778149824 74.13429228206498
194.72111379191796 128.43282474175783
194.78504976885355 153.63008408761976
194.84898574578912 136.76077558383307
194.91292172272472 88.22929400017891
194.9768576996603 34.14070567073835
195.04079367659588 3.7445496828633216
195.10472965353145 15.135387542446471
195.16866563046705 65.41565750857119
195.23260160740264 129.3665921792438
195.2965375843382 170.676342737509
195.3604735612738 164.4697608872089
195.42440953820935 115.9360593372851
195.48834551514497 55.61862445193893
195.5522814920805 13.786516247258488
195.6162174690161 0.13879650614112163
195.68015344595173 3.815316133025104
195.74408942288727 7.125246824239222
195.80802539982287 2.4894163411539956
195.8719613767585 2.455135625811422
195.93589735369403 39.3668638650412
195.9998333306296 154.53147033653647
196.0637693075652 373.78611424955574
196.1277052845008 680.9841903645253
196.1916412614364 1003.618137774563
196.255577238372 1222.4967954333144
196.31951321530755 1232.2965141289671
196.38344919224315 1024.5482625605691
196.44738516917872 695.8280921974941
196.5113211461143 373.86768289190223
196.5752571230499 146.9768375368616
196.63919309998548 37.4323280495416
196.70312907692107 15.8437290728598
196.76706505385664 40.640036375585886
196.83100103079224 85.46604140124201
196.8949370077278 135.6755010895745
196.9588729846634 174.9656349869776
197.02280896159897 185.57467852808017
197.08674493853457 161.85438770273987
197.15068091547016 117.0438501263939
197.21461689240567 71.99355709743652
197.27855286934127 39.15633149207707
197.3424888462769 18.70455100528885
197.4064248232125 7.216685737215555
197.4703608001481 4.174598894043306
197.53429677708365 7.24621504455497
197.59823275401925 8.018751559453062
197.6621687309548 1.9274920696404336
197.7261047078904 3.8994820416300193
197.790040684826 45.07058806890945
197.8539766617616 143.29379782767407
197.9179126386972 275.4040312360892
197.98184861563277 382.74931479626815
198.04578459256837 413.3804493829065
198.1097205695039 372.68196145363703
198.17365654643953 327.3089701436453
198.23759252337507 343.4606188057607
198.30152850031064 427.2036871580563
198.36546447724623 526.8038603231136
198.42940045418183 576.7315071888764
198.49333643111743 541.7061606886698
198.55727240805297 435.94591568004864
198.62120838498856 305.1321091725052
198.68514436192413 188.51307642477576
198.74908033885973 100.10991703804092
198.81301631579532 41.387067947737535
198.8769522927309 17.39559975388527
198.9408882696665 33.642174978093074
199.00482424660208 81.73957686108739
199.06876022353768 134.1007114619397
199.13269620047325 159.94557138525354
199.19663217740884 150.61739500398758
199.26056815434444 125.97886728068248
199.32450413128 115.32455236001172
199.3884401082156 131.91985573753516
199.4523760851512 161.60410940611047
199.5163120620868 174.26211460201097
199.58024803902236 148.89229084705775
199.64418401595796 91.90943749043997
199.70811999289353 33.3666159455353
199.77205596982907 3.4828813904937617
199.8359919467647 11.816313119979212
199.89992792370023 45.81058669649805
199.96386390063583 82.88530146862828
200.02779987757145 104.6899831086484
200.09173585450705 106.5659400074109
200.1556718314426 97.16470517682608
200.21960780837816 89.67485240932724
200.28354378531375 91.96567170554972
200.34747976224932 101.3624650361264
200.41141573918492 106.39680266044256
200.47535171612049 95.73576179793116
200.53928769305608 70.0925405362037
200.60322366999168 44.45387344654915
200.66715964692727 33.73882796088078
200.73109562386287 38.59323590126377
200.79503160079844 50.10127406827196
200.85896757773403 67.66496099030364
200.9229035546696 105.47288496203086
200.9868395316052 170.430443835598
201.0507755085408 233.3352028846708
201.1147114854764 237.74925273031616
201.17864746241196 155.17956891912422
201.24258343934753 39.711811938640395
201.30651941628312 15.676600141056388
201.3704553932187 180.77161484259727
201.4343913701543 499.2136359178616
201.49832734708988 795.8067328059534
201.56226332402545 880.1051737235931
201.62619930096105 698.9909229971763
201.6901352778966 379.92601617484087
201.7540712548322 127.14821665005164
201.81800723176775 61.41018532690431
201.88194320870335 141.67686058061076
201.94587918563897 230.11398613951343
202.0098151625745 223.45887990593047
202.0737511395101 128.19321098248443
202.13768711644568 30.171195668432404
202.20162309338127 7.7857222727294895
202.26555907031687 75.89706746260826
202.3294950472525 195.33291373103577
202.3934310241881 315.2969611725027
202.4573670011236 405.5732376803746
202.5213029780592 459.6766675383169
202.5852389549948 478.3665747609049
202.6491749319304 456.4504625282233
202.71311090886596 384.73385361166174
202.77704688580155 264.8622403471661
202.84098286273715 125.57763140989212
202.90491883967272 21.729080790491444
202.9688548166083 7.516837915265129
203.03279079354388 96.17467848819578
203.09672677047948 233.67177918703507
203.16066274741505 322.58217025147445
203.22459872435064 295.78562833847155
203.28853470128624 173.65391282778623
203.3524706782218 49.28550253071993
203.4164066551574 12.041028045614524
203.48034263209297 72.40258776788414
203.54427860902857 160.80929274784887
203.6082145859641 198.51290017379944
203.67215056289973 161.8011955041503
203.73608653983527 87.41841288092995
203.80002251677087 29.135105844630143
203.8639584937065 12.944989189024213
203.92789447064203 31.442563669547887
203.99183044757763 67.27189091764632
204.0557664245132 109.50438051834392
204.1197024014488 149.36847491808675
204.1836383783844 172.12214394504488
204.24757435532 164.59821655910247
204.3115103322556 129.46964846488336
204.37544630919115 85.0809782085066
204.43938228612677 50.11781925544311
204.5033182630623 30.01018634451664
204.5672542399979 19.090747180048005
204.63119021693353 13.599784918792375
204.69512619386907 17.19663350932738
204.75906217080464 33.708283002876556
204.82299814774024 61.4750992059992
204.88693412467583 97.91369417703652
204.9508701016114 144.36521853915212
205.01480607854697 199.28031668209397
205.07874205548256 245.6260215609712
205.14267803241816 254.4833656809258
205.20661400935373 210.16446232310196
205.27054998628927 130.50398420303122
205.3344859632249 56.65400274078249
205.3984219401605 18.725734670312104
205.46235791709609 12.7869829787044
205.52629389403168 14.448815071753792
205.59022987096725 9.950853043575448
205.65416584790285 7.611265678287182
205.7181018248384 19.820260747713743
205.782037801774 41.441543521004206
205.8459737787096 53.952242333937406
205.9099097556452 50.12506689793703
205.9738457325808 49.03826210778215
206.03778170951637 80.13798894255062
206.10171768645196 148.64029297132848
206.16565366338753 224.1847027483772
206.22958964032307 267.20134169395374
206.29352561725864 259.3410000714249
206.35746159419423 210.25256116857645
206.42139757112983 144.6108328487436
206.48533354806543 85.15325241830068
206.54926952500105 43.67301533439699
206.61320550193656 21.7540375556246
206.67714147887216 15.165687371252403
206.74107745580773 18.07653204881244
206.80501343274332 26.53143375145602
206.86894940967892 38.46438969557846
206.9328853866145 49.049975630791714
206.99682136355008 48.135083295227616
207.06075734048568 29.262484988016375
207.12469331742128 5.343069735684695
207.18862929435684 7.278009801625368
207.25256527129244 53.57927731443442
207.31650124822804 118.46067754027318
207.3804372251636 142.885881389356
207.4443732020992 95.27739525041719
207.5083091790348 23.698337533595307
207.5722451559704 28.33699728539384
207.63618113290596 162.30601762654328
207.70011710984153 359.63589190531286
207.76405308677712 475.9013419247675
207.8279890637127 415.94045777031937
207.8919250406483 227.21980176612468
207.95586101758383 57.35903716637977
208.01979699451945 13.007652316375047
208.08373297145505 67.64886980471809
208.1476689483906 113.60229927846687
208.2116049253262 95.82474140989811
208.27554090226175 72.46178509566955
208.33947687919735 134.62794918749432
208.40341285613292 282.78005304278634
208.4673488330685 399.48120050159326
208.53128481000408 361.19139848516824
208.59522078693968 182.27977894019577
208.65915676387527 22.937440789742823
208.72309274081087 38.20088691002432
208.78702871774647 227.9079581552088
208.85096469468203 435.44590379878
208.91490067161763 490.32397207368285
208.9788366485532 358.3727737430604
209.0427726254888 160.27837690361602
209.1067086024244 47.653078808751054
209.17064457935996 67.56729989453902
209.23458055629555 144.5165567881232
209.29851653323112 172.26384921928627
209.36245251016672 115.18621511389021
209.4263884871023 31.19174899687084
209.49032446403788 3.593555088994421
209.55426044097348 60.140028825621286
209.61819641790905 158.91445192492495
209.68213239484464 236.5415163990174
209.7460683717802 263.40531136851274
209.8100043487158 257.9238865102069
209.87394032565135 251.84794832189937
209.93787630258697 250.91686394768587
210.00181227952257 236.26316105057327
210.0657482564581 191.608871123628
210.12968423339373 120.78241647910676
210.19362021032927 49.5913035376418
210.25755618726487 11.940313788672094
210.3214921642005 30.35201250984139
210.3854281411361 106.22502309183088
210.44936411807163 213.64666865285193
210.5133000950072 301.7657829380588
210.5772360719428 317.10594041467726
210.6411720488784 239.58923079350504
210.705108025814 111.79794257156168
210.76904400274955 20.53381945222372
210.83297997968515 26.48638992364164
210.89691595662077 106.56084106767187
210.9608519335563 171.42816697597902
211.0247879104919 153.24282347102033
211.08872388742748 76.97994792357873
211.15265986436307 33.66740418416933
211.21659584129864 79.06581643743645
211.28053181823424 164.55962134865135
211.34446779516983 186.29665662142423
211.4084037721054 106.913587219359
211.47233974904097 11.624711192310317
211.53627572597657 29.77880571121172
211.60021170291216 192.19241592365373
211.66414767984767 382.68786561164063
211.72808365678327 452.8637764362418
211.7920196337189 372.277605377293
211.8559556106545 251.96978726283035
211.9198915875901 216.17581972188935
211.98382756452563 258.41363109827574
212.04776354146125 256.2522823947502
212.1116995183968 138.4270041526956
212.1756354953324 10.427275165937491
212.239571472268 83.21332174804407
212.3035074492036 457.3447631825542
212.3674434261392 974.7140627570769
212.43137940307477 1295.5845704369735
212.49531538001037 1177.2384694108628
212.5592513569459 704.917162364611
212.62318733388153 213.6241390339422
212.68712331081707 2.1450966695526272
212.75105928775264 128.68891628224517
212.81499526468824 418.214257507004
212.87893124162383 628.5362441583052
212.94286721855943 635.3199175005402
213.00680319549497 479.65421268894806
213.07073917243056 279.9437935729185
213.13467514936616 134.93579784982487
213.19861112630173 84.10474496051334
213.26254710323732 115.16044744876456
213.3264830801729 187.3657971593486
213.3904190571085 248.33826298454264
213.45435503404408 252.52736662721207
213.51829101097968 187.84394989166904
213.58222698791528 89.36504512393427
213.64616296485084 16.829964518903974
213.71009894178644 7.136745261271856
213.774034918722 48.17638960282794
213.8379708956576 97.10750519724115
213.9019068725932 118.36467960606974
213.9658428495288 109.081797996813
214.0297788264644 91.43658859438445
214.09371480339996 81.04762376414625
214.15765078033553 73.1059221795079
214.22158675727107 59.22324505171964
214.2855227342067 43.67437262072168
214.34945871114223 41.09996523905077
214.41339468807783 62.24671289346745
214.47733066501343 99.5053421352208
214.54126664194905 131.07442386294267
214.6052026188846 146.4674266296807
214.66913859582016 161.4030254985402
214.73307457275575 200.89680763022727
214.79701054969132 272.29718367293384
214.86094652662692 353.10721273126165
214.92488250356251 396.8691382822196
214.98881848049808 362.75584148464816
215.05275445743368 260.63186014240875
215.11669043436927 158.64557601949366
215.18062641130487 126.02733757553604
215.24456238824044 172.2747798421668
215.30849836517604 242.57673879788896
215.37243434211163 260.12514743142606
215.4363703190472 189.91182763826697
215.5003062959828 81.57160270241758
215.5642422729184 32.474852154936166
215.62817824985396 94.46613286310352
215.69211422678953 218.47408004233148
215.75605020372512 292.3844160726504
215.81998618066072 244.3515802248535
215.8839221575963 113.24619781261848
215.94785813453188 12.889413216393976
216.01179411146745 32.67553813646011
216.07573008840305 165.4613119732235
216.1396660653386 320.074081336754
216.2036020422742 405.34809485569144
216.2675380192098 395.246886341888
216.33147399614535 317.8983886162122
216.39540997308097 212.3539080194008
216.4593459500165 110.10032135096296
216.5232819269521 45.0986442408707
216.58721790388768 55.86021145837344
216.65115388082327 151.35625841319637
216.71508985775887 274.0760532698498
216.7790258346945 333.7487740338305
216.8429618116301 299.2018665575114
216.9068977885656 235.79940107386028
216.9708337655012 247.9917452614232
217.0347697424368 378.1419595454644
217.0987057193724 534.4552224283035
217.162641696308 556.0589221679363
217.22657767324355 387.7739607112912
217.29051365017915 151.2549515326988
217.35444962711472 29.88210620337527
217.41838560405031 96.2504861853603
217.48232158098588 244.43534219080448
217.54625755792148 302.8081180834774
217.61019353485707 212.74007257813903
217.67412951179264 76.63193477132428
217.73806548872824 36.74523655311666
217.8020014656638 122.82670326896881
217.8659374425994 230.7202532882318
217.92987341953497 246.29187794734528
217.99380939647057 165.69717515287044
218.05774537340616 82.27857770772326
218.12168135034173 70.04380187595392
218.18561732727727 107.62897219197932
218.24955330421287 123.95054580289857
218.3134892811485 96.54515173926612
218.37742525808403 81.01633526267796
218.44136123501963 134.29727864723642
218.50529721195525 231.20307571229384
218.5692331888908 284.9132202489813
218.6331691658264 241.4802374726114
218.697105142762 137.08257226016983
218.7610411196976 58.20861748025245
218.82497709663315 50.3565351767522
218.88891307356877 79.59333979348659
218.95284905050437 84.73062278490093
219.0167850274399 49.59571296018047
219.08072100437553 10.387476619394127
219.14465698131107 0.6287991597230119
219.20859295824664 11.301339966615936
219.27252893518224 12.555202102106527
219.33646491211783 1.8430121995805933
219.40040088905343 10.786615924963119
219.46433686598897 58.370643684307126
219.52827284292457 114.8552801577732
219.59220881986016 126.17083900401467
219.65614479679573 74.73465380225747
219.72008077373127 11.239026995774616
219.7840167506669 14.813245985505656
219.8479527276025 119.60397759444112
219.9118887045381 284.056348132952
219.97582468147368 426.112658313278
220.03976065840925 484.89676149871457
220.10369663534485 453.59671584328214
220.1676326122804 365.82551699816264
220.231568589216 264.3168262425047
220.2955045661516 179.9391334740514
220.3594405430872 124.09093411753256
220.4233765200228 89.883337243303
220.48731249695837 61.76309279270293
220.55124847389396 32.66422076805792
220.61518445082953 16.786074106358853
220.67912042776507 40.01316253539238
220.74305640470067 110.5688276425902
220.80699238163623 201.16205794396552
220.87092835857183 264.18123830582266
220.93486433550743 266.1856343942165
220.99880031244305 211.96140767417256
221.06273628937856 136.93803666100362
221.12667226631416 75.77619338957568
221.19060824324976 40.23281256880483
221.25454422018532 23.021188494206783
221.31848019712092 13.425151797663515
221.3824161740565 6.617598600738576
221.44635215099208 2.4241907669290503
221.51028812792768 0.629771010590467
221.57422410486328 0.09323617190581987
221.63816008179887 1.5068158815554595
221.70209605873444 10.78277157499785
221.76603203567004 41.20312464420905
221.8299680126056 110.21766965669563
221.8939039895412 226.26652743577196
221.9578399664768 368.82616964993855
222.0217759434124 480.3775679613898
222.085711920348 496.2286336751865
222.14964789728353 400.05966720152287
222.21358387421913 244.40648640085865
222.2775198511547 109.76051773696052
222.3414558280903 45.32330037590032
222.40539180502583 42.88694964426456
222.46932778196145 60.31915347494248
222.53326375889705 66.86085345899035
222.5971997358326 61.28647772682766
222.6611357127682 51.3033074489164
222.72507168970375 33.3907696869946
222.78900766663935 8.040313853810643
222.85294364357492 3.43994936229467
222.9168796205105 56.37371280972627
222.9808155974461 160.34313483052452
223.04475157438168 243.98832414288728
223.10868755131727 229.6364478817832
223.17262352825287 126.79655306980769
223.23655950518847 35.077647861751814
223.30049548212403 39.88774917582442
223.36443145905963 119.24670873317751
223.4283674359952 163.2646257691108
223.4923034129308 111.36692310768116
223.5562393898664 57.97356544388126
223.62017536680196 170.37640911411967
223.68411134373756 495.8193254195764
223.74804732067312 859.5860165888323
223.81198329760872 984.4861386210905
223.87591927454432 755.842573856828
223.93985525147988 342.77322606001724
224.00379122841548 44.71781368693754
224.06772720535105 44.889466901541994
224.13166318228664 278.82940735286337
224.1955991592222 519.7265342472678
224.2595351361578 599.020101314466
224.3234711130934 522.6200571833363
224.38740709002897 398.9202476506102
224.45134306696457 319.6018634272143
224.5152790439001 311.73206074943266
224.57921502083573 362.58572319438827
224.64315099777127 451.0781016726744
224.70708697470687 540.3571837333814
224.7710229516425 568.7115375830742
224.8349589285781 485.5037350498148
224.89889490551363 305.63676973861647
224.9628308824492 118.87534897920877
225.0267668593848 24.979770958655212
225.0907028363204 46.77633585301383
225.154638813256 118.825412885445
225.2185747901916 164.26561465757385
225.28251076712715 165.7681792810406
225.34644674406275 159.08806723280748
225.4103827209983 167.94993799230943
225.4743186979339 165.54658888939727
225.53825467486948 117.33178782526429
225.60219065180507 43.86081307683681
225.66612662874067 13.162749433121231
225.73006260567624 67.54485734268418
225.79399858261183 169.0470613565008
225.8579345595474 229.4745766949336
225.92187053648297 195.50368494780824
225.98580651341857 98.0499609040423
226.04974249035416 18.21930691134775
226.11367846728973 8.23305345521098
226.17761444422527 50.166488952262846
226.24155042116087 88.92730201997598
226.3054863980965 90.90830838082854
226.3694223750321 65.91108573441839
226.43335835196763 43.18467835505898
226.49729432890325 37.49840747869771
226.56123030583885 41.39346838664288
226.6251662827744 42.56859402394749
226.68910225971 38.90435588830201
226.7530382366456 37.35355813073856
226.8169742135812 46.062697454506896
226.88091019051677 70.95205554103774
226.94484616745237 116.12477518274385
227.00878214438796 183.20345527248088
227.07271812132353 269.96850773166665
227.13665409825913 369.00166674060256
227.20059007519464 468.24495179669583
227.26452605213024 555.48627848425
227.32846202906583 613.8368513182814
227.39239800600143 613.3819964122831
227.45633398293705 534.4707836184635
227.52026995987256 402.3575669697237
227.58420593680816 275.98240688543666
227.64814191374373 200.73846869100404
227.71207789067932 170.9776870841912
227.7760138676149 138.65436017437617
227.8399498445505 76.13381539410577
227.90388582148609 24.310967765323383
227.96782179842168 58.57613568675901
228.03175777535728 205.9093731139868
228.09569375229285 396.2467339149164
228.15962972922844 504.32154709732066
228.223565706164 456.24032931256954
228.2875016830996 296.2824401650414
228.3514376600352 143.92170271979828
228.4153736369708 84.78714574629886
228.4793096139064 105.12040391259679
228.54324559084196 127.87497786062336
228.60718156777756 101.49092996165284
228.67111754471307 46.671984956538125
228.73505352164867 15.504297613111726
228.7989894985843 20.528945054561184
228.86292547551983 26.54094535729229
228.92686145245543 9.732840999396036
228.99079742939105 7.949754603682423
229.0547334063266 94.16202820191688
229.11866938326216 290.4055966386651
229.18260536019775 521.0300817124299
229.24654133713335 660.1326617883961
229.31047731406892 627.4396643496352
229.37441329100452 449.20910178623
229.43834926794008 231.03289709618133
229.50228524487568 75.08569971443971
229.56622122181128 24.79501113577551
229.63015719874687 71.31456238196412
229.69409317568244 186.8719922381005
229.75802915261804 334.2359215486496
229.82196512955363 456.26346434533053
229.8859011064892 490.5190156775032
229.9498370834248 411.7746971853352
230.0137730603604 262.43665153099573
230.077709037296 133.908008842248
230.14164501423153 96.11050271367009
230.20558099116712 138.39437504402537
230.26951696810272 191.9411285080573
230.3334529450383 201.99784767702144
230.39738892197389 164.98921610784916
230.46132489890945 111.17348095627176
230.52526087584505 69.13269278734468
230.5891968527806 45.82689013811835
230.6531328297162 35.60449734208743
230.7170688066518 36.81959976872808
230.78100478358735 48.9302296332145
230.84494076052297 62.03921341699327
230.9088767374585 65.22419876723981
230.9728127143941 68.38897200644195
231.03674869132968 100.72271809172025
231.10068466826527 173.83333022167406
231.16462064520087 253.0770806255676
231.22855662213647 278.12395473508286
231.2924925990721 220.01208658550024
231.35642857600763 114.84082843536336
231.4203645529432 29.706540507968278
231.4843005298788 0.17067561615675386
231.5482365068144 11.765983318989417
231.61217248375 37.8730464749423
231.67610846068555 79.86184983583473
231.74004443762115 149.76730732545892
231.80398041455672 218.01417060093516
231.86791639149232 216.67070034910944
231.93185236842788 119.05068013209744
231.99578834536348 10.3756394719273
232.05972432229908 52.24906859573191
232.12366029923464 332.00895033914645
232.18759627617024 739.0053173138684
232.2515322531058 1027.1631135430844
232.3154682300414 1010.9137225596608
232.37940420697697 707.6803286727795
232.44334018391257 318.958752483844
232.50727616084816 64.05807454029986
232.57121213778373 10.461624815525065
232.63514811471927 68.23946816266486
232.69908409165487 120.79041752308484
232.7630200685905 128.2538155655863
232.8269560455261 118.78763857679108
232.89089202246163 115.7335518451273
232.95482799939725 104.6816296554928
233.0187639763328 69.2447817725994
233.0826999532684 29.174612247491865
233.146635930204 26.376368682102157
233.2105719071396 73.60720676171861
233.27450788407515 131.1418208114428
233.33844386101077 146.5786164597575
233.40237983794637 108.99819309641032
233.4663158148819 53.842666806967806
233.53025179181753 19.702120909656312
233.59418776875307 12.576712855578768
233.65812374568864 16.636218541695285
233.72205972262424 27.122522471873328
233.78599569955983 56.3301621897403
233.84993167649543 105.7342112567109
233.91386765343097 146.09816988311644
233.97780363036657 139.6005066557428
234.04173960730216 84.18413173924026
234.10567558423773 25.934208343093594
234.16961156117327 17.61692218594272
234.2335475381089 66.67659642139543
234.2974835150445 126.9503712835582
234.3614194919801 142.5813313485364
234.42535546891568 101.65592266661696
234.48929144585125 41.39483203540573
234.55322742278685 5.28779150133699
234.6171633997224 6.604859272627248
234.681099376658 26.232406154124845
234.7450353535936 36.96646286435869
234.8089713305292 29.567524767719988
234.8729073074648 14.201507892895227
234.93684328440037 3.321053680406815
235.00077926133596 0.4799029039893289
235.06471523827153 1.5894477034564756
235.12865121520707 1.7645454962459457
235.19258719214267 1.7228160014815936
235.25652316907824 11.552502037256536
235.32045914601383 50.90302100956912
235.38439512294943 142.86431906953624
235.44833109988505 299.11014459915674
235.51226707682056 499.98403100423144
235.57620305375616 687.9909216708015
235.64013903069176 795.8250701514862
235.70407500762732 790.8529982046052
235.76801098456292 690.2249813053302
235.8319469614985 539.6177033365366
235.89588293843408 391.71219293177086
235.95981891536968 286.1493269732102
236.02375489230528 227.676326792448
236.08769086924087 191.8077280823016
236.15162684617644 152.9499029883956
236.21556282311204 101.10319120424484
236.2794988000476 44.36261475781452
236.3434347769832 6.798622417845785
236.4073707539188 15.084255534676135
236.4713067308544 78.94220205058676
236.53524270779 176.3104514719663
236.59917868472553 253.25832382045965
236.66311466166113 257.88568049323806
236.7270506385967 187.72749705949056
236.7909866155323 94.03775151986542
236.85492259246783 37.94125599637318
236.91885856940343 39.93318172431263
236.98279454633905 65.46890343477381
237.0467305232746 66.26313269381697
237.1106665002102 37.41630185711822
237.17460247714575 25.383793265640712
237.23853845408135 75.89470715321987
237.30247443101692 177.1224482416533
237.36641040795251 262.25476692844086
237.4303463848881 270.12575782447897
237.49428236182368 199.2027525350587
237.55821833875927 103.14028553608551
237.62215431569487 38.414089544426766
237.68609029263047 21.252954454515177
237.75002626956604 32.152077426313156
237.81396224650163 48.67198574267064
237.8778982234372 63.87586333947155
237.9418342003728 76.09215055677876
238.0057701773084 76.50085413589426
238.06970615424396 57.335289914655725
238.13364213117956 27.336962533416703
238.19757810811512 11.38540477406766
238.26151408505072 29.87315696797471
238.32545006198632 82.24138603602655
238.38938603892188 154.78747083293635
238.45332201585748 232.58328343408425
238.51725799279305 297.843140309076
238.58119396972864 325.3396671303186
238.6451299466642 290.8459823574202
238.7090659235998 199.0383763811307
238.7730019005354 99.55322607643964
238.83693787747097 53.07852022408572
238.90087385440657 72.2966246531636
238.9648098313421 105.8512268639884
239.02874580827773 95.77222690806835
239.09268178521327 46.390503912132566
239.15661776214887 16.244580919415423
239.2205537390845 41.49265699356336
239.2844897160201 84.27019192723213
239.34842569295563 76.41902187237241
239.4123616698912 23.660208282278248
239.4762976468268 40.178224107522645
239.5402336237624 242.25702303252427
239.604169600698 602.3601883081524
239.6681055776336 924.5716081269378
239.73204155456915 987.2459764852968
239.79597753150475 737.6199629776894
239.85991350844031 348.0680428829916
239.9238494853759 64.66327492554436
239.98778546231148 10.253267198894088
240.05172143924707 123.86672763300282
240.11565741618267 251.33471274284352
240.17959339311824 285.40288764718514
240.24352937005384 229.85228983661617
240.3074653469894 148.516176919757
240.37140132392497 87.10393317599977
240.43533730086057 50.97735125369231
240.49927327779616 31.29657124969753
240.56320925473173 28.62239564410415
240.62714523166727 46.597553177061805
240.69108120860287 75.16086621278563
240.7550171855385 92.03349649809876
240.8189531624741 82.41637929215382
240.88288913940963 52.809739177688726
240.94682511634525 22.94788989850424
241.01076109328085 7.5016050081292835
241.0746970702164 6.505775789031346
241.138633047152 10.805622734446343
241.2025690240876 13.740554142829215
241.2665050010232 15.875625585209239
241.33044097795877 21.61514910504532
241.39437695489437 33.23074232357252
241.45831293182997 47.66013606220927
241.52224890876553 60.99399897259148
241.58618488570113 77.32830059628888
241.65012086263664 111.10165781143078
241.71405683957224 175.72607004269383
241.77799281650783 267.072638798192
241.84192879344343 357.37627177825846
241.90586477037905 403.9270694158755
241.96980074731457 377.0698650119045
242.03373672425016 294.7899608111165
242.09767270118573 211.3525525702596
242.16160867812133 168.06995001327968
242.2255446550569 184.23320123511235
242.2894806319925 268.68820627576434
242.3534166089281 396.9675881774124
242.41735258586368 509.8340689685504
242.48128856279928 554.2527786269984
242.54522453973485 507.61272223448566
242.60916051667044 387.3287098342539
242.673096493606 250.97140613456932
242.7370324705416 153.2758209584642
242.8009684474772 98.92595070002646
242.8649044244128 56.98093910819015
242.9288404013484 16.039665026255708
242.99277637828396 8.545937567348803
243.05671235521956 67.65229474513008
243.12064833215507 164.20566644458472
243.18458430909067 211.93181801885123
243.2485202860263 153.97921844547184
243.31245626296183 43.903152602330806
243.37639223989743 19.72647329771048
243.44032821683305 172.5040906687208
243.5042641937686 447.6823953370168
243.56820017070416 684.9113197085757
243.63213614763976 746.5278051314734
243.69607212457535 622.7952114525956
243.76000810151092 426.33592702390274
243.82394407844652 278.3232514677465
243.88788005538208 210.99178363949324
243.95181603231768 180.05934316858236
244.01575200925328 138.1932094580843
244.07968798618887 79.63470542906465
244.14362396312447 28.878928493814495
244.20755994006004 4.991533167680011
244.27149591699563 2.9647233648867144
244.3354318939312 5.370118558088856
244.3993678708668 2.885061687717645
244.4633038478024 1.992131635602264
244.527239824738 19.8300589644588
244.59117580167356 70.2962756901094
244.65511177860913 148.99486839007787
244.71904775554472 230.84344003606023
244.7829837324803 288.99872188235986
244.8469197094159 321.42620532763675
244.91085568635145 349.97573401807966
244.97479166328705 386.7452367294484
245.03872764022265 403.54784999509
245.1026636171582 345.9734661008722
245.1665995940938 201.98461137013007
245.23053557102935 50.64263493079193
245.29447154796495 4.848278815777128
245.3584075249005 93.81373165920137
245.4223435018361 217.3167338817022
245.4862794787717 236.6333989205838
245.55021545570727 126.9936711535416
245.61415143264287 13.330680303384918
245.67808740957847 29.68287455843297
245.7420233865141 171.44840701443883
245.80595936344963 297.0399179895972
245.8698953403852 275.965177122126
245.9338313173208 143.78669285602976
245.9977672942564 64.43932067670156
246.061703271192 139.318413421728
246.12563924812756 311.10932717619886
246.18957522506315 426.9134374984079
246.25351120199872 381.7566654255804
246.31744717893432 222.04635563366065
246.3813831558699 78.14447098301281
246.44531913280548 18.72154847986768
246.50925510974108 17.572800953493147
246.57319108667664 21.773323280466276
246.63712706361224 12.186626729935575
246.7010630405478 1.9429516072994024
246.7649990174834 1.6533017241133483
246.828934994419 15.306563991073743
246.89287097135457 61.81654288338483
246.95680694829016 163.24913898593292
247.02074292522573 297.27389665369526
247.08467890216127 384.5496112796978
247.14861487909687 354.3829257374663
247.2125508560325 235.7843567970356
247.2764868329681 157.59918677509674
247.34042280990363 223.82690437309708
247.40435878683925 398.640281622721
247.4682947637748 531.0700438191838
247.5322307407104 498.6943823058897
247.596166717646 327.01524419011395
247.6601026945816 146.934136245111
247.7240386715172 51.27558792980581
247.78797464845275 27.81400856591432
247.85191062538837 18.92988621295997
247.9158466023239 11.486671549022734
247.9797825792595 41.367125193772615
248.04371855619507 119.31274174655412
248.10765453313067 187.12724247676633
248.17159051006624 171.07680056607933
248.23552648700183 78.89935295321226
248.29946246393743 4.72401187674448
248.36339844087297 28.36567392438691
248.42733441780857 140.39413929865054
248.49127039474416 260.26131259309966
248.55520637167973 317.80317813186923
248.61914234861533 312.3241142579488
248.68307832555087 279.72182883336484
248.7470143024865 230.53454300085835
248.8109502794221 154.4160830667092
248.87488625635768 65.91895733442361
248.93882223329325 8.974826605628554
249.00275821022885 12.3088235494464
249.06669418716444 51.85414011001101
249.1306301641 68.3847103181755
249.1945661410356 38.291009449183605
249.2585021179712 9.927571149803946
249.3224380949068 46.84868644422806
249.38637407184237 153.00078355840327
249.45031004877796 263.69602612267204
249.51424602571356 307.45766428768025
249.57818200264913 269.4290640272827
249.64211797958467 187.99628866292247
249.70605395652024 108.84110103613843
249.76998993345583 53.195624457315496
249.83392591039143 26.38458798841752
249.89786188732705 39.881365566467345
249.96179786426265 98.51934511820313
250.02573384119816 173.70641265989963
250.08966981813376 211.64374044859625
250.15360579506932 179.81708633333068
250.21754177200492 102.03863819866719
250.2814777489405 32.9897464368729
250.34541372587609 6.246175628880971
250.40934970281168 16.039312180531628
250.47328567974728 45.16546424192158
250.53722165668287 100.57094687108452
250.60115763361844 200.82621534848624
250.66509361055404 333.4875244246031
250.7290295874896 446.97167066641794
250.7929655644252 490.0992159742537
250.8569015413608 456.9561854285616
250.9208375182964 384.1887878962912
250.984773495232 312.3747235582907
251.04870947216756 253.4906850732806
251.11264544910313 188.3157329563004
251.17658142603867 105.97786716767627
251.2405174029743 33.378721666025335
251.3044533799099 6.525194126835438
251.36838935684543 26.900237919566088
251.43232533378105 58.50678393290615
251.4962613107166 64.7774525946503
251.5601972876522 43.159226790106686
251.62413326458775 24.003085875748724
251.68806924152335 40.34570292046629
251.75200521845895 97.73187046112268
251.81594119539452 168.6149194241906
251.8798771723301 209.3507715814901
251.94381314926568 188.64651374315807
252.00774912620128 114.02887179589042
252.07168510313687 32.05980650573102
252.13562108007247 0.29667478354872207
252.1995570570081 45.81630231921701
252.26349303394363 135.07332634067237
252.3274290108792 196.1986275730627
252.3913649878148 186.79899732223447
252.4553009647504 134.16894212059984
252.519236941686 104.32498301067542
252.58317291862156 135.054718104757
252.64710889555715 197.05248099624623
252.71104487249272 221.17635799625216
252.77498084942832 172.51043395905367
252.83891682636389 91.16737383688036
252.90285280329948 51.281435882046864
252.96678878023505 87.88327284627614
253.03072475717065 166.7577845423108
253.09466073410624 221.88092311175464
253.1585967110418 217.56078363335277
253.2225326879774 170.6817276020541
253.28646866491297 123.12726230358396
253.35040464184857 99.83795110016067
253.4143406187841 90.55089299196061
253.47827659571973 71.31852254338857
253.54221257265533 37.40780042010957
253.60614854959087 9.212861041762986
253.67008452652647 13.258698247428148
253.7340205034621 63.06684772425024
253.79795648039763 151.154892287583
253.8618924573332 251.8592872296015
253.9258284342688 333.1425487217182
253.9897644112044 370.12640414506535
254.05370038814 354.9390340942302
254.1176363650756 302.176715533894
254.18157234201115 242.13433941996848
254.24550831894675 200.81493529763864
254.30944429588232 184.48484058960372
254.3733802728179 181.35817499464133
254.4373162497535 174.03677514797724
254.50125222668908 150.38971898594875
254.56518820362467 108.92468486605652
254.62912418056024 59.62531359062265
254.69306015749584 19.129756309107258
254.7569961344314 1.7234259471267732
254.820932111367 10.309840749817315
254.88486808830257 32.62950739297045
254.94880406523816 48.918699981390795
255.01274004217376 47.1455536285316
255.07667601910927 30.89830336513916
255.14061199604487 13.579753378955912
255.2045479729805 7.694888161924815
255.2684839499161 19.11227570897436
255.33241992685168 48.598069449388014
255.39635590378725 93.4207228433775
255.46029188072285 142.37750405796243
255.5242278576584 175.00131548432913
255.588163834594 172.51465323963473
255.6520998115296 131.64445866488944
255.7160357884652 74.76983457896985
255.7799717654008 39.65145792470578
255.84390774233637 45.05124899351897
255.90784371927197 73.31590693336445
255.97177969620753 89.00642057692579
256.0357156731431 72.63746769139091
256.0996516500786 43.74741451101006
256.1635876270143 46.298570638761085
256.22752360394986 106.40811263651877
256.2914595808855 205.1022441893146
256.35539555782105 290.2612032553442
256.4193315347566 318.3127969044622
256.48326751169213 284.7767875014366
256.5472034886278 220.9447449629652
256.6111394655634 166.95999087354204
256.6750754424989 138.72428711168587
256.7390114194346 124.86930225692385
256.80294739637014 111.80695553805577
256.86688337330565 94.31550108043795
256.9308193502413 74.19692449551678
256.9947553271769 57.06737112274524
257.0586913041125 43.61011790148349
257.12262728104804 30.99234567537657
257.18656325798366 20.443102905174385
257.25049923491923 14.758230409767869
257.3144352118548 13.07553659625784
257.3783711887904 13.84922794487643
257.442307165726 21.75791134878584
257.5062431426616 45.55122441396532
257.5701791195971 84.38995310640563
257.63411509653275 115.525283699292
257.6980510734683 106.62670313644068
257.7619870504039 54.311387013768815
257.82592302733946 4.319141743988345
257.8898590042751 24.169541227510692
257.95379498121065 146.03075350081912
258.0177309581462 326.44619657644057
258.08166693508184 472.1589811039561
258.1456029120174 510.96965280275833
258.209538888953 440.9529649513665
258.27347486588855 323.6816892247222
258.33741084282417 225.4847804508412
258.40134681975974 166.01036239413318
258.4652827966953 126.2261676104646
258.52921877363093 87.32356922755042
258.5931547505665 58.324845396758185
258.65709072750207 68.91592708682815
258.72102670443763 137.55926372570832
258.78496268137326 252.4162864145512
258.8488986583088 368.5437683579564
258.9128346352444 429.0617844858286
258.97677061218 398.410196629876
259.0407065891156 275.1790127940173
259.10464256605115 113.7230131426426
259.1685785429867 17.257263968596696
259.23251451992235 60.148160263103776
259.2964504968579 238.4049977316552
259.3603864737935 460.99534063800405
259.4243224507291 590.1812861749202
259.4882584276647 563.1326748028957
259.55219440460024 423.66089088892926
259.6161303815358 241.73939174279664
259.68006635847144 91.27007085604151
259.744002335407 21.70562690876614
259.80793831234257 22.804105294112038
259.87187428927814 73.5464278647961
259.93581026621376 166.05283536582317
259.99974624314933 271.75896345608527
260.0636822200849 342.8632453939952
260.12761819702047 337.6504582934212
260.1915541739561 251.42248930804627
260.25549015089166 137.91425246641975
260.3194261278273 70.13973906337074
260.38336210476285 77.57739499866214
260.4472980816984 131.00206147133733
260.511234058634 175.49252486517622
260.5751700355696 175.6737768153801
260.6391060125052 139.88469241526158
260.70304198944075 103.30476956964408
260.7669779663764 90.25986139859229
260.83091394331194 97.01346546610186
260.8948499202475 104.9780911468332
260.9587858971831 102.07676539802443
261.0227218741187 91.25731738481095
261.0866578510542 81.7994096065383
261.15059382798984 75.03919100499013
261.21452980492546 63.49563410359272
261.27846578186103 48.06173280754573
261.34240175879654 49.46428955759965
261.40633773573217 92.56508427296289
261.47027371266773 176.85059848532987
261.5342096896033 262.87573438384123
261.59814566653887 293.0541546884168
261.6620816434745 238.7255147689692
261.72601762041006 131.14938970436475
261.7899535973457 37.62349471238064
261.85388957428125 3.0589524336158127
261.9178255512169 16.527448519632102
261.98176152815245 33.6754181413279
262.045697505088 28.92928719008149
262.10963348202364 19.561647329924863
262.1735694589592 37.978148367060406
262.2375054358948 88.81001495105225
262.30144141283034 139.9110083200079
262.365377389766 159.0359632656334
262.42931336670154 148.29761648206664
262.4932493436371 130.41552292410387
262.5571853205727 116.87209884532506
262.6211212975083 106.02442536018783
262.68505727444386 109.24933224891268
262.74899325137943 166.32985150815574
262.81292922831506 310.93112045974334
262.8768652052506 505.510566999
262.94080118218614 638.1956627209269
263.0047371591218 625.1485255255127
263.0686731360574 506.39121977229365
263.1326091129929 417.3781518511237
263.19654508992846 473.0172607826361
263.26048106686414 649.8629561093443
263.32441704379966 776.616668736929
263.3883530207353 698.8837695483384
263.4522889976709 440.1332765429901
263.5162249746065 165.95299199855987
263.58016095154204 24.46528526167288
263.6440969284776 29.679001837878094
263.70803290541323 80.83994280572153
263.7719688823488 87.72864579077587
263.8359048592844 58.665206035660766
263.89984083622 59.48506169312994
263.9637768131556 111.69017586182784
264.02771279009113 161.42457364410333
264.0916487670267 145.94935005768485
264.1555847439623 70.01775222095232
264.2195207208979 9.584393125773598
264.28345669783346 37.80163610264268
264.3473926747691 159.49810353172595
264.41132865170465 319.43200447261614
264.4752646286402 448.3908447266036
264.5392006055758 499.68747098796814
264.6031365825114 456.7233368063968
264.667072559447 328.823225717952
264.73100853638255 169.2740007158205
264.79494451331817 78.0824987851951
264.85888049025374 138.70131784737472
264.9228164671893 332.3880996440933
264.9867524441249 526.4574038269292
265.0506884210605 574.2444207548233
265.11462439799607 437.2094858770972
265.17856037493164 210.86047188383796
265.24249635186726 41.53233946224172
265.3064323288028 8.952593737319917
265.3703683057384 76.5439075148613
265.434304282674 152.0665486781058
265.4982402596096 176.83292821197216
265.56217623654516 149.92508923286806
265.6261122134807 99.4994425613397
265.69004819041635 55.13005486020809
265.7539841673519 40.46008660569979
265.8179201442875 71.50173429929073
265.88185612122305 139.63492073922575
265.9457920981587 198.668950440664
266.00972807509424 191.30515117967184
266.0736640520298 107.00967120600497
266.13760002896544 15.837896719317648
266.201536005901 18.971022367642288
266.2654719828366 151.9656121711888
266.32940795977214 347.02247132867046
266.39334393670777 483.96499867746417
266.45727991364333 483.9841239112392
266.5212158905789 368.49024465090633
266.58515186751447 221.17519321147176
266.6490878444501 107.71996634218152
266.71302382138566 44.779800889250474
266.7769597983212 19.960317781256848
266.84089577525685 17.291765194222773
266.9048317521924 23.45854928997217
266.968767729128 26.94812936643945
267.0327037060636 29.0426174872062
267.0966396829992 53.84171454367577
267.16057565993475 127.04470987514863
267.2245116368703 234.8765355335304
267.28844761380594 320.070371755274
267.3523835907415 331.1812111822893
267.4163195676771 275.3778097760539
267.4802555446127 214.65235354871567
267.54419152154827 199.77739287650508
267.60812749848384 220.6996888859496
267.6720634754194 239.13904689061047
267.73599945235503 265.1621405511911
267.79993542929054 377.14440398830334
267.86387140622617 631.9997177561651
267.92780738316173 959.2247018976957
267.9917433600973 1178.1993616841053
268.05567933703287 1136.133294243046
268.1196153139685 839.3126136511382
268.18355129090406 453.5090508526383
268.2474872678397 166.31653529988475
268.31142324477526 47.06578371104735
268.3753592217109 34.8077854929999
268.43929519864645 38.03152996319946
268.503231175582 22.640528266645013
268.5671671525176 6.8891767647596875
268.6311031294532 4.676174146783391
268.6950391063888 4.456335108142831
268.75897508332434 1.9204069503823615
268.82291106026 25.531083072758527
268.88684703719554 104.52874004019768
268.9507830141311 213.4762820508436
269.0147189910667 275.2263927561972
269.0786549680023 234.91889047012288
269.14259094493787 121.81348168540076
269.20652692187343 33.2088511844086
269.27046289880906 52.57148304499675
269.3343988757446 176.17137359247852
269.39833485268014 324.0031871527139
269.46227082961576 413.02282867260664
269.5262068065514 410.56886137017904
269.5901427834869 335.77365041377567
269.65407876042246 228.64267516604892
269.71801473735815 125.07487094729863
269.78195071429366 51.237110759401475
269.8458866912293 18.565257556525804
269.90982266816485 20.569918924620797
269.9737586451005 45.720831517323134
270.03769462203604 96.95900310948927
270.1016305989716 190.00677554288905
270.16556657590723 321.6983592642372
270.2295025528428 445.2417461146063
270.2934385297784 496.0662245140518
270.35737450671394 451.2938420227677
270.4213104836496 355.4450229007131
270.4852464605852 280.090097149848
270.5491824375207 250.50287794741925
270.6131184144563 217.80820940541827
270.6770543913919 132.02700085293205
270.74099036832746 31.897068221319334
270.804926345263 22.74066701569363
270.86886232219865 163.2818967052809
270.9327982991342 378.40606925312966
270.9967342760698 500.40746065027207
271.0606702530054 427.80207936548794
271.124606229941 226.58984279751212
271.18854220687655 61.24375709213068
271.25247818381206 44.92849347432821
271.31641416074774 149.06698157345699
271.3803501376833 246.863241609759
271.4442861146189 244.9605500522088
271.5082220915545 159.66554695036132
271.57215806849007 69.67187957118014
271.63609404542564 27.662211931583265
271.7000300223612 30.821037429364623
271.7639659992968 54.69582684593838
271.8279019762324 89.04943372125108
271.891837953168 131.13591012656912
271.9557739301036 160.37834034573595
272.01970990703916 146.6820049611262
272.0836458839747 87.83776912875966
272.1475818609103 25.21888051292431
272.2115178378459 12.25132162783362
272.2754538147815 61.866921479991504
272.33938979171705 129.66940483586316
272.4033257686527 159.35809536480744
272.46726174558825 138.3625665492208
272.5311977225238 99.74619581591699
272.5951336994594 84.10166410646414
272.659069676395 110.20672577017292
272.7230056533306 171.6309933517736
272.78694163026614 255.49369735591767
272.85087760720177 351.61235069294656
272.91481358413733 432.98393644114526
272.9787495610729 453.6366729186985
273.04268553800847 384.932059544584
273.1066215149441 246.84846136526127
273.17055749187966 104.65764216798128
273.23449346881523 26.075937231730432
273.29842944575086 24.5391188825334
273.3623654226864 51.4719042666916
273.426301399622 51.71463559840457
273.49023737655756 19.741920638704023
273.5541733534932 3.4292759773962853
273.61810933042875 54.557838813254406
273.6820453073643 168.83471709926263
273.74598128429994 278.90996272266045
273.8099172612355 310.3740303706339
273.8738532381711 240.62845474952093
273.93778921510665 115.19444617853117
274.0017251920423 17.41762697497521
274.06566116897784 11.826631275454364
274.1295971459134 105.07928751649372
274.19353312284903 251.52775475619288
274.2574690997846 385.41925029063617
274.32140507672017 454.4778935610466
274.38534105365574 438.38610368169975
274.44927703059136 351.07136945484604
274.5132130075269 245.30465354690756
274.5771489844625 206.36277648610803
274.64108496139806 306.8671035616564
274.7050209383337 556.8197703114494
274.76895691526926 885.7191854434792
274.8328928922048 1152.9719492750255
274.89682886914045 1214.1860348296839
274.960764846076 1024.939942506078
275.0247008230116 672.6236570886384
275.0886367999472 309.51717257425474
275.1525727768828 68.36630925170496
275.21650875381835 1.9009409945714535
275.2804447307539 63.94427702114629
275.34438070768954 154.90502657148008
275.4083166846251 194.89539722382543
275.4722526615607 170.23056982178463
275.5361886384963 126.3810415963516
275.60012461543187 117.62664267026406
275.66406059236743 161.60851220094045
275.727996569303 227.12633295178944
275.7919325462386 255.58745816446984
275.85586852317414 211.10420300608547
275.91980450010976 113.63652466386004
275.9837404770454 23.93802805203008
276.0476764539809 9.352006476126432
276.11161243091647 105.48927543837696
276.1755484078521 289.58454990129525
276.23948438478766 492.5923012728536
276.3034203617233 631.9036604877207
276.36735633865885 651.7480914685893
276.4312923155945 554.5759485323947
276.49522829253004 387.16881777810624
276.5591642694656 209.45126324016655
276.6231002464012 78.50401563029645
276.6870362233368 28.627449114618155
276.7509722002724 60.19497728818222
276.81490817720794 147.29724531366313
276.8788441541436 247.69037261598515
276.94278013107913 316.95882656306173
277.0067161080147 318.4920931774663
277.07065208495027 240.92041757835548
277.1345880618859 124.56166765988137
277.19852403882146 38.08154406479888
277.26246001575703 12.478037528474172
277.32639599269265 23.437462536704732
277.3903319696282 30.1963976918236
277.45426794656373 21.046226203922426
277.5182039234993 25.05221588846881
277.582139900435 77.47732047357825
277.6460758773705 174.9824460113059
277.71001185430606 265.79244696598886
277.77394783124174 291.00277061539174
277.83788380817725 247.07517382929353
277.9018197851129 187.762227809586
277.96575576204845 168.5956521777412
278.02969173898407 218.29431696776905
278.09362771591964 323.29912336917073
278.1575636928552 420.9089423435097
278.22149966979083 452.4185459406498
278.2854356467264 405.9822273104082
278.349371623662 301.7494882779214
278.41330760059753 179.17281444196175
278.47724357753316 82.81006945433585
278.5411795544687 29.985320843614023
278.6051155314043 8.012446626585644
278.6690515083399 3.028493033141866
278.7329874852755 22.034450305075268
278.79692346221105 85.21308342446862
278.8608594391466 188.11819037163727
278.92479541608225 277.1752613108499
278.9887313930178 288.03204324136505
279.0526673699534 205.08171105135077
279.116603346889 79.76948346902168
279.1805393238246 3.745275256127424
279.24447530076014 37.67529222135851
279.30841127769565 156.35054679595075
279.37234725463134 285.4073114187978
279.4362832315669 362.4969782509823
279.5002192085025 367.2972017259152
279.5641551854381 325.04487399689884
279.62809116237366 264.98221030718497
279.69202713930923 200.5566207565545
279.7559631162448 162.12084808538438
279.8198990931804 181.878558932459
279.883835070116 250.22376180431985
279.9477710470516 317.5227970693061
