0.1 159.67332324501191
0.16393598093558792 144.85238008443537
0.22787196187117584 122.40198134138204
0.2918079428067637 103.8628182995548
0.35574392374235164 150.03308005838002
0.4196799046779396 365.04099356404333
0.48361588561352753 679.866242102552
0.5475518665491154 802.0717070018129
0.6114878474847033 553.8702782876715
0.6754238284202913 161.90349578585986
0.7393598093558792 31.27462634265026
0.803295790291467 436.42701675536233
0.8672317712270549 1240.693739090564
0.9311677521626429 1892.680492552396
0.9951037330982307 1838.253559629345
1.0590397140338188 1049.388225983272
1.1229756949694067 250.98140260346068
1.1869116759049947 396.4586805656909
1.2508476568405826 1733.7589056906015
1.3147836377761704 3537.736004211256
1.3787196187117583 4676.660810531482
1.4426555996473462 4433.219223140304
1.506591580582934 3035.735847516484
1.570527561518522 1388.0416071832817
1.63446354245411 365.96758949180247
1.698399523389698 190.68147941507925
1.762335504325286 414.1309306682392
1.8262714852608737 581.6715127092726
1.8902074661964616 734.4481229987296
1.9541434471320491 1266.2715918691752
2.018079428067637 2545.394970220638
2.082015409003225 4368.060655739143
2.1459513899388134 5949.509110574753
2.2098873708744007 6630.447408900392
2.273823351809989 6154.168718728087
2.337759332745577 4647.5241958049
2.4016953136811647 2787.5577308629836
2.465631294616753 1358.410318223674
2.5295672755523406 644.4370208230062
2.593503256487929 498.65888580498336
2.657439237423517 622.1396237098057
2.7213752183591047 771.409844527903
2.7853111992946924 876.1352123076125
2.8492471802302806 1049.3104408295887
2.913183161165868 1476.9220576605928
2.9771191421014565 2212.3843495115807
3.041055123037044 3101.7524223431715
3.1049911039726323 3899.132897361309
3.16892708490822 4408.737370395702
3.232863065843808 4533.835332384408
3.296799046779396 4261.565910184971
3.360735027714984 3670.7183131623096
3.424671008650572 2902.4698282538916
3.4886069895861596 2101.797187698715
3.552542970521748 1400.8050522514832
3.616478951457336 960.5938267869544
3.680414932392923 1052.4036112729775
3.7443509133285113 1964.6068633597583
3.808286894264099 3570.96794129861
3.872222875199687 5050.381649047837
3.9361588561352745 5309.318222111916
4.000094837070863 3858.4377543992214
4.064030818006451 1541.4793034717688
4.127966798942039 312.6143676975811
4.191902779877625 1594.0937866354159
4.255838760813214 4684.344620290869
4.319774741748802 7060.752809226205
4.38371072268439 6515.753755783085
4.447646703619977 3381.2241383598243
4.511582684555566 519.6007900358499
4.5755186654911535 832.249375691257
4.639454646426742 4546.231707540313
4.70339062736233 8647.317589342163
4.7673266082979175 9577.563514847363
4.831262589233504 6615.454027498267
4.895198570169093 2331.10449660788
4.959134551104682 340.64556063575066
5.023070532040268 2174.2781468417606
5.087006512975857 6039.60052873935
5.150942493911445 8921.514671007268
5.2148784748470325 9139.612908554926
5.278814455782621 7313.617996715013
5.342750436718209 5437.490893557172
5.4066864176537965 4523.1629675921
5.470622398589384 4033.6427791660967
5.534558379524973 3352.3874328530264
5.598494360460561 2571.3868492767406
5.662430341396148 2379.8703602747487
5.726366322331736 3205.073302549715
5.790302303267324 4352.401043638504
5.854238284202912 4660.495081790202
5.9181742651385 3646.436031665271
5.982110246074088 1900.5271786563335
6.046046227009676 619.6399567726094
6.109982207945264 449.84911406804014
6.173918188880852 972.2830769746115
6.23785416981644 1348.2605263295648
6.301790150752027 1119.5149632055216
6.365726131687615 488.3688032458457
6.429662112623204 34.03263157750127
6.493598093558791 193.71197880875184
6.557534074494379 898.0027685441933
6.621470055429967 1653.5813265408028
6.685406036365555 1993.1796478586111
6.749342017301143 1740.250701008662
6.81327799823673 1069.0012248284283
6.8772139791723195 439.65431522465553
6.941149960107905 229.7963782723008
7.005085941043495 435.1786400628223
7.069021921979083 750.9020008291639
7.13295790291467 823.2368734156422
7.196893883850257 546.7486307790306
7.260829864785847 171.49531995583064
7.3247658457214335 66.7714093642247
7.388701826657022 438.5546326114204
7.452637807592612 1214.8083439799764
7.516573788528197 2079.7642783767956
7.580509769463785 2668.39106907673
7.644445750399375 2801.923078181948
7.708381731334962 2565.6433356505854
7.7723177122705485 2230.845041014924
7.836253693206138 2066.518739637689
7.900189674141725 2064.8393991511043
7.964125655077313 1866.878745975152
8.028061636012902 1174.4904968794704
8.09199761694849 279.8164122700072
8.155933597884077 111.07818001840462
8.219869578819665 1653.884607238519
8.283805559755253 4987.099794067209
8.34774154069084 8761.36738453576
8.411677521626428 10933.044026345819
8.475613502562016 10197.242343161945
8.539549483497604 6962.282319092745
8.603485464433193 3152.4393920948064
8.667421445368781 754.2522053664353
8.731357426304369 335.056905374538
8.795293407239955 933.8617029407591
8.859229388175544 1211.521709849733
8.923165369111134 725.4660374450949
8.987101350046718 192.15995934446607
9.051037330982307 505.70542650389206
9.114973311917897 1608.1545093577363
9.178909292853485 2452.3228746627174
9.242845273789072 2089.89185256115
9.30678125472466 791.192425554253
9.370717235660248 45.98078175135888
9.434653216595837 1231.2059931383424
9.498589197531423 4146.056199820131
9.562525178467011 6986.4535254631055
9.626461159402599 7782.757011744936
9.690397140338186 5993.261112863936
9.754333121273776 2959.754986708396
9.818269102209364 734.5895899253803
9.882205083144951 371.93770714413904
9.946141064080539 1318.5394450067367
10.010077045016127 2205.2426030942297
10.074013025951714 2147.9646081706755
10.137949006887302 1365.1435958596107
10.201884987822888 641.3628132058556
10.265820968758476 449.628596827891
10.329756949694069 634.4510263705473
10.393692930629655 747.4006737854395
10.457628911565243 580.8208830718596
10.52156489250083 338.233042380402
10.585500873436416 357.68776041469494
10.649436854372004 783.1545997574772
10.713372835307592 1462.444579410784
10.77730881624318 2062.979831629225
10.841244797178769 2262.19030856809
10.905180778114357 1915.099356416114
10.969116759049946 1170.1854281498659
11.033052739985532 451.321709780476
11.09698872092112 278.1039658723401
11.160924701856707 988.7182803364936
11.224860682792295 2484.138499036992
11.288796663727885 4241.056543437122
11.352732644663472 5670.37200885529
11.41666862559906 6459.583386310094
11.480604606534648 6609.22219157473
11.544540587470236 6281.0177098417325
11.608476568405823 5645.673983860098
11.672412549341413 4797.2367081722605
11.736348530277 3769.230000170669
11.800284511212588 2630.0311099179276
11.864220492148176 1556.0855901010063
11.928156473083764 792.5108803589347
11.992092454019351 512.2623171936368
12.05602843495494 706.8707877159704
12.119964415890529 1159.1882028949285
12.183900396826116 1496.0609802050403
12.247836377761704 1435.930194068148
12.311772358697292 1061.7222581157407
12.37570833963288 770.9554642561368
12.439644320568467 1000.221147253238
12.503580301504053 1892.8178256674369
12.567516282439643 3086.1138253207
12.63145226337523 3991.8107422929065
12.69538824431082 4242.210089324295
12.759324225246408 3752.421692296104
12.823260206181995 2686.2630435541287
12.887196187117585 1443.7039746947464
12.95113216805317 458.59345393769655
13.015068148988759 42.04312017940749
13.079004129924346 318.31015194505574
13.142940110859932 1123.884787569257
13.20687609179552 2088.42567827584
13.270812072731111 2807.841210373537
13.334748053666697 2968.0747290590384
13.398684034602287 2540.0499291021088
13.462620015537874 1772.5384582509198
13.526555996473462 989.060988211238
13.590491977409048 527.7119166285667
13.654427958344636 567.7979760322803
13.718363939280223 914.8149586199293
13.782299920215811 1180.2080995540348
13.846235901151402 1076.0332648466103
13.91017188208699 621.1085477344121
13.974107863022576 189.7929638917916
14.038043843958164 129.32162546224984
14.101979824893752 372.1616148837605
14.16591580582934 557.7049541118809
14.229851786764929 425.8074838822546
14.293787767700517 113.93013884147187
14.357723748636104 52.98225758422428
14.421659729571692 502.57437656482927
14.48559571050728 1289.5477204448591
14.549531691442867 1997.22070114964
14.613467672378455 2309.588402090364
14.677403653314045 2189.9437920324235
14.741339634249632 1803.3770509387928
14.80527561518522 1337.0388564750451
14.869211596120808 905.9558535439896
14.933147577056396 566.9251482377456
14.997083557991983 338.46578712951805
15.061019538927573 196.4244717293952
15.12495551986316 137.3738475068543
15.188891500798748 300.0266183296662
15.252827481734336 925.794039940456
15.316763462669924 2031.9680394516677
15.380699443605511 3116.128883532908
15.4446354245411 3386.6887003096494
15.508571405476687 2501.740883471501
15.572507386412274 1133.5408918695923
15.636443367347864 629.3347431386072
15.700379348283452 1867.6885546335996
15.76431532921904 4353.03930336648
15.828251310154627 6485.90155622267
15.892187291090215 6844.597238388814
15.956123272025803 5303.515707464339
16.020059252961392 2968.1499388174125
16.083995233896978 1132.963208078041
16.147931214832568 308.7520200367469
16.211867195768157 136.39765207971726
16.275803176703743 97.07459807170636
16.339739157639332 131.26861437958704
16.40367513857492 551.941889472311
16.467611119510508 1509.6683720520602
16.531547100446097 2681.341413513642
16.595483081381683 3538.711098130448
16.659419062317273 3769.579013620835
16.72335504325286 3383.878085477212
16.78729102418845 2613.0904961845727
16.851227005124034 1735.35572408888
16.915162986059624 951.9447185602762
16.97909896699521 424.143472561249
17.0430349479308 262.1756413329575
17.10697092886639 400.03564079194615
17.170906909801975 576.1964724957882
17.234842890737564 524.6450748155896
17.29877887167315 244.4076195955018
17.36271485260874 104.00817284340654
17.426650833544326 684.6783575787811
17.490586814479915 2369.816212682781
17.5545227954155 4905.5034608299375
17.61845877635109 7378.40592494569
17.68239475728668 8648.899976603592
17.746330738222262 7987.283419928576
17.810266719157855 5623.100058028333
17.87420270009344 2729.768063198237
17.93813868102903 678.8343211604639
18.002074661964617 68.72992289103178
18.066010642900206 381.6590005672113
18.129946623835792 648.6631697133772
18.19388260477138 445.97646049815296
18.257818585706968 264.7558819326448
18.32175456664256 949.6759185517049
18.385690547578143 2736.541700081252
18.44962652851373 4859.900778527318
18.51356250944932 6108.624345608667
18.577498490384908 5775.854150214305
18.641434471320498 4171.654882808528
18.705370452256084 2259.6045713230023
18.769306433191677 859.8649581498543
18.833242414127263 208.21894849787628
18.89717839506285 69.4892823693948
18.96111437599844 98.26587264388947
19.025050356934024 103.84633336882956
19.088986337869613 68.80059273967001
19.1529223188052 32.35817936194768
19.21685829974079 13.434186227247965
19.28079428067637 9.078974650039774
19.344730261611964 15.857518714120443
19.408666242547557 42.89340291747926
19.472602223483136 116.19317942201296
19.53653820441873 266.34039309091213
19.600474185354315 491.9518935545837
19.664410166289905 723.7888175476373
19.728346147225487 843.4450410503154
19.79228212816108 785.191058597922
19.856218109096663 624.1438132026343
19.920154090032252 518.1281777053256
19.984090070967845 580.969490934137
20.04802605190343 821.3152024457928
20.11196203283902 1136.7091101683372
20.175898013774606 1387.0124567454811
20.239833994710196 1510.1072869367274
20.30376997564578 1525.752435140748
20.367705956581368 1478.379191352824
20.43164193751696 1426.732787763246
20.495577918452543 1411.1918965108985
20.559513899388136 1384.6155890154598
20.62344988032372 1209.4570938427248
20.687385861259312 787.2747820890983
20.751321842194898 254.33189590832737
20.815257823130487 31.46102593297648
20.879193804066077 534.396045341026
20.943129785001663 1702.1555760221463
21.00706576593725 2875.8546665641193
21.07100174687284 3258.042786990352
21.134937727808424 2557.073398730822
21.198873708744014 1270.4476365383384
21.262809689679603 312.8696866072258
21.32674567061519 229.39811573276808
21.390681651550775 756.5186351485049
21.454617632486364 1168.8258131425334
21.518553613421957 1010.1287214619192
21.582489594357536 516.7018938758033
21.64642557529313 366.86392579527063
21.710361556228715 985.5279299259519
21.774297537164305 2101.215665029667
21.83823351809989 2979.577248436393
21.90216949903548 3034.9927634953974
21.96610547997107 2257.7300815529943
22.030041460906652 1157.188849875332
22.093977441842245 336.17030774287406
22.15791342277783 93.32151108582384
22.22184940371342 329.3542547285503
22.285785384649007 724.7138032419036
22.3497213655846 997.8585471150016
22.413657346520186 1053.5685828348282
22.477593327455768 964.7459148453921
22.54152930839136 874.1191343588445
22.605465289326943 889.3108036288705
22.669401270262536 990.555248613704
22.73333725119812 1029.569113104928
22.797273232133712 884.2225622551113
22.861209213069294 607.1835189858938
22.925145194004887 387.5639214109962
22.98908117494048 418.6317827763348
23.053017155876063 758.8264220143992
23.11695313681165 1223.5801150419795
23.18088911774724 1511.703151416025
23.244825098682828 1469.768650661902
23.308761079618414 1132.7722053958016
23.372697060554003 643.6290204726179
23.43663304148959 220.76190877038093
23.500569022425175 75.85509414541423
23.564505003360768 328.13725157114715
23.628440984296358 924.1519926014672
23.692376965231944 1570.9959076639534
23.75631294616753 1883.4333152574704
23.82024892710312 1674.134551663815
23.884184908038705 1125.5378113647282
23.94812088897429 706.8324895160978
24.01205686990988 832.1573777941834
24.075992850845466 1561.5635552614156
24.139928831781056 2529.8688732403475
24.203864812716645 3169.7702618960934
24.267800793652235 3167.2021250259786
24.33173677458782 2623.3197249612895
24.395672755523407 1834.7256544495287
24.459608736459 1139.530862700372
24.523544717394586 818.2016746336734
24.587480698330168 961.0461056810365
24.65141667926576 1391.8884333204155
24.71535266020135 1717.5027502807484
24.779288641136937 1599.3313094028947
24.84322462207253 1040.761260801229
24.907160603008112 395.04086486791726
24.9710965839437 106.09693365574016
25.035032564879288 301.34810910069325
25.09896854581488 626.9397069879034
25.162904526750463 619.4333112208799
25.22684050768605 241.07255731424607
25.29077648862164 20.87769232845629
25.354712469557228 577.3569866976717
25.418648450492817 1926.6004995174687
25.482584431428403 3330.7978439157623
25.546520412363993 3862.9613439594887
25.610456393299575 3185.9271956532407
25.67439237423517 1855.167244818948
25.738328355170754 817.8046531732841
25.802264336106344 602.1233040376524
25.866200317041933 987.3955422792689
25.93013629797752 1356.4153245197847
25.99407227891311 1288.2347721326614
26.05800825984869 840.0692268224251
26.121944240784284 357.6318606568822
26.185880221719874 92.47836189382983
26.249816202655456 25.857045677973
26.313752183591046 15.664989014682027
26.377688164526635 12.349112048529548
26.441624145462225 91.93408751792659
26.505560126397807 309.2464635983827
26.5694961073334 570.0630101427836
26.633432088268982 688.1901588599728
26.697368069204572 561.7982800380852
26.76130405014016 286.50701489463813
26.82524003107575 88.24673250058369
26.889176012011337 129.92974599133237
26.953111992946926 380.6698964228162
27.017047973882516 652.6994983554467
27.0809839548181 761.4802854344102
27.144919935753688 662.0533799043069
27.20885591668928 443.4716231532128
27.272791897624863 232.91402108798184
27.33672787856045 102.70227948880049
27.40066385949604 41.20196246965024
27.464599840431628 10.597895370537232
27.528535821367218 0.8274639763576089
27.592471802302807 15.698028671280124
27.656407783238393 41.4651248195359
27.720343764173982 54.24717079002388
27.78427974510957 65.27689909414873
27.84821572604516 131.3738531964496
27.912151706980744 286.22612534215017
27.976087687916333 464.0010242932793
28.04002366885192 526.7380429688882
28.10395964978751 408.99467614441033
28.167895630723095 221.82524002509533
28.231831611658684 173.48509641059118
28.295767592594277 372.8390459506032
28.359703573529856 687.1735356588443
28.42363955446545 823.2801625732545
28.487575535401035 622.1487366500855
28.551511516336625 255.18338720000128
28.615447497272207 88.31597729882675
28.6793834782078 349.8253882872348
28.743319459143382 905.6548782653304
28.807255440078972 1363.0465649501532
28.871191421014565 1408.5751611372875
28.93512740195015 1052.3156829456632
28.99906338288574 591.6499934895998
29.062999363821326 336.92781838526525
29.126935344756916 357.2375930644833
29.1908713256925 504.8877517036255
29.254807306628088 602.6489250118123
29.31874328756368 568.8661703905963
29.382679268499263 432.8768404585044
29.446615249434856 255.5292064565521
29.51055123037044 83.14028792936122
29.57448721130603 1.6461964225566212
29.638423192241618 140.51306799659537
29.702359173177207 560.1528579588905
29.766295154112797 1125.9665395693014
29.830231135048383 1525.7171193133743
29.89416711598397 1489.4232118943728
29.95810309691956 1022.9644076830298
30.022039077855148 440.903144030793
30.085975058790734 144.70542163152035
30.149911039726323 280.5805813759061
30.21384702066191 616.9704806587381
30.277783001597495 787.0748834253363
30.341718982533084 620.8438221521484
30.405654963468677 272.7761619681979
30.469590944404256 57.69778902779298
30.53352692533985 139.54958628083975
30.59746290627544 401.7869981895217
30.661398887211025 603.3886604495704
30.72533486814661 602.6329281710109
30.7892708490822 455.2019553012317
30.85320683001779 309.6159747746496
30.917142810953372 226.75752237919372
30.981078791888965 164.86149863788208
31.04501477282455 87.58535661575482
31.10895075376014 17.680646677934526
31.172886734695727 4.813086142350223
31.23682271563132 48.62680401009484
31.300758696566906 85.11907493035314
31.364694677502488 64.59838383115245
31.42863065843808 12.93153627490447
31.492566639373663 12.194483757792623
31.556502620309256 115.49833580082574
31.62043860124484 302.29680076252333
31.684374582180432 513.2328800167041
31.74831056311602 696.3194449464588
31.812246544051607 835.453603257162
31.8761825249872 905.304064998166
31.940118505922783 841.9632865682206
32.004054486858365 629.2169472667641
32.067990467793955 335.1227435395755
32.131926448729544 85.76644858355344
32.195862429665134 31.548368260115172
32.25979841060072 249.51502855078687
32.32373439153631 676.4845419034516
32.3876703724719 1103.7338493104144
32.451606353407485 1258.585135928066
32.515542334343074 997.8161857626051
32.579478315278664 444.4868763977728
32.64341429621425 20.825679167029215
32.707350277149835 264.50179191380647
32.771286258085425 1384.0548976321816
32.835222239021014 3014.181143514824
32.899158219956604 4383.174287737049
32.96309420089219 4754.957266166883
33.02703018182777 3931.819395640836
33.090966162763365 2377.495140592818
33.154902143698955 881.1273395960167
33.218838124634544 80.282061250331
33.28277410557013 102.76707593121525
33.34671008650572 604.8473656982313
33.410646067441306 1112.0903240423174
33.474582048376895 1304.4639986757077
33.538518029312485 1145.0665905430917
33.60245401024807 815.0738764615091
33.66638999118366 512.863618427136
33.730325972119246 321.02830523767983
33.794261953054836 207.4166172915332
33.85819793399042 108.88573588438886
33.92213391492601 22.821793455116204
33.9860698958616 16.201157871550212
34.05000587679719 124.88005440502792
34.11394185773277 271.2545915708683
34.17787783866836 316.0932992987883
34.24181381960395 194.37032539066527
34.30574980053954 27.193234624345845
34.36968578147513 40.31853006694278
34.43362176241071 306.9490837658622
34.4975577433463 647.0527954414233
34.56149372428189 778.3070607722891
34.62542970521748 565.8615447301479
34.68936568615307 191.9276685182949
34.75330166708865 0.6787972574951948
34.81723764802424 149.38439382539096
34.88117362895983 483.8193037902378
34.94510960989542 718.9493815685033
35.009045590831 708.0360288308849
35.07298157176659 554.2093885975447
35.13691755270218 461.0523887418444
35.20085353363777 495.55278156150064
35.26478951457336 523.3997241588331
35.32872549550894 389.9742988239441
35.39266147644453 136.55586066117948
35.45659745738012 4.784944630218326
35.52053343831571 228.6859590027936
35.584469419251285 811.6527703919656
35.64840540018688 1498.44864098913
35.71234138112247 1950.2188190998716
35.77627736205806 1970.006998445724
35.84021334299365 1640.0983314321145
35.90414932392923 1228.5623397801476
35.96808530486482 934.9985953975978
36.03202128580041 765.6113629130601
36.095957266736 614.8507881871175
36.15989324767158 431.7370063094659
36.223829228607165 326.8495281724001
36.28776520954276 477.1862949596907
36.35170119047835 893.153907751009
36.415637171413934 1317.3342581565776
36.47957315234952 1402.6856100239884
36.54350913328511 1030.6776616695158
36.6074451142207 478.6800317511449
36.671381095156285 227.747184212916
36.735317076091874 523.4039561489164
36.79925305702746 1144.98894918296
36.863189037963046 1623.0752235741802
36.92712501889864 1627.0076950080468
36.99106099983423 1196.6873939377383
37.05499698076981 668.7341510073408
37.11893296170541 348.91685784142106
37.182868942640994 277.8672660760259
37.246804923576576 296.74119308134595
37.310740904512166 251.2679634432289
37.37467688544776 125.53822772248633
37.438612866383345 16.788641006337595
37.50254884731893 34.84381426658916
37.56648482825452 245.22440785882827
37.630420809190106 628.5616689888918
37.694356790125696 1052.8639209179348
37.758292771061285 1312.4274427645112
37.82222875199688 1236.7501835514931
37.88616473293246 845.5217733095984
37.950100713868046 404.5052293998378
38.01403669480364 262.1552060013109
38.077972675739225 595.9896020249604
38.141908656674815 1239.5368352870023
38.2058446376104 1788.6518388141665
38.269780618545994 1998.1078535726535
38.333716599481576 1979.364307678256
38.397652580417166 2011.0265018928717
38.46158856135274 2339.9040900097334
38.52552454228834 3024.196522699227
38.58946052322393 3822.5536142222545
38.65339650415952 4355.17156842343
38.71733248509511 4350.9122782130635
38.78126846603069 3746.873477303705
38.84520444696628 2721.0522899391767
38.90914042790186 1632.346117209306
38.97307640883746 839.3892803280951
39.03701238977304 510.07797890975695
39.10094837070863 534.303170388925
39.16488435164422 631.2467651353697
39.22882033257981 586.1496092411603
39.2927563135154 394.99124081116497
39.35669229445097 196.07346657333463
39.42062827538657 92.32216688042264
39.48456425632216 68.94987902535391
39.548500237257755 75.74982447169283
39.61243621819333 146.1992487287872
39.67637219912892 387.42898022534047
39.7403081800645 846.0037882141575
39.8042441610001 1413.2846299314783
39.86818014193569 1865.733341200578
39.93211612287127 2015.1603840079988
39.99605210380686 1856.3819327516387
40.05998808474245 1563.4102379456872
40.12392406567804 1352.9939153162084
40.187860046613615 1365.5956601528603
40.25179602754921 1613.3374216048865
40.3157320084848 1967.169578357434
40.37966798942039 2192.767498004769
40.44360397035597 2065.012050657817
40.50753995129156 1522.3666159529143
40.57147593222715 763.2498880059155
40.635411913162734 175.80053623002445
40.69934789409833 60.148705422966785
40.76328387503391 366.94687324117456
40.8272198559695 760.0980652433618
40.891155836905085 924.1466278283707
40.95509181784068 789.1845450305934
41.01902779877627 516.4968686684249
41.08296377971185 304.1630453979317
41.14689976064744 213.24425808353988
41.21083574158303 181.59849538570128
41.27477172251862 154.68715885216523
41.338707703454205 144.9396515037884
41.402643684389794 159.71147543575808
41.466579665325376 140.6632154525489
41.530515646260966 59.9855919280934
41.59445162719656 65.66990407778304
41.658387608132145 440.24422265083933
41.72232358906773 1324.5305001148567
41.78625957000332 2448.076853229023
41.85019555093891 3201.2029125155864
41.914131531874496 3073.6973292769417
41.978067512810085 2097.3736335408544
42.04200349374568 902.17928854442
42.105939474681264 266.52596007471726
42.16987545561685 493.74452410924846
42.23381143655244 1194.3496536741407
42.297747417488026 1654.6866483914205
42.361683398423615 1436.6443373639725
42.4256193793592 717.2301036802434
42.489555360294794 97.68772570222607
42.55349134123038 84.50958991775937
42.617427322165966 714.8417490319522
42.68136330310156 1573.7542277716805
42.74529928403714 2128.685394008132
42.80923526497273 2104.22063867862
42.87317124590832 1598.97272556626
42.937107226843914 922.3405157640703
43.001043207779496 370.61844588218327
43.06497918871508 98.65912694779423
43.12891516965066 116.05346152024536
43.19285115058626 357.49317944054815
43.25678713152185 724.4817491928278
43.32072311245743 1086.2273145993347
43.38465909339302 1321.3260681733327
43.44859507432861 1407.0793525979748
43.5125310552642 1463.4591023060375
43.57646703619979 1666.4033789570578
43.64040301713537 2068.5866693355733
43.70433899807096 2497.8084507147605
43.76827497900655 2639.4719298331447
43.83221095994214 2263.092523002645
43.89614694087772 1450.7639637963339
43.96008292181331 592.3751219658649
44.0240189027489 84.50764926322621
44.08795488368449 22.229720491491232
44.15189086462008 169.40028513407063
44.21582684555566 217.4543321375808
44.27976282649125 94.88219507740077
44.34369880742684 18.91825847597484
44.40763478836242 236.43713721631957
44.471570769298005 717.8115788589306
44.5355067502336 1123.447317329768
44.59944273116919 1113.9961075294384
44.66337871210479 693.7549139810293
44.72731469304037 236.96312351053376
44.79125067397595 171.6416259327422
44.855186654911535 587.642426704448
44.91912263584713 1148.8725410673712
44.98305861678272 1412.1845397569432
45.0469945977183 1202.77825764168
45.110930578653885 708.5964391457719
45.17486655958948 269.6100653177808
45.23880254052507 70.30625458478454
45.302738521460654 47.67258410592056
45.36667450239624 76.94037833140875
45.43061048333183 144.47511750085138
45.49454646426742 305.03849267385493
45.558482445203005 513.8281546935114
45.622418426138594 574.8469488330161
45.68635440707418 361.893952394029
45.750290388009766 89.06454317719346
45.81422636894536 241.11458876916376
45.87816234988095 1133.099785676976
45.94209833081653 2482.850004035683
46.00603431175213 3481.8382813950425
46.069970292687714 3415.228789662392
46.133906273623296 2275.916658559693
46.197842254558886 831.8844283930935
46.26177823549448 38.24800983641488
46.325714216430065 234.05525567878595
46.38965019736565 925.3977884395844
46.45358617830124 1334.8530645668004
46.517522159236826 1101.6958731753807
46.581458140172415 548.691104359768
46.645394121108 295.3885498085553
46.7093301020436 602.6343405744675
46.77326608297918 1164.2748989196891
46.837202063914766 1460.9332388503803
46.90113804485036 1231.595219170969
46.965074025785945 658.2305741415086
47.029010006721535 154.07727084702927
47.09294598765712 2.144658326353611
47.156881968592714 173.01093198095344
47.220817949528296 450.1225407522363
47.284753930463886 639.4945809233735
47.34868991139946 627.6325591145549
47.41262589233506 409.75021503639874
47.47656187327065 134.1281968916932
47.54049785420624 15.056636477352779
47.60443383514183 194.0281951954046
47.66836981607741 615.3992656421824
47.732305797013 998.9877834297708
47.79624177794859 1063.3424925027975
47.86017775888418 771.6100938319779
47.92411373981976 348.8770310791878
47.98804972075535 96.4267967055465
48.05198570169094 107.00405007639986
48.11592168262653 193.7053692686013
48.17985766356212 156.28921813278575
48.24379364449769 31.73071141289621
48.30772962543329 68.36772897398492
48.37166560636888 446.77213050846103
48.435601587304475 1010.438604425419
48.49953756824005 1361.47491214714
48.56347354917564 1224.8392358789458
48.62740953011122 685.7116695046184
48.69134551104682 143.82060900631103
48.75528149198241 24.874937600226207
48.81921747291799 459.0040655470484
48.88315345385358 1224.095379312007
48.94708943478917 1956.02250421748
49.01102541572476 2369.0546365237565
49.074961396660335 2344.838711825321
49.13889737759593 1922.5666431637292
49.20283335853152 1262.8138178493402
49.26676933946711 606.3705263293698
49.33070532040269 192.87732111828905
49.39464130133828 139.30271103997242
49.45857728227387 356.01717609491675
49.522513263209454 593.1718613626542
49.58644924414505 622.9029598585835
49.65038522508063 424.6322752651088
49.71432120601622 220.23425552821377
49.778257186951805 319.3177693465912
49.8421931678874 864.8365027767613
49.90612914882299 1680.2332545051954
49.97006512975857 2358.309456736238
50.03400111069416 2515.8197192862617
50.09793709162975 2051.758792781719
50.16187307256534 1245.5615021755943
50.225809053500925 560.5762831773333
50.289745034436514 277.31334100029056
50.353681015372096 307.71982471010955
50.417616996307686 348.35333004458374
50.48155297724328 206.6965974541741
50.545488958178865 14.535779911582098
50.60942493911445 129.8804354752741
50.67336092005004 790.7805867119846
50.73729690098563 1821.6875353701505
50.801232881921216 2675.1282688877627
50.865168862856805 2833.0227793117574
50.9291048437924 2223.5189104843735
50.993040824727984 1246.2526237230838
51.05697680566357 434.7420949732849
51.12091278659916 84.86576283370228
51.184848767534746 105.70757975544116
51.248784748470335 194.19270267992843
51.31272072940592 165.07362569534067
51.376656710341514 90.85751841498579
51.4405926912771 146.14130354323495
51.504528672212686 363.2958928541706
51.56846465314828 571.0758572509076
51.632400634083865 597.9936012301009
51.69633661501945 513.0901452194812
51.76027259595504 613.2279067427249
51.82420857689063 1131.770565141578
51.888144557826216 1948.1884734432113
51.9520805387618 2617.544043883881
52.01601651969738 2707.4903102984367
52.07995250063298 2125.120196580448
52.14388848156857 1183.903513293751
52.20782446250416 375.8597992435045
52.27176044343974 22.32680639590082
52.33569642437533 105.77191550441324
52.39963240531092 379.00765272494425
52.46356838624651 572.1141325369953
52.52750436718209 552.2450232227105
52.59144034811768 378.39371382610693
52.65537632905327 232.68525685885143
52.71931230998886 290.8986794807627
52.78324829092445 595.4613310025671
52.84718427186002 1008.1637585939968
52.91112025279562 1298.0735320911774
52.97505623373121 1290.042343438526
53.0389922146668 989.1387971037954
53.10292819560238 586.6013195274289
53.16686417653797 290.2373940280115
53.23080015747356 188.99494349367163
53.29473613840914 309.484601068674
53.35867211934474 675.4328637961377
53.42260810028032 1251.5068263012527
53.48654408121591 1884.2576634422123
53.55048006215151 2326.0249003664735
53.61441604308709 2367.6004167294936
53.67835202402267 2007.955903965568
53.742288004958255 1467.2360682876943
53.80622398589385 991.968320767246
53.87015996682944 658.6883022722709
53.93409594776503 393.1543065538048
53.998031928700605 159.3335704494251
54.0619679096362 49.44521751315965
54.12590389057179 148.66513617484378
54.189839871507374 358.40655608536645
54.25377585244296 434.9790429786916
54.31771183337855 262.53603426594924
54.38164781431414 47.69196020133656
54.445583795249725 155.6179498409005
54.50951977618532 727.0946988702781
54.5734557571209 1470.8100737698685
54.637391738056486 1881.805452628265
54.70132771899208 1693.1053220416368
54.76526369992767 1080.544168489448
54.82919968086325 452.6368502264793
54.89313566179885 95.41592455470544
54.957071642734434 4.587924110951244
55.021007623670016 13.571941989325897
55.084943604605606 18.71317267043339
55.1488795855412 43.988621793680025
55.212815566476785 137.7660553716732
55.27675154741237 281.5960583963385
55.34068752834796 415.14884050827686
55.404623509283546 504.7214309293639
55.468559490219135 553.9433549471955
55.53249547115472 555.8405450084712
55.59643145209032 473.31516324687937
55.660367433025904 302.0237805300143
55.724303413961486 119.82276667266935
55.78823939489708 26.590435230448374
55.852175375832665 41.319493776121526
55.916111356768255 85.27091391058205
55.98004733770384 80.69813986752074
56.043983318639434 42.671002576700914
56.107919299575016 49.69221966420944
56.171855280510606 140.81612778803543
56.2357912614462 263.25996610224524
56.29972724238178 334.05639545509905
56.36366322331737 339.4357418954066
56.42759920425296 342.91911261567685
56.49153518518855 408.0908298317991
56.55547116612413 535.4031763905532
56.61940714705972 668.6483646033212
56.68334312799531 755.2972722621713
56.7472791089309 793.2928710631929
56.81121508986649 819.7280684439853
56.87515107080207 868.406417586308
56.93908705173766 934.2738705732229
57.00302303267325 954.9121878105517
57.06695901360884 834.4154826260237
57.13089499454441 542.7783118497645
57.19483097548001 229.3602503146956
57.2587669564156 199.5847225522741
57.322702937351195 705.8530297945883
57.38663891828677 1678.1107023952795
57.45057489922236 2634.8936282289737
57.51451088015794 2989.017626352992
57.57844686109354 2535.0550030841523
57.64238284202913 1610.1905076771116
57.70631882296471 804.1831557555267
57.7702548039003 489.38703903523214
57.83419078483589 578.0040044465665
57.89812676577148 740.4219987002608
57.962062746707055 750.2619972559763
58.02599872764265 591.3518096942481
58.08993470857824 362.8817056774057
58.15387068951383 139.0576276621812
58.21780667044941 3.309106478967631
58.281742651385 168.7266384296846
58.34567863232059 838.2118596728448
58.409614613256174 1909.5800330197849
58.47355059419177 2880.3041822406203
58.53748657512735 3145.190967530875
58.60142255606294 2521.538845738193
58.665358536998525 1429.571291685692
58.72929451793412 502.5307100350084
58.79323049886971 69.30329627609974
58.85716647980529 5.385836059775449
58.92110246074088 23.62326097810015
58.98503844167647 18.08092063572307
59.04897442261206 76.76073714526677
59.112910403547644 238.63399900190893
59.176846384483234 381.80888830481865
59.240782365418816 403.4275262681528
59.304718346354406 407.23273571865127
59.36865432729 602.2484004955355
59.432590308225585 997.1171773064236
59.49652628916117 1286.8796006390687
59.56046227009676 1167.4819467880063
59.62439825103235 742.0010186976882
59.688334231967936 506.9526172148724
59.752270212903525 873.6438158366634
59.81620619383912 1720.8164171004523
59.880142174774704 2464.4733377277125
59.94407815571029 2558.8659597111246
60.00801413664588 1960.7296630890687
60.071950117581466 1136.324001108238
60.135886098517055 576.4735578420102
60.19982207945264 385.2323052784437
60.263758060388234 375.1568169325226
60.32769404132382 393.45128970222737
60.391630022259406 456.75527712431074
60.455566003195 611.9036732684323
60.519501984130585 768.6537094379308
60.58343796506617 749.6382654386797
60.64737394600176 492.927306395537
60.71130992693735 159.23204402992988
60.775245907872936 0.6778194191038246
60.83918188880852 125.21736504405997
60.9031178697441 408.0644163426322
60.9670538506797 613.704805940894
61.03098983161529 604.5431692340499
61.09492581255088 442.501187983425
61.15886179348646 312.96600884721863
61.22279777442205 396.168353218442
61.28673375535764 750.7988183964789
61.35066973629323 1231.7179871691508
61.41460571722881 1557.4744238670944
61.4785416981644 1508.3379163648267
61.54247767909999 1086.997103799717
61.60641366003558 536.957477535429
61.67034964097117 172.2160306912047
61.73428562190674 116.63455916452284
61.79822160284234 228.2683075888773
61.86215758377793 281.43776762770034
61.92609356471352 188.24295418955575
61.9900295456491 53.86991365619598
62.05396552658469 32.32320135134849
62.11790150752028 155.0374304491188
62.18183748845586 333.38887855078366
62.24577346939146 490.92890225617487
62.30970945032704 627.5266744171806
62.37364543126263 745.97953375605
62.43758141219823 774.9994812128739
62.50151739313381 637.3223874628032
62.56545337406939 403.17201966731074
62.629389355004975 311.45187433737914
62.69332533594057 560.6320710933588
62.75726131687616 1064.8378410022187
62.82119729781175 1463.902748960455
62.885133278747325 1413.4127444510823
62.94906925968292 898.2199291581709
63.01300524061851 277.70112724345773
63.076941221554094 1.5661430570568635
63.14087720248968 261.5640244601506
63.20481318342527 879.8175864948315
63.26874916436086 1477.1421714567223
63.332685145296445 1757.5140404680124
63.39662112623204 1669.4358574388116
63.46055710716762 1347.3874932103945
63.524493088103206 989.4959483227289
63.5884290690388 779.4698823176057
63.65236504997439 803.0055563538361
63.71630103090997 1004.0433698748988
63.78023701184557 1259.8539126341673
63.844172992781154 1488.7050885838216
63.908108973716736 1676.579682926773
63.972044954652326 1817.6458321257348
64.03598093558792 1843.4794200285728
64.0999169165235 1656.4473429175655
64.16385289745908 1280.3876257406605
64.22778887839468 932.46179045444
64.29172485933026 859.3384393164035
64.35566084026586 1081.027653614835
64.41959682120144 1329.602188111509
64.48353280213702 1285.237843191553
64.54746878307262 884.9145294908973
64.6114047640082 385.03092221768287
64.6753407449438 112.60306029906782
64.73927672587938 149.5845535514509
64.80321270681496 289.68319283356175
64.86714868775056 305.17244348218173
64.93108466868614 185.35727957058765
64.99502064962174 97.38664353348689
65.05895663055732 161.52481091395325
65.1228926114929 313.9686058307012
65.1868285924285 409.1280170650155
65.25076457336408 398.55015760537617
65.31470055429966 354.9131158268296
65.37863653523526 337.43821419452496
65.44257251617084 296.19921341088786
65.50650849710644 168.88303620394137
65.57044447804202 33.38427953205785
65.6343804589776 74.97535094054076
65.6983164399132 371.6656292262726
65.76225242084878 744.2962971625294
65.82618840178438 890.1835869632594
65.89012438271996 687.013054602648
65.95406036365553 327.736939217044
66.01799634459114 138.44564904162857
66.08193232552672 260.97209634431744
66.1458683064623 531.851073699025
66.2098042873979 678.9644960892009
66.27374026833348 600.352590267704
66.33767624926908 439.2808170348728
66.40161223020466 409.5616338074582
66.46554821114024 577.0840991245772
66.52948419207584 821.5709265763928
66.59342017301142 972.6109336748513
66.65735615394702 954.0432010183853
66.7212921348826 812.9887703134377
66.78522811581819 641.8558057243405
66.84916409675378 498.0814317257259
66.91310007768936 390.2258714869323
66.97703605862496 311.5139749449653
67.04097203956054 278.15751741388766
67.10490802049613 340.28276194670343
67.16884400143172 544.2710096102185
67.23277998236729 858.3827469668253
67.29671596330289 1122.5166009134211
67.36065194423848 1116.281632472775
67.42458792517407 769.8704666729647
67.48852390610966 330.17068923262343
67.55245988704525 231.45251107664524
67.61639586798083 711.3996996866183
67.68033184891641 1532.5082135015368
67.744267829852 2116.5947216604254
67.8082038107876 2007.050689628816
67.87213979172319 1262.3467548989545
67.93607577265877 422.08947664435215
68.00001175359436 18.974083490447946
68.06394773452995 111.55554910976248
68.12788371546553 350.4274259727751
68.19181969640113 426.0846882502329
68.25575567733671 369.5455593230421
68.3196916582723 442.6868005725577
68.38362763920789 759.4864795271294
68.44756362014347 1082.34917824412
68.51149960107907 1068.6628889429553
68.57543558201465 662.9299248678436
68.63937156295025 178.3505421527842
68.70330754388583 3.805072033423541
68.76724352482141 236.45239787082588
68.831179505757 603.4402082888536
68.89511548669259 747.7490665524114
68.95905146762819 569.1812084364077
69.02298744856377 287.81572155580574
69.08692342949935 212.16897679126572
69.15085941043495 463.0480350163128
69.21479539137053 899.8930526992798
69.27873137230613 1266.3140091066953
69.34266735324171 1381.032356999722
69.40660333417729 1229.4566009249413
69.47053931511289 931.561344910866
69.53447529604847 643.6577100238494
69.59841127698405 479.17138294864833
69.66234725791965 487.05821430186273
69.72628323885523 658.8459777249195
69.79021921979083 935.4042921993334
69.85415520072641 1222.757856204016
69.91809118166199 1427.570732186572
69.98202716259759 1497.2328968499903
70.04596314353317 1447.3029774347756
70.10989912446877 1364.6939495565518
70.17383510540435 1351.93588407642
70.23777108633993 1423.47647078869
70.30170706727553 1478.166896006654
70.36564304821111 1412.2008026043056
70.42957902914671 1244.3724410483856
70.49351501008229 1109.7075462159576
70.55745099101787 1121.1410851673832
70.62138697195347 1230.2347266696954
70.68532295288905 1231.9356772215287
70.74925893382463 938.3726396256573
70.81319491476023 417.5748772472094
70.87713089569581 34.01173465055656
70.94106687663141 108.8101491652394
71.00500285756699 568.0026690562968
71.06893883850258 997.0453343860784
71.13287481943817 998.219929112452
71.19681080037375 585.0874040877145
71.26074678130935 277.07066443482086
71.32468276224493 678.3917018516988
71.38861874318052 1900.3428480812915
71.45255472411611 3360.337436764434
71.5164907050517 4149.316483779419
71.58042668598729 3741.2649780408096
71.64436266692287 2410.8970686863
71.70829864785846 972.5741819207952
71.77223462879405 151.82725211431207
71.83617060972963 107.79557591666364
71.90010659066522 444.3431749546787
71.96404257160081 655.5339595786542
72.0279785525364 550.4233712505242
72.09191453347198 301.7871171095699
72.15585051440756 173.05066862513493
72.21978649534316 238.92618697269657
72.28372247627875 369.8917289698071
72.34765845721434 432.2484581784583
72.41159443814993 434.8090332953121
72.4755304190855 483.009606079154
72.53946640002108 640.1607594793009
72.6034023809567 856.4550192939319
72.66733836189228 1021.634748468148
72.73127434282787 1074.0266845165672
72.79521032376346 1049.5926497322218
72.85914630469904 1037.4567008383617
72.92308228563462 1117.0998123042132
72.9870182665702 1323.074912923181
73.05095424750581 1609.780887014373
73.1148902284414 1824.920169701588
73.178826209377 1768.928541370618
73.24276219031258 1360.2957538125245
73.30669817124814 791.5486519784782
73.37063415218374 495.42183456201326
73.43457013311932 833.6016268076905
73.49850611405493 1718.7084051744312
73.56244209499052 2581.0145726415826
73.62637807592611 2796.4476343047054
73.69031405686168 2207.4499189118774
73.75425003779726 1271.6246399624374
73.81818601873286 712.2617475279801
73.88212199966844 968.2917529220192
73.94605798060404 1889.2690861997712
74.00999396153962 2906.2295251097457
74.07392994247522 3484.2824475578136
74.1378659234108 3418.566838285111
74.20180190434638 2793.906429267269
74.26573788528198 1829.0315877940368
74.32967386621756 826.2894877394604
74.39360984715316 175.00674370339817
74.45754582808874 246.4299980461556
74.52148180902432 1171.4356450677765
74.58541778995992 2655.943936961768
74.6493537708955 4013.3514202583274
74.7132897518311 4526.533790106966
74.7772257327667 3948.3183026770416
74.84116171370225 2645.75097176426
74.90509769463787 1266.6748598615727
74.96903367557344 328.9970558907553
75.03296965650902 5.141502587130464
75.09690563744462 127.83879222394148
75.16084161838019 385.6705933614357
75.22477759931581 544.7443979207704
75.28871358025138 534.0312499089856
75.35264956118696 417.4370080788877
75.41658554212256 313.9960379016387
75.48052152305814 300.9772580612484
75.54445750399374 365.51778429514826
75.60839348492931 428.0294053330324
75.67232946586489 404.6431279723065
75.7362654468005 277.0805726805556
75.80020142773608 122.56461152445765
75.86413740867168 62.079626118420784
75.92807338960726 158.5503949869376
75.99200937054285 352.71966467502693
76.05594535147843 500.5222364747534
76.11988133241401 488.4316500563108
76.18381731334962 328.1118135417981
76.2477532942852 149.81600787629057
76.31168927522079 96.06106691700737
76.37562525615638 198.02575598367133
76.43956123709197 352.72889164004414
76.50349721802753 428.2408862673975
76.56743319896313 379.97085887901113
76.63136917989873 266.4021360611079
76.69530516083432 171.96939501788543
76.7592411417699 126.35926003209264
76.82317712270547 109.72669399343486
76.88711310364108 130.4047813318492
76.95104908457665 255.15131004156993
77.01498506551225 530.3524649246835
77.07892104644785 882.0660416873869
77.14285702738343 1129.1516627645472
77.20679300831902 1145.487693706444
77.2707289892546 1025.9105584981137
77.3346649701902 1025.6127011148135
77.39860095112577 1267.591655501101
77.46253693206138 1543.8439238220678
77.52647291299697 1489.7255599172
77.59040889393255 984.651631328628
77.65434487486814 345.3252815193672
77.71828085580371 77.09228233247487
77.7822168367393 381.87942596248286
77.84615281767489 900.7119712925322
77.91008879861047 1046.249090207728
77.97402477954607 657.9600690650864
78.03796076048167 246.96040303299068
78.10189674141726 524.3999726428797
78.16583272235283 1654.59860816059
78.22976870328841 2949.318107554939
78.29370468422401 3409.950972647302
78.3576406651596 2708.7309184365567
78.4215766460952 1584.8391310405311
78.48551262703079 1178.6928157319694
78.54944860796637 1969.5320292799
78.61338458890195 3345.125031597964
78.67732056983753 4155.344359624936
78.74125655077313 3722.733184799144
78.8051925317087 2395.243916121184
78.86912851264432 1143.6195582671794
78.93306449357989 658.2661409720058
78.99700047451549 844.1921630451748
79.06093645545107 1099.3921681676816
79.12487243638665 982.5722928506785
79.18880841732225 572.2532153976972
79.25274439825782 243.34869744683857
79.31668037919344 231.19424681692672
79.38061636012901 464.7619086535625
79.4445523410646 750.5038051046354
79.50848832200019 1004.1903980202756
79.57242430293577 1249.974251027769
79.63636028387135 1452.921740325132
79.70029626480694 1453.5737489817325
79.76423224574253 1123.915309428045
79.82816822667813 573.6437179804121
79.89210420761371 136.52753160537372
79.9560401885493 103.03605834014805
80.01997616948489 462.1160415606195
80.08391215042046 916.1900189762346
80.14784813135607 1144.2061698099203
80.21178411229165 1035.2784714223255
80.27572009322724 701.861947207038
80.33965607416283 341.135553283875
80.40359205509841 98.28684370587594
80.46752803603401 10.385018962206724
80.53146401696958 33.483719515954945
80.59539999790516 101.08107375078193
80.65933597884077 161.47387465085035
80.72327195977635 195.86807071780365
80.78720794071195 229.22523768921755
80.85114392164753 314.5001533007983
80.9150799025831 487.1470564171636
80.9790158835187 731.1463653384809
81.04295186445428 980.3836090492584
81.10688784538988 1144.0246008959634
81.17082382632547 1150.7140643234195
81.23475980726106 984.0531567270734
81.29869578819665 685.3812767488324
81.36263176913222 350.7858589588725
81.4265677500678 102.99736538959957
81.49050373100341 9.595945925136174
81.554439711939 25.689438480135795
81.6183756928746 40.80495605228054
81.68231167381018 12.163489867804255
81.74624765474576 73.79430423377843
81.81018363568134 474.29071494382686
81.87411961661692 1343.2113803492823
81.93805559755253 2491.4591706222695
82.00199157848812 3454.345388871079
82.06592755942371 3777.8277269702016
82.1298635403593 3333.3607311830765
82.19379952129486 2413.7493861922676
82.25773550223046 1517.8419589915136
82.32167148316604 1002.4213443340644
82.38560746410165 903.8519057060956
82.44954344503724 1014.6826354937016
82.51347942597283 1079.333542081346
82.5774154069084 964.9872331982342
82.64135138784398 708.520514788815
82.70528736877958 438.01838348980885
82.76922334971516 262.63573730673045
82.83315933065076 206.29637736408657
82.89709531158634 213.94333921905016
82.96103129252194 214.407189448586
83.02496727345752 185.8137911232184
83.0889032543931 175.78464871784428
83.1528392353287 259.00816939688406
83.21677521626428 453.5160583401079
83.28071119719988 667.2934372513125
83.34464717813546 754.1565617299364
83.40858315907104 642.3079091559929
83.47251914000664 396.59643759651703
83.53645512094222 160.127421198307
83.60039110187782 38.69314330841584
83.66432708281341 24.827523938087968
83.72826306374898 37.43590226196591
83.7921990446846 35.37920836467935
83.85613502562016 62.321621048679006
83.92007100655574 169.00623356125183
83.98400698749134 316.82824532721133
84.04794296842691 390.04538895006795
84.11187894936253 316.4844867929791
84.1758149302981 168.43095645833245
84.23975091123368 121.15367574944317
84.30368689216928 277.5081539133921
84.36762287310486 528.1793485852697
84.43155885404046 632.7609017405783
84.49549483497603 465.68109182481754
84.55943081591161 164.0024240383943
84.62336679684722 27.823138555085425
84.6873027777828 247.81430797416064
84.7512387587184 694.4665752838748
84.81517473965398 1011.6197205451616
84.87911072058957 938.9985359069021
84.94304670152515 533.5963666844456
85.00698268246073 120.4651887379404
85.07091866339634 21.44470504194477
85.13485464433192 275.581595058044
85.1987906252675 632.8217373252911
85.2627266062031 801.4711672814085
85.32666258713869 672.932782964616
85.39059856807425 370.9703279300152
85.45453454900985 123.45259261740733
85.51847052994545 69.59565107051887
85.58240651088104 187.6088225122386
85.64634249181663 369.7240297500762
85.7102784727522 520.9248897630584
85.7742144536878 606.9293437819446
85.83815043462337 649.7122244389398
85.90208641555897 692.7999932791001
85.96602239649457 764.5847555290135
86.02995837743015 855.9441732995101
86.09389435836574 922.5436778006531
86.15783033930131 917.0644326369732
86.22176632023692 826.2322872752187
86.28570230117249 676.6223862502604
86.3496382821081 513.6897354782351
86.41357426304369 372.471091713944
86.47751024397927 252.2516596273597
86.54144622491486 137.20603453405053
86.60538220585043 47.64736727595517
86.66931818678601 23.766463598238353
86.73325416772161 57.68587921114304
86.7971901486572 83.98379117128916
86.86112612959279 49.476550068885786
86.92506211052839 5.757768898219463
86.98899809146398 106.47308589355266
87.05293407239955 451.9605063289045
87.11687005333513 936.3222697130713
87.18080603427073 1265.012737981156
87.24474201520631 1171.746115541006
87.30867799614192 692.5685621901172
87.3726139770775 187.64626303762216
87.43654995801309 41.4598590229696
87.50048593894867 340.7763386119268
87.56442191988425 806.6483681679185
87.62835790081985 1049.7630926158677
87.69229388175542 929.987010156704
87.75622986269104 644.3134577694085
87.82016584362661 473.3572306813035
87.88410182456221 480.39087901501966
87.94803780549779 480.7534353666087
88.01197378643337 309.4412603812703
88.07590976736897 64.83832408250072
88.13984574830454 38.146179499088554
88.20378172924016 384.21306633694695
88.26771771017573 880.372765456888
88.33165369111131 1098.4052524708022
88.39558967204691 839.9324450634294
88.45952565298249 343.2580444481779
88.52346163391807 49.08226304604762
88.58739761485366 165.05454361194705
88.65133359578925 463.4881815050831
88.71526957672485 543.1518451031998
88.77920555766043 287.00531706722137
88.84314153859602 17.82093417067641
88.90707751953161 161.35998857512007
88.97101350046718 776.6932838381338
89.03494948140279 1470.911653947566
89.09888546233837 1746.6288128063673
89.16282144327396 1430.1811213466203
89.22675742420955 815.7406349767832
89.29069340514513 357.09924288557585
89.35462938608073 235.16430525411425
89.4185653670163 298.56495513828185
89.48250134795188 325.1707391764723
89.54643732888749 235.92858226741464
89.61037330982307 105.40958251935498
89.67430929075867 26.27025113215103
89.73824527169425 6.685396310064949
89.80218125262982 16.102618070394257
89.86611723356542 72.24784065404661
89.930053214501 225.66689494927485
89.9939891954366 462.3794921309344
90.0579251763722 665.1497881299488
90.12186115730776 706.2214511402958
90.18579713824336 572.2699582262384
90.24973311917896 374.50647982894634
90.31366910011452 234.40807877034464
90.3776050810501 177.63128660406238
90.44154106198573 141.94210815907456
90.50547704292131 74.92712411308787
90.56941302385688 13.750680876829673
90.63334900479248 67.77906813410488
90.69728498572807 331.080105182856
90.76122096666364 798.8182435808292
90.82515694759923 1343.3585022276063
90.88909292853485 1762.7434515937534
90.9530289094704 1863.1626573576336
91.016964890406 1565.0390662317843
91.0809008713416 993.6295247957236
91.14483685227718 424.2360558054127
91.20877283321276 89.85910282419934
91.27270881414837 29.37624516293344
91.33664479508397 98.39333815287779
91.40058077601952 129.01835747159507
91.46451675695512 90.06263952629126
91.52845273789072 84.99279712267914
91.59238871882629 199.03678238886025
91.65632469976188 373.4035281627973
91.72026068069748 459.3589206673533
91.78419666163306 388.2838857631394
91.84813264256864 252.9140803305572
91.91206862350425 219.34696151236847
91.97600460443984 370.8963265361128
92.03994058537539 635.1662680647522
92.103876566311 860.7745268263732
92.1678125472466 950.9967194577566
92.23174852818218 912.5374466627976
92.29568450911776 804.5076872981217
92.35962049005337 678.346188808482
92.42355647098894 564.4088213299873
92.48749245192451 480.7951565332591
92.55142843286013 427.1740537163252
92.6153644137957 378.7775025678411
92.6793003947313 305.292121767349
92.74323637566688 202.84012301196745
92.80717235660249 113.96792549343728
92.87110833753806 98.3819379022344
92.93504431847363 163.65740540498615
92.99898029940925 249.5041140598844
93.06291628034482 291.9237120844247
93.12685226128042 277.97610959319746
93.190788242216 236.13960824036832
93.25472422315158 189.95344313495687
93.31866020408718 133.9786757294515
93.38259618502275 63.21657290076869
93.44653216595833 7.953096800123584
93.51046814689394 10.489885509998158
93.57440412782952 70.78494938747865
93.63834010876512 136.59644968373863
93.7022760897007 153.58589009098455
93.76621207063629 118.66720302818366
93.83014805157187 74.5118304723083
93.89408403250745 54.19784403819232
93.95802001344306 52.36845274349188
94.02195599437864 55.91437374355573
94.08589197531423 76.56871453741901
94.14982795624982 130.51653561095583
94.2137639371854 194.2970380178716
94.27769991812099 205.08020885527736
94.34163589905657 127.85168568232972
94.40557187999217 27.664514745147113
94.46950786092776 31.210466593402
94.53344384186335 184.94076897150333
94.59737982279891 396.3068234702269
94.66131580373452 522.7966161865152
94.72525178467009 496.2271665275173
94.78918776560569 379.1441831455273
94.85312374654129 295.4484789806892
94.91705972747687 294.6968505702864
94.98099570841246 319.09363119627386
95.04493168934803 297.77270427627974
95.10886767028364 231.84648337060892
95.17280365121921 182.54066830345795
95.23673963215482 189.0355655866364
95.3006756130904 218.94991861085813
95.36461159402599 210.7368751886393
95.42854757496158 143.31782534314107
95.49248355589715 56.16338645129137
95.55641953683273 18.326562213006525
95.62035551776833 82.18652257583686
95.68429149870391 255.19849347800923
95.74822747963952 495.0737356463852
95.8121634605751 718.9968588487386
95.8760994415107 834.499397476868
95.94003542244627 788.2611390069968
96.00397140338185 603.1964185251788
96.06790738431744 370.5193579691074
96.13184336525303 187.04871389387944
96.19577934618864 90.52261764156589
96.25971532712423 61.925907663580254
96.32365130805981 77.78407747930838
96.38758728899539 134.982423230559
96.45152326993097 220.14403647657008
96.51545925086656 280.458606615346
96.57939523180217 256.8606264242285
96.64333121273776 150.2959378754942
96.70726719367332 36.8051206636073
96.77120317460893 1.6508413286430557
96.83513915554451 56.4980031436396
96.89907513648008 132.67949346678063
96.96301111741569 158.94804189210134
97.02694709835129 127.49886096699932
97.09088307928688 78.16242370490302
97.15481906022244 44.37445608929335
97.21875504115805 37.59285968740945
97.28269102209363 72.50896504010093
97.3466270030292 168.47887724040984
97.4105629839648 303.6340733034178
97.4744989649004 393.4532325175149
97.53843494583597 360.2480077771192
97.60237092677156 237.0615219252553
97.66630690770717 162.1451805454778
97.73024288864275 225.12693326647675
97.79417886957832 337.4145973968674
97.85811485051391 314.55551154767625
97.92205083144952 124.95409983382486
97.9859868123851 24.81807808291716
98.04992279332068 352.2205996115831
98.11385877425629 1144.1068059885226
98.17779475519184 1988.609914928196
98.24173073612744 2310.52417219238
98.30566671706303 1877.2246087590947
98.36960269799859 1022.6962381666508
98.43353867893421 323.78455873227927
98.4974746598698 108.2233091607201
98.5614106408054 288.67384034047694
98.62534662174096 570.1221109246577
98.68928260267656 768.3033205429286
98.75321858361217 909.7198862123394
98.8171545645477 1036.1687958375508
98.88109054548333 1053.4286529800306
98.94502652641891 859.5719638137219
99.00896250735448 533.9964855498453
99.07289848829008 311.2872660300498
99.13683446922568 351.02605743438346
99.20077045016124 555.2366019560449
99.26470643109683 670.6690228607072
99.32864241203245 575.0546381341577
99.39257839296803 403.9647201790168
99.4565143739036 378.3026352671551
99.5204503548392 529.9621629861665
99.5843863357748 649.2203575602272
99.64832231671036 539.5441864629595
99.71225829764595 260.6562912977425
99.77619427858157 60.235555881228265
99.84013025951712 93.91634124577635
99.90406624045272 257.7597880312245
99.96800222138832 330.4800484934492
100.0319382023239 258.0066321640432
100.09587418325948 221.03527748965
100.15981016419508 398.1750164216312
100.22374614513068 712.0133927535977
100.28768212606624 875.9442480218253
100.35161810700184 706.1887198274057
100.41555408793744 345.31242183460387
100.479490068873 140.17968928513255
100.5434260498086 277.08464656080065
100.6073620307442 567.1466197105296
100.67129801167978 648.1992704738151
100.73523399261536 386.4668578501544
100.79916997355096 54.794381465593545
100.86310595448656 94.54186637347175
100.92704193542212 659.0124760643752
100.99097791635772 1406.8772218904633
101.05491389729332 1773.364303106527
101.1188498782289 1455.7998522640091
101.18278585916448 695.0475518569882
101.24672184010008 101.5788139688819
101.31065782103566 164.23840952019654
101.37459380197124 885.9294635500563
101.43852978290684 1810.7021202604328
101.50246576384242 2367.956452089809
101.566401744778 2276.7005763704697
101.6303377257136 1688.9442019321064
101.6942737066492 979.6131092053429
101.75820968758478 443.1865980908039
101.82214566852036 158.32922417505804
101.88608164945596 47.01305386150384
101.95001763039154 9.76492861250444
102.01395361132712 6.353999943065142
102.07788959226272 35.79700664356006
102.1418255731983 79.4083922583178
102.2057615541339 94.45714176452819
102.26969753506948 66.12161119148452
102.33363351600507 39.57829008188715
102.39756949694066 79.24028079090358
102.46150547787624 194.19840004620167
102.52544145881184 308.0213221886598
102.58937743974742 319.40091673374906
102.653313420683 204.33339372447196
102.7172494016186 56.449811338324736
102.78118538255418 29.880127895211327
102.84512136348978 218.99246209195775
102.90905734442536 567.163123048808
102.97299332536095 897.3725984420499
103.03692930629654 1031.4116048126828
103.10086528723212 918.9430670753427
103.16480126816772 706.7918942555131
103.2287372491033 650.4253828712784
103.29267323003889 895.1392827479608
103.35660921097448 1317.0877684875506
103.42054519191007 1587.0861187593505
103.48448117284563 1424.591011692124
103.54841715378124 843.959315237983
103.61235313471683 219.11259225624704
103.67628911565242 47.66804716730984
103.740225096588 524.4947986473818
103.80416107752357 1354.4811394927383
103.86809705845918 1973.9666443788592
103.93203303939475 1965.1963602831304
103.99596902033036 1379.1761361265899
104.05990500126595 647.7908096316885
104.12384098220151 172.4920874333494
104.18777696313713 58.3456703294063
104.2517129440727 139.789376722852
104.3156489250083 194.06262860410317
104.37958490594389 152.88916966300744
104.44352088687945 93.62025988125028
104.50745686781507 98.12112637403057
104.57139284875063 170.5285695173892
104.63532882968624 257.55100100189486
104.69926481062183 328.8407399705085
104.7632007915574 390.631942130472
104.827136772493 428.9564125196408
104.89107275342857 401.207562216614
104.95500873436416 287.72149308072994
105.01894471529975 144.52000095790933
105.08288069623534 90.03360618821398
105.14681667717095 217.36830009889167
105.21075265810651 519.2569229259816
105.27468863904213 894.7072270473797
105.3386246199777 1214.2903550265864
105.40256060091328 1373.8120292867843
105.46649658184889 1321.246983562009
105.53043256278445 1066.970827769529
105.59436854372004 683.1789180328789
105.65830452465563 306.4486039225382
105.72224050559124 82.48688406950387
105.7861764865268 56.068317946021736
105.8501124674624 139.18599167656367
105.914048448398 191.27715365460017
105.97798442933357 145.00163481487883
106.04192041026916 67.8423357728751
106.10585639120475 77.70933399512705
106.16979237214034 214.1814073125158
106.23372835307592 399.1269660999181
106.29766433401151 506.9904367203721
106.36160031494713 480.47108987561296
106.42553629588268 368.8439500293725
106.48947227681828 262.64498761085133
106.55340825775389 210.8835376728656
106.61734423868945 190.44962977854053
106.68128021962504 152.63147578308687
106.74521620056063 89.38347521767193
106.80915218149624 40.13288642517816
106.8730881624318 45.524734331140955
106.9370241433674 101.49810324962505
107.000960124303 158.30225211382313
107.06489610523856 164.90295698157792
107.12883208617416 115.13148231914543
107.19276806710975 56.46004930531189
107.25670404804532 50.96388196760174
107.32064002898092 122.16939045218778
107.38457600991651 235.31019102096784
107.44851199085213 321.0826428207528
107.51244797178768 325.12757512724806
107.57638395272328 248.9699039457016
107.64031993365889 147.40584039559243
107.70425591459444 88.29937197306924
107.76819189553004 111.33919708633762
107.83212787646563 208.63143460316192
107.8960638574012 329.4573705096975
107.9599998383368 401.7911509212694
108.0239358192724 365.8132504248701
108.08787180020796 220.66324683991783
108.15180778114356 58.12422854385415
108.21574376207916 25.36296368500648
108.27967974301475 215.53630426960132
108.34361572395032 578.7263435298707
108.40755170488592 933.4803051793868
108.47148768582151 1076.7519114368915
108.53542366675708 926.7050358866308
108.59935964769268 583.3950471016358
108.66329562862828 241.98022457049555
108.72723160956384 48.30099936653034
108.79116759049944 22.664970483493917
108.85510357143504 85.33526444004399
108.91903955237063 141.1623187745547
108.9829755333062 142.91996845225015
109.0469115142418 95.27158729675571
109.1108474951774 34.66765160072039
109.17478347611296 11.232547963571932
109.23871945704856 66.91523711166954
109.30265543798416 201.32440775911027
109.36659141891973 347.25661088742567
109.43052739985532 402.32846115920086
109.49446338079092 310.1287431050768
109.5583993617265 127.04913480158736
109.62233534266208 4.405856392917753
109.68627132359768 70.28156394760789
109.75020730453328 315.1940270109232
109.81414328546884 593.3619478581284
109.87807926640444 728.3832922529659
109.94201524734004 639.9310832540189
110.00595122827562 395.25188998886017
110.0698872092112 146.90337025038704
110.1338231901468 22.78838227314293
110.19775917108238 54.078849000468274
110.26169515201796 176.25827673520052
110.32563113295356 288.2571582163166
110.38956711388914 318.35684181213276
110.45350309482473 256.3162394818869
110.51743907576032 146.1868308576458
110.58137505669592 50.93772943802266
110.6453110376315 9.605505893285114
110.70924701856708 16.49021611042327
110.77318299950268 37.24056791906162
110.83711898043826 43.36250076277181
110.90105496137384 36.38108579399922
110.96499094230944 43.624835083203536
111.02892692324502 87.82117151226393
111.09286290418062 162.5033533183407
111.1567988851162 236.52976296822416
111.2207348660518 275.60150266343635
111.28467084698738 265.39514822167126
111.34860682792296 222.85697889632007
111.41254280885856 183.4683284668284
111.47647878979414 174.51388400007264
111.54041477072973 195.05143444348448
111.60435075166532 215.29272735942988
111.6682867326009 198.13122127353577
111.7322227135365 130.6805286147959
111.79615869447208 44.40899823585054
111.86009467540767 3.2361791899187655
111.92403065634326 58.23869004644215
111.98796663727884 203.45707032326925
112.05190261821444 371.9094680197024
112.11583859915002 476.5969654326016
112.1797745800856 467.6009322190317
112.2437105610212 362.72398344778026
112.30764654195679 226.93229007920024
112.37158252289238 119.50396061554699
112.43551850382796 56.3374977339478
112.49945448476355 19.70020383291357
112.56339046569914 0.8617366769548792
112.62732644663473 28.53471975758786
112.6912624275703 151.2009333226294
112.7551984085059 386.3651998954614
112.81913438944149 682.7150200032073
112.88307037037708 932.4021510850064
112.94700635131267 1030.5570698143224
113.01094233224823 941.6732675433736
113.07487831318385 720.6900189757141
113.13881429411941 471.7220775765752
113.20275027505502 282.76452584821857
113.2666862559906 184.12236442073265
113.33062223692617 148.136007163474
113.39455821786179 123.39002542324704
113.45849419879735 79.15783725240176
113.52243017973296 27.24091229195237
113.58636616066855 6.0279888305683205
113.65030214160412 44.36279951804165
113.71423812253973 137.7772068667782
113.7781741034753 252.63604440658668
113.84211008441088 347.2923836780252
113.90604606534647 389.4521631805927
113.96998204628206 362.8752392741844
114.03391802721767 274.22729584161806
114.09785400815323 160.77411983945663
114.16178998908885 82.29578394747288
114.22572597002441 89.03053139590341
114.28966195096 177.85355647931877
114.3535979318956 276.1658454124869
114.41753391283117 292.9846925308255
114.48146989376676 203.18695710194484
114.54540587470235 73.82415325956185
114.60934185563796 3.2303657245440505
114.67327783657352 32.8560003532542
114.73721381750912 111.53991283550663
114.80114979844473 149.90364632873943
114.8650857793803 112.62508912829732
114.92902176031588 44.58480528771799
114.99295774125147 7.235337001295415
115.05689372218706 9.097012806951007
115.12082970312264 11.62475627360662
115.18476568405823 0.34240920492385035
115.24870166499385 29.28209187855993
115.3126376459294 173.36203608742275
115.376573626865 435.1405634348419
115.4405096078006 708.3707836261368
115.50444558873617 846.4169438651395
115.56838156967176 778.0009399378852
115.63231755060735 559.2474805977673
115.69625353154296 319.01782581173296
115.76018951247852 163.30606819775275
115.82412549341412 120.72528307332928
115.88806147434973 148.01081811768108
115.95199745528528 172.43755166903273
116.01593343622088 144.07781544721811
116.07986941715647 73.98556814894161
116.14380539809204 39.37196692593125
116.20774137902764 139.51356279257527
116.27167735996323 412.64669395277537
116.33561334089885 771.8253148373464
116.3995493218344 1030.9747293951584
116.46348530277 1037.132860434254
116.5274212837056 799.6175756427923
116.59135726464116 473.80806193414577
116.65529324557676 225.69682968179148
116.71922922651235 116.93467448566476
116.78316520744792 94.84783744945321
116.84710118838352 78.5248346963745
116.91103716931912 43.27246586061326
116.97497315025468 16.423848503560407
117.03890913119028 17.19980919361293
117.10284511212588 27.73128977821475
117.16678109306147 22.992344312249063
117.23071707399704 6.617665268993408
117.29465305493264 0.15643046884316184
117.35858903586823 6.734023878912188
117.4225250168038 7.997455049500066
117.4864609977394 6.773039469560382
117.550396978675 51.89051989765758
117.61433295961056 192.88777609153811
117.67826894054616 398.5662906671533
117.74220492148176 538.9701128755403
117.80614090241735 492.39316948891025
117.87007688335292 273.6170478320686
117.93401286428852 54.83489465255776
117.99794884522412 67.10249714954934
118.06188482615968 399.3667329715494
118.12582080709528 872.729512613513
118.18975678803088 1188.0293179786363
118.25369276896645 1161.9228867375489
118.31762874990204 836.9328319472289
118.38156473083764 461.3998713664115
118.44550071177322 325.2461372476571
118.5094366927088 541.9272659223382
118.5733726736444 955.2626018879636
118.63730865458 1249.6768271140716
118.70124463551556 1193.6355806211632
118.76518061645116 803.8115034290449
118.82911659738676 315.1635463508612
118.89305257832234 23.840859397664207
118.95698855925792 93.3221584175712
119.02092454019352 453.9359034658812
119.0848605211291 864.5497321298722
119.14879650206468 1064.8313961364488
119.21273248300028 930.3115842149545
119.27666846393586 543.713845663534
119.34060444487145 150.28382251766763
119.40454042580704 22.813179475615986
119.46847640674264 276.1362419356297
119.53241238767822 760.4914649352189
119.5963483686138 1147.8876383000272
119.6602843495494 1166.9840803137815
119.72422033048498 816.2334018738383
119.78815631142056 353.47385659102525
119.85209229235616 60.382397200077314
119.91602827329174 17.68241045035363
119.97996425422734 90.3759908077062
120.04390023516292 111.29839943577385
120.10783621609852 62.118527817418155
120.1717721970341 61.23958888791162
120.23570817796968 194.90931838136416
120.29964415890528 394.7652080143652
120.36358013984086 499.7166678193424
120.42751612077645 425.24872252246826
120.49145210171204 240.9480910954921
120.55538808264762 84.60296640599395
120.61932406358322 29.292187578621125
120.6832600445188 47.251322527212494
120.74719602545439 88.59326724954124
120.81113200638998 154.16097386674363
120.87506798732556 268.5344308729508
120.93900396826116 408.05191995843137
121.00293994919674 488.4314476721747
121.06687593013233 439.214413229894
121.13081191106792 284.73943886131593
121.1947478920035 124.25830460352756
121.2586838729391 32.01577203847861
121.32261985387468 3.945365272811743
121.38655583481027 0.5297443596305729
121.45049181574586 14.318415706305286
121.51442779668145 73.51321408302381
121.57836377761701 181.59482516853944
121.64229975855262 283.16718936015377
121.7062357394882 315.71950446342254
121.7701717204238 287.06631084811016
121.83410770135939 272.8294600686264
121.89804368229495 328.8001857917593
121.96197966323057 415.8743921033192
122.02591564416613 425.125437733033
122.08985162510174 296.8333789423915
122.15378760603733 106.56931291455496
122.2177235869729 6.581612440469296
122.2816595679085 86.5499390327557
122.34559554884407 293.1159124611639
122.40953152977968 479.2650682114447
122.47346751071527 542.882193217368
122.53740349165084 509.25342116426856
122.60133947258645 481.5326500888005
122.66527545352201 543.2363014821793
122.7292114344576 695.0403546561895
122.7931474153932 855.8208207175992
122.85708339632878 933.0427482218221
122.92101937726439 885.9253301118881
122.98495535819995 721.4729519534411
123.04889133913557 476.85314667811485
123.11282732007113 221.15185403012237
123.17676330100672 44.79373356141608
123.24069928194233 27.416806242489127
123.3046352628779 189.12972605162076
123.36857124381348 452.8889637521344
123.43250722474907 675.3404577252943
123.49644320568468 737.7291122521334
123.56037918662027 618.8578552244677
123.62431516755584 398.57601100602653
123.68825114849145 192.33008721889064
123.75218712942701 68.81292785925132
123.8161231103626 25.595100993724703
123.8800590912982 32.66020357085604
123.94399507223378 79.15231028763318
124.00793105316936 173.2397154509204
124.07186703410495 309.8976405941738
124.13580301504057 455.59852950273455
124.19973899597612 568.101638328457
124.26367497691172 620.356811621378
124.32761095784733 601.0169643189313
124.3915469387829 502.7924474196792
124.45548291971848 330.7077714493523
124.51941890065407 136.0808498808552
124.58335488158968 22.563326033235143
124.64729086252524 80.98783663152683
124.71122684346084 303.13411693405203
124.77516282439645 562.0916859451665
124.839098805332 696.0356478382045
124.9030347862676 636.2044888826819
124.9669707672032 453.14192368058576
125.03090674813876 285.0086537701696
125.09484272907436 234.73352970366255
125.15877871000995 309.64389391106187
125.22271469094557 444.08256008055054
125.28665067188112 573.9250845722239
125.35058665281672 653.9219063533591
125.41452263375233 635.7641944181772
125.47845861468788 497.9554128497261
125.54239459562348 286.12599312678566
125.60633057655907 102.21765731153296
125.67026655749464 41.23575626090212
125.73420253843024 108.86874841339893
125.79813851936584 211.9546054920152
125.86207450030145 247.3189080656394
125.926010481237 195.1388686191756
125.9899464621726 130.60490223459735
126.0538824431082 143.18911852513043
126.11781842404376 243.9564613517584
126.18175440497936 359.4027887705216
126.24569038591495 406.5929769122906
126.30962636685052 361.7487020006488
126.37356234778612 261.71885333742824
126.43749832872172 158.46968676488007
126.50143430965728 82.21424869948291
126.56537029059288 37.8440972677861
126.62930627152848 20.30627391758299
126.69324225246407 23.36267549913925
126.75717823339964 38.4673432870023
126.82111421433524 59.14405228892376
126.88505019527084 88.71119191048352
126.9489861762064 134.4168578156562
127.012922157142 191.3599375750928
127.0768581380776 237.153827634236
127.14079411901317 245.70924191923228
127.20473009994876 211.28384199006615
127.26866608088436 157.0477825446686
127.33260206181994 110.83845635131256
127.39653804275552 80.89903623541439
127.46047402369112 66.12999990914507
127.52441000462672 80.04068271112266
127.58834598556228 148.98060761070337
127.65228196649788 277.43640630211127
127.71621794743348 420.38986804072925
127.78015392836906 500.5256907389602
127.84408990930464 461.02602145193225
127.90802589024024 313.670678030733
127.97196187117582 135.46265088953749
128.0358978521114 16.844128716052843
128.099833833047 16.106418603416834
128.16376981398258 140.1612902531108
128.22770579491817 342.8198067741955
128.29164177585375 538.8032795802277
128.35557775678936 632.9264222556553
128.41951373772494 570.4257386347304
128.48344971866052 383.9316114159384
128.5473856995961 180.77891425404985
128.61132168053172 65.85093703121433
128.67525766146727 65.46570454108327
128.73919364240288 118.81594321687264
128.80312962333846 141.6935630372701
128.86706560427405 102.68553893529185
128.93100158520963 40.84532914962413
128.99493756614524 12.99404851344828
129.05887354708082 34.562682042887026
129.1228095280164 74.09020524738656
129.186745508952 92.68343586434689
129.2506814898876 80.77733560383729
129.31461747082315 59.989664893694
129.37855345175876 61.102941114461885
129.44248943269434 106.90501168390688
129.50642541362993 204.12563713900167
129.5703613945655 332.17348055722306
129.63429737550112 432.83608342127496
129.6982333564367 434.235381748116
129.76216933737228 313.03610807285094
129.82610531830787 132.46386401296382
129.89004129924348 10.472569676348108
129.95397728017906 30.83078117048288
130.01791326111464 159.39083403776547
130.08184924205023 266.0475630697187
130.1457852229858 250.50878771119045
130.2097212039214 136.64003217244084
130.273657184857 46.32694246072226
130.33759316579258 78.26148895706707
130.40152914672817 208.89910298229813
130.46546512766375 323.6452354152301
130.52940110859933 331.551990538026
130.59333708953494 240.77981635129387
130.65727307047052 134.95074405881215
130.7212090514061 79.4178436441983
130.7851450323417 65.34132935130185
130.84908101327727 49.94752856300496
130.91301699421288 19.976360170826943
130.97695297514846 0.3931876569368177
131.04088895608405 11.620683456205008
131.10482493701963 34.92831931811892
131.1687609179552 36.946128813937456
131.23269689889082 20.10855480373688
131.2966328798264 27.116659982724727
131.360568860762 93.26044396381187
131.42450484169757 203.4088860813318
131.48844082263315 308.3616655662421
131.55237680356876 380.823050374988
131.61631278450434 429.3917275306747
131.68024876543993 459.49936177955874
131.7441847463755 448.0927404453058
131.8081207273111 369.4867119848519
131.8720567082467 250.07327679579623
131.93599268918229 170.8195707880257
131.99992867011787 182.03971137096747
132.06386465105345 236.75552211459328
132.12780063198903 238.04214172339928
132.1917366129246 161.4144033871012
132.25567259386023 117.91682697367465
132.3196085747958 246.484872204399
132.3835445557314 529.451040451238
132.44748053666697 757.3777434073205
132.51141651760256 714.1113846611916
132.57535249853817 406.06741615480274
132.63928847947375 84.27290525190163
132.70322446040933 12.513431381475208
132.7671604413449 213.44510915632375
132.83109642228047 455.0074046473428
132.8950324032161 493.1968003263228
132.9589683841517 310.71865683760865
133.02290436508727 106.87054213891912
133.08684034602285 73.37152786336468
133.15077632695844 201.58199086931327
133.21471230789405 321.60108536130474
133.27864828882963 303.0851649721383
133.3425842697652 177.20635885430565
133.4065202507008 76.16323738768227
133.47045623163635 88.12753230294902
133.534392212572 194.01639726564676
133.59832819350757 335.086713958
133.66226417444315 488.1879384333875
133.7262001553787 649.6764865606652
133.79013613631432 769.1042896517747
133.85407211724993 748.5218719717577
133.9180080981855 545.2051478540351
133.9819440791211 251.18658734210064
134.04588006005667 42.64009354935747
134.10981604099223 41.07594793128075
134.17375202192787 209.1000021479888
134.23768800286345 396.1750084973367
134.30162398379903 482.0143714245606
134.3655599647346 450.0989315935317
134.4294959456702 354.2067341739765
134.49343192660575 250.41693321416008
134.5573679075414 160.51821019199204
134.62130388847697 92.44325875981511
134.68523986941256 66.07431236200921
134.7491758503481 94.516458406227
134.81311183128372 152.51359489604295
134.87704781221933 185.96630752249527
134.9409837931549 163.42049263312137
135.00491977409047 109.7046628550737
135.06885575502608 78.54481943002423
135.13279173596166 98.22661133022385
135.19672771689727 149.3398775128328
135.26066369783285 191.40618912662487
135.32459967876844 202.99592001099103
135.388535659704 193.40488863659
135.4524716406396 189.3727069535572
135.5164076215752 221.04278837350287
135.5803436025108 307.7867513119125
135.64427958344635 434.58739647026647
135.70821556438196 535.9705816360142
135.77215154531754 525.832053061552
135.83608752625315 374.0429021993789
135.9000235071887 162.16179369311695
135.96395948812432 37.46531730680024
136.02789546905987 78.50901623160654
136.09183144999548 208.98760109418257
136.1557674309311 267.750633340081
136.21970341186667 175.02655367305823
136.28363939280223 31.44126633040557
136.34757537373784 32.30213699635562
136.41151135467342 261.0386795448568
136.47544733560903 583.1189061918717
136.5393833165446 770.0871943756221
136.6033192974802 729.7637573835169
136.66725527841578 592.7162098450056
136.73119125935136 561.254729324178
136.79512724028694 692.6826426472925
136.85906322122256 835.7279776484291
136.9229992021581 782.6378309718625
136.98693518309372 499.3670377996237
137.0508711640293 177.16231904013117
137.11480714496489 39.34885935117773
137.17874312590047 131.3169285586205
137.24267910683608 300.493254460988
137.30661508777166 360.99228721918263
137.37055106870724 271.18697330081284
137.43448704964283 141.50314326025904
137.49842303057844 89.02060872473845
137.562359011514 118.1755581934084
137.6262949924496 144.6293182567757
137.69023097338518 116.0047573539711
137.75416695432077 78.82146577876081
137.81810293525635 113.84326807228308
137.88203891619196 226.71002687256765
137.94597489712754 323.007905043803
138.00991087806312 301.79107693704606
138.0738468589987 171.40705137555585
138.13778283993432 50.92286677762695
138.20171882086987 47.47702682141667
138.26565480180548 146.98165642621345
138.32959078274106 232.4653662894665
138.39352676367665 205.94034774544215
138.45746274461223 96.19350259967395
138.52139872554784 43.627515786093504
138.58533470648342 171.15470694958387
138.649270687419 471.49013600662266
138.7132066683546 801.3392497489609
138.7771426492902 973.8377141384696
138.84107863022578 890.7348335389041
138.90501461116136 603.4929547506486
138.96895059209695 266.10395804875805
139.03288657303253 61.26471105279145
139.0968225539681 121.6026398019808
139.16075853490372 452.46521789078054
139.2246945158393 918.2501020885232
139.28863049677489 1290.0263492768324
139.35256647771047 1363.3648383990871
139.41650245864605 1118.1807513272436
139.48043843958166 739.8498292210999
139.54437442051724 471.96227772594847
139.60831040145283 454.211554574073
139.6722463823884 619.9434200014553
139.736182363324 745.4617137808442
139.8001183442596 663.5760466476777
139.86405432519518 407.1561037438645
139.92799030613077 146.90887001176773
139.99192628706635 28.33894303650921
140.05586226800193 53.8891150921601
140.11979824893754 111.87409980843483
140.18373422987312 109.78090321018512
140.2476702108087 61.31220249886777
140.3116061917443 53.02483441904463
140.37554217267987 136.95290196566415
140.43947815361548 269.71759430689406
140.50341413455106 359.94998557548365
140.56735011548665 351.6533389372314
140.63128609642223 260.95710032227953
140.6952220773578 149.26403194001912
140.75915805829342 67.06298856200553
140.823094039229 26.01949477757728
140.8870300201646 12.585121410857392
140.95096600110017 10.251905373645751
141.01490198203575 9.281548738694848
141.07883796297136 8.684939537745043
141.14277394390695 16.318070824141103
141.20670992484253 40.86737088332231
141.2706459057781 75.72307210773737
141.3345818867137 92.99605199104795
141.39851786764928 68.48352218356327
141.4624538485849 19.93921792153027
141.52638982952047 9.843440343587073
141.59032581045605 95.02500714505726
141.65426179139163 255.485130340512
141.7181977723272 387.07384319015154
141.78213375326283 400.2074073351028
141.8460697341984 302.5257034656557
141.910005715134 176.98154019255236
141.97394169606957 107.05611043382008
142.03787767700516 112.25270255366776
142.10181365794077 141.50627276952306
142.16574963887635 139.2391770411602
142.22968561981193 101.56457739642448
142.2936216007475 59.86622228430056
142.35755758168307 35.494453470844725
142.4214935626187 24.32862731563183
142.4854295435543 19.630007890110576
142.54936552448987 32.64434628505856
142.61330150542543 75.1472788307495
142.67723748636104 130.3979970884087
142.74117346729665 160.33694669163123
142.80510944823223 145.6583557510378
142.8690454291678 106.51938057964392
142.9329814101034 74.91951153117648
142.99691739103895 56.53286344054533
143.0608533719746 33.568523095306965
143.12478935291017 6.214000969208659
143.18872533384575 12.61720067318238
143.2526613147813 84.33509312364741
143.31659729571692 188.47804707975368
143.38053327665253 239.9158770745016
143.4444692575881 189.02712288578127
143.5084052385237 94.1193892013556
143.57234121945928 73.82998854219021
143.63627720039483 177.50971829702908
143.70021318133044 325.1228560681541
143.76414916226605 378.2036518308776
143.82808514320163 277.2854570228961
143.8920211241372 108.02595648057503
143.9559571050728 7.0548299637465615
144.01989308600838 21.635526572355136
144.083829066944 84.90929570251186
144.14776504787957 112.93246719504592
144.21170102881516 108.29443500288296
144.2756370097507 146.63078967613978
144.33957299068632 268.1199098050564
144.40350897162193 414.5935378306565
144.4674449525575 477.2166070123
144.53138093349307 403.6370264733617
144.59531691442868 249.076316556476
144.65925289536426 111.68511839766899
144.72318887629987 40.54293438766778
144.78712485723543 20.986643098013143
144.85106083817104 29.88733465737303
144.9149968191066 78.16567352043106
144.9789328000422 186.26599962983497
145.0428687809778 330.77237202931445
145.1068047619134 437.301070534632
145.17074074284895 441.32333194845984
145.23467672378456 351.9119605282789
145.29861270472014 241.51927364676672
145.36254868565575 177.13202982132373
145.4264846665913 166.32372216145168
145.49042064752692 166.79573851455473
145.5543566284625 144.84435806131034
145.61829260939808 118.72423600632848
145.6822285903337 146.26864868459592
145.74616457126928 270.2498644862844
145.81010055220483 475.5838164100684
145.87403653314044 693.1512204328225
145.93797251407602 828.5697044157873
146.0019084950116 810.0035805864818
146.0658444759472 638.89279118786
146.1297804568828 388.11883838534067
146.19371643781838 157.58346684520257
146.25765241875396 25.675987902252903
146.32158839968955 9.763894989416558
146.38552438062516 69.24108650856884
146.4494603615607 148.98279834667522
146.51339634249632 214.52330283389165
146.5773323234319 255.66779690097647
146.6412683043675 267.5630598670692
146.70520428530307 243.2353341805457
146.76914026623868 195.459775656214
146.83307624717426 170.804794665402
146.89701222810984 219.1939459695288
146.96094820904543 337.0981040326932
147.02488418998104 445.13928484349094
147.0888201709166 444.00032188329
147.1527561518522 313.0619581661707
147.21669213278778 153.66829736559748
147.28062811372337 118.98461823560783
147.34456409465895 282.89319482613047
147.40850007559456 560.8718602467204
147.47243605653014 760.6944103211268
147.53637203746572 734.2876408801693
147.6003080184013 496.64814606495446
147.66424399933692 208.15269344313927
147.7281799802725 47.3689129659303
147.79211596120808 76.81820192041944
147.85605194214367 207.25740966054573
147.91998792307925 287.42298023650807
147.98392390401483 231.6930981181208
148.04785988495044 87.89719742053745
148.11179586588602 2.636008324943567
148.1757318468216 103.1865043910522
148.2396678277572 397.3189867349549
148.30360380869277 768.8297343010988
148.36753978962838 1042.3640900843595
148.43147577056396 1081.0041261897231
148.49541175149955 873.641328785561
148.55934773243513 534.2659282738101
148.6232837133707 217.4628719116724
148.68721969430632 36.297710328049966
148.7511556752419 22.821670021098576
148.8150916561775 131.71013850285613
148.87902763711307 284.85531043944377
148.94296361804865 419.59883571326947
149.00689959898426 503.0138750281624
149.07083557991984 521.9220786329804
149.13477156085543 470.40672468565486
149.198707541791 348.2804700192781
149.2626435227266 180.82523406835753
149.3265795036622 37.34214080183662
149.39051548459778 8.670217294924683
149.45445146553337 147.20895104057536
149.51838744646895 407.3887583240491
149.58232342740453 637.8562845177677
149.64625940834014 670.7367384058559
149.71019538927573 463.67382855267215
149.7741313702113 174.09641773724044
149.8380673511469 89.81256907515254
149.90200333208247 426.66935990130486
149.96593931301808 1130.4315532944129
150.02987529395367 1874.68290680449
150.09381127488925 2260.830695261074
150.15774725582483 2072.216943464134
150.2216832367604 1437.0906225509589
150.285619217696 744.8584022187891
150.3495551986316 341.8313401785071
150.4134911795672 306.6514521186464
150.47742716050277 469.7847850570325
150.54136314143835 583.5197204098835
150.6052991223739 512.6563666960349
150.66923510330955 307.7794301025776
150.73317108424513 109.81381054905911
150.7971070651807 11.71518008831144
150.8610430461163 3.453958694384964
150.92497902705188 17.31767062519232
150.9889150079875 11.111394959554241
151.05285098892307 3.7653330053587686
151.11678696985865 45.002379321297376
151.18072295079423 164.05202118765516
151.2446589317298 340.12746398225266
151.30859491266543 512.9995344883238
151.372530893601 617.0512237392812
151.4364668745366 612.8337859263336
151.50040285547215 507.0685155122248
151.56433883640776 354.7619830730075
151.62827481734337 240.5766985182977
151.69221079827895 233.3611767442981
151.75614677921453 327.0332123772588
151.82008276015011 436.4626942541092
151.88401874108567 473.540489863566
151.9479547220213 415.0293586422336
152.0118907029569 304.2338320400225
152.07582668389247 210.18739747670992
152.13976266482803 167.28928042834477
152.20369864576364 148.86720936303712
152.26763462669925 114.53966341953434
152.33157060763483 61.79153041089388
152.3955065885704 20.041828106455394
152.459442569506 14.380541174150144
152.52337855044155 41.899822820646655
152.58731453137716 82.00014757486899
152.65125051231277 123.50293734095357
152.71518649324835 169.65184264754453
152.7791224741839 216.05733820501067
152.84305845511952 238.28564285067253
152.9069944360551 217.14553926595784
152.9709304169907 169.9941015535452
153.0348663979263 139.18739975177536
153.09880237886188 148.89010847539052
153.16273835979743 183.31401550325873
153.22667434073304 210.06375608311873
153.29061032166865 218.25065952905084
153.35454630260423 222.54527519329196
153.4184822835398 223.66604595658168
153.4824182644754 192.19605547936808
153.54635424541098 133.44530821451204
153.6102902263466 149.94417542805564
153.67422620728215 378.4010656090143
153.73816218821776 824.8355097808789
153.8020981691533 1263.052953625407
153.86603415008892 1360.8249232243563
153.92997013102453 982.0455621157192
153.99390611196011 373.1986287544471
154.05784209289567 11.485185528956606
154.12177807383128 208.754698909608
154.18571405476686 825.4790222275022
154.24965003570247 1380.3139459387737
154.31358601663803 1456.9445178389892
154.37752199757364 1037.23009528796
154.44145797850922 468.990743623706
154.5053939594448 122.39948362176236
154.5693299403804 103.45364667256028
154.633265921316 267.0908089727948
154.69720190225155 411.05480676138205
154.76113788318716 435.55570663599053
154.82507386412274 358.06360113751606
154.88900984505833 228.40861270287024
154.9529458259939 90.76625238494964
155.01688180692952 8.703336754295643
155.0808177878651 48.36648284130273
155.14475376880068 204.63686982204257
155.20868974973627 362.8015666279576
155.27262573067188 383.8206824804776
155.33656171160743 247.99557709854568
155.40049769254304 81.07193253553116
155.46443367347862 28.011142528487735
155.5283696544142 113.73876163271288
155.5923056353498 242.55146128600137
155.6562416162854 331.72205199494005
155.72017759722098 401.02110491955455
155.78411357815656 508.28775147653226
155.84804955909215 620.3180110629875
155.91198554002776 605.0429406303414
155.9759215209633 399.6265115708704
156.03985750189892 132.48417443530315
156.1037934828345 18.35903397860971
156.1677294637701 140.54512854676952
156.23166544470567 351.0340664150439
156.29560142564128 421.3282104280785
156.35953740657686 288.919158371612
156.42347338751244 102.75154260458856
156.48740936844803 34.89405549031885
156.55134534938364 87.20877855062291
156.61528133031922 126.19294502246204
156.6792173112548 104.52746161784752
156.74315329219039 159.57485100151237
156.80708927312597 443.1518212263572
156.87102525406155 873.1957317235849
156.93496123499716 1125.0269336698757
156.99889721593274 948.3526169132845
157.06283319686833 464.65469494998285
157.1267691778039 91.19554899205949
157.1907051587395 150.4521549107308
157.2546411396751 551.3491023701752
157.31857712061068 886.9884724200134
157.38251310154627 842.0746144885323
157.44644908248185 478.39834138159614
157.51038506341743 133.38681695818943
157.57432104435304 56.71012131570718
157.63825702528862 187.43979420623907
157.7021930062242 287.6488983436004
157.7661289871598 219.6938777754424
157.83006496809537 67.03612632764975
157.89400094903098 8.26321832675236
157.95793692996656 112.28914442829819
158.02187291090215 294.5949719273443
158.08580889183773 438.5512144911744
158.1497448727733 505.60924389931733
158.21368085370892 530.7407928331629
158.2776168346445 544.3037057004072
158.3415528155801 536.4430562154465
158.40548879651567 501.3591318680152
158.46942477745125 470.54789219917046
158.53336075838686 472.3007047122536
158.59729673932245 480.06772720535935
158.66123272025803 437.370901983675
158.7251687011936 337.8589969259168
158.7891046821292 250.33344596005128
158.8530406630648 246.15701408618423
158.91697664400039 308.8979251385717
158.98091262493597 331.9133375077841
159.04484860587155 233.45475211201597
159.10878458680713 71.87108393943804
159.17272056774274 6.175867351122621
159.23665654867833 137.40057471194368
159.3005925296139 400.7604778092891
159.3645285105495 615.5026319240995
159.42846449148507 651.9855169208192
159.49240047242063 534.558645403627
159.55633645335627 380.3539292458799
159.62027243429185 282.9514901899448
159.68420841522743 251.39070876223573
159.748144396163 229.65358454430563
159.8120803770986 174.93458341255095
159.8760163580342 103.96478640937998
159.9399523389698 58.11517334630388
160.00388831990537 51.40585951507165
160.06782430084095 60.44238860830638
160.1317602817765 51.461362170037326
160.19569626271215 20.154373402595
160.25963224364773 20.297707119481345
160.3235682245833 152.7214351447778
160.3875042055189 499.9609576945895
160.45144018645448 1034.065083329986
160.5153761673901 1565.2963072251068
160.57931214832567 1814.3988979002645
160.64324812926125 1609.3436495511355
160.70718411019683 1040.2411585257075
160.7711200911324 414.69506726110984
160.83505607206803 50.36537166267183
160.8989920530036 48.96339627763856
160.9629280339392 235.5728396724848
161.02686401487475 349.2162198148173
161.09079999581036 282.28259834161724
161.15473597674597 137.43414024238257
161.21867195768155 98.92676466180144
161.28260793861713 236.9222109045128
161.34654391955272 440.15185922638494
161.41047990048827 554.1379662532597
161.4744158814239 531.3692390986573
161.5383518623595 453.433959722128
161.60228784329507 453.6774153103561
161.66622382423063 595.3274983258196
161.73015980516624 820.009156422078
161.79409578610182 1022.724450183296
161.85803176703743 1140.1346295680469
161.921967747973 1165.0183718559892
161.9859037289086 1115.0202134911435
162.04983970984415 1002.9992115508048
162.11377569077976 831.1261313801659
162.17771167171537 606.6188759068928
162.24164765265095 359.15948426130905
162.3055836335865 144.48916757910166
162.36951961452212 26.199741027975925
162.4334555954577 32.604151966069395
162.4973915763933 123.2497968167926
162.56132755732887 209.4648948748848
162.62526353826448 214.78239787673976
162.68919951920003 131.68976573651807
162.75313550013564 34.101881889150455
162.81707148107125 23.390587942048835
162.88100746200683 152.37205188327007
162.9449434429424 393.23057617336553
163.008879423878 663.8645033429697
163.07281540481358 881.8305432602641
163.1367513857492 994.3396971579235
163.20068736668475 972.0670898998312
163.26462334762036 809.557384516409
163.32855932855594 543.8046936830101
163.39249530949152 260.17792606896575
163.45643129042713 63.65856380436911
163.52036727136272 15.03762067205233
163.58430325229827 80.73338648594786
163.64823923323388 159.4285647890657
163.71217521416946 166.32302258399716
163.77611119510507 98.27270036423508
163.84004717604063 27.91166879419664
163.90398315697624 29.02047689954957
163.96791913791182 103.58807008131576
164.0318551188474 185.86202068596893
164.09579109978299 207.98942401333704
164.1597270807186 156.94152189434115
164.22366306165415 76.72721173529929
164.28759904258976 20.049093089606547
164.35153502352534 2.026617966150745
164.41547100446093 2.1790676793828
164.4794069853965 0.7588095404052878
164.54334296633212 2.1310031737188404
164.6072789472677 21.842054122126235
164.67121492820328 58.79081069202665
164.73515090913887 88.62430629611434
164.79908689007448 88.84422710260179
164.86302287101003 66.74493123953343
164.92695885194564 54.24142582463315
164.99089483288122 77.75956698688894
165.0548308138168 135.43608227620587
165.1187667947524 199.1504679010229
165.182702775688 247.34786292713744
165.24663875662358 293.79122732102013
165.31057473755916 365.1865673711401
165.37451071849475 460.71952939672
165.43844669943036 552.0208428177688
165.50238268036594 608.2775241404848
165.56631866130152 609.6577058378475
165.6302546422371 549.2591347652523
165.6941906231727 436.6559858761714
165.75812660410827 303.05689888758405
165.82206258504388 195.57584289790057
165.88599856597946 152.42839346519392
165.94993454691505 174.305478735893
166.01387052785063 222.21389232456303
166.0778065087862 250.13573189004947
166.14174248972182 245.4215367265575
166.2056784706574 238.44516619371583
166.269614451593 264.0885828002008
166.33355043252857 310.60277243313107
166.39748641346415 320.70920129037864
166.46142239439976 251.6624197430017
166.52535837533534 127.70639564553164
166.58929435627093 27.31732605041828
166.6532303372065 15.095382933563567
166.7171663181421 84.67233188267849
166.7811022990777 168.98566901017796
166.84503828001328 202.29835469326883
166.90897426094887 170.84165664999168
166.97291024188445 113.587398715774
167.03684622282003 84.63259073948197
167.10078220375564 113.32183239300404
167.16471818469122 188.25253128123927
167.2286541656268 265.8285293474093
167.2925901465624 293.4383834512423
167.35652612749797 241.88758123442992
167.42046210843358 132.8035508839704
167.48439808936917 33.13821817329168
167.54833407030475 2.9708079836890864
167.61227005124033 35.539577111675825
167.6762060321759 63.96988356188
167.74014201311152 44.980484631947995
167.8040779940471 28.284962549661135
167.8680139749827 118.131909165782
167.93194995591827 343.4967244805256
167.99588593685385 577.5727208847788
168.05982191778946 627.0884124722284
168.12375789872505 428.3098517091955
168.18769387966063 147.59132314388455
168.2516298605962 53.21892461759136
168.3155658415318 265.04197758329326
168.37950182246735 635.9921791409116
168.443437803403 880.023012173146
168.50737378433857 827.3826574874499
168.57130976527415 568.2394545018634
168.63524574620973 331.0873735193376
168.69918172714532 240.4275106787281
168.76311770808093 233.04407761556823
168.8270536890165 184.28631555895868
168.8909896699521 72.34245991676588
168.95492565088767 7.23564284756524
169.01886163182323 100.14593099855384
169.08279761275887 322.50381927316374
169.14673359369445 516.3568810574689
169.21066957463003 545.3665329966246
169.2746055555656 414.60861873513545
169.3385415365012 234.62777300163484
169.4024775174368 101.52745009790937
169.4664134983724 35.01521514956539
169.53034947930797 13.968754661453419
169.59428546024355 41.435162464532695
169.6582214411791 147.31974303792023
169.72215742211475 324.05204300703605
169.78609340305033 486.6236344898903
169.8500293839859 520.426828272137
169.91396536492147 383.85513367168096
169.97790134585708 165.664332174858
170.0418373267927 24.033796634600257
170.10577330772827 59.81192181385802
170.16970928866385 242.70716647849775
170.23364526959944 440.7576424484352
170.297581250535 520.1543021748931
170.36151723147063 440.9341788154193
170.4254532124062 274.43312764587813
170.4893891933418 132.74466740218745
170.55332517427735 78.45812214280461
170.61726115521296 91.6967481270636
170.68119713614854 112.40050459444637
170.74513311708415 110.61906553599049
170.80906909801973 115.18829756436187
170.87300507895532 170.9338178773916
170.93694105989087 269.76599465366144
171.00087704082648 335.25109290561875
171.0648130217621 289.8333574012355
171.12874900269767 145.17897044007165
171.19268498363323 17.202807895936306
171.25662096456884 30.303467156412918
171.32055694550442 193.22256545520727
171.38449292644003 377.9887569390541
171.4484289073756 435.26774257900433
171.5123648883112 329.89115078368036
171.57630086924675 163.63010157402883
171.64023685018236 71.61767535677268
171.70417283111797 96.81543092071676
171.76810881205355 166.74066228444735
171.8320447929891 187.02280972673637
171.89598077392472 140.89529344899722
171.9599167548603 92.12372774180233
172.0238527357959 98.01701405239632
172.08778871673147 137.72240966151622
172.15172469766708 143.53140579598414
172.21566067860266 89.03334367937222
172.27959665953824 23.110402219958686
172.34353264047385 15.87590467148008
172.40746862140944 81.01870743887251
172.471404602345 160.3287218950337
172.5353405832806 183.6750041360571
172.59927656421618 136.07257199954475
172.6632125451518 64.28599684649689
172.72714852608735 24.088972854716584
172.79108450702296 31.171383170732035
172.85502048795854 62.54289677313462
172.91895646889412 90.05372132962262
172.9828924498297 104.58350066493254
173.04682843076532 115.61264744957568
173.11076441170087 139.23014897437346
173.17470039263648 190.23078409856953
173.23863637357206 275.72915583478215
173.30257235450765 383.3698301694399
173.36650833544323 475.7443448924515
173.43044431637884 506.8788949641739
173.49438029731442 451.47736055002093
173.55831627825 324.58179820920833
173.6222522591856 177.48671358711664
173.6861882401212 66.22667301475765
173.75012422105675 15.740953255611696
173.81406020199236 13.098258586703013
173.87799618292794 27.291138145383393
173.94193216386353 31.9614908499162
174.0058681447991 19.174969473896304
174.06980412573472 2.3746034370673454
174.1337401066703 5.087644841145899
174.19767608760588 35.880038364272856
174.26161206854147 72.72574782990256
174.32554804947708 79.75059644254952
174.38948403041266 46.387193296844174
174.45342001134824 9.915458136862863
174.51735599228383 22.744962091732912
174.5812919732194 88.34767902818297
174.645227954155 146.58778324296168
174.7091639350906 137.50961692689003
174.77309991602618 78.16071160086831
174.83703589696177 60.58663924159561
174.90097187789735 150.8305554243885
174.96490785883296 292.6833736219156
175.02884383976854 350.7109141909982
175.09277982070412 266.14719398387285
175.1567158016397 143.0547015330278
175.2206517825753 164.3798173062723
175.28458776351087 411.74774000466977
175.34852374444648 755.1917170598657
175.41245972538206 950.7885513796466
175.47639570631765 860.5334250922582
175.54033168725323 558.2142383620636
175.6042676681888 249.67621821904072
175.66820364912442 109.4124860461935
175.73213963006 176.5567731130976
175.7960756109956 382.1978149461871
175.86001159193117 615.4651168695093
175.92394757286675 753.6269648513036
175.98788355380236 705.7927669492113
176.05181953473794 477.09933083679454
176.11575551567353 197.60943942989203
176.1796914966091 57.150607114312194
176.2436274775447 145.44320966261645
176.3075634584803 352.7205723379384
176.37149943941589 473.8314813113288
176.43543542035147 425.2049378535412
176.49937140128705 344.7558624259889
176.56330738222263 435.71779322568295
176.62724336315824 693.5179878799597
176.69117934409383 855.8505702351833
176.7551153250294 684.1319668982859
176.819051305965 267.9967040954985
176.88298728690057 4.740111861515746
176.94692326783618 243.56947557781177
177.01085924877177 924.8238760280512
177.07479522970735 1593.8601975323886
177.13873121064293 1805.6369056810613
177.2026671915785 1500.9389259534935
177.26660317251412 981.4269304774876
177.3305391534497 579.6348919073871
177.3944751343853 402.277097087282
177.45841111532087 354.7749039326602
177.52234709625645 333.34971826558206
177.58628307719204 338.75945434591847
177.65021905812765 402.72237553134926
177.71415503906323 470.2832403312512
177.7780910199988 429.73927647962904
177.8420270009344 256.0328288393498
177.90596298186995 68.16312536621855
177.9698989628056 15.362860997731296
178.03383494374117 116.77886161273712
178.09777092467675 238.0477180937127
178.16170690561233 240.44115475359865
178.22564288654792 129.3387409795018
178.28957886748353 31.33890375577565
178.3535148484191 51.22228841099031
178.4174508293547 185.88129282926224
178.48138681029027 378.66643465915513
178.54532279122583 611.750661940661
178.60925877216147 891.3295078717385
178.67319475309705 1163.9749392058511
178.73713073403263 1294.227700668456
178.8010667149682 1149.6321060994485
178.8650026959038 749.4517969958857
178.9289386768394 303.6005224198175
178.992874657775 39.745021835987885
179.05681063871057 12.369716582917796
179.12074661964616 95.07870160388244
179.1846826005817 130.30637160599906
179.24861858151735 82.54360313719414
179.31255456245293 36.86141676474679
179.3764905433885 65.96002237923327
179.44042652432407 145.99526913951613
179.50436250525968 198.2510958176807
179.5682984861953 190.03076833089207
179.63223446713087 175.6918354389884
179.69617044806645 217.56778297983593
179.76010642900204 296.0135302169535
179.8240424099376 329.1183244750521
179.8879783908732 261.6065489674099
179.9519143718088 127.96293967819157
180.0158503527444 33.456110533897615
180.07978633367995 67.59627193900795
180.14372231461556 247.3355972934312
180.20765829555117 532.7732997497075
180.27159427648675 859.242763213317
180.33553025742236 1145.0418905623012
180.39946623835792 1284.0874803750607
180.46340221929347 1179.8125473775367
180.52733820022908 842.691602126892
180.5912741811647 438.4033269555945
180.65521016210027 187.71489661685632
180.71914614303583 200.38133337397457
180.78308212397144 394.399333438678
180.84701810490705 568.1233704943695
180.91095408584263 567.2755928745422
180.9748900667782 398.4075489184685
181.03882604771377 186.67019177109924
181.10276202864935 44.80397731089108
181.16669800958496 0.12217419501481629
181.23063399052057 27.37548513296176
181.29456997145613 114.24224296517528
181.3585059523917 268.3740237798086
181.4224419333273 462.0736476284512
181.48637791426287 603.6065638632862
181.55031389519849 599.437726448272
181.61424987613407 454.4200525218397
181.67818585706968 285.3471648409562
181.7421218380053 213.59964515094683
181.80605781894084 257.2038878160036
181.8699937998764 333.98837005377936
181.93392978081204 360.377651120976
181.9978657617476 340.6908420345192
182.0618017426832 345.75964242969303
182.1257377236188 408.34151413021294
182.1896737045544 467.7617671362217
182.25360968549 431.6828572814621
182.31754566642556 291.029486372296
182.38148164736117 160.15434538276833
182.44541762829672 186.65659488298155
182.5093536092323 414.3495769702236
182.57328959016792 726.6366116777745
182.63722557110347 923.7526523698286
182.70116155203908 872.4677617883046
182.76509753297464 605.291119032445
182.82903351391025 296.99787990963245
182.89296949484583 144.1687795678128
182.95690547578144 237.0655363419716
183.02084145671705 505.19158251830095
183.0847774376526 761.1556594836378
183.14871341858816 820.3017429225155
183.21264939952377 626.60696285621
183.27658538045935 296.43744038242727
183.34052136139496 43.2603897412579
183.40445734233052 23.005445065302553
183.46839332326607 211.51281912281013
183.5323293042017 425.8052940942458
183.5962652851373 476.469300985971
183.66020126607287 322.5098211218054
183.72413724700849 102.16729782570576
183.78807322794407 10.566482049298592
183.85200920887968 129.275908631682
183.9159451898153 358.3405659543501
183.97988117075084 502.99938672557965
184.0438171516864 440.39330089830673
184.107753132622 225.50571911286363
184.1716891135576 36.894659332725226
184.2356250944932 17.885005784701136
184.2995610754288 165.55157349584468
184.3634970563644 346.4783551876044
184.42743303729995 411.2566081316557
184.49136901823556 317.30561102363504
184.55530499917117 151.0423925223632
184.61924098010672 36.43595103463127
184.6831769610423 34.702282376414885
184.7471129419779 114.67543790483968
184.81104892291347 194.05634368058116
184.87498490384908 211.38061698704064
184.93892088478464 165.6029140619584
185.00285686572025 95.27254921228248
185.06679284665583 37.34248623774884
185.1307288275914 7.974506200671778
185.19466480852705 8.141319132209894
185.2586007894626 36.412443447247085
185.32253677039816 91.36116783242893
185.38647275133377 162.51366959434324
185.45040873226932 225.67983021341624
185.51434471320496 253.10966391997843
185.57828069414052 231.4417853685884
185.64221667507607 171.84315760161297
185.70615265601168 102.18266273751668
185.7700886369473 47.83192320343824
185.83402461788287 21.07360714943504
185.89796059881849 29.1915394875728
185.96189657975407 87.81853136509139
186.02583256068965 217.8121732745934
186.08976854162523 419.712510077116
186.15370452256084 646.2151913302484
186.2176405034964 806.8516973082199
186.281576484432 817.5381767061361
186.3455124653676 659.3731417815719
186.4094484463032 396.84818188761426
186.47338442723876 145.07242749672469
186.5373204081744 9.596537518742
186.60125638910995 33.47696842450117
186.66519237004556 179.66706571642166
186.7291283509811 352.82548859012667
186.79306433191667 454.01182760475893
186.8570003128523 453.43369559589047
186.9209362937879 430.9982822690092
186.98487227472347 518.6301346892923
187.04880825565905 759.4213806864145
187.11274423659464 1015.6533661995152
187.17668021753025 1045.8711892197173
187.24061619846583 728.1233282153567
187.3045521794014 245.1985292208774
187.36848816033697 15.012436644624572
187.43242414127255 362.82214917096667
187.49636012220816 1195.6851025627748
187.56029610314377 2009.7898610935592
187.62423208407932 2303.2355345743895
187.6881680650149 1988.29931205038
187.7521040459505 1392.134127341888
187.81604002688607 934.2048782897651
187.87997600782168 780.0292485446467
187.9439119887573 748.4275391355246
188.00784796969288 593.0647278084034
188.07178395062843 323.30492029487186
188.13571993156407 167.23891059309952
188.19965591249965 276.3316253857942
188.26359189343523 535.622027423571
188.3275278743708 673.6314529460356
188.3914638553064 543.6763220821343
188.455399836242 259.6856037347909
188.5193358171776 46.82422149699014
188.5832717981132 9.82826978751362
188.64720777904876 75.09187946811056
188.71114375998437 124.90674891099025
188.77507974091992 155.90847048433724
188.83901572185556 259.83173150461266
188.9029517027911 446.0790065695365
188.96688768372667 592.6439129359084
189.03082366466228 586.3967841183884
189.09475964559783 429.9653876862403
189.15869562653347 234.08519093019837
189.22263160746903 124.2668488425732
189.28656758840464 139.58929834899885
189.3505035693402 231.9140527114648
189.4144395502758 340.9599174367602
189.4783755312114 438.599359631026
189.54231151214697 507.5372799140288
189.60624749308255 518.4951175244817
189.67018347401813 465.54928018051896
189.7341194549537 401.468460674986
189.79805543588932 402.020301859429
189.8619914168249 485.21559949200446
189.9259273977605 575.1890799461344
189.98986337869607 573.2616219399185
190.05379935963168 463.4309636732021
190.1177353405673 321.4157799757368
190.18167132150288 218.46721030315385
190.24560730243843 146.3918179880755
190.30954328337404 65.1753042264146
190.3734792643096 5.01331152391858
190.43741524524523 78.69477737530066
190.5013512261808 370.3350972375642
190.5652872071164 806.6389080911223
190.629223188052 1167.361282806705
190.6931591689876 1258.43652526427
190.7570951499232 1065.4682590933692
190.82103113085876 735.7520832340641
190.88496711179437 446.79162122564605
190.94890309272992 296.2758662417819
191.01283907366553 274.18933254713164
191.0767750546011 304.5971353081179
191.14071103553667 307.61325807991807
191.20464701647228 242.7940574188146
191.26858299740783 129.9502158774222
191.33251897834344 42.22574239654317
191.39645495927903 59.30472941406279
191.46039094021464 196.56802582201155
191.5243269211502 370.1407091403138
191.5882629020858 453.45795748464735
191.65219888302136 385.77367241069584
191.71613486395697 222.37600082428037
191.78007084489255 75.75153171657428
191.84400682582813 9.798560464248748
191.9079428067637 0.5774154635706095
191.97187878769927 3.8530571080296254
192.03581476863488 36.07444986137219
192.0997507495705 158.22320792144365
192.16368673050607 378.91661695349194
192.22762271144168 598.5747061344172
192.2915586923773 676.858122583173
192.35549467331285 560.7245386828005
192.41943065424843 334.2725296751282
192.48336663518404 144.03615520688425
192.5473026161196 80.45945406077288
192.6112385970552 125.8288784056142
192.6751745779908 206.45159935588464
192.7391105589264 273.88013337021806
192.803046539862 326.4787657547501
192.8669825207976 379.8270985206624
192.93091850173315 440.6794693759828
192.99485448266873 501.5128014472874
193.05879046360437 540.6491139300488
193.12272644453992 523.5982231867872
193.18666242547553 420.6417802036608
193.2505984064111 244.1032097136078
193.31453438734664 73.93749286894483
193.37847036828225 19.085344256107135
193.44240634921783 120.3289575811263
193.50634233015344 292.4877295724031
193.57027831108903 385.53157277435304
193.6342142920246 320.6772846949987
193.69815027296016 161.13756684048207
193.7620862538958 38.775972859667405
193.82602223483136 22.65753688596663
193.88995821576697 65.99820719919704
193.95389419670252 80.34139818776323
194.01783017763813 52.025413920216494
194.0817661585737 54.561999339231214
194.14570213950927 145.49956541523963
194.20963812044488 280.5836535194667
194.2735741013805 342.5524586743578
194.33751008231607 265.5433700740975
194.40144606325168 124.95421997952857
194.4653820441873 73.67443547649106
194.52931802512285 184.6383483343812
194.59325400605843 375.53249237343664
194.657189986994 494.1408984480146
194.7211259679296 466.4656414841347
194.7850619488652 359.4405089190771
194.8489979298008 307.7901812498536
194.9129339107364 376.38581695741857
194.97686989167195 495.2138378952124
195.0408058726076 541.0097416947768
195.10474185354315 470.7176218421892
195.16867783447873 363.2331046282464
195.2326138154143 357.8204642154614
195.2965497963499 556.3971690869248
195.36048577728553 935.2144309046904
195.4244217582211 1337.399314871822
195.48835773915664 1584.520207312372
195.55229372009225 1586.8429930916288
195.61622970102783 1351.0859579918997
195.6801656819634 957.6093282661336
195.74410166289903 550.5725526698175
195.8080376438346 283.51920495118014
195.87197362477016 227.80773917318191
195.93590960570577 323.024541703457
195.99984558664133 418.32490737679905
196.06378156757697 386.87522744919016
196.12771754851252 225.08549991031316
196.19165352944813 54.86552113265899
196.2555895103837 27.80347337171344
196.31952549131927 196.21446892290967
196.38346147225488 459.3595249102534
196.4473974531905 644.1946460604257
196.51133343412607 640.382013806722
196.57526941506163 469.7649403925311
196.63920539599724 247.127617202114
196.70314137693285 83.1188701250549
196.76707735786843 17.62190202189172
196.831013338804 25.334857019868416
196.8949493197396 63.450962772245006
196.9588853006752 105.9585246079364
197.0228212816108 139.8607100884293
197.0867572625464 150.5475294089684
197.15069324348195 126.21988141126482
197.21462922441756 73.9004741742815
197.27856520535312 24.339053692960015
197.34250118628873 13.123632502399424
197.4064371672243 51.888241898990046
197.4703731481599 119.16653319573818
197.53430912909548 177.62784065952584
197.59824511003103 198.64550885210016
197.66218109096664 176.7581440988408
197.72611707190225 128.7677447739959
197.79005305283783 80.11149116280123
197.8539890337734 47.60621122033282
197.91792501470897 31.755608170783585
197.98186099564455 25.780101281515357
198.04579697658016 36.42450426903413
198.10973295751575 97.21158943822853
198.17366893845133 250.18078995564068
198.2376049193869 499.3624972479004
198.3015409003225 773.2810550159821
198.36547688125813 939.697759244166
198.4294128621937 890.8318421788792
198.49334884312927 642.8593713548272
198.55728482406488 341.66971124769674
198.6212208050005 162.14642654965382
198.68515678593607 195.92717497656784
198.74909276687163 402.563420243582
198.81302874780724 647.9045375805314
198.8769647287428 803.2692380629769
198.9409007096784 821.4404638443112
199.004836690614 735.7511372780511
199.0687726715496 611.5410358685632
199.1327086524852 500.5752449067784
199.1966446334208 421.7765649515658
199.26058061435637 367.5385150872229
199.32451659529195 321.247959828674
199.38845257622756 271.70626679595733
199.45238855716312 219.77433169225716
199.51632453809873 175.58716618518199
199.58026051903428 146.59086574285075
199.6441964999699 127.0489031735994
199.70813248090548 101.4082840372136
199.77206846184103 60.49329383746617
199.83600444277664 18.657445227389367
199.89994042371225 16.295683827451107
199.9638764046478 94.05453650048186
200.0278123855834 251.4385523179129
200.09174836651897 433.07316978933886
200.15568434745455 560.9853383806325
200.21962032839016 581.1649875961405
200.28355630932572 492.1174832578209
200.34749229026133 344.4619453551267
200.4114282711969 210.0719640157758
200.4753642521325 135.83535966519557
200.53930023306808 118.42127774819257
200.6032362140037 122.43464174108884
200.66717219493927 118.2424112724274
200.73110817587488 99.82682098326147
200.7950441568105 76.6305939003481
200.85898013774604 59.07492928984831
200.9229161186816 50.973490881096815
200.98685209961724 51.10145143193168
201.0507880805528 58.31251338715247
201.1147240614884 72.03780050885305
201.178660042424 89.07230482264421
201.2425960233596 105.56901553143362
201.3065320042952 125.65344955244205
201.3704679852308 164.36813230187107
201.43440396616637 234.7497852712106
201.49833994710193 325.5914473046882
201.5622759280375 391.17823534667554
201.62621190897312 377.5343343391917
201.69014788990873 276.70619505729644
201.75408387084428 150.79499441529657
201.81801985177984 91.62636874836579
201.88195583271545 153.60237173967704
201.94589181365103 309.56593334512496
202.00982779458664 459.4753461156188
202.07376377552225 499.60751566091886
202.1376997564578 400.79390985241
202.20163573739336 224.0044045606432
202.26557171832897 69.2145413984188
202.32950769926455 6.899245110612792
202.39344368020016 39.68445821192966
202.45737966113572 114.92762637649312
202.52131564207127 169.79846631099988
202.58525162300688 170.0372721773473
202.6491876039425 121.56164286920932
202.71312358487808 59.44194671003465
202.7770595658137 27.747094823820568
202.84099554674927 60.38910991532548
202.90493152768485 167.83404679934327
202.9688675086205 329.63314686350486
203.03280348955604 494.1647833781212
203.0967394704916 595.8534666847968
203.1606754514272 591.9340642955236
203.2246114323628 492.1806148687006
203.2885474132984 355.5698687315972
203.352483394234 257.1129043548815
203.4164193751696 243.59076551687207
203.48035535610515 303.5892770585469
203.54429133704076 374.23750548600094
203.60822731797637 385.26765222235525
203.67216329891193 311.23349526488647
203.7360992798475 186.94211361206416
203.8000352607831 73.24221296729057
203.86397124171867 11.323360214161749
203.92790722265428 1.865199081847696
203.99184320358984 15.664973052431472
204.05577918452545 22.30835001547164
204.11971516546103 12.57123197284626
204.1836511463966 2.7177429461320894
204.24758712733225 24.13675716041776
204.3115231082678 103.76421176170248
204.37545908920336 241.27870712141203
204.43939507013897 391.0394039343721
204.50333105107453 471.0059731425935
204.5672670320101 414.4113622534073
204.63120301294572 236.16926792452327
204.69513899388127 57.7131301867278
204.75907497481688 44.38964639940368
204.8230109557525 282.25948685109034
204.88694693668808 697.0842508774796
204.9508829176237 1079.282911648876
205.01481889855927 1206.7763006316686
205.07875487949485 1005.2114689142704
205.14269086043043 605.5765586341491
205.206626841366 228.16728596876484
205.2705628223016 26.430612382460545
205.3344988032372 22.95366062930222
205.3984347841728 134.52652590355575
205.4623707651084 247.5075573636921
205.52630674604396 292.59743057522405
205.5902427269796 261.5014227213811
205.65417870791515 181.07977922609425
205.71811468885076 94.87657996321879
205.78205066978632 53.35500897467465
205.84598665072187 95.66261528232253
205.9099226316575 224.3502056633756
205.9738586125931 391.385977053636
206.03779459352867 516.8848500681894
206.10173057446423 535.4447547257072
206.16566655539984 436.5008189058215
206.22960253633545 268.88807403325643
206.29353851727103 108.4981058795548
206.3574744982066 14.970607880292476
206.42141047914217 6.768958555097814
206.48534646007775 62.388378113475525
206.54928244101336 137.33603442544307
206.61321842194897 188.483639481452
206.67715440288453 197.43960077682596
206.7410903838201 177.05615754857217
206.8050263647557 157.6630589340083
206.86896234569127 163.8998038245997
206.93289832662688 192.46629122537212
206.99683430756247 211.91532744326528
207.06077028849808 193.35973497690753
207.12470626943363 138.3209125594801
207.18864225036924 74.03770308354248
207.25257823130485 27.57820205326512
207.31651421224043 6.442148118528468
207.380450193176 2.3415641129425135
207.4443861741116 10.071804476650668
207.5083221550472 36.3606843637022
207.5722581359828 87.31719832778921
207.6361941169184 151.56303120795747
207.70013009785396 202.81441406865113
207.76406607878957 221.48718941850967
207.82800205972512 210.9182709433914
207.89193804066076 190.74361907804348
207.95587402159632 175.66645596962096
208.01981000253187 160.68634477146327
208.08374598346748 128.145508604877
208.14768196440303 72.65662329456174
208.21161794533867 17.78791615226398
208.27555392627423 3.871653924679985
208.33948990720984 57.80325998173236
208.40342588814545 170.60020113547378
208.467361869081 295.5189884881706
208.5312978500166 367.5471573595848
208.59523383095217 341.98807611071214
208.65916981188775 230.4047113382524
208.72310579282336 96.58262222409627
208.78704177375892 12.308078753283835
208.85097775469453 11.345548231453348
208.9149137356301 70.76923925264553
208.9788497165657 131.7470541579249
209.04278569750127 148.81513895971463
209.10672167843688 122.52101382520112
209.17065765937247 84.82742031698821
209.23459364030808 62.199172429111286
209.29852962124363 54.90182818204004
209.36246560217924 46.15809632951009
209.4264015831148 28.804896955343008
209.4903375640504 16.45081825642721
209.554273544986 25.3618847377006
209.6182095259216 55.44941548500904
209.6821455068572 94.21547943255409
209.7460814877928 134.44385195043208
209.81001746872835 183.75464015472525
209.87395344966396 253.32426743151095
209.93788943059957 337.7061418115081
210.00182541153512 410.293306532797
210.06576139247073 438.2545433114121
210.1296973734063 400.94033296816207
210.19363335434187 300.68986523833047
210.25756933527748 166.6231326494651
210.32150531621303 54.266478716545066
210.38544129714865 31.7997967431989
210.44937727808423 140.52512603896355
210.51331325901984 353.01349234650667
210.57724923995545 577.2505415738793
210.641185220891 712.9396159683457
210.70512120182656 713.4169966373133
210.76905718276217 607.0616489802624
210.83299316369775 466.598875960259
210.89692914463336 350.8404547754488
210.96086512556892 271.7248598780794
211.02480110650447 215.11652537495573
211.08873708744008 175.31577581126604
211.1526730683757 155.94438470519702
211.21660904931127 148.4945185587347
211.28054503024688 129.8301209865635
211.34448101118247 89.9966675157295
211.40841699211805 51.26094413283127
211.47235297305363 45.304023324549405
211.53628895398924 73.62721504984225
211.6002249349248 101.25013371817136
211.6641609158604 99.38462645758383
211.728096896796 86.60819496302422
211.7920328777316 109.50980902035685
211.8559688586672 180.80349627143417
211.9199048396028 247.3770970916676
211.98384082053835 238.092341959908
212.04777680147393 148.8766577356996
212.1117127824095 61.23746472486011
212.17564876334512 67.48553194521921
212.23958474428073 180.92832450689625
212.3035207252163 328.05622640656514
212.36745670615187 428.0665990064076
212.43139268708745 452.1874619412712
212.49532866802303 414.70517454277115
212.55926464895865 340.2471784761032
212.62320062989423 238.93715718960968
212.6871366108298 120.0425539641086
212.75107259176536 24.655262343937626
212.815008572701 2.535208595057431
212.87894455363656 49.274135977428315
212.94288053457217 97.28277138667887
213.00681651550772 85.49690140235657
213.07075249644333 30.183547243576584
213.13468847737892 7.011697276762766
213.19862445831447 56.431302455804556
213.26256043925008 125.78126916924901
213.3264964201857 129.7390646559523
213.39043240112127 61.88257362186433
213.45436838205683 15.61333155073624
213.51830436299247 83.67976316547195
213.58224034392805 245.83390194243023
213.64617632486363 377.90444442202175
213.7101123057992 388.85810225076415
213.7740482867348 323.4268361454459
213.8379842676704 305.8698989906737
213.901920248606 395.8201541005516
213.9658562295416 518.9208181290279
214.02979221047715 557.536751907038
214.09372819141277 500.49234041004394
214.15766417234835 466.0634314155863
214.22160015328396 567.716564869578
214.2855361342195 769.1170769589414
214.34947211515507 888.7019150187558
214.41340809609068 772.0901619236746
214.4773440770263 456.3692342534108
214.54128005796187 141.3730136079664
214.60521603889745 2.788272367096825
214.66915201983304 47.453644420974285
214.7330880007686 144.49210514765315
214.79702398170423 178.38743189767496
214.8609599626398 158.80515353710223
214.92489594357536 181.20756184610536
214.98883192451095 297.5981122842565
215.05276790544653 445.49814631873426
215.11670388638217 503.9580526910668
215.18063986731772 412.54372934013696
215.24457584825333 229.8278630035264
215.3085118291889 72.00627499827308
215.37244781012447 10.194116327229132
215.43638379106008 31.873027283505316
215.5003197719957 74.45530811735325
215.56425575293127 85.42057200843459
215.62819173386683 59.20108229207559
215.69212771480244 22.60908188930934
215.756063695738 1.3900532504574534
215.81999967667363 7.538348770628205
215.8839356576092 41.16114955089244
215.9478716385448 91.27374166832878
216.0118076194804 133.72058425610734
216.075743600416 139.24025140294378
216.1396795813516 98.72740602510765
216.20361556228715 40.65857530023175
216.26755154322277 15.13000262295842
216.33148752415832 52.5303243332282
216.39542350509393 137.3265781338804
216.4593594860295 228.54775180736576
216.52329546696507 298.28731476402737
216.58723144790068 349.69843573601014
216.65116742883623 404.02632894454166
216.71510340977184 455.9599982845808
216.77903939070745 460.56094451543584
216.84297537164304 394.9774736076507
216.9069113525786 294.844341333983
216.9708473335142 212.361355226462
217.03478331444975 171.45955519416898
217.09871929538537 152.5091766105391
217.16265527632095 113.86315661694896
217.22659125725653 49.01714242768583
217.2905272381921 3.3086815908156364
217.35446321912767 19.268228901098503
217.41839920006333 82.4739891696566
217.4823351809989 130.08576514317707
217.54627116193447 114.82519450043172
217.61020714287008 54.15155916794431
217.6741431238057 6.31546477570036
217.73807910474127 5.1449915880162935
217.80201508567683 30.469413881763796
217.86595106661244 41.60651729400609
217.929887047548 26.84698410932528
217.9938230284836 9.510817378826946
218.0577590094192 9.882341489973438
218.1216949903548 17.699503857377604
218.1856309712904 13.103834932727068
218.249566952226 4.242379353419972
218.31350293316157 26.179565149828985
218.37743891409713 96.09631348474717
218.44137489503277 177.706893672437
218.50531087596832 207.14931352695345
218.56924685690393 157.21435590426222
218.63318283783948 67.00891487026061
218.69711881877504 7.096617245656544
218.76105479971068 15.519183732527935
218.82499078064623 71.24791690715027
218.88892676158184 128.31034267943028
218.95286274251745 159.4901724378011
219.016798723453 165.08616113124762
219.0807347043886 153.49081271372285
219.1446706853242 124.30403384529444
219.20860666625975 77.67351102470731
219.27254264719537 30.07954107738577
219.33647862813092 3.6532578497274546
219.40041460906653 2.248662549824162
219.4643505900021 8.989804539299332
219.52828657093767 12.06266772392367
219.59222255187328 27.638328641308743
219.6561585328089 88.07434761959368
219.72009451374447 205.63104331158908
219.78403049468008 347.39405280629563
219.8479664756157 451.4825387807453
219.91190245655125 475.6231718126984
219.9758384374868 420.9539202142941
220.03977441842244 315.8958272583952
220.103710399358 203.2912424605124
220.1676463802936 128.82337703565932
220.2315823612292 113.07285592955957
220.2955183421648 133.6610831468697
220.35945432310035 138.8613551569603
220.423390304036 92.33338959284217
220.48732628497157 20.771871412118315
220.55126226590713 7.451087783580992
220.6151982468427 114.09074298295248
220.6791342277783 297.29274896496054
220.74307020871393 421.4905961782844
220.80700618964948 379.81503308567534
220.87094217058504 203.0546579966974
220.93487815152065 42.843050427162666
220.99881413245623 34.74834218805585
221.06275011339184 168.66489755734372
221.12668609432745 306.9017636545225
221.190622075263 334.1026132913012
221.25455805619856 273.46129729701505
221.31849403713417 240.77663440702423
221.38243001806975 294.0213589427571
221.44636599900537 361.74503016097793
221.51030197994092 324.47848467610174
221.57423796087653 160.81003562818447
221.63817394181208 15.63275740210674
221.70210992274767 79.75592894235281
221.76604590368328 381.4113693701617
221.8299818846189 739.241043773899
221.89391786555447 912.9001370273713
221.95785384649005 792.2070726721192
222.0217898274257 485.57469322345423
222.08572580836125 223.07894729523335
222.1496617892968 149.23364225515408
222.2135977702324 223.94498462041216
222.277533751168 306.2264096544403
222.3414697321036 296.7352518146774
222.4054057130392 210.09533804838284
222.4693416939748 130.33214873179787
222.53327767491035 108.48945573937787
222.59721365584596 119.79554465702016
222.66114963678152 111.92408840778
222.72508561771713 71.47773470214409
222.7890215986527 38.06431868996072
222.8529575795883 56.86425986600424
222.91689356052387 125.6266383710534
222.98082954145943 194.27685996202712
223.04476552239504 213.9280424662335
223.10870150333065 187.7194030953445
223.17263748426623 164.19385009732403
223.2365734652018 175.21855372143247
223.30050944613737 200.08577278473533
223.364445427073 189.14585430433857
223.42838140800856 117.86581780101018
223.49231738894417 30.40284473446548
223.55625336987973 8.444939496932163
223.6201893508153 83.37833856114294
223.68412533175092 195.83571369979512
223.74806131268653 241.3913407166181
223.81199729362208 171.6876469430069
223.87593327455767 57.037392543904936
223.93986925549328 21.57732702080319
224.0038052364289 121.1932816271407
224.06774121736447 287.56228579151673
224.13167719830005 382.91141403149584
224.19561317923564 333.882831605206
224.2595491601712 202.6826233053216
224.3234851411068 107.47094367561265
224.3874211220424 101.62863762863287
224.451357102978 137.655329935555
224.5152930839136 136.79637972885357
224.57922906484916 93.94522211033296
224.6431650457848 93.24763644503277
224.70710102672035 206.58965746723084
224.77103700765596 391.1057116651541
224.83497298859152 506.6229578862429
224.89890896952707 445.95209565177674
224.96284495046268 244.47021595342903
225.0267809313983 55.41541190479706
225.09071691233387 11.065687459449276
225.15465289326943 104.10753256041389
225.21858887420504 209.86432765773887
225.28252485514065 214.27492092906624
225.34646083607623 115.1670626966434
225.4103968170118 15.682596651240416
225.47433279794737 23.18989699073745
225.53826877888295 151.88001771627188
225.60220475981856 322.31382275442184
225.66614074075417 437.3279983963272
225.73007672168973 452.6452502391302
225.7940127026253 391.84906400073726
225.8579486835609 307.4853990534216
225.92188466449647 233.74709603542647
225.98582064543209 173.84673075533763
226.04975662636767 120.8243539276502
226.11369260730328 80.66613850124241
226.1776285882389 73.26844402625707
226.24156456917444 110.89379569089492
226.30550055011005 176.81402631265058
226.36943653104564 232.57394896801347
226.4333725119812 251.9225390122531
226.4973084929168 243.92269816444892
226.5612444738524 236.02836951452483
226.625180454788 232.09933529689408
226.6891164357236 200.6283245459176
226.75305241665916 123.50607759510412
226.81698839759477 50.260140306217195
226.88092437853032 84.48223750250833
226.94486035946596 295.4082076673339
227.00879634040152 614.4939243018825
227.07273232133707 841.688487757459
227.13666830227268 812.9892590402505
227.20060428320824 553.3794508907386
227.26454026414385 252.9014667441467
227.32847624507943 115.28561785659608
227.39241222601504 192.8463074848272
227.45634820695065 342.66251356531217
227.5202841878862 378.1153725942216
227.58422016882176 252.964375789423
227.64815614975737 81.32678198185398
227.71209213069295 5.19947959848268
227.77602811162856 51.635394803398334
227.83996409256412 122.97507826648872
227.90390007349967 120.67735762138092
227.9678360544353 50.50537655051762
228.0317720353709 2.902443316378277
228.09570801630647 44.16215011689283
228.15964399724209 139.70175957085073
228.22357997817767 192.88346669488368
228.28751595911328 150.05214401829488
228.3514519400489 57.05225188189902
228.41538792098444 13.832320495132969
228.47932390192 78.79817703333849
228.5432598828556 216.04599630229896
228.6071958637912 328.2659476896802
228.6711318447268 340.75929430363857
228.7350678256624 255.01802665201157
228.799003806598 131.44971367795316
228.86293978753355 38.18219322318335
228.92687576846916 8.073784943406494
228.99081174940477 26.27627780121915
229.05474773034032 54.216079750923406
229.1186837112759 62.917976516072734
229.1826196922115 48.76576707779676
229.24655567314707 27.24964384599369
229.31049165408268 14.002622240186012
229.37442763501824 12.71036118102692
229.43836361595385 20.49104498692443
229.50229959688943 40.64940129960017
229.566235577825 84.64835307115679
229.63017155876065 157.40830381239363
229.6941075396962 239.64794485476943
229.75804352063176 288.3649525405168
229.82197950156737 265.89925397012104
229.88591548250292 175.9830254578526
229.94985146343856 69.91537910610135
230.01378744437412 15.565080171314326
230.07772342530967 51.195343723923614
230.14165940624528 155.7055428475003
230.2055953871809 261.70572756029014
230.26953136811647 302.614544468456
230.33346734905209 254.31533546327333
230.39740332998767 147.1728585703189
230.46133931092325 48.64842071519352
230.52527529185883 23.059161320232327
230.58921127279444 93.09642003989752
230.65314725373 235.3632046460933
230.7170832346656 400.6097854745256
230.7810192156012 529.8438043141665
230.8449551965368 575.7887276984457
230.9088911774724 530.6377467424614
230.972827158408 424.2873377180084
231.03676313934355 297.2365851549027
231.10069912027916 183.01057297468645
231.1646351012147 100.04531085120156
231.22857108215032 51.66089351267649
231.2925070630859 43.33700092475591
231.3564430440215 91.78103735914814
231.42037902495707 205.77201911516417
231.48431500589265 362.4674877691968
231.54825098682824 504.5143461052718
231.61218696776385 566.8120919319563
231.67612294869943 520.6450135928707
231.740058929635 393.8984116347431
231.80399491057057 246.8997048375732
231.86793089150615 133.2855197724595
231.93186687244176 79.64777894644261
231.99580285337737 90.70602249713983
232.05973883431292 159.82450861581327
232.1236748152485 264.16517410435785
232.1876107961841 360.19444203357085
232.25154677711967 401.8418777629872
232.31548275805528 368.5787572128377
232.3794187389909 280.2195383744155
232.44335471992648 185.4294560240185
232.50729070086203 128.22264769954978
232.57122668179767 121.3494684689684
232.63516266273325 152.27894842821868
232.69909864366883 210.08039586205393
232.7630346246044 296.54283824839933
232.82697060554 407.877923032249
232.8909065864756 515.4361646913811
232.9548425674112 574.5189002389282
233.0187785483468 553.5714928912461
233.08271452928236 457.05306901562494
233.14665051021797 324.6170739592751
233.21058649115355 205.05795279655328
233.27452247208916 125.1042343889148
233.3384584530247 83.25159802359951
233.40239443396027 67.51312970436601
233.46633041489588 69.90116886053603
233.5302663958315 88.0338180341758
233.59420237676707 122.0729069268753
233.65813835770263 170.8987901733389
233.72207433863824 226.74002953977296
233.7860103195738 271.4984851276054
233.8499463005094 283.1829366066852
233.913882281445 253.64128830542884
233.97781826238057 199.4011731750844
234.04175424331615 148.80452337873052
234.10569022425173 116.90760460275298
234.1696262051873 93.87276882779852
234.23356218612292 61.129031831646216
234.2974981670585 20.307564948254477
234.3614341479941 1.4083012218473971
234.42537012892967 37.91543187433767
234.48930610986528 126.36416427187856
234.5532420908009 216.9270300022236
234.61717807173648 255.61957195477717
234.68111405267203 223.10376315494972
234.74505003360764 146.57267813614382
234.8089860145432 88.62919814221557
234.87292199547883 93.1270987428803
234.9368579764144 153.46719549242508
235.00079395735 238.54895423231093
235.0647299382856 307.31017290623083
235.1286659192212 324.11579048822165
235.1926019001568 284.6864428624978
235.25653788109236 210.38616954892373
235.32047386202797 139.22785017485998
235.38440984296352 116.33088834016964
235.44834582389913 159.53539973522027
235.5122818048347 233.93295424604116
235.57621778577027 271.98049191535443
235.64015376670588 233.23130603702148
235.70408974764143 144.76298524350992
235.76802572857704 85.81348773199737
235.83196170951263 130.49336441068354
235.89589769044824 279.4982611523448
235.9598336713838 446.34532918554174
236.0237696523194 513.1534203768052
236.08770563325496 418.2734277439908
236.15164161419057 219.24278340033604
236.21557759512615 45.23583368893414
236.27951357606173 8.921894697603252
236.3434495569973 165.54369132947778
236.40738553793287 483.5010615267741
236.47132151886848 841.8674228627424
236.5352574998041 1079.2602717422344
236.59919348073967 1064.6902996504011
236.66312946167528 786.0002299981775
236.7270654426109 384.23710065654245
236.79100142354645 75.53680641685017
236.85493740448203 14.32395837215212
236.91887338541764 178.34311640419384
236.9828093663532 382.99708848445
237.0467453472888 440.39100887920375
237.1106813282244 309.439362596947
237.17461730916 113.33049373157031
237.2385532900956 21.740388648475943
237.3024892710312 98.49696892960861
237.36642525196677 261.3148615089608
237.43036123290233 378.0855864649541
237.49429721383797 383.6401596206364
237.55823319477352 311.22304473413493
237.62216917570913 228.36909242787263
237.6861051566447 162.2304615021326
237.75004113758024 100.34017367242912
237.81397711851588 42.77139866106226
237.87791309945143 23.157480361571487
237.94184908038704 70.83991096850094
238.00578506132263 159.50511545902185
238.0697210422582 213.72401706999713
238.1336570231938 180.17043296721727
238.1975930041294 84.04841681025161
238.26152898506496 10.356451614834707
238.32546496600057 27.150653505873365
238.38940094693612 123.32691186682185
238.45333692787173 224.3217476503199
238.5172729088073 261.252469387482
238.58120888974287 220.55580110264887
238.64514487067848 140.81257532264684
238.7090808516141 72.38778442556703
238.77301683254967 42.89338968821596
238.83695281348528 57.13131555476443
238.9008887944209 115.75169437485044
238.96482477535645 222.34390781120396
239.02876075629203 370.08992481908416
239.0926967372276 528.4343277304952
239.1566327181632 651.4898113171115
239.2205686990988 698.8839662393931
239.2845046800344 651.5495436183884
239.34844066097 521.565961710962
239.41237664190555 351.1160990674852
239.4763126228412 191.996345117703
239.54024860377675 80.17592285009779
239.60418458471233 26.18564034931419
239.6681205656479 17.805209293308756
239.7320565465835 27.76959703787495
239.79599252751913 30.55250438562451
239.8599285084547 20.857302480515337
239.92386448939024 16.08354495643249
239.98780047032585 38.162168040448336
240.05173645126143 87.19741523978215
240.11567243219704 132.5593132448292
240.17960841313263 140.46059034538283
240.2435443940682 119.03555204841412
240.30748037500376 135.40653878382176
240.37141635593937 273.3237067630705
240.43535233687496 544.3219250737096
240.49928831781057 833.1964262307243
240.56322429874612 962.997331589912
240.62716027968173 835.8938563966129
240.6910962606173 515.8983717293527
240.75503224155287 190.97989839314027
240.81896822248848 41.55404849490638
240.8829042034241 105.69164541419119
240.94684018435967 265.0229255866715
241.01077616529523 364.21636928860215
241.07471214623084 336.98666147989934
241.13864812716645 231.22083396685807
241.20258410810203 133.69198506628607
241.2665200890376 83.7896169062953
241.3304560699732 61.21825825693451
241.3943920509088 35.79165743541713
241.4583280318444 9.580122093667745
241.52226401278 7.526754049698499
241.58619999371555 37.51179313508697
241.65013597465116 75.68498213160932
241.71407195558672 90.84544877808472
241.77800793652233 74.94902785045346
241.8419439174579 46.29524437118869
241.9058798983935 24.436872668286636
241.96981587932908 13.214538179884247
242.03375186026463 12.151367204324165
242.09768784120024 32.267927668011374
242.16162382213585 88.21491505230584
242.22555980307143 174.14027332722375
242.289495784007 257.7448373415904
242.35343176494257 301.5919506903604
242.4173677458782 295.19797710495976
242.48130372681376 275.6492509550697
242.54523970774935 295.4091091423196
242.60917568868493 351.6032060826088
242.6731116696205 376.67281532727736
242.73704765055612 312.46512751292767
242.80098363149173 173.34489976173407
242.8649196124273 45.1495023421394
242.92885559336287 31.7084818581472
242.99279157429848 170.84943419713315
243.0567275552341 388.19605140292873
243.12066353616967 548.9351909506261
243.18459951710523 557.7112493210777
243.24853549804084 420.93790593352475
243.3124714789764 233.444553658794
243.376407459912 99.08114557547529
243.4403434408476 54.62231936287137
243.5042794217832 66.00994326810283
243.5682154027188 81.12079165463113
243.6321513836544 79.91559925051418
243.69608736458997 81.75188077829812
243.76002334552555 110.54590452259988
243.82395932646116 160.7069062371431
243.88789530739672 201.50048244859715
243.95183128833233 210.88516819094048
244.01576726926788 195.83711421672612
244.0797032502035 176.3630772030965
244.14363923113908 159.52231790063917
244.20757521207463 133.8574392104491
244.27151119301024 88.12244104668346
244.33544717394585 35.562543522357025
244.39938315488143 9.00417862843171
244.463319135817 25.538608641690008
244.52725511675257 65.20877978387814
244.59119109768815 89.67476724988919
244.65512707862376 80.82437788177867
244.71906305955935 56.96133567965839
244.78299904049493 47.517030593671926
244.8469350214305 58.015327601487584
244.9108710023661 65.18469506544298
244.97480698330168 46.94782675800471
245.0387429642373 15.968469991249323
245.10267894517287 14.853470420351671
245.16661492610848 72.7919066285963
245.2305509070441 173.23501576826885
245.29448688797964 268.1813231427095
245.3584228689152 317.6490119700803
245.42235884985084 313.50586898352395
245.4862948307864 276.0898150443358
245.550230811722 230.71501456282
245.6141667926576 187.509685188452
245.6781027735932 149.60265475507413
245.7420387545288 125.74590310686465
245.8059747354644 119.5862360982084
245.86991071639997 116.01436545266785
245.93384669733553 93.50091862539088
245.9977826782711 56.32498220858614
246.06171865920672 44.68181282863316
246.12565464014233 103.83716252351304
246.18959062107788 237.51182441443825
246.25352660201344 381.92776963766886
246.31746258294905 445.742853329356
246.38139856388463 393.01635868751424
246.44533454482024 267.5392008305371
246.50927052575585 142.73433864710023
246.5732065066914 67.13218583554556
246.63714248762696 44.03162200269379
246.70107846856257 49.25444323816897
246.76501444949815 61.73828856684971
246.82895043043376 73.41570440352535
246.89288641136932 79.26899447409009
246.95682239230487 70.99312839485654
247.0207583732405 45.8164200658593
247.0846943541761 15.966016390218407
247.14863033511168 0.6179508522695584
247.2125663160473 7.4977810523129955
247.27650229698287 27.795617567596167
247.34043827791845 51.208363153138805
247.4043742588541 80.15705935953503
247.46831023978964 125.28224760145145
247.5322462207252 188.30536546469904
247.5961822016608 250.40108740409693
247.6601181825964 280.8242474067882
247.724054163532 263.4350625646017
247.7879901444676 215.84213648209447
247.8519261254032 180.05268496717824
247.91586210633875 194.53870195867165
247.97979808727436 266.5369679239428
248.04373406820997 358.332766845472
248.10767004914553 399.8410093699487
248.1716060300811 337.13812338767286
248.2355420110167 193.89120422613703
248.29947799195227 61.9067696655335
248.36341397288788 16.439052430029882
248.42734995382344 57.85727103642657
248.49128593475905 110.87676797888093
248.55522191569463 95.58112101342493
248.6191578966302 31.922065505073892
248.68309387756585 20.428330504117923
248.7470298585014 124.87594909266296
248.81096583943696 297.6281100921024
248.87490182037257 393.43555625248024
248.93883780130813 312.0542729484178
249.00277378224376 127.21676918298152
249.06670976317932 6.221630005339068
249.13064574411487 41.45034841900312
249.19458172505048 169.86484122044664
249.2585177059861 235.83907319777447
249.32245368692168 162.75718526004675
249.3863896678573 37.391027778224256
249.45032564879287 9.29671958645306
249.51426162972845 133.7661009516198
249.57819761066403 310.5052614057829
249.6421335915996 380.0275620069056
249.7060695725352 281.1267530169612
249.7700055534708 103.87697868934912
249.8339415344064 2.3311935064378377
249.897877515342 63.52039070996514
249.96181349627756 245.1938963516722
250.0257494772132 424.4849533652833
250.08968545814875 498.5847456776591
250.15362143908436 445.79395329108974
250.21755742001992 324.54741251989446
250.28149340095547 235.54321917852647
250.3454293818911 255.99951133013923
250.4093653628267 382.74194060305456
250.47330134376227 537.5549370155273
250.53723732469783 623.3418027540616
250.60117330563344 592.0870255585924
250.66510928656905 490.1358741089935
250.72904526750463 420.9872230815104
250.7929812484402 438.9318257577448
250.85691722937577 502.7716192351441
250.92085321031135 533.7398417031153
250.98478919124696 483.20730666895696
251.04872517218257 359.3121922856838
251.11266115311813 220.63310420673264
251.1765971340537 137.15228083506136
251.2405331149893 148.90940352067213
251.30446909592487 254.73997341059996
251.36840507686048 416.6298229121257
251.43234105779607 564.1270583632136
251.49627703873168 610.4877411493952
251.56021301966723 503.53437281679504
251.62414900060287 288.6523730100786
251.68808498153845 92.47084305025923
251.75202096247403 15.408836258223603
251.8159569434096 49.06005394661722
251.8798929243452 96.94958898584628
251.9438289052808 94.17515631455181
252.0077648862164 110.16334474734577
252.071700867152 292.45667176785975
252.13563684808756 714.3305290639192
252.19957282902317 1251.9258782444297
252.26350880995872 1596.6253596184197
252.32744479089436 1504.4175193722272
252.39138077182992 1028.164838808944
252.45531675276547 449.227992334648
252.51925273370108 68.26749427438502
252.58318871463663 20.086457514301372
252.64712469557227 195.0386197477804
252.71106067650783 369.01247454605135
252.77499665744344 396.38256502784094
252.83893263837905 281.64231390166964
252.9028686193146 127.31190507328049
252.9668046002502 26.163044468725303
253.03074058118577 16.6148205850403
253.09467656212135 106.92798105097098
253.15861254305696 285.83434983787566
253.22254852399251 516.8743995806585
253.28648450492813 712.9931380242484
253.3504204858637 749.0075330035348
253.4143564667993 574.7960616115546
253.47829244773487 288.97953800870226
253.54222842867048 66.97796606427124
253.60616440960607 46.418301864623835
253.67010039054168 251.46678533072807
253.73403637147723 573.6010289213435
253.79797235241284 836.4571647613981
253.8619083333484 902.0589481421687
253.92584431428403 741.6758546721219
253.9897802952196 453.1857552704829
254.0537162761552 216.01060269652368
254.1176522570908 188.91457291506595
254.1815882380264 404.1589322817456
254.24552421896195 729.665940824645
254.30946019989756 952.0295739182486
254.37339618083317 936.5410437693912
254.43733216176872 721.6602490485852
254.50126814270433 465.2643624527107
254.5652041236399 299.924722788421
254.62914010457547 231.05075987467936
254.69307608551108 174.60228702387508
254.75701206644663 81.83158688871204
254.82094804738225 4.9655644566891315
254.88488402831783 43.803786268556074
254.94882000925344 236.81860173813365
255.01275599018905 502.568302540736
255.0766919711246 699.7020057100439
255.14062795206016 746.2691601347145
255.20456393299577 664.2860574830694
255.26849991393135 531.0567971951309
255.33243589486696 418.69987005805615
255.39637187580252 359.40625525193417
255.46030785673807 338.04242527185744
255.52424383767368 314.79605022008576
255.5881798186093 261.7815490418466
255.65211579954487 183.64695025859467
255.71605178048048 108.1726381857946
255.77998776141607 61.325858928425454
255.84392374235165 48.61827721039853
255.90785972328723 54.87492597338846
255.97179570422284 61.03944633333715
256.03573168515845 61.18743289848526
256.09966766609404 60.79739638443692
256.1636036470296 61.259020534835834
256.2275396279652 60.94079570955978
256.2914756089008 78.6265355138287
256.3554115898364 161.42863537078435
256.419347570772 347.439862502702
256.4832835517076 601.5065990579071
256.5472195326432 799.4807001135574
256.61115551357875 814.4703848177669
256.67509149451433 632.9308277432294
256.7390274754499 378.2005165958038
256.8029634563855 210.24668446975963
256.8668994373211 194.98419555999527
256.93083541825666 269.0416049213927
256.99477139919225 316.7001584177128
257.0587073801279 276.9520168319706
257.12264336106347 183.3057812907816
257.18657934199905 100.32381766195506
257.25051532293463 51.22621447746088
257.3144513038702 23.719276111475935
257.37838728480574 14.243859386272854
257.4423232657414 42.810674657868944
257.50625924667696 115.97090216348639
257.57019522761254 190.19894816342787
257.63413120854807 203.0759324503609
257.69806718948365 140.59166642381803
257.76200317041935 63.40872890110794
257.82593915135493 53.89247170653486
257.88987513229046 129.62290093025763
257.9538111132261 225.79952403788892
258.0177470941617 259.8392028019816
258.08168307509726 205.34875955900029
258.14561905603284 112.85735378793576
258.2095550369684 53.37815697558291
258.273491017904 48.84088541246117
258.3374269988396 69.95658007062312
258.4013629797752 79.09734763179635
258.4652989607108 65.16271395533508
258.5292349416464 49.98096375918229
258.593170922582 60.06092725366856
258.65710690351756 96.47505448091462
258.72104288445314 141.25384981641247
258.7849788653887 179.8395658101892
258.8489148463243 207.4936086468653
258.9128508272599 225.20461463378504
258.97678680819547 237.4785881138092
259.0407227891311 250.19582035734396
259.1046587700667 266.180814682113
259.1685947510023 283.3945226043765
259.23253073193786 297.69191837776253
259.29646671287344 305.2582996420563
259.360402693809 299.0639151585889
259.4243386747446 268.2841885321929
259.4882746556802 211.8731410219335
259.55221063661577 143.99269385035478
259.6161466175513 81.5744777845762
259.68008259848693 37.55601822060773
259.7440185794226 18.185793650020635
259.8079545603581 17.21714702044201
259.87189054129374 18.781579482615935
259.93582652222926 14.165837974586227
259.9997625031649 19.17712249345364
260.0636984841005 68.6634423935287
260.12763446503607 184.8133571328516
260.19157044597165 344.81630412165094
260.25550642690723 471.4252270287416
260.3194424078428 471.0966495603254
260.38337838877845 324.4255993748609
260.44731436971404 141.59420575156557
260.5112503506496 90.347070486912
260.5751863315852 259.2545098037869
260.6391223125208 580.873420120888
260.7030582934564 865.2419572934707
260.76699427439195 937.0782814958278
260.8309302553276 774.3816873547497
260.8948662362631 502.6536527857986
260.9588022171987 266.969938656656
261.02273819813433 131.63915396703803
261.0866741790699 82.55157226625779
261.1506101600055 88.51918344861834
261.2145461409411 133.59220940470155
261.27848212187666 192.9184226689788
261.34241810281225 216.7784871573571
261.40635408374783 177.03199257309993
261.4702900646834 125.22551683629882
261.53422604561894 169.5816449075491
261.5981620265546 361.7063726235304
261.6620980074902 604.3683372759306
261.72603398842574 717.0563627634824
261.7899699693614 614.2031745729805
261.85390595029696 387.856597491845
261.91784193123254 209.45326802350783
261.98177791216807 161.1746997363922
262.04571389310365 176.32218886475644
262.1096498740393 155.2176043433091
262.1735858549749 104.18964152954332
262.23752183591046 125.83155155128019
262.30145781684604 273.0720251585239
262.3653937977817 449.8032542594895
262.42932977871726 501.2108802741405
262.49326575965284 381.56144975870507
262.5572017405884 206.0967088930272
262.621137721524 133.66147170588647
262.6850737024596 189.11645694916345
262.7490096833952 247.08730166212328
262.81294566433075 204.15469059602432
262.87688164526634 104.3391489713033
262.9408176262019 80.8397905229214
263.00475360713756 191.9996650511657
263.06868958807314 344.28409816807124
263.1326255690087 399.2414453487325
263.1965615499443 320.78462388011985
263.2604975308799 206.00432917776433
263.32443351181547 186.41553625029533
263.38836949275105 294.8715278706361
263.45230547368664 444.0601957047235
263.5162414546222 529.9169316240758
263.5801774355578 520.1270008287872
263.64411341649344 446.8663277267512
263.708049397429 351.73545745661124
263.7719853783646 258.5973418393233
263.8359213593002 187.6007676863348
263.89985734023577 168.9737418962847
263.9637933211713 227.51012287232427
264.02772930210693 358.6385771833784
264.09166528304246 532.2842671191518
264.1556012639781 710.4526644862094
264.2195372449137 841.4362494113518
264.28347322584926 853.9164189642436
264.3474092067849 701.7972942892404
264.4113451877205 432.0883202759852
264.47528116865607 182.81018730886663
264.53921714959165 85.69789866377975
264.60315313052723 157.94334723792392
264.6670891114628 283.7888329958899
264.7310250923984 316.53823663211887
264.794961073334 217.78872596218727
264.8588970542696 88.83529388009552
264.92283303520514 59.46875431988746
264.9867690161408 160.5968669718827
265.0507049970764 303.824218028102
265.11464097801195 370.9214622802923
265.1785769589476 319.0210084714537
265.2425129398831 200.2044549155528
265.3064489208187 92.66146894906227
265.3703849017543 33.051494322445386
265.43432088268986 11.098656973671895
265.49825686362544 3.9690089190332354
265.562192844561 1.0383489043866307
265.62612882549666 3.681152621295936
265.69006480643225 16.4731828046861
265.75400078736783 42.491715834334606
265.8179367683034 79.85974002979091
265.88187274923894 121.86582716498292
265.9458087301746 166.77632788619087
266.0097447111101 230.90466479717853
266.07368069204574 347.79869308292325
266.13761667298127 528.0138650560502
266.2015526539169 707.9755382322895
266.26548863485255 771.9828096572572
266.32942461578807 644.7786796169278
266.39336059672365 372.02895599531166
266.4572965776593 116.83129526776086
266.5212325585949 36.066207285999695
266.58516853953046 141.0254083218887
266.64910452046604 302.78500632032063
266.7130405014016 377.0174845125692
266.7769764823372 316.4385666690427
266.8409124632728 186.7081976312308
266.9048484442084 81.30057050186434
266.968784425144 33.80086952295015
267.0327204060796 19.354015251513584
267.0966563870152 11.308533392907078
267.16059236795076 9.924560586191252
267.22452834888634 20.77628917798351
267.2884643298219 30.155746490945855
267.3524003107575 20.451455777677527
267.4163362916931 3.7553755192627984
267.48027227262867 20.99453572411633
267.54420825356425 97.2558115587324
267.6081442344999 203.5796177613541
267.67208021543547 274.3298926345391
267.73601619637105 266.46562534099337
267.79995217730664 196.59774408918344
267.8638881582422 118.0098997539696
267.9278241391778 69.76438434186039
267.9917601201134 51.868316985786194
268.05569610104897 42.13286031449808
268.11963208198455 26.61709509256145
268.18356806292013 9.33222513581276
268.24750404385577 0.3212883315384156
268.3114400247913 3.8009807577866046
268.37537600572693 16.476398146263737
268.43931198666246 29.915838464599137
268.5032479675981 32.773892989512966
268.5671839485337 20.352318452290568
268.63111992946926 8.579974207549634
268.69505591040485 32.071772686235086
268.7589918913404 114.88853206358552
268.822927872276 231.5316632351944
268.8868638532116 311.5816176409369
268.95079983414723 302.72188999616645
269.0147358150828 219.61191737103164
269.0786717960184 132.72353613722308
269.142607776954 112.16378095614054
269.2065437578896 158.47108543546716
269.27047973882514 199.9691378556525
269.3344157197607 176.6893264389902
269.3983517006963 100.70156202408944
269.4622876816319 32.20616242791842
269.5262236625675 15.862177182837508
269.5901596435031 41.237720788410606
269.6540956244387 68.43829023694
269.7180316053743 82.69819254240066
269.78196758630986 106.84855853542224
269.84590356724544 166.46221199263195
269.909839548181 251.38714376720537
269.9737755291166 313.8658568184311
270.03771151005213 311.78072812592853
270.1016474909878 251.34282761411356
270.1655834719233 179.28004733741423
270.22951945285894 145.27653010502448
270.2934554337946 181.14984544702276
270.3573914147301 297.7489144706108
270.42132739566574 477.71698991591063
270.48526337660127 661.1722030581212
270.5491993575369 756.556771053667
270.6131353384725 698.4087875579994
270.67707131940807 503.5452225829965
270.74100730034365 264.7406506003778
270.80494328127924 86.83450683858892
270.8688792622149 18.18004626727684
270.93281524315046 34.982223103213165
270.99675122408604 84.6512533303336
271.0606872050216 135.59896048697988
271.1246231859572 180.91208533948208
271.1885591668928 210.01425367961656
271.2524951478284 209.9369019772006
271.31643112876395 201.79990297327885
271.38036710969953 258.57214142074497
271.4443030906351 467.3231408244189
271.5082390715707 844.3881186711101
271.57217505250634 1274.468009096192
271.6361110334419 1557.122427125134
271.7000470143775 1540.9866024563282
271.7639829953131 1229.943569419079
271.82791897624867 773.5548168740866
271.89185495718425 358.95346383796414
271.95579093811983 99.8297932745752
272.0197269190554 5.319612307497326
272.08366289999094 25.226959977433022
272.1475988809266 104.84777779530384
272.2115348618622 207.4658216940402
272.2754708427978 309.15717654663166
272.3394068237334 385.4263661120632
272.40334280466897 407.39977185518205
272.4672787856045 354.56705002349435
272.53121476654013 237.08581500322387
272.59515074747566 117.08509515613135
272.6590867284113 97.26750997794147
272.7230227093469 241.61637498023373
272.78695869028246 489.4037816621918
272.8508946712181 671.5372239303682
272.9148306521537 633.1753733975479
272.97876663308926 374.0539906114448
273.04270261402485 88.48053915953811
273.1066385949604 33.79995514815979
273.170574575896 317.87245675506466
273.2345105568316 791.6859151291789
273.2984465377672 1148.5635638094043
273.36238251870276 1157.1397448484468
273.42631849963834 827.5358724656278
273.4902544805739 380.1352293467912
273.5541904615096 72.24502963138073
273.61812644244515 30.16005678772557
273.6820624233807 194.3715053117564
273.7459984043163 389.25541737156806
273.8099343852519 454.10914065122154
273.8738703661875 345.80660088597404
273.93780634712306 156.40448766332912
274.00174232805864 48.55258171947592
274.0656783089942 137.79660984331505
274.1296142899298 391.615246931046
274.19355027086544 638.8593688481882
274.257486251801 693.7786303263553
274.3214222327366 503.48895732889866
274.38535821367213 205.02840495275288
274.4492941946078 22.30150582922756
274.5132301755433 86.06235135954732
274.57716615647894 346.97980740770606
274.64110213741446 633.2384261869511
274.7050381183501 781.8487274938828
274.7689740992857 743.0522864753337
274.83291008022127 581.4611737598806
274.8968460611569 395.6560376036136
274.9607820420925 247.27244888183543
275.0247180230281 147.64699292804264
275.08865400396365 84.93162112305701
275.15258998489924 53.98611953048282
275.2165259658348 64.03214844705322
275.2804619467704 124.55139313719793
275.344397927706 226.85438666179292
275.4083339086416 335.54520580815125
275.4722698895772 398.10515567137696
275.5362058705128 377.665489455734
275.6001418514484 283.9099978763941
275.66407783238395 166.57395932296976
275.72801381331954 78.58608053053953
275.7919497942551 41.28908901618129
275.8558857751907 45.210195107284896
275.9198217561263 82.4259936839974
275.98375773706186 154.88251132316003
276.04769371799745 248.5739636715536
276.11162969893303 315.64954149402695
276.1755656798686 295.619130176207
276.23950166080425 185.7151398223245
276.30343764173983 76.28230525615238
276.3673736226754 68.63768682566237
276.43130960361094 175.31831937956957
276.4952455845466 306.2663681757547
276.55918156548216 340.4286969779173
276.62311754641775 254.03504807391684
276.68705352735327 160.3622137910026
276.75098950828885 177.56754879058215
276.8149254892245 300.00125115718294
276.87886147016013 413.0488768640128
276.94279745109566 422.7682244742272
277.0067334320313 359.890479573843
277.0706694129669 330.03222008003
277.13460539390246 406.4791868671842
277.19854137483804 564.7393610007555
277.2624773557736 669.9012403472293
277.3264133367092 601.362671275378
277.3903493176448 391.0319267369104
277.45428529858043 168.78208147413844
277.518221279516 33.78333359965044
277.5821572604516 0.111407293668257
277.6460932413872 20.25562780883953
277.71002922232276 48.80853118519679
277.77396520325834 75.1033415918667
277.8379011841939 106.23909738532151
277.9018371651295 142.678906578053
277.9657731460651 178.35574147285925
278.0297091270007 220.54323738877528
278.09364510793625 290.62178980698053
278.1575810888719 402.3670105870652
278.2215170698075 535.0850553798052
278.28545305074306 621.442123865956
278.34938903167864 588.638294151735
278.4133250126142 430.36599451307967
278.4772609935498 227.19668224483945
278.5411969744854 77.18383017450778
278.60513295542097 17.98462624605147
278.6690689363565 16.068120066691918
278.73300491729213 15.142187582053705
278.7969408982278 4.970431320822716
278.8608768791633 35.21546089715156
278.92481286009894 152.18929319639193
278.98874884103446 324.33424583271716
279.0526848219701 432.12559443406576
279.1166208029057 378.29837218104126
279.18055678384127 206.5152073662335
279.24449276477685 76.37749409169417
279.30842874571243 142.71098732999457
279.372364726648 413.1270822395365
279.43630070758365 706.7436670054807
279.50023668851924 812.4642778295907
279.5641726694548 659.0690477986734
279.6281086503904 352.12074768479124
279.692044631326 91.96618033553331
279.7559806122616 10.7330702413914
279.81991659319715 85.92403487595409
279.88385257413273 206.48720891970075
279.9477885550683 283.41746667859076
