0.1 11710.98709949863
0.1300756225423464 11331.488154651122
0.16015124508469275 11020.72577379027
0.1902268676270392 10930.807568364127
0.22030249016938555 11398.141959742612
0.25037811271173194 13037.673278493612
0.28045373525407835 16628.781247817948
0.3105293577964247 23103.538344043827
0.340604980338771 33835.954208388015
0.37068060288111754 51588.933526016684
0.4007562254234639 81567.29728219134
0.43083184796581014 127006.44935661036
0.4609074705081566 177769.403242127
0.490983093050503 211523.28071499293
0.5210587155928494 220227.38000452236
0.5511343381351956 220924.48264023408
0.5812099606775422 235626.45172440735
0.6112855832198886 279050.6549362516
0.641361205762235 346783.0186037276
0.6714368283045813 411153.5039063116
0.7015124508469277 448099.4317789352
0.7315880733892741 453812.62079069
0.7616636959316205 430388.967789656
0.7917393184739667 381752.9040299172
0.8218149410163132 319960.6072747789
0.8518905635586596 254231.93520296016
0.8819661861010061 189594.13207840463
0.9120418086433523 151165.32781681107
0.942117431185699 190751.94224763903
0.9721930537280451 353990.07556224527
1.0022686762703916 641789.5507322192
1.032344298812738 1001510.2973969358
1.0624199213550845 1339691.0016053163
1.0924955438974309 1541794.3778156452
1.1225711664397773 1528094.7564897717
1.1526467889821237 1313197.1438746543
1.18272241152447 983466.2152035617
1.2127980340668163 637241.1859023527
1.2428736566091627 351866.55517153454
1.2729492791515091 167822.69331523025
1.3030249016938555 82861.51060910372
1.333100524236202 61097.6470968032
1.3631761467785484 58061.80881346719
1.3932517693208948 48206.65528753468
1.4233273918632408 32370.314286430144
1.4534030144055872 27242.932480393036
1.4834786369479338 48161.21898864628
1.5135542594902802 92705.34208558782
1.5436298820326266 137887.30052694885
1.573705504574973 154461.97264636256
1.6037811271173195 127377.66880158387
1.6338567496596659 68945.59336987529
1.6639323722020123 15871.601886503788
1.6940079947443585 9065.63025677992
1.724083617286705 66545.35991553648
1.7541592398290513 170332.49096970403
1.7842348623713975 279920.7441018334
1.814310484913744 361510.87836163817
1.8443861074560903 409274.8517478036
1.8744617299984367 443532.1567435089
1.9045373525407832 490236.11503710406
1.9346129750831291 554989.3638880029
1.964688597625476 614543.7724498967
1.9947642201678224 637610.9949183646
2.024839842710169 611044.8526263351
2.054915465252515 547080.3631337619
2.0849910877948616 469584.50766969624
2.115066710337208 391834.3542219235
2.1451423328795545 308767.0836320854
2.1752179554219007 214094.73042777693
2.2052935779642473 118826.84366429492
2.235369200506593 46615.92469621606
2.26544482304894 14619.305310461965
2.2955204455912863 19856.35420125087
2.3255960681336325 39203.83128007432
2.355671690675979 45310.72829505671
2.3857473132183253 30932.22831368952
2.415822935760672 16427.132052076893
2.445898558303018 31204.519606648857
2.475974180845365 95522.21282855984
2.506049803387711 212602.26069859203
2.5361254259300567 358356.5359337544
2.566201048472404 484462.2722814543
2.59627667101475 548701.1583250806
2.6263522935570967 537747.9658040066
2.656427916099443 456671.74515876954
2.686503538641789 318134.0767327525
2.716579161184136 157864.5564207735
2.7466547837264814 37561.46948826256
2.7767304062688285 9220.2169837186
2.8068060288111742 84868.8505236715
2.8368816513535213 233980.77643443167
2.8669572738958675 388332.62544991786
2.897032896438214 477787.1705646834
2.9271085189805603 500055.8743365682
2.957184141522907 542636.8378321073
2.9872597640652527 733986.1192307587
3.0173353866076 1187064.340678834
3.047411009149946 1921155.617683752
3.077486631692292 2780267.488941737
3.107562254234639 3499095.394349756
3.1376378767769846 3874280.9972907375
3.167713499319332 3839640.585033752
3.1977891218616774 3435990.539760032
3.2278647444040245 2798358.013593418
3.2579403669463702 2134864.775015232
3.288015989488717 1624558.9516574007
3.3180916120310635 1335640.60645498
3.3481672345734097 1244595.1065555667
3.3782428571157563 1290335.124009296
3.4083184796581025 1398465.35741871
3.4383941022004487 1486413.9573675247
3.468469724742796 1483865.26925535
3.498545347285141 1358991.188082684
3.528620969827488 1125077.595605933
3.5586965923698344 829023.597193903
3.588772214912181 531053.0105821133
3.618847837454527 283968.66761072783
3.6489234599968734 119372.51218234816
3.67899908253922 43373.351523330624
3.7090747050815662 47002.90471667128
3.739150327623913 122152.77288573384
3.769225950166259 259924.9146027265
3.7993015727086057 439453.2515874773
3.829377195250952 626834.4841879691
3.8594528177932985 779108.4302552595
3.8895284403356447 852604.4908135339
3.9196040628779913 824787.0471102045
3.9496796854203375 714531.0162515432
3.979755307962684 572012.3909363707
4.00983093050503 444781.65885005664
4.039906553047376 357081.74134480575
4.069982175589723 314581.1153081109
4.1000577981320685 316386.8647568119
4.130133420674415 357840.4175848435
4.160209043216762 422742.3471234848
4.190284665759108 477630.51003769407
4.220360288301454 483290.7808523613
4.250435910843801 419030.0542321564
4.280511533386147 297569.9896196289
4.310587155928494 159454.05594743317
4.34066277847084 52674.02796227064
4.370738401013186 9654.639009059858
4.400814023555533 36891.74297101186
4.43088964609788 121699.98844498326
4.4609652686402255 241578.6649155716
4.491040891182572 370546.9831028476
4.52111651372492 488767.11421233666
4.551192136267264 579494.7134080707
4.581267758809611 612714.4072103825
4.611343381351958 558556.3226721575
4.641419003894304 424590.54950375686
4.671494626436649 257824.28189069396
4.701570248978997 112961.4076104342
4.731645871521344 28473.78727817797
4.761721494063689 13476.764537154982
4.791797116606036 43889.582180919846
4.821872739148382 79489.49726248703
4.851948361690729 92419.16156583444
4.882023984233075 82944.69237379968
4.912099606775421 71663.48599153502
4.942175229317768 76280.47931594998
4.972250851860114 94268.63696212735
5.0023264744024605 108088.49357009406
5.032402096944807 102709.58123308523
5.062477719487154 76784.76501307555
5.0925533420294995 42941.95375841812
5.122628964571846 17778.17426578255
5.152704587114193 9185.936700598992
5.1827802096565385 13402.596426831507
5.212855832198885 21337.31690490148
5.242931454741232 25996.64041935503
5.2730070772835775 26011.261156805496
5.303082699825924 23430.600416637382
5.333158322368271 19699.61451188111
5.3632339449106174 16511.52434819971
5.393309567452963 18159.90632137448
5.42338518999531 30199.047505793355
5.453460812537656 58795.6258349929
5.483536435080003 107593.15218124152
5.513612057622349 166712.95323832115
5.543687680164696 210254.92992391912
5.573763302707041 215204.19610188063
5.603838925249389 180463.111013516
5.633914547791735 123804.48908311652
5.663990170334081 69069.92565905575
5.694065792876428 37018.59518565996
5.7241414154187735 33059.55070001903
5.75421703796112 41773.979241542926
5.784292660503467 42524.62314318123
5.8143682830458125 28661.894935940418
5.844443905588159 9574.490560465943
5.874519528130506 130.01451031116423
5.9045951506728525 9045.810260219132
5.934670773215198 31075.15586441388
5.964746395757545 50059.27612768622
5.9948220182998915 52548.94963814526
6.024897640842238 37273.07157078235
6.054973263384584 15075.315172718496
6.08504888592693 3735.0866979972816
6.115124508469277 15648.43133668504
6.145200131011623 46003.43515044945
6.1752757535539695 77344.03548114121
6.205351376096316 93209.07935595256
6.235426998638663 85591.74820759105
6.2655026211810085 60462.72740052832
6.295578243723355 36373.99929871905
6.325653866265702 28091.39308928164
6.355729488808048 39345.5835260482
6.385805111350393 71063.69795127618
6.415880733892741 118900.55668864297
6.445956356435088 167431.04115030935
6.476031978977433 199848.3027027058
6.50610760151978 205644.82861716783
6.5361832240621265 179822.49429366627
6.566258846604473 129595.7120440136
6.596334469146818 76145.7130511811
6.6264100916891655 37597.8712241078
6.656485714231512 16660.2403386058
6.686561336773858 7150.164689323274
6.7166369593162045 2888.3117812057
6.746712581858551 680.3310034075054
6.776788204400898 1243.2909945787865
6.806863826943244 7089.6046014526955
6.83693944948559 19329.29511207792
6.867015072027937 36696.54875366444
6.897090694570283 55126.62445341806
6.927166317112629 68171.18931178033
6.957241939654976 70655.01401085692
6.987317562197322 62899.135487509295
7.017393184739668 50621.44767635616
7.047468807282015 40652.19115924151
7.0775444298243615 36264.02231032093
7.107620052366707 35535.48399499385
7.137695674909054 33792.715975875064
7.1677712974514005 28091.412477168105
7.197846919993747 20028.925993868295
7.227922542536093 14403.399269317739
7.257998165078439 14819.215388426495
7.288073787620785 20281.948451702156
7.318149410163133 26201.22862629473
7.3482250327054786 28553.77094906727
7.378300655247825 26520.177028502403
7.408376277790173 21791.80889457616
7.438451900332517 16613.394304987047
7.468527522874864 12541.879900360367
7.49860314541721 10210.167839540445
7.528678767959557 9262.144287938327
7.558754390501902 8591.636160364855
7.58883001304425 7382.661494918361
7.618905635586596 5823.004141216384
7.648981258128942 4840.980951463183
7.67905688067129 5531.954708359925
7.7091325032136355 8614.439113644761
7.739208125755982 13974.065934180693
7.769283748298328 20427.425420800788
7.799359370840674 25911.604885989764
7.829434993383021 28374.999765480545
7.859510615925368 27025.37171903308
7.889586238467714 22900.54642299648
7.919661861010061 18124.178440383446
7.949737483552407 14090.521001189429
7.979813106094752 10409.355934605152
8.0098887286371 6405.669066398456
8.039964351179446 3039.9997034595294
8.070039973721792 2334.9160451623247
8.10011559626414 5052.546892693459
8.130191218806484 8993.148369380975
8.16026684134883 10343.585690447804
8.190342463891177 7759.98359334675
8.220418086433524 4551.57643320803
8.25049370897587 6182.32444676758
8.280569331518217 15385.087347179271
8.310644954060564 29087.564866493038
8.340720576602909 40284.0209189434
8.370796199145254 43433.43591326744
8.400871821687604 37772.0542226561
8.430947444229949 26494.78752397813
8.461023066772295 14432.241851008284
8.491098689314644 5577.354311456224
8.521174311856988 2052.844933814012
8.551249934399333 5015.634948014907
8.58132555694168 13998.117550070063
8.611401179484025 25071.209200184378
8.641476802026373 32155.6524483784
8.67155242456872 31022.520697835946
8.701628047111065 22296.99133780717
8.731703669653413 11056.03387473019
8.761779292195758 2947.293904247082
8.791854914738105 128.0716354532827
8.821930537280451 724.9426564048671
8.852006159822798 1671.6491016476657
8.882081782365145 1883.666818729908
8.912157404907491 3091.2948221518864
8.942233027449836 7570.338184378344
8.972308649992184 15068.5344713985
9.00238427253453 22369.433655687368
9.032459895076878 25740.098538383176
9.062535517619223 23795.28890332472
9.092611140161567 18528.104559379462
9.122686762703918 13723.213990487491
9.152762385246263 12156.469250441794
9.182838007788607 13903.385285152644
9.212913630330954 16808.799363689373
9.242989252873299 18513.23024301279
9.273064875415647 18402.42263738964
9.303140497957994 17488.080055986717
9.333216120500339 16335.909041670498
9.363291743042687 14115.874256450104
9.393367365585034 9861.326724539571
9.423442988127377 4136.353203596599
9.453518610669725 260.53816950505194
9.483594233212074 3663.082737702349
9.513669855754417 17643.04311062249
9.543745478296765 39057.53953281166
9.573821100839114 59268.46167277308
9.603896723381457 68864.57846095649
9.633972345923805 62378.18522878239
9.664047968466148 42327.03745282413
9.694123591008497 18995.42893428802
9.724199213550845 3558.224621376543
9.754274836093188 786.5470332472244
9.784350458635537 7283.375581399386
9.814426081177885 15417.634286944867
9.844501703720228 19580.904080890356
9.874577326262575 19194.6857689042
9.90465294880492 16904.779442372725
9.934728571347268 15489.702823411923
9.964804193889615 15903.709269376275
9.99487981643196 16894.00520351478
10.024955438974308 16357.389575063637
10.055031061516653 13387.046249913627
10.085106684059 8908.660141594934
10.115182306601344 4609.586443172981
10.145257929143693 1784.1033710561555
10.17533355168604 840.5015708341361
10.205409174228384 1327.3676828808138
10.235484796770733 2369.1895302963367
10.265560419313076 3175.7680875540354
10.295636041855424 3377.3153427754714
10.32571166439777 3077.2860387807327
10.355787286940116 2605.6787850151036
10.385862909482464 2197.0591167933735
10.41593853202481 1870.9401894124007
10.446014154567155 1626.588806093347
10.476089777109502 1772.7550661770526
10.506165399651849 2980.120645574035
10.536241022194195 5804.579852040125
10.56631664473654 9988.496068734861
10.596392267278889 14249.61963188956
10.626467889821235 16844.942760256836
10.65654351236358 16378.975336592812
10.686619134905927 12665.42085427673
10.716694757448272 7558.520368069315
10.74677037999062 4252.671263224972
10.776846002532967 4896.523270336512
10.806921625075312 9058.11998810525
10.83699724761766 14247.979175595456
10.867072870160007 17639.32334939679
10.897148492702351 17765.297142768384
10.927224115244698 15028.889229959446
10.957299737787045 10918.523693815976
10.987375360329391 6898.467934377158
11.017450982871736 3778.011136652976
11.047526605414085 1742.1578885585836
11.077602227956431 675.3923393013889
11.107677850498776 330.3987396696214
11.137753473041123 379.21628840589034
11.167829095583468 578.2272631567787
11.197904718125816 947.7827733646186
11.227980340668163 1620.423095158877
11.258055963210507 2401.3208441498687
11.288131585752856 2704.2502456830134
11.318207208295203 2104.809321592524
11.348282830837547 957.5300499000566
11.378358453379894 396.4735568068329
11.40843407592224 1444.269475072352
11.438509698464587 3992.6547938969006
11.468585321006932 6681.412890108147
11.49866094354928 7927.613686492818
11.528736566091627 7123.155616621579
11.558812188633972 4779.6096419501755
11.588887811176319 2325.612147054458
11.618963433718664 1623.4559813338485
11.649039056261012 4028.0860129137945
11.679114678803359 10049.641453943123
11.709190301345703 18160.23462656597
11.739265923888052 24830.624604048207
11.769341546430397 27849.14561318376
11.799417168972743 26571.370386919
11.82949279151509 20836.773559491783
11.859568414057437 13004.711091323852
11.889644036599783 6407.250503546965
11.919719659142128 2298.0022798294654
11.949795281684477 748.1087940952915
11.97987090422682 1184.9786499807296
12.009946526769168 2323.9813049559375
12.040022149311515 2922.606157410156
12.07009777185386 2486.7909625172274
12.100173394396208 1832.3640186749103
12.130249016938555 2206.4680831352903
12.1603246394809 3992.757430812572
12.190400262023246 6202.725404796859
12.220475884565593 6823.746100345257
12.25055150710794 4887.742003047098
12.280627129650286 1914.6255316140484
12.310702752192633 645.783852713156
12.34077837473498 2815.4046388617458
12.370853997277324 8036.752792653622
12.40092961981967 14357.16553986946
12.431005242362016 19788.36954755094
12.461080864904364 23473.24428441512
12.49115648744671 24853.892546333987
12.521232109989056 22818.08723581136
12.551307732531404 17458.035214240866
12.58138335507375 11174.992290016367
12.611458977616095 7156.015794801119
12.641534600158442 7085.390427837784
12.671610222700789 9632.244915371613
12.701685845243135 11639.165616258348
12.731761467785482 11106.27578161148
12.761837090327829 8854.519668356095
12.791912712870175 7501.28474070031
12.82198833541252 8683.409549124126
12.852063957954867 11468.481231882268
12.882139580497212 13205.022217403432
12.91221520303956 11834.207479192688
12.942290825581907 7800.410380693224
12.972366448124252 3412.5338225344235
13.0024420706666 740.4634296024577
13.032517693208947 367.44590433719526
13.062593315751291 1405.0389436355963
13.092668938293638 2554.9662508552865
13.122744560835985 3222.1881060726887
13.152820183378331 3664.289303238548
13.182895805920678 4476.718898606369
13.212971428463025 6076.8712499858775
13.243047051005371 8315.135474903398
13.273122673547716 10566.22382351125
13.303198296090063 12410.048901283682
13.333273918632408 13720.829607541107
13.363349541174756 14220.24670023196
13.393425163717103 13447.840899327766
13.423500786259448 10960.601482409003
13.453576408801796 7004.934676184403
13.48365203134414 3108.7342114203284
13.513727653886487 1367.8563364546926
13.543803276428834 3025.03442392291
13.57387889897118 7461.563823670771
13.603954521513527 12472.512059610122
13.634030144055872 15756.821907050838
13.66410576659822 16208.739908859974
13.694181389140564 14191.135979902603
13.724257011682912 10900.119420198089
13.754332634225259 7457.833594192992
13.784408256767604 4497.746651327831
13.814483879309952 2355.745961287062
13.844559501852299 1353.8687478172562
13.874635124394644 1620.8945739949959
13.90471074693699 2750.1889204082113
13.934786369479337 3940.065536296788
13.964861992021683 4541.276832370622
13.99493761456403 4466.138516205346
14.025013237106377 4092.904571925073
14.055088859648723 3852.035647672677
14.085164482191068 3838.4016819369967
14.115240104733415 3809.0604412128946
14.14531572727576 3652.316170631929
14.175391349818108 3563.5493239131747
14.205466972360455 3577.7893219911084
14.2355425949028 3292.021004370016
14.265618217445148 2332.2734849381295
14.295693839987495 946.4704104387304
14.32576946252984 31.593439865195194
14.355845085072186 600.4789347757223
14.385920707614533 2864.3144406449846
14.41599633015688 5669.533172322069
14.446071952699226 7150.743735436331
14.476147575241573 6165.722601592547
14.50622319778392 3374.872053149045
14.536298820326264 973.4552208327552
14.56637444286861 999.963190668728
14.596450065410956 3687.795898947439
14.626525687953304 7247.842451379617
14.65660131049565 9073.575296586416
14.686676933037996 7567.699492663201
14.716752555580344 3629.8989229351
14.74682817812269 588.5568162688207
14.776903800665036 2061.7254959743796
14.806979423207382 9167.206048652424
14.837055045749729 19145.486946592893
14.867130668292075 26628.69332157529
14.897206290834422 27106.64838080728
14.927281913376769 20222.529253078414
14.957357535919115 10348.860335908732
14.98743315846146 3430.024818766861
15.017508781003807 2209.092515976421
15.047584403546152 4425.203166135878
15.0776600260885 5826.133215775847
15.107735648630847 4705.242054629399
15.137811271173192 3436.5960278287125
15.16788689371554 5603.945115009568
15.197962516257885 11541.199062316036
15.228038138800231 17073.972372562526
15.258113761342578 17297.002949419642
15.288189383884925 11460.944606916702
15.318265006427271 3895.0579499801006
15.348340628969618 313.396257352498
15.378416251511965 2910.3610850718765
15.408491874054308 8613.901215082185
15.438567496596656 12108.857208393176
15.468643119139003 10675.058249275324
15.498718741681348 6426.013110925161
15.528794364223696 4208.357138675438
15.558869986766043 7211.33329276484
15.588945609308388 14067.624741707166
15.619021231850734 19868.570537485924
15.64909685439308 20196.990798778326
15.679172476935427 14553.477796034971
15.709248099477774 6597.099195397334
15.73932372202012 1543.6172495235592
15.769399344562467 2407.6810130417975
15.799474967104814 7556.946273282822
15.829550589647159 12087.269163231773
15.859626212189504 12208.786355648612
15.889701834731852 8326.50934186677
15.919777457274199 4262.629054659901
15.949853079816544 3781.6348936546888
15.979928702358892 7194.453385967204
16.01000432490124 11123.000368121047
16.040079947443584 11851.73494951638
16.070155569985932 8697.741525294483
16.10023119252828 4342.050994315016
16.130306815070625 2336.4997828106843
16.16038243761297 4058.503515989364
16.19045806015532 7741.272453672716
16.220533682697663 10262.947815879606
16.250609305240012 9793.951746549666
16.280684927782357 7070.076693451721
16.310760550324705 4490.633670322997
16.340836172867046 3924.024065705109
16.370911795409395 5226.868085261486
16.400987417951743 6733.142397563633
16.431063040494088 6867.371352132916
16.461138663036436 5359.152513897625
16.49121428557878 3318.1021782372472
16.52128990812113 2170.700989830369
16.551365530663475 2358.548858818351
16.58144115320582 3057.2438734419025
16.611516775748168 3141.566181611416
16.641592398290513 2310.3427962087035
16.67166802083286 1197.1438646543495
16.701743643375206 521.8015941969397
16.731819265917554 377.4150190434676
16.7618948884599 443.767555198726
16.791970511002244 752.7649986475196
16.822046133544593 1901.2444166526575
16.852121756086937 4253.169023090074
16.882197378629282 7079.061639606924
16.91227300117163 8815.824052825154
16.94234862371398 8310.323556680849
16.972424246256324 5870.2262549291045
17.00249986879867 3080.7678446338755
17.032575491341017 1451.027682960082
17.062651113883362 1337.1299158009351
17.09272673642571 2164.6255509903135
17.122802358968055 3194.7895548350634
17.152877981510404 3890.9076976601377
17.18295360405275 3917.6278561136846
17.213029226595093 3115.471191186451
17.24310484913744 1667.2678690680254
17.273180471679787 360.17028513118566
17.303256094222135 367.76965097772137
17.33333171676448 2321.417392497765
17.36340733930683 5558.2846107542
17.393482961849173 8420.649271418797
17.42355858439152 9319.914032859986
17.453634206933867 7760.546811811454
17.48370982947621 4651.296769632861
17.51378545201856 1637.2913173637169
17.543861074560905 83.31870101359219
17.573936697103253 553.133514885043
17.604012319645594 2797.2481229200353
17.634087942187946 5943.572635663691
17.66416356473029 8800.356055216404
17.694239187272636 10199.74808912552
17.724314809814985 9411.05458153268
17.75439043235733 6674.305567336732
17.784466054899674 3394.2649030053767
17.814541677442023 1443.3767118757803
17.84461729998437 2083.265404339
17.874692922526716 5291.802995076236
17.90476854506906 9566.18638896851
17.93484416761141 12542.504791564706
17.964919790153754 12584.840995626048
17.994995412696102 9907.977488116674
18.025071035238447 6025.7375874093805
18.055146657780796 2533.7395506083712
18.08522228032314 501.4858796152244
18.115297902865485 401.2641663958741
18.145373525407837 2225.4969724704647
18.175449147950175 5540.508789665677
18.205524770492527 9198.944096193245
18.235600393034872 11371.619849166795
18.26567601557722 10644.1865016444
18.295751638119565 7220.727367446667
18.325827260661914 2982.3076391175327
18.355902883204255 325.9017112836637
18.385978505746603 436.796644557829
18.416054128288952 2354.8174928123426
18.446129750831297 3890.2250341623817
18.476205373373645 3567.080365227598
18.506280995915986 1761.0696912086792
18.53635661845833 191.94299541631648
18.566432241000683 462.36952957028313
18.596507863543028 2933.860278598057
18.626583486085377 6650.796981267079
18.65665910862772 10052.728363341255
18.686734731170066 11815.212202802311
18.71681035371241 11404.926210317964
18.74688597625476 9169.198768807752
18.776961598797108 6020.578103189265
18.80703722133945 3017.1150672171884
18.8371128438818 975.3657833271689
18.867188466424142 164.78107870455872
18.89726408896649 302.8301571694117
18.92733971150884 877.5071105311216
18.957415334051184 1487.5534235167422
18.98749095659353 1970.2175879651463
19.01756657913588 2349.0465027187247
19.047642201678222 2719.2560844239156
19.077717824220567 3146.610026359652
19.10779344676292 3613.8798266885824
19.137869069305264 4007.690355911532
19.16794469184761 4133.892350269844
19.19802031438996 3792.736509958208
19.228095936932306 2913.2500243309905
19.258171559474647 1712.6528654673205
19.288247182016995 867.5954707173975
19.318322804559344 1500.7173991569352
19.34839842710169 4630.692125211382
19.378474049644037 10158.97415879014
19.40854967218638 16213.448317504019
19.438625294728727 19813.591484690176
19.468700917271075 18826.009616538875
19.49877653981342 13782.613937423343
19.52885216235577 7770.359186796931
19.558927784898117 4215.332623666157
19.589003407440455 4544.6371962197645
19.619079029982807 7543.1064816801345
19.64915465252515 10521.927048171052
19.679230275067496 11318.125863660134
19.709305897609845 9609.5879361528
19.739381520152197 6535.497984693729
19.769457142694534 3470.828761319275
19.79953276523688 1390.3187804757026
19.82960838777923 761.0679808278552
19.859684010321576 1329.0785357560408
19.889759632863925 2154.669620631847
19.91983525540627 2280.0103416961006
19.949910877948614 1520.6463194032915
19.97998650049096 695.9814828430633
20.010062123033308 927.6186916786323
20.040137745575652 2532.2228725383966
20.070213368118 4727.3508835084685
20.10028899066035 6422.744746622312
20.13036461320269 7176.890325120745
20.16044023574504 7412.949585791362
20.190515858287387 7704.096827168307
20.22059148082973 7895.417361860954
20.25066710337208 7213.357591591872
20.280742725914426 5311.174516474936
20.31081834845677 2834.4015422237344
20.34089397099912 877.1615043899502
20.370969593541467 187.81834622053907
20.40104521608381 852.9069754314481
20.43112083862616 2410.3911764437107
20.461196461168505 4048.174734892204
20.491272083710847 4855.496710487851
20.5213477062532 4462.912457148636
20.551423328795543 3812.89927291742
20.58149895133789 5017.83649522086
20.61157457388024 9751.247188365815
20.64165019642258 17248.91240949049
20.671725818964926 23975.27556377928
20.701801441507275 25780.88858927463
20.731877064049623 21191.35744129969
20.761952686591968 13089.078783067347
20.79202830913432 6712.538508992557
20.82210393167666 5318.387294328966
20.852179554219006 7751.712212765779
20.882255176761355 10203.392851764209
20.912330799303696 9815.667170608329
20.942406421846048 6749.124161669305
20.972482044388393 3518.513200593065
21.00255766693074 2442.327335025056
21.03263328947309 3619.625841517975
21.06270891201543 5357.352470639676
21.092784534557776 6031.194103264901
21.122860157100124 5260.568244630705
21.152935779642473 3779.200212103708
21.183011402184817 2492.0868031670684
21.213087024727162 1631.5020228598023
21.24316264726951 930.4789461455216
21.273238269811852 383.11641223112895
21.303313892354204 350.0929571810718
21.33338951489655 1108.7968142534655
21.363465137438897 2564.2341666958887
21.39354075998124 4192.028633206179
21.42361638252359 5305.182598619905
21.453692005065932 5524.068723267882
21.483767627608284 4937.4373030025645
21.51384325015063 3908.308061557352
21.543918872692974 2830.383217933823
21.57399449523532 1980.2750304000017
21.604070117777663 1479.3120817971
21.63414574032001 1306.909021073661
21.66422136286236 1290.576845056873
21.69429698540471 1149.638847023402
21.724372607947053 716.1952570934404
21.7544482304894 197.01976085531248
21.784523853031743 124.44163609121392
21.814599475574088 889.6329600531647
21.84467509811644 2282.182459358248
21.874750720658785 3518.520432250016
21.904826343201133 3801.5973740098702
21.93490196574348 2978.045296826531
21.964977588285823 1640.4397754270535
21.995053210828168 599.0197610508246
22.02512883337052 460.5812100476428
22.055204455912865 1754.2206259002223
22.08528007845521 4959.687024923767
22.11535570099756 9828.531135995236
22.145431323539903 14802.629818089747
22.175506946082248 17524.635398765877
22.2055825686246 16279.72023607145
22.23565819116694 11499.75228401495
22.26573381370929 5837.9258377092165
22.295809436251638 2163.2769962970324
22.325885058793983 1312.6587678727856
22.355960681336327 1832.347205635364
22.386036303878672 1805.2969610737027
22.41611192642102 851.0829743181598
22.446187548963366 378.7867022303076
22.476263171505718 1959.0694200990863
22.506338794048055 5565.4826437003185
22.536414416590407 9535.251115924844
22.566490039132752 11889.605694419659
22.596565661675097 11494.4314826338
22.626641284217445 8570.485329212064
22.656716906759794 4529.764170404924
22.686792529302135 1229.7211478915167
22.716868151844483 38.45573885683631
22.746943774386832 1074.47627593188
22.777019396929177 3081.389203455608
22.80709501947152 4264.371322950569
22.837170642013874 3740.601543926061
22.86724626455621 2323.839049687542
22.897321887098563 1577.239860788765
22.927397509640908 2043.2158418609588
22.957473132183257 2685.46266229036
22.9875487547256 2234.043590998664
23.017624377267943 837.4098270591008
23.04769999981029 2.7786299286235487
23.07777562235264 835.3269880501188
23.107851244894988 2616.9443478431463
23.13792686743733 3496.030905904917
23.16800248997968 2522.9983948591184
23.198078112522023 733.2349884969436
23.228153735064367 30.653702774011908
23.25822935760672 1019.2217930977578
23.288304980149064 2478.112765857993
23.31838060269141 2924.090406834968
23.34845622523376 2132.6353104826726
23.378531847776102 1170.654298169394
23.408607470318447 948.9392061748184
23.438683092860796 1183.5889289091444
23.468758715403144 1268.1719022117447
23.49883433794549 1446.7783977810109
23.52890996048784 2533.678837619903
23.558985583030186 4630.800101298697
23.589061205572527 6518.953939854606
23.619136828114875 6838.5009667828235
23.64921245065722 6305.406088630804
23.67928807319957 7818.245208756859
23.709363695741917 12768.747592773276
23.739439318284266 18579.562744692
23.769514940826607 21934.208018817168
23.799590563368955 21695.35919330246
23.8296661859113 18221.206660273223
23.859741808453645 13029.095901261388
23.889817430995997 8237.039073532142
23.919893053538335 4986.032294686378
23.949968676080687 3159.3706752866424
23.98004429862303 2295.780027059695
24.010119921165376 1923.4586214658896
24.040195543707725 1472.5848995968263
24.07027116625007 725.9660472565905
24.100346788792415 492.8039045900673
24.13042241133476 2192.008957037816
24.16049803387711 6186.876114650776
24.190573656419456 10683.760808892437
24.220649278961805 12721.19355966862
24.25072490150415 10623.165191197104
24.28080052404649 5862.981676942531
24.31087614658884 2144.1722539244847
24.340951769131188 1978.0529713743183
24.371027391673536 4529.306457347915
24.40110301421588 6910.604704322449
24.43117863675823 7034.87829405194
24.46125425930057 5205.520549547988
24.49132988184292 3176.0617566296146
24.521405504385267 2094.545593421932
24.55148112692761 1761.600658892272
24.58155674946996 1622.1499162704713
24.611632372012306 1917.0399411172084
24.64170799455465 3520.3344807809804
24.671783617097 6729.666058849696
24.701859239639344 10508.80702290544
24.73193486218169 13100.668150792684
24.76201048472404 13256.017560557988
24.792086107266385 10791.746925654248
24.822161729808727 6583.609683945276
24.85223735235108 2422.5905292457924
24.882312974893424 392.3371080217017
24.91238859743577 1745.1215217705935
24.94246421997812 5916.768506942744
24.97253984252046 10557.1940266802
25.002615465062807 12853.349119306433
25.032691087605155 11419.704468877108
25.062766710147503 7380.7443221341055
25.092842332689848 3341.4362224176625
25.1229179552322 1079.3588302566484
25.15299357777454 502.9200787831008
25.183069200316886 619.6752285965944
25.213144822859235 988.0372389483075
25.243220445401576 2000.77771106527
25.273296067943928 3929.6314535564898
25.303371690486273 6121.762353750064
25.33344731302862 7271.186427828702
25.36352293557097 6513.398111216588
25.39359855811331 4344.665737810605
25.423674180655656 2295.0893499587687
25.453749803198004 1546.4789153516867
25.483825425740353 2001.3412920274577
25.513901048282698 2691.0785018351608
25.543976670825042 2805.6989395941664
25.57405229336739 2258.2317457638715
25.604127915909732 1485.1988035793715
25.634203538452084 896.082823668937
25.66427916099443 593.7139861108113
25.694354783536777 582.4651901643259
25.72443040607912 1045.303599086767
25.75450602862147 2231.4736748255805
25.784581651163812 4029.187786189152
25.81465727370616 5683.951111619036
25.84473289624851 6124.154953557316
25.874808518790854 4877.574599537684
25.9048841413332 2695.2092801496087
25.934959763875543 1085.2728611188775
25.96503538641789 1176.795698456693
25.99511100896024 2908.4281929890603
26.025186631502585 5123.049753306464
26.055262254044933 6454.38786138397
26.08533787658728 6277.4610473707635
26.115413499129623 4922.5970657381295
26.145489121671968 3133.5049606887355
26.17556474421432 1549.1399302802963
26.205640366756665 650.80301285401
26.23571598929901 839.4855740397078
26.26579161184136 2202.336565848773
26.295867234383703 4113.452659189483
26.325942856926048 5417.546687262081
26.3560184794684 5292.828099935806
26.386094102010745 3895.481158300277
26.41616972455309 2195.896993569924
26.446245347095434 1120.0310690197052
26.476320969637783 759.0800232791712
26.506396592180128 653.8452395308104
26.53647221472248 815.1096734871968
26.56654783726482 1958.756028092272
26.59662345980717 4512.957159633108
26.626699082349518 7579.598933755687
26.656774704891856 9234.127132061596
26.686850327434207 8289.492279656504
26.716925949976552 5715.760134789582
26.7470015725189 3847.474595321824
26.777077195061246 4189.372926658576
26.807152817603598 6165.576798988167
26.837228440145935 7822.661920258199
26.867304062688284 7688.921128742515
26.897379685230632 5985.560887094578
26.927455307772977 4036.5720647724393
26.957530930315325 2801.319230206279
26.98760655285767 2215.777274506447
27.017682175400015 1724.3996640244052
27.047757797942364 1088.3994739245463
27.07783342048471 558.6351988026219
27.107909043027057 415.87874511091735
27.1379846655694 587.5200316749672
27.168060288111754 772.4134079873614
27.19813591065409 774.4459578918551
27.228211533196443 613.5336170299895
27.25828715573879 394.25767326710286
27.288362778281133 188.56211032060284
27.31843840082348 57.138229527501295
27.348514023365823 46.63337113088332
27.37858964590817 95.08406295955965
27.40866526845052 69.12077509216331
27.438740890992868 7.993351868364016
27.46881651353521 261.5811490539823
27.49889213607756 1185.8898223128756
27.528967758619903 2571.406774200675
27.559043381162247 3555.5803649842433
27.5891190037046 3428.4472381263176
27.619194626246944 2520.7582294420854
27.64927024878929 2091.8896780122545
27.67934587133164 3255.955711478064
27.709421493873982 5843.401797209389
27.739497116416327 8259.040821331242
27.769572738958676 8722.355821490533
27.799648361501024 6794.338593414145
27.82972398404337 3699.2529377158194
27.85979960658572 1265.801593964767
27.889875229128062 586.3062926363339
27.919950851670407 1467.3974865292255
27.950026474212756 2840.607345565405
27.9801020967551 3621.639821107117
28.01017771929745 3371.169975909954
28.040253341839797 2416.2963854331415
28.070328964382146 1513.6978124418392
28.100404586924487 1260.5971103675563
28.130480209466832 1630.4284694170535
28.16055583200918 2037.8155013020612
28.190631454551525 1883.3279106508116
28.220707077093877 1143.136808013163
28.250782699636215 437.386914480068
28.280858322178567 386.0906655023272
28.31093394472091 918.2049258819688
28.341009567263256 1341.2982554956734
28.371085189805605 1107.8925187097125
28.40116081234795 449.01074346652774
28.431236434890295 178.3605676838558
28.461312057432643 845.310349123756
28.49138767997499 2151.0745479133207
28.521463302517336 3248.268759826357
28.55153892505968 3548.1072576413712
28.58161454760203 3199.0920396362835
28.61169017014437 2834.438670591789
28.64176579268672 2929.5876368405566
28.671841415229068 3444.2707545577878
28.701917037771416 4022.1428229676126
28.73199266031376 4417.888996192191
28.762068282856102 4672.668442778112
28.79214390539845 4958.776143385427
28.8222195279408 5393.655235010483
28.852295150483148 5964.585545504939
28.88237077302549 6477.776389530205
28.91244639556784 6581.985959289049
28.942522018110186 6018.365525748672
28.972597640652527 4938.705899497984
29.00267326319488 3853.594365091089
29.032748885737224 3170.872712749521
29.06282450827957 2826.067992383231
29.09290013082192 2403.215798201223
29.122975753364265 1630.9716717655165
29.153051375906607 729.8104736981046
29.18312699844896 218.12371118928172
29.213202620991304 369.66915171834927
29.24327824353365 898.7636313775303
29.273353866076 1231.6488169740032
29.30342948861834 1060.423552118555
29.333505111160687 586.0209749970312
29.363580733703035 279.30862396027555
29.393656356245383 457.8961378748183
29.42373197878773 1082.92442160499
29.453807601330077 1900.8264461239833
29.48388322387242 2646.297055784671
29.513958846414766 3095.3084180901506
29.544034468957115 3123.8569770972927
29.574110091499456 2805.760993798058
29.604185714041808 2336.312067736712
29.634261336584153 1864.824615176782
29.664336959126494 1455.8880040580257
29.694412581668846 1102.0011382131843
29.72448820421119 748.6542838233527
29.754563826753536 405.72547279331286
29.784639449295884 210.72417357802263
29.814715071838233 340.41356007434746
29.844790694380578 917.1924910849588
29.87486631692292 2007.697448600008
29.90494193946527 3607.7204198885015
29.935017562007612 5525.128041282889
29.965093184549964 7295.65805130996
29.99516880709231 8326.930768137026
30.025244429634657 8213.351019346972
30.055320052177 6978.7196231485
30.085395674719347 5062.191681896893
30.115471297261692 3048.03489056047
30.14554691980404 1387.4429728765813
30.17562254234639 339.47772036895174
30.205698164888734 0.7642862704329565
30.23577378743108 233.08583429807683
30.265849409973423 629.5726534083414
30.29592503251577 755.3007670621673
30.32600065505812 549.7999240689553
30.356076277600465 449.87872021990574
30.386151900142814 996.9416232216535
30.41622752268516 2276.6241860855325
30.446303145227503 3774.6514303066015
30.476378767769848 4796.098864222179
30.5064543903122 5018.778321426563
30.536530012854545 4636.552977161489
30.566605635396886 3982.08926756713
30.59668125793924 3145.7614718857867
30.626756880481583 2093.1930026963014
30.656832503023928 1020.9709265325956
30.68690812556628 367.2255269302115
30.71698374810862 400.9342742641143
30.74705937065097 859.6185584483296
30.777134993193314 1120.3097546007095
30.807210615735663 820.3216381084494
30.837286238278008 285.51006113486795
30.86736186082036 269.2310793570872
30.8974374833627 1206.025699541491
30.927513105905042 2706.337060796724
30.957588728447394 3818.2470731560006
30.987664350989736 3815.8153299023143
31.017739973532088 2791.336807704671
31.047815596074432 1575.7268234535786
31.07789121861678 1080.646021810022
31.107966841159126 1604.487196582936
31.13804246370147 2649.944583020537
31.168118086243815 3362.6979140470294
31.198193708786164 3254.3997027147966
31.228269331328512 2615.9223191884325
31.258344953870857 2205.1254121124043
31.288420576413206 2507.7337304111857
31.31849619895555 3285.819294739241
31.34857182149789 3788.931035060317
31.378647444040244 3415.7714763253543
31.40872306658259 2242.5697245567344
31.438798689124937 938.2619495923504
31.46887431166728 153.96172828206886
31.498949934209634 17.648741228108495
31.52902555675197 204.59345628743867
31.55910117929432 365.19811492304746
31.58917680183667 419.2650537672847
31.619252424379013 539.406169943597
31.64932804692136 990.779850590444
31.679403669463703 1997.2250575071164
31.70947929200605 3590.783444058616
31.7395549145484 5403.611769456788
31.769630537090745 6647.634971467542
31.79970615963309 6542.385966356496
31.82978178217544 4948.0795642930925
31.859857404717783 2652.208046785625
31.889933027260128 926.2429836576798
31.92000864980248 467.3536216587848
31.950084272344824 750.6982905693286
31.98015989488717 748.5930945791498
32.010235517429514 237.3007124703533
32.04031113997186 133.91952716683562
32.07038676251421 1474.713057730011
32.10046238505656 4035.36907318162
32.1305380075989 6092.687027621445
32.16061363014125 5883.203530472844
32.1906892526836 3424.899005022348
32.22076487522594 751.2797186618042
32.25084049776829 189.08308018530093
32.280916120310636 2309.282986547299
32.310991742852984 5451.40829873918
32.341067365395325 7183.325470812169
32.371142987937674 6283.7008718703155
32.40121861048002 3560.614942889318
32.43129423302236 1001.6699749705584
32.46136985556471 88.25283538232638
32.49144547810706 782.866351306913
32.52152110064941 1964.4596099148073
32.55159672319175 2587.3966332771365
32.5816723457341 2419.795593298316
32.61174796827645 1981.4672177407217
32.64182359081879 1954.392633996048
32.67189921336114 2570.233170889121
32.701974835903485 3458.136741399296
32.73205045844583 4022.76579447732
32.762126080988175 3926.3650333412897
32.79220170353052 3272.800513028777
32.82227732607287 2452.4833293252
32.852352948615206 1862.049950158921
32.88242857115756 1741.4311736000109
32.91250419369991 2179.7069543057646
32.94257981624226 3167.012004823824
32.9726554387846 4581.1767992559035
33.00273106132695 6123.597068911354
33.032806683869296 7334.168088028721
33.06288230641164 7798.400592025888
33.092957928953986 7469.299602516787
33.123033551496334 6814.3692358182525
33.15310917403868 6579.037503231459
33.183184796581024 7303.3849748955745
33.213260419123365 8950.683707724764
33.24333604166572 10914.488032797117
33.27341166420806 12370.363393098844
33.30348728675041 12721.963354574676
33.33356290929276 11851.768293224772
33.36363853183511 10036.363092670921
33.39371415437745 7701.048764314208
33.4237897769198 5265.240313345142
33.453865399462146 3116.545962996688
33.48394102200449 1600.065985374824
33.514016644546835 909.027253409065
33.544092267089184 929.5487998957833
33.574167889631525 1231.559897062139
33.60424351217387 1309.4417541428538
33.63431913471622 946.3801024455936
33.66439475725857 397.0565159899549
33.69447037980091 181.21865892153957
33.72454600234325 618.1884063899241
33.75462162488561 1518.5618017473234
33.78469724742796 2335.483085820065
33.8147728699703 2588.0678688189028
33.84484849251265 2175.5424942369245
33.874924115054995 1408.8432715297427
33.904999737597336 775.9718220307875
33.935075360139685 603.6610520503799
33.96515098268203 876.4317574261454
33.99522660522438 1321.0174817251193
34.02530222776672 1612.8437785210126
34.05537785030907 1558.2948026337751
34.08545347285141 1188.5273409992942
34.11552909539376 703.4498369616974
34.14560471793611 310.6726411913999
34.17568034047846 107.82351365887295
34.205755963020806 73.77766047767646
34.23583158556315 135.51727696253806
34.26590720810549 245.61157543951276
34.295982830647844 424.43718609693457
34.326058453190186 770.6675196889838
34.356134075732534 1433.0852014667655
34.38620969827488 2496.442795018708
34.41628532081723 3785.211145337146
34.446360943359565 4758.178412075635
34.47643656590192 4756.465311517053
34.50651218844427 3549.7994156762848
34.53658781098661 1679.849693638438
34.56666343352896 240.526314047835
34.59673905607131 199.51053871244784
34.626814678613655 1698.1186643535686
34.656890301156 3926.6003485734254
34.686965923698345 5726.177423750919
34.717041546240694 6367.886069538466
34.74711716878304 5914.650977642033
34.77719279132538 4973.448178285041
34.807268413867725 4139.062846614063
34.83734403641008 3639.31864789692
34.86741965895242 3347.303000310902
34.89749528149477 2988.563714924821
34.92757090403712 2365.3499979013054
34.95764652657947 1514.749821917658
34.98772214912181 743.3337324631274
35.01779777166416 489.0953320013512
35.047873394206505 1007.4684488516032
35.077949016748846 2095.530959064177
35.108024639291195 3158.0643268544327
35.13810026183354 3555.475852553317
35.16817588437589 3023.3027864347832
35.19825150691823 1859.1339356154265
35.22832712946058 676.1443065799658
35.25840275200293 161.57184884971124
35.28847837454527 866.7560646147883
35.31855399708762 2844.3381036515034
35.34862961962997 5628.237708991201
35.37870524217232 8263.261872774929
35.40878086471466 9427.303765587805
35.438856487257006 8504.930696530679
35.468932109799354 6392.112543945231
35.499007732341695 4667.599274616825
35.529083354884044 4248.460474941929
35.55915897742639 4798.363494622769
35.58923459996874 5211.810447529381
35.61931022251108 4639.789368781211
35.64938584505343 3124.9208328478985
35.67946146759578 1479.241170112558
35.70953709013812 515.4466003673455
35.73961271268047 360.912510096639
35.76968833522282 554.4008754458918
35.799763957765165 609.1230492959402
35.82983958030751 407.8602323280938
35.859915202849855 152.1482693931779
35.8899908253922 45.411902132613285
35.920066447934545 107.59037849907116
35.95014207047689 224.90769379961435
35.98021769301924 289.40160924514805
36.01029331556159 269.0976943943774
36.04036893810393 191.31359598875707
36.07044456064628 111.91184312911328
36.100520183188635 82.51341471713097
36.13059580573097 122.90425119472872
36.16067142827332 219.94981382584425
36.19074705081567 387.7948572576728
36.220822673358015 699.5975642788941
36.25089829590036 1163.8319646164914
36.280973918442704 1592.6633340598073
36.311049540985046 1673.2517802602977
36.341125163527394 1241.028516824341
36.37120078606974 520.632370645759
36.40127640861209 33.02422450298956
36.43135203115444 155.71603175827178
36.46142765369678 726.0949556380871
36.49150327623913 1174.542915102605
36.52157889878148 1113.2517038295887
36.55165452132382 712.0380415893027
36.58173014386617 455.19368508961696
36.61180576640852 561.1449977251515
36.641881388950864 725.2649771833753
36.671957011493205 527.9108958885056
36.702032634035554 84.19794361435444
36.7321082565779 172.0199532303418
36.76218387912024 1555.6867075047312
36.79225950166259 4098.153091652414
36.82233512420495 6584.370360950911
36.85241074674729 7542.313240528269
36.88248636928963 6375.516136455183
36.91256199183198 3806.688702911757
36.94263761437433 1330.3791091317569
36.97271323691666 162.8385406760977
37.00278885945902 445.8472109436649
37.032864482001365 1330.3351788036555
37.06294010454371 1801.051487578559
37.09301572708605 1454.6382224757704
37.1230913496284 657.4898417947405
37.15316697217075 77.85036559198771
37.183242594713086 66.68825695083981
37.21331821725544 441.45351364713304
37.24339383979778 782.8334681889281
37.27346946234014 884.4757595695953
37.30354508488248 902.0869731767392
37.33362070742482 1063.6354868817489
37.363696329967176 1301.765897102714
37.39377195250952 1287.559882132677
37.423847575051866 838.562111967547
37.45392319759421 232.8523780261829
37.48399882013656 84.72884111736886
37.5140744426789 817.5220437625446
37.544150065221245 2184.843117351548
37.5742256877636 3368.8148723635245
37.604301310305935 3610.1228578241057
37.63437693284829 2780.3952457843207
37.66445255539064 1450.5128370962343
37.69452817793299 476.59392844018737
37.72460380047533 405.02825268808976
37.75467942301768 1133.1969548362251
37.784755045560026 2111.1646750777686
37.81483066810237 2805.738013167727
37.84490629064472 2980.807886109897
37.87498191318706 2715.9809344120495
37.905057535729405 2259.986610512111
37.93513315827175 1835.875520642756
37.965208780814095 1544.299205569485
37.99528440335645 1390.1696586919559
38.02536002589879 1342.2101807677757
38.05543564844113 1371.4959937152464
38.08551127098349 1475.8603883388985
38.11558689352584 1697.5081457286435
38.14566251606818 2116.2849652685118
38.17573813861053 2799.1265174031137
38.20581376115288 3716.0527530219633
38.235889383695216 4691.769304248672
38.265965006237565 5463.777084714764
38.29604062877991 5755.322229324511
38.326116251322254 5288.854737962198
38.3561918738646 3964.11538049444
38.38626749640695 2216.245247403937
38.41634311894929 1050.197761821346
38.44641874149164 1472.823113714206
38.47649436403399 3669.074284037256
38.50656998657634 6590.049460411006
38.536645609118686 8483.556992112339
38.566721231661035 8119.876777984335
38.596796854203376 5723.238651415172
38.62687247674573 2759.0085437216567
38.65694809928807 716.6340447665884
38.687023721830414 26.62290536946975
38.71709934437276 82.83889816966611
38.74717496691511 158.92135576105957
38.777250589457445 146.02959434522475
38.8073262119998 366.3962334757487
38.83740183454215 874.0417087454208
38.86747745708449 1253.4652740599645
38.89755307962684 1234.9153847792293
38.927628702169194 1380.0649482212195
38.957704324711536 2822.9167344753923
38.98777994725388 5994.950622330403
39.01785556979623 9709.658079249097
39.04793119233857 11861.730838784886
39.078006814880915 11084.589256628444
39.10808243742326 7796.7168875834
39.138158059965605 3864.360645485708
39.16823368250796 1165.3792147947556
39.1983093050503 287.5233867935672
39.22838492759265 533.0353989861021
39.258460550135 960.0042771870526
39.28853617267733 1244.654178847315
39.31861179521969 1652.7613844083219
39.34868741776204 2420.564627701905
39.378763040304385 3315.1000689413286
39.408838662846726 3801.7569202389695
39.438914285389075 3593.731536228569
39.46898990793142 3011.351151520973
39.49906553047376 2784.281102014537
39.52914115301611 3426.563756609976
39.55921677555846 4706.816463281079
39.58929239810081 5726.416297711627
39.61936802064315 5592.063732762687
39.6494436431855 4128.541286165125
39.67951926572785 2054.4476971570257
39.70959488827018 464.4503501870028
39.73967051081254 19.758110547382813
39.769746133354886 525.3067353319759
39.799821755897234 1230.503925097171
39.829897378439576 1497.7810991296199
39.85997300098192 1213.7310529242895
39.89004862352427 694.1402736760781
39.92012424606661 326.39266025120986
39.95019986860896 347.798415373824
39.98027549115131 850.455550319704
40.01035111369366 1771.7795281089911
40.040426736236 2787.7119242913273
40.07050235877834 3336.9169634902287
40.1005779813207 2974.2191596514767
40.13065360386304 1858.9781682841851
40.16072922640539 835.6614685585622
40.190804848947735 841.1198536634809
40.22088047149008 2114.6449699377854
40.25095609403242 3967.009646851973
40.281031716574766 5309.6106235387815
40.31110733911712 5449.895167355057
40.341182961659456 4490.414547385133
40.37125858420181 3069.0398082939305
40.40133420674416 1802.3696664565111
40.4314098292865 964.5843923340899
40.46148545182885 517.8693767814801
40.4915610743712 289.4679826113376
40.521636696913546 133.17842510697625
40.55171231945589 31.639756072911695
40.58178794199824 107.60996054338318
40.61186356454058 501.35202847161526
40.641939187082926 1195.1763213664824
40.67201480962528 1989.6765195198225
40.702090432167616 2693.7480413680487
40.73216605470997 3310.1524374267774
40.76224167725231 3938.93947793904
40.792317299794654 4422.998898645004
40.82239292233701 4223.608028353088
40.85246854487936 2951.4510277755676
40.8825441674217 1126.6498321951844
40.91261978996405 195.24292811372464
40.9426954125064 1441.833518654998
40.97277103504874 4672.063319785778
41.002846657591085 8055.555036989424
41.032922280133434 9445.88303134789
41.062997902675775 8068.93868786549
41.09307352521812 5156.418984926089
41.12314914776047 2840.801839874141
41.15322477030281 2259.030150750761
41.18330039284516 2834.945364153912
41.21337601538751 3308.7196153594423
41.24345163792986 3157.606072026099
41.27352726047221 3072.8307402681826
41.303602883014555 4209.838129185806
41.3336785055569 6845.912864398289
41.363754128099245 9719.209531704764
41.39382975064159 10842.074029969048
41.423905373183935 9123.212069887997
41.45398099572628 5367.062188387185
41.48405661826863 1773.8338834596052
41.514132240810966 322.45524152684726
41.54420786335332 1373.7278959610655
41.57428348589567 3576.5598305605326
41.60435910843801 5031.702809374572
41.63443473098036 4726.706470091196
41.664510353522715 3104.1690944238903
41.694585976065056 1393.1491676364146
41.7246615986074 447.7593718806052
41.75473722114975 221.36781015021688
41.784812843692094 224.6789458615985
41.81488846623444 257.2129337511778
41.844964088776784 544.6127828648997
41.875039711319126 1218.5899176917317
41.90511533386148 1879.055738714076
41.93519095640382 1881.0216538934217
41.96526657894617 1100.3390829956663
41.99534220148852 275.0948468326809
42.02541782403086 426.8523459771552
42.05549344657321 1903.067185786708
42.08556906911556 3986.9795149691327
42.11564469165791 5462.885625621002
42.14572031420025 5693.901544359896
42.1757959367426 5275.884661725725
42.205871559284944 5601.174638168777
42.235947181827285 7634.67114343692
42.26602280436963 10934.975888994204
42.29609842691198 13721.401523842494
42.32617404945433 14016.035703272239
42.35624967199667 11151.739265465663
42.38632529453903 6474.257952552816
42.41640091708137 2507.141678411728
42.4464765396237 1152.3351450849557
42.47655216216606 2362.0816585649727
42.50662778470841 4364.625083048972
42.53670340725076 5239.8205237028105
42.566779029793096 4455.195892438816
42.59685465233544 3024.5744136639955
42.62693027487779 2278.3414131986324
42.65700589742014 2547.98967117156
42.68708151996248 2996.4207603049326
42.71715714250483 2631.6669582076715
42.74723276504717 1435.6308093093712
42.77730838758952 438.8457087587247
42.80738401013186 733.5928522881621
42.83745963267422 2503.302536123989
42.867535255216566 4886.973645960067
42.8976108777589 6647.908513736077
42.927686500301256 7049.829591191775
42.9577621228436 6238.29349563224
42.987837745385946 4895.712927380009
43.01791336792829 3586.707946616348
43.04798899047064 2411.268655049072
43.07806461301299 1241.3634251948095
43.108140235555325 261.4813580114192
43.13821585809768 208.09487602439515
43.16829148064002 1886.2965299124048
43.19836710318237 5203.622011395578
43.22844272572472 8658.794549502889
43.25851834826707 10090.454205567115
43.288593970809416 8332.002023392579
43.31866959335176 4390.850820944072
43.348745215894105 921.5738979237055
43.37882083843645 171.0001798049337
43.4088964609788 2170.855610102617
43.438972083521136 4852.611124356681
43.469047706063485 5933.719732750212
43.49912332860584 4868.107464495364
43.529198951148175 3150.5739372315065
43.55927457369053 2804.6519912365334
43.58935019623288 4613.60279490936
43.61942581877521 7706.044964319579
43.64950144131757 10600.666405039856
43.67957706385992 12512.6199242861
43.70965268640226 13712.37463123384
43.739728308944606 14762.764027111456
43.76980393148696 15493.126304274245
43.799879554029296 14775.301916165463
43.82995517657165 11613.816418048553
43.86003079911399 6952.430192817656
43.890106421656334 4394.256727631103
43.92018204419869 8361.048218856507
43.95025766674103 20510.306657054804
43.98033328928338 37177.18828468659
44.01040891182573 50244.52467169528
44.04048453436807 51755.6572441712
44.07056015691042 39788.219683776
44.100635779452766 20712.125576990587
44.13071140199512 5026.322966857134
44.160787024537456 118.95654563151602
44.19086264707981 5776.633827090704
44.22093826962215 15263.8603222114
44.25101389216449 20886.582977375656
44.28108951470684 19528.99297084507
44.31116513724919 13508.738578429744
44.34124075979154 7169.858001583727
44.37131638233388 3307.4562444518447
44.40139200487623 2135.8194703696568
44.43146762741858 2573.146219143668
44.46154324996092 3901.544004771141
44.491618872503274 6110.528895398966
44.521694495045615 9031.695410298154
44.55177011758796 11700.636487245123
44.581845740130305 12848.528967730135
44.611921362672646 11956.616502978615
44.641996985215 9697.286262715214
44.67207260775734 7369.656181648231
44.70214823029969 5958.373616340115
44.73222385284204 5576.245336941871
44.762299475384395 5618.948193575831
44.79237509792673 5462.73965499003
44.82245072046908 5031.859316842924
44.852526343011434 4700.503012110133
44.88260196555377 4827.350538118981
44.91267758809612 5513.28114064795
44.942753210638465 6669.559757026859
44.972828833180806 8199.999956350397
45.002904455723154 10147.117726798584
45.0329800782655 12575.533940739
45.06305570080785 15164.929067375822
45.09313132335019 17020.17971812081
45.12320694589254 17111.0586535357
45.15328256843489 14987.41778621984
45.18335819097724 11136.7990711316
45.21343381351958 6768.509130449868
45.24350943606193 3199.2829338766524
45.27358505860428 1204.3109489568951
45.30366068114662 710.3974639405819
45.333736303688966 997.7543422544873
45.363811926231314 1288.1390616451174
45.39388754877366 1322.6538788897046
45.423963171316 1490.1035383089918
45.45403879385835 2393.317583903004
45.4841144164007 4183.698953080176
45.51419003894304 6235.421740148831
45.54426566148539 7500.266451037043
45.57434128402774 7295.124891850205
45.60441690657009 5831.237207028349
45.63449252911242 3987.699511158003
45.66456815165478 2604.318011695512
45.694643774197125 1981.8873441456667
45.72471939673947 1904.2222503727733
45.75479501928181 1967.9226165733971
45.78487064182416 1845.7333820345025
45.81494626436651 1369.545876757517
45.845021886908846 612.8353836297399
45.8750975094512 48.7943956099833
45.90517313199354 499.0295007982976
45.93524875453589 2604.7870551735255
45.96532437707824 6140.699308667874
45.99539999962058 9839.416645308973
46.025475622162936 12060.777466119109
46.05555124470528 11908.299856607817
46.085626867247626 9788.100634692735
46.11570248978997 6893.454722291884
46.14577811233232 4282.200834287215
46.17585373487466 2408.133360640294
46.205929357417006 1247.4501125851386
46.23600497995936 659.1188451223859
46.266080602501695 595.8236157421745
46.29615622504405 1075.8233096623223
46.3262318475864 2102.011843224488
46.35630747012873 3606.848244764851
46.38638309267109 5319.542917937245
46.41645871521344 6617.106787309362
46.446534337755786 6705.035895607104
46.47660996029813 5271.351287451732
46.50668558284048 3002.11818478498
46.53676120538282 1213.808437877549
46.566836827925165 771.8076530297203
46.596912450467514 1284.6089813503806
46.626988073009855 1537.8192419922193
46.65706369555221 890.348891211819
46.68713931809455 75.5717893770365
46.71721494063689 478.8486017221355
46.74729056317925 2577.0248352592093
46.77736618572159 5198.747299388308
46.80744180826394 6561.5530384066205
46.83751743080629 5930.142917668817
46.86759305334864 4131.890834262308
46.897668675890976 2580.720887731689
46.927744298433325 1901.8862981727743
46.95781992097567 1675.9681740467136
46.987895543518015 1384.274939485452
47.01797116606036 1121.529288209804
47.04804678860271 1273.7019505414007
47.07812241114505 1796.2323578328387
47.1081980336874 2096.314888656625
47.13827365622975 1680.3169366829131
47.1683492787721 876.039849534915
47.19842490131444 802.2778389053298
47.228500523856795 2264.3080805322566
47.258576146399136 4828.8951467736
47.288651768941484 7194.19525143128
47.31872739148383 8204.839255785402
47.348803014026174 7600.039651571415
47.37887863656852 5901.143646376997
47.408954259110864 3957.8453106319184
47.439029881653205 2860.878667928985
47.46910550419556 3684.187848855061
47.49918112673791 6565.135462371524
47.52925674928025 10099.735388020425
47.5593323718226 12006.320656048088
47.589407994364954 10640.223477447487
47.61948361690729 6392.93303274957
47.64955923944964 1868.5243034556647
47.67963486199199 63.16530491473032
47.70971048453433 2080.9278750669064
47.73978610707668 6687.098519575198
47.76986172961902 11553.947619177672
47.799937352161365 14773.241811777112
47.83001297470371 15639.908754415947
47.86008859724606 14395.166688673624
47.89016421978841 11683.940374421356
47.92023984233076 8390.531254082534
47.95031546487309 5514.14654697175
47.98039108741545 3701.262252830439
48.0104667099578 2785.0629942280525
48.04054233250014 2037.5721173221527
48.070617955042486 1138.1348548020483
48.100693577584835 862.4110117807548
48.13076920012718 2554.5440717200954
48.16084482266952 6769.094449438122
48.19092044521187 12467.33289537267
48.22099606775422 17482.098055056664
48.25107169029656 19815.6582927191
48.28114731283891 18766.833962077068
48.31122293538126 15043.232674884755
48.34129855792361 10059.05104338628
48.37137418046594 5298.370062735548
48.4014498030083 2094.5809805649496
48.431525425550646 1415.32026728545
48.46160104809299 3330.909065756963
48.491676670635336 6694.852784324746
48.52175229317768 9682.871528592495
48.55182791572003 10898.552207963652
48.58190353826237 10165.465496956249
48.61197916080472 8388.182425388854
48.64205478334707 6661.776775971304
48.672130405889405 5479.623602387222
48.70220602843176 4654.409800721361
48.7322816509741 3790.148811520196
48.76235727351646 2733.0820566401294
48.7924328960588 1647.6043363057674
48.82250851860115 808.9429540565756
48.852584141143495 400.3872788570191
48.88265976368584 456.42296847275543
48.912735386228185 873.2975651779159
48.942811008770526 1415.4855418743919
48.97288663131288 1777.2746211467447
49.002962253855216 1740.7250415941871
49.033037876397565 1334.69001513216
49.06311349893992 843.5769652794642
49.093189121482254 638.7456962018133
49.12326474402461 965.6149038151118
49.15334036656696 1820.5803730198036
49.18341598910931 2942.716789363131
49.21349161165165 3887.536229824582
49.243567234194 4186.450653246376
49.27364285673634 3598.389144389465
49.303718479278686 2342.390056686574
49.33379410182104 1114.7712255072609
49.363869724363376 768.8324445955808
49.39394534690573 1747.6403582187422
49.42402096944807 3641.6237636436367
49.454096591990414 5313.065453135392
49.48417221453277 5641.526744062726
49.51424783707511 4372.264495259361
49.54432345961746 2372.021650693491
49.57439908215981 1040.970103742136
49.60447470470216 1307.345056413144
49.6345503272445 3045.373680195131
49.664625949786846 5498.803289454506
49.6947015723292 8260.088899984241
49.724777194871535 11673.498317252168
49.75485281741388 16159.034473205673
49.78492843995623 21122.15127289172
49.81500406249857 24705.016273455927
49.84507968504092 24983.50861953928
49.87515530758327 21728.923923395207
49.90523093012562 17080.705015169835
49.93530655266796 14168.055197033404
49.965382175210316 14564.418354201856
49.99545779775266 16958.96593198756
50.025533420295005 18378.461570544463
50.055609042837354 16680.419366095786
50.085684665379695 12176.535601556012
50.11576028792204 7407.56024623415
50.14583591046439 5384.11126153928
50.175911533006726 7544.287551243409
50.20598715554908 12977.541747896836
50.23606277809143 19341.32560280027
50.26613840063377 24340.60528715289
50.29621402317612 26581.415019180666
50.326289645718475 25660.980854111014
50.35636526826082 21908.03346148817
50.38644089080316 16128.169489301867
50.41651651334551 9564.338218354404
50.446592135887855 3964.1410878874967
50.4766677584302 1251.9654382111764
50.506743380972544 2548.7858969839394
50.536819003514886 7162.343141073679
50.56689462605724 12516.088935894397
50.59697024859958 15387.33355466716
50.62704587114193 13924.335385025775
50.65712149368428 9017.698356693949
50.68719711622662 3626.76063823764
50.71727273876897 477.4427607617849
50.74734836131132 181.2615144474265
50.77742398385367 1260.1910957347259
50.80749960639601 1831.351648771348
50.83757522893836 1344.4830269774243
50.867650851480704 776.4539710874826
50.897726474023045 1305.857451629861
50.927802096565394 2992.267686681976
50.95787771910774 4739.726584551305
50.98795334165009 5386.748974793905
51.01802896419243 4725.697849076963
51.04810458673479 3526.8964402458855
51.07818020927713 2725.2154801992733
51.10825583181946 2635.7563455563663
51.13833145436182 2842.728188928288
51.16840707690417 2703.858192986592
51.19848269944652 1949.8189320257763
51.22855832198886 895.8037238001002
51.2586339445312 163.0850498796939
51.28870956707355 183.99890611419892
51.31878518961589 866.8741706235238
51.34886081215824 1656.0015722113726
51.37893643470059 1970.210329679788
51.40901205724293 1707.0855315276046
51.43908767978528 1337.7733123392159
51.46916330232762 1432.232161546264
51.49923892486998 2045.0851005036095
51.52931454741232 2579.915078050197
51.55939016995466 2354.366492791069
51.589465792497016 1374.9652093220093
51.61954141503936 480.40702019283543
51.649617037581706 626.5898639997848
51.67969266012405 1982.1720422550657
51.7097682826664 3681.5484090263353
51.73984390520874 4490.74684730651
51.769919527751085 3805.900682125584
51.79999515029344 2104.8337840750764
51.83007077283578 533.232350653726
51.86014639537813 73.25420092583705
51.89022201792048 967.7640245324573
51.92029764046283 2725.852862091329
51.95037326300517 4566.735817925744
51.98044888554752 5915.562212700295
52.010524508089865 6623.115174728048
52.04060013063221 6846.619709745879
52.07067575317456 6771.9781090385095
52.1007513757169 6428.45854788246
52.130826998259245 5742.884255379806
52.16090262080159 4746.65776417229
52.190978243343935 3681.191814235152
52.22105386588629 2864.170594503976
52.25112948842864 2445.539914535085
52.28120511097097 2294.3716973668097
52.31128073351333 2148.994351790177
52.34135635605568 1903.7110149719483
52.37143197859802 1713.9358381432985
52.401507601140366 1790.9507118830747
52.43158322368272 2132.3443657589723
52.461658846225056 2474.9435509186756
52.491734468767405 2492.865018036479
52.52181009130975 2060.06386236381
52.551885713852094 1362.3056625110487
52.58196133639444 766.727061469404
52.61203695893679 565.3788812903258
52.64211258147914 797.4578290422222
52.67218820402149 1262.9637069203332
52.70226382656383 1697.2387677248198
52.73233944910618 1966.756698814435
52.762415071648526 2128.6085528956346
52.792490694190874 2317.0515864488398
52.822566316733216 2581.8367076825243
52.85264193927557 2826.5590417832273
52.88271756181791 2887.603406188592
52.91279318436025 2697.1882440683844
52.9428688069026 2399.114543993204
52.97294442944495 2268.2152402921006
53.003020051987285 2464.064426366745
53.03309567452964 2864.1409057564933
53.06317129707199 3138.4393400981226
53.09324691961434 2973.3856412197356
53.12332254215668 2278.9384118183752
53.153398164699034 1286.388133945898
53.183473787241375 478.91732342795007
53.21354940978372 331.0689880171724
53.24362503232607 976.7686177282451
53.273700654868406 2066.4193999396584
53.30377627741076 2981.116735211611
53.3338518999531 3284.440818528504
53.363927522495445 3073.8645430824527
53.3940031450378 2918.593929462983
53.42407876758014 3372.558378953124
53.45415439012249 4460.862170370213
53.48423001266484 5622.241639354284
53.514305635207194 6161.418624763365
53.54438125774953 5783.760260570264
53.57445688029188 4756.857190151473
53.604532502834225 3621.484840215188
53.634608125376566 2767.4070096490086
53.664683747918914 2237.5916521147697
53.69475937046126 1831.1253044234256
53.72483499300361 1327.973382798944
53.75491061554595 681.3353451029469
53.7849862380883 121.07707555101067
53.81506186063065 88.37540659400203
53.84513748317299 943.6407464084589
53.87521310571534 2593.926588277802
53.90528872825769 4347.860965151774
53.93536435080004 5234.698843542124
53.96543997334238 4689.365936028576
53.995515595884726 3053.5577923175706
54.025591218427074 1334.233037451936
54.055666840969415 374.0539369048872
54.08574246351176 249.52611656150512
54.11581808605411 439.03461969900894
54.14589370859646 459.2644567046456
54.1759693311388 277.6351788289604
54.20604495368115 156.81771292870448
54.2361205762235 220.61659286105208
54.26619619876584 297.50344753196526
54.29627182130818 203.04424054100767
54.32634744385054 68.68397879566193
54.356423066392885 276.4496013411744
54.38649868893523 1044.8445371863231
54.416574311477575 2128.0096688447593
54.44664993401992 2943.909791561767
54.47672555656226 3006.27933815404
54.506801179104606 2285.1411990828906
54.53687680164696 1205.4113690904867
54.56695242418931 324.884849603495
54.59702804673165 0.12280398301846723
54.627103669274 266.246157244428
54.65717929181634 905.1419557843552
54.68725491435869 1615.2696369189296
54.71733053690104 2196.6250019654058
54.747406159443386 2598.6340013184617
54.77748178198573 2815.165878103476
54.80755740452808 2787.3944069658664
54.83763302707042 2429.352424713277
54.867708649612766 1771.5010502654807
54.89778427215512 1058.0799233619196
54.927859894697455 609.8460559306892
54.95793551723981 543.1616756963066
54.98801113978216 652.4941134040105
55.018086762324494 618.520733917783
55.04816238486685 350.31614077389764
55.0782380074092 81.64078845740916
55.10831362995154 88.4462235951843
55.13838925249389 352.6434948028305
55.16846487503624 581.5523088789656
55.19854049757858 572.5747775947683
55.228616120120925 512.2120651054314
55.258691742663274 828.8527475413981
55.288767365205615 1693.2707702646153
55.31884298774796 2730.3607577527214
55.34891861029031 3296.2951960119804
55.37899423283265 3028.9414614106563
55.40906985537501 2126.5292620400605
55.43914547791735 1133.2806325209335
55.4692211004597 505.09492106334886
55.49929672300205 372.3595936745428
55.529372345544395 625.2585799277857
55.55944796808674 1114.3706566456751
55.589523590629085 1723.3459199233375
55.61959921317143 2328.5788525963326
55.649674835713775 2810.637350939822
55.67975045825612 3126.7763361838774
55.70982608079847 3340.400892067032
55.739901703340806 3578.458406282737
55.76997732588316 3961.038242106512
55.80005294842551 4550.041505242218
55.83012857096786 5317.304223284392
55.8602041935102 6108.154087233192
55.890279816052555 6655.367300987978
55.920355438594896 6721.571022911223
55.95043106113724 6274.945963573924
55.98050668367959 5550.759702732903
56.010582306221934 4992.681147200396
56.04065792876428 4988.60090074524
56.070733551306624 5440.8113064261615
56.100809173848965 5768.21540893203
56.13088479639132 5567.979015037179
56.16096041893366 5078.487976966622
56.19103604147601 4892.929698120337
56.22111166401836 5448.365966316363
56.251187286560715 6708.043798099728
56.28126290910305 8059.748857199158
56.3113385316454 8644.624181631358
56.34141415418775 8016.722946227783
56.37148977673009 6446.935811020942
56.40156539927244 4595.356929046547
56.431641021814784 3018.4393733576408
56.461716644357125 1937.048681172853
56.49179226689947 1282.0533708601688
56.52186788944182 867.6313148837862
56.55194351198417 552.0671010240416
56.58201913452651 296.36566927914646
56.61209475706885 125.13110740187996
56.64217037961121 64.25858253747397
56.67224600215356 109.21597572552125
56.7023216246959 222.32931334713453
56.73239724723825 344.63404784429054
56.762472869780595 417.0926437712605
56.792548492322936 409.4825066932474
56.82262411486528 342.3404897987777
56.85269973740763 275.25454403861266
56.88277535994998 270.43808038624144
56.91285098249232 375.105357074524
56.94292660503467 632.2353134825468
56.97300222757701 1072.8402549510288
57.00307785011936 1652.1743184259099
57.0331534726617 2175.473175465155
57.06322909520406 2338.668060537601
57.093304717746406 1950.314931991328
57.12338034028875 1176.4535905889084
57.153455962831096 552.0967141045774
57.18353158537344 678.1975669919918
57.213607207915786 1780.2408617210672
57.24368283045813 3467.1249980981615
57.27375845300048 4909.8198468376
57.30383407554283 5345.793612335599
57.333909698085165 4568.148636800256
57.36398532062752 3013.178146043599
57.39406094316986 1413.575215044096
57.42413656571221 359.0156955925307
57.45421218825456 28.57761502179616
57.48428781079691 187.5339133333744
57.514363433339255 436.69867323587704
57.5444390558816 518.3356641814785
57.574514678423945 439.7696845868057
57.60459030096629 360.33197923360126
57.63466592350864 384.82328814573253
57.664741546050976 460.7147244290792
57.694817168593325 461.35869056555543
57.72489279113568 337.49275596148243
57.754968413678014 169.38386149556283
57.78504403622037 91.00367589372256
57.81511965876272 190.0572928140562
57.84519528130505 523.5544769084024
57.87527090384741 1177.2138364108635
57.90534652638976 2156.105587355403
57.9354221489321 3195.510419760291
57.965497771474446 3780.1889468281593
57.9955733940168 3469.0168179562224
58.025649016559136 2301.3676196341607
58.05572463910149 899.762312435105
58.08580026164383 79.5083358564043
58.115875884186174 195.94958751908223
58.14595150672853 877.5066239506585
58.17602712927087 1462.9054973041839
58.20610275181322 1588.4145973344157
58.23617837435557 1365.5260127014815
58.26625399689792 1094.2147854254024
58.29632961944026 870.1349176247921
58.326405241982606 585.6062986518393
58.35648086452496 237.82739304658764
58.386556487067296 69.36451617570815
58.41663210960964 320.2127708281784
58.44670773215199 864.2876068327208
58.476783354694334 1284.9020786960943
58.50685897723668 1321.2913241592946
58.53693459977903 1136.1312711492556
58.56701022232138 1124.3904057485524
58.59708584486372 1416.5137888084944
58.62716146740607 1683.6771737831496
58.65723708994842 1498.0950853051036
58.687312712490765 845.6535251054579
58.717388335033114 266.6967049801952
58.747463957575455 355.41112963331227
58.7775395801178 1194.2417495594227
58.807615202660145 2289.6880631312324
58.837690825202486 2902.5212819703374
58.86776644774484 2658.8107096851895
58.89784207028719 1809.9638771839136
58.92791769282953 836.3659684278781
58.95799331537188 168.82313234745783
58.988068937914235 72.29184924239898
59.01814456045657 454.45575231609433
59.04822018299892 982.2065484576699
59.07829580554127 1332.808872025316
59.108371428083615 1317.0350111759683
59.13844705062596 983.9362169902826
59.168522673168304 563.3002763584403
59.198598295710646 243.51541625026607
59.228673918252994 66.63054915075354
59.25874954079534 16.974894139310635
59.28882516333769 141.41627516451797
59.31890078588004 534.4379930356245
59.34897640842238 1187.9671921514937
59.37905203096473 1891.8607772065527
59.40912765350708 2352.507067796065
59.43920327604942 2415.736985266587
59.46927889859177 2142.677342807056
59.49935452113412 1701.74273054595
59.529430143676464 1223.730829707836
59.559505766218805 759.5013833816662
59.589581388761154 360.2925423976525
59.6196570113035 134.32057556419807
59.64973263384584 160.26390896959768
59.67980825638819 369.6428393870964
59.70988387893055 565.109626040666
59.73995950147289 573.0699445932386
59.77003512401523 389.07699138983855
59.80011074655758 161.57336666983267
59.83018636909993 33.03174334783472
59.86026199164226 23.494291423014587
59.89033761418462 53.779449736239776
59.920413236726965 61.304441035489056
59.95048885926931 107.08449254486392
59.98056448181165 379.96077091233303
60.010640104354 1073.027433301248
60.04071572689635 2196.727262874351
60.070791349438686 3473.8969310948105
60.10086697198104 4450.724973654722
60.13094259452338 4801.714367432292
60.16101821706574 4605.956617598047
60.19109383960808 4327.039519057464
60.22116946215042 4439.887461942413
60.251245084692776 4969.4674570262305
60.28132070723512 5384.384818737417
60.311396329777466 5030.5584445257455
60.34147195231981 3748.1905267844136
60.37154757486216 2111.573883129464
60.4016231974045 1045.5295950699842
60.431698819946845 1114.9276497831868
60.4617744424892 2100.208080990283
60.491850065031535 3208.9948623138857
60.52192568757389 3691.2938604091855
60.55200131011624 3313.952201063149
60.58207693265859 2376.5261657083365
60.61215255520093 1378.197594802178
60.64222817774328 656.0392789517524
60.672303800285626 269.92646313485113
60.70237942282797 144.9122477086599
60.73245504537032 248.40904138119384
60.76253066791266 626.0810606442275
60.792606290455005 1293.6789597135767
60.82268191299735 2119.9398018484903
60.852757535539695 2835.0323556976205
60.88283315808205 3174.849147617632
60.91290878062439 3052.8290768435127
60.94298440316673 2608.0067122094606
60.97306002570909 2096.776805912494
61.00313564825144 1742.9248228756924
61.03321127079378 1653.6330103763391
61.06328689333613 1817.381078663259
61.09336251587848 2122.497170918209
61.123438138420816 2357.9193354202785
61.153513760963165 2261.8618320233504
61.18358938350551 1700.890360792888
61.213665006047854 901.1626455070553
61.2437406285902 477.84578608323613
61.27381625113255 1069.1979847024345
61.30389187367489 2743.499233168355
61.33396749621724 4741.296415053776
61.36404311875959 5924.105641737446
61.39411874130194 5602.245638980639
61.424194363844286 4088.605036040064
61.454269986386635 2518.638377626803
61.484345608928976 1976.395909458137
61.51442123147133 2591.805995029551
61.54449685401367 3423.7414142889806
61.574572476556014 3335.238656435341
61.60464809909836 2119.959338214556
61.63472372164071 787.0780164766073
61.664799344183045 703.1211120072376
61.6948749667254 2365.9678641510427
61.72495058926775 4883.851114296066
61.75502621181009 6641.535746548532
61.78510183435244 6634.609654598873
61.815177456894794 5295.81033356948
61.845253079437136 4035.3935166261354
61.87532870197948 3994.477060786647
61.90540432452183 5183.3527853463065
61.93547994706417 6571.758554000928
61.96555556960652 6907.766675473776
61.99563119214886 5639.724214554541
62.025706814691205 3283.744837213065
62.05578243723356 1044.3647793371708
62.0858580597759 46.01360149111325
62.11593368231825 721.1861326886373
62.1460093048606 2655.159603330253
62.17608492740293 4815.162820246008
62.20616054994529 6029.393218248467
62.23623617248764 5609.089837407985
62.266311795029985 3807.3606905307447
62.296387417572326 1690.7711718121143
62.326463040114675 416.18260094758824
62.35653866265702 484.05539520329006
62.38661428519936 1537.232604338754
62.41668990774171 2804.5490263175725
62.44676553028406 3744.9092275976386
62.47684115282641 4255.728010152868
62.50691677536875 4406.727514204504
62.5369923979111 4205.984580909534
62.56706802045345 3600.674789719532
62.59714364299578 2624.1218625441998
62.62721926553814 1556.8894100672828
62.657294888080486 802.7446992668646
62.687370510622834 514.0593643612708
62.717446133165176 479.2351445687675
62.74752175570752 406.3449383621025
62.77759737824987 229.8590572927241
62.80767300079221 163.3758138743768
62.83774862333456 477.7389228180757
62.86782424587691 1214.1629386155544
62.89789986841926 2125.508030151859
62.9279754909616 2873.993653188233
62.95805111350394 3262.6131497571814
62.9881267360463 3325.5015530096334
63.01820235858864 3239.822782915019
63.04827798113099 3133.41214583424
63.078353603673335 2960.3219678976234
63.10842922621568 2570.525635488388
63.13850484875802 1900.0501557227735
63.168580471300366 1093.170034798258
63.19865609384272 456.5059718623269
63.228731716385056 281.5152633102787
63.25880733892741 650.7904158884486
63.28888296146976 1377.1788053190933
63.3189585840121 2141.10351128449
63.34903420655445 2697.025258934721
63.3791098290968 2963.76614994296
63.409185451639146 2975.059342252032
63.43926107418149 2799.4376354567225
63.46933669672384 2505.6068930314946
63.49941231926618 2161.43223286813
63.529487941808526 1827.5041839101664
63.55956356435088 1538.6147015706542
63.589639186893216 1296.9294887291471
63.61971480943557 1087.9902174180972
63.64979043197791 901.6552611167667
63.679866054520254 738.5438375698204
63.70994167706261 601.392897866482
63.74001729960496 486.15786528649903
63.7700929221473 382.3908417811
63.80016854468965 277.4684631459442
63.830244167232 172.84110689479368
63.86031978977434 127.47007131437167
63.890395412316686 281.460959155763
63.920471034859034 772.5443237089665
63.950546657401375 1556.4263221376495
63.98062227994372 2288.4769592964194
64.01069790248607 2468.5475673019864
64.04077352502841 1861.5982594241796
64.07084914757075 831.2032544547808
64.10092477011311 167.2301261465534
64.13100039265545 462.13258077706934
64.16107601519779 1565.29139172968
64.19115163774015 2647.970710677015
64.22122726028249 2886.722983883951
64.25130288282483 2145.43194975445
64.28137850536719 1035.2292558836928
64.31145412790953 356.9324474839027
64.34152975045187 452.232119595224
64.37160537299422 998.1643560960099
64.40168099553657 1363.9741993300113
64.43175661807892 1166.1898477906936
64.46183224062126 569.2871071871521
64.4919078631636 184.20967215582516
64.52198348570596 681.3828330514048
64.5520591082483 2319.4993416043535
64.58213473079064 4647.488666964088
64.612210353333 6668.304688403112
64.64228597587534 7509.647097378973
64.67236159841768 7114.334196261344
64.70243722096004 6317.206792161417
64.73251284350238 6180.370368480391
64.76258846604472 7028.669693123811
64.79266408858707 7998.1802199827425
64.82273971112942 7721.597316487477
64.85281533367177 5649.479592465132
64.88289095621411 2678.1004837236496
64.91296657875645 463.7289501722472
64.94304220129881 99.22886580970135
64.97311782384115 1289.8393671406368
65.00319344638349 2682.9400717890694
65.03326906892585 3048.438525113277
65.06334469146819 2259.9170323134645
65.09342031401053 1267.585347106271
65.12349593655289 1186.0035048434158
65.15357155909523 2313.3154702866927
65.18364718163757 3866.403165506984
65.21372280417992 4593.585670467752
65.24379842672225 3793.1722679332015
65.27387404926462 1943.2353865899868
65.30394967180696 363.0244313979701
65.3340252943493 168.91796609561507
65.36410091689166 1411.090731530709
65.394176539434 3064.487425861766
65.42425216197634 3884.976090333524
65.4543277845187 3431.32906941646
65.48440340706104 2318.131165016333
65.51447902960338 1488.0274993537816
65.54455465214573 1324.3552726148964
65.57463027468808 1481.3304854885328
65.60470589723042 1412.715578995016
65.63478151977277 958.5437905703005
65.66485714231511 439.87204776333834
65.69493276485747 232.03882261706147
65.72500838739981 349.8485818957591
65.75508400994215 512.2607185781212
65.78515963248451 524.3683157552209
65.81523525502685 490.4502791346183
65.84531087756919 642.5523650691982
65.87538650011155 1020.425823780278
65.90546212265389 1384.3345935368402
65.93553774519623 1462.1842554202974
65.96561336773857 1264.5238631291754
65.99568899028093 1149.0889976563378
66.02576461282327 1587.4671288618163
66.05584023536562 2832.114571805443
66.08591585790796 4712.573354481492
66.11599148045032 6665.131766193696
66.14606710299266 7958.9062168703695
66.176142725535 8038.916676378819
66.20621834807736 6846.824071185802
66.2362939706197 4879.224101009529
66.26636959316204 2877.158349716586
66.2964452157044 1389.5557255061697
66.32652083824674 563.7634884764705
66.35659646078908 248.35452947238056
66.38667208333143 223.90790999681647
66.41674770587377 354.8695552895584
66.44682332841612 588.8624234622118
66.47689895095847 876.1624655881925
66.50697457350081 1127.1083586241427
66.53705019604317 1242.4831160328815
66.56712581858551 1166.02703958023
66.59720144112785 926.4996867151128
66.6272770636702 672.884332609256
66.65735268621255 639.7605238590891
66.68742830875489 976.4093253838232
66.71750393129724 1557.5346390773527
66.74757955383959 1988.0333500143793
66.77765517638193 1869.1039781829904
66.80773079892428 1170.9618502800151
66.83780642146662 394.7463372746639
66.86788204400897 306.40613521270404
66.89795766655132 1398.3445362470532
66.92803328909366 3494.148217549297
66.95810891163602 5799.854715200996
66.98818453417836 7339.35104984156
67.0182601567207 7468.063951513958
67.04833577926306 6204.275681199958
67.0784114018054 4203.72757130619
67.10848702434774 2329.5850008779444
67.1385626468901 1096.5451186019802
67.16863826943244 458.7478565702296
67.19871389197478 155.13788939403895
67.22878951451713 303.1514112118668
67.25886513705947 1590.51790720624
67.28894075960181 4671.529743132684
67.31901638214417 9150.117198355929
67.34909200468651 13177.404431013367
67.37916762722887 14412.214682246688
67.40924324977121 11820.424536732293
67.43931887231355 6729.429155231072
67.4693944948559 2052.6521201560527
67.49947011739825 262.0732827020432
67.52954573994059 1772.0455947750183
67.55962136248294 4953.354805449316
67.58969698502528 7589.398140702512
67.61977260756763 8429.467506385654
67.64984823010998 7615.577645873267
67.67992385265232 6014.5494876255325
67.70999947519465 4375.035007070664
67.74007509773702 2992.009355228802
67.77015072027936 1874.6845693637115
67.80022634282172 1014.5119105709055
67.83030196536406 457.59082009815194
67.8603775879064 234.15506821606624
67.89045321044875 312.96055334447266
67.9205288329911 601.7204418397605
67.95060445553344 935.9111667967006
67.98068007807579 1087.6783865290747
68.01075570061813 893.916359991975
68.04083132316048 442.3087268301281
68.07090694570283 63.331896523570016
68.10098256824517 47.27947270858424
68.13105819078751 356.76310151492225
68.16113381332987 652.1814360374299
68.19120943587221 635.0194477320797
68.22128505841457 362.45045985555544
68.2513606809569 182.16481098338213
68.28143630349925 346.39583180330254
68.3115119260416 735.9078214188737
68.34158754858395 993.6808218842381
68.37166317112629 907.41816264114
68.40173879366864 634.3711270674579
68.43181441621097 530.7501117237964
68.46189003875332 773.1632797544784
68.49196566129568 1182.989752174813
68.52204128383802 1390.658937835312
68.55211690638036 1156.8150515966672
68.58219252892272 599.5136672127476
68.61226815146506 137.9029408543458
68.64234377400741 190.02040135487275
68.67241939654976 870.449678680136
68.7024950190921 1894.5958595450847
68.73257064163445 2740.251314551313
68.7626462641768 2972.299861585631
68.79272188671914 2527.4381013413595
68.82279750926149 1739.051507442646
68.85287313180383 1077.5777597007352
68.88294875434617 839.6984611900652
68.91302437688853 1018.5803034485572
68.94309999943087 1395.383551198407
68.97317562197321 1719.2289707872408
69.00325124451557 1828.2652249289215
69.03332686705791 1690.426810834854
69.06340248960025 1391.8719204145002
69.0934781121426 1079.2872155275952
69.12355373468495 887.4825976611238
69.1536293572273 913.8269334695177
69.18370497976964 1268.2462203279895
69.21378060231199 2119.175836589047
69.24385622485434 3589.4534339506886
69.27393184739668 5505.232681195112
69.30400746993902 7256.6789710602525
69.33408309248138 8016.119619929955
69.36415871502372 7262.180149391158
69.39423433756608 5249.186235239256
69.42430996010842 2924.7751412445905
69.45438558265076 1221.9683333315322
69.48446120519311 407.80002735239384
69.51453682773545 136.04820146589623
69.5446124502778 19.848771829587584
69.57468807282015 38.87176921214027
69.6047636953625 375.91868053827955
69.63483931790483 963.0333966473856
69.66491494044719 1380.0987445116102
69.69499056298953 1293.3993251853556
69.72506618553187 895.6513667082127
69.75514180807423 783.7559934937954
69.78521743061657 1342.7565540490011
69.81529305315892 2283.9536787316083
69.84536867570127 2914.1498133256796
69.87544429824361 2847.512196545147
69.90551992078596 2323.242648640689
69.9355955433283 1859.7335169631583
69.96567116587065 1691.4677220575156
69.995746788413 1583.100897557842
70.02582241095534 1214.5392229409215
70.05589803349768 634.680744715345
70.08597365604004 220.2187967977667
70.11604927858238 249.9494681056764
70.14612490112472 610.5248435054436
70.17620052366708 927.1488180924648
70.20627614620942 930.562533446752
70.23635176875177 657.7639295010085
70.26642739129412 336.1657254576259
70.29650301383646 149.5029427200664
70.32657863637881 143.8356639369645
70.35665425892115 286.5144432883269
70.3867298814635 516.1142397162357
70.41680550400585 727.5020890860702
70.44688112654819 780.1116152602309
70.47695674909053 614.920321900074
70.50703237163289 369.76339603096955
70.53710799417523 315.4970276199794
70.56718361671757 666.365522170812
70.59725923925993 1381.7609261466012
70.62733486180227 2119.313211875772
70.65741048434462 2481.925195305235
70.68748610688696 2262.6675404464604
70.7175617294293 1515.1111576679934
70.74763735197166 620.0186265069033
70.777712974514 94.01429856080705
70.80778859705633 123.26246936896663
70.8378642195987 481.4136573680248
70.86793984214104 852.0466223028387
70.89801546468338 1135.9069553475579
70.92809108722574 1583.381774135327
70.95816670976808 2551.186309583648
70.98824233231042 3921.0107931980288
71.01831795485278 4920.208356293695
71.04839357739512 4807.689735919055
71.07846919993747 3625.9870461699534
71.10854482247981 2088.63334997104
71.13862044502216 902.5750095518691
71.16869606756451 277.18003080332784
71.19877169010685 25.950506851595197
71.2288473126492 117.88466394634048
71.25892293519155 893.5976551004541
71.28899855773389 2515.1286604358206
71.31907418027623 4331.614374255553
71.34914980281859 5066.145574601732
71.37922542536093 3923.624724407768
71.40930104790327 1630.094169465052
71.43937667044563 84.42158277570665
71.46945229298797 720.6085738119226
71.49952791553032 3259.4491168017835
71.52960353807265 5996.206817467418
71.559679160615 7229.591889536603
71.58975478315736 6552.763179957449
71.6198304056997 4840.527208312957
71.64990602824204 3158.6351800802804
71.6799816507844 1938.6366413604335
71.71005727332674 1063.2769298201642
71.74013289586908 400.2809974077885
71.77020851841144 48.80511216029063
71.80028414095378 83.67459393392413
71.83035976349612 315.41357232823765
71.86043538603847 483.71753284005234
71.89051100858082 597.0056077000689
71.92058663112317 917.6939207905053
71.95066225366551 1570.7118780610235
71.98073787620785 2273.085959577777
72.01081349875021 2573.7207580605727
72.04088912129255 2358.6768003497946
72.07096474383489 2016.4878966070664
72.10104036637725 2084.713469997629
72.1311159889196 2760.3914825689108
72.16119161146193 3699.812625400868
72.19126723400429 4301.308639604982
72.22134285654663 4182.0657969472195
72.25141847908895 3359.262504004577
72.28149410163132 2203.5738978118634
72.31156972417367 1415.5772316803163
72.34164534671602 1849.133234430956
72.37172096925836 4025.176217546541
72.4017965918007 7606.116028453539
72.43187221434307 11312.840439104268
72.46194783688541 13547.062886544394
72.49202345942774 13445.177470199844
72.5220990819701 11518.16023772493
72.55217470451245 9141.260665477821
72.58225032705478 7359.074974210632
72.61232594959714 6234.764542415632
72.64240157213948 5195.207559659363
72.6724771946818 3827.9695352915114
72.70255281722417 2369.1709226748626
72.73262843976651 1478.307568808144
72.76270406230887 1570.98717736745
72.79277968485121 2405.34786375782
72.82285530739355 3283.133592122026
72.85293092993591 3594.937705040304
72.88300655247825 3209.527807052081
72.91308217502059 2423.8857526492066
72.94315779756295 1613.948921719185
72.97323342010527 980.3043278767852
73.00330904264763 561.851625591101
73.03338466518998 356.03766210053647
73.06346028773233 354.4208878997369
73.09353591027465 474.1076735153708
73.12361153281702 529.2116862411516
73.15368715535936 369.704098783305
73.18376277790173 87.23703352769517
73.21383840044406 31.828030008211442
73.2439140229864 520.7782829817864
73.27398964552876 1458.3788304688603
73.3040652680711 2300.8049592673847
73.33414089061344 2492.371286175519
73.3642165131558 1959.452853441234
73.39429213569812 1204.4771983244889
73.42436775824048 879.3252924998261
73.45444338078283 1162.1646004414424
73.48451900332516 1607.4708193001538
73.5145946258675 1667.3599118204825
73.54467024840987 1246.925137288936
73.57474587095221 737.3391979873354
73.60482149349457 588.1910893740549
73.63489711603691 848.2864888161416
73.66497273857925 1152.8354505441002
73.6950483611216 1158.7536734376972
73.72512398366393 878.7970337652087
73.75519960620629 580.732718048406
73.78527522874865 488.53077254618074
73.81535085129097 637.6963274476701
73.84542647383331 954.4326783541226
73.87550209637568 1362.4796882248106
73.90557771891801 1773.1235036270718
73.93565334146035 2073.3495283618386
73.96572896400272 2248.7518366702225
73.99580458654506 2525.0940150816928
74.02588020908742 3268.160419273172
74.05595583162976 4602.23522903721
74.0860314541721 6105.866658177529
74.11610707671444 6984.574295997187
74.14618269925678 6655.151544221977
74.17625832179915 5217.245115676533
74.2063339443415 3370.146305152389
74.23640956688382 1871.384802373516
74.26648518942618 1038.2079486773264
74.29656081196853 706.6012402809286
74.32663643451086 582.307700150606
74.35671205705322 525.2812188055992
74.38678767959557 522.9229680048779
74.4168633021379 558.1317354095049
74.44693892468025 577.1421915201105
74.47701454722261 537.1805546684992
74.50709016976495 445.0631302301819
74.53716579230729 328.3992449716898
74.56724141484963 201.95756812674327
74.597317037392 128.37207483183823
74.62739265993433 285.7955408142276
74.65746828247667 881.727545571424
74.68754390501903 1942.4548456985408
74.71761952756138 3177.5004747838
74.74769515010371 4073.190873962375
74.77777077264606 4179.746052183836
74.80784639518842 3409.423397437427
74.83792201773075 2157.97836065484
74.8679976402731 1176.5012982795636
74.89807326281546 1226.7052252563633
74.92814888535781 2611.263650461583
74.95822450790014 4826.360669234611
74.9883001304425 6696.973606423235
75.01837575298484 7076.8117570681015
75.04845137552718 5652.752148592894
75.07852699806953 3197.9588292167027
75.10860262061188 1042.2110125902725
75.13867824315422 147.84752341901063
75.16875386569657 515.1971085121562
75.19882948823891 1387.5609427487009
75.22890511078128 1962.1094597177455
75.25898073332361 1912.8029622264644
75.28905635586595 1415.2842683846093
75.31913197840831 855.6012723758923
75.34920760095065 548.3863508912854
75.37928322349299 625.363617652102
75.40935884603535 1008.9381860663516
75.43943446857767 1408.8915681204635
75.46951009112003 1462.5777483122067
75.49958571366238 1037.1100767818373
75.52966133620473 431.9760188556329
75.55973695874707 223.40305751549303
75.58981258128942 791.8397388639214
75.61988820383176 1922.3291678444352
75.64996382637412 2927.012419169665
75.68003944891646 3207.598788980168
75.71011507145882 2680.433718646107
75.74019069400116 1733.553852873946
75.77026631654348 862.692252063435
75.80034193908585 327.86980380398313
75.8304175616282 96.1082439270327
75.86049318417052 21.49915219451345
75.89056880671289 3.548696280074577
75.92064442925523 4.526248444335462
75.95072005179757 9.141129898744696
75.98079567433993 18.98474329949675
76.01087129688227 71.40532126122625
76.04094691942461 224.8899901563522
76.07102254196698 513.9221528640795
76.10109816450931 924.5560376125702
76.13117378705167 1380.3338785687504
76.161249409594 1725.5359377120403
76.19132503213633 1771.039546207722
76.2214006546787 1427.8720959946745
76.25147627722104 855.1625641328726
76.28155189976337 464.44277225576826
76.31162752230574 644.6589295879465
76.34170314484808 1378.8087625305623
76.37177876739041 2153.1580964180685
76.40185438993278 2326.974692026064
76.43193001247512 1689.8591739838464
76.46200563501746 689.0275346829858
76.4920812575598 51.70424081192717
76.52215688010214 154.94767522432886
76.55223250264451 767.3852765199523
76.58230812518684 1353.3075323869057
76.61238374772918 1597.7336172406383
76.64245937027155 1666.7295251264384
76.6725349928139 1977.055752598896
76.70261061535622 2740.1693600953995
76.73268623789859 3736.777481950177
76.76276186044093 4465.783574853483
76.79283748298326 4482.25142139543
76.82291310552563 3679.7363777074265
76.85298872806797 2367.2349681491214
76.8830643506103 1100.2669721187603
76.91313997315265 340.4214948160375
76.94321559569501 182.39983972249007
76.97329121823736 403.43906372895555
77.00336684077969 773.26934663704
77.03344246332205 1272.6201104281151
77.0635180858644 1995.457982929841
77.09359370840673 2874.4051434648854
77.12366933094908 3577.247154712295
77.15374495349144 3790.677670117472
77.18382057603378 3654.0955323149274
77.21389619857612 3785.148850295008
77.24397182111846 4725.56617425176
77.27404744366083 6350.915944696374
77.30412306620318 7866.607740567336
77.3341986887455 8390.597936964372
77.36427431128786 7590.761354867421
77.39434993383021 5862.202608214328
77.42442555637254 3965.148117912828
77.4545011789149 2522.5355333990806
77.48457680145725 1799.0804691052256
77.51465242399958 1764.601479813598
77.54472804654193 2188.3389553458064
77.5748036690843 2671.0625819914544
77.60487929162663 2761.1835090365184
77.63495491416897 2226.29406298829
77.66503053671133 1263.8721964996537
77.69510615925367 389.1450880982484
77.72518178179601 32.81875712354528
77.75525740433837 201.17420079310736
77.7853330268807 532.1635646256819
77.81540864942306 670.44490278834
77.8454842719654 550.055515580752
77.87555989450775 340.32094073263704
77.9056355170501 224.637185684494
77.93571113959244 301.8998272517041
77.96578676213478 654.2930409489761
77.99586238467715 1377.8658746055032
78.0259380072195 2437.1522728438217
78.05601362976182 3500.195457662547
78.08608925230418 4021.33181758061
78.11616487484653 3612.430350691607
78.14624049738886 2434.3695330441806
78.17631611993122 1230.9251374658363
78.20639174247356 891.5558080707871
78.2364673650159 1862.5241050597344
78.26654298755825 3840.394646810833
78.2966186101006 5936.548366494297
78.32669423264295 7195.284338413159
78.35676985518529 7136.746896005004
78.38684547772763 5963.894590458297
78.41692110026999 4316.25880568619
78.44699672281233 2818.797322986557
78.47707234535467 1778.3389579002771
78.50714796789703 1168.5434257898498
78.53722359043935 815.4820916356404
78.56729921298172 591.7414155457437
78.59737483552406 459.7142488228416
78.6274504580664 392.04814236639754
78.65752608060876 336.98000816109374
78.6876017031511 283.80099787440514
78.71767732569344 297.3731458772433
78.74775294823581 419.59242335403695
78.77782857077814 553.4510008292393
78.80790419332048 523.3733101523951
78.83797981586284 285.344996709092
78.86805543840518 42.65135465579258
78.89813106094752 87.27266945279852
78.92820668348988 488.138662593124
78.9582823060322 976.2993170204368
78.98835792857457 1187.5592814341949
79.01843355111691 1011.7528080706568
79.04850917365924 665.4824011563786
79.07858479620161 411.65785646159185
79.10866041874395 286.5520184795239
79.1387360412863 177.81078933932056
79.16881166382863 129.59096676409237
79.19888728637099 465.06935019319224
79.22896290891333 1507.5006480547715
79.25903853145569 3174.1284256915374
79.28911415399801 4927.9646511221445
79.31918977654037 6163.031302777261
79.34926539908273 6616.078523883312
79.37934102162505 6408.870131063423
79.40941664416742 5763.302261913006
79.43949226670976 4768.265418188631
79.46956788925209 3449.668334946677
79.49964351179446 2021.7780122665815
79.5297191343368 945.7450322390765
79.55979475687914 621.3185967179556
79.5898703794215 1033.925054367992
79.61994600196384 1743.1090835758987
79.65002162450618 2203.8578156944814
79.68009724704852 2130.8801787844873
79.71017286959086 1627.2048796605075
79.74024849213322 1020.1142567967484
79.77032411467557 599.2573272713789
79.8003997372179 483.9082910867856
79.83047535976027 649.8265296718102
79.86055098230261 1000.5280588998352
79.89062660484494 1426.229882298134
79.92070222738731 1869.4976177312496
79.95077784992965 2378.2434496335727
79.98085347247198 3073.045849584704
80.01092909501433 3992.2804586793177
80.04100471755667 4908.678296577212
80.07108034009903 5331.700518113788
80.10115596264137 4819.131858368882
80.13123158518371 3392.711094733956
80.16130720772608 1657.6080259068835
80.19138283026841 445.810788478826
80.22145845281075 245.84410181746327
80.25153407535312 898.3188022302729
80.28160969789546 1801.0628634342106
80.31168532043779 2430.219874366661
80.34176094298016 2707.313296687064
80.3718365655225 2891.3422264885207
80.40191218806483 3173.7014053598327
80.43198781060718 3434.0664214160406
80.46206343314954 3386.0771781550634
80.4921390556919 2935.0401911606195
80.52221467823422 2374.0328110979863
80.55229030077658 2188.21811583884
80.58236592331892 2596.3063626952894
80.61244154586126 3266.568120311966
80.64251716840361 3549.6884212809055
80.67259279094597 3047.543353568509
80.7026684134883 1969.6999863078756
80.73274403603065 946.9088392372157
80.762819658573 513.5936048766331
80.79289528111536 735.2306604679379
80.82297090365769 1235.7766309357364
80.85304652620003 1536.4492219547528
80.88312214874239 1409.8753706417162
80.91319777128474 970.9077710943235
80.94327339382707 494.4658413974506
80.97334901636943 179.65181952163647
81.00342463891177 57.4205950122649
81.03350026145411 66.5746203112407
81.06357588399646 168.3011435718048
81.09365150653883 373.6063223659781
81.12372712908115 673.913330388213
81.1538027516235 969.418484113968
81.18387837416586 1110.1569810721971
81.2139539967082 1042.89210749822
81.24402961925054 913.7341640483096
81.2741052417929 997.5390487193891
81.30418086433524 1486.6247677098347
81.33425648687756 2298.8856156263128
81.36433210941993 3065.6739936808103
81.39440773196227 3351.554617933557
81.4244833545046 2957.033682306088
81.45455897704697 2050.4857481279655
81.48463459958931 1043.0185658235991
81.51471022213168 325.16125445755927
81.54478584467401 45.389551154018655
81.57486146721635 82.0541632874659
81.6049370897587 204.9502872952895
81.63501271230106 260.9747248158815
81.66508833484339 246.31554987450676
81.69516395738574 245.5090273044555
81.72523957992809 306.71264783097456
81.75531520247041 373.117861151996
81.78539082501278 342.65962875718526
81.81546644755512 194.1498850149032
81.84554207009745 40.158139893876246
81.87561769263982 35.69239153340581
81.90569331518216 223.46584789707993
81.93576893772452 474.59656060554573
81.96584456026686 602.2694552515632
81.9959201828092 555.4337151396576
82.02599580535156 491.2929312263933
82.05607142789388 630.8085280792427
82.08614705043622 1039.9122304734967
82.1162226729786 1540.7662454260087
82.14629829552092 1826.7251398762587
82.17637391806326 1693.8696917786335
82.20644954060563 1191.2840364271876
82.23652516314797 592.8307894173395
82.2666007856903 245.50708847260736
82.29667640823267 359.93633816225326
82.32675203077501 852.1809331460945
82.35682765331735 1356.5206337279387
82.38690327585971 1473.5181839819709
82.41697889840206 1124.6946862609122
82.4470545209444 683.8699861684644
82.47713014348673 791.396692057728
82.50720576602909 1862.486235718864
82.53728138857144 3540.886914725618
82.56735701111377 4927.92889338221
82.59743263365613 5400.5062692869915
82.62750825619848 4881.013130405838
82.65758387874082 3695.214857204476
82.68765950128316 2437.4242034307167
82.71773512382552 1586.7310906835778
82.74781074636786 1273.2981689346932
82.7778863689102 1497.0287394082957
82.80796199145254 2298.7947852457382
82.83803761399491 3603.4013671596977
82.86811323653725 5004.908893733719
82.89818885907958 5888.685323056192
82.92826448162194 5820.702147185938
82.9583401041643 4808.638425026988
82.98841572670662 3297.2695053980774
83.01849134924898 1881.983771402609
83.04856697179133 940.3478462171854
83.07864259433366 552.8318956786144
83.10871821687601 647.8439086523233
83.13879383941838 1084.0467877378092
83.16886946196071 1626.6737258598946
83.19894508450305 1959.5512263968783
83.22902070704541 1846.652200499256
83.25909632958775 1315.1843479782103
83.28917195213009 647.9246434853656
83.31924757467245 181.0201345051356
83.34932319721479 75.75140252744616
83.37939881975714 245.49630567716395
83.40947444229948 478.8671118674424
83.43955006484182 622.4819274739729
83.46962568738418 660.0347774853483
83.49970130992652 658.1784292439768
83.52977693246886 677.7037196124779
83.55985255501123 728.8557144828867
83.58992817755357 769.9230744010432
83.6200038000959 732.0688435452794
83.65007942263826 570.6618722920753
83.6801550451806 321.5928274275675
83.71023066772294 101.94955451380729
83.7403062902653 26.60111915281177
83.77038191280764 106.70349615758768
83.80045753534998 238.9886934197609
83.83053315789233 315.1238861952224
83.86060878043467 349.2195192616584
83.89068440297704 478.0912338950666
83.92076002551937 803.8856733121363
83.95083564806171 1246.721859842888
83.98091127060407 1581.457065881136
84.01098689314641 1610.7311219534704
84.04106251568876 1311.8473292852048
84.0711381382311 847.6136352467754
84.10121376077343 432.56609512218375
84.1312893833158 181.1896624626879
84.16136500585814 78.36867818455269
84.19144062840049 65.60513199655547
84.22151625094284 129.08256695530494
84.25159187348518 301.54095100950855
84.28166749602752 593.238333214696
84.3117431185699 936.5720499853672
84.34181874111222 1203.725675844014
84.37189436365456 1281.9491674861397
84.40196998619692 1140.5246882213448
84.43204560873926 842.69223846108
84.46212123128161 505.729084936362
84.49219685382396 236.49153625737787
84.52227247636628 80.71776914522837
84.55234809890865 18.77110264304844
84.582423721451 2.5803260637902126
84.61249934399333 0.8847034301175123
84.64257496653569 25.515736331691176
84.67265058907803 125.7653013381798
84.70272621162037 354.70579830513094
84.73280183416271 726.7719938124854
84.76287745670507 1186.9568376873372
84.79295307924741 1614.007975555715
84.82302870178977 1871.8423446812608
84.8531043243321 1876.5076144491964
84.88317994687446 1629.0375244380555
84.9132555694168 1210.5548128505227
84.94333119195913 751.8680101443331
84.9734068145015 378.61458535778576
85.00348243704384 160.69115673763957
85.03355805958617 98.8658777472672
85.06363368212854 137.8188816716074
85.09370930467088 189.22155930500287
85.12378492721322 173.75104936315037
85.15386054975556 82.11038705763593
85.18393617229792 15.844687907104134
85.21401179484027 149.2283186453305
85.2440874173826 603.1018725669592
85.27416303992494 1310.9212981019339
85.30423866246731 1998.2347907952865
85.33431428500965 2345.270134845624
85.36438990755198 2249.5416588837934
85.39446553009435 1954.002699290648
85.42454115263669 1866.3251816292068
85.45461677517902 2183.789918567065
85.48469239772139 2673.420062173873
85.51476802026373 2849.007293823579
85.54484364280606 2400.0793711585843
85.57491926534841 1478.746034621548
85.60499488789075 595.2962001484908
85.63507051043312 214.85074484954853
85.66514613297545 390.0691354015233
85.69522175551779 764.1821213903961
85.72529737806016 945.3814550074812
85.75537300060249 844.0103448645023
85.78544862314483 644.6293921004569
85.8155242456872 533.64685162318
85.84559986822954 509.15246908287577
85.87567549077187 448.0741047080744
85.90575111331424 303.19270285932987
85.9358267358566 160.90018041588579
85.9659023583989 109.29895122648507
85.99597798094126 125.10399863977376
86.02605360348362 132.48868375523432
86.05612922602597 139.0081694009812
86.0862048485683 246.9463342747835
86.11628047111066 506.1289702188323
86.14635609365301 806.4650701196326
86.17643171619534 983.3835354757539
86.2065073387377 1017.3815114345858
86.23658296128005 1059.5703990836676
86.26665858382239 1222.8476929968604
86.29673420636473 1375.3808915301863
86.32680982890707 1235.6718000971855
86.35688545144944 732.0723737751362
86.38696107399177 196.2575203890794
86.41703669653411 104.69722960858334
86.44711231907647 606.3148572704694
86.47718794161882 1340.165491218257
86.50726356416115 1758.6915546502482
86.5373391867035 1624.16220282243
86.56741480924586 1177.5157036116104
86.59749043178819 849.4937995534849
86.62756605433054 846.766473175879
86.6576416768729 1028.7595568443967
86.68771729941523 1128.7924208551608
86.71779292195758 1025.6958422134653
86.74786854449994 805.1942185430222
86.77794416704228 626.7420341065076
86.80801978958462 599.7578803477215
86.83809541212698 783.2579886220196
86.86817103466932 1222.8219429230348
86.89824665721166 1912.1163532246503
86.92832227975401 2713.2452431397587
86.95839790229635 3357.94190437538
86.98847352483871 3567.724096554286
87.01854914738105 3216.9649921071655
87.04862476992339 2417.6904566196818
87.07870039246576 1454.660167018988
87.10877601500809 633.4366887814854
87.13885163755043 148.20690429947254
87.16892726009279 14.902757143428792
87.19900288263511 92.70512889715694
87.22907850517747 192.911770355701
87.25915412771982 206.5812068327424
87.28922975026217 148.64615729595295
87.31930537280451 89.98792923568385
87.34938099534686 76.8315071020642
87.3794566178892 146.95855203861262
87.40953224043157 403.52113658141286
87.4396078629739 987.531641334388
87.46968348551624 1899.7862045776048
87.4997591080586 2862.0754609411065
87.52983473060094 3432.316154538561
87.55991035314328 3326.660436259528
87.58998597568564 2661.2862048094476
87.62006159822796 1846.1157962324448
87.6501372207703 1192.9891143984523
87.68021284331267 693.0411937458272
87.710288465855 249.55846511222472
87.74036408839737 24.086009565227528
87.77043971093971 384.3355829123821
87.80051533348205 1434.7769384832259
87.83059095602441 2657.8092916515807
87.86066657856675 3185.453632393131
87.89074220110909 2552.6766218721928
87.92081782365145 1197.9373783601507
87.95089344619379 152.5053315331971
87.98096906873614 137.15565163648407
88.01104469127849 933.6992297064947
88.04112031382081 1643.2455552533363
88.07119593636317 1544.0135847134939
88.10127155890552 744.928043780039
88.13134718144785 67.51787986242846
88.16142280399022 307.3332330973551
88.19149842653256 1594.221625776532
88.2215740490749 3361.1207159102028
88.25164967161724 4781.289855986632
88.2817252941596 5264.011435034711
88.31180091670194 4730.695650185217
88.34187653924428 3559.38395041692
88.37195216178662 2277.2755864809633
88.402027784329 1259.0960216473504
88.43210340687133 620.7232804802733
88.46217902941366 289.18895350504005
88.49225465195602 136.8951784979303
88.52233027449837 77.19938523705618
88.5524058970407 77.69560358998211
88.58248151958307 129.27639094337516
88.61255714212541 239.97227332219177
88.64263276466774 462.58350532452783
88.6727083872101 884.6174807547496
88.70278400975245 1540.5686904771535
88.73285963229479 2322.46985598138
88.76293525483713 2994.514451420744
88.79301087737949 3326.917165628015
88.82308649992183 3246.147914577587
88.85316212246417 2858.5761548104415
88.88323774500653 2333.4410180927493
88.91331336754887 1790.0421040617375
88.94338899009122 1283.2638485321759
88.97346461263356 839.6268900229837
89.0035402351759 479.5857941837489
89.03361585771826 218.31827182414
89.0636914802606 64.64255445778585
89.09376710280294 26.326585473088617
89.12384272534531 103.66473132348628
89.15391834788765 257.72802110337466
89.18399397042998 391.90081460614607
89.21406959297234 402.52300546200325
89.24414521551468 273.93900790768055
89.27422083805702 117.73689461053019
89.30429646059937 100.29850126849205
89.33437208314172 316.7404817577959
89.36444770568406 721.4661709019841
89.39452332822641 1164.7858197679332
89.42459895076877 1485.2506919080847
89.45467457331112 1576.856934983144
89.48475019585345 1415.054893741475
89.5148258183958 1074.7492085465087
89.54490144093815 726.592181481755
89.57497706348047 557.105747713106
89.60505268602284 631.4034634524369
89.63512830856519 828.55464376492
89.66520393110753 951.0395717157246
89.69527955364988 928.6058936996013
89.72535517619222 902.1782623340471
89.75543079873457 1076.303868067686
89.78550642127693 1508.4385300234155
89.81558204381926 2062.495160806058
89.84565766636162 2503.8377872238084
89.87573328890397 2614.539645641896
89.9058089114463 2291.0059378245805
89.93588453398866 1591.180830812896
89.965960156531 752.1829871377245
89.99603577907334 221.1045187455908
90.0261114016157 559.850824934
90.05618702415804 2083.9947100952686
90.08626264670035 4492.49722270746
90.11633826924272 6912.027090142688
90.14641389178509 8354.415598655689
90.17648951432739 8234.087543307962
90.20656513686976 6659.906178274766
90.23664075941213 4337.281950791256
90.26671638195447 2121.456242777989
90.2967920044968 603.1081699743629
90.32686762703915 10.910978675169723
90.3569432495815 279.20317236714646
90.38701887212385 1104.310451136432
90.41709449466617 2028.0796139761449
90.44717011720854 2588.917369559227
90.47724573975088 2508.1398490947704
90.50732136229321 1837.9510368680817
90.53739698483558 947.1493942942467
90.56747260737792 301.7544091694242
90.59754822992025 192.19352697974435
90.6276238524626 578.274188787067
90.65769947500496 1106.4695411724704
90.68777509754733 1319.570284851702
90.71785072008963 998.6018302676467
90.747926342632 383.54820245906967
90.77800196517437 19.765135339639144
90.80807758771667 319.2907643096099
90.83815321025904 1237.677517008298
90.8682288328014 2353.068979035191
90.8983044553437 3221.8247196847174
90.92838007788608 3621.4876045840256
90.95845570042844 3479.7536332796144
90.98853132297076 2763.989544243571
91.01860694551311 1701.6189751783288
91.04868256805545 1186.4378344072409
91.0787581905978 2734.040280537204
91.10883381314017 7515.576848897787
91.13890943568249 14989.60707304664
91.16898505822483 22563.004035990634
91.1990606807672 26988.441112803102
91.22913630330953 26385.439168034936
91.25921192585187 21226.18701044569
91.28928754839424 13830.461221038908
91.31936317093657 6982.8711184374215
91.34943879347891 2488.4783303240138
91.37951441602128 618.1055077445085
91.40959003856362 672.0317425312832
91.43966566110595 1691.0450375369692
91.46974128364832 2711.750622149432
91.49981690619066 2949.517153365812
91.52989252873299 2159.481829990997
91.55996815127536 861.4226718858328
91.59004377381768 41.24562204010256
91.62011939636004 379.513090362958
91.6501950189024 1624.9649663934474
91.68027064144472 2763.275287947829
91.71034626398708 2903.233239559522
91.74042188652945 2019.9139976939227
91.77049750907176 855.2874409301803
91.80057313161413 189.4840307691928
91.83064875415648 222.68583645988
91.8607243766988 574.6618783784745
91.89079999924115 775.7658335276685
91.92087562178352 680.5294368730481
91.95095124432585 451.49396850813906
91.98102686686819 286.5820022154508
92.01110248941055 244.72246050219613
92.0411781119529 302.8985559990558
92.07125373449523 484.0221366673134
92.10132935703759 847.8001253665132
92.13140497957994 1373.8971009784807
92.16148060212227 1930.6489822499548
92.19155622466462 2394.159126449768
92.22163184720698 2786.772901073909
92.2517074697493 3261.864617382355
92.28178309229166 3897.365279753574
92.311858714834 4487.917969885877
92.34193433737636 4598.883048456114
92.37200995991871 3908.779436656556
92.40208558246104 2554.2045097990526
92.4321612050034 1133.000108404914
92.46223682754577 294.81810551291153
92.49231245008808 253.90725791582628
92.52238807263043 665.03368849067
92.5524636951728 958.354899575697
92.58253931771512 826.6463398477574
92.61261494025747 433.08930628983813
92.64269056279984 165.7243975917957
92.67276618534217 229.13659622368175
92.70284180788451 494.5881799600237
92.73291743042687 696.3635447894043
92.7629930529692 702.3939551172908
92.79306867551155 570.5368633820177
92.8231442980539 406.06409528581247
92.85321992059625 260.2877920497674
92.88329554313859 182.29377588695212
92.91337116568094 269.48070975713114
92.94344678822328 559.1962347854289
92.97352241076565 879.3330279189371
93.00359803330798 920.4763341806083
93.03367365585032 575.7317951618445
93.06374927839268 200.0518307352401
93.093824900935 409.27847238792657
93.12390052347736 1538.9858078541952
93.15397614601972 3253.3029737936504
93.18405176856204 4703.017634423041
93.2141273911044 5163.367313620191
93.24420301364675 4528.53657896308
93.2742786361891 3220.6932740894313
93.30435425873144 1790.37171542559
93.33442988127379 658.6962611699023
93.36450550381613 107.7377213090878
93.3945811263585 326.82796457662664
93.42465674890083 1336.717968626982
93.45473237144317 2888.732542137958
93.48480799398553 4558.77287457924
93.51488361652787 6014.63423904064
93.54495923907022 7153.765788422899
93.57503486161256 7965.730351256321
93.60511048415489 8346.871477274017
93.63518610669726 8109.0145748154755
93.6652617292396 7202.119431074359
93.69533735178193 5921.842114898192
93.7254129743243 4771.172976283667
93.75548859686664 4037.8716085475767
93.78556421940898 3575.1237830522346
93.81563984195132 3037.424302487391
93.8457154644937 2269.93893660754
93.87579108703602 1413.7373570769391
93.90586670957836 686.8461125166458
93.93594233212072 200.1006170675804
93.96601795466307 24.990192238481427
93.99609357720541 313.8296255637142
94.02616919974776 1198.9945547045795
94.05624482229011 2486.962313687699
94.08632044483245 3543.899274510601
94.1163960673748 3715.187623794812
94.14647168991715 2894.124095335954
94.17654731245949 1597.6013515979848
94.20662293500185 535.3268335921197
94.23669855754417 87.48688597450122
94.26677418008653 152.44168816253375
94.29684980262888 502.8441309821188
94.32692542517121 1103.539970093873
94.35700104771357 2000.013761538249
94.38707667025592 3054.1141325072335
94.41715229279825 3775.1194800055646
94.4472279153406 3578.629220359777
94.47730353788296 2447.517388953707
94.5073791604253 1067.644607104646
94.53745478296764 192.2795245731471
94.56753040551001 84.23003909549607
94.59760602805234 512.7285259251963
94.62768165059468 1020.8097494128912
94.65775727313704 1258.1517833469968
94.68783289567936 1141.1541581939205
94.71790851822175 771.0554523267364
94.74798414076407 367.016327550196
94.7780597633064 214.98011845072548
94.80813538584877 495.5722277964738
94.83821100839111 1105.0124267125964
94.86828663093344 1684.010774139559
94.89836225347582 1917.8521856600664
94.92843787601817 1873.404409553508
94.95851349856048 1995.7285267485804
94.98858912110285 2679.8937004852064
95.0186647436452 3831.229345227732
95.04874036618752 4885.31550947456
95.07881598872989 5241.8158381440235
95.10889161127223 4684.213629549831
95.13896723381455 3469.379664391408
95.16904285635692 2086.1916539057206
95.19911847889927 941.5214287123267
95.22919410144162 236.2608214591833
95.25926972398396 36.846992606703
95.2893453465263 364.83564109819457
95.31942096906866 1221.1061063727248
95.34949659161101 2600.0724397113295
95.37957221415334 4497.324318912429
95.40964783669568 6805.98416016975
95.43972345923805 9116.147214060915
95.46979908178037 10677.187760954643
95.49987470432272 10711.6403281242
95.52995032686509 8924.919621726225
95.56002594940739 5849.669705482514
95.59010157194976 2678.8742285102635
95.62017719449213 579.8243607969947
95.65025281703448 5.758609847502984
95.6803284395768 547.4129355939003
95.71040406211917 1360.7652759184882
95.74047968466151 1772.9226983070776
95.77055530720385 1609.3852239094765
95.8006309297462 1097.2126284916208
95.83070655228855 562.6054995975265
95.86078217483087 202.21444684828697
95.89085779737323 39.38315143200913
95.92093341991558 9.676989572644896
95.95100904245793 59.52826963599432
95.98108466500025 181.36969242969323
96.01116028754262 379.21506311882973
96.04123591008496 611.775411927311
96.07131153262735 778.7214890329523
96.10138715516966 785.6935669855732
96.131462777712 651.7096126855826
96.16153840025437 567.8579876573621
96.19161402279668 836.9814941411652
96.22168964533904 1709.5747399079144
96.25176526788141 3224.1751434857247
96.28184089042371 5163.476803831315
96.31191651296608 7127.682548645519
96.34199213550845 8650.90045751623
96.37206775805075 9312.772819801388
96.40214338059312 8841.637557595379
96.43221900313549 7230.333400378091
96.46229462567779 4846.352773736361
96.49237024822017 2410.813851751483
96.52244587076252 737.2027004759168
96.55252149330484 322.26666829395845
96.5825971158472 1039.3468060636471
96.61267273838953 2174.419989632053
96.64274836093189 2868.5768193774497
96.67282398347425 2700.9302226225686
96.70289960601657 1972.836298990544
96.73297522855891 1482.831404048542
96.76305085110128 1940.1044797450704
96.79312647364361 3420.961546313419
96.82320209618595 5301.673581844218
96.85327771872832 6705.847308366358
96.88335334127066 7039.069724051848
96.91342896381299 6223.353409816781
96.94350458635537 4616.108879020795
96.9735802088977 2781.8188780157247
97.00365583144003 1242.8657144458723
97.0337314539824 308.2786007515588
97.06380707652474 10.14072522165998
97.09388269906707 106.22712981765363
97.12395832160944 222.78816316973567
97.15403394415176 160.19839263976766
97.18410956669412 77.96326497767349
97.21418518923647 294.72124946895866
97.2442608117788 847.5629681524789
97.27433643432116 1294.7821622107983
97.30441205686353 1113.6461308598682
97.33448767940585 421.384656854998
97.36456330194821 286.72269448324494
97.39463892449056 2154.903198000832
97.42471454703289 6688.425616138395
97.45479016957523 12948.231232402057
97.4848657921176 18664.94968891928
97.51494141465993 21495.89669505569
97.54501703720227 20372.019467543792
97.57509265974463 15982.023184241029
97.60516828228698 10236.762687675873
97.63524390482931 5315.089568164131
97.66531952737166 2829.551422043312
97.69539514991402 3290.11528132206
97.72547077245635 5966.265423887348
97.75554639499872 9237.651909446258
97.78562201754106 11362.485327343857
97.81569764008341 11320.874648297178
97.84577326262576 9224.183843426496
97.87584888516808 6058.044603958859
97.90592450771044 3030.849339285719
97.9360001302528 984.6553836261741
97.96607575279512 142.33978749168986
97.99615137533748 192.71349884106033
98.02622699787985 565.8841397669065
98.05630262042216 750.4016657076662
98.08637824296451 544.1066257252414
98.11645386550688 149.6916001026389
98.1465294880492 47.12983026708336
98.17660511059155 676.9988278429673
98.20668073313391 2121.132565485153
98.23675635567625 3985.0714316340286
98.26683197821859 5558.266750057584
98.29690760076095 6175.54168062789
98.32698322330327 5562.5190305368815
98.35705884584563 3955.6117694156433
98.38713446838798 1993.9184450133876
98.41721009093033 475.56164263476177
98.44728571347267 15.199512499725476
98.47736133601502 721.8036924678091
98.50743695855736 2118.9835660094054
98.53751258109973 3406.08279215382
98.56758820364206 3921.7140674634247
98.5976638261844 3510.115918090308
98.62773944872676 2524.2524807517116
98.65781507126908 1489.0887750503975
98.68789069381144 743.2595642114744
98.7179663163538 331.8737088749385
98.74804193889612 135.22422043254477
98.77811756143848 47.95241986658973
98.80819318398083 63.02364782290252
98.83826880652317 238.3075242169899
98.86834442906552 618.1562584229523
98.89842005160787 1174.3463957568847
98.92849567415021 1780.7630009176323
98.95857129669258 2232.7960740388153
98.98864691923491 2326.294762531965
99.01872254177727 1988.4957013609649
99.0487981643196 1389.5946146155138
99.07887378686193 901.7706048021425
99.1089494094043 867.0097632171448
99.13902503194664 1345.6633507807967
99.16910065448897 2067.6127333688255
99.19917627703134 2621.905439173648
99.22925189957368 2726.151194069776
99.25932752211601 2383.5771940958
99.28940314465838 1839.3982830519783
99.31947876720072 1394.9144753774196
99.34955438974306 1222.5844896332915
99.3796300122854 1296.3019975142104
99.40970563482777 1459.467374474806
99.43978125737011 1563.228242450628
99.46985687991244 1562.9579399105287
99.4999325024548 1506.767005874066
99.53000812499715 1448.450788458535
99.5600837475395 1378.2636250556975
99.59015937008184 1236.8490078890316
99.62023499262419 990.0852428132429
99.65031061516653 689.2009732613195
99.68038623770887 464.6327943593368
99.71046186025123 458.65691102602017
99.74053748279357 741.5891737835974
99.77061310533593 1262.884422211826
99.80068872787825 1867.919499212784
99.83076435042061 2376.731991686416
99.86083997296296 2683.724003524413
99.89091559550529 2810.627878353613
99.92099121804765 2857.1706824825387
99.95106684059 2877.801109164668
99.98114246313233 2806.315573898722
100.01121808567468 2517.9611144593864
100.04129370821704 1981.487809163341
100.07136933075938 1364.0546884990058
100.10144495330172 962.53614102066
100.13152057584408 963.6718322790397
100.1615961983864 1245.0687496321596
100.19167182092876 1448.0569860429828
100.22174744347112 1275.9752776317587
100.25182306601344 747.7871322660164
100.2818986885558 198.92650268930183
100.31197431109815 33.03727325065887
100.34204993364048 424.99371653506023
100.37212555618284 1206.9917521908824
100.4022011787252 1995.1165883137503
100.43227680126752 2428.335571048844
100.46235242380988 2351.7470133526604
100.49242804635225 1848.851398103812
100.52250366889456 1148.3298131980057
100.55257929143691 512.3638612275794
100.58265491397925 173.1393465527686
100.61273053652162 286.32810011350995
100.64280615906397 855.148931961923
100.6728817816063 1660.880431995393
100.70295740414866 2302.2901397453284
100.733033026691 2406.107073803727
100.76310864923335 1913.5497264066737
100.7931842717757 1202.1691325408412
100.82325989431804 864.01784088696
100.85333551686038 1232.2341296446539
100.88341113940272 2037.922352412028
100.91348676194508 2594.86847913294
100.94356238448742 2429.3407781558726
100.97363800702976 1740.4783238650728
101.00371362957212 1222.7263676761215
101.03378925211447 1426.6101416293407
101.0638648746568 2246.793139342345
101.09394049719916 3002.9192577505537
101.12401611974153 3044.298383949484
101.15409174228384 2307.5499542341927
101.1841673648262 1304.1878648231966
101.21424298736856 602.2898417248472
101.24431860991088 369.6729210165991
101.27439423245325 390.16511279887976
101.30446985499557 402.9861991426384
101.33454547753792 348.4392886201045
101.36462110008029 316.5562384794835
101.39469672262263 351.26182637038585
101.42477234516495 377.19008535368187
101.45484796770732 312.1942121605073
101.48492359024966 192.55778650102076
101.514999212792 146.01220070523283
101.54507483533436 254.3951724430569
101.5751504578767 473.7314121038676
101.60522608041904 685.4767960856393
101.6353017029614 798.1994957685295
101.66537732550374 794.0094361077763
101.69545294804608 713.7086101128632
101.72552857058844 636.790611608064
101.75560419313076 666.5052078761177
101.78567981567312 885.4696588203144
101.81575543821548 1280.2066818431567
101.8458310607578 1701.077932841551
101.87590668330016 1923.1762212925044
101.90598230584251 1781.6527642627502
101.93605792838484 1286.4236906871083
101.9661335509272 638.181319445718
101.99620917346957 138.36565295583347
102.02628479601188 50.669590920193926
102.05636041855423 477.1211897650936
102.0864360410966 1286.411200747356
102.11651166363892 2136.9769001210902
102.14658728618129 2638.258463808794
102.17666290872361 2590.750744943656
102.20673853126596 2110.7242916534924
102.23681415380833 1512.8799803947263
102.26688977635067 1064.4411511756769
102.29696539889302 838.1221417537279
102.32704102143536 761.1657498646872
102.3571166439777 760.555407568265
102.38719226652006 841.1468522667326
102.4172678890624 1033.7866326315511
102.44734351160474 1307.4533405003424
102.47741913414708 1575.3197683145906
102.50749475668944 1786.578259751748
102.53757037923178 1966.1734092122376
102.56764600177412 2136.585004975125
102.59772162431648 2250.2006152533495
102.6277972468588 2267.048712458243
102.65787286940116 2296.5707566314168
102.68794849194352 2601.014523284431
102.71802411448589 3386.953232084086
102.7480997370282 4559.827128074222
102.77817535957055 5688.32250731149
102.8082509821129 6229.256118674898
102.83832660465524 5868.816104825072
102.8684022271976 4731.9743831634
102.89847784973993 3261.3170751190887
102.92855347228227 1901.8363979908468
102.95862909482464 907.582944990016
102.98870471736699 333.0306209558185
103.01878033990933 97.86351675285054
103.04885596245165 65.94637221697295
103.07893158499402 106.9829081280786
103.10900720753637 130.856976246376
103.13908283007872 106.847507653944
103.16915845262106 58.44472060804335
103.1992340751634 32.2145618565644
103.22930969770576 69.98371967245902
103.2593853202481 195.01059854242203
103.28946094279044 390.55126022770713
103.3195365653328 576.1936869331861
103.34961218787512 629.5618072375984
103.37968781041748 476.7096286752069
103.40976343295983 199.89188961928195
103.43983905550216 45.84462743509836
103.46991467804452 263.5646765943809
103.49999030058687 873.9253749847466
103.5300659231292 1580.0183510491343
103.56014154567156 1944.2762155854073
103.59021716821393 1724.7924809944254
103.62029279075624 1073.4540245322712
103.6503684132986 409.3943774352338
103.68044403584094 93.76928354779784
103.71051965838328 185.02947926689632
103.74059528092565 459.5800840394773
103.77067090346797 664.0144247063444
103.80074652601031 751.9439348848302
103.83082214855268 869.3423106209482
103.86089777109503 1133.5002806987548
103.89097339363737 1468.595074623514
103.92104901617972 1660.27736424486
103.95112463872206 1563.1300264676984
103.9812002612644 1266.9715188469638
104.01127588380676 1044.033450184066
104.0413515063491 1096.3127080030797
104.07142712889144 1354.2995353318247
104.1015027514338 1534.2821908765695
104.13157837397614 1386.2390217151449
104.16165399651848 908.5615563144771
104.19172961906084 362.71957040300504
104.22180524160316 79.12658820804542
104.25188086414552 221.5536601436561
104.28195648668787 695.5677142195872
104.3120321092302 1228.1509873753512
104.34210773177256 1531.3595634466187
104.37218335431491 1452.1399760997897
104.40225897685725 1044.3730571514989
104.4323345993996 533.7938186334851
104.46241022194197 185.50000412236815
104.4924858444843 141.8621895397371
104.52256146702663 330.7773804534403
104.55263708956898 526.7428809010269
104.58271271211134 535.8290549393582
104.61278833465369 355.8834395181339
104.64286395719601 191.37152484837048
104.67293957973838 308.478742294839
104.70301520228072 837.041462024884
104.73309082482307 1681.6987832375185
104.76316644736542 2587.395034942265
104.79324206990776 3284.172570440581
104.82331769245012 3623.6408055007023
104.85339331499245 3630.0084434318974
104.8834689375348 3433.8082426098326
104.91354456007716 3144.2832313073627
104.94362018261948 2775.412187927396
104.97369580516184 2295.7648387112654
105.0037714277042 1733.7054909247577
105.03384705024652 1207.2977907930094
105.06392267278888 852.5821120784035
105.09399829533125 740.6833905326198
105.12407391787356 876.8829731428432
105.15414954041591 1276.7550135522315
105.18422516295828 1994.552738626126
105.2143007855006 2995.666833827345
105.24437640804295 3966.509084057247
105.2744520305853 4347.284482589056
105.30452765312764 3722.424045450729
105.33460327567 2247.563231856588
105.36467889821235 692.0235266468387
105.39475452075467 6.585625958944929
105.42483014329704 635.0734544924665
105.45490576583938 2110.257540114897
105.48498138838173 3397.787080144508
105.51505701092408 3686.572526235004
105.54513263346642 2916.7616402134727
105.57520825600876 1685.7749322240238
105.60528387855112 701.8311682882804
105.63535950109346 295.7052781155501
105.6654351236358 343.8550876076173
105.69551074617816 526.9780669606405
105.72558636872049 619.1391602378386
105.75566199126284 573.9280794254987
105.7857376138052 448.5842817733901
105.81581323634752 316.96899975272186
105.84588885888988 230.2233711319228
105.87596448143223 226.6511377830819
105.90604010397456 360.4248005386672
105.93611572651692 709.1514157533231
105.96619134905929 1333.5930002746557
105.9962669716016 2197.328629324363
106.02634259414396 3093.1131012628584
106.05641821668632 3680.724758323616
106.08649383922867 3738.0087242862255
106.116569461771 3418.8761951122096
106.14664508431333 3188.543404678224
106.1767207068557 3488.500873141957
106.20679632939805 4406.285868327272
106.23687195194039 5590.171008834112
106.26694757448274 6511.083682182048
106.29702319702508 6839.852465149664
106.32709881956742 6598.32572965174
106.35717444210978 6021.9709254623085
106.38725006465212 5335.257782206894
106.41732568719446 4664.556295414573
106.4474013097368 4085.989526766652
106.47747693227916 3673.7115588052657
106.50755255482152 3506.8703770641414
106.53762817736384 3648.7054143858736
106.5677037999062 4089.465151345599
106.59777942244855 4666.502125637027
106.62785504499088 5043.164151697453
106.65793066753324 4847.236143251264
106.6880062900756 3930.549458370528
106.71808191261792 2532.0986273943727
106.74815753516027 1185.1232593735115
106.77823315770262 406.16391763922496
106.80830878024496 362.4763584015644
106.83838440278733 789.5043365488401
106.86846002532965 1225.7440046301167
106.898535647872 1343.1715539190163
106.92861127041436 1125.3949286485927
106.9586868929567 782.8324801318889
106.98876251549903 526.8450407557035
107.0188381380414 438.5130037825352
107.04891376058374 477.8821545805191
107.07898938312609 549.1534893674065
107.10906500566844 570.5221706141947
107.13914062821078 532.8877944297959
107.16921625075312 540.0504255389203
107.19929187329548 769.643553751911
107.22936749583782 1318.564543750313
107.25944311838016 2047.0858002500445
107.28951874092252 2600.208029041779
107.31959436346484 2638.508853061197
107.3496699860072 2095.036108554721
107.37974560854956 1240.1764009567387
107.40982123109188 486.87613563789705
107.43989685363424 87.3244326843702
107.4699724761766 1.443971889527308
107.50004809871892 40.84827436654023
107.53012372126128 94.40131769298831
107.56019934380365 203.64294695795948
107.59027496634596 461.5150831541149
107.62035058888831 884.0597107825581
107.65042621143066 1385.7732636354488
107.680501833973 1851.1093704346551
107.71057745651537 2196.0422766111355
107.7406530790577 2356.6074587645912
107.77072870160006 2267.734358002688
107.8008043241424 1907.075504949668
107.83087994668475 1368.6384906266755
107.8609555692271 861.7352457866026
107.89103119176944 591.489887557688
107.92110681431178 608.2160217486546
107.95118243685413 759.8366230669344
107.98125805939648 811.9155031703348
108.01133368193882 661.2924464130674
108.04140930448116 451.96149115344
108.07148492702352 472.7580787184675
108.10156054956587 921.257669538669
108.1316361721082 1723.8407505308023
108.16171179465056 2544.8041543048685
108.19178741719293 2992.118792256984
108.22186303973524 2887.044660324911
108.2519386622776 2369.8020703284
108.28201428481997 1740.9927428005728
108.31208990736228 1216.5050086222539
108.34216552990463 825.4358395191798
108.37224115244697 491.6991413381157
108.40231677498932 192.40161884003987
108.43239239753169 30.926686259997492
108.46246802007401 129.0193820938986
108.49254364261635 458.15884102710527
108.52261926515872 815.9887133802326
108.55269488770107 974.0996073473776
108.5827705102434 855.4773033260944
108.61284613278576 584.7615333690701
108.6429217553281 356.8628060345919
108.67299737787044 258.00506342392305
108.7030730004128 233.23403281305
108.73314862295514 210.8509856660393
108.76322424549748 215.14895242033217
108.79329986803984 330.30918882753707
108.82337549058217 557.046878160638
108.85345111312452 742.9839287523997
108.88352673566688 711.521810472401
108.9136023582092 485.36550951182454
108.94367798075156 353.45605319667976
108.97375360329391 656.0263224991362
109.00382922583624 1444.1989529182672
109.0339048483786 2338.4586666419423
109.06398047092097 2773.6844108010846
109.09405609346328 2455.5511029577865
109.12413171600564 1612.1587720014231
109.154207338548 785.0341394784452
109.18428296109032 369.9957539501172
109.21435858363267 372.4564465998495
109.24443420617501 584.8027777318625
109.27450982871736 951.8504167972465
109.30458545125973 1702.2000374830927
109.33466107380205 3069.569526326009
109.36473669634442 4874.105044173978
109.39481231888676 6427.394836677103
109.4248879414291 6954.387507937838
109.45496356397146 6181.243616287127
109.4850391865138 4533.193643423126
109.51511480905614 2805.943686443726
109.54519043159848 1634.0900830119804
109.57526605414084 1166.9245527356989
109.60534167668318 1153.1447660015758
109.63541729922552 1265.2549645961965
109.66549292176788 1330.5807069551863
109.6955685443102 1352.6258043328567
109.72564416685256 1427.8122436707536
109.75571978939492 1659.7131359567031
109.78579541193729 2096.537719155799
109.8158710344796 2693.5359515205228
109.84594665702195 3321.8461176959067
109.87602227956432 3837.002599737689
109.90609790210664 4150.8328375135725
109.936173524649 4236.234134397906
109.96624914719133 4091.402247125136
109.99632476973368 3724.3827660057527
110.02640039227605 3160.9806641153873
110.05647601481839 2469.500164481868
110.08655163736071 1779.0144583036952
110.11662725990305 1237.982560090078
110.14670288244542 932.9571626091157
110.17677850498777 852.6682853605864
110.20685412753012 924.7655548141277
110.23692975007246 1073.2958509804384
110.2670053726148 1240.105075490626
110.29708099515716 1372.9617802493883
110.3271566176995 1424.5976502515355
110.35723224024184 1376.3410542885758
110.3873078627842 1254.3186547744167
110.41738348532652 1110.48741625972
110.44745910786888 989.8718611060742
110.47753473041124 926.025165738565
110.50761035295356 956.4072981079782
110.53768597549592 1121.0146688878003
110.56776159803827 1445.225708985648
110.5978372205806 1919.19552956233
110.62791284312296 2474.9418563730806
110.65798846566533 2988.536692476928
110.68806408820764 3332.3503626208644
110.71813971075 3442.397490618818
110.74821533329236 3343.179392064444
110.77829095583468 3117.2005163130875
110.80836657837705 2857.271782042494
110.83844220091937 2637.6782972684127
110.86851782346172 2499.7757115790646
110.89859344600409 2445.103212183724
110.92866906854643 2444.2277778667444
110.95874469108875 2446.502221031061
110.98882031363112 2387.6135551205366
111.01889593617346 2229.599015831444
111.04897155871582 2005.1431781503184
111.07904718125816 1795.8106491326935
111.1091228038005 1679.3679303406268
111.13919842634284 1718.9108391701675
111.1692740488852 1973.1500426103876
111.19934967142754 2467.206690230544
111.22942529396988 3112.2090916704724
111.25950091651224 3643.485849240613
111.28957653905456 3691.239823721005
111.31965216159692 3025.916083315493
111.34972778413928 1828.4184555654008
111.3798034066816 707.1819675640147
111.40987902922396 347.22701037230746
111.43995465176631 997.5653073439261
111.47003027430866 2208.193251670541
111.500105896851 3128.37060141226
111.53018151939337 3172.5967649110808
111.5602571419357 2460.05176748338
111.59033276447803 1680.24117095568
111.6204083870204 1512.7793285742787
111.65048400956275 2045.7473377474669
111.68055963210509 2718.8723524689726
111.71063525464741 2855.4343604055102
111.74071087718978 2239.712056067745
111.77078649973213 1258.00824928545
111.80086212227447 586.6621905986923
111.83093774481682 699.5294283915712
111.86101336735916 1567.9468635377496
111.89108898990152 2770.393136935329
111.92116461244386 3851.214676612079
111.9512402349862 4602.857010527769
111.98131585752856 5095.825922319128
112.01139148007088 5467.826927545746
112.04146710261324 5654.279605469801
112.0715427251556 5347.964221931797
112.10161834769792 4291.178376324316
112.13169397024028 2641.683429064696
112.16176959278263 1037.6763834166345
112.19184521532496 235.84898218364705
112.22192083786732 574.8176345379176
112.25199646040969 1704.3354138244576
112.282072082952 2816.3320540521954
112.31214770549435 3200.3730291729353
112.3422233280367 2695.086526309896
112.37229895057904 1695.9824410342528
112.4023745731214 765.2555611138778
112.43245019566373 228.76060754490152
112.46252581820607 68.64480254641245
112.49260144074844 85.81714128294878
112.52267706329079 111.11559991017
112.55275268583313 94.340625069445
112.58282830837548 66.18801277653188
112.61290393091782 68.87998254901635
112.64297955346017 123.6143517206634
112.67305517600252 230.8670040307908
112.70313079854486 375.77769159322594
112.7332064210872 539.2598764959653
112.76328204362956 721.5915949470173
112.7933576661719 951.0710528864848
112.82343328871424 1251.0013560299715
112.8535089112566 1591.676739029384
112.88358453379892 1880.6604554675152
112.91366015634128 2005.564479639189
112.94373577888364 1893.4310724284808
112.97381140142596 1544.4215152654435
113.00388702396832 1034.554490794248
113.03396264651067 504.4531622081092
113.064038269053 124.95002925690824
113.09411389159536 28.25864704079777
113.12418951413773 234.33411227711343
113.15426513668007 622.478863035378
113.1843407592224 990.8980891804914
113.21441638176474 1190.5933295744733
113.2444920043071 1220.2080274580308
113.27456762684945 1180.550515764715
113.30464324939177 1145.5940146843884
113.33471887193414 1087.0441387791811
113.36479449447648 918.569212894896
113.39487011701883 616.3465032386433
113.42494573956118 282.40363826909606
113.45502136210352 64.64834132430438
113.48509698464586 29.32201277844259
113.5151726071882 127.75234230984874
113.54524822973056 267.70128553659384
113.57532385227292 399.391377335626
113.60539947481524 533.0891014997022
113.6354750973576 686.6367281732029
113.66555071989995 841.2168976871262
113.69562634244228 964.0257221419514
113.72570196498464 1058.9125053507314
113.755777587527 1168.0660870710449
113.78585321006932 1316.194231430138
113.81592883261168 1458.0128414566636
113.84600445515404 1494.013312096468
113.87608007769636 1363.000687930638
113.90615570023871 1125.2735157871189
113.93623132278105 937.6267304229875
113.9663069453234 940.2907252858125
113.99638256786577 1161.3366911442995
114.0264581904081 1504.0217784553083
114.05653381295043 1807.632367248117
114.0866094354928 1933.7948919346225
114.11668505803515 1824.9180600418008
114.14676068057749 1508.1911576382136
114.17683630311984 1065.5441116126767
114.20691192566218 609.1222142788039
114.23698754820452 273.0203111251392
114.26706317074688 195.8575256955725
114.29713879328922 475.2108791556676
114.32721441583156 1115.9540580449573
114.35729003837392 2014.3598198371633
114.38736566091625 2994.344691301824
114.4174412834586 3855.8232006077674
114.44751690600096 4381.911459662264
114.47759252854328 4352.400367616597
114.50766815108564 3659.7442160924465
114.537743773628 2475.0409489907806
114.56781939617032 1286.0999122753067
114.59789501871268 700.3545817374479
114.62797064125505 1078.2773064980245
114.65804626379736 2238.194839231167
114.68812188633972 3495.216815037208
114.71819750888208 4068.5498773452136
114.7482731314244 3584.9747156690155
114.77834875396675 2302.4590706512495
114.8084243765091 915.6101373736153
114.83849999905146 119.49839192964592
114.8685756215938 213.55579878630937
114.89865124413615 979.9870687473046
114.9287268666785 1878.1442426132048
114.95880248922084 2376.9174644099476
114.98887811176319 2238.1677339337643
115.01895373430554 1607.6492947660963
115.04902935684788 850.9752769825022
115.07910497939022 297.51993117254125
115.10918060193256 87.03443983517404
115.13925622447492 153.79584262534007
115.16933184701726 324.26287107415806
115.1994074695596 454.959179732376
115.22948309210196 499.2080340062362
115.25955871464431 482.67598457058415
115.28963433718664 450.0186940378948
115.319709959729 429.26832299566047
115.34978558227137 422.1418637913064
115.37986120481368 410.3777271487382
115.40993682735603 371.7571931382568
115.44001244989838 304.6646334232355
115.47008807244072 244.90604460183204
115.50016369498309 247.63520953347697
115.53023931752541 334.45548343056174
115.56031494006776 451.2433849808828
115.59039056261012 493.70414125641616
115.62046618515247 399.33940024292286
115.6505418076948 223.78145368469268
115.68061743023716 120.53201556724608
115.7106930527795 228.2979737850876
115.74076867532185 554.8884802592261
115.7708442978642 962.8076812842484
115.80091992040654 1272.5226252444895
115.83099554294888 1388.2426062516388
115.86107116549124 1344.1639630531035
115.89114678803358 1246.6647618676348
115.92122241057592 1167.4535440036855
115.95129803311828 1082.2552419079802
115.9813736556606 914.014885883968
116.01144927820296 641.110583623073
116.04152490074532 364.70834393959086
116.07160052328764 260.79368608309846
116.10167614583 445.2501907301237
116.13175176837235 873.2509076218208
116.16182739091468 1372.3544766717723
116.19190301345704 1778.9295870410592
116.2219786359994 2053.1259528559885
116.25205425854172 2265.7666336614875
116.28212988108407 2469.9025343075205
116.31220550362644 2602.3100258849263
116.34228112616876 2532.0939223504606
116.37235674871113 2198.808541136665
116.40243237125345 1688.5429375505491
116.43250799379582 1172.7300707974616
116.46258361633816 776.4050740682483
116.4926592388805 511.25254934282464
116.52273486142286 336.9655598235008
116.5528104839652 269.27109657901394
116.58288610650754 399.09242904379056
116.61296172904989 804.1503532490112
116.64303735159224 1458.983959697997
116.67311297413458 2226.5492401848587
116.70318859667692 2911.8115662903106
116.73326421921928 3306.901022120529
116.76333984176162 3234.741294212865
116.79341546430396 2648.6836440673055
116.82349108684632 1715.6467391786716
116.85356670938867 768.1299863648812
116.883642331931 145.58305057590215
116.91371795447336 13.605626000826186
116.94379357701573 284.78054590709826
116.97386919955804 743.0398637968275
117.0039448221004 1246.1597994905535
117.03402044464274 1769.07906702755
117.06409606718508 2277.215189193677
117.09417168972745 2623.710025957528
117.12424731226977 2615.111892049156
117.15432293481211 2201.4128323054206
117.18439855735448 1582.938242822934
117.21447417989683 1090.6680190298202
117.24454980243917 971.7652344231792
117.27462542498152 1278.23406791758
117.30470104752386 1869.9430032018793
117.3347766700662 2488.779992306311
117.36485229260856 2871.153782730626
117.3949279151509 2834.4323094442007
117.42500353769324 2344.7802178451893
117.4550791602356 1571.59098638381
117.48515478277793 823.6294337714521
117.51523040532028 341.33649465878227
117.54530602786264 142.21478080584563
117.57538165040496 109.84534232672993
117.60545727294732 215.72148490956647
117.63553289548967 573.2807674188219
117.665608518032 1215.2128352262027
117.69568414057436 1864.2949960323172
117.72575976311671 2044.4634494780971
117.75583538565904 1503.9605970599407
117.7859110082014 572.8683349918332
117.81598663074377 38.2509927611821
117.84606225328608 500.2855941903102
117.87613787582843 1801.4463901928225
117.90621349837078 3112.058160982825
117.93628912091312 3629.2551233625686
117.96636474345549 3215.829917858099
117.99644036599781 2316.541794631852
118.02651598854015 1407.535796929467
118.05659161108252 736.5683533971121
118.08666723362487 361.1148032801655
118.11674285616722 187.93078682465915
118.14681847870956 101.45262570208087
118.1768941012519 55.21869012489142
118.20696972379424 39.50169738416458
118.2370453463366 93.65258116687096
118.26712096887894 340.18023676277926
118.29719659142128 908.2533729436431
118.32727221396364 1767.271011060108
118.35734783650597 2652.936733603859
118.38742345904832 3199.5738854320048
118.41749908159068 3161.4594295357265
118.447574704133 2555.42966155916
118.47765032667536 1641.8265897511783
118.50772594921771 800.3152342961677
118.53780157176008 407.8394648290932
118.5678771943024 693.4445115472316
118.59795281684475 1563.1750807862315
118.6280284393871 2546.7072480079382
118.65810406192944 3011.4146915628326
118.6881796844718 2590.5355442075047
118.71825530701415 1515.5016874112364
118.74833092955647 512.7842455746144
118.77840655209882 267.53859155946617
118.80848217464118 903.1905065484633
118.83855779718353 1935.5393562011948
118.86863341972585 2692.563876414191
118.89870904226822 2827.255897817675
118.92878466481056 2502.9272252995206
118.95886028735292 2114.5613009765966
118.98893590989526 1897.852154957788
119.0190115324376 1821.9981358920527
119.04908715497996 1740.8051448156548
119.07916277752228 1560.1717198670788
119.10923840006464 1293.8276065267198
119.139314022607 1035.9400374803342
119.16938964514932 916.280118359561
119.19946526769168 1047.7125395349683
119.22954089023403 1448.076148108532
119.25961651277636 1979.2147104043145
119.28969213531872 2401.513550676752
119.31976775786109 2567.5807793277563
119.3498433804034 2630.169763396388
119.37991900294575 3027.791854069921
119.40999462548812 4134.209387903841
119.44007024803044 5865.570702473242
119.4701458705728 7644.105168930458
119.50022149311513 8728.719285608533
119.53029711565748 8649.663303343174
119.56037273819985 7471.362462775128
119.59044836074219 5698.444885707039
119.62052398328451 3919.6933829516
119.65059960582688 2501.495887415061
119.68067522836922 1525.5713859573552
119.71075085091157 916.1491368797264
119.74082647345392 581.2017232892417
119.77090209599626 457.3823060017917
119.8009777185386 480.0827233925109
119.83105334108096 558.1992440120946
119.8611289636233 596.7674930455456
119.89120458616564 543.5212516015414
119.921280208708 412.05782858635354
119.95135583125032 264.1735734906047
119.98143145379268 167.31674306128176
120.01150707633504 155.46038329438588
120.04158269887736 213.65163038233416
120.07165832141972 291.62674129303343
120.10173394396207 344.2191293233524
120.1318095665044 380.46952254698454
120.16188518904676 481.2242864532181
120.19196081158913 748.9073037202953
120.22203643413145 1203.7662344435687
120.2521120566738 1708.636751456714
120.28218767921616 2004.9827996699607
120.3122633017585 1865.8476970078664
120.34233892430083 1282.5942507159227
120.37241454684317 541.1044947154461
120.40249016938554 99.05579804543677
120.43256579192789 336.95946156544824
120.46264141447023 1326.8504675188865
120.49271703701258 2742.626736397659
120.52279265955492 3995.778162174837
120.55286828209726 4543.472758230921
120.58294390463962 4185.893092611137
120.61301952718196 3189.898467455596
120.64309514972432 2161.016926786111
120.67317077226664 1687.872110496291
120.703246394809 1947.527715804128
120.73332201735136 2600.0952426912177
120.76339763989368 3107.0495682649944
120.79347326243604 3154.231643723513
120.8235488849784 2787.454420398884
120.85362450752072 2225.4415710276894
120.88370013006308 1593.9126560416792
120.91377575260545 890.2089903839196
120.94385137514776 233.48592083568127
120.97392699769011 23.115093766529395
121.00400262023246 681.977315283146
121.0340782427748 2163.429955251702
121.06415386531717 3733.01800308992
121.0942294878595 4406.615640875779
121.12430511040183 3767.158704425356
121.1543807329442 2356.8565112220385
121.18445635548655 1259.1286322736498
121.21453197802887 1273.2907200453114
121.24460760057124 2374.142187785987
121.27468322311358 3852.173661522811
121.30475884565593 4912.780494186873
121.33483446819828 5167.15371237252
121.36491009074062 4701.810763936482
121.39498571328296 3838.154616738916
121.42506133582532 2873.524668080247
121.45513695836766 1987.625311810248
121.48521258091 1266.8760295241088
121.51528820345236 729.9864143780923
121.54536382599468 349.4797843128062
121.57543944853704 103.9937260074034
121.6055150710794 11.619138522387331
121.63559069362172 80.8864724144355
121.66566631616408 236.8519117734573
121.69574193870643 350.5661341163441
121.72581756124876 384.87286619047234
121.75589318379112 490.110990380311
121.78596880633349 889.8073666483122
121.8160444288758 1623.1177224537853
121.84612005141815 2403.7918996875
121.8761956739605 2786.8298354024723
121.90627129650287 2528.0427959866615
121.9363469190452 1793.271666044239
121.96642254158753 1017.7405519888558
121.9964981641299 577.8679854304285
122.02657378667224 585.829370181358
122.05664940921459 911.7702732464654
122.08672503175694 1309.5772736413871
122.11680065429928 1528.5016093013414
122.14687627684162 1402.3222358464504
122.17695189938397 950.2014755968988
122.20702752192632 430.9477441908347
122.23710314446866 198.10477698334913
122.267178767011 395.5893904639779
122.29725438955336 808.2183369005277
122.32733001209571 1064.6544020495169
122.35740563463804 1002.2279912512332
122.3874812571804 827.383289147449
122.41755687972277 899.3388626961276
122.44763250226508 1321.0565574101868
122.47770812480744 1768.8470342067296
122.5077837473498 1804.035256673624
122.53785936989212 1331.6129723446638
122.56793499243447 676.5859027940872
122.59801061497681 241.7385525942425
122.62808623751916 153.30891145372112
122.65816186006153 229.29010241891132
122.68823748260387 241.3013859627469
122.7183131051462 152.42468229365187
122.74838872768856 84.12463205642305
122.7784643502309 109.32636850639288
122.80853997277325 153.95519902929223
122.8386155953156 118.65920016910069
122.86869121785794 64.03901999925822
122.89876684040028 236.65020379123828
122.92884246294264 894.3195667544253
122.95891808548498 2096.605916000383
122.98899370802732 3611.2328080002594
123.01906933056968 4968.940625235346
123.049144953112 5657.428948603937
123.07922057565436 5383.416048078523
123.10929619819672 4258.746153225506
123.13937182073904 2778.942040895074
123.1694474432814 1559.6956681361416
123.19952306582375 974.0945486990437
123.22959868836608 946.9794648818571
123.25967431090844 1077.217248571154
123.2897499334508 1007.200818844872
123.31982555599312 709.7872980482492
123.34990117853548 433.4289868583052
123.37997680107785 415.1017138032968
123.41005242362016 672.5247693851438
123.44012804616251 1033.1944708615763
123.47020366870485 1304.5944364116062
123.50027929124722 1398.165126641998
123.53035491378957 1325.55729876517
123.5604305363319 1135.1952542750744
123.59050615887426 887.2372532281859
123.6205817814166 673.4060100653575
123.65065740395895 609.9677557007171
123.6807330265013 768.3401492654161
123.71080864904364 1102.8403035435615
123.74088427158598 1459.969402008742
123.77095989412832 1670.9986323593776
123.80103551667068 1646.3482019762123
123.83111113921302 1404.796024739654
123.86118676175536 1039.2738495187575
123.89126238429772 661.8143592340534
123.92133800684007 365.8419896907034
123.9514136293824 216.09122650986004
123.98148925192476 249.25862516264925
124.01156487446713 463.0018500488068
124.04164049700944 791.2145802560334
124.0717161195518 1093.8241096851743
124.10179174209416 1202.318324872976
124.13186736463648 1025.4426797735023
124.16194298717885 639.5876048909441
124.19201860972117 259.21493987927937
124.22209423226352 82.4637634129663
124.25216985480589 137.64898562296085
124.28224547734823 270.7483320778892
124.31232109989055 297.83700564270754
124.34239672243292 180.03771871566764
124.37247234497526 39.304668269762224
124.4025479675176 9.431374442876953
124.43262359005996 90.55431471900381
124.4626992126023 159.8625002467771
124.49277483514464 125.27440000252304
124.522850457687 38.85927087117403
124.55292608022934 34.82501106642351
124.58300170277168 177.00359792903927
124.61307732531404 389.8157540812828
124.64315294785636 543.901327263995
124.67322857039872 594.1161397513106
124.70330419294108 603.634789018612
124.7333798154834 638.5219690400255
124.76345543802576 671.1462706920316
124.79353106056811 611.1121862928036
124.82360668311044 440.09620668541646
124.8536823056528 292.3667990783168
124.88375792819517 373.1482348136696
124.91383355073748 784.9751400826259
124.94390917327983 1419.0656037903673
124.9739847958222 2011.040162360182
125.00406041836452 2303.8678419457574
125.03413604090689 2180.117937010585
125.06421166344921 1702.4780593558382
125.09428728599156 1066.5803629382779
125.12436290853393 492.3913840318664
125.15443853107627 125.20640666825892
125.18451415361862 6.593496379117708
125.21458977616096 102.68031216931782
125.2446653987033 341.35419762191407
125.27474102124566 629.4850486081978
125.304816643788 861.5217149943874
125.33489226633034 949.4678740096898
125.36496788887268 871.734325977762
125.39504351141504 697.425397506286
125.42511913395738 547.434995038245
125.45519475649972 507.8113078696665
125.48527037904208 571.9656758983817
125.5153460015844 669.1651381864218
125.54542162412676 740.9772621017677
125.57549724666912 786.0000898476618
125.60557286921149 842.1003723095457
125.6356484917538 937.2375381525159
125.66572411429615 1059.0243112420292
125.6957997368385 1160.8116880234184
125.72587535938084 1185.068124045633
125.7559509819232 1088.1433801768794
125.78602660446553 867.6695408534315
125.81610222700787 581.7745818866567
125.84617784955024 327.4998351900132
125.87625347209259 172.02908913086668
125.90632909463493 98.99727101226031
125.93640471717725 44.60768496257226
125.96648033971962 2.4986210358136307
125.99655596226197 79.26526444118211
126.02663158480432 406.88761534794776
126.05670720734666 968.0802476799721
126.086782829889 1526.9299996087243
126.11685845243136 1775.265584201022
126.1469340749737 1573.7284891552415
126.17700969751604 1066.0659894281296
126.2070853200584 555.6781623460399
126.23716094260072 262.60731678557835
126.26723656514308 204.02155224464548
126.29731218768543 277.2650709337087
126.32738781022776 389.9604684625905
126.35746343277012 481.30226676877345
126.38753905531247 472.75697869261654
126.4176146778548 302.48185627267907
126.44769030039716 66.32077439401769
126.47776592293953 77.34521786238608
126.50784154548184 666.1683025968885
126.5379171680242 1832.6120392308535
126.56799279056654 3091.3159641894804
126.59806841310888 3724.186524445668
126.62814403565125 3309.809010049606
126.65821965819357 2095.0403077333467
126.68829528073591 810.247460519383
126.71837090327828 92.10027070478482
126.74844652582063 74.12405419538318
126.77852214836297 423.1132871428022
126.80859777090532 688.5534810288985
126.83867339344766 652.6939948238288
126.86874901599 405.66258710457777
126.89882463853236 156.34605009536799
126.9289002610747 33.23157541849594
126.95897588361704 42.81102899879173
126.9890515061594 142.09748128456363
127.01912712870174 304.72299815382945
127.04920275124408 521.9107658689902
127.07927837378644 768.5497505308723
127.10935399632876 992.4734579665616
127.13942961887112 1140.2345439127148
127.16950524141348 1182.0506985731947
127.1995808639558 1112.2001639810292
127.22965648649816 944.7317618099496
127.25973210904051 722.2237959593326
127.28980773158285 520.0486987932836
127.3198833541252 418.57134682902574
127.34995897666757 448.3806427736973
127.3800345992099 556.0184209989283
127.41011022175223 634.1901188450811
127.44018584429458 601.3598400369733
127.47026146683694 463.52423721320207
127.50033708937929 307.8511340537296
127.53041271192161 246.89642196367765
127.56048833446398 369.2714535022012
127.59056395700632 725.1806924638186
127.62063957954867 1334.4925351293934
127.65071520209102 2180.2166685778275
127.68079082463336 3164.5207976950496
127.71086644717572 4078.562902424403
127.74094206971805 4662.365309827736
127.7710176922604 4733.363774058027
127.80109331480276 4290.003145752403
127.83116893734508 3527.6628208977418
127.86124455988744 2752.605415449435
127.8913201824298 2235.149293749517
127.92139580497212 2095.841613049796
127.95147142751448 2283.5403187256716
127.98154705005685 2622.3849342373987
128.01162267259917 2883.692081345602
128.04169829514152 2864.892106477495
128.07177391768388 2468.987189938841
128.10184954022623 1766.3569015164787
128.13192516276857 996.9150869313214
128.1620007853109 465.399456820358
128.19207640785325 367.30777098314894
128.2221520303956 675.8053188184409
128.25222765293793 1167.5109608238708
128.2823032754803 1561.4294185814376
128.31237889802264 1689.9916027614206
128.34245452056498 1593.4822834918523
128.37253014310733 1470.4360450730367
128.40260576564967 1514.4970538181556
128.43268138819204 1749.721409106202
128.46275701073435 1992.2834661204813
128.49283263327672 1985.0786340946684
128.52290825581906 1608.5775118212512
128.5529838783614 987.2915005372128
128.58305950090374 399.0944766487549
128.6131351234461 68.7924332916802
128.64321074598843 19.289341768467903
128.6732863685308 106.2964073978534
128.7033619910731 182.59238868257276
128.73343761361548 210.23240451720423
128.76351323615785 229.2065984191936
128.7935888587002 254.92731829170293
128.82366448124253 240.69089243097568
128.85374010378487 149.83770046953006
128.8838157263272 34.967910762032375
128.91389134886956 17.204640816453622
128.94396697141192 185.18017661102385
128.97404259395427 526.1958887658938
129.0041182164966 955.5530290118749
129.03419383903895 1391.3757089550927
129.0642694615813 1800.5742228648007
129.09434508412363 2195.4978612745767
129.124420706666 2589.505297445838
129.15449632920834 2944.324200405418
129.18457195175068 3147.7421694551854
129.21464757429302 3044.4316800796373
129.24472319683537 2531.599020204743
129.2747988193777 1676.6968711649374
129.30487444192008 758.2866925318895
129.3349500644624 155.32989019297676
129.36502568700476 104.40781417234268
129.3951013095471 500.689217838748
129.42517693208944 960.3377880449156
129.4552525546318 1116.5573710895803
129.48532817717415 892.5046707854267
129.51540379971647 522.7225235579464
129.54547942225884 309.5013477913694
129.57555504480115 364.69543064919617
129.60563066734355 584.5474424631085
129.6357062898859 835.0932781728707
129.66578191242823 1098.768056455781
129.69585753497057 1400.979530299131
129.7259331575129 1693.5522634815795
129.75600878005525 1846.2182671029657
129.78608440259762 1676.1273036296168
129.81616002513996 1128.2157524567124
129.8462356476823 458.4074025232837
129.87631127022465 44.464869009086286
129.906386892767 109.32315746835528
129.93646251530933 653.90308690664
129.96653813785167 1435.6377612364615
129.99661376039404 2074.211882543917
130.02668938293638 2278.011027911862
130.05676500547872 1959.857759749096
130.08684062802106 1284.4769505799272
130.11691625056343 606.7046815962955
130.14699187310575 207.3608187731464
130.17706749564812 89.02534002625606
130.20714311819043 59.28281458199989
130.2372187407328 7.3042796283782545
130.26729436327514 102.19077876795012
130.2973699858175 679.5980594651315
130.32744560835985 1873.2220851348363
130.3575212309022 3347.258826408188
130.3875968534445 4435.916831176824
130.41767247598688 4588.540952148729
130.44774809852925 3748.3602521261114
130.4778237210716 2387.3581248526607
130.50789934361393 1160.653370256525
130.53797496615627 456.76662816694073
130.5680505886986 243.88289586937924
130.59812621124095 263.3952587788191
130.62820183378332 303.5484860611147
130.65827745632566 328.87364139256897
130.688353078868 413.65243380430496
130.71842870141035 598.2082397165656
130.7485043239527 827.4187687125329
130.77857994649503 1009.1638078239195
130.8086555690374 1113.624338906662
130.8387311915797 1196.7991295101397
130.86880681412208 1312.0982541116919
130.89888243666442 1424.4889802144883
130.92895805920676 1437.0800520552837
130.95903368174913 1288.4306484201104
130.98910930429147 1021.3627752728148
131.0191849268338 775.4737095850509
131.04926054937616 699.7049406393915
131.07933617191847 836.4870518542369
131.10941179446084 1073.768154815386
131.1394874170032 1212.7112645828736
131.16956303954555 1103.0690167953207
131.1996386620879 755.9037321114685
131.22971428463023 363.4438949163962
131.25978990717255 204.13953410040716
131.28986552971494 481.14787472423006
131.3199411522573 1197.0474089013733
131.35001677479963 2134.954581076536
131.38009239734197 2950.4185132243
131.4101680198843 3345.7579571992824
131.44024364242665 3235.181635644124
131.47031926496902 2774.2089840210438
131.50039488751136 2240.1079670567015
131.5304705100537 1867.377498553768
131.56054613259604 1733.2504647146727
131.5906217551384 1745.2795144117104
131.62069737768076 1735.4198651249328
131.65077300022307 1585.1052419043594
131.68084862276544 1284.0844827993672
131.71092424530775 905.324072397553
131.74099986785012 547.757852604104
131.77107549039246 290.41386891896155
131.80115111293483 168.94110655026105
131.83122673547717 174.27043569183613
131.86130235801951 267.52273651103644
131.89137798056183 396.1041578608328
131.9214536031042 502.518346523228
131.9515292256465 535.3064883354392
131.9816048481889 470.3683655032845
132.01168047073125 330.06852174240595
132.0417560932736 179.09981455722524
132.07183171581593 90.77272643153817
132.10190733835827 100.50697852504288
132.13198296090064 179.0609092408799
132.16205858344298 250.4121022259972
132.19213420598533 247.2082083882092
132.22220982852767 163.54583104889673
132.25228545107 61.63548547327169
132.28236107361235 27.55331924711692
132.31243669615472 113.05275140532719
132.34251231869706 302.90520415158977
132.3725879412394 526.0802513514909
132.40266356378174 704.7686841781148
132.43273918632408 811.9901733434867
132.46281480886643 905.7300960078867
132.4928904314088 1119.6035966917923
132.5229660539511 1600.871901781563
132.55304167649348 2406.432645735221
132.5831172990358 3408.365523907301
132.61319292157816 4300.327574030784
132.64326854412053 4742.039038843624
132.67334416666287 4557.93465127281
132.7034197892052 3883.5882202905814
132.73349541174755 3159.108964420109
132.76357103428987 2851.26937342202
132.79364665683224 3041.0968459751184
132.8237222793746 3323.543623253376
132.85379790191695 3166.5992676364567
132.8838735244593 2366.486558003087
132.91394914700163 1229.4237464186735
132.94402476954397 350.5146070198981
132.97410039208634 127.89274424800972
133.00417601462868 438.6172908779516
133.03425163717102 796.332977049016
133.06432725971337 817.6786124148585
133.0944028822557 543.2729642598758
133.12447850479805 340.81612972732046
133.1545541273404 523.2789566720678
133.18462974988276 1059.9956911738047
133.2147053724251 1624.421423554364
133.24478099496744 1882.5724701341248
133.27485661750978 1734.5559815556555
133.30493224005215 1326.7182323491368
133.33500786259447 891.6486171738643
133.36508348513684 593.9923811532099
133.39515910767915 480.58082230910287
133.42523473022152 502.6260890707755
133.45531035276383 556.4613400361343
133.48538597530623 541.0374090178167
133.51546159784857 433.1278803884312
133.5455372203909 322.36056398392316
133.57561284293325 342.28664893721105
133.6056884654756 538.5302121584144
133.6357640880179 803.6718230688317
133.6658397105603 959.6063138389278
133.69591533310265 923.2503235748128
133.725990955645 790.5584341388557
133.75606657818733 748.7953979123981
133.78614220072967 914.0412133869299
133.81621782327204 1259.6347285553031
133.84629344581438 1683.374754790516
133.87636906835672 2113.4095469497715
133.90644469089906 2530.5764085988326
133.9365203134414 2899.606566595931
133.96659593598375 3116.5997431080427
133.99667155852612 3057.408450584091
134.02674718106843 2685.440487078896
134.0568228036108 2105.492133807113
134.08689842615314 1505.91366423753
134.11697404869548 1048.015604858335
134.14704967123785 819.4396118528109
134.1771252937802 884.3733207816612
134.2072009163225 1334.5702060659744
134.23727653886488 2260.053434194868
134.2673521614072 3665.408782463943
134.29742778394956 5378.640755140999
134.32750340649193 6995.097662061147
134.35757902903427 7961.311702337027
134.3876546515766 7845.681363512773
134.41773027411895 6610.953442533289
134.4478058966613 4655.938073240686
134.47788151920363 2618.073443468937
134.507957141746 1079.3429150049344
134.53803276428835 302.49593635593635
134.5681083868307 136.95150112614508
134.59818400937303 202.20731243890648
134.62825963191537 205.6844912849466
134.6583352544577 107.60705943134595
134.68841087700008 36.94340102715316
134.71848649954242 88.06078998649923
134.74856212208476 202.41261304202715
134.7786377446271 244.7505999198408
134.80871336716945 164.162150126448
134.8387889897118 48.883905807892496
134.86886461225416 28.36724589882153
134.89894023479647 137.05530325891235
134.92901585733884 284.92616312879954
134.95909147988118 369.9786142565672
134.98916710242355 412.0632870432673
135.0192427249659 546.772090554729
135.04931834750823 863.396181514403
135.07939397005055 1261.7233390259287
135.10946959259292 1505.2116251941557
135.13954521513523 1438.0609083498573
135.16962083767763 1151.926516090742
135.19969646021997 938.7309661713687
135.2297720827623 1065.1111137328892
135.25984770530465 1543.4052884112918
135.289923327847 2091.6371432517094
135.31999895038933 2344.532365525192
135.3500745729317 2133.122421402098
135.38015019547404 1580.6620513813684
135.4102258180164 973.482954744776
135.44030144055873 557.1032505643147
135.47037706310107 409.12583341476903
135.50045268564344 449.3972183592061
135.53052830818575 541.8575149022372
135.56060393072812 586.4685041395056
135.59067955327046 547.2512631939775
135.6207551758128 439.1170025404946
135.65083079835514 310.7940612138806
135.68090642089751 231.28892840340583
135.71098204343983 267.5570783019461
135.7410576659822 447.96348385197183
135.7711332885245 728.577988457823
135.80120891106688 994.1934749920086
135.83128453360925 1111.427965349714
135.8613601561516 1013.08651808882
135.89143577869393 760.2252372275427
135.92151140123627 525.9209148507831
135.9515870237786 485.8774074584904
135.98166264632096 682.7048959686906
136.01173826886333 984.7870028305856
136.04181389140567 1188.1863796835075
136.071889513948 1168.2803738229409
136.10196513649035 952.0920012190873
136.1320407590327 668.1522553084156
136.16211638157503 432.9573434937764
136.1921920041174 281.9643860556151
136.22226762665974 194.14897522908777
136.25234324920208 151.36129454524595
136.28241887174443 157.72270813395502
136.31249449428677 219.67242295421875
136.3425701168291 341.00618362403577
136.37264573937148 550.0677144555918
136.4027213619138 905.477486045528
136.43279698445616 1435.7924048509417
136.4628726069985 2048.192717308151
136.49294822954084 2506.3057009653016
136.5230238520832 2559.0813575389247
136.55309947462555 2156.9402000400573
136.58317509716787 1560.5001627447452
136.61325071971024 1233.5816203434115
136.64332634225255 1589.9564127060676
136.67340196479495 2726.1532892005616
136.7034775873373 4278.463016775887
136.73355320987963 5531.782300518259
136.76362883242197 5791.657924468779
136.7937044549643 4834.737589468613
136.82378007750663 3135.0116158116166
136.85385570004902 1655.9568375764559
136.88393132259137 1273.415032901888
136.9140069451337 2182.9040947355647
136.94408256767605 3735.5926034105137
136.9741581902184 4869.303297563034
137.00423381276073 4829.365124295616
137.0343094353031 3635.4519901981266
137.06438505784544 1966.2556831332613
137.09446068038778 638.7647661478495
137.12453630293012 152.66850428614472
137.15461192547247 562.461999007396
137.18468754801484 1603.070370885808
137.21476317055715 2889.958685384345
137.24483879309952 4048.516184620728
137.27491441564183 4755.5242997113855
137.3049900381842 4800.9881410025
137.33506566072654 4200.626557397201
137.3651412832689 3226.413536968681
137.39521690581125 2249.941961427937
137.4252925283536 1506.9933102746008
137.4553681508959 998.5915897081929
137.48544377343828 597.203120605508
137.51551939598065 240.14541534540473
137.545595018523 48.13075713373941
137.57567064106533 269.7559683606095
137.60574626360767 1074.2096360913408
137.63582188615 2349.8838802968967
137.66589750869235 3694.290033580765
137.69597313123472 4618.311005306688
137.72604875377706 4803.0629664425705
137.7561243763194 4249.815915133649
137.78619999886175 3256.7025164311253
137.8162756214041 2232.8244101045
137.84635124394643 1473.2475394326173
137.8764268664888 1060.2484476749028
137.90650248903114 919.9681170535603
137.93657811157348 927.1141791701405
137.96665373411582 968.2328679776047
137.99672935665816 961.4838806271667
138.0268049792005 866.0125594281875
138.05688060174288 692.7734334705469
138.0869562242852 508.8978134878511
138.11703184682756 434.4046416966461
138.14710746936987 628.3652886278537
138.17718309191224 1224.1679810874534
138.2072587144546 2179.875886301032
138.23733433699695 3146.481827458727
138.2674099595393 3577.159987860253
138.29748558208163 3164.8429827174973
138.32756120462395 2354.756776835327
138.35763682716635 2414.0958443963755
138.3877124497087 4680.447600899892
138.41778807225103 9324.165932983795
138.44786369479337 14679.279198484746
138.4779393173357 17982.171385287238
138.50801493987805 17208.26806234035
138.53809056242042 12594.548785531832
138.56816618496276 6517.230811757613
138.5982418075051 1831.9367102282663
138.62831743004745 56.030771442160535
138.6583930525898 701.1617140119736
138.68846867513216 2076.299201762499
138.71854429767447 2736.753824696204
138.74861992021684 2337.43420674678
138.77869554275918 1412.7732591214576
138.80877116530152 620.9911232176124
138.83884678784386 236.63294264926097
138.86892241038623 195.53942042672017
138.89899803292855 399.2576774506565
138.92907365547092 853.1682022379063
138.95914927801323 1553.3237394281164
138.9892249005556 2351.061814763456
139.0193005230979 2992.028258909399
139.0493761456403 3280.9985994795165
139.07945176818265 3200.884379183673
139.109527390725 2901.1889590352
139.13960301326733 2589.168260020503
139.16967863580967 2411.5443316283286
139.19975425835204 2406.4563318142823
139.22982988089439 2532.9097181971974
139.25990550343673 2720.1791325990744
139.28998112597907 2889.269330225796
139.3200567485214 2949.2950613482967
139.35013237106375 2804.728060001347
139.38020799360612 2397.998065821409
139.41028361614846 1768.7666578868907
139.4403592386908 1083.0298891138743
139.47043486123314 590.0212980254406
139.50051048377549 496.0367439147458
139.53058610631783 822.1077751753684
139.5606617288602 1367.419382711144
139.5907373514025 1813.651394561552
139.62081297394488 1892.6746259903869
139.65088859648722 1535.0492169329766
139.68096421902956 918.7110217581437
139.71103984157193 356.8862727163939
139.74111546411427 86.21714793796637
139.7711910866566 118.02887951960795
139.80126670919896 271.96425484976965
139.83134233174127 357.77001640708676
139.86141795428364 345.3289448888647
139.891493576826 370.4537900574584
139.92156919936835 567.1758423297944
139.9516448219107 913.133808888153
139.98172044445303 1284.6935140472567
140.01179606699537 1656.5319246436284
140.04187168953774 2168.012321592242
140.07194731208008 2910.5489117228576
140.10202293462243 3654.7258261453726
140.13209855716477 3889.9974034519337
140.1621741797071 3256.218024345159
140.19224980224945 1995.597096784526
140.2223254247918 914.1936483391709
140.25240104733416 775.7077178972322
140.2824766698765 1688.2504750807302
140.31255229241884 3124.3522406467746
140.34262791496118 4569.6268730165675
140.37270353750355 6086.804516488043
140.40277916004587 8148.596020803637
140.43285478258824 10890.727190251053
140.46293040513055 13576.769347368876
140.49300602767292 14931.1569956854
140.52308165021526 14097.795115266295
140.55315727275763 11281.513411654803
140.58323289529997 7576.570130455565
140.6133085178423 4273.234857102572
140.64338414038463 2164.604064585488
140.673459762927 1299.879486588119
140.7035353854693 1256.2867971547455
140.7336110080117 1554.3842001644791
140.76368663055405 1895.3733754948184
140.7937622530964 2212.8344293573223
140.82383787563873 2622.313912377059
140.85391349818107 3274.225153943686
140.88398912072344 4134.463781802573
140.91406474326578 4869.385507984344
140.94414036580812 5012.29862899484
140.97421598835047 4317.969509225233
141.0042916108928 3004.935131323569
141.03436723343515 1649.2524107263923
141.06444285597752 752.0783775562041
141.09451847851983 376.69993692193367
141.1245941010622 248.3303474155335
141.15466972360454 135.96169798060626
141.18474534614688 70.43784959323885
141.21482096868925 231.6908651550476
141.2448965912316 644.0039939188703
141.2749722137739 1050.4689497016009
141.30504783631628 1136.5326645089247
141.3351234588586 825.3435909772296
141.36519908140096 360.0158098092557
141.39527470394333 86.75998641163385
141.42535032648567 134.14398767296376
141.455425949028 337.4054926333285
141.48550157157035 426.51310496316046
141.51557719411267 285.308892531655
141.54565281665504 82.33986323077421
141.5757284391974 113.27285926856052
141.60580406173975 521.1832246278955
141.6358796842821 1123.7801888713195
141.66595530682443 1508.6176223547648
141.69603092936677 1425.4223501705317
141.72610655190914 968.0132235941293
141.75618217445148 411.1289791874952
141.78625779699382 49.26605138732948
141.81633341953616 75.3745284733721
141.8464090420785 522.832075449534
141.87648466462085 1372.9815033996142
141.9065602871632 2586.097415264943
141.93663590970556 3979.3368596025152
141.96671153224787 5154.103813598533
141.99678715479024 5577.683299431793
142.02686277733258 4919.668603296624
142.05693839987495 3408.099980962212
142.0870140224173 1726.9397197758067
142.11708964495963 527.4965011214058
142.14716526750195 39.093825006975536
142.17724089004432 50.26900423854666
142.20731651258663 196.3259660696472
142.23739213512903 259.76221098971337
142.26746775767137 238.16467378550436
142.2975433802137 215.8200422037484
142.32761900275605 244.0981832492031
142.3576946252984 325.942613853509
142.3877702478407 428.14159343079126
142.4178458703831 467.04404166819006
142.44792149292545 348.10283069178814
142.4779971154678 124.09845446964806
142.50807273801013 132.72599734582775
142.53814836055247 860.027331393508
142.56822398309484 2522.701525141309
142.59829960563718 4741.083052975911
142.62837522817952 6664.092382547315
142.65845085072186 7535.403168977436
142.6885264732642 7297.124597220408
142.71860209580655 6615.215980061798
142.74867771834892 6183.7860381803275
142.77875334089123 6065.670711733243
142.8088289634336 5783.473779842001
142.8389045859759 4938.155658043883
142.86898020851828 3659.870922690288
142.89905583106065 2504.8746101419138
142.929131453603 1968.934696715104
142.95920707614533 2103.2744567876166
142.98928269868767 2560.4929063860427
143.01935832123 2962.457825370694
143.04943394377236 3176.4097316049374
143.07950956631473 3249.335741776928
143.10958518885707 3194.716180095138
143.1396608113994 2930.2117081845167
143.16973643394175 2391.3613395293787
143.1998120564841 1656.9446622359392
143.22988767902643 950.7973585173122
143.2599633015688 512.4988944159343
143.29003892411114 451.3975539180286
143.32011454665349 698.2576899830068
143.35019016919583 1064.002901514791
143.38026579173817 1347.9457936605763
143.4103414142805 1434.5715454173687
143.44041703682288 1342.7624956844077
143.47049265936522 1212.5691127887762
143.50056828190756 1216.7792192772029
143.5306439044499 1440.0192726128391
143.56071952699224 1831.3739346919413
143.5907951495346 2271.0246996585347
143.62087077207696 2668.652311845683
143.65094639461927 2988.91552658772
143.68102201716164 3198.5687695436327
143.71109763970395 3225.206258565812
143.74117326224635 2989.016293924078
143.7712488847887 2476.626483636999
143.80132450733103 1787.1659219063445
143.83140012987337 1101.9208533508363
143.8614757524157 584.5629226572199
143.89155137495803 289.4291519249196
143.92162699750043 163.91746981576787
143.95170262004277 140.53393107492144
143.9817782425851 227.4737702218384
144.01185386512745 505.01136005744144
144.0419294876698 1008.6262152269292
144.07200511021213 1596.624580590196
144.1020807327545 1964.07839928109
144.13215635529684 1850.2206631992192
144.16223197783918 1271.3274840064507
144.19230760038153 555.326718924938
144.22238322292387 111.91160019179937
144.25245884546624 102.28834550093966
144.28253446800855 319.85729330892
144.31261009055092 429.7874151532957
144.34268571309326 322.000140742337
144.3727613356356 195.91851392132617
144.40283695817794 296.2134537032758
144.4329125807203 624.1316421676195
144.46298820326265 984.7399899768624
144.493063825805 1317.1666578032953
144.5231394483473 1873.5959164094888
144.55321507088968 2933.550136466936
144.58329069343205 4306.978386977234
144.6133663159744 5229.37365536839
144.64344193851673 4906.136586159443
144.67351756105907 3317.1860306057015
144.7035931836014 1522.1836499163862
144.73366880614375 1005.3953261308532
144.76374442868612 2534.534707290404
144.79382005122847 5559.569343177281
144.8238956737708 8646.461748491862
144.85397129631315 10512.332935755046
144.8840469188555 10824.792983748557
144.91412254139783 10246.928423642827
144.9441981639402 9835.522431876265
144.97427378648254 10289.787739871335
145.00434940902488 11520.285288512032
145.03442503156722 12736.679239705123
145.06450065410957 12962.591298806756
145.0945762766519 11673.728756939867
145.12465189919428 9158.31922268091
145.1547275217366 6362.853639897322
145.18480314427896 4359.5259962197415
145.2148787668213 3775.45631606242
145.24495438936364 4455.586389652809
145.275030011906 5539.454310397421
145.30510563444835 5995.862339728217
145.3351812569907 5293.524974288869
145.36525687953304 3676.865944117463
145.39533250207535 1900.5814265694653
145.42540812461775 753.8025658705827
145.4554837471601 688.1942137175405
145.48555936970243 1643.0799555365368
145.51563499224477 3100.88106035138
145.5457106147871 4353.676594683025
145.57578623732945 4831.273575510977
145.60586185987182 4330.536321362887
145.63593748241416 3094.511308754247
145.6660131049565 1717.046304652798
145.69608872749885 857.088303755507
145.7261643500412 892.4668008698765
145.75623997258353 1731.0403497167658
145.78631559512587 2879.146292421276
145.81639121766824 3727.642233784508
145.84646684021058 3904.729740241004
145.87654246275292 3454.7875399492095
145.90661808529526 2720.1382230088334
145.93669370783763 2058.1643418450803
145.96676933037995 1622.2356230151347
145.99684495292232 1354.2318259457954
146.02692057546463 1159.1217376949778
146.056996198007 1057.665674120668
146.08707182054934 1154.2731781525595
146.1171474430917 1477.9644549004474
146.14722306563405 1886.286234024492
146.1772986881764 2139.4758228957567
146.20737431071873 2064.3233219919925
146.23744993326108 1659.4241475097642
146.26752555580345 1082.3766745260095
146.2976011783458 549.8472107091952
146.32767680088813 224.1010103765655
146.35775242343047 160.9078270876516
146.3878280459728 329.7923303899456
146.41790366851515 658.6084876886252
146.44797929105752 1065.6225018923299
146.47805491359986 1473.9306774228328
146.5081305361422 1819.5056551667233
146.53820615868455 2062.3120041703855
146.5682817812269 2188.75173872516
146.59835740376923 2191.4482688175176
146.6284330263116 2047.5161169779803
146.6585086488539 1733.3730845908756
146.68858427139628 1273.9675507730503
146.71865989393862 781.434041055223
146.74873551648096 443.3645916191692
146.77881113902333 441.07812326352325
146.80888676156567 817.3401780577867
146.838962384108 1396.2065215048826
146.86903800665036 1863.696026861902
146.89911362919267 1970.1807996946052
146.92918925173504 1689.8547932888998
146.9592648742774 1212.8224148123993
146.98934049681975 781.213238592947
147.0194161193621 511.33491701469273
147.04949174190443 358.9562140127477
147.07956736444677 232.06800192461105
147.10964298698914 105.76906158361086
147.13971860953149 23.27861298959292
147.16979423207383 11.929269609688392
147.19986985461617 31.94723687095168
147.2299454771585 24.48762753561745
147.26002109970085 0.8283835669452391
147.29009672224322 61.86409277627063
147.32017234478556 315.9947240260536
147.3502479673279 778.9252595208771
147.38032358987024 1349.2883630793788
147.41039921241259 1864.870457022144
147.44047483495495 2185.1706991890983
147.47055045749727 2256.4088669608327
147.50062608003964 2140.5865419624247
147.53070170258195 1998.7436873621232
147.56077732512432 2015.895578375594
147.59085294766666 2281.091974501091
147.62092857020903 2696.269761525596
147.65100419275137 3004.848674523421
147.6810798152937 2949.984566044169
147.71115543783603 2451.4447673032264
147.7412310603784 1661.364467520905
147.7713066829207 864.532478846593
147.8013823054631 311.4728864697517
147.83145792800545 102.87974987157648
147.8615335505478 182.9270375826524
147.89160917309013 407.2422332794666
147.92168479563247 612.3410965126919
147.95176041817484 661.4818888822937
147.98183604071718 498.940300617999
148.01191166325953 210.87651405393837
148.04198728580187 12.006779396914816
148.0720629083442 107.452665243008
148.10213853088655 517.2637329579021
148.13221415342892 1017.7233642830759
148.16228977597126 1274.5179435054013
148.1923653985136 1095.8840215351584
148.22244102105594 610.8926607672485
148.25251664359828 202.34944676784187
148.28259226614065 233.23717946523672
148.312667888683 783.2135010472005
148.3427435112253 1590.8576470381975
148.37281913376768 2236.8911725592634
148.40289475631 2416.4498820179724
148.43297037885236 2107.4912810887813
148.46304600139473 1552.4341374408343
148.49312162393707 1063.9914662607623
148.5231972464794 798.0655607959411
148.55327286902175 702.3300215811854
148.58334849156407 637.1873840641839
148.61342411410644 503.53434220259766
148.6434997366488 302.1354447826086
148.67357535919115 117.15168357133304
148.7036509817335 40.92074401987968
148.73372660427583 115.59205655926554
148.76380222681817 330.86007095411594
148.79387784936054 645.2011598831597
148.82395347190288 1008.2125649321936
148.85402909444522 1376.1859519466452
148.88410471698757 1702.1514398249312
148.9141803395299 1913.614077475972
148.94425596207225 1928.8528297406513
148.9743315846146 1716.326764610887
149.00440720715696 1333.7682912362511
149.0344828296993 912.1339459281496
149.06455845224164 607.1805507654725
149.09463407478398 529.1467496036673
149.12470969732635 667.2348434424072
149.1547853198687 881.5983869615854
149.18486094241104 994.4414569198086
149.21493656495335 903.2020112630237
149.24501218749572 632.1101148505294
149.27508781003803 305.15158554424687
149.30516343258043 71.2672494096981
149.33523905512277 32.27621291396663
149.3653146776651 210.06341231672215
149.39539030020745 555.3560907275703
149.4254659227498 978.5916253585946
149.4555415452921 1379.8893070482084
149.4856171678345 1667.7951589146728
149.51569279037685 1776.1696101192767
149.5457684129192 1687.285513881821
149.57584403546153 1444.2650767005669
149.60591965800387 1132.417562550619
149.63599528054624 840.9686652887741
149.66607090308858 635.6099371756065
149.69614652563092 559.763765276626
149.72622214817326 656.5314302458821
149.7562977707156 974.8684967939373
149.78637339325795 1526.0234575192314
149.81644901580032 2209.4546598248767
149.84652463834263 2792.310902789093
149.876600260885 3009.120799618008
149.90667588342734 2715.8889923683028
149.93675150596968 1983.629345550128
149.96682712851205 1098.801762285048
149.9969027510544 439.77948265936345
150.02697837359673 270.1246384848554
150.05705399613908 639.8604844977085
150.0871296186814 1414.728259577059
150.11720524122376 2303.06625971922
150.14728086376613 2929.3525378064146
150.17735648630847 2990.3961215408794
150.2074321088508 2406.4823542862327
150.23750773139315 1415.1796850074436
150.2675833539355 487.33901405703085
150.29765897647783 26.713210481438793
150.3277345990202 102.9724266706412
150.35781022156254 441.7352600286399
150.3878858441049 676.0160983512886
150.41796146664723 677.7971159304071
150.44803708918957 655.5500924484879
150.4781127117319 920.0685497127331
150.50818833427428 1568.9351845100427
150.53826395681662 2351.372931416356
150.56833957935896 2815.518338385412
150.5984152019013 2654.745035450036
150.62849082444365 1965.3805847063552
150.658566446986 1175.5816930442663
150.68864206952836 725.0816254248384
150.71871769207067 779.8848650934203
150.74879331461304 1180.062591447462
150.77886893715538 1608.1289341434072
150.80894455969775 1809.1680676812816
150.8390201822401 1705.9106319245611
150.86909580478243 1380.650618129533
150.89917142732477 983.5765975372211
150.92924704986712 636.2833078535785
150.95932267240943 384.48740228237034
150.98939829495183 215.7774665306832
151.01947391749417 104.2575871946197
151.0495495400365 35.52912162673992
151.07962516257885 3.920255316282353
151.1097007851212 2.917906427545411
151.13977640766353 26.61488360884752
151.1698520302059 82.34992594917519
151.19992765274824 202.2929817844012
151.23000327529058 440.51317861276925
151.26007889783293 848.5882213431332
151.29015452037527 1433.8079416493447
151.32023014291764 2122.1496369475594
151.35030576545995 2761.514692563245
151.38038138800232 3176.910229132767
151.41045701054466 3246.1984458364673
151.440532633087 2959.8897318763834
151.47060825562934 2436.066975536417
151.5006838781717 1864.9407187376132
151.53075950071403 1407.939054095309
151.5608351232564 1123.7452971329883
151.5909107457987 967.5051280220723
151.62098636834108 853.7715242637381
151.65106199088345 733.6285987505141
151.6811376134258 627.1236921875876
151.71121323596813 586.5577419214733
151.74128885851047 622.5122322932207
151.7713644810528 663.6991655559174
151.80144010359516 606.2371252569504
151.83151572613752 426.5013817701864
151.86159134867987 245.01590221953305
151.8916669712222 254.36085278275968
151.92174259376455 558.3959425788927
151.9518182163069 1062.680018587926
151.98189383884923 1524.2816595789332
152.0119694613916 1728.9112329519223
152.04204508393394 1634.8009534746195
152.07212070647628 1364.8706482112555
152.10219632901862 1079.852744184366
152.13227195156097 858.553163323021
152.1623475741033 683.7817701558554
152.19242319664568 514.905169853787
152.222498819188 350.09811420632485
152.25257444173036 226.24777070785493
152.2826500642727 184.44620341733315
152.31272568681504 244.0590669344805
152.3428013093574 392.67402129341735
152.37287693189975 578.3747234913332
152.40295255444207 719.4045595997919
152.43302817698444 757.1125339601596
152.46310379952675 707.9985774878991
152.49317942206915 655.1498712986813
152.5232550446115 686.6569704177074
152.55333066715383 818.4200613168318
152.58340628969617 973.2337178770598
152.6134819122385 1056.097486243554
152.64355753478085 1038.353890259858
152.67363315732322 958.7231911596936
152.70370877986556 849.010450985808
152.7337844024079 685.0840294444438
152.76386002495025 450.3762863704089
152.7939356474926 218.81266204777364
152.82401127003493 117.68487569213816
152.85408689257727 202.32233918193657
152.88416251511964 391.07124480579
152.91423813766198 552.7669604231945
152.94431376020432 644.8454841552668
152.97438938274666 728.2934694841523
153.00446500528903 852.5342885400676
153.03454062783135 953.1823597041786
153.06461625037372 896.0145466125731
153.09469187291603 643.5947279649251
153.1247674954584 341.9008279796767
153.15484311800074 186.4271887356906
153.1849187405431 229.3127050978012
153.21499436308545 355.2360793493127
153.2450699856278 415.60006617752526
153.2751456081701 400.8286482063988
153.30522123071248 459.832176731153
153.33529685325485 685.3924168640729
153.3653724757972 991.340722869384
153.39544809833953 1234.468211371124
153.42552372088187 1321.9056182836366
153.4555993434242 1247.0518150194416
153.48567496596655 1102.1255131299858
153.51575058850892 1008.5767502461432
153.54582621105126 1037.0207300150075
153.5759018335936 1190.130413769823
153.60597745613595 1392.9181781353996
153.6360530786783 1487.3912588982892
153.66612870122063 1317.5443738207696
153.696204323763 877.5987362599384
153.7262799463053 367.8419379493366
153.75635556884768 87.70012630044634
153.78643119139002 221.89793866133044
153.81650681393236 695.0264101078662
153.84658243647473 1237.5801010061934
153.87665805901707 1569.5614039148606
153.9067336815594 1560.4398091801472
153.93680930410176 1293.9974830013016
153.96688492664407 1010.3968662381392
153.99696054918644 1000.4083364037112
154.0270361717288 1485.2718153688706
154.05711179427115 2461.638610639488
154.0871874168135 3604.55316935518
154.11726303935583 4379.656356817668
154.14733866189815 4363.758389348356
154.17741428444054 3533.2962663322855
154.2074899069829 2284.1286881672204
154.23756552952523 1162.0668096314946
154.26764115206757 504.8356962758101
154.2977167746099 316.658661476659
154.32779239715225 429.2451858960589
154.35786801969462 678.6315060702607
154.38794364223696 923.8678698945229
154.4180192647793 996.6116655793085
154.44809488732164 765.8861730533613
154.478170509864 321.30076027331535
154.50824613240636 33.00257464613609
154.53832175494867 297.97750980397404
154.56839737749104 1139.5074993721723
154.59847300003335 2094.2910458360047
154.62854862257572 2566.1981632197007
154.65862424511806 2342.6049036280406
154.68869986766043 1820.681120665363
154.71877549020277 1703.2128112988992
154.74885111274511 2384.407824991028
154.77892673528743 3574.5400964566497
154.8090023578298 4492.902469258049
154.8390779803721 4459.160129906313
154.8691536029145 3402.0278282451263
154.89922922545685 1895.503873343256
154.9293048479992 731.177325462387
154.95938047054153 384.82923066026433
154.98945609308387 771.5252989995059
155.01953171562624 1410.6259675580015
155.04960733816858 1815.287661312032
155.07968296071093 1802.843633245636
155.10975858325327 1514.2468011140572
155.1398342057956 1192.640206154336
155.16990982833795 964.4277650763901
155.19998545088032 799.8281197274096
155.23006107342266 634.3306564286626
155.260136695965 492.6332282151701
155.29021231850734 477.148285033218
155.32028794104968 645.8914316197933
155.35036356359203 927.7806519124688
155.3804391861344 1172.9432782321296
155.4105148086767 1284.9789830320562
155.44059043121908 1293.0126201985768
155.4706660537614 1286.7586279808543
155.50074167630376 1295.9685373325844
155.53081729884613 1253.0272707770473
155.56089292138847 1071.9842911457652
155.5909685439308 752.2714158353659
155.62104416647315 397.356702565748
155.65111978901547 135.6860254136193
155.68119541155784 27.893621607222386
155.7112710341002 41.916741455128395
155.74134665664255 104.850981086824
155.7714222791849 165.55934299053288
155.80149790172723 204.96039552475176
155.83157352426957 208.70442273298687
155.86164914681194 160.8633997600358
155.89172476935428 80.49048467723048
155.92180039189662 59.42424827473161
155.95187601443897 237.2114729354101
155.9819516369813 696.5041583277934
156.01202725952365 1359.3822642760215
156.042102882066 1992.701948862408
156.07217850460836 2327.285501018065
156.1022541271507 2210.930945236428
156.13232974969304 1700.873418081009
156.16240537223538 1022.1766194432504
156.19248099477775 428.1989802839775
156.22255661732007 80.06680149023353
156.25263223986244 3.599997328021441
156.28270786240475 115.10543735846429
156.31278348494712 290.68276223946833
156.34285910748943 439.9977512503153
156.37293473003183 546.0570305981261
156.40301035257417 651.1260908486172
156.4330859751165 793.7457223675902
156.46316159765885 935.3372534321896
156.4932372202012 954.780260789589
156.5233128427435 768.4192840858381
156.5533884652859 480.7213151729314
156.58346408782825 380.6361487080072
156.6135397103706 770.1036110427148
156.64361533291293 1766.3588894495642
156.67369095545527 3189.5451671453234
156.70376657799764 4636.650812503834
156.73384220053998 5707.971013558993
156.76391782308232 6155.201603863396
156.79399344562466 5899.1304555227325
156.824069068167 5045.545458664241
156.85414469070935 3855.7337727293425
156.88422031325172 2631.230192700611
156.91429593579403 1616.4991319599208
156.9443715583364 941.1574709642368
156.97444718087874 596.1945820579339
157.00452280342108 488.82691567444414
157.03459842596345 527.2059545842908
157.0646740485058 638.6849121596337
157.0947496710481 730.1782084860628
157.12482529359048 689.482443216019
157.1549009161328 472.4155095968652
157.18497653867516 184.6228726143887
157.21505216121753 36.911542339129525
157.24512778375987 176.01540188493408
157.2752034063022 542.8893388634373
157.30527902884455 908.4217576852179
157.3353546513869 1053.2950155090723
157.36543027392923 924.2575057158809
157.3955058964716 644.634716780295
157.42558151901395 393.3673588737435
157.4556571415563 277.39079642281683
157.48573276409863 300.57058783663405
157.51580838664097 413.53131930034345
157.5458840091833 570.7534794737044
157.57595963172568 756.0175804326175
157.60603525426802 980.3802653264008
157.63611087681036 1262.2175717505238
157.6661864993527 1591.1259144652922
157.69626212189505 1893.2454863144612
157.7263377444374 2049.1445521647174
157.75641336697976 1990.966238395045
157.78648898952207 1793.3355472728826
157.81656461206444 1639.1486544416848
157.84664023460678 1678.4431770559188
157.87671585714915 1911.2475036296105
157.9067914796915 2187.258772566483
157.93686710223383 2319.7030052720825
157.96694272477615 2232.407917227543
157.99701834731852 2024.895103158812
158.02709396986083 1903.9918795346528
158.05716959240323 2044.2496641317305
158.08724521494557 2473.8763120080985
158.1173208374879 3037.6479232405995
158.14739646003025 3445.6723093707737
158.1774720825726 3402.9490033480106
158.20754770511493 2795.229678594191
158.2376233276573 1819.230929428736
158.26769895019964 889.4902285013893
158.297774572742 348.8858227024489
158.32785019528433 261.1907301613311
158.35792581782667 454.04913045843335
158.38800144036904 702.9491825866991
158.41807706291135 883.4710957028717
158.44815268545372 992.2741195326493
158.47822830799606 1065.7720228698745
158.5083039305384 1127.4776486085907
158.53837955308074 1201.4247139212805
158.56845517562311 1300.544633761166
158.59853079816543 1362.488192046295
158.6286064207078 1244.5004954138512
158.6586820432501 866.0366660477393
158.68875766579248 382.6083414622225
158.71883328833485 150.1546981127995
158.7489089108772 422.542472086364
158.77898453341953 1065.350766753475
158.80906015596187 1619.0430602023523
158.8391357785042 1682.2496427698006
158.86921140104656 1253.2208824462696
158.89928702358893 696.9136611045909
158.92936264613127 364.5335685142862
158.9594382686736 279.97203380662563
158.98951389121595 226.7710322345196
159.0195895137583 86.86761034480787
159.04966513630063 23.4764291028766
159.079740758843 302.64913534667284
159.10981638138534 965.383602222445
159.13989200392768 1736.4220071889245
159.16996762647003 2277.030421691822
159.20004324901237 2518.5204174122923
159.2301188715547 2733.1289618706564
159.26019449409708 3250.895956967638
159.2902701166394 4085.758119097261
159.32034573918176 4823.115563949406
159.3504213617241 4881.721053151796
159.38049698426644 3977.781916346197
159.4105726068088 2454.098788001051
159.44064822935115 1173.9678752599148
159.47072385189347 1008.5923459948566
159.50079947443584 2278.2369059549337
159.53087509697815 4504.348246149241
159.56095071952055 6650.065617647297
159.5910263420629 7763.756889357309
159.62110196460523 7570.95984063553
159.65117758714757 6523.270664965339
159.6812532096899 5332.553834194222
159.71132883223223 4464.050045453304
159.74140445477462 3960.951452637655
159.77148007731697 3608.0593666040577
159.8015556998593 3199.3381332843373
159.83163132240165 2680.284263659287
159.861706944944 2126.8209223066674
159.89178256748633 1668.0966919701202
159.9218581900287 1425.4884595151264
159.95193381257104 1451.584200053874
159.98200943511338 1660.6671299504278
160.01208505765572 1820.4456490726116
160.04216068019807 1677.5863058968005
160.07223630274044 1164.3890120881388
160.10231192528275 504.3366215254844
160.13238754782512 84.32628280881512
160.16246317036743 191.46012201655057
160.1925387929098 840.0305134720257
160.22261441545214 1796.9964027845874
160.2526900379945 2732.5746698881126
160.28276566053685 3353.887240602154
160.3128412830792 3474.1256639503526
160.3429169056215 3070.436582333456
160.37299252816388 2317.6026936381345
160.40306815070625 1520.9096499948832
160.4331437732486 952.9082188117917
160.46321939579093 699.1275392247851
160.49329501833327 636.9607313175
160.5233706408756 575.2974250521959
160.55344626341795 427.1385072390347
160.58352188596032 254.7215721208157
160.61359750850266 177.6357649940655
160.643673131045 273.3909817001234
160.67374875358735 560.050812541888
160.7038243761297 1020.050733023312
160.73389999867203 1576.247775342658
160.7639756212144 2041.69516236868
160.79405124375674 2181.259625653798
160.82412686629908 1899.906125903335
160.85420248884142 1363.8809426690573
160.88427811138376 905.9672193183064
160.9143537339261 779.9112404829486
160.94442935646848 966.0703194524624
160.9745049790108 1205.635356280012
161.00458060155316 1239.2568338445856
161.03465622409547 1013.2158389682468
161.06473184663784 666.8335882199659
161.0948074691802 367.6071732273928
161.12488309172255 186.43726718643728
161.1549587142649 107.40509191879568
161.18503433680723 110.47717593067416
161.21510995934955 211.75581701322153
161.24518558189195 426.5795238597301
161.2752612044343 722.0892865060806
161.30533682697663 1025.0125436789815
161.33541244951897 1271.3022470210196
161.3654880720613 1438.402665246684
161.39556369460365 1538.0817141791103
161.42563931714602 1598.7596539210926
161.45571493968836 1654.4240333017244
161.4857905622307 1724.7030979879607
161.51586618477305 1786.3337021403006
161.5459418073154 1770.9762091131047
161.57601742985773 1614.2765436407112
161.60609305240007 1327.1240935641165
161.63616867494244 1022.8495939604048
161.66624429748478 863.550926757344
161.69631992002712 965.3363661463655
161.72639554256946 1338.892431551022
161.75647116511183 1888.226040482268
161.78654678765415 2428.4052684072094
161.81662241019652 2710.00351517548
161.84669803273883 2503.490350778364
161.8767736552812 1763.438424027211
161.9068492778235 767.1684080844443
161.9369249003659 74.71194786863084
161.96700052290825 245.8088636618436
161.9970761454506 1442.9014090122705
162.02715176799293 3245.9256819200486
162.05722739053527 4886.746117561097
162.08730301307764 5711.775553028332
162.11737863561999 5520.773520161861
162.14745425816233 4592.49398201007
162.17752988070467 3434.1999283185296
162.207605503247 2484.167587284025
162.23768112578935 1993.4239576701284
162.26775674833172 2084.7204934967745
162.29783237087406 2807.1258348185934
162.3279079934164 4069.864237900176
162.35798361595874 5534.416374045928
162.38805923850109 6650.628552819245
162.41813486104343 6918.782702642945
162.4482104835858 6189.347644883203
162.4782861061281 4726.763097084957
162.50836172867048 3026.403797861672
162.53843735121282 1558.4156325985716
162.56851297375516 581.1687726702158
162.59858859629753 125.39904611578086
162.62866421883987 106.73419751408647
162.6587398413822 402.277863452646
162.68881546392456 854.9688310015096
162.71889108646687 1284.3880021214095
162.74896670900924 1538.7193334011515
162.7790423315516 1566.9199229960343
162.80911795409395 1441.5054395295404
162.8391935766363 1281.2705491228355
162.86926919917863 1143.6815033863306
162.89934482172097 1000.291403697589
162.92942044426334 806.3213820027704
162.95949606680568 575.7249396172422
162.98957168934803 380.6043768012777
163.01964731189037 277.0626965814482
163.0497229344327 238.53524774432873
163.07979855697505 182.49562709821248
163.1098741795174 82.94222370995796
163.13994980205976 55.331754543270925
163.1700254246021 309.4376329500821
163.20010104714444 979.5937872754606
163.23017666968678 1955.394329639176
163.26025229222915 2875.2800710072825
163.29032791477147 3334.729487799797
163.32040353731384 3153.149080471442
163.35047915985615 2482.777875012487
163.38055478239852 1682.6275549459713
163.41063040494086 1059.822730519989
163.44070602748323 691.3350307963153
163.47078165002557 470.9490517363812
163.5008572725679 297.8312153806747
163.53093289511023 187.9825576599398
163.5610085176526 198.95303277033992
163.5910841401949 290.4849317889627
163.6211597627373 326.7337678120372
163.65123538527965 239.38269215492272
163.681311007822 158.63205277780858
163.71138663036433 334.83935775666527
163.74146225290667 896.1731011405083
163.77153787544904 1691.3115868909395
163.80161349799138 2391.3424441678358
163.83168912053372 2749.6576035103462
163.86176474307607 2768.7893874333863
163.8918403656184 2622.5691483345645
163.92191598816075 2450.4884586149915
163.95199161070312 2278.386645516627
163.98206723324543 2109.0483650528945
164.0121428557878 1997.452267575808
164.04221847833014 1992.8501114048515
164.07229410087248 2027.4164826672763
164.10236972341485 1917.8395630100408
164.1324453459572 1525.4803080550266
164.1625209684995 918.4866172980694
164.19259659104188 361.2904069323839
164.2226722135842 139.50911061942247
164.25274783612656 401.7586700060667
164.28282345866893 1155.8973858641384
164.31289908121127 2332.559072555036
164.3429747037536 3782.837014700244
164.37305032629595 5252.858530676652
164.40312594883827 6442.099588837345
164.43320157138064 7146.784299356612
164.463277193923 7354.7027156737295
164.49335281646535 7160.976108236086
164.5234284390077 6611.939560267431
164.55350406155003 5682.860445113538
164.58357968409237 4395.843308232213
164.61365530663474 2950.152951645533
164.64373092917708 1691.7006315911276
164.67380655171942 876.1831799969408
164.70388217426176 487.69500118752205
164.7339577968041 324.6003178388226
164.76403341934645 245.85746267878508
164.7941090418888 316.04833143582647
164.82418466443116 664.8797418174516
164.85426028697347 1238.9967062785884
164.88433590951584 1773.3853824516764
164.91441153205818 1993.3439171542852
164.94448715460055 1831.6186846221865
164.9745627771429 1444.67209151088
165.00463839968523 1029.702686723248
165.03471402222755 687.0107446793161
165.06478964476992 434.6932528756753
165.09486526731223 286.0397464429301
165.12494088985463 271.5392091301923
165.15501651239697 376.1866818048391
165.1850921349393 513.016162015663
165.21516775748165 584.2873099146805
165.245243380024 572.4056271712949
165.2753190025663 529.4727936824628
165.3053946251087 447.85151064233094
165.33547024765105 305.7936417838485
165.3655458701934 262.7658986096097
165.39562149273573 609.7368093778623
165.42569711527807 1515.7027085760328
165.45577273782044 2806.718210569454
165.48584836036278 3941.719582064856
165.51592398290512 4374.3751880766995
165.54599960544746 3977.61708424452
165.5760752279898 3058.873042240669
165.60615085053215 2062.097963739433
165.63622647307452 1279.4985943382533
165.66630209561683 783.1670593127917
165.6963777181592 563.4878679349645
165.7264533407015 609.673771216522
165.75652896324388 811.7100009758761
165.78660458578625 907.6737761040362
165.8166802083286 688.4410376159874
165.84675583087093 329.9535657938922
165.87683145341327 444.4199211276325
165.9069070759556 1617.93702260298
165.93698269849796 3820.549148127608
165.96705832104033 6298.871657314925
165.99713394358267 8027.166344619292
166.027209566125 8337.87140243848
166.05728518866735 7291.990840485134
166.0873608112097 5508.641079528653
166.11743643375203 3661.6758949815817
166.1475120562944 2156.1577900941934
166.17758767883674 1148.179227406405
166.20766330137909 681.7148114556865
166.23773892392143 736.9242285808995
166.26781454646377 1192.2376212548031
166.2978901690061 1821.861866020364
166.32796579154848 2382.050853276051
166.35804141409082 2695.247806261253
166.38811703663316 2660.8713801115646
166.4181926591755 2277.583208114375
166.44826828171784 1715.9501044602991
166.4783439042602 1296.189495397854
166.50841952680256 1283.8149221195583
166.53849514934487 1644.3005807496077
166.56857077188724 2011.1919231552
166.59864639442955 1967.4085683988092
166.62872201697195 1417.6238467662931
166.6587976395143 700.5490489238022
166.68887326205663 302.8233940910211
166.71894888459897 427.0723354436468
166.7490245071413 830.4150938931156
166.77910012968363 1067.4832261565386
166.80917575222603 897.1277030535641
166.83925137476837 483.59417696483933
166.8693269973107 214.28618918002587
166.89940261985305 345.7262298714734
166.9294782423954 826.4428187709741
166.95955386493773 1394.1087792979165
166.9896294874801 1798.8438284236051
167.01970511002244 1951.3206157960744
167.04978073256478 1901.278924808716
167.07985635510713 1732.0170148657455
167.10993197764947 1493.212062193446
167.14000760019184 1195.6119893171594
167.17008322273415 841.4041406626391
167.20015884527652 462.62253939214656
167.23023446781886 144.20570702420568
167.2603100903612 25.612318015039943
167.29038571290354 267.69243428136053
167.3204613354459 965.0395875448658
167.35053695798825 2035.386708293937
167.3806125805306 3176.932032759092
167.4106882030729 3973.550127938881
167.44076382561528 4122.047987618861
167.47083944815765 3627.508964405204
167.5009150707 2807.6316501071096
167.53099069324233 2086.4528125242646
167.56106631578467 1727.1012132547967
167.591141938327 1715.0963940125212
167.62121756086935 1869.9882226165416
167.65129318341172 2045.24840721932
167.68136880595407 2209.7036654200374
167.7114444284964 2356.1186283948527
167.74152005103875 2390.36636407712
167.7715956735811 2172.9804977912595
167.80167129612343 1678.400877979453
167.8317469186658 1063.9156069173607
167.86182254120814 543.4231701650472
167.89189816375048 222.55715818423647
167.92197378629282 81.63980164563267
167.95204940883517 70.23101528487716
167.9821250313775 157.59040292992373
168.01220065391988 284.08756458316725
168.0422762764622 339.4631331672583
168.07235189900456 292.39143260533314
168.1024275215469 335.3201251404176
168.13250314408924 770.1666953812363
168.1625787666316 1620.6113989914045
168.19265438917395 2386.187868554152
168.2227300117163 2373.6546338196727
168.25280563425864 1421.5662398850416
168.28288125680095 283.8119271902322
168.31295687934335 138.5643802597224
168.3430325018857 1506.6883420344138
168.37310812442803 3601.7509929531543
168.40318374697037 4871.219151034536
168.4332593695127 4316.25492902644
168.46333499205505 2373.658514357808
168.49341061459742 536.2876066494712
168.52348623713976 87.35591989822606
168.5535618596821 1154.4377720047328
168.58363748222445 2854.470975642282
168.6137131047668 4176.124227383712
168.64378872730913 4695.744954249133
168.67386434985147 4597.775947227096
168.70393997239384 4216.2444079066045
168.73401559493618 3679.434036215683
168.76409121747852 2942.121509294049
168.79416684002086 2017.9103687720797
168.82424246256323 1109.2720674610448
168.85431808510555 523.8761741529232
168.88439370764792 473.2937949338005
168.91446933019023 912.7141180155445
168.9445449527326 1534.2091567247799
168.97462057527494 1944.8525210309977
169.0046961978173 1928.3462367853
169.03477182035965 1595.920123278756
169.064847442902 1286.0958217030238
169.09492306544433 1252.6034142598212
169.12499868798668 1401.521572461074
169.15507431052905 1382.6143711787531
169.1851499330714 1003.329874389794
169.21522555561373 507.70572353748565
169.24530117815607 342.5451832246558
169.2753768006984 622.536959924316
169.30545242324075 929.9237359234398
169.33552804578312 773.0954063812214
169.36560366832546 231.8504342117408
169.3956792908678 39.643329337872736
169.42575491341015 943.4180376679165
169.4558305359525 2891.5093622185177
169.48590615849483 4850.426578719663
169.5159817810372 5558.834974758987
169.5460574035795 4550.699682253125
169.57613302612188 2493.366377986477
169.60620864866422 650.9053476274756
169.63628427120656 18.504834476119367
169.66635989374893 743.4447116355285
169.69643551629127 2145.3639246036046
169.7265111388336 3248.0228368615685
169.75658676137596 3404.5125254605396
169.78666238391827 2625.389522435317
169.81673800646064 1487.9585012161767
169.846813629003 703.4994566331907
169.87688925154535 624.9518673179448
169.9069648740877 1050.9238077643247
169.93704049663003 1453.9714327736392
169.96711611917237 1441.119382909902
169.99719174171474 1046.2493967824882
170.02726736425709 600.9712445953794
170.05734298679943 397.3023619020572
170.08741860934177 542.3240230341132
170.1174942318841 1088.238024066918
170.14756985442645 2164.4398092706087
170.17764547696882 3848.292538397584
170.20772109951116 5854.37491480695
170.2377967220535 7445.850229959459
170.26787234459584 7836.635360785064
170.29794796713819 6772.184493620344
170.32802358968056 4722.540706948406
170.35809921222287 2553.24442115758
170.38817483476524 994.7555028889901
170.41825045730755 296.18300457085104
170.44832607984992 249.84617966658567
170.47840170239226 470.8117800450468
170.50847732493463 654.8864706244829
170.53855294747697 665.6086422230929
170.5686285700193 508.4061792996866
170.59870419256163 278.1655236678518
170.628779815104 91.38503509713
170.6588554376463 15.223250830826483
170.6889310601887 41.42662879951333
170.71900668273105 130.93614274784022
170.7490823052734 282.437597878598
170.77915792781573 539.0133773086368
170.80923355035807 917.470223777037
170.83930917290044 1344.0873526856942
170.86938479544278 1676.0853520679543
170.89946041798513 1795.4901747513575
170.92953604052747 1687.781849792144
170.9596116630698 1436.2147055740859
170.98968728561215 1152.4138217525583
171.01976290815452 914.335381786932
171.04983853069686 744.2849116719711
171.0799141532392 615.3194057801824
171.10998977578154 479.396004973969
171.14006539832388 315.745660160931
171.17014102086625 166.8098879044313
171.2002166434086 114.58033299199975
171.2302922659509 207.7668069343991
171.26036788849328 417.59204998793433
171.2904435110356 675.0610855089155
171.32051913357796 942.0164613296872
171.35059475612033 1220.529234952728
171.38067037866267 1479.7197860721747
171.410746001205 1594.4983478535466
171.44082162374735 1418.3717406000812
171.47089724628967 961.3389442866545
171.50097286883204 452.6902284395982
171.5310484913744 162.83526096712887
171.56112411391675 156.65888611155836
171.5911997364591 251.08815875451197
171.62127535900143 243.8920830289512
171.65135098154377 167.13437104403388
171.68142660408614 257.351067312146
171.71150222662848 666.9370544488489
171.74157784917082 1250.644292146577
171.77165347171317 1668.036993604226
171.8017290942555 1688.774382119471
171.83180471679785 1375.404289850294
171.8618803393402 973.4447241567452
171.89195596188256 665.533525368665
171.9220315844249 471.64623800306293
171.95210720696724 369.2992590086221
171.98218282950958 424.49561482374367
172.01225845205195 728.8569662082042
172.0423340745943 1214.1674129379855
172.07240969713664 1607.406897615144
172.10248531967895 1644.3017522677478
172.13256094222132 1320.56992637472
172.16263656476363 894.7795624646147
172.19271218730603 657.5406625970304
172.22278780984837 702.8534291364679
172.2528634323907 885.5842091782731
172.28293905493305 975.5864145545283
172.3130146774754 855.1664626575838
172.3430903000177 586.2318561221091
172.3731659225601 323.2860515273535
172.40324154510245 186.90678462833068
172.4333171676448 212.28060140788756
172.46339279018713 381.5897188706455
172.49346841272947 669.4997609600656
172.52354403527184 1052.7487785279527
172.55361965781418 1493.1735986872106
172.58369528035652 1923.0086635106231
172.61377090289886 2248.0739780703975
172.6438465254412 2373.499105473111
172.67392214798355 2249.1803899342526
172.70399777052592 1911.5479345093088
172.73407339306823 1478.6899721872676
172.7641490156106 1085.2565743369632
172.79422463815294 811.9750110380273
172.82430026069528 670.3982626788836
172.85437588323765 631.1149921166674
172.88445150578 645.9076917011306
172.91452712832233 652.1766493530342
172.94460275086468 588.4923310721384
172.974678373407 433.24840849091726
173.00475399594936 231.7483343605488
173.03482961849173 70.10368166193045
173.06490524103407 8.87567088730483
173.0949808635764 41.50163225971064
173.12505648611875 115.3183607511366
173.1551321086611 183.6288672991324
173.18520773120343 241.5317728468312
173.2152833537458 340.57083756472247
173.24535897628814 599.4574307259932
173.2754345988305 1184.4054776247203
173.30551022137283 2199.445550100525
173.33558584391517 3513.828709458379
173.3656614664575 4695.766799697675
173.39573708899988 5199.219088245503
173.42581271154222 4724.21770130825
173.45588833408456 3473.062112345467
173.4859639566269 2040.520520113862
173.51603957916925 978.5573421896556
173.5461152017116 453.31874519803256
173.57619082425396 333.968457333794
173.60626644679627 549.3194434100056
173.63634206933864 1258.2089703333147
173.66641769188098 2600.271173842259
173.69649331442335 4304.136418024614
173.7265689369657 5651.404502080336
173.75664455950803 5924.359602388007
173.78672018205037 4959.570303119936
173.81679580459272 3284.8850371169183
173.84687142713503 1694.8230419401143
173.87694704967743 691.545685295795
173.90702267221977 286.9260175411476
173.9370982947621 216.71251416784995
173.96717391730445 252.97047035375965
173.9972495398468 311.7032097270775
174.02732516238913 352.4619101765664
174.0574007849315 305.7405454403959
174.08747640747384 157.3575821940267
174.11755203001618 49.07391748521678
174.14762765255853 206.75408327551648
174.17770327510087 724.2794254138771
174.20777889764324 1419.2641983466508
174.23785452018555 1939.5231228814291
174.26793014272792 2060.965134844212
174.29800576527026 1889.0983204347392
174.3280813878126 1742.8466467244427
174.35815701035494 1835.6829231656416
174.3882326328973 2084.057996113861
174.41830825543963 2218.6023306996385
174.448383877982 2050.5821340940456
174.4784595005243 1630.9091075096762
174.50853512306668 1196.1860765831939
174.53861074560905 985.3952896215496
174.5686863681514 1080.6582459471126
174.59876199069373 1385.002253115382
174.62883761323607 1729.276652844568
174.6589132357784 1992.3569052319544
174.68898885832076 2145.761054116788
174.71906448086312 2233.8240165683633
174.74914010340547 2340.063506353856
174.7792157259478 2559.785017685771
174.80929134849015 2955.62079989979
174.8393669710325 3488.4256297186366
174.86944259357483 3974.353524504541
174.8995182161172 4137.110066108369
174.92959383865954 3775.147888289408
174.95966946120188 2946.4276775739927
174.98974508374422 1986.646333170196
175.01982070628657 1298.2691810485076
175.0498963288289 1087.270363129525
175.07997195137128 1264.5436367491927
175.1100475739136 1548.982586925842
175.14012319645596 1668.100388027222
175.1701988189983 1522.3713732421822
175.20027444154064 1213.851390615061
175.230350064083 940.3612182839656
175.26042568662535 851.9290968175048
175.29050130916767 972.3458547233311
175.32057693171004 1213.309985246198
175.35065255425235 1439.6413211750596
175.38072817679475 1534.1124299566702
175.4108037993371 1434.0319160960835
175.44087942187943 1149.0056854477587
175.47095504442177 771.4400354326212
175.5010306669641 454.66702067632417
175.53110628950645 338.32801295059966
175.56118191204882 452.5605317108892
175.59125753459116 677.1654054251875
175.6213331571335 816.4293020566228
175.65140877967585 759.9565197465366
175.6814844022182 600.7415866523787
175.71156002476053 576.0535126977785
175.74163564730287 844.1117813315568
175.77171126984524 1296.5406324854991
175.80178689238758 1615.0968547096668
175.83186251492992 1545.235430375986
175.86193813747226 1116.6537654143597
175.89201376001463 601.790331631764
175.92208938255695 270.856564530599
175.95216500509932 182.39582370943268
175.98224062764163 212.54250467440244
176.012316250184 270.1075769976724
176.04239187272634 432.2370052890951
176.0724674952687 848.7602084470577
176.10254311781105 1535.496693608717
176.1326187403534 2279.209623898668
176.1626943628957 2750.143370192297
176.19276998543808 2729.794822545087
176.22284560798045 2257.893092310049
176.2529212305228 1570.8213760418955
176.28299685306513 916.9381224443613
176.31307247560747 433.913591599605
176.3431480981498 153.04998202303022
176.37322372069215 66.46239709840458
176.40329934323452 173.2504030439806
176.43337496577686 465.20604511994713
176.4634505883192 872.8985028017133
176.49352621086155 1233.3768777200492
176.5236018334039 1342.7609122375216
176.55367745594623 1104.9066217528568
176.5837530784886 656.8481477331205
176.6138287010309 305.37494998403406
176.64390432357328 289.88855518254127
176.67397994611562 567.6594478760403
176.70405556865796 832.1210980542986
176.73413119120033 793.527260680023
176.76420681374267 457.7397624564456
176.794282436285 112.19883355170408
176.82435805882736 19.593380536599465
176.85443368136967 135.66612653089558
176.88450930391204 195.9180392895421
176.9145849264544 90.52539929786504
176.94466054899675 99.11308496108879
176.9747361715391 679.9235172052388
177.00481179408143 1948.7470918077283
177.03488741662375 3438.9340766258974
177.06496303916614 4427.103558927473
177.0950386617085 4447.012374496958
177.12511428425083 3616.2944453027217
177.15518990679317 2559.0415628402798
177.1852655293355 1891.5222589930452
177.21534115187785 1758.8251691169369
177.24541677442022 1848.4799909451033
177.27549239696256 1748.4604488865243
177.3055680195049 1302.59501300737
177.33564364204724 692.3469503249016
177.3657192645896 224.3352827152934
177.39579488713196 60.46144048020676
177.42587050967427 117.5362910773294
177.45594613221664 185.2148634261088
177.48602175475895 134.77002306395414
177.51609737730132 40.26556929283241
177.54617299984366 110.15136521959649
177.57624862238603 476.6279987380749
177.60632424492837 1045.5436393210607
177.63639986747071 1556.899154602244
177.66647549001303 1806.2839043063047
177.6965511125554 1860.5428778922385
177.7266267350977 2058.116207638997
177.7567023576401 2710.0774895303407
177.78677798018245 3771.2263741714487
177.8168536027248 4831.077640359404
177.84692922526713 5380.175433398541
177.87700484780947 5104.910089705922
177.90708047035184 4091.1159021243056
177.93715609289418 2792.2516137362145
177.96723171543653 1709.863554184873
177.99730733797887 1093.7812143582082
178.0273829605212 918.8012280681272
178.05745858306355 1013.489242052354
178.08753420560592 1179.660757705898
178.11760982814826 1280.4405762322467
178.1476854506906 1278.7499447869604
178.17776107323294 1211.3261737312007
178.20783669577528 1132.3602784836808
178.23791231831763 1072.7691373279088
178.26798794086 1035.8398620314988
178.2980635634023 1018.7613954454996
178.32813918594468 1029.5462481811496
178.358214808487 1079.46908934154
178.38829043102936 1165.618019942205
178.41836605357173 1264.6476778968663
178.44844167611407 1342.318026034869
178.4785172986564 1386.3043846291775
178.50859292119875 1445.2330778556852
178.53866854374107 1611.1785466027395
178.56874416628344 1935.7552408903664
178.5988197888258 2369.989690729036
178.62889541136815 2784.362582521906
178.6589710339105 3028.6196889539415
178.68904665645283 3005.4246131654986
178.71912227899517 2745.270224400144
178.74919790153754 2393.8067929385084
178.77927352407988 2079.078675699419
178.80934914662222 1804.8963095067584
178.83942476916457 1489.043183177282
178.8695003917069 1074.038071672485
178.89957601424925 598.9379823508797
178.9296516367916 195.44103097693807
178.95972725933396 6.360976562284734
178.9898028818763 81.29594940129901
179.01987850441864 348.79209311245944
179.04995412696098 686.3644603828507
179.08002974950335 1012.2476298278071
179.11010537204567 1328.592658179717
179.14018099458804 1697.543568964887
179.17025661713035 2166.1364277695725
179.20033223967272 2688.3618588506424
179.23040786221503 3108.825328065113
179.26048348475743 3233.95372032706
179.29055910729977 2946.6115068388194
179.3206347298421 2286.93976527028
179.35071035238445 1450.5798502183952
179.3807859749268 700.3474085722644
179.4108615974691 231.78895926285884
179.4409372200115 79.24843972566195
179.47101284255385 132.3086300442031
179.5010884650962 239.70014229253664
179.53116408763853 308.3017918914133
179.56123971018087 326.93705101386473
179.59131533272324 324.2506227629095
179.62139095526558 318.59348153170885
179.65146657780792 302.87364873946007
179.68154220035026 262.7238173112727
179.7116178228926 194.71653734690713
179.74169344543495 107.35583388653183
179.77176906797732 28.56464437181593
179.80184469051963 38.284673337008776
179.831920313062 289.3309266000072
179.86199593560434 943.4497112986371
179.89207155814668 1995.8482408919444
179.92214718068905 3115.860980425015
179.9522228032314 3733.328733731472
179.9822984257737 3417.756931640868
180.01237404831608 2271.156539704393
180.0424496708584 949.425843475051
180.07252529340076 195.24932073375007
180.10260091594313 250.06413911327368
180.13267653848547 696.0917644448886
180.1627521610278 882.1201967708291
180.19282778357012 556.4995175154394
180.2229034061125 95.70723906647687
180.25297902865483 63.515059863263325
180.2830546511972 569.9485070935058
180.31313027373955 1125.5444503451524
180.3432058962819 1153.3165776683154
180.37328151882423 636.8234386060597
180.40335714136657 206.0160164771236
180.4334327639089 557.3856949849861
180.46350838645128 1792.0090112605947
180.4935840089936 3296.7810859893025
180.523659631536 4295.274043617547
180.55373525407833 4535.244871033528
180.58381087662065 4412.215691212022
180.613886499163 4503.424934839203
180.64396212170533 5081.864062583473
180.67403774424767 5993.5306680699105
180.70411336679004 6846.672179107846
180.7341889893324 7292.414917733845
180.76426461187475 7211.380497095432
180.7943402344171 6741.225880572617
180.82441585695943 6178.862581593388
180.85449147950175 5811.017667002465
180.8845671020441 5736.282534249172
180.91464272458643 5770.843271058449
180.9447183471288 5520.3678829969485
180.9747939696712 4630.490913429697
181.0048695922135 3103.872954308995
181.03494521475585 1423.808155900127
181.06502083729816 282.8133936943255
181.09509645984053 102.2176492570317
181.12517208238287 772.2318012944116
181.15524770492524 1775.7232814200784
181.1853233274676 2530.7147247654775
181.21539895000993 2725.1524890895107
181.24547457255224 2457.4410968856632
181.27555019509464 2108.060724013432
181.30562581763695 2054.9927274808724
181.3357014401793 2431.9477970780845
181.3657770627217 3062.9420350971454
181.395852685264 3592.6887340653448
181.42592830780637 3722.1589513787694
181.45600393034871 3388.0111077932775
181.48607955289103 2770.7769989391554
181.51615517543337 2157.3335340506214
181.5462307979757 1777.496167029544
181.57630642051808 1715.3837850211592
181.60638204306045 1912.983831027344
181.6364576656028 2225.5023773120615
181.66653328814516 2500.175040575164
181.69660891068747 2670.1962413348638
181.7266845332298 2819.9649449323206
181.75676015577213 3146.173467518599
181.78683577831447 3803.398295791412
181.81691140085687 4732.262882164749
181.8469870233992 5604.824879117398
181.87706264594155 5971.804543794206
181.9071382684839 5548.263613781896
181.93721389102623 4406.099456175683
181.9672895135686 2914.9781930494496
181.99736513611091 1528.6471458895164
182.02744075865328 586.4831585466644
182.0575163811956 201.93637830638707
182.087592003738 259.2807565791844
182.11766762628037 512.7396885716287
182.14774324882268 737.5976695887971
182.177818871365 868.6237731121327
182.20789449390736 1053.7209723277592
182.23797011644967 1556.6314835881888
182.26804573899204 2542.5459704561094
182.2981213615344 3909.826511876837
182.32819698407675 5304.059072813189
182.35827260661907 6289.120107792936
182.38834822916144 6550.204893709995
182.41842385170375 6029.897160692374
182.44849947424612 4958.057860572016
182.4785750967885 3762.911061141476
182.50865071933083 2875.682726430003
182.5387263418732 2509.022009285943
182.5688019644155 2548.4605082095063
182.59887758695783 2647.6894386898366
182.62895320950025 2474.593662849009
182.65902883204257 1934.598750078116
182.68910445458488 1204.1615635057283
182.71918007712725 560.2581617221233
182.7492556996696 170.40085884779052
182.77933132221196 20.80748963169486
182.80940694475433 2.5014168275846758
182.83948256729664 37.20046309167292
182.86955818983895 131.13240301076215
182.89963381238127 342.6277503873501
182.92970943492367 720.4772028099388
182.95978505746604 1262.7351493983124
182.9898606800084 1897.7918161312753
183.01993630255072 2479.756104303546
183.05001192509303 2827.492266840616
183.0800875476354 2817.227750771575
183.1101631701777 2462.444090833108
183.14023879272008 1912.951789990443
183.17031441526245 1371.8459182356464
183.2003900378048 982.9148476181346
183.23046566034716 768.4255656794835
183.26054128288948 662.4521411501453
183.29061690543185 593.5706462646993
183.32069252797416 534.5232947372839
183.35076815051647 492.406008246813
183.38084377305887 473.51261890726647
183.4109193956012 466.23853199887
183.44099501814355 455.0704330020896
183.47107064068592 442.35591194801566
183.50114626322824 448.09361326726366
183.5312218857706 486.9629761502507
183.56129750831292 557.2586490221206
183.5913731308553 674.5835412760923
183.6214487533976 925.3988528144104
183.65152437594 1462.4848396053856
183.68159999848237 2392.075929666663
183.71167562102468 3598.309780633363
183.74175124356705 4660.243477768242
183.77182686610936 5036.233407603142
183.8019024886517 4468.897083144325
183.83197811119408 3257.434886330581
183.8620537337364 2085.591637928128
183.89212935627876 1504.7060454833622
183.92220497882107 1510.019278486927
183.95228060136344 1602.054476434026
183.9823562239058 1308.023084574481
184.01243184644812 674.934685962496
184.0425074689905 227.83820912006863
184.07258309153283 431.8302115048453
184.1026587140752 1223.795462316136
184.13273433661757 2064.525147504375
184.1628099591599 2396.801536199044
184.19288558170223 2064.1800257788414
184.22296120424457 1383.865259914145
184.25303682678688 865.1667256794792
184.28311244932925 801.2983144508762
184.3131880718716 1070.449390284144
184.343263694414 1290.4933451673967
184.37333931695633 1143.900188097706
184.40341493949865 636.7513727298702
184.43349056204096 162.7922464741166
184.46356618458327 306.5028545372652
184.49364180712567 1453.3618341588751
184.52371742966804 3444.5183741253018
184.5537930522104 5560.7823704531365
184.58386867475272 6917.512325437649
184.61394429729503 6986.865516055347
184.64401991983743 5856.4056613756575
184.67409554237975 4087.219893208977
184.7041711649221 2336.485534421992
184.73424678746443 1036.0631490657568
184.7643224100068 303.1368430135233
184.79439803254917 32.36119839865285
184.8244736550915 34.238279778160326
184.85454927763385 151.1593091193857
184.88462490017616 331.68520717789676
184.91470052271853 628.63101963611
184.94477614526087 1101.5272403958159
184.97485176780324 1697.3462210107991
185.0049273903456 2232.0464154685033
185.03500301288793 2506.9107167620264
185.06507863543024 2455.115781337247
185.0951542579726 2161.2079059736584
185.12522988051492 1737.8845971367148
185.1553055030573 1252.7581373330172
185.1853811255997 832.126786292029
185.215456748142 784.4429980448647
185.24553237068437 1500.8059985989405
185.27560799322669 3135.474281387721
185.30568361576903 5370.320754653569
185.33575923831137 7537.617934752494
185.3658348608537 9002.516475949302
185.39591048339608 9459.852563347078
185.4259861059384 8953.918215007607
185.4560617284808 7727.808651266573
185.48613735102316 6124.067420001505
185.51621297356547 4598.784723045969
185.5462885961078 3659.5860000445623
185.57636421865013 3573.378807023604
185.60643984119247 4053.6301043931553
185.63651546373484 4363.812010753138
185.6665910862772 3940.729345118534
185.69666670881955 2956.385810836958
185.7267423313619 2150.7116893399225
185.75681795390423 2101.0015029258766
185.78689357644657 2703.4975441587862
185.81696919898891 3335.3133318804407
185.84704482153128 3487.0523637497995
185.8771204440736 3211.1041285656174
185.907196066616 2937.285613759873
185.9372716891583 2915.5744928525496
185.96734731170065 2935.704566179788
185.997422934243 2621.433387049325
186.02749855678536 1922.3139717683048
186.05757417932767 1221.5457152522208
186.08764980187004 957.4896133795158
186.1177254244124 1191.844901457386
186.14780104695475 1580.5349472325559
186.17787666949707 1729.773249787256
186.20795229203944 1518.95943875914
186.23802791458175 1108.9324172992726
186.2681035371241 729.1770923776014
186.2981791596665 502.99918348476655
186.32825478220883 454.934161635594
186.3583304047512 608.3592864442608
186.3884060272935 1004.3579177538217
186.41848164983583 1625.2380306097316
186.44855727237817 2344.0418482210266
186.4786328949205 2977.621777096854
186.50870851746288 3382.525694189186
186.53878414000525 3491.9406751436127
186.5688597625476 3289.3771013651426
186.59893538508996 2794.4998334475454
186.62901100763227 2099.859849279315
186.65908663017464 1408.679788034223
186.68916225271695 984.7872793830352
186.71923787525927 995.711479110044
186.7493134978017 1357.9790978138963
186.779389120344 1740.592318182532
186.80946474288635 1777.014317908916
186.83954036542872 1350.7284335033028
186.86961598797103 717.7152506751239
186.8996916105134 327.05001225289453
186.9297672330557 460.0752364065988
186.95984285559808 994.4071130910387
186.98991847814045 1499.9538677834769
187.0199941006828 1591.6761785053136
187.05006972322516 1228.6564406452171
187.08014534576748 683.4276458823119
187.1102209683098 256.1151910592164
187.14029659085213 53.926391112198665
187.17037221339447 11.9815572968852
187.20044783593687 48.61385772255001
187.2305234584792 137.26872822999331
187.26059908102155 242.90297838449905
187.29067470356387 278.19177179699653
187.32075032610624 187.30933929678315
187.3508259486486 50.752270404821445
187.38090157119092 22.810224287996085
187.4109771937333 128.65073204636937
187.4410528162756 196.98864211992884
187.471128438818 95.08280578161337
187.50120406136037 39.37143659562984
187.53127968390268 561.0098107901175
187.56135530644505 2045.9755160577993
187.59143092898736 4267.751241262848
187.62150655152968 6420.54979028644
187.65158217407205 7708.606728090271
187.6816577966144 7905.787375087462
187.71173341915676 7338.144934085783
187.74180904169907 6438.739999981698
187.77188466424144 5364.795437383625
187.80196028678375 4033.4336227519766
187.83203590932612 2504.3053143953407
187.8621115318685 1159.562802394532
187.89218715441083 398.7474715756577
187.9222627769532 247.1641383891969
187.95233839949552 356.95529579085286
187.98241402203783 386.4513295438571
188.01248964458023 303.4627843929682
188.04256526712257 280.95497111193055
188.07264088966488 379.4476938502105
188.10271651220725 440.3678023794792
188.1327921347496 311.11788059308634
188.16286775729196 90.38109649902307
188.19294337983433 48.657895136631886
188.22301900237665 297.71037210832634
188.25309462491896 620.2815834023725
188.28317024746127 686.270878291253
188.31324587000367 415.35333517490886
188.34332149254604 80.59165462422759
188.3733971150884 31.859993468926636
188.40347273763072 338.05794402960333
188.43354836017303 737.0543878263894
188.4636239827154 907.499831829841
188.49369960525772 747.8345239514398
188.5237752278001 413.89622754722336
188.55385085034243 140.86529761645315
188.5839264728848 62.07790414611642
188.61400209542717 166.64729044615459
188.64407771796948 367.63323515615247
188.67415334051185 567.0736220041239
188.70422896305416 681.2585278063566
188.73430458559653 696.633466371757
188.76438020813887 670.7547239990039
188.7944558306812 637.9973608924936
188.82453145322356 624.0147969998148
188.85460707576593 667.4617938994819
188.88468269830824 713.4629743637865
188.9147583208506 675.7994492511535
188.94483394339292 579.675890382866
188.9749095659353 480.7931166957261
189.00498518847763 380.1229766720031
189.03506081102 276.06583607164794
189.06513643356237 184.66321699789165
189.09521205610469 122.20186383975674
189.12528767864703 115.30239711849448
189.15536330118937 235.78649392603728
189.1854389237317 613.6685487851197
189.21551454627408 1340.7097779994342
189.2455901688164 2283.2533123730045
189.2756657913588 3011.53523970721
189.30574141390113 3057.84059912606
189.33581703644344 2339.420021800445
189.3658926589858 1314.405185008116
189.39596828152813 707.0603897315156
189.42604390407047 991.6861998546063
189.45611952661284 2034.097193441744
189.4861951491552 3239.332998559281
189.51627077169755 4058.616213005792
189.5463463942399 4325.000963766258
189.57642201678223 4136.58589298393
189.60649763932457 3561.2260016242767
189.63657326186689 2600.3862007404346
189.66664888440923 1411.3864057038686
189.6967245069516 416.72003413293504
189.726800129494 94.72295634168718
189.7568757520363 615.5804796827376
189.78695137457865 1669.4397198682132
189.81702699712096 2698.3448418919666
189.84710261966333 3339.717635175657
189.87717824220567 3613.7131708822953
189.90725386474804 3706.476514415677
189.9373294872904 3690.3981026450306
189.96740510983273 3490.865564560572
189.99748073237504 3052.224363421056
190.02755635491744 2437.558314710864
190.05763197745975 1746.9452557956884
190.0877076000021 1045.5369501152654
190.1177832225445 423.7072305311614
190.1478588450868 78.37489907489491
190.17793446762917 290.3038912985519
190.2080100901715 1232.4704361827075
190.23808571271385 2734.8127307828127
190.26816133525617 4296.48676935588
190.2982369577985 5387.254590249088
190.32831258034088 5725.973782925596
190.35838820288325 5306.029379293713
190.3884638254256 4282.968345102133
190.41853944796796 2912.44964734346
190.44861507051027 1535.7233334281416
190.4786906930526 526.9340723430892
190.50876631559493 144.00484763442995
190.53884193813727 332.03820397689327
190.5689175606797 700.5629390767614
190.598993183222 803.0561147070129
190.62906880576435 508.96723240565245
190.6591444283067 129.37267668092258
190.68922005084903 168.71051812069763
190.7192956733914 897.4652467948861
190.7493712959337 2105.5625779604893
190.77944691847608 3235.894301147615
190.8095225410184 3756.3738274628895
190.8395981635608 3468.6278338813727
190.86967378610316 2572.497140554609
190.89974940864548 1507.4081089692695
190.9298250311878 714.7481889512693
190.95990065373013 466.8855420891285
190.98997627627247 806.5963167852957
191.02005189881484 1553.245943976761
191.0501275213572 2357.9751216311015
191.08020314389955 2837.836653151151
191.1102787664419 2763.666924481173
191.14035438898424 2194.863701931444
191.17043001152655 1466.188390915377
191.20050563406892 1012.8014758048472
191.2305812566113 1130.6661200901203
191.2606568791536 1844.178571268956
191.290732501696 2964.482550967841
191.3208081242383 4235.576654950125
191.35088374678065 5399.482279181446
191.38095936932305 6155.317213492701
191.41103499186536 6184.189143023648
191.44111061440768 5351.321638462667
191.47118623695005 3908.7149010263056
191.5012618594924 2430.4587537010348
191.53133748203473 1452.4225953441307
191.56141310457707 1098.9808686438105
191.59148872711944 1046.334447763045
191.62156434966175 874.6806513089816
191.65163997220407 474.61134764889135
191.6817155947465 97.1297140823128
191.71179121728883 17.03345512563213
191.7418668398312 238.40319628636627
191.77194246237352 617.8783096047598
191.80201808491583 1252.6016727723843
191.83209370745817 2604.2865250929103
191.8621693300005 5092.215986891008
191.89224495254288 8502.799988570381
191.92232057508525 11785.469287948115
191.9523961976276 13535.126856043633
191.98247182016996 12923.609409538409
192.01254744271228 10287.870889741109
192.04262306525465 6841.638686013867
192.07269868779696 3893.2419543333776
192.10277431033927 2222.0621136970785
192.13284993288167 1896.9995290663971
192.162925555424 2460.0646227617394
192.19300117796635 3238.91075493844
192.22307680050872 3639.165398769708
192.25315242305103 3371.2956812365846
192.2832280455934 2536.6912222288865
192.31330366813572 1508.7942099571223
192.3433792906781 667.6564196653272
192.3734549132204 180.54019575433423
192.4035305357628 12.195461016733718
192.43360615830517 108.48947481352492
192.46368178084748 500.36742968907254
192.49375740338985 1203.8650677210871
192.52383302593216 2057.9842458211047
192.55390864847453 2738.442488491684
192.58398427101687 3006.5628160831116
192.6140598935592 2937.1837999634467
192.64413551610156 2852.2038008638783
192.67421113864387 3040.511773501655
192.70428676118624 3524.3176291138766
192.7343623837286 4019.6091792508214
192.76443800627092 4132.344952259434
192.7945136288133 3675.931999965071
192.82458925135563 2827.4625242046936
192.854664873898 1968.7779984390168
192.88474049644037 1375.5071729552594
192.91481611898269 1049.7967981739775
192.94489174152503 819.4789795055715
192.97496736406737 559.0036720849778
193.00504298660968 318.96088784463785
193.03511860915205 276.61060829568584
193.0651942316944 567.2598122570295
193.0952698542368 1139.6330619758455
193.12534547677913 1757.3217381460047
193.15542109932144 2147.7908386127315
193.18549672186376 2173.1329991759076
193.21557234440613 1886.153859476992
193.24564796694847 1458.610537522728
193.27572358949084 1065.319337554138
193.3057992120332 802.8173988312576
193.33587483457552 679.8759597778196
193.36595045711783 663.862040761523
193.39602607966023 720.8046384882598
193.42610170220257 806.2381779899739
193.45617732474489 841.7982916161437
193.48625294728723 743.4324737451761
193.5163285698296 497.0123283270738
193.54640419237197 200.92045713186107
193.5764798149143 18.08291030116837
193.60655543745665 70.86472174790381
193.63663105999896 356.6188675675863
193.66670668254133 736.378464298599
193.69678230508367 1011.2298369271044
193.72685792762604 1045.5652771258865
193.7569335501684 843.9247172173757
193.78700917271073 526.4434068174745
193.81708479525304 238.21394016427917
193.8471604177954 64.38725947006564
193.87723604033772 3.947967280727141
193.9073116628801 5.785355267620349
193.9373872854225 23.220418678826693
193.9674629079648 46.184183719913285
193.99753853050717 107.0894438910923
194.02761415304948 270.3529869593537
194.05768977559185 598.5186349768845
194.08776539813417 1090.2261819674932
194.1178410206765 1630.276524713418
194.14791664321888 2017.192097458036
194.1779922657612 2079.174069442891
194.2080678883036 1800.9188360424719
194.23814351084596 1354.7999663893368
194.26821913338827 989.7951018709736
194.2982947559306 851.4740044808278
194.32837037847293 896.826473853312
194.35844600101527 986.5427020736896
194.38852162355764 1041.9059894023196
194.4185972461 1093.1244879023432
194.44867286864235 1186.1788470639651
194.4787484911847 1282.9906008086007
194.50882411372703 1282.455929340738
194.53889973626937 1129.660507682269
194.5689753588117 897.3575535301799
194.59905098135408 764.8758298001494
194.6291266038964 884.5423241886283
194.6592022264388 1231.664088365693
194.6892778489811 1600.3260059676024
194.71935347152345 1771.034682108637
194.7494290940658 1687.6368770802767
194.77950471660813 1502.2463296974258
194.80958033915047 1484.309199651919
194.83965596169284 1844.3477802975024
194.8697315842352 2550.4519304872006
194.89980720677755 3280.82552581506
194.9298828293199 3601.836401650068
194.95995845186224 3253.590138875919
194.99003407440455 2322.599715862005
195.0201096969469 1195.7518973575443
195.05018531948923 340.2334618555816
195.0802609420316 42.15463560168604
195.110336564574 273.05475093727495
195.1404121871163 751.5230122936051
195.17048780965865 1126.31561941269
195.20056343220097 1184.6560745129411
195.2306390547433 975.771075039424
195.26071467728568 757.1321987623049
195.29079029982805 801.0754306877526
195.3208659223704 1183.0309463481444
195.35094154491273 1691.457422257632
195.38101716745507 1970.2981078295063
195.41109278999744 1800.8626610506103
195.44116841253975 1265.830444571036
195.4712440350821 661.1643802400076
195.5013196576245 260.47561458848617
195.5313952801668 154.08600811823058
195.56147090270915 277.9339515181034
195.59154652525152 527.5611567659167
195.62162214779383 802.0582239931208
195.65169777033617 977.1391006318024
195.6817733928785 924.3761672741098
195.71184901542088 625.7619411911832
195.74192463796325 272.6518531465904
195.7720002605056 183.59431820384344
195.80207588304796 542.5640526745537
195.83215150559028 1199.7702183011295
195.8622271281326 1749.5332879427533
195.89230275067493 1830.6789160868295
195.92237837321727 1408.454345470513
195.95245399575967 791.1344911192203
195.982529618302 355.3436647035138
196.01260524084435 260.87240620174254
196.0426808633867 405.7391722638528
196.07275648592903 577.3631934040383
196.1028321084714 623.4011330042357
196.13290773101372 524.8503059357389
196.1629833535561 356.82493257044507
196.1930589760984 204.73650961300208
196.2231345986408 111.3660244638418
196.25321022118317 77.7495418797833
196.28328584372548 98.54893605078009
196.31336146626785 200.53420593821843
196.34343708881016 445.7839138537177
196.37351271135248 873.4159515271875
196.40358833389485 1414.2880701545355
196.4336639564372 1872.0378035662727
196.46373957897956 2026.24840818372
196.49381520152187 1791.9380693390087
196.52389082406424 1298.6033757762807
196.55396644660655 810.4948907237285
196.58404206914892 547.7224916110813
196.6141176916913 558.2756036304729
196.64419331423363 736.36472828779
196.674268936776 943.9832661698275
196.70434455931832 1115.1150576035477
196.73442018186063 1264.9070356570303
196.76449580440303 1428.4564000841644
196.79457142694537 1602.733018758938
196.82464704948768 1730.7736808399902
196.85472267203005 1725.4590469017091
196.8847982945724 1522.4056326871848
196.91487391711476 1139.9574166945247
196.94494953965713 695.7887716465164
196.97502516219944 341.33166095313914
197.00510078474176 153.9420310730952
197.03517640728407 91.14481321729059
197.06525202982647 66.16915966450533
197.09532765236884 77.69785555885062
197.1254032749112 245.103704410564
197.15547889745352 678.890113321735
197.18555451999583 1309.099570851295
197.2156301425382 1865.2287940275164
197.24570576508052 2059.8207276767366
197.27578138762289 1825.5327747947167
197.30585701016523 1363.9335897382673
197.3359326327076 945.2228337362061
197.36600825524997 686.5645780258329
197.39608387779228 525.1389454127686
197.42615950033465 361.6282589539247
197.45623512287696 196.76877921701237
197.48631074541933 114.43929449878551
197.51638636796167 154.8476397513209
197.546461990504 248.33207549502836
197.57653761304636 284.84752699330943
197.60661323558872 229.89415630948824
197.63668885813104 145.1851098364768
197.6667644806734 98.07430191577197
197.69684010321572 90.04716115748852
197.7269157257581 88.41093175057142
197.75699134830043 103.31523383368608
197.7870669708428 196.0171145067158
197.81714259338517 386.32103854191297
197.84721821592748 571.6466112317055
197.87729383846985 586.6158540451261
197.90736946101217 385.3890008849492
197.9374450835545 175.8080176884637
197.96752070609688 324.0902236167745
197.9975963286392 1060.676537915252
198.0276719511816 2250.570740395104
198.05774757372393 3431.575385729052
198.08782319626624 4079.14558641908
198.1178988188086 3916.1269800921177
198.14797444135093 3068.6311668271246
198.17805006389327 1956.9805342246143
198.20812568643564 1010.3816537502776
198.238201308978 435.3293881003582
198.26827693152035 194.0455341582226
198.2983525540627 157.21467086433756
198.32842817660503 271.9405950292261
198.35850379914737 608.1733162564022
198.38857942168968 1261.6947220493012
198.41865504423205 2207.9248456451623
198.4487306667744 3239.938647979719
198.4788062893168 4040.8316264944856
198.5088819118591 4330.272765049056
198.53895753440145 4002.251991035189
198.56903315694376 3184.0944710200943
198.59910877948613 2167.7964897704655
198.62918440202847 1250.8459087463475
198.65926002457084 605.8880284564837
198.6893356471132 257.4779146124142
198.71941126965552 141.46960823840834
198.74948689219784 176.1172603904797
198.77956251474023 292.66482002152753
198.80963813728255 426.16586973167193
198.8397137598249 511.14765701312666
198.86978938236723 509.9509937809447
198.8998650049096 450.2206166585384
198.92994062745197 428.89538023960097
198.9600162499943 561.7376935222154
198.99009187253665 899.8052959061907
199.02016749507897 1373.7527516441053
199.0502431176213 1819.6925294093344
199.08031874016368 2071.3078442256783
199.11039436270605 2043.3582777711
199.1404699852484 1754.0895909370956
199.17054560779073 1294.0658903079923
199.20062123033304 779.338202458459
199.2306968528754 325.1382765435515
199.26077247541772 44.01676303484484
199.2908480979601 32.2966225116683
199.3209237205025 317.8136353655622
199.3509993430448 800.1374711290867
199.38107496558715 1259.2478644607495
199.4111505881295 1473.1636599054211
199.44122621067183 1367.9389961914555
199.47130183321417 1061.7088738881707
199.5013774557565 759.2129505375843
199.53145307829888 601.9263593375333
199.5615287008412 630.1943175136033
199.5916043233836 891.9923795449149
199.62167994592596 1538.9584275928155
199.65175556846827 2721.5829182691814
199.6818311910106 4320.1737045454365
199.71190681355293 5829.402875791512
199.74198243609527 6608.569293603753
199.77205805863764 6273.521014459108
199.80213368118 4932.064398475559
199.83220930372235 3140.3416246302063
199.8622849262647 1557.3440940182256
199.89236054880703 549.8157915874579
199.92243617134935 101.85568492423116
199.95251179389172 0.7696066855674003
199.9825874164341 37.91800054832394
200.0126630389764 87.35544965677433
200.0427386615188 91.98338244741224
200.0728142840611 54.37031551114355
200.10288990660345 42.03824792088765
200.13296552914585 145.9726942746781
200.16304115168816 381.9233232434842
200.19311677423048 634.687335254821
200.22319239677284 746.6531951567264
200.2532680193152 662.3184113239089
200.28334364185756 468.0525169773133
200.31341926439987 294.9024120618996
200.34349488694224 192.69102320281624
200.37357050948455 128.44323479373887
200.4036461320269 109.09233408313666
200.4337217545693 251.25560019583088
200.46379737711163 677.4117307215704
200.493872999654 1360.2112657474522
200.52394862219631 2084.4049766889634
200.55402424473863 2528.875714405852
200.58409986728097 2494.072118826076
200.6141754898233 2111.4877249015994
200.64425111236568 1666.2062386538134
200.67432673490805 1283.2196232306571
200.7044023574504 963.1349027735533
200.73447797999276 717.7947034701859
200.76455360253507 548.8075150603688
200.79462922507744 448.67644964983754
200.82470484761976 442.3182454358572
200.85478047016207 577.3641835669449
200.88485609270447 878.2691041856122
200.9149317152468 1295.5570734648
200.94500733778915 1699.0152931648984
200.97508296033152 1948.31845449282
201.00515858287383 1998.831685128339
201.0352342054162 1939.0073422733408
201.06530982795852 1895.920726875682
201.09538545050088 1886.4379750674088
201.12546107304323 1785.2400206243647
201.1555366955856 1471.374722507844
201.18561231812797 985.2735430284106
201.21568794067028 510.6666561581421
201.2457635632126 211.80550887325103
201.27583918575496 100.00881649866476
201.30591480829733 63.09507504365963
201.33599043083967 21.817701700250986
201.366066053382 22.173790326586648
201.39614167592435 151.9941529891125
201.42621729846667 399.1854691840808
201.45629292100904 623.9277126277656
201.4863685435514 674.6919417456194
201.51644416609372 529.099104707395
201.5465197886361 304.8848761409502
201.57659541117843 134.00397642377845
201.6066710337208 57.13979218130059
201.63674665626317 41.16356181835936
201.66682227880548 67.28694117075429
201.69689790134785 178.76813589271373
201.72697352389017 437.7630100671952
201.75704914643248 839.0469831877483
201.78712476897485 1266.829507190816
201.8172003915172 1546.4369297049923
201.84727601405956 1555.8560860158009
201.87735163660193 1312.7623972375925
201.90742725914424 984.3065714406514
201.93750288168656 798.9374789659605
201.96757850422892 894.4685096215651
201.99765412677127 1207.716846184598
202.02772974931364 1496.6718168182963
202.057805371856 1500.3740807166387
202.08788099439832 1137.4162870411028
202.11795661694063 582.1753568800809
202.14803223948303 136.27744876545387
202.17810786202537 6.912033536407701
202.20818348456768 188.766045548408
202.23825910711005 515.6791127936748
202.2683347296524 805.8692688092376
202.29841035219476 988.501169011525
202.3284859747371 1122.2224848361616
202.35856159727945 1307.7213178949555
202.38863721982176 1584.0552577939159
202.41871284236407 1882.1991718283828
202.44878846490647 2051.092353713541
202.47886408744884 1946.1940705603615
202.5089397099912 1546.553443326136
202.53901533253352 1010.2978952750929
202.56909095507584 584.9463094390788
202.5991665776182 427.8888439284013
202.62924220016052 503.0993617806319
202.6593178227029 644.1432831535236
202.68939344524523 720.0568387822832
202.7194690677876 766.2872871299744
202.74954469032997 950.639042304075
202.77962031287228 1373.3470351455303
202.80969593541465 1899.7009065104523
202.83977155795696 2219.7987545959736
202.8698471804993 2092.7976336113634
202.89992280304168 1550.551156704887
202.929998425584 882.2335553465441
202.96007404812636 415.8864897353533
202.99014967066873 281.4579865615107
203.02022529321104 352.7932780197145
203.0503009157534 404.01532588618034
203.08037653829572 324.1673170831919
203.1104521608381 194.50953055349103
203.14052778338043 166.87657381139215
203.1706034059228 280.05784865016716
203.20067902846515 412.04021817991526
203.2307546510075 407.0028940692269
203.26083027354983 239.81512220281675
203.29090589609217 58.22717996019427
203.3209815186345 60.96460193804957
203.35105714117688 321.328106938963
203.3811327637192 719.0006551275842
203.4112083862616 1039.77509666703
203.44128400880393 1138.07262576786
203.47135963134625 1022.1521718971798
203.5014352538886 825.3356198380029
203.53151087643093 705.6879816288946
203.56158649897327 734.7073163270253
203.59166212151564 841.033379573807
203.621737744058 863.0542480240601
203.65181336660035 694.2931493380937
203.6818889891427 401.8238978334347
203.71196461168503 194.12301225518
203.74204023422735 247.29049230884524
203.7721158567697 532.7781791993035
203.80219147931203 815.0339514876922
203.8322671018544 855.0444510247921
203.8623427243968 632.6276161268379
203.8924183469391 359.2951144729782
203.92249396948145 276.8968275452252
203.95256959202376 435.514017358583
203.98264521456613 666.9097376106574
204.01272083710847 792.3453003471385
204.04279645965084 803.6348828528505
204.0728720821932 808.1871283784023
204.10294770473553 869.9337105881475
204.13302332727784 927.6269422690829
204.16309894982024 863.3315543807394
204.19317457236255 669.9847129152861
204.2232501949049 481.24327937679016
204.2533258174473 400.0327639029658
204.2834014399896 380.65641490448496
204.31347706253197 312.5072515020214
204.34355268507431 196.19960995979287
204.37362830761663 207.1342515784004
204.40370393015897 534.8500269999695
204.4337795527013 1150.9704442447692
204.46385517524368 1760.589157739224
204.49393079778605 2005.5742397812264
204.5240064203284 1749.1919314314507
204.55408204287076 1169.6803776879344
204.58415766541307 582.6145417179538
204.6142332879554 204.6318171106968
204.64430891049773 62.72601911254622
204.67438453304007 56.13286323541863
204.70446015558247 77.24088367996785
204.7345357781248 95.49451046734515
204.76461140066715 161.28484755498417
204.7946870232095 353.8710845724267
204.82476264575183 714.6790578638606
204.8548382682942 1196.8937847431566
204.88491389083651 1658.3402446494536
204.91498951337888 1918.3017263468128
204.9450651359212 1863.2544619596672
204.9751407584636 1526.710148091582
205.00521638100597 1067.4032422117143
205.03529200354828 662.9132841318918
205.0653676260906 410.9820353982056
205.09544324863296 303.27780587083447
205.12551887117527 266.21745444921726
205.15559449371764 225.48057521560145
205.18567011626 151.35828930368965
205.21574573880235 65.0425165720361
205.24582136134467 10.970930924447735
205.27589698388704 15.308415828310148
205.30597260642935 61.00634660833455
205.33604822897172 106.16328979012452
205.3661238515141 136.7396044386535
205.39619947405643 200.09396179007703
205.4262750965988 376.62655902913747
205.4563507191411 709.4840046998461
205.48642634168343 1148.8632692039007
205.51650196422585 1558.5903715060556
205.54657758676817 1781.1542819866875
205.57665320931048 1702.9730762134404
205.60672883185285 1301.9511801012075
205.6368044543952 700.0177391459781
205.66688007693756 170.1292716263682
205.69695569947993 13.893490663872024
205.72703132202224 341.7697434729036
205.75710694456455 937.0398280821901
205.78718256710687 1371.3797128910735
205.81725818964927 1325.5643885499985
205.84733381219164 867.0361534907759
205.877409434734 413.2219308140191
205.90748505727632 352.8331516880496
205.93756067981863 682.2618028574486
205.967636302361 1029.230564669256
205.9977119249033 1015.7801402311452
206.02778754744568 607.4404946153364
206.05786316998805 140.0017028383811
206.0879387925304 14.231118464969216
206.11801441507276 356.3356678244246
206.14809003761508 937.7858096674807
206.17816566015745 1383.1829278815662
206.20824128269976 1448.943309689527
206.23831690524207 1140.6385523657632
206.26839252778447 648.0319736236231
206.2984681503268 215.1978360801864
206.32854377286915 16.40081645895121
206.35861939541152 72.9197736670855
206.38869501795384 255.71239096995473
206.4187706404962 386.0324349430964
206.44884626303852 372.0750041948112
206.4789218855809 269.6440758273474
206.5089975081232 206.75326482932437
206.5390731306656 250.03257671065387
206.56914875320797 353.5824314560152
206.59922437575028 433.96452959812115
206.62929999829265 478.79311967924633
206.65937562083496 557.7296177432689
206.6894512433773 714.3999694911164
206.71952686591968 875.9358821761786
206.749602488462 903.8967936451837
206.77967811100436 731.3970249361507
206.80975373354667 433.85182912687486
206.83982935608904 164.0119827320326
206.8699049786314 25.529436531305382
206.89998060117372 11.378330977169604
206.9300562237161 49.17443219395002
206.96013184625843 81.1182128740367
206.9902074688008 95.05147613878638
207.02028309134317 106.98095235218204
207.0503587138855 143.09778865701338
207.08043433642783 232.19448882062204
207.11050995897017 383.59274341634074
207.14058558151248 554.0449554425281
207.17066120405485 653.4871768937654
207.2007368265972 618.6311711409072
207.2308124491396 497.40691481940166
207.26088807168193 442.28076095319693
207.29096369422425 590.690032052396
207.32103931676656 942.7149551081053
207.35111493930887 1353.7716965650654
207.38119056185127 1634.2701261223267
207.41126618439364 1659.2388741649206
207.441341806936 1415.6524433401132
207.47141742947832 987.8106076030541
207.50149305202063 517.5405174982899
207.53156867456303 157.17299318212125
207.56164429710535 6.78642083095432
207.5917199196477 52.2900264931502
207.62179554219003 175.76453078437447
207.6518711647324 270.6749255676467
207.68194678727477 363.2252251689175
207.7120224098171 596.9269750100468
207.74209803235945 1060.8943647596732
207.77217365490176 1624.24489188459
207.80224927744413 1973.3949623929984
207.83232489998647 1849.1065966067483
207.86240052252884 1275.1068751615207
207.8924761450712 589.2324739461694
207.92255176761353 259.21595520732353
207.95262739015584 619.0564413115178
207.9827030126982 1701.0883675419632
208.01277863524052 3233.0996047085955
208.0428542577829 4734.462815331484
208.0729298803253 5665.656683739896
208.1030055028676 5665.6459337511005
208.13308112540997 4819.369215739353
208.16315674795229 3729.7563005123266
208.19323237049463 3201.159595425984
208.22330799303697 3675.238397613201
208.2533836155793 4893.0755575319445
208.28345923812168 6082.014941493092
208.313534860664 6465.928715878425
208.3436104832064 5725.072374963224
208.37368610574876 4149.017079478963
208.40376172829107 2390.816382826212
208.4338373508334 1025.9917000536764
208.46391297337573 281.9214490803928
208.49398859591807 70.80334251113803
208.52406421846044 178.42703257396315
208.5541398410028 429.8488104464717
208.58421546354515 754.9184922341118
208.6142910860875 1157.056183454259
208.64436670862983 1626.1178190121452
208.67444233117217 2060.802107651278
208.70451795371451 2269.568556562392
208.73459357625688 2071.211211161866
208.7646691987992 1449.6547003014605
208.7947448213416 654.3375113116196
208.8248204438839 104.07105934010497
208.85489606642625 100.18700575274468
208.8849716889686 594.4475741780669
208.91504731151096 1221.5619591301743
208.94512293405327 1559.2098291122347
208.97519855659564 1424.5399281363852
209.005274179138 983.8264891543511
209.03534980168035 585.7888427113926
209.06542542422267 486.18288295472814
209.09550104676504 697.4628434107561
209.12557666930735 1031.3417125255323
209.1556522918497 1247.346369919378
209.1857279143921 1190.1187336989788
209.21580353693443 868.5734046005903
209.2458791594768 475.9988089364376
209.2759547820191 317.80931308257743
209.30603040456143 628.3944949705763
209.33610602710377 1360.457592547457
209.3661816496461 2125.028612453735
209.39625727218848 2415.005549607457
209.42633289473085 1989.4647801692408
209.4564085172732 1091.1610267369458
209.48648413981556 289.9852085671651
209.51655976235787 52.951510630491526
209.54663538490024 396.95832765609424
209.57671100744255 948.5598090906883
209.60678662998487 1329.2880767822508
209.6368622525273 1458.796004702602
209.6669378750696 1512.2465939431363
209.69701349761195 1637.9438918021447
209.72708912015432 1752.230607598144
209.75716474269663 1625.2358889224943
209.787240365239 1160.1547309004063
209.8173159877813 551.3921733814403
209.84739161032368 130.21174877193874
209.87746723286605 68.838641240208
209.9075428554084 258.39185954277673
209.93761847795076 451.8472941184792
209.96769410049308 514.4711436280872
209.9977697230354 531.1546370944726
210.02784534557773 659.4319333915996
210.05792096812007 921.4414848919821
210.08799659066247 1168.4491800884366
210.1180722132048 1210.659934045715
210.14814783574715 982.8023194809533
210.17822345828947 613.1304828056265
210.20829908083184 317.3902093797607
210.2383747033742 219.73623084270457
210.26845032591652 280.12943178423853
210.2985259484589 362.91383499474074
210.3286015710012 357.78219625999054
210.3586771935436 259.15449487651193
210.38875281608597 144.76267299366015
210.41882843862828 80.08092785671998
210.44890406117065 59.78543348280152
210.47897968371296 48.3963512050758
210.50905530625528 60.50434611373808
210.53913092879765 179.0559309759815
210.56920655134 475.38616248904736
210.59928217388236 910.3068233968787
210.62935779642467 1330.756464182401
210.65943341896704 1579.5917766938348
210.68950904150935 1624.275814823607
210.71958466405172 1583.9493731922307
210.7496602865941 1630.875063564016
210.77973590913643 1876.3582410813092
210.8098115316788 2337.376887241629
210.83988715422112 2949.505161327251
210.86996277676343 3551.944478152972
210.90003839930583 3874.808516255344
210.93011402184817 3636.749972353192
210.96018964439048 2766.819401104487
210.99026526693285 1571.5417231630315
211.0203408894752 618.2589181603681
211.05041651201756 363.5287642117624
211.08049213455993 842.5113259363713
211.11056775710225 1677.0958688371707
211.14064337964456 2379.059869264197
211.17071900218687 2689.9814869522943
211.20079462472927 2670.7759156093507
211.23087024727164 2517.0230591463887
211.260945869814 2356.3495101537987
211.29102149235632 2223.122221851276
211.32109711489863 2136.995999156487
211.351172737441 2110.819998744069
211.38124835998332 2072.103622548997
211.4113239825257 1858.8233123471227
211.44139960506803 1380.0786734905107
211.4714752276104 770.9058233076527
211.50155085015277 318.51021294797005
211.53162647269508 204.07652342327117
211.56170209523745 321.5523190409495
211.59177771777976 384.5217756544741
211.62185334032213 241.9712625144348
211.65192896286447 55.01297728037
211.6820045854068 115.9959771458501
211.71208020794916 495.1679540583728
211.74215583049153 916.2613256704909
211.77223145303384 1015.2588669105994
211.8023070755762 696.7871337351983
211.83238269811852 229.42257860426247
211.8624583206609 5.644722200778578
211.89253394320323 228.7026606476867
211.9226095657456 837.8447099052762
211.95268518828797 1644.8014944737977
211.98276081083029 2479.8986406662066
212.01283643337263 3211.2770069700314
212.04291205591497 3638.5363820638936
212.0729876784573 3527.712588954721
212.10306330099968 2848.330520360596
212.133138923542 1881.8071144391167
212.1632145460844 1062.1827490611213
212.19329016862673 678.6333828274803
212.22336579116904 686.9740536907625
212.2534414137114 825.1863149332928
212.28351703625373 883.911109846184
212.31359265879607 856.3095607146555
212.34366828133844 830.430152234938
212.3737439038808 808.5954291315389
212.40381952642315 733.3520372396825
212.4338951489655 560.202798976665
212.46397077150783 286.30982574384046
212.49404639405017 45.04569195815154
212.5241220165925 27.010616954653567
212.55419763913483 261.11956244392803
212.5842732616772 606.5280963832963
212.6143488842196 866.5936474006186
212.6444245067619 908.7212185101024
212.67450012930425 752.237694629051
212.70457575184656 502.46518785772673
212.73465137438893 254.1081109311444
212.76472699693127 74.25218318898133
212.79480261947364 3.70190458937754
212.824878242016 55.42398064328972
212.85495386455833 183.3734233368904
212.88502948710064 267.81015103918696
212.91510510964304 209.003527415642
212.94518073218535 82.2140242415947
212.9752563547277 200.0943139250894
213.0053319772701 921.6435662661236
213.0354075998124 2274.033086855292
213.06548322235477 3745.912016288136
213.0955588448971 4526.367893838255
213.12563446743945 4094.0927359410425
213.15571008998177 2719.883137262137
213.1857857125241 1391.7154897748192
213.21586133506648 1123.8836888652638
213.24593695760885 2216.472294553392
213.2760125801512 4069.7490735796982
213.30608820269356 5641.015802499766
213.33616382523587 6159.988857811675
213.3662394477782 5557.619285215366
213.39631507032053 4318.526794057324
213.42639069286287 3013.243782691756
213.4564663154053 1966.4909337810611
213.4865419379476 1222.9458271902936
213.51661756048995 691.4405078097436
213.5466931830323 299.2177383921314
213.57676880557463 59.4398917918458
213.606844428117 50.4194984775707
213.6369200506593 348.4079290891823
213.66699567320168 942.7422710391983
213.697071295744 1676.7745292032143
213.7271469182864 2285.9200616245444
213.75722254082876 2537.198190807498
213.78729816337108 2362.225318312271
213.8173737859134 1870.9268958023188
213.84744940845573 1252.833063359211
213.87752503099807 670.6804017035475
213.90760065354044 231.20971927588343
213.9376762760828 35.263694787198936
213.96775189862515 200.75243531453447
213.9978275211675 752.5507889257395
214.02790314370984 1486.0775604230669
214.05797876625215 2018.3955476382928
214.08805438879452 2037.5066938525076
214.1181300113369 1537.6665082518423
214.1482056338792 827.7067827129008
214.1782812564216 290.70855468656083
214.2083568789639 101.30829481917836
214.23843250150625 161.59844202571065
214.26850812404865 304.7105330396363
214.29858374659096 535.4267450490888
214.32865936913328 1054.7140052057164
214.35873499167565 2037.7859098491567
214.388810614218 3365.3908609271625
214.41888623676033 4589.561761347392
214.44896185930267 5200.359429529508
214.47903748184504 4947.226174694404
214.50911310438735 3980.788448989752
214.53918872692967 2764.30154016824
214.5692643494721 1795.79457262
214.59933997201443 1312.0481757347438
214.6294155945568 1206.3472159114112
214.65949121709912 1187.4667672693622
214.68956683964143 1010.8735361035268
214.71964246218377 635.5773514656531
214.7497180847261 232.2197486434744
214.77979370726848 38.00760912597317
214.80986932981085 169.57122838382935
214.8399449523532 546.4406912653711
214.87002057489556 971.9176162074691
214.90009619743788 1283.5711737217512
214.93017181998025 1446.71501840705
214.96024744252256 1528.1175870965235
214.99032306506487 1588.1026380167696
215.02039868760727 1597.4212265473475
215.0504743101496 1463.9724900665863
215.08054993269195 1142.3916204900079
215.11062555523432 709.6512932073675
215.14070117777663 324.12403992885896
215.170776800319 108.02247918068588
215.20085242286132 69.48526987295999
215.2309280454037 121.79350322917492
215.261003667946 161.845729201668
215.2910792904884 144.06693857608215
215.32115491303077 104.59044900233278
215.35123053557308 144.8763741306622
215.38130615811545 398.7033477413333
215.41138178065776 953.8100257273616
215.44145740320013 1748.399816737439
215.47153302574247 2541.2235415169607
215.5016086482848 2998.796255650648
215.53168427082716 2879.4157214816973
215.56175989336947 2216.1217847960884
215.59183551591184 1319.903412183888
215.6219111384542 566.8337354082872
215.65198676099652 160.2829974019137
215.6820623835389 58.891362670023085
215.71213800608123 92.1966938675925
215.7422136286236 135.56940073971285
215.77228925116597 188.16170846173392
215.80236487370829 329.5849423218119
215.83244049625063 651.1993567237788
215.86251611879297 1217.8158063002427
215.89259174133528 2043.1821916666136
215.92266736387765 3044.5299907859326
215.95274298642 3978.1340156982983
215.9828186089624 4473.178029626094
216.01289423150473 4255.594523906122
216.04296985404704 3388.770361081987
216.07304547658936 2277.569196180252
216.10312109913173 1433.0656274824519
216.13319672167407 1180.348428664672
216.16327234421644 1478.0399214691151
216.1933479667588 1958.451171285118
216.22342358930112 2187.880068969295
216.25349921184343 1980.5142680617
216.28357483438583 1532.157964091656
216.31365045692817 1265.0402328603452
216.34372607947049 1482.2977040584742
216.37380170201283 2079.7901797703626
216.4038773245552 2555.7861686275755
216.43395294709757 2377.9514947893485
216.4640285696399 1495.8129373965428
216.49410419218225 548.9202262665328
216.52417981472456 442.59523186033016
216.55425543726693 1583.5304708895983
216.58433105980927 3471.923454451865
216.61440668235164 5002.868179237894
216.644482304894 5245.249203015237
216.67455792743633 4108.360049219081
216.70463354997864 2341.267581390553
216.734709172521 876.916602630633
216.76478479506332 157.9117834708798
216.7948604176057 13.96240789477114
216.8249360401481 43.08772667693748
216.8550116626904 24.614824700878728
216.88508728523277 5.009765353760045
216.91516290777508 95.3145125175307
216.94523853031745 269.9622598038335
216.97531415285977 382.85766532606647
217.0053897754021 340.187064998016
217.03546539794448 200.2790789449481
217.0655410204868 101.49802294588056
217.0956166430292 130.95071795596223
217.12569226557156 274.6210737584532
217.15576788811387 488.0085777469504
217.1858435106562 819.1356211529048
217.21591913319853 1454.6066300325804
217.24599475574087 2613.736764563336
217.27607037828324 4353.475307324283
217.3061460008256 6418.98657369816
217.33622162336795 8248.760882535289
217.3662972459103 9192.757975071858
217.39637286845263 8879.54548456831
217.42644849099497 7466.8053468533935
217.4565241135373 5530.387484400304
217.48659973607968 3695.4034314693927
217.516675358622 2325.752167540716
217.5467509811644 1451.3593320992043
217.5768266037067 912.002239084862
217.60690222624905 561.4728947517815
217.6369778487914 352.69193754369087
217.66705347133373 278.5343870834296
217.69712909387607 294.27105434408617
217.72720471641844 321.5016858220951
217.7572803389608 310.0592155858815
217.78735596150315 271.4427561533757
217.8174315840455 249.26708863716487
217.84750720658784 269.40376238480127
217.87758282913015 320.68913040952174
217.9076584516725 373.99488938197806
217.93773407421483 413.4475095428068
217.9678096967572 454.9164681728504
217.9978853192996 546.0166949045313
218.0279609418419 747.9560891387396
218.05803656438425 1098.0965173491043
218.08811218692657 1566.4302387029643
218.1181878094689 2039.847801310816
218.14826343201128 2362.773324276931
218.17833905455365 2418.051597336226
218.208414677096 2189.6657257899965
218.23849029963833 1763.2001360163329
218.26856592218067 1271.3004895576128
218.29864154472304 826.651972709235
218.32871716726535 485.4609386596566
218.3587927898077 253.4209115035016
218.3888684123501 113.50822536583392
218.4189440348924 52.08686646538715
218.44901965743475 71.40721942708223
218.47909527997712 181.32496148057015
218.50917090251943 371.93020322918215
218.53924652506177 590.4747677640121
218.5693221476041 755.2709923068325
218.59939777014648 806.8257060994476
218.62947339268885 748.7908371467496
218.6595490152312 635.5657213872278
218.68962463777356 524.0480758689629
218.71970026031588 442.27790624411733
218.7497758828582 397.54247528138126
218.77985150540053 395.83458388025406
218.80992712794287 435.31326369344254
218.84000275048527 480.47163302090047
218.8700783730276 463.7648446612684
218.90015399556995 343.6340413510507
218.9302296181123 169.02492935277547
218.96030524065463 59.47006936813012
218.990380863197 105.80970175564808
219.02045648573932 293.2984265174303
219.0505321082817 517.2805315251334
219.080607730824 675.9102214687538
219.1106833533664 741.759164841638
219.14075897590877 737.5870803137227
219.17083459845108 674.3327979509179
219.20091022099345 540.469146772342
219.23098584353576 355.7940232459699
219.26106146607808 227.2848012977318
219.29113708862045 316.0331111670743
219.3212127111628 719.3764801932035
219.35128833370516 1372.239445017153
219.38136395624747 2053.2057004301123
219.41143957878984 2503.477884091185
219.44151520133215 2560.9703338402646
219.47159082387452 2214.506037646801
219.5016664464169 1595.2269983440399
219.53174206895923 921.8047830289923
219.5618176915016 397.5083951633375
219.59189331404392 119.52865286764
219.62196893658623 54.57462379879536
219.65204455912863 83.97051656893201
219.68212018167097 94.74999514060697
219.71219580421328 55.66095675615096
219.74227142675565 18.776062945167627
219.772347049298 57.10960921472099
219.80242267184036 198.52438280341715
219.83249829438273 403.36768705890904
219.86257391692504 590.8094404216272
219.89264953946736 686.849711326034
219.92272516200967 664.1345129496584
219.95280078455207 552.6331877527841
219.98287640709444 415.03672376453267
220.0129520296368 308.15921529655765
220.04302765217912 263.4757391712132
220.07310327472143 300.0523584277211
220.1031788972638 446.70960595021415
220.13325451980612 728.3419233092518
220.16333014234849 1108.5378712745103
220.19340576489083 1451.254751185891
220.2234813874332 1571.7352779736543
220.25355700997557 1366.5804915239903
220.28363263251788 918.2649239630824
220.31370825506025 455.70973511846097
220.34378387760256 176.91298576210022
220.37385950014493 103.49046705735446
220.40393512268727 114.84111322737296
220.4340107452296 102.0763631260592
220.46408636777196 59.96158557930045
220.49416199031432 37.652089406434555
220.52423761285664 46.44080047142874
220.554313235399 54.212163336467405
220.58438885794132 60.23366598070651
220.6144644804837 121.79192426203132
220.64454010302603 266.6145027071751
220.6746157255684 411.77943649119305
220.70469134811077 447.73484417155504
220.73476697065308 450.48683776089206
220.76484259319545 761.1222462318078
220.79491821573777 1715.3926186521508
220.8249938382801 3228.083045092641
220.85506946082248 4692.68803391207
220.8851450833648 5344.239783927311
220.9152207059072 4846.558115064103
220.94529632844953 3649.408158613863
220.97537195099184 2688.0554451908806
221.0054475735342 2637.6648374440647
221.03552319607653 3449.7402782805534
221.06559881861887 4487.041043742232
221.09567444116124 5025.1318787299615
221.1257500637036 4748.390800669431
221.15582568624595 3889.9491324053206
221.1859013087883 2947.674882199118
221.21597693133063 2311.294187643971
221.24605255387297 2113.439029024292
221.27612817641528 2282.8948813715383
221.30620379895765 2635.30776537513
221.3362794215 2931.37175072566
221.3663550440424 2940.020105417207
221.3964306665847 2544.265968136713
221.42650628912705 1834.9541742308847
221.45658191166936 1085.4039493618302
221.48665753421173 587.7461833877286
221.51673315675407 470.7268556825833
221.54680877929644 645.2077314025631
221.5768844018388 895.9792480696739
221.60696002438112 1022.7486064442168
221.63703564692344 943.2744442277336
221.66711126946583 720.1004324388754
221.69718689200815 505.1015607565289
221.7272625145505 436.00939490005067
221.75733813709283 552.3612538458292
221.7874137596352 784.7675248646901
221.81748938217757 1013.7406110365616
221.8475650047199 1145.273281676526
221.87764062726225 1148.1047531020874
221.90771624980457 1043.0538436657064
221.9377918723469 876.5741739457086
221.96786749488928 701.1310230533379
221.99794311743165 562.5413431830746
222.028018739974 489.9451753364206
222.05809436251633 483.7164098879609
222.08816998505864 509.0681321397834
222.118245607601 517.4830968497732
222.14832123014332 498.38550769774486
222.1783968526857 521.7081220328138
222.2084724752281 720.2944146171445
222.2385480977704 1199.3089123995535
222.26862372031275 1921.1506066735053
222.2986993428551 2662.133265055869
222.32877496539743 3116.8627566716996
222.35885058793977 3103.740217254261
222.3889262104821 2700.1239724660145
222.41900183302448 2179.6054890455885
222.4490774555668 1807.487945059788
222.4791530781092 1658.7600709922856
222.50922870065156 1594.5341270029985
222.53930432319387 1416.4574775148983
222.5693799457362 1057.1573810492057
222.59945556827853 626.4612474619835
222.62953119082087 290.7068268634655
222.65960681336324 125.78991192895413
222.6896824359056 87.40777868499451
222.71975805844795 105.17385144061974
222.7498336809903 180.48752773255197
222.77990930353263 381.6959459958691
222.80998492607495 748.4918959345922
222.84006054861732 1211.6588286530016
222.8701361711597 1620.297086380516
222.900211793702 1857.1650985251508
222.9302874162444 1930.3300012323373
222.9603630387867 1960.520959872813
222.99043866132905 2083.223475565552
223.02051428387145 2348.161953402302
223.05058990641376 2702.6719433851767
223.08066552895608 3065.7959687445004
223.11074115149844 3393.6691492293444
223.1408167740408 3670.128708798176
223.17089239658313 3865.290349925609
223.20096801912547 3893.300680842431
223.23104364166784 3598.9109071744933
223.26111926421015 2880.0086347165184
223.2911948867525 1883.9813055977097
223.3212705092949 981.4812050907831
223.35134613183723 496.7348852152613
223.3814217543796 520.1818029630484
223.41149737692191 918.6304421148928
223.44157299946423 1439.4329769283227
223.47164862200657 1879.464636642836
223.5017242445489 2184.747525910841
223.53179986709128 2351.9288335265805
223.56187548963365 2336.431528716683
223.591951112176 2125.768442769487
223.62202673471836 1809.4381690519997
223.65210235726067 1554.4926281681467
223.68217797980304 1545.047438863496
223.71225360234536 1864.531042852906
223.74232922488767 2389.0138409822503
223.77240484743007 2860.3600125386793
223.8024804699724 3084.4774140032328
223.83255609251475 3040.402928980525
223.86263171505712 2846.009276374022
223.89270733759943 2664.9015079568594
223.9227829601418 2608.08917188179
223.95285858268412 2661.054098993493
223.98293420522648 2688.8293897776125
224.01300982776883 2535.056860928009
224.0430854503112 2139.291799886036
224.07316107285357 1588.534355416606
224.10323669539588 1087.008489835052
224.1333123179382 858.979739110974
224.16338794048056 1053.4023587204404
224.19346356302293 1714.1869377647204
224.22353918556527 2782.3057864320976
224.2536148081076 4112.2099715720715
224.28369043064995 5468.1152965416395
224.31376605319227 6477.515804010976
224.34384167573464 6742.214122062882
224.373917298277 6156.277327802531
224.40399292081932 5047.743691224388
224.4340685433617 3915.408571777925
224.46414416590403 3054.603624116825
224.4942197884464 2440.538433473044
224.52429541098877 1896.8443422162557
224.55437103353108 1327.067111967608
224.58444665607345 817.8390455306578
224.61452227861577 551.747256317021
224.64459790115808 604.4515375537463
224.67467352370045 838.70424389153
224.7047491462428 1013.5415533986992
224.73482476878516 976.8874251930628
224.76490039132753 753.0708008473762
224.79497601386984 475.12646051510234
224.82505163641216 260.0602101953381
224.85512725895452 145.66306367148505
224.88520288149687 115.25501089658812
224.91527850403924 163.67136983615143
224.9453541265816 342.6490746067375
224.97542974912392 750.9085598341226
225.00550537166623 1470.2418529007402
225.03558099420863 2479.0916654662296
225.06565661675097 3593.869887763215
225.09573223929328 4475.00737310158
225.12580786183565 4740.095562397355
225.155883484378 4192.790408906478
225.18595910692036 3011.246701974422
225.2160347294627 1677.6706298333406
225.24611035200505 678.7263474477769
225.27618597454736 234.96820973526883
225.30626159708967 241.76711933523657
225.33633721963207 409.5665601425524
225.36641284217444 478.5665083486252
225.3964884647168 368.5551688696973
225.42656408725912 179.15081108475485
225.45663970980144 62.70008784492441
225.4867153323438 86.97770460424866
225.51679095488612 196.95866912626124
225.5468665774285 279.80683634333445
225.57694219997083 258.749451536484
225.6070178225132 147.94983336198928
225.63709344505557 35.70295156657107
225.66716906759788 10.330243391434925
225.69724469014025 92.21952226590174
225.72732031268256 224.86537476176568
225.7573959352249 326.74447863248446
225.78747155776728 367.1739486539239
225.8175471803096 407.0128597380224
225.84762280285196 566.2697132459763
225.87769842539433 939.6039763023904
225.90777404793664 1511.830453579544
225.937849670479 2126.4895733598078
225.96792529302132 2549.2335098043695
225.9980009155637 2605.8460115100074
226.02807653810603 2295.224147966677
226.0581521606484 1790.3211418436852
226.08822778319075 1331.433934081011
226.1183034057331 1077.634507519067
226.14837902827543 1011.0271207329492
226.17845465081777 977.406139020292
226.2085302733601 836.7406220667337
226.23860589590248 593.2231294892217
226.2686815184448 406.2453396492353
226.2987571409872 479.5095576453031
226.32883276352953 905.5953943695309
226.35890838607185 1584.8896391202472
226.3889840086142 2282.1368291563767
226.41905963115653 2770.6442595011504
226.44913525369887 2959.8618298340434
226.47921087624124 2922.370160621279
226.5092864987836 2810.9603937206234
226.53936212132595 2748.616890783803
226.5694377438683 2779.7348202418766
226.59951336641063 2887.0844812165737
226.62958898895295 3036.9755817417945
226.6596646114953 3230.8285516883648
226.68974023403763 3522.8822549129854
226.71981585658 3959.129019778788
226.7498914791224 4488.169562675256
226.7799671016647 4959.681170022299
226.81004272420705 5220.589923064623
226.84011834674936 5194.307110139644
226.87019396929173 4882.200011904346
226.90026959183407 4346.226932739964
226.93034521437644 3720.492884804479
226.9604208369188 3207.278378373653
226.99049645946113 2994.2757491461857
227.02057208200344 3128.4499784896334
227.05064770454584 3469.78248225699
227.08072332708815 3775.128740140743
227.1107989496305 3827.8231080653127
227.1408745721729 3528.785167581658
227.1709501947152 2935.022216812809
227.20102581725757 2222.471418312949
227.23110143979991 1572.5412639863152
227.26117706234223 1083.1376345665533
227.29125268488457 782.1388462849776
227.3213283074269 693.6182121839404
227.35140392996928 854.530017312502
227.38147955251165 1245.716194655187
227.411555175054 1716.2408221041787
227.44163079759636 2006.4513736097097
227.47170642013867 1894.56598249176
227.501782042681 1375.7647656385525
227.53185766522333 699.5496828543385
227.56193328776567 195.0812965352432
227.59200891030807 36.88428491622402
227.6220845328504 152.9905059199164
227.65216015539275 343.5734256684416
227.6822357779351 491.6572023061663
227.71231140047743 648.6837353579674
227.7423870230198 933.0652852669219
227.77246264556211 1374.2153674888796
227.80253826810448 1841.6053450881163
227.8326138906468 2126.639224459304
227.8626895131892 2109.5208542886166
227.89276513573157 1838.484440053926
227.92284075827388 1464.4787908093615
227.9529163808162 1126.6431696064355
227.98299200335856 881.0216997759048
228.01306762590087 701.3578625460461
228.04314324844324 532.366984136438
228.0732188709856 352.89626105277847
228.10329449352795 213.41579097381367
228.13337011607027 227.22834311632107
228.16344573861264 505.39268971726887
228.19352136115495 1056.7395601594878
228.22359698369732 1724.5891631361287
228.2536726062397 2227.6011478203545
228.28374822878203 2305.069333918641
228.3138238513244 1894.907711643733
228.3438994738667 1210.789234505264
228.37397509640903 625.2923469601428
228.40405071895145 445.816577259864
228.43412634149377 757.1368323519602
228.46420196403608 1400.6407023408772
228.49427758657845 2068.797437231981
228.5243532091208 2469.4437654266194
228.55442883166316 2472.428368247044
228.58450445420553 2148.542828367012
228.61458007674784 1691.2985659222377
228.64465569929015 1286.9644009822232
228.67473132183247 1015.3812126284377
228.70480694437487 835.3730983515065
228.73488256691724 654.3406416041878
228.7649581894596 425.6855509522685
228.79503381200192 192.5460259434932
228.82510943454423 38.78705812729552
228.8551850570866 0.7554452074051211
228.8852606796289 37.437119082011286
228.91533630217128 86.31327546337398
228.94541192471365 129.84603274891998
228.975487547256 191.72630050869063
229.00556316979836 271.76844797824924
229.03563879234068 309.1479478539037
229.06571441488305 242.33611546259957
229.09579003742536 111.0599280476715
229.12586565996767 62.9050549711854
229.15594128251007 215.37857100373353
229.1860169050524 503.0514987849761
229.21609252759475 696.2509578600612
229.24616815013712 611.4531141098777
229.27624377267944 306.49417837078613
229.3063193952218 43.14674464368203
229.33639501776412 40.59268995095544
229.3664706403065 267.8453301785668
229.3965462628488 488.23428893366054
229.4266218853912 514.9791032473709
229.45669750793357 411.31321943311167
229.48677313047588 405.624119818026
229.51684875301825 603.5885246389888
229.54692437556056 838.493202339215
229.5769999981029 856.0341339345453
229.60707562064528 630.9092677281914
229.6371512431876 464.6190503095461
229.66722686572996 752.7987076194119
229.69730248827227 1624.9368920275194
229.72737811081464 2781.771657451131
229.757453733357 3691.011556657212
229.78752935589932 3961.9551407606527
229.8176049784417 3566.2366368352164
229.84768060098403 2769.6914072160835
229.8777562235264 1904.4396833619032
229.90783184606877 1183.7135998432773
229.9379074686111 665.2508784998297
229.96798309115343 323.0832520631456
229.99805871369577 120.75543366695553
230.02813433623808 31.187205069986675
230.05820995878045 22.366855145872822
230.0882855813228 46.683318321308086
230.1183612038652 54.20629440756611
230.14843682640753 26.323674801976725
230.17851244894985 0.599248028749557
230.20858807149216 49.88415612081253
230.23866369403447 214.5694145589493
230.26873931657687 445.2065569994984
230.29881493911924 627.6163591971301
230.3288905616616 689.6798041367639
230.35896618420392 688.3428468365811
230.38904180674623 774.6139938584884
230.41911742928863 1048.8188986065204
230.44919305183095 1436.9182012055091
230.4792686743733 1726.2300715509998
230.50934429691563 1746.4468996398275
230.539419919458 1511.7607350168103
230.56949554200037 1183.1007547403856
230.5995711645427 913.9369333130419
230.62964678708505 743.160614832764
230.65972240962736 619.4278212827448
230.68979803216973 501.5767867437104
230.71987365471207 411.2728993334476
230.74994927725444 389.6313268274702
230.7800248997968 435.90077655923886
230.81010052233913 515.9176114644126
230.84017614488144 619.5627534725868
230.8702517674238 774.1050259293597
230.90032738996612 985.4100095937677
230.9304030125085 1183.4988163011735
230.9604786350509 1244.8459462665983
230.9905542575932 1079.92701206171
231.02062988013557 714.8131642052712
231.05070550267789 299.8756640765807
231.08078112522023 35.02756894980863
231.11085674776257 58.474390932671376
231.1409323703049 360.6512866613045
231.17100799284728 764.1681498196833
231.2010836153896 1003.5400704887234
231.231159237932 911.8787175248675
231.26123486047436 596.013537660656
231.29131048301667 406.94951824161353
231.321386105559 663.7139178023344
231.35146172810133 1338.9695359979512
231.38153735064367 2015.271635693136
231.41161297318604 2207.630916108159
231.4416885957284 1780.8407750393976
231.47176421827075 1078.7287579791632
231.5018398408131 639.8027568303629
231.53191546335543 750.3201752735997
231.56199108589777 1238.995308655529
231.59206670844011 1673.1373897016636
231.62214233098248 1731.5446020182433
231.6522179535248 1404.2652928939997
231.6822935760672 895.4565574140832
231.7123691986095 415.9209328044952
231.74244482115185 93.18895485709704
231.7725204436942 20.512284651600552
231.80259606623656 313.1924810967666
231.83267168877887 1059.0627437039368
231.86274731132124 2183.544726901345
231.8928229338636 3374.2483476596776
231.92289855640595 4181.28886321081
231.95297417894827 4248.082975040556
231.98304980149064 3517.960705976691
232.01312542403295 2298.534245687989
232.0432010465753 1146.7449419027607
232.0732766691177 604.9543963114897
232.10335229166003 922.2854817186875
232.1334279142024 1947.0289269302336
232.1635035367447 3258.215290498343
232.19357915928703 4408.660907742038
232.22365478182937 5074.296884208342
232.2537304043717 5063.963579620655
232.28380602691408 4335.62031208511
232.31388164945645 3074.691859414452
232.3439572719988 1704.807212685762
232.37403289454116 736.7891753840626
232.40410851708347 508.1033761243745
232.43418413962584 974.7691255648062
232.46425976216815 1737.6686801321127
232.49433538471047 2311.817365304116
232.5244110072529 2428.229743629442
232.5544866297952 2164.974206582427
232.58456225233755 1867.1504047595447
232.61463787487992 1943.930698281348
232.64471349742223 2659.079049363954
232.6747891199646 3974.7912661767864
232.7048647425069 5504.591098897024
232.73494036504928 6684.225386158192
232.76501598759165 7179.82300517966
232.795091610134 7264.407380964323
232.82516723267636 7698.8249143774365
232.85524285521868 9013.012419627128
232.885318477761 10799.939147762272
232.91539410030333 11779.484994922148
232.94546972284567 10727.273896018689
232.97554534538807 7555.522638983182
233.0056209679304 3588.648655531963
233.03569659047275 714.8280952693646
233.06577221301507 52.76021142363353
233.09584783555744 1199.4881478807777
233.1259234580998 2703.287213299477
233.15599908064212 3296.673359866531
233.1860747031845 2721.4980123803207
233.2161503257268 1581.3736860655165
233.2462259482692 624.5831837197793
233.27630157081157 161.7083464383468
233.30637719335388 38.293926980137016
233.33645281589625 17.528069421611114
233.36652843843856 77.73244290864545
233.39660406098088 356.87385742916416
233.42667968352325 901.5589941903272
233.4567553060656 1533.4970226558191
233.48683092860796 1965.1410367896776
233.51690655115027 2017.081298203768
233.54698217369264 1727.7993158193535
233.57705779623495 1291.02434942766
233.60713341877732 899.5077923953414
233.6372090413197 630.6160114168441
233.66728466386203 453.06700334383856
233.6973602864044 318.57991575124487
233.72743590894672 246.2431760774356
233.75751153148903 328.3306964126057
233.78758715403143 644.6594015032276
233.81766277657377 1147.0043749584804
233.84773839911608 1616.4654842255843
233.87781402165845 1763.0512739302096
233.9078896442008 1433.1304398414231
233.93796526674316 775.1428801004515
233.96804088928553 207.83181004184473
233.99811651182785 164.87145907096803
234.02819213437016 753.4051009728092
234.05826775691247 1595.7830612154903
234.08834337945487 2063.2137799974007
234.11841900199724 1765.6286426914871
234.1484946245396 900.4696717785025
234.17857024708192 157.3185601558347
234.20864586962423 193.69119882439543
234.2387214921666 1080.0002241638276
234.26879711470892 2216.598937473028
234.2988727372513 2818.249777600735
234.32894835979363 2536.223327126839
234.359023982336 1668.0046041123032
234.38909960487837 810.8347029941294
234.41917522742068 347.6220229450426
234.44925084996305 245.28119974830523
234.47932647250536 266.5199307975348
234.50940209504773 279.13167730638395
234.53947771759007 311.7914798874097
234.5695533401324 375.96583299244423
234.59962896267476 363.64614990418
234.62970458521713 191.03105750693567
234.65978020775944 7.571608976759582
234.6898558303018 164.64901273347976
234.71993145284412 901.6174415040798
234.7500070753865 2067.8816631113714
234.78008269792883 3198.2430375098447
234.8101583204712 3842.47450918184
234.84023394301357 3808.8760388130095
234.87030956555589 3201.4375816514894
234.90038518809823 2318.0271807111244
234.93046081064057 1490.6428694844471
234.9605364331829 976.6293743199232
234.99061205572528 911.8085549730237
235.0206876782676 1250.4046966592648
235.05076330081 1731.2867684786358
235.08083892335233 1981.5365207217876
235.11091454589464 1758.4932711352249
235.140990168437 1149.3515641312906
235.17106579097933 531.4757898293093
235.20114141352167 333.844740776618
235.23121703606404 818.289526663929
235.2612926586064 2001.5242575891407
235.29136828114875 3648.067044082932
235.3214439036911 5274.181561408634
235.35151952623343 6269.970126461545
235.38159514877577 6203.8573645729375
235.4116707713181 5120.212002077502
235.44174639386043 3563.130160622048
235.4718220164028 2237.7414967948057
235.5018976389452 1517.441357284336
235.5319732614875 1235.8483868070239
235.56204888402985 982.1096849630025
235.59212450657216 563.0689003047102
235.62220012911453 149.71555418659275
235.65227575165687 17.686896272184402
235.68235137419924 202.82255470290104
235.7124269967416 456.3203838970676
235.74250261928393 514.0429895918023
235.77257824182624 347.25692283148936
235.80265386436864 155.11148704584951
235.83272948691095 136.7625622907444
235.8628051094533 298.03965569654866
235.8928807319957 489.9828338041614
235.922956354538 566.0202116871656
235.95303197708037 489.61402437826325
235.9831075996227 322.81669014647724
236.01318322216505 133.88422525163637
236.04325884470737 6.571293068005996
236.0733344672497 70.76945992478645
236.10341008979208 370.7525791914597
236.13348571233445 799.6057766070611
236.1635613348768 1165.760033196127
236.19363695741916 1281.3676372225157
236.22371257996147 1133.5290332046184
236.2537882025038 897.1706307542045
236.28386382504613 726.5172501121837
236.31393944758847 660.1183814451207
236.3440150701309 659.7510051600614
236.3740906926732 655.4850944664241
236.40416631521555 599.6478140079048
236.4342419377579 470.4878960059282
236.46431756030023 272.4207773894047
236.4943931828426 90.66291560343198
236.5244688053849 86.16044573071387
236.55454442792728 378.0062565250129
236.5846200504696 905.3490905838995
236.614695673012 1420.479994302996
236.64477129555436 1655.322429864195
236.67484691809668 1507.179558116825
236.704922540639 1089.5264243301008
236.73499816318133 628.616155592303
236.76507378572367 312.0798046025248
236.79514940826604 210.57649156184073
236.8252250308084 278.70595177423604
236.85530065335075 386.2657467508368
236.8853762758931 387.6065831666522
236.91545189843544 264.3712954743228
236.94552752097775 264.80626250655064
236.97560314352012 837.3292326143024
237.0056787660625 2275.88327308979
237.0357543886048 4326.268038354268
237.0658300111472 6161.252173102172
237.0959056336895 6844.065812812229
237.12598125623185 5971.160699407553
237.15605687877425 4000.272272107464
237.18613250131656 1931.2043798952016
237.21620812385888 574.2546957446134
237.24628374640125 83.35545625940266
237.2763593689436 88.53096824632037
237.30643499148593 156.85545168609173
237.33651061402827 130.44884980524225
237.36658623657064 108.64399852415806
237.39666185911295 213.2112461472374
237.42673748165527 430.95414467769245
237.4568131041977 648.6458846370228
237.48688872674003 775.6784572684022
237.5169643492824 805.9544024886386
237.54703997182472 787.2650427942965
237.57711559436703 772.4768240789507
237.60719121690937 797.5372626200161
237.6372668394517 865.6635770189083
237.66734246199408 927.2727932970557
237.69741808453645 890.832680654357
237.7274937070788 693.5630016393812
237.75756932962116 385.362971610976
237.78764495216348 125.2138836951113
237.81772057470585 62.614350255703606
237.84779619724816 209.23485141114324
237.87787181979047 429.5816237210331
237.90794744233287 566.5797004626148
237.9380230648752 581.3564023919089
237.96809868741755 571.7391199590354
237.99817430995992 665.1805609223427
238.02824993250223 896.7887057975909
238.0583255550446 1175.202948415664
238.08840117758692 1351.6225160046847
238.1184768001293 1323.091065213602
238.1485524226716 1095.8804035484184
238.178628045214 785.0371862521534
238.20870366775637 558.7966779811638
238.23877929029868 560.9354678092232
238.26885491284105 848.7406318694663
238.29893053538336 1346.1231842489995
238.32900615792573 1823.842943511296
238.35908178046807 1981.7019634697472
238.3891574030104 1650.2031103848694
238.41923302555276 970.1538093652593
238.44930864809507 378.9861975730902
238.47938427063744 357.1885700690347
238.5094598931798 1066.1664388367803
238.53953551572212 2170.21006748989
238.5696111382645 3035.714899014544
238.59968676080683 3164.302550279705
238.6297623833492 2533.915669170532
238.65983800589157 1579.3926854990723
238.68991362843389 807.1297022344662
238.71998925097623 419.1886924626514
238.75006487351857 309.1855224501095
238.78014049606088 334.2840006739107
238.81021611860325 498.31752747542174
238.8402917411456 846.9502101849235
238.870367363688 1247.900370309528
238.90044298623033 1393.7012459276075
238.93051860877264 1106.8058780003332
238.96059423131496 631.8274258920208
238.99066985385733 511.2572404762755
239.02074547639967 1106.589892908591
239.05082109894204 2293.6788309739413
239.0808967214844 3623.3168218192895
239.11097234402672 4751.237338505469
239.14104796656903 5741.312536871433
239.17112358911143 6911.79747410372
239.20119921165377 8322.151409897222
239.23127483419609 9470.02117666659
239.26135045673843 9594.158765325075
239.2914260792808 8294.580873128307
239.32150170182317 5873.28218734932
239.3515773243655 3182.071220477565
239.38165294690785 1165.0042800466392
239.41172856945016 390.61189819275086
239.44180419199253 854.1798853717281
239.47187981453487 2080.7534342774147
239.50195543707724 3341.2562426162185
239.5320310596196 3932.786763180076
239.56210668216193 3518.4650285321927
239.59218230470424 2316.370443823929
239.6222579272466 960.1927281721945
239.65233354978892 118.58817424854767
239.6824091723313 121.40746262903193
239.7124847948737 820.7236804858572
239.742560417416 1746.9238037872199
239.77263603995837 2414.299398235237
239.80271166250068 2551.566228262492
239.83278728504305 2147.444800775999
239.86286290758537 1392.3821979577772
239.8929385301277 626.584862006526
239.92301415267008 258.6162406602782
239.9530897752124 589.9659251807686
239.9831653977548 1624.6298090566252
240.01324102029716 3003.8701596844435
240.04331664283947 4137.057540978455
240.0733922653818 4499.833684638213
240.10346788792413 3935.580919614477
240.13354351046647 2738.263743727741
240.16361913300884 1456.6896381079248
240.1936947555512 574.0909032657079
240.22377037809355 270.14098515910024
240.2538460006359 390.8714395206849
240.28392162317823 614.7685469742858
240.31399724572057 682.4775081044713
240.3440728682629 536.4079860220355
240.37414849080528 293.0004466297839
240.4042241133476 97.99251509266352
240.43429973589 11.00029125289956
240.4643753584323 11.397256002436192
240.49445098097465 71.94127414209018
240.524526603517 197.227300257583
240.55460222605933 393.5830156254223
240.58467784860167 616.7737405015016
240.61475347114404 770.8816585327716
240.6448290936864 778.5319884299768
240.67490471622875 648.4208042488975
240.7049803387711 462.46838638801273
240.73505596131344 303.0798582208597
240.76513158385575 199.5467646126309
240.7952072063981 134.9137331824648
240.82528282894043 86.27290665489782
240.8553584514828 48.55029611950788
240.8854340740252 26.83970074416286
240.9155096965675 22.9998210514368
240.94558531910985 41.853999502584095
240.97566094165217 105.5554102666558
241.0057365641945 243.41927643594556
241.03581218673688 453.22731288477144
241.06588780927925 673.2709446898066
241.0959634318216 805.0466231672611
241.12603905436393 776.4884790716861
241.15611467690627 594.7149523650215
241.18619029944864 349.35625262690087
241.21626592199095 161.72122824666528
241.2463415445333 108.70565485751844
241.2764171670757 176.0672662385502
241.306492789618 276.3146092748845
241.33656841216035 312.42046727378573
241.36664403470272 241.513960761993
241.39671965724503 104.0405518547066
241.42679527978737 5.054726562095667
241.4568709023297 59.590969280252494
241.48694652487208 337.030804630769
241.51702214741445 832.3697534922136
241.5470977699568 1462.7651400006405
241.57717339249916 2079.507687331321
241.60724901504148 2501.977813944254
241.6373246375838 2581.98473897348
241.66740026012613 2278.127136620716
241.69747588266847 1693.6896865379556
241.72755150521087 1044.5013563876832
241.7576271277532 562.7164171312278
241.78770275029555 382.8844801296368
241.8177783728379 482.7856760493178
241.84785399538023 722.2813951537834
241.8779296179226 942.9404965046409
241.90800524046492 1051.2705363494017
241.9380808630073 1040.4920617285215
241.9681564855496 957.184952311812
241.998232108092 852.2405205710811
242.02830773063437 752.3327737851849
242.05838335317668 659.194197770086
242.08845897571905 564.2977450261509
242.11853459826136 463.65032431667686
242.14861022080368 362.26948723761103
242.17868584334605 271.60158578333784
242.2087614658884 205.7170226732496
242.23883708843076 170.67261848932645
242.26891271097307 155.93043010232407
242.29898833351544 147.3128271883848
242.32906395605775 146.52054887967415
242.35913957860012 166.70430782382752
242.3892152011425 205.13829414482584
242.41929082368483 226.22357515648224
242.4493664462272 186.82157584176764
242.47944206876952 92.85118903236189
242.50951769131183 29.07705039624725
242.53959331385423 106.11324377616008
242.56966893639657 350.3194217716934
242.59974455893888 644.8588976411265
242.62982018148125 792.3074261166782
242.6598958040236 670.2479865596908
242.68997142656596 363.910446496524
242.72004704910833 126.5488394767226
242.75012267165064 171.4587809274652
242.78019829419296 492.22672936040254
242.81027391673527 868.6813225230076
242.84034953927767 1044.0818696021695
242.87042516182004 928.0584747016501
242.9005007843624 652.1730769852419
242.93057640690472 432.9686465733112
242.96065202944703 383.0145268277217
242.9907276519894 448.7736469959568
243.02080327453172 505.0150118982105
243.05087889707409 482.40453970155886
243.08095451961643 406.1531255403452
243.1110301421588 337.4302855582913
243.14110576470117 302.3951007975534
243.17118138724348 281.02156061693967
243.20125700978585 245.34692940124887
243.23133263232816 191.7931706988712
243.26140825487053 139.14924550012424
243.29148387741287 110.65230542697157
243.3215594999552 127.04225753798052
243.35163512249756 205.8522520471764
243.38171074503992 345.03778278402086
243.41178636758224 498.3994753050365
243.4418619901246 583.10742993931
243.47193761266692 537.506101367089
243.5020132352093 391.2727154986426
243.53208885775163 282.85833607900383
243.562164480294 391.41678236252
243.59224010283637 823.1079148947016
243.62231572537868 1529.6744418756123
243.65239134792105 2305.901290211496
243.68246697046337 2867.356630639118
243.7125425930057 2978.909965286105
243.74261821554808 2574.3126810559
243.7726938380904 1795.7813212662763
243.8027694606328 928.7393753844141
243.83284508317513 276.1308977085156
243.86292070571744 22.0187996726606
243.8929963282598 135.94623599479567
243.92307195080213 402.70945995793807
243.95314757334447 576.4347298321591
243.98322319588684 530.1691543525699
244.0132988184292 312.72047222872476
244.04337444097155 98.79859081046013
244.0734500635139 54.10499102984432
244.10352568605623 212.1795050483936
244.13360130859857 449.2369063078771
244.16367693114088 573.7874767811126
244.19375255368325 484.9656919887922
244.2238281762256 266.12903774483146
244.253903798768 139.53884887142843
244.2839794213103 316.50968849939574
244.31405504385265 810.9868373017738
244.34413066639496 1393.8686150012204
244.37420628893733 1766.813786515386
244.40428191147967 1758.1639441407067
244.43435753402204 1402.0147050503294
244.4644331565644 899.713136111584
244.49450877910672 467.6479140474797
244.52458440164904 200.1072064244773
244.55466002419143 76.77052394323373
244.58473564673375 46.4951489118142
244.6148112692761 73.79242180054273
244.64488689181843 128.76403319920243
244.6749625143608 168.13603142483203
244.70503813690317 152.76446869252945
244.7351137594455 85.29589063804205
244.76518938198785 16.71507914874249
244.79526500453017 3.988025075232528
244.8253406270725 60.80266335860825
244.85541624961488 159.1410178006734
244.88549187215725 275.20678753700633
244.9155674946996 416.61083773012456
244.94564311724193 598.7107174390379
244.97571873978424 799.8412856678293
245.0057943623266 945.1769698553376
245.03586998486892 949.9357255499696
245.0659456074113 800.5603431163373
245.0960212299537 591.0442139845184
245.126096852496 458.20600600650806
245.15617247503835 476.35738849851055
245.1862480975807 612.4457998986273
245.21632372012303 763.1031065407388
245.24639934266537 826.2686157708692
245.2764749652077 757.8906773369071
245.30655058775008 585.4029685583811
245.3366262102924 378.65077136308327
245.3667018328348 210.49157911628407
245.39677745537716 136.92307118786755
245.42685307791947 194.52861004065448
245.4569287004618 394.5550628399612
245.48700432300413 702.8830262704321
245.51707994554647 1024.64620336045
245.54715556808884 1223.0584314759917
245.5772311906312 1178.4399908723162
245.60730681317355 868.4154868012457
245.6373824357159 420.715305871226
245.66745805825823 72.02488654129257
245.69753368080055 35.09901120468556
245.72760930334292 370.5554046023471
245.7576849258853 947.3068675380249
245.7877605484276 1513.3946284961903
245.81783617097 1840.0555276604628
245.8479117935123 1839.9659467993208
245.87798741605465 1581.7420485639464
245.90806303859705 1217.9415343183834
245.93813866113936 897.8917662812944
245.96821428368168 718.7555457127542
245.99828990622404 718.7733084257585
246.0283655287664 880.180345054545
246.05844115130873 1123.7293309945615
246.08851677385107 1318.2843166453529
246.11859239639344 1332.8646334761243
246.14866801893575 1111.497579322324
246.1787436414781 718.5624781784251
246.2088192640205 326.2067036155378
246.23889488656283 136.45450370911823
246.2689705091052 264.75239824605194
246.29904613164751 674.7019437435831
246.32912175418983 1212.8837205422797
246.35919737673217 1687.256087339232
246.3892729992745 1935.185297876826
246.41934862181688 1878.0561661659328
246.44942424435925 1544.8989786207808
246.4794998669016 1047.2072260047607
246.50957548944396 535.9428429359208
246.53965111198627 163.48523014573746
246.56972673452864 31.57281285537251
246.59980235707096 133.5331127151128
246.62987797961327 350.35266546132374
246.65995360215567 536.4438500090534
246.690029224698 655.3174429583737
246.72010484724035 862.8342252111352
246.75018046978272 1432.1712570221412
246.78025609232503 2515.913604139507
246.8103317148674 3905.608892163228
246.84040733740972 5038.257741898442
246.87048295995208 5334.5623568189
246.90055858249443 4602.1530014162845
246.9306342050368 3160.746302675635
246.96070982757917 1628.2138299106357
246.99078545012148 548.0536868154519
247.0208610726638 112.23999161615782
247.05093669520616 150.09203492836326
247.08101231774853 338.9302997754947
247.11108794029087 443.8734768126342
247.1411635628332 413.5358946694381
247.17123918537555 310.08896989818425
247.20131480791787 202.80429922649864
247.23139043046024 125.97885745380344
247.2614660530026 88.55039707403189
247.29154167554492 96.28576008455809
247.3216172980873 170.4061443982695
247.35169292062963 349.0736803305319
247.381768543172 650.5900530876934
247.41184416571437 1004.0364368078532
247.44191978825668 1227.226071804208
247.47199541079905 1142.2461109413532
247.50207103334137 764.9180253589415
247.53214665588368 387.7409551268174
247.56222227842605 434.2544003950346
247.5922979009684 1115.4737245499796
247.62237352351076 2183.3880497301648
247.65244914605313 3072.864522354039
247.68252476859544 3285.5909909051406
247.71260039113776 2716.8438509478106
247.74267601368012 1728.1219616656213
247.77275163622247 836.953338379154
247.80282725876484 307.33174802509745
247.8329028813072 92.04722537128016
247.86297850384952 33.396604567113954
247.89305412639183 27.760954337643852
247.92312974893423 55.363698543593244
247.95320537147657 108.03791243397885
247.98328099401888 146.87273673873878
248.01335661656125 152.155334834485
248.0434322391036 191.68319009226605
248.07350786164596 414.4054735215144
248.1035834841883 949.2635211617674
248.13365910673065 1776.185600592616
248.16373472927296 2666.66395632342
248.19381035181527 3276.4693293793503
248.22388597435767 3335.304306761966
248.25396159690004 2787.4516347399085
248.2840372194424 1854.4223755611365
248.31411284198472 976.0448415674584
248.34418846452704 550.828448170819
248.3742640870694 642.883511827256
248.40433970961172 960.2457404712007
248.4344153321541 1137.0956751016688
248.46449095469643 1032.603624669889
248.4945665772388 786.4774960036576
248.52464219978117 636.7922685278736
248.55471782232348 678.9763414940301
248.58479344486585 787.5090559895393
248.61486906740816 789.37504223278
248.6449446899505 671.9927054179914
248.67502031249288 567.0897649475504
248.7050959350352 573.5651505593958
248.73517155757756 652.7111398799177
248.76524718011993 683.5181797359829
248.79532280266224 598.1620087473351
248.8253984252046 449.2904477348489
248.85547404774692 331.1750276963982
248.8855496702893 269.5107751702809
248.91562529283163 228.0688870846292
248.945700915374 205.72472746052892
248.97577653791635 289.7360399131252
249.0058521604587 586.459383828446
249.03592778300103 1090.1376452788115
249.06600340554337 1630.8577599861717
249.0960790280857 1976.6166685722096
249.12615465062808 2009.6995489954363
249.1562302731704 1799.222067612301
249.1863058957128 1511.674571565315
249.21638151825513 1278.8372981403545
249.24645714079745 1131.4745657036424
249.2765327633398 1019.9731270155764
249.30660838588213 888.2770372985104
249.33668400842447 731.5205972454091
249.36675963096684 592.6119972719328
249.3968352535092 515.4069110289557
249.42691087605155 501.8451367953605
249.4569864985939 512.1305034053428
249.48706212113623 508.05383398529347
249.51713774367855 494.09155340431784
249.5472133662209 512.4462556347023
249.57728898876323 600.5465322727964
249.6073646113056 748.4752248942941
249.637440233848 888.0370294333655
249.6675158563903 934.6013147434035
249.69759147893265 852.9479097580905
249.72766710147496 676.7873149395264
249.75774272401733 470.9877463871118
249.78781834655967 290.38063975393027
249.81789396910204 164.72575098407967
249.8479695916444 101.60394434236416
249.87804521418673 99.11731870963534
249.90812083672904 161.53001539240253
249.93819645927144 305.71312868986286
249.96827208181375 547.0738133912529
249.9983477043561 862.315989274696
250.0284233268985 1153.6095224786316
250.0584989494408 1267.3827647153305
250.08857457198317 1090.785678890965
250.11865019452551 668.1877043303472
250.14872581706783 241.1731992287644
250.17880143961017 144.72586332644116
250.2088770621525 579.7051926296388
250.23895268469488 1420.159848369696
250.26902830723725 2249.727319941459
250.2991039297796 2628.432652440728
250.32917955232196 2377.6707216274385
250.35925517486427 1683.2143803612303
250.3893307974066 966.9868195907064
250.41940641994893 600.1865604536457
250.44948204249127 651.176501781364
250.47955766503367 889.3350144582589
250.509633287576 1029.1298844998398
250.53970891011835 959.9628479223018
250.5697845326607 779.7775069437184
250.59986015520303 666.7310219974155
250.6299357777454 732.633873610431
250.66001140028771 975.7340990368723
250.69008702283008 1329.556608101046
250.7201626453724 1715.2008703600409
250.7502382679148 2058.005271264002
250.78031389045717 2291.2972888243244
250.81038951299948 2356.3885247599405
250.8404651355418 2214.4090561765333
250.87054075808416 1879.2560924558543
250.90061638062647 1432.6147930862355
250.93069200316884 998.2619469924366
250.9607676257112 706.9967339601791
250.99084324825355 663.5883557858334
251.02091887079587 892.6816371471064
251.05099449333824 1285.4435453741528
251.08107011588055 1608.8853364267138
251.11114573842292 1633.7170144290833
251.1412213609653 1344.151949005162
251.17129698350763 997.413898468564
251.20137260605 895.4833357662906
251.2314482285923 1127.6418892004842
251.26152385113463 1520.8037555465417
251.29159947367705 1775.396741407928
251.32167509621937 1728.8228029259278
251.35175071876168 1495.2209136508536
251.38182634130405 1267.5746463562164
251.4119019638464 1083.329328677676
251.44197758638876 853.3851188843347
251.47205320893113 524.4269396770587
251.50212883147344 190.05958393342888
251.53220445401575 41.91513857392682
251.56228007655807 170.9186549788209
251.59235569910047 449.7503942075573
251.62243132164284 642.0626808966974
251.6525069441852 611.8772915596944
251.68258256672752 434.5364428890692
251.71265818926983 317.07438791165174
251.7427338118122 417.0770266437025
251.7728094343545 734.484068587056
251.80288505689688 1142.1921132497896
251.83296067943925 1494.6810967118545
251.8630363019816 1718.452894812838
251.89311192452396 1818.3889279469277
251.92318754706628 1816.8181476944253
251.95326316960865 1702.8970110446332
251.98333879215096 1442.5290361403147
252.01341441469327 1032.9163475643832
252.04349003723567 552.4240293809382
252.073565659778 158.04357878864448
252.10364128232035 2.789074908818984
252.13371690486272 110.48285310979256
252.16379252740504 326.55016229050364
252.1938681499474 430.6984527831989
252.22394377248972 326.0843551919488
252.2540193950321 118.05917885575586
252.2840950175744 10.382317392378887
252.3141706401168 124.74209419924281
252.34424626265917 403.39759430237285
252.37432188520148 672.129794238067
252.40439750774385 793.3417242861634
252.43447313028616 757.5551068485495
252.4645487528285 649.3987544957243
252.49462437537088 562.947800989066
252.5246999979132 552.6905232206062
252.55477562045556 627.9442007022285
252.58485124299787 758.1742424914124
252.61492686554024 879.6931994432044
252.6450024880826 922.7506112846578
252.67507811062492 857.7700872581331
252.7051537331673 717.0496030101514
252.73522935570963 565.9707678060653
252.765304978252 457.223262239656
252.79538060079437 410.4235109074481
252.8254562233367 419.0749079462376
252.85553184587903 462.8159611887054
252.88560746842137 522.012972689376
252.91568309096368 614.2854585652898
252.94575871350605 846.1612490116473
252.9758343360484 1400.5502138032439
253.0059099585908 2372.305547319376
253.03598558113313 3559.4333021992056
253.06606120367545 4473.689510700856
253.09613682621776 4618.443917305098
253.12621244876007 3831.440295843356
253.15628807130247 2458.8414085510535
253.18636369384484 1146.168081201351
253.2164393163872 349.21426226214464
253.24651493892952 65.46521818325562
253.27659056147183 27.78406286181516
253.30666618401423 73.58481837103656
253.33674180655655 294.0065985820955
253.3668174290989 834.7966973016244
253.39689305164123 1606.0438670591036
253.4269686741836 2254.2909156747446
253.45704429672597 2425.770335360496
253.4871199192683 2045.2382524518905
253.51719554181065 1356.3055935581149
253.54727116435296 714.2655447669174
253.57734678689533 331.9304142106772
253.60742240943767 191.9331364936196
253.63749803198004 164.3088239418111
253.6675736545224 169.05864452950732
253.69764927706473 226.2146506251985
253.72772489960704 399.03613684588606
253.7578005221494 709.6660124042356
253.78787614469172 1084.7000241806024
253.8179517672341 1363.294517285038
253.8480273897765 1369.669446699213
253.8781030123188 1031.844694195523
253.90817863486117 488.73125831515154
253.93825425740349 64.95997834087214
253.96832987994583 61.370524012828014
253.99840550248817 523.6740854578602
254.0284811250305 1210.0416826761875
254.05855674757288 1769.2337943873172
254.0886323701152 1961.3380526152073
254.1187079926576 1767.6939754260468
254.14878361519996 1343.3575485052736
254.17885923774227 882.4910464739821
254.2089348602846 513.8532002214622
254.23901048282693 278.669465197405
254.26908610536927 161.80416713236482
254.29916172791164 132.33733623063108
254.329237350454 170.33377831466947
254.35931297299635 269.08569407566034
254.3893885955387 418.3458097620654
254.41946421808103 599.0417936045144
254.44953984062337 815.2849305436492
254.47961546316571 1140.8514796604325
254.50969108570808 1704.8576663057413
254.5397667082504 2564.4684848549764
254.5698423307928 3547.9915504811934
254.5999179533351 4256.085847521478
254.62999357587745 4297.1370543839585
254.6600691984198 3578.8870034743422
254.69014482096216 2390.3388505555645
254.72022044350447 1210.1611278751063
254.75029606604684 413.7083566165047
254.7803716885892 97.10875010843793
254.81044731113155 136.37264756158527
254.84052293367387 397.9138999998551
254.87059855621624 855.9467633607111
254.90067417875855 1509.0237484376
254.9307498013009 2243.1450841937567
254.9608254238433 2807.85508505608
254.99090104638563 2932.5111835277903
255.020976668928 2502.6400554056854
255.0510522914703 1666.5863431577154
255.08112791401263 778.5131023830221
255.11120353655497 210.6660887390888
255.1412791590973 160.8065796996193
255.17135478163968 547.6643498795073
255.20143040418205 1044.4873759565878
255.2315060267244 1278.6926520275315
255.26158164926676 1091.131318667325
255.29165727180907 634.6473534862832
255.32173289435144 218.81358088671377
255.35180851689375 41.33589444051759
255.38188413943607 51.138626623946145
255.4119597619785 67.29830185448316
255.4420353845208 16.30031321297803
255.47211100706315 30.957175708250855
255.50218662960552 315.56607568986766
255.53226225214783 925.5690649121581
255.5623378746902 1681.2177763091374
255.5924134972325 2287.028552247862
255.62248911977488 2528.2651568236247
255.65256474231725 2364.0246548579407
255.6826403648596 1885.5758010821385
255.71271598740196 1249.6492367380165
255.74279160994428 641.1456399761447
255.7728672324866 234.95734777667496
255.80294285502893 144.29471273840787
255.83301847757127 372.71962854413295
255.86309410011367 813.1486882677848
255.893169722656 1314.1061152430486
255.92324534519835 1750.0721721109428
255.95332096774067 2034.587611476141
255.98339659028304 2101.4464562080025
256.01347221282543 1911.8730052786073
256.04354783536775 1494.7746299570904
256.07362345791006 974.205798471768
256.1036990804525 552.9862696899716
256.1337747029948 466.691038465528
256.1638503255372 905.8069471980576
256.1939259480795 1893.0668140305456
256.22400157062185 3205.764751772491
256.2540771931642 4444.745301697879
256.28415281570653 5214.4091676969165
256.3142284382489 5342.602075933483
256.3443040607912 5023.632733430093
256.3743796833336 4706.10819799707
256.4044553058759 4751.280730149489
256.4345309284182 5131.938909826961
256.46460655096064 5423.579978710644
256.4946821735029 5120.064846548464
256.52475779604526 4037.9539678322008
256.55483341858763 2484.694731095958
256.58490904113 1048.9877822502133
256.6149846636724 199.19687034819327
256.6450602862147 30.054693441151
256.67513590875706 289.5960986014299
256.70521153129937 588.6282691366288
256.73528715384174 644.6921701516749
256.76536277638405 423.2801801532749
256.7954383989264 122.94254223144004
256.8255140214688 31.266185585516403
256.8555896440111 321.7681153097613
256.8856652665535 927.9136786352494
256.91574088909584 1578.6269390752875
256.9458165116381 1961.1990130777883
256.97589213418047 1911.2839867414284
257.00596775672284 1496.4925540417028
257.0360433792652 940.6828350858126
257.0661190018075 468.93426358375586
257.0961946243499 189.32329530012385
257.12627024689226 80.248525047855
257.1563458694346 64.73568261430864
257.18642149197694 85.45377115451697
257.21649711451926 121.58997815208885
257.2465727370616 163.24530251823575
257.276648359604 192.48556370441088
257.3067239821463 196.3937611364879
257.3367996046887 193.82801403735593
257.36687522723093 239.57029356902507
257.39695084977336 393.86945395695966
257.42702647231573 680.6517960054225
257.45710209485804 1058.872690014742
257.4871777174004 1418.6861990168843
257.5172533399427 1619.4459239124217
257.5473289624851 1564.5056489838198
257.5774045850274 1258.019172271377
257.6074802075698 805.4476885956573
257.6375558301121 374.1037857997509
257.66763145265446 127.56206844714836
257.69770707519683 144.195087364231
257.72778269773914 375.7401890327728
257.7578583202815 689.2789169505392
257.7879339428239 950.9648733531199
257.81800956536614 1086.957036350046
257.84808518790857 1104.8468855419596
257.8781608104509 1086.276469905518
257.90823643299325 1155.500263970168
257.9383120555356 1421.235336989429
257.968387678078 1900.3673364894807
257.9984633006203 2467.519927874161
258.0285389231626 2874.7756212964746
258.058614545705 2848.415363595415
258.0886901682473 2271.921338841548
258.11876579078967 1362.7328516961768
258.14884141333204 598.4062878495039
258.17891703587435 399.5223816328253
258.2089926584167 894.9061022445092
258.23906828095903 1882.3154854541913
258.2691439035014 2939.141539756513
258.29921952604377 3682.77777927612
258.3292951485861 3944.124280090092
258.35937077112845 3699.2157427796656
258.3894463936708 3011.634471954243
258.41952201621314 2077.380003807825
258.4495976387555 1200.6207487063923
258.4796732612978 667.206691202916
258.50974888384013 589.6514536775028
258.5398245063825 839.4146461110117
258.56990012892487 1159.6843107069956
258.59997575146724 1348.1583523573622
258.63005137400955 1334.6361947605087
258.6601269965519 1138.3331576593084
258.69020261909424 804.476967504136
258.7202782416366 414.42623672155503
258.75035386417886 158.27356408976095
258.7804294867213 323.0533485382723
258.81050510926366 1112.8134738042138
258.840580731806 2435.987231965209
258.87065635434834 3867.228694906644
258.90073197689065 4861.209824569758
258.930807599433 5076.384441577751
258.96088322197534 4530.521496788822
258.9909588445177 3483.610283807714
259.0210344670601 2255.1553478269
259.0511100896024 1146.9243314607622
259.08118571214476 388.7141333815904
259.11126133468713 60.786555838024405
259.14133695722944 63.66714583002989
259.1714125797718 164.92169455716987
259.20148820231407 159.1463662940338
259.2315638248565 44.6610361190686
259.2616394473988 14.129296576103451
259.2917150699412 260.1236021902498
259.32179069248355 759.8598903173939
259.35186631502586 1258.9531079938772
259.38194193756823 1472.779203946034
259.41201756011054 1271.7023257916376
259.44209318265285 773.7933306782869
259.4721688051953 284.0041832547117
259.5022444277376 32.67209329819834
259.53232005028 26.224565580688985
259.5623956728223 116.6604397241327
259.59247129536465 170.68448245727498
259.622546917907 244.03433669379163
259.6526225404493 513.098249055114
259.6826981629917 1089.5789524641052
259.712773785534 1929.9921513189167
259.7428494080764 2720.439323594409
259.7729250306187 2985.903721322752
259.80300065316106 2527.650583996363
259.83307627570343 1626.8252912780235
259.86315189824575 812.3429680079347
259.89322752078806 475.97316652243137
259.9233031433304 630.5554924416074
259.9533787658728 1017.0298559340728
259.9834543884152 1390.1712947224066
260.0135300109575 1656.4647062972033
260.04360563349985 1781.6691100932435
260.07368125604216 1692.4163727799687
260.10375687858453 1384.2576273530733
260.1338325011269 1051.7815018080507
260.1639081236692 1003.7850104521666
260.1939837462116 1390.2348835094247
260.2240593687539 1964.2532205077136
260.2541349912962 2226.748935896668
260.28421061383864 1921.6503736472516
260.3142862363809 1325.2105341579347
260.34436185892326 985.0630262483688
260.37443748146563 1203.8458098989643
260.404513104008 1808.8055361266588
260.4345887265503 2370.135334286839
260.4646643490927 2626.05623695184
260.49473997163506 2728.260655485987
260.52481559417737 2988.200586682718
260.55489121671974 3380.350489693731
260.58496683926205 3464.222875231771
260.6150424618044 2847.795979403385
260.6451180843468 1662.6118766502327
260.6751937068891 532.9471701878533
260.7052693294315 62.852525388902976
260.7353449519738 376.58606921629746
260.7654205745161 1109.956039461262
260.79549619705847 1752.7270424250846
260.82557181960084 2002.7401459807957
260.8556474421432 1859.8175575933087
260.8857230646855 1475.1183346316363
260.9157986872279 1005.2964102686888
260.9458743097702 586.841629021337
260.9759499323126 334.8407897302252
261.00602555485494 295.56066495201236
261.03610117739726 397.9154941862812
261.0661767999396 491.183644100091
261.09625242248194 467.4004140762039
261.1263280450243 339.37787550463224
261.1564036675667 192.38123780457744
261.18647929010893 85.97864260870878
261.21655491265136 22.11085583546444
261.2466305351937 1.9671138763530411
261.27670615773604 88.9763412574231
261.3067817802784 375.668229304914
261.3368574028207 863.3540727371559
261.3669330253631 1393.2548014240392
261.3970086479054 1724.1266841145273
261.4270842704478 1691.4045517942172
261.4571598929901 1320.9246699561172
261.48723551553246 807.2129334805159
261.51731113807483 369.20475962158633
261.54738676061714 116.23206435179743
261.5774623831595 24.9872814190756
261.6075380057018 7.545564179676883
261.63761362824414 3.705239004723367
261.66768925078657 32.616736590726866
261.6977648733289 172.19890798629024
261.72784049587125 489.67603213362406
261.7579161184136 965.8772391732736
261.787991740956 1470.2196451359785
261.8180673634983 1818.146968624612
261.8481429860406 1862.3843884809887
261.878218608583 1565.781925213906
261.9082942311253 1039.5995581115772
261.93836985366767 499.1382606716589
261.96844547621004 143.40427967426317
261.99852109875235 78.22252217931765
262.0285967212947 332.3430636408132
262.05867234383703 904.6741467656765
262.0887479663794 1783.8297748491996
262.11882358892166 2882.0662872941134
262.1488992114641 3919.61261663462
262.17897483400645 4469.079097518301
262.2090504565488 4210.073916372412
262.23912607909114 3160.282371089276
262.26920170163345 1728.9090085038492
262.2992773241758 534.8590824854741
262.3293529467182 16.87583089605916
262.3594285692605 170.15976072731112
262.38950419180287 648.2349624456856
262.4195798143452 1049.4778118898237
262.44965543688755 1151.9086614134417
262.4797310594299 981.0836763817043
262.50980668197224 699.2055010453745
262.5398823045146 466.786346345294
262.56995792705686 392.0119055197874
262.6000335495993 510.3713711410332
262.6301091721416 753.7157102274061
262.660184794684 963.3721154003103
262.69026041722634 998.0976967668432
262.72033603976865 865.4742377447302
262.750411662311 715.8618712435044
262.78048728485334 678.431629177894
262.8105629073957 713.6621923216951
262.8406385299381 652.1969697022944
262.8707141524804 401.87591962197126
262.90078977502276 107.92420622066476
262.93086539756507 69.4156530806028
262.96094102010744 454.5577988723868
262.9910166426498 1095.540972695018
263.02109226519207 1608.0822377780762
263.0511678877345 1706.0042174584116
263.0812435102768 1383.3635680326815
263.1113191328192 863.4724599054554
263.14139475536155 407.1512758712561
263.17147037790386 153.34190355858868
263.2015460004462 138.16375875535638
263.23162162298854 381.3346558938743
263.26169724553085 878.7585852191249
263.2917728680732 1528.4891715714064
263.3218484906156 2104.453512144583
263.351924113158 2378.4727235472833
263.3819997357003 2284.1441065890313
263.41207535824265 1922.054627610536
263.4421509807849 1461.1414000097984
263.4722266033273 1057.632774967255
263.5023022258697 795.012782517654
263.532377848412 681.704345511716
263.5624534709544 709.3466900160576
263.5925290934967 876.8835122800223
263.62260471603906 1156.581418592845
263.65268033858143 1465.0286568838153
263.68275596112375 1671.631488539255
263.71283158366606 1642.0583511184464
263.7429072062084 1314.4602184454843
263.7729828287508 779.4744729643564
263.8030584512931 277.4550915750096
263.8331340738355 52.23818084120615
263.86320969637785 165.5796591087091
263.89328531892016 456.24262293502017
263.92336094146253 685.1824140822376
263.95343656400485 724.9141172075169
263.9835121865472 617.926952924959
264.0135878090896 471.3339270591133
264.0436634316319 339.799688831312
264.07373905417427 246.3819163420717
264.1038146767166 278.361739265882
264.1338902992589 577.3758805499808
264.16396592180126 1189.1532382175308
264.19404154434363 1926.0173598872789
264.224117166886 2419.3207443635083
264.2541927894283 2388.04650939948
264.2842684119707 1896.0075464054696
264.31434403451294 1305.11888349678
264.34441965705537 952.4839301947555
264.37449527959774 891.0880274951624
264.40457090214005 925.6424239553529
264.4346465246824 852.4137602234612
264.46472214722473 655.8802598440149
264.4947977697671 502.3264213892516
264.5248733923095 569.8667346659872
264.5549490148518 890.0021413307325
264.5850246373941 1328.381366853648
264.61510025993647 1683.888856562684
264.64517588247884 1808.311089302436
264.6752515050212 1675.6964965958236
264.7053271275635 1389.406108580662
264.7354027501059 1136.7957765546055
264.7654783726482 1098.5906163151435
264.7955539951906 1351.7916988015616
264.82562961773294 1835.0888972915009
264.85570524027526 2400.5334048009045
264.8857808628176 2902.0105117283847
264.91585648535994 3251.668260479548
264.9459321079023 3408.8601246921417
264.9760077304446 3343.983851599481
265.00608335298693 3056.2930971720284
265.03615897552936 2623.704224607709
265.0662345980717 2190.7055535199247
265.09631022061404 1894.7429220234408
265.12638584315636 1811.7043078371744
265.1564614656987 1946.8013860631324
265.1865370882411 2233.920691608472
265.2166127107834 2525.2397510771184
265.2466883333258 2608.342149440247
265.2767639558681 2301.6199968444153
265.30683957841046 1603.6227467356955
265.33691520095283 762.5290612755695
265.36699082349514 152.5244462955257
265.3970664460375 32.28155367708953
265.4271420685798 383.0897529537469
265.45721769112214 955.880992244112
265.48729331366445 1477.5978689831759
265.5173689362069 1826.8436319127
265.54744455874925 2043.4960638500495
265.5775201812916 2215.805042894518
265.607595803834 2372.4913078969407
265.63767142637624 2431.3685079400284
265.6677470489186 2221.5216652025247
265.697822671461 1635.48211041888
265.7278982940033 839.8218550767419
265.75797391654567 278.50994026341544
265.788049539088 370.7267728296811
265.81812516163035 1160.3317601903063
265.8482007841727 2210.6218508172096
265.87827640671503 2860.904975350973
265.9083520292574 2740.357210668171
265.93842765179966 2097.5335890753
265.9685032743421 1565.2592826369216
265.9985788968844 1607.0669535983895
266.0286545194268 2167.2815838013753
266.05873014196914 2759.601135798801
266.08880576451145 2886.7942872571
266.1188813870538 2423.221888914866
266.14895700959613 1625.5420797946908
266.1790326321385 852.7087717574144
266.20910825468087 322.4933302516536
266.2391838772232 63.702702207318275
266.26925949976555 2.732745650379234
266.29933512230787 73.18597807634679
266.32941074485024 288.2365174632358
266.3594863673926 756.7349216065961
266.38956198993486 1619.5897839630752
266.4196376124773 2899.5514481480805
266.4497132350196 4351.0738243156975
266.479788857562 5483.56357372044
266.50986448010434 5835.1332220278
266.53994010264665 5294.573959738335
266.570015725189 4165.677195209892
266.60009134773134 2927.845519708176
266.6301669702737 1925.3661119792448
266.660242592816 1242.0240733825449
266.6903182153584 819.0150620578931
266.72039383790076 622.5207785806488
266.75046946044307 654.6912783983855
266.78054508298544 845.2674189253834
266.8106207055277 1012.1452604648416
266.84069632807007 975.6227740257746
266.8707719506125 713.1960859274662
266.9008475731548 373.1608974757744
266.9309231956972 132.04431716428508
266.9609988182395 72.48587008775473
266.99107444078186 195.43120666564772
267.0211500633242 490.7065741440817
267.05122568586654 949.3004924723208
267.08130130840885 1502.8694761480326
267.1113769309512 1979.311307090642
267.1414525534936 2171.8475360551047
267.1715281760359 1989.2111307134917
267.2016037985783 1526.7815954438358
267.23167942112065 985.6379642595011
267.2617550436629 540.6037771777026
267.29183066620527 265.07875266740126
267.32190628874764 134.98492967026056
267.35198191129 91.06421436303437
267.3820575338324 107.58929908028536
267.4121331563747 214.8243711086826
267.44220877891706 455.2960102076747
267.4722844014594 795.1733435508116
267.50236002400175 1079.8823860480964
267.53243564654406 1127.45267756257
267.5625112690864 911.3495425846227
267.5925868916288 647.641512235095
267.6226625141711 661.116253520183
267.6527381367135 1098.0759560520305
267.68281375925574 1721.4280535817807
267.71288938179816 2055.9958990873806
267.74296500434053 1828.8059953032607
267.77304062688285 1234.958621882858
267.8031162494252 742.3900691576825
267.83319187196753 673.7764543172033
267.8632674945099 957.9555685275011
267.89334311705227 1246.61282018891
267.9234187395946 1268.9734920693509
267.9534943621369 1041.8521336552203
267.98356998467926 744.4643995143517
268.01364560722163 496.0195414402812
268.043721229764 323.24654826388297
268.0737968523063 293.83369847492173
268.1038724748487 567.8326396793809
268.13394809739094 1225.8494077294083
268.16402371993337 2052.2031814095744
268.19409934247574 2581.422556241363
268.22417496501805 2446.949231704242
268.2542505875604 1703.4376143975492
268.28432621010273 788.5415075657022
268.3144018326451 168.3260666377546
268.3444774551874 4.855232904869434
268.3745530777298 117.72820204289636
268.4046287002721 227.70450840158009
268.43470432281447 212.06233598859853
268.46477994535684 130.42085177501625
268.49485556789915 75.74995101833737
268.5249311904415 66.5655126520061
268.5550068129839 75.92488090296726
268.5850824355262 107.46371638073752
268.6151580580686 191.39469978378705
268.6452336806109 313.57922295945605
268.67530930315326 393.6885188938692
268.7053849256956 354.7453687739542
268.73546054823794 211.40088354346227
268.7655361707803 70.53875960811155
268.7956117933226 20.3851703249431
268.82568741586493 36.67851945649661
268.8557630384073 33.37505851661461
268.8858386609497 6.142578300456918
268.91591428349204 109.88859102838846
268.94598990603436 552.974883581619
268.9760655285767 1373.90269010737
269.00614115111904 2346.220680617448
269.0362167736614 3113.35735643247
269.0662923962038 3416.8456298963283
269.0963680187461 3280.0661710335207
269.12644364128846 3003.516406942871
269.1565192638308 2900.26677027626
269.18659488637314 3034.823069059384
269.2166705089155 3250.4484828054756
269.2467461314578 3355.7454593272105
269.27682175400014 3252.6456572628435
269.30689737654245 2982.343852673652
269.3369729990849 2654.6251876794377
269.3670486216272 2303.1913473528207
269.3971242441696 1873.9058743952887
269.427199866712 1355.7145074442255
269.45727548925424 841.503957912103
269.4873511117966 459.622189974015
269.51742673433887 278.78172376943974
269.5475023568813 258.9784915095305
269.57757797942367 284.3473767591137
269.607653601966 260.4998839859678
269.63772922450835 183.46521019507216
269.66780484705066 116.64381005856336
269.69788046959303 113.3185820379082
269.7279560921354 170.23956490929564
269.75803171467766 257.0415575210356
269.7881073372201 378.7051981312094
269.8181829597624 586.2611553494885
269.8482585823048 905.5432561596896
269.87833420484714 1252.070135549053
269.90840982738945 1444.9495564157903
269.9384854499318 1354.6930538031963
269.96856107247413 1061.1711317876195
269.9986366950165 840.748294393859
270.0287123175588 949.7204091082336
270.0587879401012 1375.9987042596017
270.08886356264355 1797.2447464148336
270.11893918518587 1824.2559360235416
270.14901480772824 1331.66166104737
270.1790904302705 585.547199606865
270.20916605281286 61.431643096880215
270.2392416753553 111.45034100484725
270.2693172978976 748.9158673036363
270.29939292044 1673.4530441435527
270.3294685429823 2473.8829087658055
270.35954416552465 2859.2880222561243
270.389619788067 2766.488586308621
270.41969541060934 2329.2434921301883
270.4497710331517 1790.5731853442005
270.479846655694 1381.704416628956
270.5099222782364 1197.9912992061231
270.5399979007787 1159.6638428775411
270.57007352332107 1097.3684986725264
270.60014914586344 902.4988471262419
270.6302247684057 616.263309192285
270.66030039094807 370.4059858635424
270.69037601349044 249.48573800518287
270.7204516360328 240.10270072319767
270.7505272585752 309.202679711936
270.7806028811175 479.8573762486517
270.81067850365986 778.7745930430722
270.84075412620217 1113.6433524205436
270.87082974874454 1273.4652526395805
270.90090537128685 1092.0090738719982
270.9309809938292 618.2306893602403
270.9610566163716 145.76940049653896
270.9911322389139 40.64164881794299
271.0212078614563 478.8496235134178
271.05128348399865 1321.1933279258108
271.0813591065409 2221.8760037209886
271.11143472908327 2862.96861852063
271.14151035162564 3098.122399797701
271.171585974168 2933.45537464636
271.2016615967103 2488.5940356665424
271.2317372192527 1962.4034550382744
271.26181284179506 1514.2613400925995
271.2918884643374 1163.3841826644896
271.32196408687975 834.9294739830483
271.35203970942206 503.4293351942041
271.3821153319644 307.18598591490473
271.4121909545068 503.41533214110393
271.4422665770491 1214.0716571273479
271.4723421995915 2213.792974187748
271.50241782213374 3046.3249210473778
271.53249344467616 3305.4585809187406
271.56256906721853 2852.0866083037204
271.59264468976085 1914.3907639789352
271.6227203123032 945.8072601613411
271.6527959348455 298.4718978346365
271.6828715573879 49.61544321617638
271.7129471799302 73.44116475133329
271.7430228024726 186.7068963098472
271.7730984250149 263.0419059447067
271.80317404755726 278.13885418871155
271.83324967009963 280.8395332956583
271.86332529264195 332.79101332014835
271.8934009151843 468.1142066911468
271.9234765377267 698.1950990891601
271.95355216026894 1051.2020694273356
271.98362778281137 1598.0338730266485
272.0137034053537 2374.9408756895978
272.04377902789605 3217.4138502921114
272.0738546504384 3738.5881768341287
272.10393027298073 3570.218006854389
272.1340058955231 2648.8400833500305
272.1640815180654 1339.6910494156882
272.1941571406078 304.4334495914477
272.2242327631501 90.13658609466387
272.25430838569247 742.6894010827035
272.28438400823484 1813.4860357939951
272.31445963077715 2690.1085411159934
272.3445352533195 2964.831105024052
272.37461087586183 2631.511448475637
272.4046864984042 1997.4748207692164
272.4347621209466 1421.5761325184135
272.4648377434889 1117.8339244139706
272.49491336603126 1111.06580844198
272.5249889885736 1302.1386877831192
272.55506461111594 1580.3950186295679
272.5851402336583 1891.0416338244963
272.6152158562006 2199.350136287678
272.64529147874293 2423.5289470044286
272.6753671012853 2451.751382824345
272.7054427238277 2225.583602940429
272.73551834637004 1783.5467872584052
272.76559396891236 1240.7609784214255
272.7956695914547 736.9263768928178
272.82574521399704 371.2322598296397
272.8558208365394 168.20568198409703
272.88589645908166 108.552526382086
272.9159720816241 182.4078150685935
272.94604770416646 397.5370171411313
272.9761233267088 734.7688616931683
273.00619894925114 1111.4858815018351
273.03627457179346 1403.1295724053834
273.0663501943358 1511.1716664821572
273.09642581687814 1430.9257835329947
273.1265014394205 1253.919178108013
273.1565770619629 1083.5879591761525
273.1866526845052 954.5419460173107
273.2167283070476 838.4210728472007
273.24680392959 699.5925318841031
273.27687955213224 535.3916518622306
273.3069551746746 385.9144927480167
273.33703079721687 316.60859302197906
273.3671064197593 379.19802901470393
273.3971820423016 575.0363118349911
273.427257664844 850.7475352839094
273.45733328738635 1128.8456254658277
273.48740890992866 1345.6929826329504
273.51748453247103 1473.630140276986
273.54756015501334 1525.099901379382
273.57763577755566 1540.0681069087539
273.6077114000981 1560.402784988501
273.6377870226404 1606.1742675599219
273.6678626451828 1664.1294750980694
273.6979382677251 1687.8058220606274
273.72801389026745 1612.6409720934907
273.7580895128098 1388.9770141070835
273.78816513535213 1020.9366672998076
273.8182407578945 586.2939409147684
273.8483163804368 213.61043850917997
273.8783920029792 17.748439511823197
273.9084676255215 33.09154146876065
273.93854324806387 194.18166970672792
273.96861887060624 378.4688640516658
273.99869449314855 486.10479105529976
274.02877011569086 504.62697901362714
274.05884573823323 495.41797733343526
274.0889213607756 511.22453883685887
274.118996983318 542.2846949305458
274.1490726058603 541.3513857228485
274.17914822840265 476.28738782870533
274.20922385094497 357.3135025232884
274.23929947348734 228.06041664813273
274.2693750960297 130.2958631608938
274.299450718572 77.18195098324618
274.3295263411144 60.64504661799392
274.3596019636567 71.29380584893326
274.38967758619907 99.15006940883997
274.41975320874144 124.06953102490972
274.4498288312837 128.60814305375243
274.47990445382607 127.95775720688447
274.50998007636844 168.80620519132623
274.5400556989108 274.82369469045
274.5701313214531 395.19963144489446
274.6002069439955 446.7572362133821
274.63028256653786 457.1242007281264
274.66035818908017 671.1185187259535
274.69043381162254 1423.859202332594
274.72050943416485 2805.4696825666606
274.7505850567072 4459.495153446541
274.7806606792496 5731.409959379457
274.8107363017919 6042.453183550394
274.8408119243343 5310.9918957816735
274.8708875468766 4098.328230117481
274.9009631694189 3164.157779592807
274.93103879196127 2849.680019221953
274.96111441450364 2946.579357452524
274.991190037046 3016.1913353107807
275.0212656595883 2764.6573671335796
275.0513412821307 2222.8918178117374
275.081416904673 1630.0467058103484
275.1114925272154 1172.1789389446726
275.14156814975775 858.121969380599
275.17164377230006 599.5898088987975
275.2017193948424 350.79420099800615
275.23179501738474 168.04167251023657
275.2618706399271 162.57648012404647
275.2919462624695 411.5604289564313
275.32202188501174 908.1978932358351
275.35209750755416 1576.7701467841769
275.3821731300965 2314.194325613206
275.41224875263885 3017.6060447312893
275.4423243751812 3591.5062029065734
275.4723999977235 3942.1501291324425
275.5024756202659 3974.427867073841
275.5325512428082 3619.722579581585
275.5626268653506 2903.89682606031
275.5927024878929 1998.6988521193528
275.62277811043526 1172.9837709750211
275.65285373297763 655.0174144468026
275.68292935551995 517.0446056584018
275.7130049780623 650.8043166465368
275.7430806006046 835.4594349809719
275.77315622314694 881.804366849724
275.80323184568937 758.6200928348032
275.8333074682317 586.0775361061196
275.86338309077405 526.1447116098618
275.8934587133164 679.8946958822986
275.92353433585873 1030.2533318731787
275.9536099584011 1447.3157131632083
275.9836855809434 1777.8094732571872
276.0137612034858 1942.9461403794464
276.0438368260281 1944.729268910336
276.07391244857047 1825.3289910190208
276.10398807111284 1647.9068534433611
276.13406369365515 1444.0991750351188
276.1641393161975 1169.510578555444
276.19421493873983 794.8941652308362
276.2242905612822 400.1654946456324
276.25436618382446 114.99645521491232
276.2844418063669 25.923339207306395
276.31451742890926 122.46264026816776
276.3445930514516 283.52825856636014
276.37466867399394 369.0056050659844
276.40474429653625 324.27257851997683
276.4348199190786 191.04871361435127
276.46489554162093 62.715506552764765
276.4949711641633 4.646021898166366
276.5250467867057 5.635138430751536
276.555122409248 17.34968318840321
276.58519803179036 17.960207276557664
276.6152736543327 35.94492292867591
276.64534927687504 105.40090114352871
276.6754248994174 200.07890133109964
276.70550052195966 241.0157746667795
276.7355761445021 180.2468966863872
276.7656517670444 86.87522166824742
276.7957273895868 131.39132621405435
276.82580301212914 447.6488428930053
276.85587863467146 988.12550024292
276.8859542572138 1493.7131751349057
276.91602987975614 1651.8058507208739
276.9461055022985 1359.9686729944378
276.9761811248409 815.7652243183744
277.0062567473832 332.7959370331982
277.0363323699256 99.48398879884776
277.0664079924679 90.30180291615666
277.09648361501024 154.32694842256112
277.1265592375526 163.370552971869
277.15663486009487 97.6270294115962
277.1867104826373 26.08846022118828
277.2167861051796 22.177859887037688
277.246861727722 101.60068865200532
277.27693735026435 230.7721124496356
277.30701297280666 371.3596624556552
277.33708859534903 504.6736293400318
277.36716421789134 625.8435169788164
277.39723984043366 730.1104544136323
277.427315462976 803.2830112718655
277.4573910855184 820.6154705422617
277.4874667080608 762.3908731990416
277.5175423306031 637.790782550223
277.54761795314545 489.16996963914914
277.57769357568776 363.4007638542751
277.60776919823013 272.85468423964505
277.6378448207725 191.48666713912547
277.6679204433148 98.47197934556739
277.6979960658572 19.71176131636654
277.7280716883995 14.428980544550702
277.75814731094187 113.84794846659815
277.78822293348423 271.39403562160965
277.81829855602655 377.73919508629024
277.84837417856886 343.6478543977026
277.87844980111123 189.63241833352623
277.9085254236536 39.74647503577727
277.9386010461959 10.476732696527868
277.9686766687383 118.62501729592472
277.99875229128065 282.87886847758074
278.02882791382297 400.1726391212975
278.05890353636534 428.89060326345
278.08897915890765 402.4744023932544
278.11905478145 382.92653217662297
278.1491304039924 413.2642344093564
278.1792060265347 493.8551112937735
278.20928164907707 582.4379282839317
278.2393572716194 616.4889196743047
278.2694328941617 556.0296044097811
278.29950851670407 416.9201670462248
278.32958413924644 259.2578537904505
278.3596597617888 145.5763599435124
278.3897353843311 102.45103275719832
278.4198110068735 111.29120512430983
278.4498866294158 135.44907751494577
278.47996225195817 152.4619508522539
278.51003787450054 162.71956179299247
278.54011349704285 179.47305309724047
278.5701891195852 219.8267539341774
278.60026474212754 302.29410489049405
278.6303403646699 435.375759290926
278.6604159872123 593.5376284947884
278.6904916097546 714.6968669507726
278.7205672322969 739.1645804621446
278.75064285483927 653.3592578766758
278.78071847738164 497.6908954239168
278.810794099924 332.4641368315816
278.8408697224663 191.00434247150227
278.8709453450087 81.17543312148285
278.901020967551 50.37491135818493
278.9310965900934 222.72662255493188
278.96117221263574 718.3296089405329
278.99124783517806 1502.0066412946671
279.0213234577204 2301.7818838510548
279.05139908026274 2703.7298960128064
279.0814747028051 2425.140794202832
279.1115503253474 1570.1205186089014
279.14162594788974 624.0673443869431
279.17170157043216 199.9692735394115
279.2017771929745 700.8378064133016
279.23185281551685 2079.3964251374778
279.26192843805916 3873.7583118146113
279.2920040606015 5471.41109881988
279.3220796831439 6387.777890499428
279.3521553056862 6439.287908885195
279.3822309282286 5741.340797324366
279.4123065507709 4560.767126591024
279.44238217331326 3190.954447403428
279.47245779585563 1924.0288976494971
279.50253341839795 1039.077241932069
279.5326090409403 695.1493978617159
279.5626846634826 790.0905561960748
279.59276028602494 1016.3135519437608
279.62283590856725 1101.106938928442
279.6529115311097 970.4057320408943
279.68298715365205 759.3111685730264
279.7130627761944 717.8126919300665
279.74313839873673 1034.8353557693963
279.77321402127905 1703.343383658628
279.8032896438214 2504.0005941783056
279.8333652663638 3128.008742918133
279.8634408889061 3429.4535970143697
279.89351651144847 3630.340025423782
279.9235921339908 4322.094350698161
279.95366775653315 6149.644560830221
279.9837433790755 9205.46594218213
