0.1 5479.722155676064
0.12988522019286491 4578.500768872653
0.15977044038572982 3349.6606987624327
0.18965566057859476 2763.6775800635014
0.21954088077145964 5183.981734315756
0.24942610096432452 13118.28910931603
0.2793113211571895 27670.54894163232
0.3091965413500544 48275.30532968209
0.33908176154291925 71817.77962742413
0.36896698173578407 93337.0622045927
0.3988522019286491 111979.91069116244
0.428737422121514 136935.5868767765
0.4586226423143789 177753.97480440186
0.48850786250724376 233369.8627711088
0.5183930827001088 299181.51240153593
0.5482783028929736 362806.07754702144
0.5781635230858385 393342.5282362495
0.6080487432787034 367691.49695967295
0.6379339634715683 294626.6734480035
0.6678191836644333 200684.69043050727
0.697704403857298 114688.18103571824
0.727589624050163 60820.600363742094
0.757474844243028 49002.98871177813
0.787360064435893 68745.2808792967
0.8172452846287578 96048.30713076252
0.8471305048216226 110216.35137222084
0.8770157250144875 105214.51940000032
0.9069009452073523 90120.68959387991
0.9367861654002174 84161.74631192423
0.9666713855930824 102817.4103498432
0.9965566057859474 142911.5142475031
1.026441825978812 184552.3897208328
1.0563270461716772 203037.03723644227
1.086212266364542 182180.6505504768
1.1160974865574067 128313.61865978716
1.145982706750272 67913.64344362481
1.1758679269431367 26743.359811385184
1.2057531471360017 15056.671481608344
1.2356383673288667 26032.045519863557
1.2655235875217314 43112.46867779125
1.2954088077145964 52872.548948880474
1.3252940279074614 51441.57655535436
1.355179248100326 41114.06170248699
1.3850644682931912 27147.621203368995
1.414949688486056 16863.65020980983
1.4448349086789207 17254.035614185286
1.474720128871786 32414.132321495134
1.5046053490646507 60694.89087882204
1.5344905692575157 93114.89427706313
1.5643757894503807 117786.2694064597
1.5942610096432455 127193.1208126996
1.6241462298361105 121489.34531969293
1.6540314500289752 107652.80469030901
1.6839166702218402 96482.65045630519
1.7138018904147052 95483.38338502096
1.74368711060757 100449.05886087097
1.7735723308004347 96559.14302473888
1.8034575509933 71813.18544146651
1.8333427711861647 33130.569217202334
1.8632279913790295 8591.606658855762
1.8931132115718947 28825.56397521718
1.9229984317647597 104235.43750293693
1.9528836519576245 212478.89690484808
1.9827688721504888 301300.0392232897
2.0126540923433542 317530.333904338
2.0425393125362192 250403.65932381057
2.072424532729084 144441.05388344455
2.1023097529219488 66042.72911687526
2.1321949731148138 57517.7280237234
2.1620801933076788 112640.39065460264
2.191965413500544 184305.3683633692
2.2218506336934087 219093.6583859388
2.251735853886273 196315.4316449737
2.2816210740791383 146139.08948452675
2.3115062942720033 135039.037659531
2.341391514464868 216030.2263794066
2.371276734657733 379383.39156184706
2.4011619548505982 562601.7385290456
2.431047175043463 698917.7229874943
2.460932395236328 739377.2572513578
2.4908176154291928 661444.4873492181
2.5207028356220578 491669.014564118
2.5505880558149228 307012.984876688
2.5804732760077878 184883.1751122691
2.6103584962006523 145298.21976965579
2.640243716393517 150854.40660565376
2.6701289365863823 154207.79765801493
2.7000141567792473 133078.52633330587
2.729899376972112 91963.84988810089
2.759784597164977 49512.35109164674
2.789669817357842 24028.60818378388
2.819555037550707 21244.11718568737
2.849440257743572 31880.673738670408
2.879325477936437 41412.29618537044
2.9092106981293013 42427.15441276848
2.9390959183221663 36838.0181779083
2.9689811385150318 29417.271399871013
2.9988663587078963 22742.89930479308
3.028751578900761 16735.34328630387
3.0586367990936254 10445.297114685984
3.088522019286491 4370.829955180955
3.118407239479356 1522.5836030513617
3.148292459672221 4753.239187399253
3.178177679865086 12519.237452418993
3.2080629000579504 19101.599609888846
3.237948120250816 19419.51477365053
3.2678333404436803 13486.194936453949
3.2977185606365453 7294.138869026738
3.3276037808294103 8811.680549878807
3.3574890010222758 20611.01129815659
3.38737422121514 36159.19364548872
3.417259441408005 44529.708109926985
3.4471446616008694 39169.0615122088
3.477029881793735 23394.694232257138
3.5069151019866 8244.246820280398
3.5368003221794644 4738.613343926582
3.5666855423723294 17427.12550277467
3.5965707625651944 42902.965692417376
3.6264559827580594 72016.98501278799
3.656341202950924 94696.770107266
3.686226423143789 105404.95896351767
3.7161116433366534 104580.77050309593
3.7459968635295193 95404.97947192735
3.775882083722384 80686.02654092593
3.805767303915249 62453.01150168404
3.8356525241081134 42842.912550377856
3.8655377443009775 24881.77930179747
3.8954229644938434 12589.084886510644
3.925308184686708 9520.994305616385
3.955193404879573 16119.018676410711
3.9850786250724384 28895.49335522711
4.014963845265303 42814.451234738764
4.044849065458168 53803.30232152201
4.074734285651033 59388.177323182645
4.104619505843897 58694.472091013085
4.134504726036762 52584.6515937424
4.164389946229626 43488.67951382673
4.194275166422492 34841.282180100294
4.224160386615357 30037.151497307663
4.254045606808222 30456.619294547243
4.283930827001087 33787.42000271606
4.313816047193952 35323.730763159845
4.343701267386817 31665.552019262264
4.373586487579682 23189.44853630746
4.403471707772546 13798.4296814879
4.433356927965411 8341.038172106177
4.463242148158276 8825.950713042728
4.493127368351141 12821.412324570028
4.523012588544006 15928.036465400915
4.552897808736871 15470.187756190167
4.582783028929736 12291.057619515255
4.612668249122601 10345.353091819532
4.642553469315466 15116.914877207364
4.67243868950833 31447.034168078164
4.702323909701196 60727.35444795605
4.73220912989406 98478.6505602027
4.762094350086925 135205.4274647234
4.79197957027979 160790.57718668782
4.821864790472655 168239.7302418333
4.85175001066552 155360.23937346344
4.881635230858385 126338.14550533747
4.91152045105125 91406.74654103149
4.941405671244115 61524.78464774447
4.97129089143698 42071.93260963041
5.001176111629845 31493.165872221583
5.03106133182271 24444.66798455665
5.060946552015574 16435.955279853977
5.090831772208439 7509.765172880198
5.120716992401304 2115.676930768396
5.150602212594169 4595.10626082532
5.180487432787033 14692.218091722725
5.210372652979899 27936.529123284006
5.240257873172764 39639.85819098313
5.270143093365629 47827.112129964335
5.300028313558494 53692.44507771264
5.329913533751359 59738.95659751732
5.359798753944224 66082.5101178096
5.389683974137088 68834.12029407431
5.419569194329953 63585.35146261546
5.449454414522817 50277.44382250905
5.479339634715683 33549.20084452329
5.509224854908548 18899.114027052558
5.539110075101413 9667.657526253744
5.568995295294278 6737.119236095619
5.598880515487143 8975.851936191673
5.628765735680008 13571.930639178674
5.658650955872873 16879.678017711554
5.688536176065737 15916.011933687709
5.718421396258601 10284.526287785611
5.748306616451467 3249.112721984812
5.778191836644332 6.3161334898343995
5.808077056837197 3805.683351369252
5.837962277030062 13567.991018270452
5.867847497222927 24878.13784578337
5.897732717415792 32680.16765500908
5.927617937608657 33995.745237413845
5.957503157801521 29498.38679483599
5.987388377994387 22394.67045029123
6.017273598187251 15316.2222035994
6.047158818380116 8936.611559461686
6.077044038572981 3683.2915657230633
6.106929258765846 1013.461621137646
6.136814478958711 2691.294649750016
6.166699699151576 10177.393188098384
6.196584919344441 23522.999400963112
6.226470139537305 39226.840297153445
6.256355359730171 50815.64867013389
6.286240579923036 53050.696078939225
6.3161258001159 45108.598738533976
6.346011020308765 30530.33732058488
6.37589624050163 15432.0184909188
6.405781460694495 5209.70793133255
6.43566668088736 1108.9118836186499
6.465551901080225 516.3819883753483
6.495437121273089 1389.3119804568128
6.525322341465955 6036.638282884849
6.55520756165882 20086.764632316597
6.585092781851685 47152.63726776709
6.61497800204455 83765.34153632502
6.644863222237414 119665.29736570858
6.674748442430279 143740.02866432702
6.704633662623144 149690.19763075144
6.734518882816009 137459.1343266434
6.764404103008873 112433.01251588532
6.794289323201739 83159.01744238252
6.824174543394604 57102.766377905486
6.854059763587469 37462.646374251686
6.883944983780334 23838.601976193444
6.913830203973199 14707.098407435837
6.943715424166064 8655.607421025969
6.973600644358928 4633.436460370496
7.003485864551793 2135.228855883028
7.033371084744657 1002.6742035953388
7.063256304937523 883.7975416448083
7.093141525130388 1073.6887734233192
7.123026745323253 963.3637903921658
7.152911965516118 541.7680881992113
7.182797185708983 391.4623480267716
7.212682405901848 1111.1295297444651
7.242567626094713 2658.582421825678
7.272452846287577 4315.255189372833
7.302338066480441 5308.828855693126
7.332223286673307 5377.161829912488
7.362108506866173 4744.187208513295
7.391993727059037 3705.8469429315846
7.421878947251902 2416.1696192051268
7.451764167444766 1096.919431364279
7.481649387637632 273.59327387187966
7.511534607830497 595.166653297393
7.541419828023361 2313.475917294096
7.571305048216227 4936.247268769328
7.601190268409091 7422.302619820924
7.631075488601955 8803.187155766209
7.66096070879482 8820.303474954126
7.690845928987686 8077.960353586531
7.72073114918055 7462.238961352489
7.750616369373416 7326.394815179917
7.780501589566281 7277.927308435566
7.810386809759145 6707.5605525607325
7.840272029952011 5430.812677318843
7.870157250144877 3834.3826058217696
7.900042470337741 2490.2903962473006
7.929927690530604 1765.5850395054863
7.95981291072347 1995.812079356788
7.989698130916334 4127.390714141169
8.019583351109201 10041.549162009976
8.049468571302066 21835.634668749608
8.079353791494931 40221.65810778694
8.109239011687794 63310.61328871189
8.13912423188066 86917.78984489145
8.169009452073523 105673.4451025633
8.19889467226639 113951.7520202011
8.228779892459254 107907.41367649396
8.258665112652118 88701.35890541901
8.288550332844984 62886.90886587335
8.31843555303785 38632.068477913526
8.348320773230714 21988.88784927355
8.37820599342358 15245.666444989469
8.408091213616444 16194.708323793617
8.43797643380931 19160.38902392457
8.467861654002174 18818.967282941212
8.49774687419504 13914.268278450156
8.527632094387904 7466.509294224114
8.55751731458077 4145.805941953376
8.587402534773634 7105.351284501405
8.6172877549665 15713.176735308867
8.647172975159362 25676.0170523862
8.67705819535223 31694.35989465978
8.70694341554509 30595.065442108084
8.736828635737957 23088.0223170887
8.766713855930822 13123.332000693284
8.796599076123686 5184.873594748715
8.826484296316552 1659.8593164513243
8.856369516509417 2077.854492378936
8.886254736702282 4387.736880370997
8.916139956895147 7160.738003606335
8.946025177088012 10696.760025410224
8.975910397280877 15688.035880461915
9.005795617473742 21019.11556610971
9.035680837666607 23718.51757786058
9.065566057859472 21253.2553602004
9.095451278052336 13885.16812671024
9.125336498245202 5233.3090579763775
9.155221718438067 264.18619278655257
9.18510693863093 1989.0422801037532
9.214992158823796 9707.4313048378
9.244877379016662 20036.151047355943
9.274762599209527 29140.46420888734
9.304647819402392 34664.32724765819
9.334533039595255 37586.54531444382
9.36441825978812 41988.811955184894
9.394303479980984 50962.68438059648
9.42418870017385 63896.247546441744
9.454073920366717 78101.71305496094
9.48395914055958 89261.94849808035
9.513844360752445 90634.11571175308
9.54372958094531 77138.21295541177
9.573614801138175 51657.23904015
9.60350002133104 24542.532204165047
9.633385241523904 6092.339638586048
9.66327046171677 592.4735888775433
9.693155681909635 5900.280860643233
9.723040902102499 15988.830682897276
9.752926122295364 24675.494827387247
9.78281134248823 28678.50111862608
9.812696562681095 27870.822284847713
9.84258178287396 23888.36673936229
9.872467003066824 18744.85683932068
9.90235222325969 13813.87598826242
9.932237443452557 9786.822058170044
9.96212266364542 7289.666357704111
9.992007883838285 7047.207340710971
10.021893104031149 9473.344233372354
10.051778324224012 14208.71639172469
10.081663544416879 20002.829897005435
10.111548764609744 25206.00265783412
10.141433984802608 28660.328024053084
10.171319204995472 30189.64191535516
10.201204425188338 30239.473250290404
10.231089645381203 29042.632244948665
10.260974865574068 25955.43470774215
10.290860085766932 19752.371998822997
10.320745305959798 10576.181082780548
10.350630526152663 2467.758560862427
10.380515746345528 3629.9162519460406
10.410400966538392 23224.89383460856
10.440286186731258 66135.14556529054
10.470171406924123 128317.59093669053
10.500056627116988 196360.31826917807
10.529941847309852 252752.92570397444
10.559827067502718 283301.11225311813
10.589712287695583 281702.5116739539
10.619597507888448 249835.8062844064
10.649482728081312 196820.0062818431
10.679367948274177 137844.31272124694
10.70925316846704 88056.06165470734
10.739138388659907 54166.40836387741
10.769023608852772 34337.17134180906
10.798908829045637 24270.508568623474
10.8287940492385 19963.11830634601
10.858679269431367 17806.94826527416
10.888564489624232 15424.94813995984
10.918449709817097 12744.355735890567
10.94833493000996 12559.04146305044
10.978220150202826 19685.782142875614
11.008105370395691 38094.25475513064
11.037990590588556 67043.39481539531
11.06787581078142 99304.7741093459
11.097761030974286 123479.19422031385
11.127646251167151 129345.27068683458
11.157531471360016 113827.9592478796
11.18741669155288 83148.49532360221
11.217301911745746 49542.52684490472
11.247187131938611 26567.01565089007
11.277072352131475 25018.465761534608
11.30695757232434 50100.42038402038
11.336842792517205 99846.8593487676
11.366728012710068 163932.77146534133
11.396613232902935 225299.72059228932
11.4264984530958 264703.2099402948
11.456383673288665 268210.3091791479
11.486268893481528 236546.4912236273
11.516154113674395 183692.33103914745
11.54603933386726 125595.6433242337
11.575924554060125 75418.98733813142
11.605809774252988 41494.71304699922
11.635694994445855 23059.323565384675
11.66558021463872 13938.16756920604
11.695465434831585 9326.250698425843
11.725350655024448 6624.357652861201
11.755235875217315 4776.323271710674
11.78512109541018 3920.077866837492
11.815006315603044 4484.304358125627
11.844891535795908 7171.744560870143
11.874776755988774 12998.092098474319
11.904661976181636 21955.11259734359
11.934547196374503 31529.49286381248
11.964432416567368 37522.62996230382
11.994317636760233 36573.27477466514
12.024202856953096 28748.763528884683
12.054088077145963 18879.795351999466
12.083973297338828 14027.34980298938
12.113858517531693 18106.215077190787
12.143743737724556 28192.36206057197
12.173628957917423 36278.547271734475
12.203514178110288 36010.98570303303
12.233399398303153 27625.519736974366
12.263284618496016 17865.60114214327
12.293169838688883 16712.904920786463
12.323055058881748 31837.169803163855
12.352940279074613 64059.558104017146
12.382825499267476 106550.24607123072
12.412710719460343 149185.622384668
12.442595939653208 185309.5660565789
12.472481159846073 210590.7735830028
12.502366380038936 218200.99199737405
12.5322516002318 203256.51001636015
12.562136820424664 168080.8301019541
12.59202204061753 119870.45609014748
12.621907260810396 68727.7553368103
12.65179248100326 26624.47656634086
12.681677701196124 3901.849562939791
12.71156292138899 5751.818506280968
12.741448141581856 29354.521246292392
12.77133336177472 63530.13415184833
12.801218581967584 92651.75006084632
12.83110380216045 103347.34647789142
12.860989022353316 91995.20148297293
12.89087424254618 67415.65288754272
12.920759462739044 45368.11006640412
12.95064468293191 40535.4726827765
12.980529903124776 60581.25274403767
13.01041512331764 102431.48373533013
13.040300343510504 153082.5654140541
13.07018556370337 195537.7669110448
13.100070783896236 215729.53152283424
13.1299560040891 207117.62212450313
13.159841224281964 172141.93069872455
13.189726444474829 120618.87770451952
13.219611664667692 66610.03367410018
13.249496884860559 25529.289520772178
13.279382105053424 10990.95212426173
13.309267325246289 30261.58950161964
13.339152545439152 80177.78148346383
13.369037765632019 146908.30665428512
13.398922985824884 210036.83646865
13.428808206017749 249097.210533904
13.458693426210612 251005.9274632457
13.488578646403479 215681.14800022924
13.518463866596344 156040.18372876695
13.548349086789209 91945.35680493912
13.578234306982072 41660.089712659515
13.608119527174939 14805.189381628483
13.638004747367804 9880.6563949041
13.667889967560669 17375.109953790678
13.697775187753532 26099.546879304755
13.727660407946399 28867.20814473372
13.757545628139264 24682.43244413785
13.787430848332129 17014.630569235
13.817316068524992 10258.417052218894
13.847201288717857 6796.972610677388
13.87708650891072 5949.792837013289
13.906971729103587 5263.687217550447
13.936856949296452 3163.578495592112
13.966742169489317 655.9723945245465
13.99662738968218 589.3990015873507
14.026512609875047 5118.864817533797
14.056397830067912 13412.12548213108
14.086283050260777 21547.617810754786
14.11616827045364 25146.54254191271
14.146053490646507 22770.56728105137
14.175938710839372 16911.292269755722
14.205823931032237 11570.55681868208
14.2357091512251 9065.14020681254
14.265594371417967 9662.21395818261
14.295479591610832 13326.160757840951
14.325364811803697 20131.242763917457
14.35525003199656 29581.887433261607
14.385135252189427 40056.6685775466
14.415020472382292 48417.04509681769
14.444905692575157 51679.23666659697
14.47479091276802 50181.80934271871
14.504676132960885 48066.65303080736
14.534561353153748 50154.69573745689
14.564446573346615 58734.65641115556
14.59433179353948 72838.35557938636
14.624217013732345 88443.67771287993
14.654102233925208 99301.71543338755
14.683987454118075 100250.44630076383
14.71387267431094 89811.43917805854
14.743757894503805 69609.52886919113
14.773643114696668 44106.165054828656
14.803528334889535 20636.47471097502
14.8334135550824 6701.680086510246
14.863298775275265 5740.700060277518
14.893183995468128 14620.506241367382
14.923069215660995 25282.10265282954
14.95295443585386 30170.640565800928
14.982839656046725 27239.177915339336
15.012724876239588 20871.5496738724
15.042610096432455 18580.960247747207
15.07249531662532 25700.641452869782
15.102380536818181 41270.503965609445
15.132265757011048 58093.895180659245
15.162150977203911 67202.19284909699
15.192036197396776 63469.012665810966
15.221921417589641 49081.76552643653
15.251806637782508 33258.868913906255
15.281691857975373 27683.94131866223
15.311577078168236 39914.29963330354
15.341462298361103 69189.01277228042
15.371347518553968 106802.99367242456
15.401232738746833 140072.38598724347
15.431117958939696 157814.76760904957
15.461003179132563 154513.83549157364
15.490888399325428 131176.2189258551
15.520773619518293 94040.2541457666
15.550658839711156 53077.069663995535
15.580544059904023 19762.454191466604
15.610429280096888 3035.0105151495845
15.640314500289753 5266.370660226229
15.670199720482616 21422.057989868237
15.700084940675483 41871.928086552776
15.729970160868344 56630.33324761477
15.75985538106121 59198.28046215237
15.789740601254076 49293.5897137328
15.81962582144694 32712.26761820029
15.849511041639804 17104.315548995124
15.87939626183267 7023.422182401276
15.909281482025536 2523.800830310036
15.9391667022184 1346.358929865912
15.969051922411264 1913.5995024720569
15.99893714260413 4336.005916463122
16.028822362796998 8794.552157282536
16.05870758298986 13657.336829478936
16.088592803182728 15931.017541700425
16.11847802337559 13945.3784298827
16.148363243568458 9582.891173894242
16.17824846376132 7141.236505849926
16.208133683954188 9223.31198130813
16.23801890414705 13973.801076497084
16.267904124339918 16616.552420267035
16.29778934453278 13621.49317178056
16.327674564725648 6256.413900649559
16.35755978491851 727.7464434564325
16.387445005111378 3941.7583154384206
16.41733022530424 18218.208363658036
16.447215445497108 39294.60933667386
16.47710066568997 58453.454197578474
16.506985885882838 67189.84832237223
16.5368711060757 61863.1326377909
16.566756326268568 45457.09993948556
16.59664154646143 25436.988053038625
16.626526766654298 9442.71634191411
16.65641198684716 1544.747887158264
16.686297207040024 1027.0011309242395
16.71618242723289 4208.789343444549
16.74606764742575 7656.591327092782
16.77595286761862 9984.694827544237
16.805838087811484 11311.19702107006
16.83572330800435 11857.181903193585
16.86560852819721 11341.582051969079
16.89549374839008 9445.764654487828
16.925378968582944 6474.424723758228
16.95526418877581 3366.6925537921575
16.98514940896867 1098.7801808876416
17.01503462916154 138.83777789295294
17.044919849354404 324.8743924070118
17.07480506954727 991.9636512431337
17.10469028974013 1308.8950029994562
17.134575509933 1018.3214795309302
17.164460730125864 1118.9123871485217
17.19434595031873 3594.9703387630293
17.22423117051159 9952.332603232635
17.25411639070446 19164.34216581312
17.284001610897324 26965.247183659245
17.313886831090187 28427.215234043168
17.343772051283054 21979.168966488167
17.373657271475917 10952.998456377476
17.403542491668784 1847.8570759156885
17.433427711861647 818.489779315117
17.463312932054514 9984.58367216676
17.493198152247377 26128.7714538073
17.523083372440244 43128.57765487988
17.552968592633107 55056.25047112382
17.582853812825974 57906.41285119194
17.612739033018837 51800.19289548036
17.642624253211704 41559.740911516
17.672509473404567 32733.062494378417
17.702394693597434 27840.826149739703
17.732279913790297 26596.231351709164
17.762165133983164 26930.78859567494
17.792050354176027 25853.769664200223
17.821935574368894 21656.81236076832
17.851820794561757 15135.967700223704
17.881706014754624 8215.14055967119
17.911591234947487 2811.314487086828
17.941476455140354 1156.7650957043068
17.971361675333217 5269.4887542240585
18.00124689552608 15202.975892945264
18.031132115718943 27896.312354865928
18.061017335911806 37868.542819947856
18.09090255610468 40272.32526985783
18.12078777629754 34376.29875111879
18.150672996490407 24140.135565483222
18.180558216683266 15312.174010726963
18.210443436876137 11481.094007890702
18.240328657069 12155.130099487527
18.270213877261863 14171.115919519609
18.300099097454726 14625.556191756488
18.3299843176476 12566.289608074583
18.359869537840456 8784.796234813863
18.389754758033327 4786.656891658648
18.419639978226186 1853.162849472924
18.449525198419057 511.1281632130284
18.47941041861192 456.786091126341
18.509295638804783 861.9320879493107
18.539180858997646 966.1289887724872
18.56906607919052 617.9051027761525
18.598951299383376 300.9487564881851
18.628836519576243 613.5281347077314
18.658721739769106 1695.1421697372764
18.688606959961973 3143.0769358445555
18.71849218015484 4411.6339160129355
18.748377400347703 5194.771313918189
18.778262620540566 5470.169278116256
18.808147840733437 5337.82424863858
18.838033060926296 4947.443439305606
18.867918281119163 4600.663070005209
18.897803501312026 4800.306858591485
18.927688721504893 6025.434821651351
18.95757394169776 8390.526893571025
18.987459161890623 11486.842856154197
19.01734438208349 14490.842746343733
19.047229602276353 16472.011576354587
19.077114822469216 16725.23206417038
19.10700004266208 15014.99053260448
19.13688526285495 11742.060212727303
19.16677048304781 7899.816207301779
19.19665570324068 4593.444518590747
19.226540923433543 2334.9009543841503
19.25642614362641 983.0005527434087
19.286311363819273 496.6712761899993
19.316196584012136 1256.4608772153247
19.346081804205 3353.416631889396
19.375967024397863 5794.758660312384
19.40585224459073 6760.416213444715
19.4357374647836 5177.668752160926
19.465622684976463 2298.7893897115655
19.49550790516933 1227.31688731592
19.525393125362193 4289.931875846673
19.555278345555056 10805.203577151762
19.58516356574792 17333.55434914736
19.615048785940782 19955.679409978024
19.64493400613365 17027.27042318749
19.67481922632652 10402.292967979229
19.704704446519383 3826.2785678496407
19.73458966671225 285.84830514955286
19.764474886905113 759.3503027152852
19.794360107097976 4223.677466551712
19.82424532729084 8317.877623345945
19.854130547483702 10653.877819657015
19.88401576767657 10111.15248875688
19.913900987869436 7376.081437796232
19.943786208062296 4433.849533737077
19.973671428255162 3072.2370739021294
20.00355664844803 3468.0457998752095
20.033441868640892 4310.420343705186
20.06332708883376 4264.321009041124
20.093212309026622 3290.856741661157
20.12309752921949 2666.973693796184
20.152982749412356 3663.34478443702
20.182867969605216 6330.511035628425
20.212753189798082 9620.365215230831
20.24263840999095 12182.839682992564
20.272523630183812 12901.363058155966
20.30240885037668 11241.501765813462
20.332294070569542 7617.124871028803
20.36217929076241 3474.7124473643307
20.392064510955276 729.9974951347488
20.421949731148135 642.8047882216025
20.451834951341002 2836.7460927465113
20.48172017153387 5523.377534470617
20.51160539172673 6933.818311609601
20.5414906119196 6649.1570255769675
20.571375832112462 5750.901251290565
20.60126105230533 5535.2042668828
20.631146272498192 5988.328756377853
20.661031492691055 5983.630800559479
20.69091671288392 4837.206136263604
20.72080193307679 3045.861912470937
20.75068715326965 1579.6271771332008
20.78057237346252 879.4381122466954
20.810457593655386 696.2159453466085
20.84034281384825 815.9653128195448
20.870228034041112 1680.427003336042
20.900113254233975 4033.549780286152
20.92999847442684 7904.493190524449
20.95988369461971 11973.61428576226
20.98976891481257 14123.693578520111
21.01965413500544 13018.018706319806
21.049539355198306 9163.564545300003
21.07942457539117 4418.778047009629
21.109309795584032 936.8759369860375
21.139195015776895 307.35679399036326
21.16908023596976 2635.3461040722805
21.198965456162625 6170.041993066923
21.22885067635549 8439.30974879925
21.258735896548355 8065.014436106538
21.288621116741226 5538.249255522914
21.318506336934085 2611.0409842615686
21.348391557126952 972.4685416613175
21.37827677731981 1023.537089283295
21.40816199751268 1755.6685862387983
21.438047217705545 1927.380284453086
21.46793243789841 1250.1761689452494
21.497817658091275 403.37344504723046
21.52770287828414 125.94152456459364
21.557588098477005 469.9410402199124
21.587473318669872 908.1453635788127
21.61735853886273 986.3133397632641
21.6472437590556 711.4668555087705
21.677128979248465 375.8647102321826
21.70701419944133 203.30370641799735
21.736899419634195 227.63321969502883
21.76678463982706 412.6017897720872
21.796669860019925 765.6296512927211
21.82655508021279 1336.8765414265167
21.85644030040565 2195.427034604503
21.88632552059852 3394.349310657393
21.916210740791385 4902.858098642351
21.94609596098425 6503.12422355978
21.975981181177115 7692.228967350718
22.005866401369975 7855.284889820175
22.035751621562845 6761.321484735623
22.06563684175571 4862.515658219244
22.09552206194857 2963.0680739291806
22.12540728214144 1588.9536016685183
22.155292502334305 810.8937420636597
22.18517772252717 633.8092435020068
22.215062942720035 1292.5763227976856
22.244948162912895 3006.042390171476
22.274833383105765 5436.86041398471
22.304718603298628 7517.8879304384445
22.33460382349149 8059.513500935651
22.36448904368436 6694.401101870445
22.394374263877225 4214.363178568136
22.424259484070088 1916.8331952209624
22.45414470426295 619.1005513028769
22.484029924455815 264.2165280121497
22.51391514464868 287.85398171994206
22.543800364841548 230.6705282340725
22.573685585034408 58.076654841316746
22.60357080522728 16.462797983188263
22.63345602542014 286.9835839093379
22.663341245613008 803.9780069989782
22.69322646580587 1335.6004396963413
22.723111685998735 1672.5369739275427
22.7529969061916 1740.187419714565
22.782882126384468 1577.600228434998
22.812767346577328 1256.72344134926
22.8426525667702 843.0658501129573
22.87253778696306 437.06011287479953
22.902423007155928 247.27307405325985
22.93230822734879 597.3835836654232
22.962193447541654 1780.2276611051343
22.99207866773452 3796.356264122608
23.021963887927388 6185.903311672726
23.051849108120248 8163.067048792752
23.081734328313114 9031.914702591808
23.11161954850598 8562.870739183649
23.141504768698844 7036.122973346214
23.17138998889171 5025.475519981264
23.20127520908457 3165.626776909801
23.23116042927744 2020.0783461863073
23.261045649470304 1998.654243120645
23.290930869663168 3188.040975951081
23.320816089856034 5244.184139025725
23.3507013100489 7714.48644748775
23.380586530241764 10331.094391144092
23.41047175043463 12533.451297551115
23.44035697062749 13283.549584786664
23.47024219082036 12144.261085740993
23.500127411013224 9874.850292180385
23.530012631206088 7545.622103485665
23.559897851398954 5638.982977159179
23.58978307159182 3920.396672329253
23.619668291784684 2330.1763880428666
23.64955351197755 1702.6540303015909
23.67943873217041 2571.5322873644936
23.70932395236328 4594.021467652678
23.739209172556144 7405.298589893502
23.769094392749007 9976.31868466878
23.798979612941874 10365.95872431831
23.828864833134737 7976.212176880672
23.858750053327604 4385.235652667049
23.888635273520467 1639.0088771719015
23.91852049371333 930.2111183905763
23.9484057139062 2213.184992775184
23.978290934099064 4652.560099017214
24.008176154291927 7550.998151813018
24.038061374484798 10628.175226198711
24.067946594677657 13482.35899655031
24.097831814870524 15228.464577612564
24.127717035063387 15083.389105026336
24.15760225525625 13061.9369662617
24.18748747544912 9868.106530364206
24.217372695641984 6487.321746507383
24.247257915834847 3774.9991522723953
24.277143136027718 2067.307017390366
24.307028356220577 1179.931862643032
24.33691357641344 710.3061300336889
24.366798796606307 331.58576094942765
24.396684016799167 29.849747882522546
24.42656923699204 198.8394326813852
24.4564544571849 1356.1745290707736
24.486339677377767 3516.663293190533
24.51622489757063 5795.269294633693
24.546110117763497 6883.420289871105
24.57599533795636 6181.111380097582
24.605880558149227 4419.10052146161
24.635765778342087 3088.940606334166
24.66565099853496 3144.0562157796703
24.69553621872782 4076.6521899350496
24.725421438920687 4480.007965341182
24.75530665911355 3587.9503579940083
24.785191879306417 1933.8254525234977
24.81507709949928 593.4918601888933
24.844962319692147 89.79688326611034
24.874847539885007 114.50052663810511
24.90473276007788 232.5087366674228
24.93461798027074 570.6426318647059
24.964503200463604 1555.0350855498655
24.99438842065647 3045.667874733454
25.024273640849334 4178.794181911268
25.0541588610422 4279.922864553513
25.084044081235064 3652.464770726932
25.113929301427927 3340.9846574855974
25.143814521620797 4082.2613726011255
25.17369974181366 5471.882502278887
25.203584962006524 6322.449718606115
25.23347018219939 5798.814961777609
25.263355402392254 4216.7923843064755
25.29324062258512 2803.2232183503115
25.323125842777984 2481.6204243288735
25.353011062970847 3003.8075251214764
25.382896283163717 3449.5540468805366
25.41278150335658 3255.1638282643858
25.442666723549443 2559.8395856811826
25.47255194374231 1841.4104754762488
25.502437163935173 1527.4544751721814
25.53232238412804 1796.1176548813492
25.562207604320903 2442.62786131659
25.592092824513767 2969.395996708902
25.621978044706637 2889.4851869811423
25.651863264899497 2088.0237933257463
25.681748485092363 1072.8385900330707
25.711633705285223 702.9785736775343
25.741518925478093 1461.5709882968229
25.77140414567096 2981.4321738978942
25.801289365863823 4298.176952800629
25.831174586056687 4687.3245078727
25.861059806249557 4324.9528117644095
25.890945026442417 3999.9747341048974
25.920830246635283 4151.18511229985
25.950715466828143 4358.075779554697
25.980600687021013 3844.7180655518487
26.01048590721388 2404.893027676949
26.040371127406743 777.4876970979518
26.070256347599607 100.45500233455992
26.100141567792477 1013.6368289975672
26.130026787985337 3220.8856982115276
26.159912008178203 5736.725012790672
26.189797228371063 7506.32184596044
26.219682448563933 7884.427102812546
26.2495676687568 6768.5604692390125
26.279452888949656 4632.622020271282
26.309338109142526 2391.453660059268
26.33922332933539 863.6349313457063
26.369108549528256 253.9707118254265
26.39899376972112 189.2385427720364
26.428878989913983 207.8370393075414
26.45876421010685 215.47484220833852
26.48864943029972 477.7816349431242
26.518534650492576 1153.4616802369112
26.548419870685446 1938.4691504750845
26.57830509087831 2291.85255676635
26.608190311071176 1966.21801615744
26.63807553126404 1249.9206803698587
26.667960751456903 681.4150477702649
26.69784597164977 499.91163035464814
26.72773119184264 452.1704787808961
26.757616412035496 231.55813028242315
26.787501632228366 5.467293642237893
26.81738685242123 396.9713886640853
26.847272072614096 1964.4581531197457
26.87715729280696 4696.517144435123
26.907042512999823 7937.57848304608
26.93692773319269 10735.281153927152
26.966812953385553 12255.621049716263
26.996698173578416 12016.297825674103
27.02658339377128 10059.008723469844
27.05646861396415 7094.957876394731
27.08635383415701 4325.967932929619
27.11623905434988 2836.6721383202926
27.146124274542743 2904.3030410703136
27.17600949473561 3797.2630565277977
27.205894714928473 4375.147787212179
27.235779935121336 3987.929800992142
27.2656651553142 2828.878417830695
27.29555037550707 1572.08812292558
27.32543559569993 763.5050440464049
27.3553208158928 475.101918852081
27.385206036085663 427.8182863119983
27.41509125627853 346.83930854623924
27.444976476471393 173.97332670162248
27.474861696664256 90.54312624050195
27.50474691685712 473.7927422901938
27.534632137049982 1756.4735402732815
27.56451735724285 4161.377754431973
27.594402577435716 7403.319908651805
27.624287797628583 10552.206374921829
27.654173017821446 12355.782522326206
27.684058238014313 12012.417271870543
27.713943458207172 9766.267594056642
27.74382867840004 6720.978959743616
27.773713898592906 4053.575031436637
27.80359911878577 2372.449436177006
27.833484338978636 1676.5892891184444
27.863369559171502 1716.1552793957353
27.893254779364366 2289.119366313322
27.923139999557232 3248.211076630519
27.953025219750092 4369.698343256598
27.98291043994296 5327.054997593661
28.012795660135826 5803.16472013218
28.04268088032869 5624.569043184325
28.072566100521556 4828.560865576035
28.102451320714422 3683.8921278656712
28.132336540907286 2689.2739937438664
28.16222176110015 2414.9040955644605
28.192106981293012 3112.5372875403336
28.22199220148588 4371.822587252156
28.251877421678746 5230.029900018015
28.28176264187161 4811.882635758769
28.311647862064476 3080.326054089088
28.341533082257335 1031.6315685916936
28.371418302450206 11.02568386922224
28.40130352264307 677.4765065862695
28.431188742835932 2549.2197921023453
28.4610739630288 4438.34572633076
28.490959183221666 5312.120845000756
28.52084440341453 4904.511468728332
28.550729623607396 3686.621328702237
28.580614843800255 2391.5037931396323
28.610500063993126 1550.6482969624888
28.64038528418599 1255.0176628176723
28.670270504378852 1195.2198979636769
28.70015572457172 979.9614955574876
28.730040944764585 525.9464944161505
28.75992616495745 195.0847326999396
28.789811385150315 529.3724047607584
28.819696605343175 1746.1674438523366
28.84958182553604 3367.51913628002
28.87946704572891 4378.040013110179
28.90935226592177 3969.8356728524486
28.93923748611464 2298.092763007572
28.9691227063075 529.7114293438191
28.99900792650037 57.6501946654136
29.028893146693232 1463.7941148422958
29.058778366886095 4144.430957615693
29.08866358707896 6922.315749276479
29.11854880727183 8943.020697959993
29.14843402746469 10069.189577345443
29.17831924765756 10634.830087455248
29.20820446785042 10891.730468930258
29.23808968804329 10696.04148146053
29.267974908236152 9726.095950374387
29.297860128429015 7909.102921522079
29.32774534862188 5587.409387270936
29.35763056881475 3336.2975289580377
29.387515789007608 1646.9687440551675
29.41740100920048 716.8707345640812
29.44728622939334 461.1564783083897
29.477171449586205 677.208519996923
29.50705666977907 1201.507961405806
29.53694188997193 1962.545030271872
29.5668271101648 2937.1993638123295
29.596712330357665 4059.26996019375
29.626597550550528 5150.261158995212
29.656482770743395 5956.647972300169
29.68636799093626 6301.396397701192
29.716253211129125 6205.4130842239565
29.74613843132199 5808.314333263885
29.77602365151485 5153.018917212929
29.80590887170772 4147.647268779385
29.835794091900585 2819.0520008604867
29.865679312093448 1514.3449956453192
29.895564532286315 745.1813394395317
29.92544975247918 806.0168929700403
29.955334972672045 1471.3845654688218
29.98522019286491 2042.248512063336
30.01510541305777 1864.440057714468
30.04499063325064 972.6203601355741
30.074875853443505 208.075222584138
30.104761073636368 632.6147103144002
30.134646293829235 2753.22082809791
30.164531514022094 6165.137612931383
30.194416734214965 9827.00005154967
30.224301954407828 12716.797167925337
30.25418717460069 14338.754758752599
30.28407239479356 14719.742594835787
30.313957614986425 14077.46119404268
30.343842835179288 12596.629838162227
30.373728055372155 10453.484097430292
30.403613275565014 7913.80892540804
30.433498495757885 5333.667515299875
30.463383715950748 3061.386110698854
30.49326893614361 1351.8973341924054
30.52315415633648 340.20458073615436
30.553039376529345 20.147859175372727
30.582924596722208 232.9198337733613
30.612809816915075 720.9476245598269
30.642695037107934 1227.2198019555262
30.672580257300805 1565.7347167681403
30.702465477493668 1625.1939667820986
30.732350697686527 1355.2122353136024
30.7622359178794 811.9913749781963
30.79212113807226 238.8035765551794
30.822006358265128 38.94487833623921
30.85189157845799 524.627762434671
30.881776798650854 1578.811675193962
30.91166201884372 2611.626150849104
30.941547239036588 2970.4911516148168
30.971432459229447 2454.303709802456
31.00131767942232 1471.9909009475837
31.03120289961518 722.6959569517869
31.061088119808048 668.8044291134701
31.09097334000091 1254.6035617955445
31.120858560193778 2077.3896713075433
31.15074378038664 2752.5398018474525
31.180629000579508 3092.4820319732103
31.210514220772367 3064.82048825748
31.24039944096524 2760.26663927563
31.2702846611581 2418.4390393867916
31.300169881350968 2332.6797026134127
31.33005510154383 2588.649668382619
31.35994032173669 2887.581559731629
31.38982554192956 2728.294261722436
31.419710762122424 1878.4123394998408
31.449595982315287 734.1780041513365
31.479481202508158 133.03958620740585
31.50936642270102 628.0347696346256
31.539251642893884 1917.5296690158757
31.56913686308675 3047.4491329057246
31.59902208327961 3174.065710067281
31.62890730347248 2212.71316907505
31.658792523665344 877.6258206445431
31.688677743858207 122.32700863568384
31.718562964051078 502.552551463779
31.74844818424394 1966.526026989396
31.778333404436804 4054.0351687767848
31.80821862462967 6160.026861063265
31.83810384482253 7677.99334217712
31.8679890650154 8102.109987737397
31.897874285208264 7229.657628549575
31.927759505401127 5399.28027673206
31.957644725593997 3411.415967829076
31.987529945786857 2044.593993718836
32.01741516597972 1635.057965839248
32.04730038617259 2027.6203488833153
32.077185606365454 2772.957862956352
32.10707082655832 3419.0523794614064
32.13695604675118 3774.504008197988
32.16684126694405 3941.440790385688
32.196726487136914 4073.6160420204687
32.22661170732978 4128.441089676247
32.25649692752264 3880.32979160843
32.28638214771551 3142.607678207144
32.316267367908374 1983.0962809095256
32.34615258810124 815.1925590728598
32.3760378082941 244.4279107176684
32.40592302848697 614.8159183252196
32.435808248679834 1633.7923144412084
32.4656934688727 2539.2229382710775
32.49557868906556 2663.613976921844
32.52546390925843 1911.9846445615915
32.555349129451294 888.4214028706016
32.58523434964416 645.9550537470925
32.61511956983702 2131.031520550503
32.64500479002989 5541.66728377055
32.674890010222754 9994.720972523512
32.70477523041561 13830.746443998327
32.73466045060848 15469.958487599051
32.76454567080135 14286.676464206705
32.794430890994214 10965.650738897462
32.82431611118707 7140.03671346228
32.85420133137994 4416.873398834442
32.88408655157281 3354.572693038275
32.913971771765674 3290.1558512931883
32.94385699195853 3198.7443843045367
32.9737422121514 2665.4488686409827
33.00362743234427 2052.9572338443495
33.033512652537134 1880.0004478497528
33.06339787272999 2169.3777730866705
33.09328309292286 2427.6962652603097
33.12316831311573 2193.4180223563035
33.153053533308594 1497.2885398512371
33.18293875350145 753.5553748421779
33.21282397369432 304.6808838012843
33.24270919388719 158.03209571815
33.27259441408005 124.27947650392906
33.30247963427291 113.53919699892533
33.33236485446578 221.96742169540124
33.36225007465865 539.8147476465679
33.392135294851506 943.4893435038009
33.42202051504437 1133.6201136618236
33.45190573523724 908.2224246465098
33.48179095543011 394.6118305208832
33.511676175622966 16.124710514956703
33.54156139581583 231.44884445883483
33.57144661600869 1214.4896699726783
33.60133183620157 2641.63469018264
33.631217056394426 3774.8194610140895
33.66110227658729 3936.333652368885
33.69098749678016 3050.8141809707327
33.72087271697303 1749.196095974824
33.750757937165886 950.5607525092739
33.78064315735875 1182.6249559157895
33.81052837755161 2085.3707228642284
33.84041359774449 2649.83602242338
33.870298817937346 2146.82082858505
33.90018403813021 870.568955643721
33.93006925832308 11.154808066890002
33.95995447851594 776.4138189382119
33.989839698708806 3379.821840295346
34.01972491890167 6705.580052467367
34.04961013909453 9084.38285962771
34.0794953592874 9444.191181776538
34.109380579480266 7797.969969545286
34.13926579967313 5038.1383982383695
34.169151019866 2419.6439248424194
34.19903624005886 890.3491752871784
34.228921460251726 618.2818664375455
34.25880668044459 1088.206432889328
34.28869190063745 1587.2471302168385
34.31857712083032 1657.6875557445617
34.348462341023186 1289.857521927601
34.378347561216046 813.4767575470268
34.40823278140892 593.2683660513674
34.43811800160178 748.2696147432997
34.468003221794646 1090.0524710848135
34.49788844198751 1297.3844342356072
34.527773662180365 1167.222499209901
34.55765888237324 752.440380624829
34.587544102566106 298.6186930748056
34.617429322758966 39.40033482483343
34.64731454295183 21.894865870278824
34.6771997631447 109.36628148396092
34.707084983337566 152.48647367107833
34.73697020353043 175.788380585172
34.766855423723285 396.06027005389166
34.79674064391616 1007.4609207846366
34.826625864109026 1920.961643922816
34.856511084301886 2749.662765387526
34.88639630449475 3075.8061252257858
34.91628152468762 2751.583181521799
34.946166744880486 1986.2204001731827
34.97605196507335 1171.639366076384
35.005937185266205 625.4493453539104
35.03582240545908 491.7477080695592
35.065707625651946 850.2253289042121
35.095592845844806 1838.9544694987887
35.12547806603767 3582.7912849692843
35.15536328623054 5936.991320000057
35.185248506423406 8300.264257216932
35.215133726616266 9823.2178784798
35.245018946809125 9929.020954714624
35.274904167002 8632.014010857742
35.304789387194866 6490.094264754724
35.334674607387726 4354.672590271418
35.36455982758059 2962.1270932152697
35.39444504777346 2546.3262477125418
35.424330267966326 2799.6192872166425
35.454215488159186 3189.632110950437
35.484100708352045 3332.680808224072
35.51398592854492 3142.3490282203934
35.543871148737786 2723.6091672803204
35.573756368930646 2211.8669378680743
35.60364158912351 1705.738391687207
35.63352680931638 1271.9578414786452
35.663412029509246 958.7823588700867
35.693297249702105 815.3244674420037
35.723182469894965 914.7108342206817
35.75306769008784 1344.3032558722211
35.782952910280706 2126.811378855056
35.812838130473565 3110.2527002728984
35.84272335066643 3958.090578954408
35.8726085708593 4316.8455901926045
35.90249379105216 4044.426585012304
35.932379011245025 3296.717696370892
35.962264231437885 2408.9233988731858
35.99214945163076 1687.4173396828598
36.02203467182362 1276.8052874288046
36.051919892016485 1187.3591097642802
36.08180511220935 1415.1484500749875
36.11169033240222 1972.513582845036
36.14157555259508 2757.852022108394
36.171460772787945 3435.1744088597857
36.201345992980805 3552.637528434934
36.23123121317368 2881.0435358496184
36.26111643336654 1662.6742938251487
36.291001653559405 507.9736077082572
36.32088687375227 3.4773669967949767
36.35077209394514 349.3740396347795
36.380657314138 1288.8790720690108
36.41054253433087 2324.6311838495594
36.440427754523725 3055.8410063802935
36.47031297471659 3418.9585821394735
36.50019819490946 3658.729888626077
36.530083415102325 4079.459496922664
36.55996863529519 4781.475999740305
36.589853855488045 5554.279544289929
36.61973907568092 5998.025164850656
36.649624295873785 5804.986594696826
36.679509516066645 4989.427571062336
36.70939473625951 3856.6168714331943
36.73927995645238 2743.9822354479015
36.769165176645245 1802.8051860700211
36.79905039683811 1061.5714355769496
36.828935617030965 690.686050434207
36.85882083722384 1081.818806782617
36.88870605741671 2549.8410243701496
36.918591277609565 4888.37714095788
36.94847649780243 7218.219310367651
36.9783617179953 8440.566061209143
37.008246938188165 7975.248028691346
37.03813215838103 6104.10606138496
37.068017378573884 3743.5312959960306
37.09790259876676 1939.0203087981984
37.127787818959625 1385.3955758108336
37.15767303915248 2156.4405263293947
37.18755825934535 3735.606162696964
37.21744347953822 5308.189377739425
37.247328699731085 6148.3350683182125
37.27721391992394 5968.148861979995
37.30709914011681 5013.873751706158
37.33698436030968 3768.7786546594066
37.36686958050255 2603.319487557376
37.396754800695405 1723.1175881679403
37.42664002088827 1299.936426771833
37.45652524108114 1501.0970676751815
37.486410461274005 2294.545082509857
37.516295681466865 3225.5403712289817
37.54618090165973 3576.6381786825655
37.5760661218526 2971.714636680993
37.60595134204546 1825.4802585251623
37.63583656223832 1085.5492977028944
37.66572178243119 1443.0089553564064
37.69560700262406 2661.933728124773
37.72549222281692 3708.039321293192
37.75537744300978 3692.2839288700866
37.78526266320265 2626.8262543898127
37.81514788339552 1249.4438665279463
37.84503310358838 300.5878555546622
37.874918323781245 2.024197565355116
37.90480354397411 134.71409004566084
37.93468876416698 492.41564446132594
37.96457398435984 1104.91520600875
37.994459204552705 1999.0895458771456
38.02434442474557 2894.488928861979
38.05422964493844 3295.576259946223
38.0841148651313 2915.8808016477606
38.11400008532416 1957.2683460732153
38.14388530551703 939.8594351473358
38.1737705257099 274.9490503892187
38.20365574590276 25.850025096342428
38.23354096609562 10.631409441951138
38.26342618628849 33.43893392671253
38.29331140648136 21.42493424991304
38.32319662667422 11.1856009047044
38.35308184686709 75.63233833578262
38.38296706705995 272.821451960867
38.41285228725281 599.4454127135683
38.44273750744568 968.9622444766129
38.472622727638544 1269.4391952207263
38.50250794783141 1458.0493814499832
38.53239316802427 1592.8583916815292
38.56227838821714 1763.6687093199623
38.59216360841 1956.0861469649424
38.62204882860287 1991.66732305862
38.65193404879573 1705.2334293685983
38.6818192689886 1187.0319456552777
38.71170448918146 745.7252107070462
38.74158970937433 622.6140305696009
38.77147492956719 766.4169193618415
38.80136014976006 884.2434249274614
38.83124536995293 737.3472109041332
38.86113059014579 381.312298691074
38.89101581033865 93.49608197547575
38.92090103053152 90.18336918287885
38.950786250724384 337.92668407368564
38.98067147091725 613.7051865781807
39.01055669111011 719.5764887883441
39.04044191130298 673.0400692869525
39.07032713149584 742.2711056066307
39.100212351688704 1277.520612521186
39.13009757188157 2419.7400900536654
39.15998279207444 3900.352807523583
39.1898680122673 5128.010403291168
39.21975323246016 5570.7857963940605
39.24963845265303 5248.585508886794
39.2795236728459 4910.211236953365
39.30940889303877 5464.7247831975055
39.33929411323162 7045.98238826794
39.36917933342449 8747.956117814834
39.39906455361736 9306.949695838788
39.428949773810224 8033.168359993959
39.45883499400308 5333.305631751311
39.48872021419595 2465.8201270271966
39.51860543438882 608.6079745883318
39.54849065458168 56.26344310289039
39.578375874774544 272.8231774863371
39.60826109496741 549.5634314889915
39.63814631516028 546.8951784203508
39.66803153535314 352.22275725490067
39.697916755546 200.5252392027408
39.72780197573887 226.47066777701409
39.75768719593174 423.420239273313
39.7875724161246 709.2565918070518
39.81745763631746 976.625146128516
39.84734285651033 1114.7620232598426
39.8772280767032 1046.2628689747398
39.90711329689606 783.034667542769
39.93699851708892 437.1938825876646
39.96688373728179 153.95421758405175
39.99676895747466 27.325884326490687
40.02665417766752 75.29607270353665
40.056539397860384 275.3405529468667
40.08642461805325 591.0604585632709
40.11630983824612 957.7041336270787
40.14619505843898 1279.0010748470313
40.17608027863184 1471.0260192782498
40.20596549882471 1513.549433044736
40.23585071901758 1458.9059463345986
40.26573593921044 1393.60699716818
40.2956211594033 1387.1868302094188
40.32550637959617 1459.7741105305045
40.35539159978903 1569.5412830785913
40.3852768199819 1618.8854878903687
40.41516204017476 1498.733327335643
40.44504726036763 1170.4123491928165
40.47493248056049 722.49339399451
40.50481770075336 323.97464547644233
40.53470292094622 92.48206394899475
40.56458814113909 13.85328136738417
40.59447336133194 4.5848654346362
40.62435858152482 30.429252354248103
40.65424380171768 123.16510288579934
40.68412902191055 276.5484027664341
40.71401424210341 384.0984935260398
40.74389946229628 359.33332925171646
40.773784682489136 345.5402497542512
40.80366990268201 737.5404556429277
40.83355512287487 1862.2496404357207
40.86344034306774 3573.0979870887413
40.8933255632606 5197.752538689992
40.923210783453456 5930.036185531179
40.95309600364633 5364.49975375708
40.9829812238392 3789.7156847429055
41.01286644403206 1994.9448602285752
41.04275166422492 733.3840593828382
41.07263688441778 300.53984092203103
41.10252210461066 495.2149251969124
41.13240732480352 857.6437110268221
41.16229254499638 972.6626440188858
41.19217776518925 707.4551466690218
41.22206298538212 290.138193212056
41.251948205574976 145.78132955687624
41.28183342576784 559.7458832880333
41.31171864596071 1423.90459637749
41.34160386615358 2276.459798957674
41.37148908634644 2620.7061350499375
41.401374306539296 2289.5610659366985
41.43125952673217 1554.3853967060727
41.46114474692504 889.6944497941904
41.4910299671179 634.5986065154252
41.52091518731076 842.7447470592466
41.55080040750362 1370.2252040485516
41.5806856276965 2043.817259324408
41.61057084788936 2750.4650086551346
41.64045606808222 3418.893936018973
41.67034128827509 3970.688449558695
41.70022650846796 4301.980723852215
41.730111728660816 4289.798149778743
41.75999694885368 3825.7585420919168
41.78988216904655 2906.2847696982494
41.819767389239416 1742.8494181878796
41.84965260943228 768.4427112834529
41.879537829625136 439.503358215084
41.90942304981801 910.0482400932593
41.93930827001088 1853.4948150012265
41.969193490203736 2647.575960543692
41.9990787103966 2800.4847301050168
42.02896393058946 2258.750881909129
42.058849150782336 1364.7255415671923
42.0887343709752 561.7380620400216
42.11861959116806 124.77381193471425
42.14850481136093 86.4745914110568
42.1783900315538 324.54512403073505
42.208275251746656 683.594185664338
42.23816047193952 1040.83633303234
42.26804569213239 1317.8953481655299
42.29793091232525 1482.9514663000991
42.32781613251812 1552.1819646282477
42.357701352710976 1578.1318920447488
42.38758657290385 1631.7613328720347
42.41747179309671 1784.8984555774357
42.447357013289576 2071.885521895472
42.47724223348244 2420.07332599404
42.5071274536753 2617.9058040367686
42.53701267386817 2420.740550608205
42.56689789406104 1766.3764980686262
42.5967831142539 908.632946587648
42.62666833444677 300.14135416327116
42.65655355463962 275.79648488824125
42.686438774832496 801.7759873144709
42.71632399502536 1524.1588034941199
42.74620921521823 2056.5903061972986
42.77609443541109 2220.443470775389
42.80597965560396 2065.4459455931255
42.835864875796815 1766.3904248786343
42.86575009598968 1529.847460477374
42.89563531618255 1514.4497361076255
42.925520536375416 1767.7550490507742
42.95540575656828 2184.061506216516
42.985290976761135 2480.7879876739785
43.01517619695401 2338.12541854389
43.04506141714688 1709.7980397452768
43.07494663733974 932.2425845163866
43.1048318575326 430.5511617464764
43.13471707772546 331.4701837054598
43.164602297918336 391.934805623537
43.1944875181112 319.00028397700214
43.22437273830406 130.21215567041523
43.25425795849693 121.33262143692384
43.2841431786898 464.832657875644
43.314028398882655 929.3989111933182
43.34391361907552 1079.843573281178
43.37379883926839 751.3791789480923
43.403684059461256 262.66751923928064
43.43356927965412 94.44216677871196
43.463454499846975 372.0349940813345
43.49333972003985 752.5539800589594
43.52322494023272 845.0887132268203
43.553110160425575 699.1489329023187
43.58299538061844 851.3807638953974
43.6128806008113 1871.8393252842027
43.642765821004176 3840.652975718855
43.67265104119704 6189.406721936318
43.7025362613899 7956.10519282264
43.73242148158277 8274.345411735461
43.76230670177564 6869.074827204169
43.792191921968495 4282.054182724924
43.82207714216136 1656.335006823518
43.85196236235423 177.5449400801703
43.881847582547095 416.30201872420713
43.91173280273996 1909.2487203262283
43.941618022932815 3413.710319361821
43.97150324312569 3831.583163918716
44.00138846331856 3006.7898926650605
44.031273683511415 1674.4780779559371
44.06115890370428 736.2269123673436
44.09104412389714 561.6189405558148
44.12092934409001 873.9834826560467
44.15081456428288 1227.998786284704
44.18069978447574 1500.8969936189176
44.21058500466861 1873.7433589078244
44.24047022486146 2460.004491346829
44.270355445054335 3070.4986377851587
44.3002406652472 3324.6724992583518
44.33012588544007 2986.8494840616704
44.36001110563293 2218.550541955876
44.3898963258258 1495.01511218307
44.419781546018655 1270.5457915168292
44.44966676621153 1669.3756442843799
44.479551986404395 2383.273745382832
44.509437206597255 2824.068879585808
44.53932242679012 2514.0297565237515
44.56920764698298 1561.8571548265445
44.59909286717585 824.5502725718696
44.62897808736872 1391.779828405089
44.65886330756158 3602.1618913290017
44.68874852775445 6440.81181613515
44.7186337479473 8069.82742191203
44.748518968140175 7230.652398214347
44.77840418833304 4336.1033301823645
44.8082894085259 1275.7474627863319
44.83817462871877 30.771609762448083
44.868059848911635 1182.219825035137
44.897945069104495 3524.9385331236685
44.92783028929736 5116.990215353763
44.957715509490235 4840.041507818811
44.98760072968309 3099.130946478243
45.01748594987596 1274.0796876017855
45.047371170068814 638.866296721876
45.07725639026169 1525.79965058525
45.10714161045456 3176.789196362276
45.13702683064742 4373.9435234287885
45.16691205084028 4392.030344155836
45.19679727103314 3565.799355679123
45.226682491226015 3080.3284217882165
45.25656771141888 4106.731575617122
45.28645293161174 6837.044703949944
45.31633815180461 10136.224746949125
45.346223371997475 12215.581848301896
45.376108592190334 11887.607302256189
45.4059938123832 9358.60083135168
45.435879032576075 5950.073061425675
45.46576425276893 3086.445146926196
45.495649472961794 1417.1623600753865
45.525534693154654 709.1964717770729
45.55541991334753 399.08266024133405
45.5853051335404 164.62419392204623
45.61519035373325 33.36184838232491
45.64507557392612 108.19735112689565
45.67496079411898 326.3726250481298
45.704846014311855 491.01569021133594
45.73473123450472 459.52286701176416
45.76461645469758 260.6262226673436
45.79450167489045 69.08575388718779
45.824386895083315 104.75895228778533
45.854272115276174 500.9318551024817
45.88415733546904 1166.7906562653895
45.914042555661915 1744.0827394395296
45.94392777585477 1802.6838610892628
45.973812996047634 1227.564345307597
46.003698216240494 449.6708314349394
46.03358343643337 186.89781307621692
46.063468656626235 791.8368423453846
46.09335387681909 1822.385233612525
46.12323909701196 2371.902721977984
46.15312431720482 1917.8081767347444
46.18300953739769 910.2501560717216
46.21289475759056 462.1314886146324
46.24277997778342 1287.777325876004
46.27266519797629 2985.0366603832063
46.30255041816915 4439.061206466918
46.332435638362014 4894.593945259024
46.36232085855488 4702.2700790993795
46.392206078747755 4960.98111370836
46.42209129894061 6284.057488608208
46.451976519133474 8019.0201446755555
46.481861739326334 8726.412386174034
46.51174695951921 7424.695290948504
46.541632179712074 4559.676555337556
46.57151739990493 1815.9156743470728
46.6014026200978 892.067968023058
46.63128784029066 2330.5289397311817
46.66117306048353 5271.78333324215
46.6910582806764 8179.64516647653
46.72094350086926 9819.94221568187
46.75082872106212 9740.675804833518
46.78071394125499 8255.698598318355
46.810599161447854 6165.899257530241
46.84048438164072 4256.634386643478
46.87036960183358 2873.6676154838287
46.90025482202645 1918.3724173504731
46.930140042219314 1178.6267000473815
46.960025262412174 675.8789268950828
46.98991048260504 730.8935188284122
47.019795702797914 1618.7714871939909
47.04968092299077 3152.2479855897745
47.07956614318364 4721.235104435583
47.10945136337649 5592.3632934214
47.13933658356937 5290.38224350921
47.169221803762234 4246.696302492347
47.1991070239551 3637.871016426096
47.22899224414796 3810.78797193454
47.25887746434083 3833.004855973321
47.28876268453369 2921.501323234728
47.318647904726554 1317.5118757808468
47.34853312491943 111.32374939035344
47.37841834511229 636.1586911160205
47.408303565305154 3521.666104373048
47.438188785498006 8105.960286937481
47.46807400569088 12645.63099725612
47.497959225883754 15151.228062006943
47.52784444607661 14565.619531238077
47.55772966626947 11305.677039046755
47.58761488646233 6787.335992909371
47.61750010665521 2732.7016343244327
47.647385326848074 509.59866682686766
47.677270547040926 486.59811003773353
47.7071557672338 1957.961155297638
47.73704098742667 3722.4467172913455
47.76692620761953 4778.548325488679
47.79681142781239 4714.42526595257
47.82669664800527 3682.4968585029856
47.85658186819813 2164.421567038104
47.886467088390994 814.2643620904206
47.916352308583846 347.2312914466322
47.94623752877672 1250.050720883446
47.976122748969594 3379.69734050118
48.00600796916245 5844.67690349203
48.03589318935531 7415.258406206614
48.06577840954817 7246.548923456701
48.09566362974105 5432.7771104879885
48.125548849933914 2975.963486169151
48.155434070126766 1120.857317883871
48.18531929031964 578.1856939654739
48.21520451051251 1225.2577581661942
48.24508973070537 2325.185998744
48.27497495089823 2990.0380254296488
48.30486017109111 2676.3405179466727
48.33474539128397 1529.0651847322551
48.36463061147683 351.11537091638485
48.394515831669686 105.85336248507154
48.42440105186256 1226.012004811665
48.454286272055434 3218.014637581942
48.48417149224829 4910.704703640293
48.51405671244115 5280.617848096067
48.54394193263401 4206.205543640856
48.57382715282688 2462.059343423344
48.603712373019754 1014.25001926159
48.633597593212606 308.15314215975246
48.66348281340548 143.05581351130812
48.69336803359833 106.36251586318356
48.723253253791206 25.24847595631742
48.75313847398407 23.67425129378396
48.78302369417693 293.3303039569663
48.8129089143698 947.7754984069496
48.842794134562666 2102.926423626529
48.872679354755526 3957.633598318872
48.9025645749484 6619.682094177343
48.93244979514125 9760.843205366718
48.962335015334126 12483.19869546096
48.99222023552699 13689.660800965132
49.02210545571985 12799.557437500676
49.05199067591272 10280.654563849783
49.08187589610559 7586.118340332589
49.111761116298446 6478.382386357095
49.14164633649132 8035.337224235471
49.17153155668418 11907.591850498671
49.201416776877046 16417.109197308913
49.23130199706991 19507.59800240681
49.261187217262766 19879.0327482288
49.29107243745564 17573.021665879885
49.320957657648506 13721.43972238609
49.350842877841366 9695.58620424636
49.38072809803423 6317.996169321922
49.4106133182271 3764.4841056309383
49.440498538419966 2038.29861807138
49.47038375861283 1299.18049145224
49.500268978805686 1677.4516562673423
49.53015419899856 2879.469460779752
49.56003941919143 4103.02616949718
49.589924639384286 4480.987613797664
49.61980985957715 3722.4954474544033
49.64969507977002 2342.3585098241315
49.679580299962886 1252.6599928500943
49.70946552015575 1101.536339277181
49.739350740348605 1876.0444737970815
49.76923596054148 2980.1871346116377
49.799121180734346 3653.411297225063
49.829006400927206 3419.349535305086
49.85889162112007 2347.380684262409
49.88877684131294 1037.7455955165772
49.918662061505806 279.4738980906798
49.948547281698666 533.5566644794997
49.978432501891525 1604.224603018522
50.0083177220844 2765.871367638005
50.03820294227727 3284.5289603357924
50.068088162470126 2921.77863368768
50.09797338266299 2006.5341545073345
50.12785860285586 1078.8022110005015
50.157743823048726 474.9461984297081
50.18762904324159 207.7562624270516
50.217514263434445 153.82679440542515
50.24739948362732 257.18120745483134
50.277284703820186 535.1453080901239
50.307169924013046 966.9513206904392
50.33705514420591 1467.1138024270492
50.36694036439878 1986.0562593690763
50.396825584591646 2579.1076279441886
50.426710804784506 3328.749394691825
50.456596024977365 4200.079562224761
50.48648124517024 4983.398574587939
50.5163664653631 5396.353055583547
50.546251685555966 5268.827979392856
50.57613690574883 4641.556153286927
50.6060221259417 3708.5371608478736
50.63590734613456 2707.4209443739614
50.66579256632743 1860.7804639126057
50.695677786520285 1345.047940689322
50.72556300671316 1234.338439877159
50.75544822690602 1447.994212983404
50.785333447098886 1782.1809714571195
50.81521866729175 2038.588503730267
50.84510388748462 2147.363289146851
50.87498910767748 2167.4164191441623
50.904874327870345 2165.1294551061974
50.934759548063205 2105.4448098934313
50.96464476825608 1881.591518488976
50.99452998844894 1445.7266324386535
51.024415208641805 888.3908291774285
51.05430042883467 386.8631721045438
51.08418564902754 83.12136530687094
51.1140708692204 1.4238829402445703
51.14395608941327 56.11751379455218
51.173841309606125 125.43235264727429
51.20372652979899 132.99961367303143
51.23361174999186 81.07525148871437
51.263496970184725 22.858865278686647
51.29338219037759 7.763023479773738
51.323267410570445 42.59202481529586
51.35315263076332 96.47929379696784
51.383037850956185 137.50125948085287
51.412923071149045 159.01711000791005
51.44280829134191 173.49554230957557
51.47269351153478 186.905736417308
51.502578731727645 186.38945213263207
51.53246395192051 157.572966600308
51.562349172113365 105.9608027511999
51.59223439230624 52.53761877251296
51.62211961249911 13.92709849193642
51.652004832691965 0.991697557611737
51.68189005288483 42.99389763387424
51.7117752730777 200.29495182128636
51.741660493270565 527.8331276129478
51.771545713463425 1008.5975506766932
51.801430933656285 1526.5236579862433
51.83131615384916 1918.8832218673756
51.861201374042025 2071.1705110355374
51.89108659423488 1981.6092076396485
51.92097181442775 1750.8730297808406
51.95085703462062 1514.2546290376492
51.980742254813485 1375.2995259554486
52.01062747500634 1381.2772814064176
52.040512695199205 1533.1199156525547
52.07039791539208 1799.8950627338609
52.10028313558495 2115.889725516745
52.130168355777805 2363.422170969364
52.16005357597067 2378.1458596903044
52.18993879616354 2022.0342242821691
52.219824016356405 1311.6860524400263
52.249709236549265 503.91975177675226
52.279594456742124 23.660294075119086
52.309479676935 206.63976330738572
52.339364897127865 998.6434625467688
52.36925011732072 1891.6829144745057
52.39913533751359 2246.78245014862
52.42902055770646 1783.2062932201368
52.45890577789932 831.0444275266558
52.48879099809218 130.23518059134713
52.51867621828505 311.5465905414636
52.54856143847792 1457.1834080005465
52.57844665867078 3074.617420242349
52.608331878863645 4460.172894777868
52.63821709905651 5130.319858097061
52.66810231924938 5010.161993912305
52.69798753944224 4340.148225245728
52.727872759635105 3493.552327966295
52.75775797982797 2848.152574654308
52.78764320002084 2686.1751945725264
52.8175284202137 3067.7881082494223
52.84741364040656 3735.5286169908854
52.87729886059943 4200.362744924672
52.9071840807923 4047.9700225416527
52.93706930098516 3232.1943351093164
52.96695452117802 2083.4850333224394
52.99683974137089 1050.6080583523212
53.02672496156375 415.56115659211474
53.05661018175662 189.24432858183417
53.086495401949485 225.46826359282997
53.11638062214235 399.5466120374492
53.14626584233521 672.2892417914378
53.17615106252808 1036.619021108288
53.206036282720945 1466.4518008556668
53.23592150291381 1932.554732874576
53.26580672310667 2438.972662788792
53.29569194329954 2996.4618900478786
53.3255771634924 3533.8331872980734
53.35546238368527 3857.122188965291
53.38534760387813 3745.1838174245095
53.415232824071 3126.898198470291
53.44511804426386 2179.7900731974128
53.47500326445673 1256.9627957290736
53.50488848464959 720.031252110188
53.53477370484246 798.1658377993193
53.56465892503533 1495.9185190704438
53.59454414522819 2547.8900791994247
53.62442936542105 3467.848970569268
53.65431458561392 3736.502071521808
53.684199805806784 3102.2773239053668
53.71408502599965 1827.8576735854404
53.74397024619251 614.9877471811246
53.77385546638538 131.48309421391036
53.80374068657824 490.94951403304253
53.833625906771104 1175.65893076074
53.86351112696397 1485.1987241196491
53.89339634715684 1119.2671141731128
53.9232815673497 414.0709463426628
53.95316678754256 22.38039875199912
53.98305200773543 311.37114089809285
54.0129372279283 1058.3934584665299
54.04282244812117 1710.2782257361969
54.07270766831402 1880.9911723062348
54.10259288850689 1606.0276199477646
54.13247810869976 1199.7213434663731
54.162363328892624 940.1905864135848
54.19224854908548 899.2946748694945
54.22213376927835 1015.7895307247624
54.25201898947122 1248.029770663755
54.28190420966408 1611.9192077377072
54.311789429856944 2092.266582906895
54.34167465004981 2566.6769396618947
54.37155987024268 2845.6910659721734
54.40144509043554 2791.073994078788
54.4313303106284 2403.4035676595463
54.46121553082127 1825.1340188675176
54.49110075101414 1270.153801942855
54.520985971207 908.373280186808
54.55087119139986 762.5038703336669
54.58075641159273 697.5754819786154
54.6106416317856 542.463857748881
54.64052685197846 276.92300037455607
54.67041207217132 115.14023622278356
54.70029729236419 349.89986730146916
54.73018251255706 1045.6937658140905
54.76006773274992 1882.3864547593264
54.789952952942784 2346.086819277789
54.81983817313565 2118.8686015597486
54.84972339332852 1337.918803480021
54.87960861352138 497.381012433794
54.90949383371424 49.73379413855543
54.93937905390711 71.04512691852833
54.96926427409997 297.2877801341485
54.99914949429284 423.2390007624703
55.0290347144857 349.53135079888006
55.05891993467857 197.34297906485804
55.08880515487143 133.9287613220255
55.1186903750643 220.34368454775537
55.14857559525716 415.98280118559904
55.17846081545003 657.7774398476398
55.20834603564289 904.1435158404464
55.23823125583576 1125.9602946772075
55.268116476028624 1276.0877675735867
55.29800169622149 1293.7995105033194
55.32788691641435 1158.5682784650846
55.35777213660722 933.594460691616
55.38765735680008 754.473816840705
55.41754257699295 778.5244454298111
55.44742779718581 1118.6037459239872
55.47731301737868 1770.0382338222469
55.50719823757154 2573.6424740770767
55.53708345776441 3288.8048721927366
55.56696867795727 3749.717294673837
55.59685389815014 3947.0839418449054
55.626739118343 3965.1216523558487
55.656624338535856 3876.148518903037
55.68650955872873 3672.630886653199
55.7163947789216 3267.7899668463792
55.74627999911446 2611.681930102346
55.77616521930732 1827.067681686272
55.80605043950018 1174.3651019600004
55.83593565969306 864.7356741579258
55.86582087988592 906.6378184636787
55.89570610007878 1087.4827581144418
55.92559132027165 1103.3026698590738
55.95547654046452 794.3583073058168
55.985361760657376 316.23155319258007
56.01524698085024 66.57748849659087
56.04513220104311 399.70477857621023
56.07501742123598 1326.9747510144896
56.10490264142884 2417.0312547939475
56.134787861621696 3041.1976214173387
56.16467308181457 2830.1064980448737
56.19455830200744 1937.7187023433248
56.224443522200296 911.3855566893411
56.25432874239316 327.49669138993306
56.28421396258602 444.404357551915
56.3140991827789 1093.0122937110432
56.34398440297176 1875.1727472656048
56.37386962316462 2442.833531611029
56.40375484335749 2621.436719912581
56.43364006355036 2403.0489530221007
56.463525283743216 1898.0632573495216
56.49341050393608 1270.2625054863108
56.52329572412895 681.5360356028899
56.55318094432182 253.3394320785549
56.58306616451468 36.87066608075022
56.612951384707536 12.380514358340246
56.64283660490041 123.83006431777945
56.67272182509328 304.4609762967692
56.702607045286136 466.9915302346748
56.732492265479 508.99231589582575
56.76237748567186 383.0736540744108
56.79226270586474 188.1977162870454
56.8221479260576 170.18424392346878
56.85203314625046 562.4803851474295
56.88191836644333 1364.3460668410432
56.91180358663618 2270.115393550344
56.941688806829056 2843.2505121250624
56.97157402702192 2807.453321719328
57.00145924721479 2228.321715381137
57.03134446740765 1445.404041250603
57.06122968760052 829.36931435052
57.091114907793376 573.442108545994
57.12100012798625 647.0732735885113
57.15088534817911 884.333548495537
57.180770568371976 1111.462322686886
57.21065578856484 1237.3630209838225
57.2405410087577 1271.037900624949
57.27042622895057 1267.0747716818576
57.30031144914344 1245.799140379551
57.3301966693363 1158.9554975479589
57.36008188952917 934.3632916893614
57.38996710972202 571.1965377177744
57.419852329914896 216.79859512814747
57.44973755010776 132.6647318336762
57.47962277030063 517.0733190107097
57.50950799049349 1317.4233506247926
57.53939321068636 2217.3665553276014
57.569278430879216 2830.919025166734
57.59916365107208 2982.793385998072
57.62904887126495 2872.4068326255847
57.658934091457816 2953.9108188836926
57.68881931165068 3606.2053413511767
57.718704531843535 4858.72486918424
57.74858975203641 6341.022117742889
57.77847497222928 7443.328252958627
57.80836019242214 7604.7826327517105
57.838245412615 6615.935114559868
57.86813063280786 4770.96798987864
57.898015853000736 2726.15870140078
57.9279010731936 1139.0596291531663
57.95778629338646 354.13718408680825
57.98767151357933 317.57836808137733
58.0175567337722 727.2687422832946
58.047441953965055 1303.5533310704122
58.07732717415792 1999.3391587745364
58.10721239435079 3003.6632596214486
58.137097614543656 4517.292457693834
58.16698283473652 6461.624935877937
58.196868054929375 8394.31772364581
58.22675327512225 9734.159277355298
58.25663849531512 10088.892429798427
58.286523715507975 9408.619806555027
58.31640893570084 7916.012076487181
58.3462941558937 5973.967098585609
58.376179376086576 3992.3922157467
58.40606459627944 2328.3957533163566
58.4359498164723 1189.706785507848
58.46583503666517 611.5076312748545
58.49572025685804 494.5678011110141
58.525605477050895 669.5307195398167
58.55549069724376 968.1538737053088
58.58537591743663 1252.9858505056277
58.615261137629496 1397.5495938547904
58.64514635782236 1288.1743524248252
58.675031578015215 899.592210969795
58.70491679820809 408.45287753807713
58.73480201840096 195.2531274453368
58.764687238593815 617.3911916663353
58.79457245878668 1699.3456500609416
58.82445767897954 2999.6575503055124
58.85434289917241 3813.4207205000816
58.88422811936528 3666.6675178029623
58.91411333955814 2674.365134873254
58.94399855975101 1397.1582113342172
58.97388377994386 427.3955376166989
59.003769000136735 47.678933366629856
59.0336542203296 111.36260412702833
59.06353944052247 255.56216691953713
59.09342466071533 272.3562707498549
59.1233098809082 287.94144049793164
59.153195101101055 625.0002880390451
59.18308032129393 1486.6263055616107
59.212965541486795 2742.6115284079683
59.242850761679655 4011.073633251743
59.27273598187252 4929.472618883297
59.30262120206538 5348.551054215599
59.33250642225825 5292.682079455618
59.36239164245112 4801.240700003286
59.39227686264398 3890.1920457327046
59.42216208283684 2660.310084270224
59.4520473030297 1385.1638172012188
59.481932523222575 439.22251906945854
59.51181774341544 63.351666777112
59.5417029636083 167.47360489927368
59.57158818380117 429.19159468064566
59.60147340399404 634.4142539856743
59.631358624186895 888.3098288384723
59.66124384437976 1469.3628113346972
59.691129064572635 2444.2925185006966
59.721014284765495 3418.7218979226
59.75089950495836 3777.129614110764
59.780784725151214 3219.5096631413926
59.81066994534409 2040.1783451648705
59.84055516553696 948.4971950377619
59.87044038572982 584.0800327498298
59.90032560592268 1041.4739008284416
59.93021082611554 1822.7267588116383
59.960096046308415 2260.0814521692164
59.98998126650128 2009.7603177588771
60.01986648669414 1257.1879842244905
60.04975170688701 542.18723491973
60.079636927079875 388.8089775780701
60.109522147272735 1020.0573213060728
60.1394073674656 2281.9669968178614
60.169292587658475 3753.224756755792
60.19917780785133 4944.993109141665
60.229063028044195 5487.876565877281
60.258948248237054 5262.005055866624
60.28883346842993 4423.01687277536
60.3187186886228 3287.1120059638647
60.34860390881565 2159.402492193172
60.37848912900852 1230.3082441861009
60.40837434920138 573.5997492520387
60.438259569394255 203.7391229668068
60.46814478958712 136.56665343504108
60.49803000977998 413.5364395587984
60.52791522997285 1072.2425229700596
60.557800450165715 2070.822103323485
60.587685670358574 3209.592745976712
60.61757089055144 4120.029787436033
60.647456110744315 4382.176190280886
60.67734133093717 3769.0257410629574
60.707226551130034 2473.941942383429
60.737111771322894 1088.9003140306475
60.76699699151577 276.08115592040394
60.796882211708635 349.0522135844868
60.82676743190149 1059.7939886080967
60.85665265209436 1771.6541889195148
60.88653787228722 1921.8716114381584
60.91642309248009 1410.8098531131109
60.94630831267296 628.7141084444879
60.97619353286582 145.5744241752809
61.00607875305869 308.73562202974904
61.03596397325155 1025.5377306090306
61.065849193444414 1861.5710989162048
61.09573441363728 2356.3528371368693
61.125619633830155 2336.032006447112
61.15550485402301 2037.4908373849332
61.185390074215874 1968.452260912984
61.215275294408734 2548.666306882424
61.24516051460161 3736.589919075173
61.275045734794475 4958.976443437024
61.30493095498733 5485.597585935863
61.3348161751802 5002.884439253316
61.364701395373054 3935.8673231676976
61.39458661556593 3224.7129682633886
61.4244718357588 3634.020936223503
61.45435705595166 5096.000503862356
61.48424227614452 6711.054455078737
61.51412749633739 7455.941877035283
61.544012716530254 6925.066153658634
61.57389793672312 5490.034373966238
61.60378315691598 3882.4049542872135
61.63366837710885 2633.033050559185
61.663553597301714 1825.8592366096248
61.693438817494574 1272.6388681356607
61.72332403768744 820.692953951698
61.753209257880314 491.87259034474175
61.78309447807317 394.3311897811713
61.81297969826604 556.775888887571
61.84286491845889 866.4130949295435
61.87275013865177 1140.1216787723793
61.90263535884464 1228.7394028438896
61.9325205790375 1075.0818900916483
61.96240579923036 727.646417001418
61.99229101942323 330.29934006142645
62.022176239616094 63.65338114708227
62.052061459808954 31.0707685785176
62.08194668000182 174.8602108288185
62.11183190019469 330.13708678131184
62.141717120387554 392.7017291101421
62.17160234058041 439.5553993276497
62.20148756077328 681.3293886395204
62.231372780966154 1274.5353428749377
62.26125800115901 2142.520453711592
62.291143221351874 2978.9374279024955
62.32102844154473 3442.5956614941774
62.35091366173761 3360.1737312993814
62.380798881930474 2795.988240539896
62.41068410212333 1991.9207572477133
62.4405693223162 1226.828896452848
62.47045454250907 670.8688560340398
62.50033976270193 347.5819380192515
62.530224982894794 221.7571887166756
62.56011020308767 278.79920184488134
62.58999542328053 505.2309044587223
62.61988064347339 829.3435245079554
62.649765863666246 1095.3763837439215
62.67965108385912 1130.0459045814212
62.709536304051994 930.2483363328998
62.73942152424485 786.0856204209114
62.76930674443771 1111.7018057360267
62.79919196463057 2104.9170796353033
62.82907718482345 3534.4495946825596
62.858962405016314 4815.6011546443
62.888847625209166 5372.310458547001
62.91873284540204 5026.045738335596
62.94861806559491 4054.157083586989
62.97850328578777 2921.541148490773
63.00838850598063 1997.5648435801827
63.03827372617351 1462.5535526132708
63.06815894636637 1361.2821502044867
63.09804416655923 1649.2022007857556
63.127929386752086 2158.6649193856615
63.15781460694496 2580.9496577821233
63.187699827137834 2599.31528132843
63.21758504733069 2114.7438665251475
63.24747026752355 1335.9673463598904
63.27735548771641 630.8075288502672
63.30724070790928 266.19205312188967
63.337125928102154 243.32044566007124
63.367011148295006 351.69244947090453
63.39689636848788 377.638017508824
63.42678158868073 266.79542151065806
63.45666680887361 113.87193940729259
63.48655202906647 34.86682345240036
63.51643724925935 61.422483957302475
63.5463224694522 139.63528972092016
63.57620768964507 200.52146244900015
63.606092909837926 214.29178263611553
63.6359781300308 191.16584126882069
63.66586335022365 155.1714392689043
63.69574857041653 123.29343499684816
63.72563379060939 101.07553199416851
63.75551901080225 87.81339274926627
63.78540423099512 80.88767365434654
63.815289451187994 77.75279201075698
63.845174671380846 76.9107963831223
63.87505989157371 76.45476995111886
63.90494511176657 74.05376296711806
63.934830331959446 77.0275293125192
63.96471555215231 119.07098571086983
63.994600772345166 260.4589245273891
64.02448599253803 548.5295226790043
64.0543712127309 954.0888999644525
64.08425643292377 1340.4195251302956
64.11414165311663 1513.9588499813658
64.1440268733095 1351.093633388591
64.17391209350235 908.5299985054096
64.20379731369522 404.11460410609914
64.23368253388809 73.10353409655539
64.26356775408095 14.458069944725782
64.29345297427382 148.46645286722125
64.32333819446669 319.274231790355
64.35322341465955 427.243426316428
64.38310863485242 465.5660887973539
64.41299385504527 464.4809745014341
64.44287907523814 422.25210947315895
64.472764295431 310.7169368317747
64.50264951562387 150.73400773015413
64.53253473581674 36.59567295913367
64.5624199560096 57.40366498735174
64.59230517620247 199.4896230268517
64.62219039639533 335.4257158181393
64.65207561658819 333.55545288234697
64.68196083678106 200.49497517911624
64.71184605697393 121.85913217994428
64.74173127716679 362.4571794598456
64.77161649735966 1087.8317440627602
64.80150171755253 2203.6526459423494
64.83138693774539 3320.72039743635
64.86127215793825 3911.8907675365585
64.89115737813111 3617.252705446387
64.92104259832398 2520.700129367268
64.95092781851685 1166.0438226861404
64.98081303870971 233.47769618122047
65.01069825890258 76.20862956222057
65.04058347909545 479.25488744656656
65.07046869928831 869.8112340021254
65.10035391948117 824.965378170425
65.13023913967403 419.13049840745657
65.1601243598669 92.13305599739319
65.19000958005977 194.82901877146327
65.21989480025263 668.7873866721894
65.2497800204455 1145.0044080194486
65.27966524063837 1315.980953817126
65.30955046083122 1188.2824040173311
65.33943568102409 992.8973574513866
65.36932090121695 907.3032948385392
65.39920612140982 901.3623141072718
65.42909134160269 832.005645279787
65.45897656179555 632.1261189338425
65.48886178198842 371.68810580658715
65.51874700218129 164.96751750151307
65.54863222237414 74.62721331156926
65.578517442567 109.62112690690986
65.60840266275987 270.93827199020853
65.63828788295274 555.6466300358076
65.6681731031456 910.8772488167226
65.69805832333847 1217.605752707964
65.72794354353134 1347.9554891156215
65.7578287637242 1240.011795702694
65.78771398391706 923.5139178031901
65.81759920410992 505.7586096981657
65.84748442430279 151.34189992205063
65.87736964449566 34.444555814753855
65.90725486468853 242.12045874426693
65.93714008488139 686.253824186992
65.96702530507426 1120.171817296428
65.99691052526711 1287.7510428481723
66.02679574545998 1104.1501319307015
66.05668096565284 708.9706069614913
66.08656618584571 342.3117736079294
66.11645140603858 184.1370322057656
66.14633662623145 321.1828060738499
66.17622184642431 808.0010270861594
66.20610706661718 1658.5486272139808
66.23599228681003 2714.1413343612767
66.2658775070029 3550.384380250606
66.29576272719576 3662.0517020341326
66.32564794738863 2879.8921934697373
66.3555331675815 1592.9111197287932
66.38541838777437 487.3988240916478
66.41530360796723 42.25422338623085
66.44518882816008 226.349009234413
66.47507404835295 608.6736124783893
66.50495926854582 752.7501697285257
66.53484448873868 543.7722908387004
66.56472970893155 189.3218243141348
66.59461492912442 4.3529757836400895
66.62450014931729 228.61108576819584
66.65438536951015 927.1206876980655
66.684270589703 1942.6905694024135
66.71415580989587 2920.749590536957
66.74404103008874 3434.4197246962176
66.7739262502816 3227.558690179697
66.80381147047447 2444.4965593237343
66.83369669066734 1574.8496175094033
66.8635819108602 1088.6003233217095
66.89346713105307 1092.1861340758983
66.92335235124592 1316.109436791864
66.95323757143879 1418.945633034387
66.98312279163166 1301.2998408116166
67.01300801182452 1131.1213644064424
67.04289323201739 1101.4783630810848
67.07277845221026 1221.9079770713295
67.10266367240312 1348.0787225564475
67.13254889259598 1357.067231230592
67.16243411278884 1258.9454260247846
67.19231933298171 1155.3690668130444
67.22220455317458 1131.8188893942563
67.25208977336744 1214.2671715090328
67.28197499356031 1399.8618982690111
67.31186021375318 1673.7228673748143
67.34174543394604 1975.562724823688
67.3716306541389 2182.7564241380046
67.40151587433176 2179.0948750468738
67.43140109452463 1963.1280610670033
67.4612863147175 1672.5129996646392
67.49117153491036 1479.257572766964
67.52105675510323 1456.1685519066118
67.5509419752961 1545.5344784769425
67.58082719548896 1639.3018946903899
67.61071241568182 1670.2499914918144
67.64059763587468 1632.7874010747823
67.67048285606755 1540.5579394771405
67.70036807626042 1388.9510295401983
67.73025329645328 1168.3326010756964
67.76013851664615 896.1268277653288
67.79002373683902 616.6353772186835
67.81990895703187 375.287298016684
67.84979417722474 199.054601925219
67.8796793974176 91.42619344587008
67.90956461761047 42.24589112504668
67.93944983780334 47.47646791906986
67.9693350579962 122.69082927372084
67.99922027818907 303.2405087935311
68.02910549838194 635.6144900704899
68.05899071857479 1158.0372853629708
68.08887593876766 1862.480360767832
68.11876115896052 2650.112066557223
68.14864637915339 3332.1296729224814
68.17853159934626 3721.1915659572624
68.20841681953912 3767.784660397988
68.23830203973199 3630.3941488721457
68.26818725992486 3599.5944392055526
68.29807248011771 3880.87484746278
68.32795770031058 4384.251690488343
68.35784292050344 4731.9021276548365
68.38772814069631 4512.9167808305565
68.41761336088918 3594.0249515706846
68.44749858108204 2251.3042721531788
68.47738380127491 1008.6840444363418
68.50726902146776 306.45301541580545
68.53715424166063 253.99973452169388
68.5670394618535 612.0258325106872
68.59692468204636 978.4855730970371
68.62680990223923 1039.8612283145003
68.6566951224321 742.5681004672676
68.68658034262496 331.70257716139054
68.71646556281783 245.51666827260425
68.74635078301068 861.0551930091002
68.77623600320355 2187.6408658220435
68.80612122339642 3732.559692454387
68.83600644358928 4735.428174136634
68.86589166378215 4663.89173062364
68.89577688397502 3571.6231044610313
68.92566210416788 2040.42320184582
68.95554732436074 770.3215227392058
68.9854325445536 125.8835350549873
69.01531776474647 2.220568687647916
69.04520298493934 84.02047705785907
69.0750882051322 173.97944371987248
69.10497342532507 285.569619715179
69.13485864551794 507.45889748195714
69.1647438657108 840.3568387049028
69.19462908590366 1170.7125099480947
69.22451430609652 1365.2809507154225
69.25439952628939 1352.5418018187493
69.28428474648226 1129.9722321251088
69.31416996667512 751.7969751595278
69.34405518686799 335.73414786501485
69.37394040706086 50.22065571852082
69.40382562725372 44.03347354154032
69.43371084744658 345.02521711009814
69.46359606763944 809.3480479935206
69.49348128783231 1189.9210893510083
69.52336650802518 1300.8539084565302
69.55325172821804 1151.523765261522
69.58313694841091 934.880638425296
69.61302216860378 893.146786539304
69.64290738879663 1153.7036412592079
69.6727926089895 1616.8171217683664
69.70267782918236 1999.1793784150116
69.73256304937523 2037.9287011241745
69.7624482695681 1688.1138525195574
69.79233348976096 1168.1218941113148
69.82221870995383 830.8008812945437
69.8521039301467 939.8543668600637
69.88198915033955 1512.9530230744224
69.91187437053242 2337.524132666103
69.94175959072528 3097.74557532597
69.97164481091815 3485.455537150297
70.00153003111102 3283.2802135646966
70.03141525130388 2486.725218934817
70.06130047149675 1405.7599160740247
70.09118569168962 589.6801479199412
70.12107091188247 517.676198812919
70.15095613207534 1206.936278401448
70.1808413522682 2093.246586452852
70.21072657246107 2408.066637926478
70.24061179265394 1817.5291567909
70.2704970128468 798.1255052149293
70.30038223303967 337.58758204453363
70.33026745323252 1129.1622947433996
70.36015267342539 2988.24552604732
70.39003789361826 4970.5584526798475
70.41992311381112 6029.640618382834
70.44980833400399 5697.147419048572
70.47969355419686 4274.526735218123
70.50957877438972 2494.2977381998767
70.53946399458259 1045.9713957592119
70.56934921477544 256.1415457855381
70.59923443496831 52.403785703962114
70.62911965516118 151.39750063481927
70.65900487535404 263.64063269628764
70.68889009554691 242.14620434361916
70.71877531573978 134.3092186906197
70.74866053593264 74.59533839171945
70.77854575612551 127.51572631733328
70.80843097631836 230.30410823541433
70.83831619651123 270.42849347977966
70.8682014167041 221.69644962321408
70.89808663689696 205.9257226075496
70.92797185708983 413.8219478851312
70.9578570772827 912.6874857925224
70.98774229747556 1497.4359007722032
71.01762751766842 1813.8586637542012
71.04751273786128 1666.3984093872684
71.07739795805415 1162.3368993322683
71.10728317824702 583.9610862603935
71.13716839843988 181.49296289231117
71.16705361863275 42.92406147758181
71.19693883882562 99.88687433710307
71.22682405901848 233.41904540097408
71.25670927921134 365.87537020663507
71.2865944994042 477.42841588239054
71.31647971959707 580.5085859068264
71.34636493978994 699.9720894855707
71.3762501599828 860.6876206992115
71.40613538017567 1062.3965820482936
71.43602060036854 1252.1225681156955
71.4659058205614 1335.5077032313586
71.49579104075426 1248.5553162332576
71.52567626094712 1026.0028333728312
71.55556148113999 778.4555611100361
71.58544670133286 600.4583414193254
71.61533192152572 507.58557008509337
71.64521714171859 459.2239909622874
71.67510236191146 426.4988519357028
71.70498758210431 411.56227447671125
71.73487280229718 399.57996364200034
71.76475802249004 335.3447437984979
71.79464324268291 202.9933858095456
71.82452846287578 134.87715835666356
71.85441368306864 378.0504885935164
71.88429890326151 1077.935732994827
71.91418412345438 2060.299116348633
71.94406934364723 2863.058061525676
71.9739545638401 3061.765988657529
72.00383978403296 2601.2281569153783
72.03372500422583 1813.0407198649611
72.06361022441868 1121.2240395666367
72.09349544461155 729.430931498495
72.12338066480443 568.6032163939119
72.15326588499728 494.2664551282991
72.18315110519015 471.2026189552557
72.213036325383 546.8296797504232
72.24292154557587 694.3506348154583
72.27280676576873 765.6859581583997
72.30269198596162 637.3098502942614
72.33257720615448 365.9317420020527
72.36246242634736 148.02551465520807
72.39234764654019 121.8479755315453
72.42223286673305 238.37256421080673
72.45211808692594 328.6971845425469
72.4820033071188 279.25096741571707
72.51188852731168 139.18593383676347
72.54177374750452 75.65784502788256
72.5716589676974 256.3301499190119
72.60154418789027 754.9029818479307
72.63142940808312 1477.0274407430115
72.661314628276 2125.3132826911883
72.69119984846884 2298.14980028512
72.72108506866172 1771.6456905730508
72.75097028885459 801.5134538058796
72.78085550904746 98.24220886980848
72.81074072924032 338.40528439626087
72.84062594943317 1557.3995293561209
72.87051116962604 3000.377939629356
72.90039638981891 3682.0284001838286
72.93028161001178 3193.838506961464
72.96016683020464 1996.6680684166615
72.99005205039751 972.0096765868
73.01993727059036 687.4703301484587
73.04982249078323 1026.4823081212794
73.0797077109761 1445.0126656737273
73.10959293116896 1509.389844035639
73.13947815136183 1189.1226920381566
73.16936337155468 738.0649251857458
73.19924859174755 416.14454643409454
73.22913381194041 353.4289392240855
73.2590190321333 575.1151025799156
73.28890425232616 1022.3304386943051
73.31878947251901 1514.225461390595
73.34867469271187 1778.15297465599
73.37855991290473 1632.3909617031936
73.40844513309762 1155.1369803364864
73.43833035329048 633.7073340499747
73.46821557348336 349.75263980668
73.4981007936762 419.1517569209444
73.52798601386905 800.0432241458564
73.55787123406193 1385.999091069885
73.5877564542548 2033.795847235568
73.61764167444768 2510.1229043285775
73.64752689464054 2540.850957039659
73.6774121148334 2056.2217913619806
73.70729733502627 1354.9034578082567
73.73718255521914 907.8646613424579
73.76706777541199 942.9897814892314
73.79695299560485 1209.0823128333625
73.82683821579772 1216.550838048379
73.85672343599059 780.5958916162531
73.88660865618345 264.31398429060897
73.91649387637632 206.85879597465336
73.94637909656919 726.8416729033233
73.97626431676204 1357.102458285382
74.0061495369549 1503.0350003463288
74.03603475714777 1033.4986324650931
74.06591997734064 387.8511932206953
74.09580519753351 101.2993037469784
74.12569041772637 260.26728101830514
74.15557563791923 481.6755164987102
74.1854608581121 411.5322014674604
74.21534607830496 163.98593788020193
74.24523129849783 224.00371518726175
74.2751165186907 920.5843038582944
74.30500173888355 2034.344111600656
74.33488695907641 2939.83903691266
74.3647721792693 3102.7062915120273
74.39465739946216 2462.71781911544
74.42454261965504 1433.0925822365912
74.45442783984787 592.889572905938
74.48431306004073 326.2834268244601
74.51419828023361 616.4424733344647
74.54408350042648 1082.8871094444214
74.57396872061936 1243.6938177227707
74.60385394081221 880.1028402495585
74.63373916100508 265.5464855482804
74.66362438119795 18.65312792822132
74.6935096013908 609.7644007366964
74.72339482158367 1886.9482659489947
74.75328004177653 3070.803627031779
74.7831652619694 3337.956891494678
74.81305048216225 2528.180639326043
74.84293570235513 1315.3061838541637
74.872820922548 656.4669091949876
74.90270614274085 988.1139904282755
74.93259136293374 1912.1610669851743
74.96247658312657 2654.2114824465775
74.99236180331945 2783.391317411198
75.02224702351232 2498.1804380453164
75.05213224370519 2287.2004982610815
75.08201746389805 2376.324204724133
75.11190268409091 2545.045135206676
75.14178790428377 2444.75357227506
75.17167312447664 2018.4096377211356
75.20155834466951 1584.2347091090624
75.23144356486237 1516.1426473458375
75.26132878505523 1863.1811697519013
75.2912140052481 2298.924933655469
75.32109922544097 2409.6940000713344
75.35098444563383 2010.8901187307104
75.3808696658267 1252.0065588420289
75.41075488601955 495.376586844768
75.44064010621241 71.97760939750124
75.4705253264053 70.95118033572501
75.50041054659816 310.1787614682528
75.53029576679103 495.61626631247736
75.5601809869839 449.3941864422224
75.59006620717673 254.70166403586333
75.61995142736961 191.43496836555488
75.64983664756248 485.9113604069967
75.67972186775535 1092.3629324347987
75.70960708794821 1713.8448535831926
75.73949230814108 2037.551061000284
75.76937752833393 1961.1065290921972
75.79926274852681 1619.6961205306175
75.82914796871967 1232.8917397617895
75.85903318891253 958.1779872390899
75.88891840910541 883.6419208198422
75.91880362929825 1084.3806549310884
75.94868884949113 1591.1572465000984
75.978574069684 2274.6235357026453
76.00845928987687 2820.963357552283
76.03834451006973 2911.700198208522
76.06822973026257 2458.0506320424424
76.09811495045545 1658.1169068810125
76.12800017064832 847.4356031203974
76.15788539084119 284.6910625669283
76.18777061103405 39.68128875042549
76.2176558312269 51.381910879288846
76.24754105141977 242.18552289072736
76.27742627161264 549.1210090365809
76.3073114918055 888.5084270040686
76.33719671199837 1151.515780180906
76.36708193219123 1264.6033699980685
76.3969671523841 1244.5080324858855
76.42685237257697 1170.7128592206964
76.45673759276984 1117.2778910992477
76.48662281296271 1137.153280028372
76.51650803315555 1294.017965863275
76.54639325334841 1659.031463049185
76.5762784735413 2243.7293899776523
76.60616369373416 2934.9005284557425
76.63604891392703 3510.2399603671547
76.6659341341199 3740.8212169008657
76.69581935431277 3504.139613883495
76.72570457450561 2830.546914823593
76.75558979469848 1884.8869896790463
76.78547501489135 924.6964888682544
76.81536023508421 239.11326219834712
76.8452454552771 38.56368019056296
76.87513067546993 304.50652803643146
76.90501589566281 732.0684900116194
76.93490111585568 921.5826861197721
76.96478633604853 708.7395051706743
76.99467155624141 299.9471047246287
77.02455677643425 72.94221426857568
77.05444199662713 228.08806721483663
77.08432721682 604.6227135358972
77.11421243701287 845.055574752415
77.14409765720573 743.2120170680327
77.17398287739859 415.20254265828817
77.20386809759145 152.72639882411372
77.23375331778432 146.19654644229294
77.26363853797719 349.1402189891256
77.29352375817005 575.0557664871801
77.3234089783629 684.203283798444
77.35329419855577 677.4021619966724
77.38317941874865 664.7417821007499
77.4130646389415 787.3700185765609
77.44294985913437 1138.8631738810216
77.47283507932725 1684.8321416800459
77.50272029952009 2217.565708375694
77.53260551971297 2434.3337070606567
77.56249073990584 2155.5954862252106
77.5923759600987 1525.1137252221467
77.62226118029157 977.1419823402488
77.65214640048441 936.9400203508269
77.6820316206773 1483.9744105226914
77.71191684087016 2273.8317776929134
77.74180206106303 2789.573366353697
77.7716872812559 2712.000198246967
77.80157250144877 2111.2221067632295
77.83145772164161 1321.2377095244055
77.8613429418345 656.6270113705859
77.89122816202735 245.20653890091089
77.92111338222021 55.318456506085134
77.9509986024131 1.6545836755600427
77.98088382260593 12.87613943578276
78.01076904279881 39.32451726684321
78.04065426299168 48.691525110569536
78.07053948318455 40.439099140126885
78.10042470337741 46.61254127152785
78.13030992357025 88.3031807684967
78.16019514376313 131.7791953961547
78.190080363956 115.73121066570047
78.21996558414887 40.00991204268703
78.24985080434173 15.54227336918142
78.27973602453461 196.37180855761991
78.30962124472745 637.7200243713203
78.33950646492032 1227.0002233945036
78.36939168511319 1776.865353034254
78.39927690530605 2179.6895290433135
78.42916212549893 2466.799728757711
78.45904734569177 2739.7507255991623
78.48893256588465 3031.8890414153207
78.51881778607752 3225.8313877597275
78.54870300627037 3145.8414160473103
78.57858822646325 2728.501461896494
78.60847344665609 2069.7754102659487
78.63835866684897 1338.9301330190951
78.66824388704184 691.859136514193
78.6981291072347 247.77272399267
78.72801432742757 83.9945493909482
78.75789954762045 185.77941745147228
78.78778476781329 392.6442122338861
78.81766998800616 471.0995323040221
78.84755520819903 318.4522894641822
78.87744042839189 111.81812110898518
78.90732564858477 219.49495026214504
78.93721086877761 870.9686785919798
78.9670960889705 1853.5914764064955
78.99698130916336 2592.301353968834
79.02686652935621 2592.705960853464
79.0567517495491 1840.3740248685383
79.08663696974193 828.6944607334561
79.11652218993481 198.72928750056028
79.14640741012768 266.8952883082539
79.17629263032055 833.29891477059
79.20617785051341 1406.6970951480375
79.23606307070625 1595.3176311943212
79.26594829089913 1340.517074711682
79.295833511092 871.8448123648242
79.32571873128487 474.75610766579433
79.35560395147773 279.2992356477825
79.38548917167061 226.1321452538114
79.41537439186345 185.73600132149065
79.44525961205633 99.15119224286435
79.47514483224919 25.675247584906675
79.50503005244205 59.97641689710359
79.53491527263492 202.06164556253407
79.56480049282777 329.41562392678605
79.59468571302065 316.9369558507831
79.62457093321352 183.07431947741333
79.65445615340639 97.19025768460764
79.68434137359925 204.68797947536467
79.71422659379209 442.4473733994941
79.74411181398497 579.9928955577311
79.77399703417782 467.3127612941543
79.8038822543707 220.43822639769624
79.83376747456357 135.24844213049158
79.86365269475645 393.6133666493092
79.89353791494929 864.9650985437574
79.92342313514214 1217.7323005317128
79.95330835533503 1213.9924228981706
79.98319357552789 897.5420339299941
80.01307879572077 524.5365639096309
80.04296401591361 337.47849926717214
80.07284923610649 408.6917603825425
80.10273445629936 659.9544034320868
80.13261967649223 960.4095888385534
80.16250489668509 1177.4117800273002
80.19239011687793 1198.8071949808427
80.22227533707081 991.2491591893057
80.25216055726368 655.100362810995
80.28204577745655 390.80092814794074
80.31193099764941 370.2535479186539
80.3418162178423 626.0208251208653
80.37170143803513 1081.8841909832083
80.401586658228 1680.6147090285658
80.43147187842087 2419.863646132564
80.46135709861373 3225.77142334328
80.4912423188066 3849.676516940968
80.52112753899945 3967.878914758943
80.55101275919233 3418.560166247493
80.58089797938518 2376.4031181068185
80.61078319957805 1282.2549896750843
80.64066841977092 537.4058569227328
80.67055363996377 258.9616750524106
80.70043886015665 340.7863986534384
80.7303240803495 688.8121284503386
80.76020930054239 1320.1237324970143
80.79009452073525 2230.106189709099
80.81997974092813 3241.2634053783863
80.84986496112097 4064.3584110284014
80.87975018131382 4519.159295030554
80.9096354015067 4664.077746042838
80.93952062169957 4697.243156431445
80.96940584189245 4718.5430160486
80.99929106208529 4571.069977982869
81.02917628227817 3959.6338713677
81.05906150247104 2788.02896976202
81.08894672266389 1384.287639724439
81.11883194285677 376.29246711905864
81.14871716304961 305.34021038341126
81.17860238324249 1260.1050923797304
81.20848760343536 2763.196720883723
81.23837282362823 3987.0769480030294
81.26825804382109 4222.662190871382
81.29814326401393 3323.23386072321
81.32802848420681 1794.298980672538
81.35791370439968 470.5925671447268
81.38779892459254 2.1946413642169396
81.41768414478541 483.0196379546841
81.44756936497828 1468.2719773557915
81.47745458517113 2323.171590641058
81.50733980536401 2626.656894202388
81.53722502555686 2362.6846453545736
81.56711024574973 1794.6666686757064
81.5969954659426 1205.4925362466363
81.62688068613545 759.9060823018874
81.65676590632833 510.8168095954383
81.68665112652118 454.9977136459146
81.71653634671407 580.5652368631717
81.74642156690692 848.1721902442048
81.77630678709977 1131.2858599091096
81.80619200729265 1242.343549976918
81.8360772274855 1069.3028143480744
81.86596244767838 709.1173112489697
81.89584766787125 479.5281958015592
81.92573288806413 735.321189026772
81.95561810825697 1578.8527857883407
81.98550332844982 2720.9829940634304
82.0153885486427 3626.9790261183184
82.04527376883557 3870.3284861400134
82.07515898902844 3441.6940549636047
82.10504420922129 2677.831590335975
82.13492942941417 1898.2404425774207
82.16481464960704 1222.1971049487015
82.1946998697999 669.641077758824
82.22458508999276 321.2277300333168
82.25447031018561 377.1471478429589
82.28435553037849 1005.8554785314168
82.31424075057134 2100.6625016209973
82.34412597076422 3222.664186135365
82.37401119095709 3828.703873801468
82.40389641114996 3653.0005254208745
82.43378163134281 2902.006365890187
82.46366685153566 2038.6472830106163
82.49355207172854 1402.2924613620603
82.52343729192141 1025.2155622184027
82.55332251211428 740.729288474859
82.58320773230713 435.6404506255492
82.61309295250001 224.0581108553864
82.64297817269286 387.41997406538167
82.67286339288573 1076.3867046548555
82.7027486130786 2076.3278229457314
82.73263383327145 2932.3288855813425
82.76251905346433 3262.075904312095
82.79240427365718 2984.749862852186
82.82228949385006 2387.4501775530534
82.85217471404293 1954.1431146974992
82.8820599342358 2015.5785603522547
82.91194515442865 2512.7171278773653
82.9418303746215 3051.3188552867928
82.97171559481438 3190.380374486466
83.00160081500725 2755.194872128112
83.03148603520012 1922.6216843866264
83.06137125539297 1052.9604253598875
83.09125647558585 452.561560726054
83.1211416957787 211.0167226765498
83.15102691597157 194.8749305641132
83.18091213616444 200.8904263635177
83.21079735635729 129.23612018040615
83.24068257655017 35.522840459437845
83.27056779674302 51.466205374841515
83.3004530169359 262.12736046533047
83.33033823712877 642.9534076329796
83.36022345732161 1077.545430949386
83.39010867751449 1405.4224923212519
83.41999389770734 1477.710047759085
83.44987911790022 1219.8661961843115
83.47976433809309 698.4815391666504
83.50964955828596 170.6228173286577
83.53953477847881 16.88459898338937
83.56941999867169 529.0980820305375
83.59930521886454 1704.799900753645
83.62919043905741 3206.3819114043545
83.65907565925028 4559.2067207577065
83.68896087944313 5495.32904047925
83.71884609963601 6107.829569543313
83.74873131982886 6631.572795995168
83.77861654002174 7129.24861161561
83.8085017602146 7404.72696350144
83.83838698040745 7159.441147153872
83.86827220060033 6255.067686527828
83.89815742079318 4894.593541331423
83.92804264098606 3537.289624989896
83.95792786117893 2588.2208901642102
83.9878130813718 2129.7117505551832
84.01769830156465 1905.7782039755343
84.0475835217575 1560.943309072118
84.07746874195038 953.2177308425548
84.10735396214325 296.18160580744524
84.13723918233612 1.5581813476825155
84.16712440252897 329.851489187542
84.19700962272185 1134.199876316305
84.2268948429147 1926.358443092132
84.25678006310758 2226.917909090412
84.28666528330044 1912.3437557111963
84.31655050349329 1272.185362680272
84.34643572368617 752.3459990627288
84.37632094387902 619.2436871584312
84.4062061640719 820.4981257838817
84.43609138426477 1120.7424687237603
84.46597660445764 1326.2064558503664
84.49586182465049 1383.7115052321394
84.52574704484334 1338.6132258106309
84.55563226503622 1265.0082115212347
84.58551748522909 1239.1643881937357
84.61540270542196 1323.2017134682255
84.64528792561481 1507.923689892508
84.67517314580769 1662.0198873987124
84.70505836600054 1594.3938298257372
84.73494358619342 1220.4871409930972
84.76482880638628 666.8528811913808
84.79471402657913 194.05075079923068
84.82459924677201 2.2092719230142497
84.85448446696486 88.10343934246569
84.88436968715774 274.0060330250156
84.91425490735061 365.14917690713696
84.94414012754346 285.39582316855484
84.97402534773633 107.0332002188275
85.00391056792918 9.047866062680908
85.03379578812206 214.8453906717872
85.06368100831493 892.1929583743146
85.0935662285078 2006.8881541259025
85.12345144870065 3224.2609406249567
85.15333666889353 4000.138962027412
85.18322188908638 3905.357961085008
85.21310710927925 2969.990139645869
85.24299232947212 1692.4979761357167
85.27287754966497 662.2349650801065
85.30276276985785 152.642635237425
85.3326479900507 35.268220164227714
85.36253321024358 29.89055220637828
85.39241843043645 10.101428765134152
85.4223036506293 67.11781594107916
85.45218887082217 313.09172104523617
85.48207409101502 678.8767712042329
85.5119593112079 929.3088822771432
85.54184453140078 876.749280761127
85.57172975159364 576.1667809964096
85.60161497178649 286.92904808377943
85.63150019197934 236.42820721755652
85.66138541217222 438.8678630698227
85.6912706323651 713.7602890077512
85.72115585255796 842.514925327498
85.75104107275082 734.368821023515
85.78092629294369 483.4135618291738
85.81081151313654 287.1291458343168
85.84069673332942 315.77855485854855
85.87058195352228 627.2477655512088
85.90046717371514 1151.4871131442485
85.93035239390801 1727.4942155128572
85.96023761410086 2161.599944060441
85.99012283429374 2287.637977580542
86.02000805448661 2031.0438729487832
86.04989327467948 1456.464858880718
86.07977849487233 759.3997227016146
86.10966371506518 201.79980132955464
86.13954893525806 9.781797966557487
86.16943415545093 255.6977113244416
86.1993193756438 800.4963563406529
86.22920459583666 1358.1317120322624
86.25908981602953 1645.2308178667363
86.28897503622238 1533.5980897363931
86.31886025641523 1116.536917561903
86.34874547660812 627.5792645574721
86.37863069680098 269.8926091920579
86.40851591699385 99.61807195217897
86.4384011371867 46.182445757698176
86.46828635737958 25.65954399948639
86.49817157757246 25.0769831612571
86.52805679776532 78.95320078648098
86.55794201795818 185.22462507501035
86.58782723815102 278.5129719236562
86.6177124583439 305.7555966043734
86.64759767853678 308.830329557776
86.67748289872964 391.85555320257936
86.7073681189225 584.1989706671931
86.73725333911537 754.666126950916
86.76713855930822 714.0045187991952
86.79702377950109 434.19594716968703
86.82690899969396 137.4611792908821
86.85679421988682 117.56079878381064
86.88667944007969 445.5768358694418
86.91656466027254 860.2769510841001
86.94644988046542 990.7674964014057
86.97633510065829 712.4022800742151
87.00622032085114 266.8958557113455
87.036105541044 29.88011956404775
87.06599076123686 172.88295225070783
87.09587598142974 536.662691044132
87.12576120162261 805.2081453757303
87.15564642181548 787.4755455610778
87.18553164200834 544.0458845779012
87.21541686220121 298.037214456239
87.24530208239406 283.05809326559927
87.27518730258691 649.4222031844736
87.3050725227798 1400.468330543219
87.33495774297266 2330.418373042041
87.36484296316553 3044.850952237341
87.39472818335838 3154.8476562159935
87.42461340355126 2562.2862874674647
87.45449862374412 1569.4035578317985
87.48438384393698 664.2264320850081
87.51426906412986 163.86350727818805
87.5441542843227 37.25104274960026
87.57403950451558 56.9231729764616
87.60392472470845 99.45144326729076
87.63380994490132 260.1321139250199
87.66369516509418 672.4850364890364
87.69358038528702 1269.1921503312783
87.7234656054799 1786.1168828464931
87.75335082567277 2000.250047623931
87.78323604586564 1908.1215212999605
87.8131212660585 1668.8310411746174
87.84300648625135 1419.9404621311503
87.87289170644422 1182.3583341475608
87.9027769266371 945.9098840001399
87.93266214682995 795.4500374872542
87.96254736702282 878.1952828628228
87.99243258721567 1224.161012455559
88.02231780740854 1641.469301235758
88.05220302760142 1838.2827145020465
88.08208824779427 1657.991482422441
88.11197346798716 1193.682893117052
88.14185868818 687.148168800432
88.17174390837286 328.6973853932032
88.20162912856574 151.8110513202986
88.2315143487586 87.7422973576673
88.26139956895148 73.83779273455657
88.29128478914434 97.96563332754688
88.32117000933722 165.58165441583162
88.35105522953006 256.4827639903216
88.38094044972291 326.76364922163225
88.4108256699158 340.41046567300725
88.44071089010866 287.82274771180266
88.47059611030154 184.8698504256093
88.50048133049438 70.35521248876276
88.53036655068726 3.1462894385087403
88.56025177088013 42.10973353926783
88.590136991073 203.65222590181105
88.62002221126586 423.56350395692454
88.6499074314587 569.2405060116478
88.67979265165158 522.3437578035114
88.70967787184445 289.27609684673894
88.73956309203732 46.34485496096328
88.76944831223018 48.548537850179514
88.79933353242303 451.918412809449
88.8292187526159 1187.841863506851
88.85910397280877 1978.8110592479563
88.88898919300163 2494.756393462352
88.9188744131945 2555.077883805716
88.94875963338735 2214.222087548312
88.97864485358022 1677.7329096768551
89.0085300737731 1160.75839347394
89.03841529396595 797.5091228561157
89.06830051415882 629.9886217329005
89.09818573435167 641.7349140056066
89.12807095454454 777.9389036330026
89.15795617473742 946.7587174028819
89.18784139493027 1042.3981064582679
89.21772661512315 1001.8534282827748
89.24761183531602 845.7949694004659
89.2774970555089 648.4058733548703
89.30738227570174 468.2816424115758
89.3372674958946 320.43080813635373
89.36715271608747 207.28718781138585
89.39703793628034 157.5345344780773
89.42692315647322 214.76198356431888
89.45680837666606 380.330704835658
89.48669359685894 579.6251753950797
89.5165788170518 697.5887006496911
89.54646403724466 658.3727501814203
89.57634925743751 485.9220001647416
89.60623447763038 299.9400366817336
89.63611969782326 255.7158716204489
89.66600491801613 462.2693633987553
89.695890138209 902.5796942518938
89.72577535840186 1395.0435145485767
89.7556605785947 1658.7670443058723
89.78554579878758 1492.347973465069
89.81543101898045 950.2585199072992
89.84531623917331 347.5858476335127
89.87520145936618 44.193873708091374
89.90508667955903 162.28868875416566
89.9349718997519 491.801855944965
89.96485711994478 691.1465612088006
89.99474234013763 591.4512550632512
90.0246275603305 305.1127061992594
90.05451278052335 69.59356258382003
90.08439800071623 18.619745933740013
90.1142832209091 98.11743375518925
90.14416844110195 172.0905348272728
90.17405366129485 169.71757320451667
90.20393888148767 114.35717207919872
90.23382410168055 53.501423646927385
90.26370932187342 12.704998823841168
90.29359454206627 11.247997160243584
90.32347976225917 74.64332895142388
90.35336498245202 194.17911994071395
90.38325020264487 287.8354569819605
90.41313542283775 262.7309490353276
90.4430206430306 153.61671347216756
90.47290586322349 165.78505841422987
90.50279108341634 520.9517017252651
90.5326763036092 1228.0510262994412
90.56256152380207 2007.5100736441236
90.59244674399494 2466.140169560819
90.62233196418781 2380.473535584984
90.65221718438066 1831.4181915008571
90.68210240457351 1092.0467423635844
90.7119876247664 441.41712085152096
90.74187284495926 87.12890471111555
90.77175806515213 167.89729010543647
90.801643285345 721.5487792316761
90.83152850553786 1596.164890685948
90.86141372573071 2415.8745429946644
90.89129894592358 2741.1608213028794
90.92118416611645 2366.6509941819404
90.95106938630931 1496.1193847958496
90.98095460650218 621.2833302545952
91.01083982669503 179.287234232262
91.04072504688791 252.59241037685263
91.07061026708078 572.1876518918093
91.10049548727363 794.8427150605414
91.1303807074665 761.3290325542295
91.16026592765937 539.66478195489
91.19015114785223 294.9549434013678
91.2200363680451 140.3658740303955
91.24992158823795 89.3918516025724
91.27980680843085 102.81094744717164
91.3096920286237 144.6315242889251
91.33957724881655 200.44069917714103
91.36946246900942 272.5923866745084
91.39934768920227 369.84632893961987
91.42923290939517 482.6676612919405
91.45911812958802 550.9587038560276
91.48900334978087 483.22037261803695
91.51888856997375 262.03228409400054
91.54877379016662 43.53820424602323
91.57865901035949 107.56585150822664
91.60854423055234 634.6950907138284
91.6384294507452 1464.2320048573076
91.66831467093807 2092.609898829228
91.69819989113094 2027.5613682703288
91.72808511132381 1243.3744331390951
91.75797033151667 312.57335788074994
91.78785555170954 43.9370314692455
91.8177407719024 887.7343515342379
91.84762599209526 2586.1709214692382
91.87751121228813 4329.535235956953
91.907396432481 5271.3372667280555
91.93728165267386 5018.018693866434
91.96716687286673 3770.0187881477186
91.9970520930596 2121.34033077994
92.02693731325245 756.1364492899363
92.05682253344531 183.40081162542103
92.08670775363818 556.0953396587641
92.11659297383105 1646.9269149789648
92.14647819402391 3009.860174944152
92.17636341421678 4252.235206850426
92.20624863440963 5235.866363983088
92.23613385460253 6030.370804736166
92.26601907479537 6669.3202792761285
92.29590429498823 6973.242222789412
92.3257895151811 6637.672915588119
92.35567473537395 5532.294754367798
92.38555995556685 3936.6284961514534
92.4154451757597 2440.8494932529206
92.44533039595257 1543.184713676454
92.47521561614543 1300.6512705762675
92.50510083633827 1350.4641591589232
92.53498605653117 1257.4746032804396
92.56487127672402 861.466925526783
92.59475649691689 355.0244137935787
92.62464171710975 92.70064180056936
92.65452693730262 319.6064729714726
92.68441215749549 1006.7154994244428
92.71429737768834 1871.975524039972
92.7441825978812 2533.849812317186
92.77406781807407 2692.7491330360886
92.80395303826693 2274.88945438092
92.8338382584598 1477.992922650152
92.86372347865267 661.3206237722164
92.89360869884554 135.86594404112495
92.9234939190384 10.012740474590453
92.95337913923125 177.50920899163424
92.98326435942413 417.0651544818601
93.013149579617 528.1614672929695
93.04303479980986 427.7185334401103
93.07292002000273 191.92711291437007
93.1028052401956 57.05778158757031
93.13269046038846 332.13397699576234
93.16257568058131 1205.6870415589874
93.19246090077418 2541.0325854386765
93.22234612096705 3831.8533583733774
93.25223134115993 4456.3225557058195
93.28211656135278 4088.748721526069
93.31200178154563 2944.9684926858126
93.34188700173853 1704.8390128355688
93.37177222193138 1123.652371629484
93.40165744212425 1533.6316792986613
93.4315426623171 2635.933286269806
93.46142788250995 3739.492243939076
93.49131310270285 4198.536842666087
93.5211983228957 3756.8491626018736
93.55108354308857 2644.642253324199
93.58096876328143 1422.387238732898
93.61085398347429 694.5346616267726
93.64073920366717 844.1474358732438
93.67062442386002 1880.9077493462848
93.70050964405289 3398.9075544742614
93.73039486424577 4662.703324327932
93.7602800844386 4925.213799184613
93.79016530463149 3901.903720782904
93.82005052482435 2063.368649333837
93.8499357450172 467.5850421637601
93.87982096521009 131.80737705969875
93.90970618540292 1332.6547790516167
93.9395914055958 3393.955683414288
93.96947662578867 5113.71661877466
93.99936184598154 5534.278688858153
94.0292470661744 4561.781372758007
94.05913228636727 2907.9816029491303
94.08901750656013 1436.4479309297024
94.11890272675299 606.4149922912186
94.14878794694586 372.48205642515046
94.17867316713873 413.05724309307914
94.2085583873316 441.7112166850193
94.23844360752446 364.1066784870071
94.26832882771731 237.94768128299765
94.29821404791021 161.5225293834099
94.32809926810305 190.41682135879873
94.35798448829593 305.86501934193893
94.38786970848878 431.6381542410981
94.41775492868163 509.0854868177845
94.44764014887453 543.6473153825649
94.47752536906738 558.9945460388751
94.50741058926025 561.4227117480673
94.53729580945308 508.29342268725287
94.56718102964595 338.2577114871886
94.59706624983885 177.2228798181514
94.62695147003168 397.9975094241412
94.65683669022457 1319.5049786338557
94.68672191041745 2832.8746230226902
94.71660713061029 4249.666561149335
94.74649235080317 4668.271491605734
94.776377570996 3729.5993037202006
94.80626279118889 1970.1928662221624
94.83614801138177 468.48893408304974
94.86603323157459 178.68728869735247
94.89591845176749 1324.7392790159183
94.92580367196035 3268.562769894248
94.95568889215322 4988.476292712792
94.98557411234609 5695.603996233385
95.01545933253891 5168.454942780154
95.0453445527318 3741.771923420223
95.07522977292467 2045.078588926469
95.10511499311754 719.2389776570881
95.1350002133104 235.91078716829344
95.16488543350329 742.8491644471421
95.19477065369614 1956.4894934071328
95.22465587388899 3239.3147208289215
95.25454109408186 3884.7055811777136
95.28442631427473 3497.6169022897298
95.3143115344676 2269.0425033827514
95.34419675466044 920.1431165084857
95.37408197485331 284.66779878729415
95.4039671950462 791.2028456761667
95.43385241523906 2190.367329535059
95.46373763543193 3709.382537303232
95.49362285562476 4555.750673181528
95.52350807581763 4419.01058579063
95.55339329601053 3587.218129979374
95.58327851620336 2654.6908172049198
95.61316373639625 2105.981939516264
95.64304895658913 2044.949141475486
95.67293417678195 2217.576796338697
95.70281939697485 2276.463861763601
95.73270461716768 2036.2064929737685
95.76258983736057 1544.6010684529012
95.79247505755345 995.0718390322562
95.82236027774627 581.4690120440873
95.85224549793917 395.7549354889988
95.88213071813203 420.36402965110767
95.91201593832488 582.7117634395893
95.94190115851777 806.1096153442912
95.97178637871059 1017.1328039387196
96.00167159890349 1127.7391479694832
96.03155681909635 1059.3011611367172
96.06144203928922 819.317166447237
96.09132725948209 533.9787273690182
96.12121247967497 365.9864293378619
96.1510976998678 380.7545130913276
96.18098292006067 494.7124856137227
96.21086814025354 577.9123251343617
96.2407533604464 624.3412880610236
96.27063858063929 804.4146358365145
96.30052380083212 1319.5949413502487
96.33040902102499 2191.8577587034342
96.36029424121789 3201.6617024398897
96.39017946141072 4036.2680169177543
96.4200646816036 4501.02597903236
96.44994990179644 4604.43337658268
96.47983512198931 4463.234402545662
96.5097203421822 4147.925228983906
96.53960556237504 3631.194701748345
96.56949078256793 2866.5492775065695
96.59937600276076 1895.2643812063277
96.62926122295363 901.7453650472656
96.65914644314653 199.30418355345697
96.68903166333936 111.19414924122815
96.71891688353224 744.2029456830242
96.74880210372513 1809.9574273605112
96.77868732391795 2700.638071295793
96.80857254411085 2842.749261153123
96.83845776430368 2110.4584872741384
96.86834298449656 979.3713436683684
96.89822820468945 237.99270370197553
96.92811342488227 406.86226731733893
96.95799864507516 1326.4384948226464
96.98788386526803 2301.314951907348
97.0177690854609 2671.861908020907
97.04765430565377 2276.539541666473
97.07753952584659 1443.518103844112
97.10742474603948 641.8992236782674
97.13730996623235 162.55200127097268
97.1671951864252 47.70077337128813
97.19708040661808 214.5720413767066
97.22696562681097 581.213708729072
97.2568508470038 1071.2385186927443
97.28673606719667 1549.6723908933727
97.31662128738952 1818.1451471892688
97.3465065075824 1707.708313052765
97.37639172777529 1204.2557907972769
97.40627694796812 523.0096792323201
97.43616216816099 59.54357674134536
97.46604738835389 182.0321912775322
97.49593260854672 949.7046467731348
97.5258178287396 1961.880553227308
97.55570304893244 2531.033543504784
97.58558826912531 2178.3343773294328
97.6154734893182 1105.5677628848914
97.64535870951104 166.1111751507796
97.67524392970392 271.84881844463
97.7051291498968 1705.7817533759944
97.73501437008963 3874.3866523622737
97.76489959028252 5686.586554455678
97.79478481047536 6284.33773448478
97.82467003066824 5550.62013781426
97.85455525086113 4025.359620442196
97.88444047105395 2429.222656477563
97.91432569124684 1253.5363419331777
97.94421091143971 637.0181796075375
97.97409613163256 462.2534917945149
98.00398135182544 515.9545036201512
98.03386657201827 602.5723320267945
98.06375179221116 592.2595398054056
98.09363701240403 439.9928034605173
98.12352223259688 200.2385789292657
98.15340745278976 25.698922822407948
98.18329267298265 119.66274808991317
98.21317789317548 626.2778946347692
98.24306311336835 1499.9420298911423
98.2729483335612 2450.0492708903166
98.30283355375408 3047.5334762156112
98.33271877394697 2982.416811987832
98.3626039941398 2308.1843382979127
98.39248921433267 1441.2849205920709
98.42237443452552 855.7534039830413
98.4522596547184 718.9622302103737
98.48214487491128 808.4504882576903
98.51203009510412 781.869982278942
98.54191531529699 528.7373125067566
98.57180053548988 271.8693964128407
98.60168575568272 340.538650142234
98.6315709758756 848.4693932886673
98.66145619606844 1581.5692731183728
98.69134141626131 2174.88075728438
98.7212266364542 2382.7129350393798
98.75111185664704 2196.9921054467395
98.78099707683992 1767.5829850554235
98.8108822970328 1266.856553258153
98.84076751722563 821.2258785997498
98.87065273741852 510.688610782135
98.90053795761136 377.47265138559106
98.93042317780424 411.68885035203607
98.96030839799712 541.1183912639509
98.99019361818995 662.2011632847804
99.02007883838284 700.1784865156123
99.04996405857571 654.4151756422391
99.07984927876856 601.2567920712463
99.10973449896144 654.028716917293
99.13961971915427 896.3831647962301
99.16950493934716 1319.0799629266867
99.19939015954003 1797.638779379179
99.22927537973288 2139.3573688544407
99.25916059992576 2191.136274156965
99.28904582011864 1938.343420647072
99.31893104031148 1507.6539562569844
99.34881626050435 1069.9007261251127
99.3787014806972 738.0750373326409
99.40858670089008 541.5835065683106
99.43847192108296 460.3250261076851
99.4683571412758 452.4491360156151
99.49824236146867 454.207984719784
99.52812758166156 394.9860715763221
99.5580128018544 257.2091690507431
99.58789802204728 127.90633958441973
99.61778324224012 151.90341188865543
99.64766846243299 382.2548625393805
99.67755368262588 670.9919915458937
99.70743890281872 761.0043032933717
99.7373241230116 536.7859402335359
99.76720934320448 190.65894613020149
99.79709456339731 103.03538989783404
99.82697978359019 492.8751650011617
99.85686500378304 1156.5140850235412
99.88675022397592 1592.231818240812
99.9166354441688 1435.7509410547864
99.94652066436163 798.5207653938307
99.97640588455452 188.70900850576328
100.0062911047474 84.60823256969793
100.03617632494024 536.3135761159668
100.0660615451331 1146.4836966160199
100.09594676532596 1436.827100885158
100.12583198551884 1240.5396236325848
100.15571720571172 765.1636466045662
100.18560242590456 340.5515880269569
100.21548764609744 146.01944918822736
100.24537286629028 136.9594475629192
100.27525808648316 164.52180121448507
100.30514330667602 134.8423503944298
100.33502852686888 61.00906621736026
100.36491374706176 7.656501115627988
100.39479896725462 27.92122423287583
100.42468418744748 132.2754152413964
100.45456940764036 272.59928211310023
100.4844546278332 356.51834631100513
100.51433984802608 316.21094324834394
100.54422506821894 196.61121176941109
100.5741102884118 164.12250304379006
100.60399550860468 368.77745155477743
100.63388072879754 755.1571057822495
100.6637659489904 1043.080754431904
100.69365116918328 964.7385063603169
100.72353638937612 556.6415078870187
100.753421609569 200.9084595534385
100.78330682976186 314.89509305072863
100.81319204995472 951.030484994653
100.8430772701476 1714.6440089592115
100.87296249034046 2089.00637302351
100.90284771053332 1850.1394338802288
100.93273293072617 1211.098144309725
100.96261815091904 607.0321896903508
100.99250337111192 356.5038863073899
101.02238859130478 511.0861865231332
101.05227381149764 941.1557807501779
101.08215903169052 1463.5669513490495
101.11204425188338 1884.944754797663
101.14192947207624 2023.1945949165624
101.1718146922691 1787.6965880945825
101.20169991246196 1264.8841524707557
101.23158513265484 689.1463224077381
101.2614703528477 279.4028070545969
101.29135557304056 91.79151724383996
101.32124079323344 53.428111875607925
101.3511260134263 125.90400373310725
101.38101123361916 375.8192259913717
101.41089645381201 850.4255294389712
101.44078167400488 1417.1222608402363
101.47066689419776 1788.8813850766649
101.50055211439062 1742.6135188814271
101.53043733458348 1307.4591609781855
101.56032255477636 725.16171840867
101.59020777496922 247.56392959719204
101.62009299516208 15.936865325728952
101.64997821535493 115.37673479560009
101.6798634355478 636.1553459677074
101.70974865574068 1577.424406457283
101.73963387593354 2687.450086521124
101.7695190961264 3488.319304674244
101.79940431631928 3565.890520363954
101.82928953651214 2910.779007503653
101.859174756705 1966.2399766302876
101.88905997689785 1265.0382039924812
101.91894519709072 999.0350555441618
101.9488304172836 956.8415232930595
101.97871563747645 823.8572232454742
102.00860085766932 499.30661964978935
102.0384860778622 151.17988281679112
102.06837129805506 5.062334108986054
102.09825651824792 127.4132445572082
102.12814173844077 428.8577739863292
102.15802695863364 810.0293375368269
102.18791217882652 1231.7828638574233
102.21779739901937 1645.5598183488344
102.24768261921224 1915.5861945553283
102.27756783940512 1875.3705116202625
102.30745305959796 1494.3770073235423
102.33733827979084 971.2083888484718
102.3672234999837 612.42904631586
102.39710872017656 598.2013602644787
102.42699394036944 856.827386882955
102.4568791605623 1132.7024859665382
102.48676438075516 1184.0066261728716
102.51664960094804 966.6998269262234
102.54653482114088 652.1443498275049
102.57642004133376 473.62331136117933
102.60630526152661 545.1521387022788
102.63619048171948 787.94398325376
102.66607570191236 1002.7158695050312
102.69596092210521 1016.0768176622767
102.72584614229808 794.044863514548
102.75573136249093 456.52932812007134
102.7856165826838 185.0838539998358
102.81550180287668 97.1672033342848
102.84538702306953 188.3029386151453
102.8752722432624 363.03711830519126
102.90515746345528 505.7100511036831
102.93504268364813 546.6725249303961
102.964927903841 494.08075645849857
102.99481312403385 413.47016792018934
103.02469834422672 373.01240637405033
103.0545835644196 397.782862229936
103.08446878461245 458.7806081460676
103.11435400480532 497.2368592567971
103.1442392249982 469.7209133574965
103.17412444519105 380.0777532109025
103.20400966538392 268.7266283036089
103.23389488557677 174.7137004610017
103.26378010576964 114.75051093049404
103.29366532596252 98.23095756139551
103.32355054615537 153.24838225494275
103.35343576634824 325.5639416926674
103.38332098654112 641.7661656209459
103.41320620673397 1073.5362600018132
103.44309142692684 1545.9966246659592
103.4729766471197 1971.7749316318516
103.50286186731256 2266.097644284623
103.53274708750544 2360.1596779083025
103.5626323076983 2228.2764253536134
103.59251752789116 1894.9156336281487
103.62240274808404 1431.3634257002122
103.6522879682769 954.8388572590729
103.68217318846976 579.0032606816368
103.71205840866261 339.1293175254707
103.74194362885548 197.38988343721152
103.77182884904836 125.22056216211519
103.80171406924121 156.57036777486323
103.83159928943408 353.8522370492958
103.86148450962696 719.9506181251281
103.89136972981981 1144.1546359500765
103.92125495001268 1448.082370144232
103.95114017020553 1500.4259369666468
103.9810253903984 1298.1004808797923
104.01091061059128 950.593503810029
104.04079583078413 601.4921925095782
104.070681050977 360.63517074634046
104.10056627116988 278.940925554518
104.13045149136272 346.54706097715354
104.1603367115556 489.0360959344729
104.19022193174845 580.4639289941258
104.22010715194132 512.0592385787481
104.2499923721342 289.15947741766405
104.27987759232705 69.68255054890375
104.30976281251992 97.63688643731129
104.3396480327128 557.7878968679285
104.36953325290564 1429.7996247856477
104.39941847309852 2458.175455726516
104.42930369329137 3287.6503686425667
104.45918891348424 3643.5865355253136
104.48907413367712 3428.3358778743946
104.51895935386997 2742.976185182561
104.54884457406284 1836.6866974930329
104.57872979425572 982.4413432605571
104.60861501444856 390.00282375014496
104.63850023464144 191.37539123859747
104.6683854548343 407.9037534400968
104.69827067502716 918.5222820393896
104.72815589522004 1511.6924369121737
104.7580411154129 1985.397601945284
104.78792633560576 2240.075308980625
104.81781155579861 2350.2775634259624
104.84769677599148 2541.1955515310033
104.87758199618436 3024.928096466609
104.90746721637721 3823.922106357288
104.93735243657008 4730.075650111617
104.96723765676296 5390.66937263698
104.99712287695581 5461.835154765008
105.02700809714868 4801.615598369268
105.05689331734153 3593.495356543648
105.0867785375344 2257.246739265546
105.11666375772728 1194.3829915835768
105.14654897792013 587.2529442961296
105.176434198113 382.4608023927474
105.20631941830588 409.66104204282334
105.23620463849873 515.5969278048385
105.2660898586916 627.439878536206
105.29597507888445 741.3663113617341
105.32586029907732 881.8379091361988
105.3557455192702 1063.2159459436127
105.38563073946305 1263.679212645648
105.41551595965592 1422.7205974280798
105.4454011798488 1473.4923532360804
105.47528640004165 1397.6129743340225
105.50517162023452 1250.1183180609453
105.53505684042737 1103.6412268442634
105.56494206062024 961.9552279139651
105.59482728081312 770.6880147526801
105.62471250100597 546.0529153625948
105.65459772119884 483.2056463032972
105.68448294139172 875.387971865113
105.71436816158457 1837.5094069098511
105.74425338177744 3080.6931573544502
105.7741386019703 3986.7065304366097
105.80402382216316 3992.7865945483463
105.83390904235604 3038.8928684208036
105.8637942625489 1653.9991141907208
105.89367948274176 547.287096094895
105.92356470293464 102.21900554428095
105.95344992312748 185.70591663528143
105.98333514332036 368.864494712386
106.01322036351323 344.25912846740954
106.04310558370608 150.27019312313607
106.07299080389896 46.4799973045985
106.10287602409181 208.63823921402795
106.13276124428468 544.0060544326553
106.16264646447756 795.244860976955
106.1925316846704 765.0495943956787
106.22241690486328 471.3213510098632
106.25230212505615 150.630626154387
106.282187345249 43.458369447828765
106.31207256544188 181.11411427050777
106.34195778563473 422.620691675088
106.3718430058276 626.4724310122593
106.40172822602048 777.9102608595275
106.43161344621332 990.9795706315173
106.4614986664062 1375.415834849772
106.49138388659907 1905.2365064282185
106.52126910679192 2435.0483214064125
106.5511543269848 2823.10919987957
106.58103954717765 2988.6903938381365
106.61092476737052 2876.7502355759048
106.64080998756339 2453.1325073438547
106.67069520775624 1770.854724309597
106.70058042794912 1080.79501328758
106.73046564814199 856.7035505320063
106.76035086833484 1567.504232150368
106.79023608852772 3312.7701693826875
106.82012130872057 5625.377809533973
106.85000652891344 7664.891080628144
106.8798917491063 8729.316072894979
106.90977696929916 8620.206388014798
106.93966218949204 7583.954691809695
106.9695474096849 6048.759089440673
106.99943262987776 4387.323310101168
107.02931785007064 2812.12438010478
107.0592030702635 1464.079873705728
107.08908829045636 526.2633879328689
107.11897351064923 164.8796010546876
107.14885873084208 372.4965429909694
107.17874395103496 884.6027237993802
107.20862917122783 1264.4145292763503
107.23851439142068 1167.4265379683286
107.26839961161356 627.5811663064408
107.29828483180643 107.70281707809772
107.32817005199928 232.07248698558493
107.35805527219215 1364.1919619645807
107.387940492385 3292.5941812509905
107.41782571257788 5247.65045322827
107.44771093277075 6289.829828980476
107.4775961529636 5861.64760719942
107.50748137315648 4157.087705442178
107.53736659334935 2036.5584532441064
107.5672518135422 538.0393243545361
107.59713703373507 336.0123985246773
107.62702225392792 1443.3568852577212
107.6569074741208 3252.2510269339273
107.68679269431367 4887.644822957421
107.71667791450652 5676.008389613242
107.7465631346994 5429.025420118708
107.77644835489227 4412.216224652377
107.80633357508512 3104.814341116107
107.83621879527799 1926.4972473403884
107.86610401547084 1076.5105936551336
107.89598923566372 553.3592565107033
107.92587445585659 273.9466052137181
107.95575967604944 150.93147725432596
107.98564489624232 107.66248472066368
108.01553011643516 92.41581103054163
108.04541533662804 96.13609218348752
108.0753005568209 135.1576516992323
108.10518577701376 199.82656280290325
108.13507099720664 231.0603021699363
108.1649562173995 180.31614716172268
108.19484143759236 108.73228386552417
108.22472665778524 201.41567991403727
108.25461187797808 624.5045280475633
108.28449709817096 1328.0332027690329
108.31438231836383 2010.2944922038148
108.34426753855668 2309.7610331184433
108.37415275874956 2059.3515077637617
108.40403797894243 1403.5670850220822
108.43392319913528 688.7566531016892
108.46380841932816 208.47611582886125
108.493693639521 28.23347153256831
108.52357885971388 19.777455191698376
108.55346407990675 26.308829168159996
108.5833493000996 22.703607911463337
108.61323452029248 176.97849275668867
108.64311974048535 761.7836528569712
108.6730049606782 1930.770749122646
108.70289018087107 3487.068051453555
108.73277540106392 4854.861034585196
108.7626606212568 5366.68091456263
108.79254584144967 4725.991570665155
108.82243106164252 3314.7424701254854
108.8523162818354 2042.269608248264
108.88220150202827 1730.5456303191422
108.91208672222112 2478.6639635174456
108.94197194241399 3597.561604072225
108.97185716260684 4197.494925880401
109.00174238279972 3855.2002556493007
109.03162760299259 2821.123069224496
109.06151282318544 1734.9069724303608
109.09139804337832 1131.9929410477732
109.12128326357119 1098.8712056060788
109.15116848376404 1322.1831795844512
109.1810537039569 1424.8453563202959
109.21093892414976 1243.2570148174811
109.24082414434264 858.7380540634196
109.2707093645355 461.8713672977424
109.30059458472836 200.80212670077847
109.33047980492124 105.75078184698079
109.3603650251141 111.14707758344588
109.39025024530696 131.12191080297123
109.42013546549983 121.32354826582886
109.45002068569268 91.3806137128699
109.47990590588556 70.28191193593483
109.50979112607843 61.76286754503565
109.53967634627128 42.76991623767197
109.56956156646416 16.147613612017015
109.59944678665703 61.49567699028697
109.62933200684988 315.74845448512207
109.65921722704275 874.9329722366355
109.6891024472356 1692.224168652982
109.71898766742848 2571.439301935612
109.74887288762135 3266.351294611075
109.7787581078142 3599.620381660769
109.80864332800708 3532.6727968399223
109.83852854819992 3171.1415239765
109.8684137683928 2703.1436932453244
109.89829898858567 2296.340349605018
109.92818420877852 2019.0450445344356
109.9580694289714 1829.5431922730463
109.98795464916427 1622.3491851285085
110.01783986935712 1306.1221081391204
110.04772508955 893.6244868885686
110.07761030974284 536.0294240114905
110.10749552993572 423.3477004147187
110.13738075012859 614.7791621615044
110.16726597032144 957.5436982789763
110.19715119051432 1171.7531664457288
110.22703641070719 1077.0124463205627
110.25692163090004 786.9530191856662
110.28680685109292 627.4097303099874
110.31669207128576 823.7674813027761
110.34657729147864 1271.9211859086267
110.3764625116715 1597.8458769928807
110.40634773186436 1474.8960612634255
110.43623295205724 937.2344636064746
110.4661181722501 371.3481613277473
110.49600339244296 184.1638816311601
110.52588861263582 467.2866917362304
110.55577383282868 950.1153684897728
110.58565905302156 1256.2779916015545
110.61554427321443 1202.2602301664213
110.64542949340728 875.5213321122399
110.67531471360016 494.5600950354964
110.70519993379303 237.99563680644007
110.73508515398588 160.64098874373394
110.76497037417874 198.61153848489587
110.7948555943716 240.78188666871665
110.82474081456448 217.72713076266328
110.85462603475735 149.659891341895
110.8845112549502 127.96371242725743
110.91439647514308 223.9798278536743
110.94428169533595 384.9564930394354
110.9741669155288 454.89816503324886
111.00405213572166 346.6254598078236
111.03393735591452 188.6492149595932
111.0638225761074 261.03192108848606
111.09370779630027 718.2950401997433
111.12359301649312 1351.1225820670443
111.153478236686 1705.4107904690177
111.18336345687887 1489.4343531678367
111.21324867707172 841.0680962606798
111.24313389726458 214.1872725678957
111.27301911745744 5.63255126858387
111.30290433765032 255.40653763761543
111.33278955784318 709.6658487078887
111.36267477803604 1127.2801084929895
111.39255999822892 1431.3057408292389
111.42244521842179 1599.8505528987812
111.45233043861464 1551.0270517608276
111.4822156588075 1207.2665942590395
111.51210087900036 649.6878896776633
111.54198609919324 154.72164782417002
111.5718713193861 6.62017354057961
111.60175653957896 235.06266932160483
111.63164175977184 577.9881863543133
111.6615269799647 728.7903410008483
111.69141220015756 595.0321313314414
111.72129742035042 320.54215881773234
111.75118264054328 100.44729497237856
111.78106786073616 10.965428341316876
111.81095308092902 7.8061266203151005
111.84083830112188 27.849513488887293
111.87072352131476 44.20583647195473
111.9006087415076 45.20764995323637
111.93049396170048 22.487537523061103
111.96037918189334 8.515437287478182
111.9902644020862 95.17760908268845
112.02014962227908 363.53885608651376
112.05003484247194 774.0442360221906
112.0799200626648 1152.2269765368778
112.10980528285768 1315.200945140719
112.13969050305052 1217.656550844639
112.1695757232434 977.7215029263368
112.19946094343626 777.836158272141
112.22934616362912 744.7069708131123
112.259231383822 895.196480516823
112.28911660401486 1149.827204943959
112.31900182420772 1375.0944230004616
112.34888704440058 1442.1108288651694
112.37877226459344 1300.273004498408
112.40865748478632 1016.5295635751336
112.43854270497918 722.0620295223691
112.46842792517204 506.20433546797375
112.49831314536492 366.91541025862847
112.52819836555778 271.5595369834268
112.55808358575064 260.6162425622988
112.5879688059435 442.3235865575155
112.61785402613636 839.2640419488075
112.64773924632924 1272.844749048537
112.6776244665221 1455.6664295170403
112.70750968671496 1233.3065638572782
112.73739490690784 748.262856594722
112.7672801271007 321.8236029606616
112.79716534729356 150.60649859342115
112.82705056748642 162.59631216324124
112.85693578767928 168.44165613329372
112.88682100787216 104.92185194943193
112.91670622806502 105.2714492773634
112.94659144825788 327.47378515915534
112.97647666845076 742.2530165960094
113.00636188864362 1122.7455380202853
113.03624710883648 1237.2687811106512
113.06613232902934 1040.8809625604083
113.0960175492222 687.7738989561553
113.12590276941508 383.88533295920814
113.15578798960794 241.46323186727713
113.1856732098008 243.00228753518093
113.21555842999368 295.2118285948485
113.24544365018654 304.9924692811954
113.2753288703794 237.58505448169177
113.30521409057226 136.5197004638138
113.33509931076512 81.51184565572451
113.364984530958 106.11335037859985
113.39486975115086 157.20619338949996
113.42475497134372 149.92676554721126
113.4546401915366 70.92311324156343
113.48452541172946 12.869524471368642
113.51441063192232 78.05625215847904
113.54429585211518 247.17810413391436
113.57418107230804 377.25986321217766
113.60406629250092 348.97877010194543
113.63395151269378 203.15196659600377
113.66383673288664 110.20228633559452
113.69372195307952 196.3109629776575
113.72360717327236 412.6743798859674
113.75349239346524 592.1791243059605
113.7833776136581 623.4555370597349
113.81326283385096 541.3030758401721
113.84314805404384 448.58713252807536
113.8730332742367 394.6555730199512
113.90291849442956 360.03477273374745
113.93280371462244 330.8830043878383
113.96268893481528 335.10753259389577
113.99257415500816 388.2646055808125
114.02245937520102 442.1485787862423
114.05234459539388 428.96092224177374
114.08222981558676 351.925539167904
114.11211503577962 302.20882536778674
114.14200025597248 358.6365185934226
114.17188547616536 471.4685717451836
114.2017706963582 491.3976573428596
114.23165591655108 344.37741994336653
114.26154113674394 154.7644700833362
114.2914263569368 162.72579932699836
114.32131157712968 505.7056374797956
114.35119679732254 1084.181394290184
114.3810820175154 1646.6619037053767
114.41096723770826 1998.0923577940812
114.44085245790112 2119.849247491252
114.470737678094 2103.014576453598
114.50062289828686 2006.6272842051976
114.53050811847972 1814.8894767111776
114.5603933386726 1510.7082007118884
114.59027855886546 1146.0304602104109
114.62016377905832 828.194779656138
114.65004899925118 637.3165647814835
114.67993421944404 552.1313024415946
114.70981943963692 469.6187066318032
114.73970465982978 316.0374658862047
114.76958988002264 138.1065757653498
114.79947510021552 71.80473927564239
114.82936032040838 208.32066998976063
114.85924554060124 487.16830095158497
114.8891307607941 724.60919189966
114.91901598098696 752.4305596770413
114.94890120117984 550.5368448228483
114.9787864213727 260.7762819091879
115.00867164156556 59.2839371043933
115.03855686175844 10.697018897171255
115.0684420819513 48.61848852279257
115.09832730214416 76.92120563075214
115.12821252233702 71.05105314017904
115.15809774252988 77.7881289757438
115.18798296272276 131.31116192021793
115.21786818291562 197.96591211522568
115.24775340310848 211.2888779713992
115.27763862330136 148.10225098349497
115.30752384349422 58.176439354954006
115.33740906368708 16.386367238022228
115.36729428387994 56.53949561232251
115.3971795040728 157.36481056418202
115.42706472426568 280.5281485252572
115.45694994445854 412.8913599992089
115.4868351646514 578.0936388348683
115.51672038484428 817.2225876865234
115.54660560503712 1152.7892336653788
115.57649082523 1547.6383976082127
115.60637604542286 1882.3810489079913
115.63626126561572 1991.1797618949056
115.6661464858086 1768.9008314623386
115.69603170600146 1281.553697104972
115.72591692619432 756.9013615694818
115.7558021463872 419.54132847905
115.78568736658004 314.1347418274251
115.81557258677292 297.98120289494466
115.84545780696578 212.7211167935924
115.87534302715864 61.650944978957
115.90522824735152 5.756617208015371
115.93511346754438 177.4387772277177
115.96499868773724 517.5604074831244
115.99488390793012 814.1204618108482
116.02476912812295 891.984155421193
116.05465434831584 752.2148042452502
116.0845395685087 535.2573899784666
116.11442478870156 374.78552297705903
116.14431000889444 301.83197716920154
116.1741952290873 270.97349664854505
116.20408044928016 243.0355041800188
116.23396566947302 224.22461963770004
116.26385088966587 239.97184868599743
116.29373610985876 300.1840197750858
116.32362133005162 396.5574425613606
116.35350655024448 509.82927866527535
116.38339177043736 598.8164210813334
116.41327699063022 597.3639121514765
116.44316221082308 460.77577375780015
116.47304743101594 232.1303769355516
116.5029326512088 44.24777571199489
116.53281787140168 21.05501608704836
116.56270309159454 154.8021391391019
116.5925883117874 298.2599548948361
116.62247353198028 302.47624863276855
116.65235875217314 162.81823250580496
116.682243972366 24.432179934254645
116.71212919255886 33.80095421943454
116.74201441275171 184.95957369203268
116.7718996329446 323.7790048239256
116.80178485313746 307.2630514344195
116.83167007333032 168.5762868510763
116.8615552935232 113.52592315046404
116.89144051371606 325.0544833740135
116.92132573390892 772.3304325500292
116.95121095410178 1201.8136490875663
116.98109617429463 1319.8394354301142
117.01098139448752 1035.4941363272371
117.04086661468038 543.5310415015682
117.07075183487323 165.69394008576035
117.10063705506612 105.4902946361694
117.13052227525898 312.7365215263297
117.16040749545184 556.2375531121078
117.1902927156447 632.3580593923537
117.22017793583755 507.3035797409879
117.25006315603044 288.2145063601937
117.2799483762233 103.87777392968717
117.30983359641615 23.62827808101618
117.33971881660904 64.53869005452765
117.3696040368019 232.57972936551252
117.39948925699476 512.2399441212813
117.42937447718762 820.3640426493295
117.45925969738047 1020.8055850090568
117.48914491757336 1012.90670983961
117.51903013776622 811.2805539071985
117.54891535795907 542.2500129728057
117.57880057815196 349.176071879648
117.6086857983448 288.12445045495707
117.63857101853768 311.18798061823406
117.66845623873054 339.2923434028622
117.6983414589234 333.4509218764488
117.72822667911628 295.84149516565776
117.75811189930914 234.51966040233583
117.787997119502 152.5690560877328
117.81788233969488 63.54798881680875
117.84776755988771 5.144593031669169
117.8776527800806 20.09997521045601
117.90753800027346 106.1200895312018
117.93742322046631 205.3573436440936
117.9673084406592 254.87428649726783
117.99719366085206 226.7239959402225
118.02707888104491 140.16380781232564
118.05696410123778 59.940972610825234
118.08684932143063 56.05472792070932
118.11673454162352 152.51476892209976
118.14661976181638 325.48817073986606
118.17650498200923 523.2859171925377
118.20639020220212 680.3340813109093
118.23627542239498 741.7082631531923
118.26616064258783 690.7896147584929
118.2960458627807 546.7850971381588
118.32593108297355 338.6037387160378
118.35581630316643 118.53661908057111
118.3857015233593 2.6710113184819715
118.41558674355215 139.85001744039738
118.44547196374504 599.1074912950337
118.4753571839379 1263.4256314943784
118.50524240413075 1842.4563832956665
118.53512762432362 2058.1116198074246
118.56501284451647 1843.9095392958488
118.59489806470935 1350.0275989151824
118.62478328490222 797.2667408927023
118.65466850509507 352.3984627164376
118.68455372528796 111.46278023295687
118.71443894548082 152.9732906636011
118.74432416567367 528.2776197340985
118.77420938586654 1148.3592015795125
118.8040946060594 1711.5441968985308
118.83397982625227 1836.8610410711492
118.86386504644514 1372.0896278865043
118.893750266638 594.5714862961138
118.92363548683088 62.841570079212254
118.95352070702374 205.9686747154412
118.9834059272166 991.6135340555476
119.01329114740946 1967.6821888992156
119.04317636760231 2619.990788935379
119.0730615877952 2712.2875363688404
119.10294680798806 2365.769849922824
119.13283202818091 1863.841085668136
119.1627172483738 1397.4267205990718
119.19260246856666 1004.665696192904
119.22248768875951 682.2090628567028
119.25237290895238 472.9472409095067
119.28225812914523 440.57353708699327
119.31214334933811 584.7761375308284
119.34202856953098 808.9720625319901
119.37191378972383 979.8457799707011
119.40179900991672 1013.6918317422572
119.43168423010955 916.3916127367597
119.46156945030243 755.7236655144294
119.4914546704953 603.3069748256352
119.52133989068815 498.9261153600194
119.55122511088103 448.5614759705136
119.5811103310739 436.4956204733677
119.61099555126675 439.29525598207607
119.64088077145963 441.9399437742199
119.67076599165247 453.1851662665569
119.70065121184535 508.2999252588308
119.73053643203822 649.0320822150658
119.76042165223107 886.305996985428
119.79030687242395 1170.191235561286
119.82019209261682 1396.6966532689164
119.85007731280967 1460.174533573873
119.87996253300255 1323.1856389361833
119.9098477531954 1053.1803527527352
119.93973297338827 789.9103246126851
119.96961819358114 657.6362109931833
119.999503413774 682.1108000644501
120.02938863396687 772.9719875099513
120.05927385415974 793.7755911167245
120.0891590743526 672.1399659360736
120.11904429454546 452.1380531407749
120.14892951473831 242.78447766579328
120.1788147349312 121.73024646628816
120.20869995512406 90.26766974758712
120.23858517531691 109.86907254628272
120.2684703955098 160.00676767251832
120.29835561570266 244.165808392976
120.32824083589551 342.0696043430864
120.35812605608838 383.70363745455546
120.38801127628123 306.3713573801354
120.41789649647411 144.31851615443637
120.44778171666698 37.20864087687668
120.47766693685983 120.80667416976647
120.50755215705271 395.6049389547562
120.53743737724558 710.5982025584551
120.56732259743843 889.4669703642811
120.5972078176313 877.6474051344588
120.62709303782415 767.8802035364117
120.65697825801703 692.3299787566086
120.6868634782099 705.5501650480269
120.71674869840275 770.8818180499751
120.74663391859563 829.7595891438604
120.7765191387885 852.9415257926519
120.80640435898135 833.1291734906205
120.83628957917422 765.313625610604
120.86617479936707 654.8596055260033
120.89606001955995 532.6853011212183
120.92594523975282 436.17565222859935
120.95583045994567 367.7466583004616
120.98571568013855 295.90329225449926
121.01560090033142 216.4608409507096
121.04548612052427 194.89992852132053
121.07537134071714 312.36326503136405
121.10525656091 560.3171602952272
121.13514178110287 816.3086684903514
121.16502700129574 953.4715570809133
121.1949122214886 972.2784254489533
121.22479744168147 994.8499796153628
121.25468266187433 1113.3796622131615
121.2845678820672 1272.5680432238614
121.31445310226006 1342.8803181177852
121.34433832245293 1307.5472827716524
121.3742235426458 1322.714147409364
121.40410876283866 1543.7162410983872
121.43399398303151 1905.2505708729063
121.4638792032244 2121.775656047804
121.49376442341725 1930.4541547358187
121.52364964361011 1338.3102218522688
121.55353486380298 631.3455174101617
121.58342008399585 142.66459592192447
121.61330530418871 15.00153801406828
121.64319052438158 160.61497616241675
121.67307574457443 384.3722904225375
121.70296096476731 510.6478415086384
121.73284618496017 445.87796378887424
121.76273140515303 226.8155414206808
121.7926166253459 59.35255140122316
121.82250184553877 245.05883105017915
121.85238706573163 949.3675107296145
121.8822722859245 1970.576081900656
121.91215750611735 2779.9358842286974
121.9420427263102 2889.0315095551227
121.97192794650309 2233.3825090523987
122.00181316669595 1217.359471166104
122.03169838688882 390.483294918565
122.06158360708169 58.536212925258674
122.09146882727455 172.84673683311814
122.12135404746742 516.8274217649636
122.15123926766027 901.3454380325716
122.18112448785313 1182.2512756886235
122.211009708046 1218.1974709730569
122.24089492823887 938.8249560294717
122.27078014843174 466.4588731466204
122.3006653686246 94.38032163900205
122.33055058881747 52.46791618151451
122.36043580901034 264.28178320614234
122.3903210292032 409.03838538283367
122.42020624939605 285.83308223245155
122.45009146958893 79.71001927119326
122.4799766897818 208.80777858144984
122.50986190997466 891.3125616013593
122.53974713016753 1869.9806030745408
122.5696323503604 2575.785855626791
122.59951757055326 2587.4664698301
122.62940279074613 1958.3493564657692
122.65928801093897 1116.1610599546843
122.68917323113185 487.5914551921754
122.71905845132471 229.18121371038325
122.74894367151757 237.05482900925108
122.77882889171045 323.48614088259177
122.80871411190331 370.0064516178542
122.83859933209618 365.90146568592553
122.86848455228905 360.22816058736294
122.89836977248189 386.3868808333604
122.92825499267477 412.44642089642093
122.95814021286763 362.6096197500704
122.98802543306049 209.25898740589776
123.01791065325337 58.725234836244766
123.04779587344623 119.61219428512607
123.0776810936391 538.0654594700658
123.10756631383197 1235.0298657152764
123.1374515340248 1910.2623802161977
123.16733675421769 2245.6085918667704
123.19722197441055 2135.863633456257
123.2271071946034 1724.7793614943648
123.25699241479629 1247.7204685720649
123.28687763498915 877.424414472921
123.316762855182 693.1407905414953
123.34664807537489 727.3095943021933
123.37653329556773 980.347462910792
123.4064185157606 1374.0052827112793
123.43630373595347 1738.760304858641
123.46618895614633 1907.563980353888
123.4960741763392 1844.5557027920615
123.52595939653207 1663.9609884568806
123.55584461672493 1496.803118763236
123.5857298369178 1352.0776561928415
123.61561505711065 1134.2123355288045
123.64550027730353 791.8192852057161
123.6753854974964 425.7907338214612
123.70527071768925 220.4162102284472
123.73515593788213 260.8370051775711
123.765041158075 444.6735773782867
123.79492637826785 583.0142818732725
123.82481159846073 575.470819310863
123.85469681865357 484.0123106532026
123.88458203884645 450.78191908090486
123.91446725903933 558.8596769082052
123.94435247923217 763.9356953009808
123.97423769942505 936.8369776372934
124.00412291961788 961.6013020161398
124.03400813981077 805.442487175905
124.06389336000365 525.0520997025897
124.09377858019648 231.48685265937013
124.12366380038937 45.09067190423615
124.15354902058225 57.060165687217534
124.18343424077509 304.8255142957671
124.21331946096797 756.4188779617059
124.2432046811608 1299.6862144006773
124.27308990135369 1759.6018497899788
124.30297512154657 1962.1655983871235
124.3328603417394 1817.9854603655583
124.36274556193229 1384.4859393639563
124.39263078212517 852.8858603905219
124.422516002318 424.940230546059
124.45240122251089 182.3716356881185
124.48228644270372 84.91211820666747
124.5121716628966 62.92952241720087
124.54205688308949 92.92023138078163
124.57194210328232 197.01822555319663
124.6018273234752 373.54880924783504
124.63171254366809 550.6445966412776
124.66159776386093 632.997938690018
124.6914829840538 585.9409955480447
124.72136820424664 463.2253384317424
124.75125342443953 352.4394137122543
124.7811386446324 297.03840538474844
124.81102386482524 274.675082066212
124.84090908501813 241.2906083563205
124.870794305211 180.93134683918544
124.90067952540385 112.53885142719326
124.93056474559673 64.71923075881581
124.96044996578956 54.727898344577454
124.99033518598245 86.24834586677721
125.02022040617533 156.05967465193575
125.05010562636816 257.59036414908473
125.07999084656105 383.0151923861913
125.10987606675393 523.5771660790409
125.13976128694677 665.5567467600158
125.16964650713965 791.6691708285884
125.19953172733248 890.4971989677463
125.22941694752537 963.9497039088175
125.25930216771825 1022.562413730644
125.28918738791108 1064.7492655592027
125.31907260810397 1062.218024409597
125.34895782829685 983.0140627830381
125.37884304848968 836.6917306491932
125.40872826868257 685.0085908569581
125.4386134888754 595.9558398700756
125.46849870906829 590.5470499265763
125.49838392926117 649.0660522898676
125.528269149454 769.9055245738161
125.55815436964689 989.677900057296
125.58803958983977 1305.9654988097377
125.6179248100326 1583.9093016145866
125.64781003022549 1599.5415300264763
125.67769525041832 1238.140792683242
125.7075804706112 652.3815321473985
125.73746569080409 176.9894101771907
125.76735091099692 36.72632537653777
125.7972361311898 135.9160938814908
125.82712135138264 188.4299163883008
125.85700657157552 74.36415434352786
125.8868917917684 20.35118141933327
125.91677701196124 379.38262566832975
125.94666223215413 1216.639096767794
125.976547452347 2141.380088744504
126.00643267253984 2598.1385988655165
126.03631789273273 2335.954115040254
126.06620311292556 1592.2785744436555
126.09608833311844 850.1396516809876
126.12597355331133 438.412895718123
126.15585877350416 349.69060863680227
126.18574399369705 389.8726297652528
126.21562921388993 431.0876915932704
126.24551443408276 500.535619913354
126.27539965427565 677.391547532143
126.30528487446848 955.5769596312574
126.33517009466136 1214.795318590445
126.36505531485425 1301.0683395302108
126.39494053504708 1130.6420919326556
126.42482575523997 755.1303216181695
126.45471097543285 345.37657476822807
126.48459619562568 85.80113480527298
126.51448141581857 50.592637877816394
126.5443666360114 158.33361025235988
126.57425185620428 253.16318407364548
126.60413707639717 257.1834270701433
126.63402229659 242.95658999065384
126.66390751678288 331.9616975464561
126.69379273697577 527.2903457862137
126.7236779571686 680.0281969297176
126.75356317736149 628.5847289112622
126.78344839755432 370.7248698725508
126.8133336177472 94.4480919514364
126.84321883794009 13.51735047959322
126.87310405813292 183.6210644949826
126.9029892783258 493.7095035445108
126.93287449851869 784.4285362040957
126.96275971871152 942.997294196664
126.9926449389044 918.6443087838664
127.02253015909724 709.3167016149752
127.05241537929012 385.9766456555623
127.082300599483 115.47971285607638
127.11218581967584 80.28987669770457
127.14207103986872 313.9118610786732
127.1719562600616 630.3780213215385
127.20184148025444 769.0345061312547
127.23172670044733 635.4643180563862
127.26161192064016 389.11602022852696
127.29149714083304 267.8392708015701
127.32138236102593 338.18797243413246
127.35126758121876 455.55090881932176
127.38115280141164 452.1482255273335
127.41103802160453 317.5959559903586
127.44092324179736 183.20414754266065
127.47080846199025 153.7866182511884
127.50069368218308 196.9978820446772
127.53057890237596 210.87719631800695
127.56046412256885 164.55808412241504
127.59034934276168 131.21616974236323
127.62023456295456 182.0621621426463
127.6501197831474 285.0765279194701
127.68000500334028 334.7041011919796
127.70989022353316 270.12346439938443
127.739775443726 136.44006692436807
127.76966066391888 29.61080060723151
127.79954588411177 9.457500732073564
127.8294311043046 71.49752800605803
127.85931632449748 182.03806661397903
127.88920154469032 320.01034793023973
127.9190867648832 474.29558919970486
127.94897198507608 614.8487416154226
127.97885720526892 690.9497468196092
128.0087424254618 662.7269760776065
128.03862764565469 538.2282295688088
128.0685128658475 402.5586893847429
128.0983980860404 423.2302263177361
128.12828330623327 793.3678530154368
128.15816852642612 1599.464024658
128.188053746619 2682.0665256227708
128.21793896681183 3616.963154639443
128.2478241870047 3911.392339738805
128.2777094071976 3349.780919438536
128.30759462739044 2204.154924366608
128.33747984758332 1068.075951682287
128.36736506777615 452.0212995618137
128.39725028796903 481.38635592073297
128.4271355081619 883.2867934053363
128.45702072835476 1233.6316876310152
128.48690594854764 1260.8940455653287
128.51679116874047 983.0501908540223
128.54667638893335 627.1630537512317
128.57656160912623 426.5456747715377
128.6064468293191 457.480823279117
128.63633204951196 630.3969818690757
128.66621726970484 792.9450376519502
128.69610248989767 841.3857170921998
128.72598771009055 772.0356753272362
128.75587293028343 647.5516165192158
128.78575815047628 520.0689586831862
128.81564337066916 390.5979443838708
128.845528590862 246.73565419153272
128.87541381105487 124.4801079809192
128.90529903124775 87.28140195469393
128.9351842514406 132.11688083093838
128.96506947163348 170.8521208390798
128.9949546918263 153.71568526370106
129.0248399120192 209.2105097569116
129.05472513221207 599.294672119303
129.08461035240495 1440.2122127851997
129.1144955725978 2461.662564537221
129.14438079279063 3109.657715149656
129.1742660129835 2939.790001539655
129.2041512331764 2008.3690965313097
129.23403645336927 919.6933929361309
129.26392167356212 386.2774440354602
129.293806893755 674.6026293912622
129.32369211394783 1440.3564542197719
129.3535773341407 2045.1947478299876
129.3834625543336 2070.328565110036
129.41334777452644 1576.7980485603239
129.44323299471932 918.2849039780173
129.47311821491215 400.18077498946354
129.50300343510503 117.11261413821528
129.5328886552979 11.074101493723427
129.5627738754908 11.457243619118316
129.59265909568364 100.25064521084404
129.62254431587647 263.1927636913365
129.65242953606935 430.2025248436352
129.68231475626223 499.6508673950228
129.7121999764551 417.9070299211916
129.74208519664796 240.43248530706992
129.77197041684084 101.3470912680839
129.80185563703367 83.8629637885852
129.83174085722655 152.69188438636965
129.86162607741943 220.01253004443615
129.89151129761228 220.46541088868764
129.92139651780516 162.72032136287848
129.951281737998 130.3567477798884
129.98116695819087 174.14398730586
130.01105217838375 240.23018442329675
130.04093739857663 237.51041752526805
130.07082261876948 139.06977004977577
130.1007078389623 31.07027357268792
130.1305930591552 55.02379514172331
130.16047827934807 263.4551998958259
130.19036349954095 545.5973029339538
130.2202487197338 712.3689101183876
130.25013393992668 668.4587665746549
130.2800191601195 516.0896624152782
130.3099043803124 481.288977571966
130.33978960050527 729.9496349194847
130.36967482069812 1222.683498281886
130.399560040891 1713.6748745829404
130.42944526108383 1924.293956207469
130.4593304812767 1746.1961737052704
130.4892157014696 1284.0705794181877
130.51910092166244 764.5256664838028
130.54898614185532 424.5428804945928
130.57887136204815 415.6563214063834
130.60875658224103 753.1719720426995
130.6386418024339 1327.7990755811463
130.6685270226268 1952.7386351242535
130.69841224281964 2431.0353000854534
130.72829746301252 2624.4575804684623
130.75818268320535 2488.109828620952
130.78806790339823 2064.8065530417384
130.8179531235911 1460.3017441190811
130.84783834378396 819.7622997055776
130.87772356397684 306.30896254195056
130.90760878416967 53.35917649510358
130.93749400436255 98.47158066874614
130.96737922455543 356.3744898601992
130.99726444474828 656.1061787932413
131.02714966494116 825.3149933712986
131.057034885134 782.0646507733427
131.08692010532687 571.2220997463526
131.11680532551975 314.91060362381046
131.14669054571263 121.2347850043304
131.17657576590548 25.59476376582396
131.2064609860983 0.7670112263164146
131.2363462062912 5.275798535873848
131.26623142648407 15.855224052104411
131.29611664667695 28.21296614224785
131.3260018668698 47.23478395310364
131.35588708706268 83.68334976357818
131.3857723072555 150.4729629318954
131.4156575274484 246.9621900931377
131.44554274764127 342.4123709239496
131.47542796783412 384.7131320938548
131.505313188027 338.2711739922518
131.53519840821983 217.38312420781924
131.5650836284127 82.31634490185021
131.5949688486056 8.135887953039186
131.62485406879847 61.72475998569769
131.65473928899132 289.82815018510894
131.68462450918415 685.7687439248084
131.71450972937703 1147.2056685788518
131.7443949495699 1486.0156513431466
131.7742801697628 1515.4500501657064
131.80416538995564 1186.7181348789343
131.83405061014852 680.0782072346082
131.86393583034135 317.46796985358725
131.89382105053423 319.39240094971854
131.9237062707271 629.9215784663926
131.95359149091996 977.5069622562648
131.98347671111284 1108.236775444121
132.01336193130567 981.1160884656867
132.04324715149855 758.6928375214292
132.07313237169143 626.0126911853383
132.10301759188428 630.3544678416199
132.13290281207716 678.9402918478697
132.16278803227 655.9392767211926
132.19267325246287 525.7668499355616
132.22255847265575 339.2036937318123
132.25244369284863 169.4166578047997
132.28232891304148 57.671710582167535
132.31221413323436 8.346957805616968
132.3420993534272 10.051671696540083
132.37198457362007 48.54330937476345
132.40186979381295 108.45576487408523
132.4317550140058 175.25707217993696
132.46164023419868 235.6157634621352
132.4915254543915 271.7862774007773
132.5214106745844 262.2010826883598
132.55129589477727 201.59284323745993
132.58118111497012 122.88065736067963
132.611066335163 82.24748176027016
132.64095155535583 106.47361338553648
132.6708367755487 159.10322040208106
132.7007219957416 172.00561480390056
132.73060721593447 115.66096093957304
132.76049243612732 34.670319492755176
132.79037765632015 2.094424915325112
132.82026287651303 34.74952575668559
132.8501480967059 73.04147740252317
132.8800333168988 58.548129658245365
132.90991853709164 23.335661300509095
132.93980375728452 84.41886803623196
132.96968897747735 327.1618841480218
132.99957419767023 690.3231512589732
133.0294594178631 981.7086976821267
133.05934463805596 1015.1980314095316
133.08922985824884 753.4875698547304
133.11911507844167 350.5159559836473
133.14900029863455 57.97968153878553
133.17888551882743 62.457082387352585
133.2087707390203 368.77947059252585
133.23865595921316 796.0634278334226
133.268541179406 1082.664296911867
133.29842639959887 1047.1776395306197
133.32831161979175 712.3247532297711
133.35819683998463 293.46427970415334
133.38808206017748 41.58043551463162
133.41796728037036 62.14068889043737
133.4478525005632 252.2630648750588
133.47773772075607 398.81224627992816
133.50762294094895 359.7124183682196
133.5375081611418 176.12922478676683
133.56739338133468 22.662841860234817
133.5972786015275 54.5127824631103
133.6271638217204 281.81233006620624
133.65704904191327 560.7776210720972
133.68693426210615 702.4574179022634
133.716819482299 621.1045268312856
133.74670470249183 418.95759731864024
133.7765899226847 332.8336106733568
133.8064751428776 557.1963139034473
133.83636036307047 1066.074005105354
133.86624558326332 1586.6372250054835
133.8961308034562 1779.8960420245346
133.92601602364903 1498.9744575376515
133.9559012438419 905.9149398832402
133.9857864640348 346.2074764167757
134.01567168422764 83.7440745669452
134.04555690442052 125.88224689782086
134.07544212461335 290.28400822297215
134.10532734480623 414.3368121043965
134.1352125649991 478.866346019992
134.16509778519196 552.7025270417292
134.19498300538484 656.5883974900406
134.2248682255777 710.7920453589006
134.25475344577055 637.5416568117926
134.28463866596343 496.6432799281168
134.3145238861563 462.9401124324644
134.34440910634916 643.0561970683742
134.37429432654204 942.6534949813577
134.40417954673487 1145.0190820915236
134.43406476692775 1109.9696522176437
134.46394998712063 884.180816105822
134.49383520731348 643.7940624019983
134.52372042750636 545.2848192103602
134.5536056476992 611.9376444096632
134.58349086789207 741.0110657005353
134.61337608808495 800.0868516151218
134.6432613082778 713.500445771552
134.67314652847068 497.7074510067872
134.70303174866353 268.63362423817733
134.7329169688564 228.2728514387205
134.76280218904927 586.1292064509496
134.79268740924215 1387.7366903035968
134.822572629435 2362.9794661917567
134.85245784962785 3009.21970109971
134.8823430698207 2932.4332355385827
134.9122282900136 2157.015263106692
134.94211351020647 1129.1962412613295
134.97199873039932 408.456344292948
135.0018839505922 262.5257126592812
135.03176917078503 495.80056613074817
135.0616543909779 688.9076062952403
135.0915396111708 606.894445508372
135.12142483136364 357.7501992084133
135.15131005155652 193.32826349305557
135.18119527174937 220.62220448818192
135.21108049194223 327.8153981578435
135.2409657121351 363.82783015106264
135.270850932328 341.9706494575551
135.30073615252084 430.68314208730175
135.3306213727137 750.999781364932
135.36050659290655 1219.2446111788793
135.39039181309943 1598.4523716014376
135.4202770332923 1691.5405933243483
135.45016225348516 1489.9571925780695
135.48004747367804 1157.546854226025
135.5099326938709 893.069148319176
135.53981791406375 801.5741318088329
135.56970313425663 848.7421618883167
135.59958835444948 900.8455142622954
135.62947357464236 829.5406232075958
135.6593587948352 629.6200704693401
135.68924401502807 457.38942008966046
135.71912923522095 519.9163102652009
135.74901445541383 867.165973247057
135.77889967560668 1274.8316129582547
135.80878489579953 1387.1538212575094
135.8386701159924 1039.848111236339
135.86855533618527 447.2729379006292
135.89844055637815 42.13657227921469
135.928325776571 101.90359218954605
135.95821099676388 516.9143535965414
135.98809621695673 922.0638712398728
136.0179814371496 1034.425916663969
136.04786665734247 850.811294587465
136.07775187753532 562.8393011365281
136.1076370977282 345.51750204918346
136.13752231792105 253.49838757374349
136.1674075381139 278.1808215902207
136.1972927583068 415.8516116338624
136.22717797849964 634.027400952198
136.25706319869252 819.7033261676339
136.28694841888537 847.149067122899
136.31683363907823 725.7298226636274
136.3467188592711 641.8020358617413
136.376604079464 809.735249500712
136.40648929965684 1263.012055356342
136.43637451984972 1804.6459661743488
136.46625974004257 2180.6423966521065
136.49614496023543 2283.2667362987304
136.5260301804283 2166.629214284681
136.55591540062116 1904.910895814806
136.58580062081404 1504.3714426086894
136.6156858410069 979.1948902529657
136.64557106119975 476.37804793383697
136.67545628139263 258.2775900191972
136.70534150158548 504.674450185932
136.73522672177836 1122.6582520893196
136.7651119419712 1776.6290962042908
136.7949971621641 2117.883914676112
136.82488238235695 2004.1298022185097
136.85476760254983 1546.013422727438
136.88465282274268 984.5940199960424
136.91453804293553 528.8839750028876
136.9444232631284 277.18613694741805
136.97430848332127 236.4941058642232
137.00419370351415 371.82616201403584
137.034078923707 628.4873971356076
137.06396414389988 922.5727003269038
137.09384936409273 1133.1971747088287
137.1237345842856 1138.0987798499766
137.15361980447847 902.2616422632104
137.18350502467132 556.2190353386011
137.2133902448642 353.77291650712806
137.24327546505705 484.66791544881886
137.27316068524993 885.9399352996763
137.3030459054428 1245.0841597326012
137.33293112563567 1237.2644344665798
137.36281634582852 814.9371989295904
137.39270156602137 281.30484912127633
137.42258678621425 56.01128434429636
137.4524720064071 340.8686211791984
137.4823572266 984.9438321758112
137.51224244679284 1643.237756998442
137.54212766698572 2059.9170221789946
137.57201288717857 2223.8038579344698
137.60189810737143 2294.557767403021
137.6317833275643 2419.1443011376905
137.66166854775716 2612.0258217226096
137.69155376795004 2755.7498411858446
137.7214389881429 2680.956327208305
137.75132420833577 2282.0282442136763
137.78120942852863 1622.053610484702
137.81109464872148 948.115425183787
137.84097986891436 576.4439269522486
137.8708650891072 718.1741910348502
137.9007503093001 1372.1071453431032
137.93063552949295 2352.4769966559325
137.96052074968583 3404.974958895644
137.99040596987868 4294.975817734247
138.02029119007156 4807.392553398032
138.0501764102644 4743.9595161907355
138.08006163045727 4030.8145098137898
138.10994685065015 2857.7258722496495
138.139832070843 1636.6561065374913
138.16971729103588 739.0986952679859
138.19960251122873 268.1982317570313
138.2294877314216 112.32100775369686
138.25937295161447 170.84248184698384
138.28925817180732 462.1054254269824
138.3191433920002 1006.1267741586732
138.34902861219305 1627.9429960827142
138.37891383238593 1964.9300096027875
138.4087990525788 1766.1693351132465
138.43868427277167 1155.624425872624
138.46856949296452 523.072625074602
138.49845471315737 163.24475810132412
138.52833993335025 63.19633121195249
138.5582251535431 35.6495494049555
138.588110373736 1.4504946626145752
138.61799559392884 72.92382153778419
138.64788081412172 349.28455211704534
138.67776603431457 707.8706875992923
138.70765125450745 876.7235842890187
138.7375364747003 712.6513065589536
138.76742169489316 362.5987396147629
138.79730691508604 124.10962332262396
138.8271921352789 167.71423728689632
138.85707735547177 420.76994012351366
138.88696257566463 690.432495344312
138.9168477958575 845.2109728993155
138.94673301605036 862.4832521481669
138.9766182362432 754.9350820160763
139.0065034564361 539.1739955877815
139.03638867662895 292.2246852497783
139.06627389682183 165.283990296018
139.09615911701468 271.84435667413163
139.12604433720756 559.1905662600407
139.1559295574004 827.484276474584
139.18581477759327 892.2512002434867
139.21569999778615 726.165873104761
139.245585217979 452.23982216476793
139.27547043817188 217.16248426996268
139.30535565836473 83.13182784737901
139.3352408785576 27.212829753999717
139.36512609875047 7.029078506266044
139.39501131894335 11.493802363313678
139.4248965391362 77.44052790162841
139.45478175932905 292.56477079846087
139.48466697952193 767.7795826476083
139.51455219971479 1541.2970718724848
139.54443741990767 2456.3742375042607
139.57432264010052 3152.734517046971
139.6042078602934 3260.417008754452
139.63409308048625 2680.089035140676
139.6639783006791 1696.3332796072364
139.693863520872 794.2618243950627
139.72374874106484 329.6976621580688
139.75363396125772 325.5639961879338
139.78351918145057 527.2974809375464
139.81340440164345 637.2928772463355
139.8432896218363 527.4737902270921
139.87317484202916 278.2636680511829
139.90306006222204 71.28369112779694
139.9329452824149 62.68987601342727
139.96283050260777 315.13851016706246
139.99271572280063 792.0450636281075
140.0226009429935 1385.8575988878956
140.05248616318636 1954.1040264546036
140.08237138337924 2348.8773073276766
140.1122566035721 2442.1932897475945
140.14214182376494 2171.3564414089874
140.17202704395783 1604.498042052115
140.20191226415068 964.0182089132088
140.23179748434356 546.3577848045392
140.2616827045364 549.0256301689496
140.2915679247293 906.3274907696144
140.32145314492215 1293.6577836126664
140.351338365115 1355.352900581712
140.38122358530788 983.823107946808
140.41110880550073 409.5406478991309
140.4409940256936 29.264572536064122
140.47087924588647 115.18540015499792
140.50076446607935 623.656816497447
140.5306496862722 1221.9314414928867
140.56053490646505 1500.2789097387779
140.59042012665793 1245.2602799760307
140.62030534685078 615.6440486724971
140.65019056704367 79.31900418337612
140.68007578723652 91.11788663921746
140.7099610074294 716.4542805725362
140.73984622762225 1526.5159974121527
140.76973144781513 1902.4923481051264
140.79961666800799 1535.43076562229
140.82950188820084 712.4808737685794
140.85938710839372 112.01932346437914
140.88927232858657 251.7720011567189
140.91915754877945 1072.1168449634426
140.9490427689723 2011.7046366257289
140.9789279891652 2471.575427624453
141.00881320935804 2226.038624258891
141.0386984295509 1482.1553616073923
141.06858364974377 667.8936889805576
141.09846886993662 146.1212095984425
141.1283540901295 32.295947870237875
141.15823931032236 212.87496793564088
141.18812453051524 457.6321534205688
141.2180097507081 546.601505927955
141.24789497090094 414.1358797663204
141.27778019109383 198.43650282020232
141.30766541128668 113.47209655834232
141.33755063147956 244.32286048422685
141.3674358516724 462.6417459892269
141.3973210718653 554.6588004567396
141.42720629205814 438.101118786978
141.45709151225103 255.3837193364537
141.48697673244388 220.39367377506497
141.51686195263673 383.96502230813616
141.5467471728296 600.3227984039495
141.57663239302246 682.3854526680758
141.60651761321535 571.606258462903
141.6364028334082 382.0803220190176
141.66628805360108 249.91255560290367
141.69617327379393 192.4690813500072
141.72605849398678 163.25098722493888
141.75594371417966 129.75692073097605
141.78582893437252 83.90692941442995
141.8157141545654 37.233763559839446
141.84559937475825 5.66661015964451
141.87548459495113 4.785977628301841
141.90536981514398 60.91660365561249
141.93525503533684 203.71142601052344
141.96514025552972 439.12754636325275
141.99502547572257 720.2057790665809
142.02491069591545 932.6795896766477
142.0547959161083 936.9717564119388
142.08468113630119 683.0351044070435
142.11456635649404 323.4297409911548
142.14445157668692 208.4655759213932
142.17433679687977 694.8109143853065
142.20422201707262 1826.1816689561983
142.2341072372655 3148.7599029871503
142.26399245745836 3952.9177863130535
142.29387767765124 3794.5679514709254
142.3237628978441 2799.611353458758
142.35364811803697 1532.3889506740727
142.38353333822982 593.128375482733
142.41341855842268 271.63734793534013
142.44330377861556 527.648289736568
142.4731889988084 1164.2238817135983
142.5030742190013 1897.9633428970117
142.53295943919414 2339.6947649020453
142.56284465938703 2116.853940930306
142.59272987957988 1234.8027701890655
142.62261509977273 294.3299789840545
142.6525003199656 112.23638630039524
142.68238554015846 1005.7940373106276
142.71227076035134 2421.9796072678746
142.7421559805442 3313.7385606471694
142.77204120073708 3027.1214778284734
142.80192642092993 1852.9201939833847
142.8318116411228 670.4001321668826
142.86169686131566 108.5457259995276
142.89158208150852 106.31767801853633
142.9214673017014 214.5376329964157
142.95135252189425 173.00751655083616
142.98123774208713 110.16295878124993
143.01112296227998 235.195318281642
143.04100818247286 486.1944985208451
143.07089340266572 587.9656436032348
143.10077862285857 405.6821589538373
143.13066384305145 133.81866761085558
143.1605490632443 98.5984191651019
143.19043428343718 419.06054882364367
143.22031950363004 912.9158624089923
143.25020472382292 1300.4843930407992
143.28008994401577 1439.5906214082142
143.30997516420862 1359.4092540335228
143.3398603844015 1146.8520534064467
143.36974560459436 890.9017364760441
143.39963082478724 683.6439056964166
143.4295160449801 567.4745333570031
143.45940126517297 486.1775087211032
143.48928648536582 343.74043676799647
143.5191717055587 144.99895510484316
143.54905692575156 56.98470982660913
143.5789421459444 257.2789667769972
143.6088273661373 693.0410866538649
143.63871258633014 1060.2501721539288
143.66859780652302 1116.3249026207416
143.69848302671588 1014.2320164868394
143.72836824690876 1219.7986646152824
143.7582534671016 1998.8270884815847
143.78813868729446 3005.60721133706
143.81802390748734 3479.434806052131
143.8479091276802 2912.484535913223
143.87779434787308 1562.5696981019914
143.90767956806593 331.80678567997774
143.9375647882588 98.86710070154301
143.96745000845166 1087.9776959818498
143.99733522864452 2779.9265959312343
144.0272204488374 4342.157180984817
144.05710566903025 5152.23255310255
144.08699088922313 5032.588073558419
144.11687610941598 4221.8330766319295
144.14676132960886 3257.9264951902937
144.17664654980172 2706.961478719363
144.20653176999457 2776.1685824984006
144.23641699018745 3155.7729896927485
144.2663022103803 3278.738235455894
144.29618743057318 2798.7517594794253
144.32607265076604 1878.967160305624
144.35595787095892 1029.7377563273194
144.38584309115177 661.1476229387883
144.41572831134465 773.3191545136629
144.4456135315375 1042.3129876122434
144.47549875173036 1170.3534833628787
144.50538397192324 1118.4408812529907
144.5352691921161 1007.3104716288592
144.56515441230897 879.6211525729642
144.59503963250182 649.8954346210089
144.6249248526947 295.52592577887447
144.65481007288756 27.1122214666748
144.6846952930804 185.66131398172877
144.7145805132733 937.0470373502135
144.74446573346614 2076.589280987176
144.77435095365902 3131.4626472479167
144.80423617385188 3653.7231844650696
144.83412139404476 3463.6866837714174
144.8640066142376 2717.4972002392565
144.89389183443046 1836.3237134490605
144.92377705462334 1336.0446968797671
144.9536622748162 1582.9958512828064
144.98354749500908 2588.763280244685
145.01343271520193 3948.5370770564255
145.0433179353948 4974.952401487164
145.07320315558766 5064.626733306825
145.10308837578054 4121.032328309031
145.1329735959734 2649.90716921625
145.16285881616625 1401.685134036692
145.19274403635913 869.5994495157398
145.22262925655198 1034.4050094894192
145.25251447674486 1498.166681854264
145.28239969693772 1848.7992708553888
145.3122849171306 1946.7553429270429
145.34217013732345 1929.394414742296
145.3720553575163 2002.8676735852173
145.40194057770918 2255.138128357441
145.43182579790204 2626.4974878029607
145.46171101809492 2986.0858441623163
145.49159623828777 3201.5833455921297
145.52148145848065 3171.9577349110104
145.5513666786735 2860.566183866252
145.58125189886636 2323.395650459486
145.61113711905924 1687.2192307810883
145.6410223392521 1081.3366215528483
145.67090755944497 585.1772392819239
145.70079277963782 237.32120312107656
145.7306779998307 73.13939063861737
145.76056322002356 118.80468003201152
145.79044844021644 333.28015831125913
145.8203336604093 576.9614958368456
145.85021888060214 676.7751718228108
145.88010410079502 553.0231312747908
145.90998932098788 290.223318516836
145.93987454118076 67.42422355165563
145.9697597613736 1.8697173868930004
145.9996449815665 63.58187207245694
146.02953020175934 138.13933677740997
146.0594154219522 149.6221823011503
146.08930064214508 114.46653447549008
146.11918586233793 93.55584446258234
146.1490710825308 123.86562325762004
146.17895630272366 213.8625274878172
146.20884152291654 376.9779431655356
146.2387267431094 623.5015351857849
146.26861196330225 904.7653651867146
146.29849718349513 1091.039467942066
146.32838240368798 1050.3582849742609
146.35826762388086 777.0487566118769
146.38815284407372 427.8027695677829
146.4180380642666 203.2479985212032
146.44792328445945 197.12687643363984
146.47780850465233 364.26812576411066
146.50769372484518 594.8571772332033
146.53757894503804 789.577934895304
146.56746416523092 880.7202124289253
146.59734938542377 818.9514321584221
146.62723460561665 594.3394952206445
146.6571198258095 302.8952028000458
146.68700504600238 150.3307808070412
146.71689026619524 322.45839529697514
146.7467754863881 819.0632144796903
146.77666070658097 1408.6501660190627
146.80654592677382 1761.7513882954026
146.8364311469667 1668.5488777946734
146.86631636715956 1172.4136909395825
146.89620158735244 539.4646429723181
146.9260868075453 118.25077918813908
146.95597202773814 164.87253145845904
146.98585724793102 703.2805233301212
147.01574246812388 1510.3297269320756
147.04562768831676 2244.45380211685
147.0755129085096 2630.0684949126635
147.1053981287025 2580.608893155399
147.13528334889534 2183.5073128287568
147.16516856908822 1585.119383899248
147.19505378928108 916.7363331900028
147.22493900947393 332.2023445573018
147.2548242296668 57.22809405577054
147.28470944985966 310.05090886355254
147.31459467005254 1096.8305736835475
147.3444798902454 2077.6756528942115
147.37436511043828 2714.302095010533
147.40425033063113 2638.800741455363
147.43413555082398 1919.025714759332
147.46402077101686 983.6194911421272
147.49390599120972 287.4443656572972
147.5237912114026 13.033910604097905
147.55367643159545 42.098465761737984
147.58356165178833 157.18405944775355
147.61344687198118 235.3705392601496
147.64333209217403 274.14222918577167
147.67321731236692 299.9951585705277
147.70310253255977 301.21021400598534
147.73298775275265 246.5999799883349
147.7628729729455 140.3401695934398
147.79275819313838 43.324168307317
147.82264341333124 42.45113973506984
147.85252863352412 189.79744681961267
147.88241385371697 451.255917324585
147.91229907390982 702.9570625079432
147.9421842941027 790.954682866091
147.97206951429555 639.1960284557158
148.00195473448844 333.6664432886856
148.0318399546813 75.96435233235842
148.06172517487417 9.487264565316758
148.09161039506702 90.50911073237751
148.12149561525987 157.67907952957455
148.15138083545276 138.88559073329887
148.1812660556456 168.65439136543523
148.2111512758385 457.7764436672928
148.24103649603134 1030.952485905841
148.27092171622422 1634.0294987808531
148.30080693641708 1939.2537153068836
148.33069215660993 1844.6710637174128
148.3605773768028 1555.6365878454424
148.39046259699566 1359.5457594125123
148.42034781718854 1347.2956334753112
148.4502330373814 1380.482902152591
148.48011825757428 1295.086929057124
148.51000347776713 1092.779303294868
148.53988869796 919.1749403047405
148.56977391815286 867.006088257049
148.59965913834571 849.9513014969845
148.6295443585386 709.1966645701841
148.65942957873145 414.5344400852326
148.68931479892433 114.25768768327583
148.71920001911718 1.3417306118914123
148.74908523931006 156.88050253872257
148.77897045950291 499.3147847710346
148.80885567969577 856.7737722409454
148.83874089988865 1072.5026983865084
148.8686261200815 1051.202982177126
148.89851134027438 796.5988999707735
148.92839656046723 471.57795243392
148.95828178066012 342.39792423982885
148.98816700085297 564.6971612498032
149.01805222104582 1011.1403830785396
149.0479374412387 1334.5589364297202
149.07782266143155 1252.2559026290307
149.10770788162444 823.7094725105956
149.1375931018173 432.19938724304575
149.16747832201017 428.4620676600841
149.19736354220302 779.6237641761456
149.2272487623959 1101.7338434843389
149.25713398258875 1057.3352146972975
149.2870192027816 721.6364957187211
149.3169044229745 533.2131908751328
149.34678964316734 851.680374794699
149.37667486336022 1571.403142204211
149.40656008355307 2188.282119340285
149.43644530374596 2234.9218772024697
149.4663305239388 1663.657618211244
149.49621574413166 849.1530985081947
149.52610096432454 240.1381945783344
149.5559861845174 10.439709563668448
149.58587140471028 28.745162154212025
149.61575662490313 104.50272061502264
149.645641845096 197.7291936243676
149.67552706528886 386.1164314326377
149.7054122854817 686.0788031726736
149.7352975056746 961.5148119466152
149.76518272586745 1024.093765565974
149.79506794606033 816.2142328703776
149.82495316625318 477.17819169557856
149.85483838644606 226.1073669094233
149.88472360663891 195.27135614191243
149.9146088268318 361.6183588587938
149.94449404702465 599.7989248573472
149.9743792672175 790.3548110559348
150.00426448741038 896.9386928268833
150.03414970760323 964.4368577433967
150.06403492779611 1057.2245611224923
150.09392014798897 1195.7110884669744
150.12380536818185 1336.577808523709
150.1536905883747 1403.9625059199411
150.18357580856755 1347.229910337756
150.21346102876043 1183.7327916149038
150.2433462489533 985.7266256807472
150.27323146914617 814.0979938028468
150.30311668933902 669.4769033710749
150.3330019095319 523.068489954828
150.36288712972475 390.62029049022544
150.3927723499176 353.66540337875205
150.4226575701105 489.85101679301954
150.45254279030334 782.7559386685286
150.48242801049622 1109.9317408457696
150.51231323068907 1323.2793149936788
150.54219845088195 1343.5659103303128
150.5720836710748 1181.995084429757
150.60196889126766 892.8796390662851
150.63185411146054 541.9196388591346
150.6617393316534 219.30275115372436
150.69162455184627 41.89526271268208
150.72150977203913 98.47359267678712
150.751394992232 360.1793542762152
150.78128021242486 652.8000514748658
150.81116543261774 768.0281386886634
150.8410506528106 634.8068218380041
150.87093587300345 370.6928732474285
150.90082109319633 159.53507897019995
150.93070631338918 93.27824796605523
150.96059153358206 126.3135807819923
150.9904767537749 154.6045107268822
151.0203619739678 121.57450202079949
151.05024719416065 51.716593778903075
151.08013241435347 3.8298069284865095
151.11001763454638 17.110282649298107
151.13990285473923 100.85135288279164
151.16978807493211 244.5801967765269
151.19967329512497 413.921686211879
151.22955851531785 545.519448142531
151.2594437355107 573.541728587187
151.28932895570355 479.6735295742212
151.31921417589643 314.23907354933885
151.3490993960893 157.30981201002368
151.37898461628217 58.81082935178705
151.40886983647502 22.231290347531296
151.4387550566679 41.043478831103485
151.46864027686075 126.92352910405975
151.49852549705363 282.05111489279585
151.5284107172465 457.21743679863266
151.5582959374393 564.7105880653144
151.58818115763222 544.9108965203361
151.61806637782507 428.654215534454
151.64795159801795 335.60100473143996
151.6778368182108 395.22402803657445
151.7077220384037 653.6377770355629
151.73760725859654 1043.6058964596016
151.7674924787894 1423.1401338297799
151.79737769898227 1640.959501705759
151.82726291917513 1599.7141713476826
151.857148139368 1298.2058894366944
151.88703335956083 837.0809415764202
151.91691857975374 382.44311220828746
151.9468037999466 91.77406425596922
151.97668902013945 31.58782957195811
152.00657424033233 143.25810929594115
152.03645946052515 289.33339036452367
152.06634468071806 347.537156567549
152.0962299009109 290.87685595224866
152.1261151211038 207.64108831919037
152.15600034129665 239.13419621788887
152.18588556148953 463.3186027228145
152.21577078168238 807.2143912024302
152.24565600187523 1068.5108252014006
152.2755412220681 1056.7812823562992
152.30542644226097 757.3881110825936
152.33531166245385 370.87371678639926
152.36519688264667 173.4854459560018
152.39508210283958 313.22930756950404
152.42496732303243 713.908629111136
152.4548525432253 1150.724115923059
152.48473776341817 1423.4490975220665
152.514622983611 1485.6240315942111
152.5445082038039 1433.791028016748
152.57439342399675 1418.7116008470255
152.60427864418963 1587.2468210967422
152.6341638643825 2043.0705567606835
152.6640490845753 2772.9071243932
152.69393430476822 3573.197081289118
152.72381952496107 4075.168113783385
152.75370474515395 3929.96939919358
152.7835899653468 3084.3784559400005
152.8134751855397 1887.319335863372
152.8433604057325 841.3251731375522
152.87324562592542 248.72328868379373
152.90313084611827 97.987619418461
152.93301606631113 198.52863575101688
152.962901286504 378.4442990110612
152.99278650669683 557.964069538154
153.02267172688974 678.0008942189165
153.0525569470826 650.9725915060359
153.08244216727547 432.5773364640792
153.11232738746833 135.6877337359585
153.14221260766115 2.5990292036637728
153.17209782785403 197.89614243519057
153.2019830480469 640.685362439904
153.2318682682398 1043.111005965762
153.26175348843265 1142.6907891996464
153.29163870862553 944.8720788637448
153.32152392881835 706.4440552878134
153.35140914901123 674.7167945291952
153.3812943692041 861.6545024205648
153.41117958939697 1054.9986141281822
153.44106480958985 1049.7960085546035
153.47095002978267 852.948692934473
153.50083524997558 652.5744148063911
153.53072047016843 603.4987630226261
153.5606056903613 647.6477276888195
153.59049091055417 574.6643637099902
153.620376130747 288.9608773113633
153.65026135093987 15.710409648163884
153.68014657113275 176.38149966294765
153.71003179132563 977.4472778333214
153.7399170115185 2118.3160422757182
153.76980223171137 2908.7849904151385
153.7996874519042 2766.512881103863
153.82957267209707 1761.5503517528225
153.85945789228995 635.0800938118374
153.8893431124828 209.53803630283127
153.9192283326757 783.381530157607
153.9491135528685 1949.3748654705596
153.97899877306142 2909.8120333522866
154.00888399325427 3088.4463905800367
154.03876921344713 2522.276662125244
154.06865443364 1726.9256688298185
154.09853965383283 1254.6202118708604
154.1284248740257 1312.8942837420911
154.1583100942186 1694.0117032324165
154.18819531441147 2016.1003922547495
154.21808053460433 2009.1617404390497
154.2479657547972 1637.5497002795803
154.27785097499003 1071.9437277455336
154.3077361951829 570.1832721388745
154.3376214153758 324.6482243517176
154.36750663556865 374.7778269974048
154.39739185576153 623.325854162648
154.42727707595435 905.0099308034048
154.45716229614723 1064.3735150063915
154.4870475163401 1024.0872415025658
154.51693273653297 824.6251652806974
154.54681795672585 617.952787092145
154.57670317691867 593.9432258013808
154.60658839711155 861.9683335296712
154.63647361730443 1370.7577822285898
154.6663588374973 1921.7171206420069
154.69624405769017 2273.5914484064438
154.726129277883 2286.742237500817
154.75601449807587 1998.4894477590133
154.78589971826875 1566.720230235887
154.81578493846163 1148.110228977248
154.84567015865449 819.445745074198
154.87555537884737 584.0301535524231
154.9054405990402 424.9163582531348
154.93532581923307 344.45950559832727
154.96521103942595 365.84096973446174
154.9950962596188 507.74978404176744
155.0249814798117 749.111776736511
155.0548667000045 1004.1113321745236
155.0847519201974 1138.2627990098288
155.11463714039027 1043.4702547648012
155.14452236058315 736.1462459065306
155.174407580776 386.23711421545073
155.20429280096883 216.98536941993467
155.2341780211617 337.276253467286
155.2640632413546 648.7991629075436
155.29394846154747 916.4564692076723
155.32383368174033 943.4099720713597
155.3537189019332 703.3619242041462
155.38360412212603 339.1080605695815
155.4134893423189 57.511877183939006
155.4433745625118 27.38871236628357
155.47325978270464 335.59916215669864
155.50314500289753 952.8331843095226
155.53303022309035 1700.207876391576
155.56291544328323 2292.649919593289
155.5928006634761 2477.70719008589
155.622685883669 2191.6108180767465
155.65257110386185 1614.1508962852631
155.68245632405467 1044.483615826304
155.71234154424755 680.7387995457048
155.74222676444043 508.42707254612975
155.7721119846333 389.7070139236217
155.80199720482616 233.94999694905573
155.83188242501905 77.18966555693962
155.86176764521187 16.012735223619888
155.89165286540475 88.27833385547697
155.92153808559763 235.10011548885527
155.95142330579048 368.25603868642713
155.98130852598337 447.06880601127824
156.0111937461762 487.0202516565311
156.04107896636907 514.858045148046
156.07096418656195 531.9048462684516
156.1008494067548 523.9168274490147
156.13073462694769 497.46221189417474
156.1606198471405 491.43211105320984
156.1905050673334 539.3498013695079
156.22039028752627 614.7458804533726
156.25027550771915 627.2783851558521
156.280160727912 495.21055974405937
156.31004594810483 238.4867356375445
156.3399311682977 21.27741353061352
156.3698163884906 95.10534107835592
156.39970160868347 639.4233703522737
156.42958682887632 1607.7268668127615
156.4594720490692 2705.0236419766647
156.48935726926203 3504.260030251827
156.5192424894549 3653.3027559716616
156.5491277096478 3089.4692637770054
156.57901292984064 2094.376544124384
156.60889815003353 1114.0037463443375
156.63878337022635 498.42401615993
156.66866859041923 340.03858888080254
156.6985538106121 466.6817513541757
156.728439030805 584.9946860103519
156.75832425099784 502.7540454412433
156.78820947119067 260.8646032702093
156.81809469138355 56.018237880339946
156.84797991157643 37.23238867375294
156.8778651317693 169.32613622870002
156.90775035196216 285.6302666796432
156.93763557215505 279.4455022759703
156.96752079234787 227.39337858705915
156.99740601254075 298.1142746002842
157.02729123273363 546.3518922936099
157.05717645292648 822.8897472742564
157.08706167311936 911.6146752810131
157.1169468933122 753.1294495511968
157.14683211350507 512.2371351275383
157.17671733369795 428.9097368170703
157.20660255389083 610.5200232065268
157.23648777408368 959.6135878422099
157.2663729942765 1286.3113605275382
157.2962582144694 1467.236122033618
157.32614343466227 1502.1489768286008
157.35602865485515 1462.8879477986025
157.385913875048 1413.5071871842563
157.41579909524089 1359.8310079083678
157.4456843154337 1246.4510987548579
157.4755695356266 1005.6266040233382
157.50545475581947 646.2638064491691
157.53533997601232 313.7899345212731
157.5652251962052 225.68831506903223
157.59511041639803 488.2995763623354
157.6249956365909 945.1161442036577
157.6548808567838 1237.30549686195
157.68476607697664 1094.7430675761696
157.71465129716952 606.3009291465867
157.74453651736235 174.0626872715504
157.77442173755523 162.4134135323255
157.8043069577481 563.6099390725979
157.834192177941 1007.033210262025
157.86407739813384 1109.043017703406
157.89396261832673 804.4557919879599
157.92384783851955 350.9453390930013
157.95373305871243 59.261146150134266
157.9836182789053 42.375282696095695
158.01350349909816 198.14171883807296
158.04338871929104 364.4433010253505
158.07327393948387 444.91787435947793
158.10315915967675 418.94561881251553
158.13304437986963 305.1666933855906
158.16292960006248 153.43172077016942
158.19281482025536 41.75397532096285
158.2227000404482 28.066404755397315
158.25258526064107 88.3705454205926
158.28247048083395 132.56980302041282
158.31235570102683 111.29114839393296
158.34224092121968 86.61586627236512
158.3721261414125 159.6068150675124
158.4020113616054 328.52317919819
158.43189658179827 456.0866056958052
158.46178180199115 409.2743631368351
158.491667022184 221.9805286601936
158.52155224237688 84.55721355411977
158.5514374625697 150.63765062113524
158.5813226827626 367.2335799350189
158.61120790295547 524.1646981482879
158.64109312314832 466.59943936734845
158.6709783433412 241.71783445418268
158.70086356353403 41.17164581356364
158.7307487837269 11.604747239587276
158.7606340039198 136.49903054873909
158.79051922411267 292.80754039494934
158.82040444430552 378.9661098322648
158.85028966449835 376.8470883145914
158.88017488469123 326.2521446889555
158.9100601048841 274.68134419265743
158.939945325077 254.6470535791928
158.96983054526984 281.5944967976024
158.99971576546272 346.0985501708943
159.02960098565555 411.67045461462254
159.05948620584843 443.23276226685505
159.0893714260413 446.32149965803126
159.11925664623416 467.4860774993984
159.14914186642704 543.2178052229232
159.17902708661987 647.4693314727131
159.20891230681275 701.9310496078889
159.23879752700563 645.851865475777
159.2686827471985 492.1630905461523
159.29856796739136 313.98874810457846
159.3284531875842 181.6294425278249
159.35833840777707 117.27705058745283
159.38822362796995 103.78932013223904
159.41810884816283 120.09379404608336
159.44799406835568 163.07416064285232
159.47787928854856 249.35663418863527
159.5077645087414 406.98302220286456
159.53764972893427 653.8343905981628
159.56753494912715 959.184471421628
159.59742016932 1218.5415398601388
159.62730538951288 1290.6329014978369
159.6571906097057 1094.6342985218073
159.6870758298986 691.9797777419068
159.71696105009147 270.15389130578404
159.74684627028432 25.478528305748103
159.7767314904772 38.09707177522048
159.80661671067003 238.23450298807927
159.8365019308629 476.5753017071235
159.8663871510558 625.9529546931424
159.89627237124867 629.40265098844
159.92615759144152 493.3055344877629
159.9560428116344 277.9351754101131
159.98592803182723 82.31018893312341
160.0158132520201 1.1963749650522715
160.045698472213 68.12464845845984
160.07558369240584 218.87405298010927
160.10546891259872 326.6498105301178
160.13535413279155 302.20249124622507
160.16523935298443 167.9897685462399
160.1951245731773 39.4695744553219
160.22500979337016 28.264955369587785
160.25489501356304 151.73014105606052
160.28478023375587 330.70296407905994
160.31466545394875 461.0977213432847
160.34455067414163 484.96750780099904
160.3744358943345 413.0571133840471
160.40432111452736 297.0996266530309
160.4342063347202 186.40281920048332
160.46409155491307 105.22502993351446
160.49397677510595 55.7587291975026
160.52386199529883 30.982986431557244
160.55374721549168 25.681892779326105
160.58363243568456 41.65530664908219
160.6135176558774 84.72773973373107
160.64340287607027 154.43556912598876
160.67328809626315 234.60623220821876
160.703173316456 295.99152790584327
160.73305853664888 317.33531438381925
160.7629437568417 311.88940309786403
160.7928289770346 326.32261985915795
160.82271419722747 403.2692093163154
160.85259941742035 539.261558510103
160.8824846376132 670.9486182832313
160.91236985780603 709.7581124155179
160.9422550779989 610.2497005803833
160.9721402981918 408.9774718285673
161.00202551838467 196.6565456262588
161.03191073857752 53.57272184565366
161.0617959587704 1.8577771319669043
161.09168117896323 11.22098920529426
161.1215663991561 43.53933192350736
161.151451619349 82.75225968348661
161.18133683954184 126.61751157232229
161.21122205973472 166.66029561891455
161.24110727992755 189.32801556925432
161.27099250012043 196.8677150776909
161.3008777203133 213.71767121593732
161.3307629405062 261.4076073748178
161.36064816069904 331.8610468860453
161.39053338089187 394.9137139757513
161.42041860108475 431.8575251088814
161.45030382127763 456.70631321402783
161.4801890414705 508.2021628354652
161.51007426166336 631.0500992028747
161.53995948185624 863.2786491514355
161.56984470204907 1214.5595258470935
161.59972992224195 1620.0273313395453
161.62961514243483 1911.6689663680593
161.65950036262768 1882.3612085265224
161.68938558282056 1443.4041920214268
161.7192708030134 754.1499302109099
161.74915602320627 172.15573742943374
161.77904124339915 8.988454823082753
161.808926463592 284.54632015893947
161.83881168378488 714.3129239259655
161.8686969039777 949.4074260326291
161.8985821241706 845.4043878866327
161.92846734436347 523.87350456132
161.95835256455635 208.7841782107036
161.9882377847492 34.474180402512694
162.01812300494208 3.5379697402644834
162.0480082251349 69.1126031753234
162.0778934453278 193.51019719798128
162.10777866552067 323.4437206778149
162.13766388571352 371.04555532181337
162.1675491059064 281.35853904932543
162.19743432609923 118.60449498139793
162.2273195462921 43.0592827737479
162.257204766485 163.67969592965724
162.28708998667784 409.8368553356856
162.31697520687072 582.3390999041336
162.34686042706355 545.9535630313571
162.37674564725643 348.5623228510875
162.4066308674493 146.8908902893382
162.4365160876422 43.323415154618246
162.46640130783504 19.271727826160888
162.49628652802787 17.30924983488635
162.52617174822075 41.05534417941789
162.55605696841363 136.8678307336089
162.5859421886065 292.55789243554796
162.61582740879936 405.84469236118593
162.64571262899224 380.68259984093567
162.67559784918507 234.02282078079523
162.70548306937795 81.46646441121511
162.73536828957083 19.47365110682239
162.76525350976368 42.34186338143799
162.79513872995656 84.82555674036844
162.8250239501494 124.46586091850646
162.85490917034227 208.51974644907648
162.88479439053515 370.8467671775925
162.91467961072803 552.2236828950485
162.94456483092088 639.1361509216175
162.9744500511137 580.8963292506271
163.0043352713066 449.66983949132253
163.03422049149947 373.5248476321522
163.06410571169235 407.45875001351055
163.0939909318852 480.61283893195576
163.12387615207808 475.9917842184211
163.1537613722709 355.88632494036904
163.1836465924638 211.79320777276396
163.21353181265667 202.421250346898
163.24341703284952 441.96869536546313
163.2733022530424 923.1935759221395
163.30318747323523 1517.715328014271
163.3330726934281 2045.0096831648625
163.362957913621 2361.0731702734
163.39284313381384 2409.458554691578
163.42272835400672 2212.213570890831
163.45261357419955 1829.3773793829707
163.48249879439243 1335.4147912692072
163.5123840145853 822.1046337155485
163.5422692347782 392.6768693737022
163.57215445497104 125.52406570171854
163.60203967516392 35.59033227707744
163.63192489535675 83.15662378072403
163.66181011554963 229.7934779072732
163.6916953357425 471.92239162990154
163.72158055593536 805.7926585502288
163.75146577612824 1159.9506174737687
163.78135099632107 1377.6067218323192
163.81123621651395 1312.3207600381174
163.84112143670683 968.1729461696867
163.87100665689968 518.18190409827
163.90089187709256 170.12152992096696
163.9307770972854 17.24061846830831
163.96066231747827 4.177001543799216
163.99054753767115 21.446896069068057
164.02043275786403 15.711163423577664
164.05031797805688 4.021659869450004
164.08020319824973 9.887156587710244
164.1100884184426 20.378328069534884
164.13997363863547 14.19055965577812
164.16985885882835 6.659942043041166
164.1997440790212 39.58337646444879
164.22962929921408 125.94120849326151
164.2595145194069 220.76202105928
164.2893997395998 259.95698688704374
164.31928495979267 223.3936275253471
164.34917017998552 150.4585783910408
164.3790554001784 100.34300992895568
164.40894062037123 106.39271353722641
164.4388258405641 164.5521624670184
164.468711060757 246.74551852014196
164.49859628094987 312.5986518770123
164.52848150114272 320.824505230014
164.55836672133557 253.6878516831924
164.58825194152843 143.63775798543267
164.6181371617213 62.09980749510789
164.6480223819142 60.1425085986956
164.67790760210704 118.94431193116571
164.70779282229992 169.8678101976584
164.73767804249275 172.58019872364036
164.76756326268563 166.11387718793895
164.7974484828785 228.65534277150235
164.82733370307136 393.25404411913195
164.85721892326424 609.219638061859
164.8871041434571 783.3550070944849
164.91698936364995 858.6103202572322
164.94687458384283 845.1379439488336
164.9767598040357 785.001837466685
165.00664502422856 713.6256003355734
165.0365302444214 647.3687078155878
165.06641546461427 584.6925324867752
165.09630068480715 521.6275126779309
165.12618590500003 470.6183866825758
165.15607112519288 454.5322516966938
165.18595634538576 478.7583024765853
165.2158415655786 514.5454523185945
165.24572678577147 514.4932999736044
165.27561200596435 446.3456637342893
165.3054972261572 321.0935987919964
165.33538244635008 194.920542890216
165.36526766654293 127.94111027342548
165.3951528867358 130.58720884751523
165.42503810692867 163.03992927405324
165.45492332712152 188.56326291486488
165.4848085473144 206.74991073766728
165.51469376750725 238.70563096325233
165.5445789877001 301.17106779273394
165.574464207893 408.0013380800047
165.60434942808587 591.0932143429434
165.63423464827872 884.9102313209929
165.6641198684716 1251.2176402575428
165.69400508866445 1529.4799213205615
165.7238903088573 1523.4754152284747
165.7537755290502 1178.8458807954412
165.78366074924304 678.0332305790845
165.81354596943592 350.76571350303556
165.84343118962877 456.1702535374199
165.87331640982163 1015.3738414643518
165.9032016300145 1817.6426484116744
165.93308685020736 2532.0521372207127
165.96297207040024 2840.024261751883
165.9928572905931 2581.4335424570822
166.02274251078595 1872.1591688988867
166.05262773097883 1117.1475209646355
166.0825129511717 829.0047773580516
166.11239817136456 1266.058825969304
166.1422833915574 2147.3994185838674
166.1721686117503 2768.1466776715156
166.20205383194315 2557.3846427120575
166.23193905213603 1612.5427927553956
166.26182427232888 629.7599158336537
166.29170949252176 280.2208238107422
166.3215947127146 641.0743446634041
166.35147993290747 1191.9490383935893
166.38136515310035 1364.0377738073416
166.4112503732932 1067.9401672807994
166.44113559348608 670.9206919457864
166.47102081367893 558.7298702728605
166.5009060338718 800.0609813862034
166.53079125406467 1187.2600475656457
166.56067647425755 1494.7300788929483
166.5905616944504 1628.40964047401
166.62044691464325 1564.6360999141016
166.65033213483613 1285.3943029054776
166.680217355029 862.7682275323148
166.71010257522187 542.7124975039908
166.73998779541472 626.8178962119878
166.7698730156076 1201.2037369928844
166.79975823580045 1981.4806798353393
166.8296434559933 2482.474195001963
166.8595286761862 2394.913064046634
166.88941389637904 1813.9097345728876
166.91929911657192 1107.236993631003
166.94918433676477 587.5448486777717
166.97906955695765 335.01786054764125
167.0089547771505 274.1962464164617
167.0388399973434 315.45444147874497
167.06872521753624 402.5413188595697
167.0986104377291 479.47262255734046
167.12849565792197 475.25073326235486
167.15838087811483 356.5449703550762
167.1882660983077 176.69682572860856
167.21815131850056 39.48146444212891
167.24803653869344 12.24237528580712
167.2779217588863 82.28545121615198
167.30780697907915 185.6172897575263
167.33769219927203 258.06979525108983
167.36757741946488 263.1523813447748
167.39746263965776 199.4729735389197
167.4273478598506 103.27701236720176
167.4572330800435 34.605227393988024
167.48711830023635 35.74807239585975
167.5170035204292 101.36044691176345
167.54688874062208 208.71728170555505
167.57677396081493 375.0027782958511
167.6066591810078 650.2128443885184
167.63654440120067 1025.0834494303995
167.66642962139355 1357.765290715474
167.6963148415864 1436.9997896496086
167.72620006177928 1159.8925137236113
167.75608528197213 654.8756440470115
167.785970502165 202.98591486131153
167.81585572235787 9.043533413572614
167.84574094255072 49.940979319878
167.8756261627436 149.45003205612153
167.90551138293645 169.72337063488436
167.93539660312933 108.1952230704943
167.9652818233222 40.2430182968988
167.99516704351504 21.35420916491208
168.02505226370792 63.28844014884639
168.05493748390077 163.26686886244488
168.08482270409365 301.4979561458681
168.1147079242865 411.71706149317697
168.1445931444794 409.4867678843861
168.17447836467224 291.7957911681267
168.2043635848651 189.6814481518701
168.23424880505797 272.8075323469307
168.26413402525083 580.7373161779433
168.2940192454437 968.6867303548925
168.32390446563656 1243.064746428114
168.35378968582944 1334.9787534319937
168.3836749060223 1314.9081472657629
168.41356012621517 1253.2029770688182
168.44344534640803 1122.260671929752
168.47333056660088 886.9706608066099
168.50321578679376 662.2443945553764
168.5331010069866 677.7334886305317
168.5629862271795 1026.2911472666456
168.59287144737235 1483.0837477958887
168.62275666756523 1646.3445230378072
168.65264188775808 1301.7879401363812
168.68252710795093 651.1265065498237
168.7124123281438 160.46048396470235
168.74229754833667 165.36970983167444
168.77218276852955 614.5070719441204
168.8020679887224 1162.6419478350294
168.83195320891528 1466.695920937636
168.86183842910813 1407.6419042378755
168.89172364930099 1108.233665263013
168.92160886949387 816.4250480183441
168.95149408968672 767.2951402157032
168.9813793098796 1053.3066437102439
169.01126453007245 1528.4044999131972
169.04114975026533 1851.2961542261664
169.0710349704582 1725.6304532685112
169.10092019065104 1177.9777143909487
169.13080541084392 599.9747321195803
169.16069063103677 454.3856083872724
169.19057585122965 865.874249822271
169.2204610714225 1488.9544348327206
169.2503462916154 1811.135045623324
169.28023151180824 1588.0878116870772
169.31011673200112 994.9179944048237
169.34000195219397 416.42575897391697
169.36988717238683 121.36270949840728
169.3997723925797 105.34616255692151
169.42965761277256 194.12962491331984
169.45954283296544 247.99876205253088
169.4894280531583 249.6415459727851
169.51931327335117 242.34853816543807
169.54919849354403 247.74903548116103
169.57908371373688 256.76825924427186
169.60896893392976 268.0890320067748
169.6388541541226 303.59120021798526
169.6687393743155 381.5839266749872
169.69862459450835 487.5310446674584
169.72850981470123 579.3502385156925
169.75839503489408 619.7763991659311
169.78828025508693 598.1418131738295
169.8181654752798 521.7772358855526
169.84805069547266 398.05643047306074
169.87793591566555 237.81012979986667
169.9078211358584 80.0073736946994
169.93770635605128 5.28154267965424
169.96759157624413 104.6194956375245
169.997476796437 408.19217084646095
170.02736201662987 831.4456256485724
170.05724723682272 1196.3269035638127
170.0871324570156 1328.1298652402843
170.11701767720845 1167.939056280667
170.14690289740133 813.8444130371606
170.17678811759419 453.3908695040836
170.20667333778707 250.08892075353793
170.23655855797992 278.3347514726787
170.26644377817277 528.7190752534187
170.29632899836565 931.0798877868067
170.3262142185585 1353.559844991447
170.3560994387514 1611.761091204372
170.38598465894424 1548.0464445136597
170.41586987913712 1150.6945320294324
170.44575509932997 598.3913524006603
170.47564031952282 163.24646611358204
170.5055255397157 21.95911538859541
170.53541075990856 124.5181137207674
170.56529598010144 259.32191929481206
170.5951812002943 258.65479654198344
170.62506642048717 134.73102573836607
170.65495164068003 32.75438761760601
170.6848368608729 71.57153695178366
170.71472208106576 235.17406568892332
170.7446073012586 409.1165755126871
170.7744925214515 493.6590795065389
170.80437774164434 474.0624808492772
170.83426296183723 402.45224826687235
170.86414818203008 332.1809064046661
170.89403340222296 281.0708735915134
170.9239186224158 244.91855949268395
170.95380384260866 220.1683381609968
170.98368906280155 209.106086332526
171.0135742829944 213.63478415181453
171.04345950318728 228.65817618492693
171.07334472338013 242.80936082757245
171.103229943573 252.7328214193414
171.13311516376586 286.43828280528464
171.16300038395872 409.4148377783227
171.1928856041516 685.8086800675798
171.22277082434445 1110.8380526254696
171.25265604453733 1576.9023837800191
171.28254126473018 1921.8217308068488
171.31242648492307 2038.7594328993807
171.34231170511592 1958.190317663095
171.3721969253088 1814.0422360125003
171.40208214550165 1716.5486141317583
171.4319673656945 1662.2239382657483
171.46185258588739 1566.632164925251
171.49173780608024 1364.8698505717143
171.52162302627312 1065.7343460279446
171.55150824646597 726.4941653817475
171.58139346665885 417.1113480190141
171.6112786868517 221.5689730598249
171.64116390704456 231.5120898634463
171.67104912723744 480.6536767773293
171.7009343474303 858.7442490158627
171.73081956762317 1124.8638370620083
171.76070478781602 1075.9124391598248
171.7905900080089 729.9626084706883
171.82047522820176 325.75131135273176
171.8503604483946 122.16033367788208
171.8802456685875 181.51078209916267
171.91013088878034 336.0267139508406
171.94001610897323 364.64122963699367
171.96990132916608 212.85692879035255
171.99978654935896 45.157337559561434
172.0296717695518 86.52514782720635
172.0595569897447 427.40198117721246
172.08944220993754 958.4929070964714
172.1193274301304 1450.3606186745385
172.14921265032328 1702.9438356965907
172.17909787051613 1642.648095860446
172.208983090709 1316.4762998060287
172.23886831090186 854.8482467468699
172.26875353109475 425.46961679702395
172.2986387512876 154.8657624269008
172.32852397148045 73.17042893428798
172.35840919167333 124.53219321489776
172.38829441186618 214.16711572769384
172.41817963205906 263.04314946829544
172.44806485225192 249.56298985232527
172.4779500724448 216.2069378079472
172.50783529263765 239.2444724630756
172.5377205128305 382.6093119986269
172.56760573302338 655.9952019791967
172.59749095321624 993.7387921398163
172.62737617340912 1284.5890903374257
172.65726139360197 1451.3396291096547
172.68714661379485 1496.717367948702
172.7170318339877 1455.962647305586
172.74691705418059 1327.021152861456
172.77680227437344 1073.34742647732
172.8066874945663 698.3977913850106
172.83657271475917 304.03789151900787
172.86645793495202 46.13168352765215
172.8963431551449 14.960698512808529
172.92622837533776 161.34035537086248
172.95611359553064 341.67719182808435
172.9859988157235 437.4014256195619
173.01588403591634 428.66010826510126
173.04576925610922 357.3584386900293
173.07565447630208 254.51139931558183
173.10553969649496 134.98821371127468
173.1354249166878 47.24355934664121
173.1653101368807 83.78891591147715
173.19519535707354 311.96202469009353
173.2250805772664 697.0277782119033
173.25496579745928 1118.7786262754655
173.28485101765213 1468.367305297997
173.314736237845 1705.6273431121283
173.34462145803786 1826.823559701688
173.37450667823074 1804.847085348784
173.4043918984236 1584.5502301234144
173.43427711861648 1172.9866655125816
173.46416233880933 721.2072418692564
173.49404755900218 441.20532403947743
173.52393277919506 423.12791661425985
173.55381799938792 560.0793029200441
173.5837032195808 647.1295542062034
173.61358843977365 561.8765237453043
173.64347365996653 379.914455763062
173.67335888015938 316.98219641436697
173.70324410035224 536.4595999743344
173.73312932054512 992.2733783442237
173.76301454073797 1439.597993728746
173.79289976093085 1599.2825793298164
173.8227849811237 1357.4741582198492
173.85267020131658 857.2099059925504
173.88255542150944 408.5406320058229
173.9124406417023 279.58976737109515
173.94232586189517 514.8666382439169
173.97221108208802 922.9632493675168
174.0020963022809 1260.383363308827
174.03198152247376 1439.1925009707859
174.06186674266664 1553.9099916076595
174.0917519628595 1726.7642151962496
174.12163718305237 1947.5013431627808
174.15152240324522 2070.916893972896
174.18140762343808 1968.055065204436
174.21129284363096 1668.5698233531575
174.2411780638238 1348.121612795488
174.2710632840167 1176.2182927841343
174.30094850420954 1178.9779080143608
174.33083372440242 1252.3406333887751
174.36071894459528 1293.9289098505851
174.39060416478813 1297.7961531545463
174.420489384981 1320.9074678970185
174.45037460517386 1386.8295869148078
174.48025982536674 1446.3322554034662
174.5101450455596 1423.056030973759
174.54003026575248 1274.779893345938
174.56991548594533 1012.5410306873396
174.59980070613818 687.6672898698926
174.62968592633106 372.0637365953646
174.65957114652392 136.63761999069615
174.6894563667168 32.158498607651254
174.71934158690965 73.5103893196448
174.74922680710253 230.1898397094738
174.77911202729538 439.65551132666013
174.80899724748824 638.9256570118955
174.83888246768112 786.3381981744121
174.86876768787397 864.8725143946356
174.89865290806685 874.3774847856374
174.9285381282597 817.8212243848906
174.95842334845258 693.2591855799201
174.98830856864544 505.36564938235335
175.01819378883832 291.8612141946652
175.04807900903117 133.50444596284095
175.07796422922402 111.70926826768164
175.1078494494169 224.3926330243193
175.13773466960976 344.4729894439184
175.16761988980264 309.3269482522887
175.1975051099955 116.79009375767498
175.22739033018837 55.41905147003413
175.25727555038122 573.6773330383776
175.28716077057408 1915.3073732968087
175.31704599076696 3809.681116874665
175.3469312109598 5490.03231355873
175.3768164311527 6103.849922521991
175.40670165134554 5296.566507312197
175.43658687153842 3491.087392621559
175.46647209173128 1602.672567023534
175.49635731192413 479.5529499591936
175.526242532117 484.8762302356741
175.55612775230986 1397.6681997388423
175.58601297250274 2623.064975450259
175.6158981926956 3553.226952062374
175.64578341288848 3852.281321361681
175.67566863308133 3534.632505633672
175.7055538532742 2855.267355221828
175.73543907346706 2121.8486003910607
175.76532429365992 1539.5885412265425
175.7952095138528 1154.6878184173863
175.82509473404565 909.9522020205504
175.85497995423853 749.3204000006192
175.88486517443138 661.997657573802
175.91475039462426 635.7557157014352
175.94463561481712 610.10959844793
175.97452083500997 509.74233463065303
176.00440605520285 322.05327195785
176.0342912753957 131.1996577688769
176.06417649558858 74.85911128920384
176.09406171578144 253.93740121258747
176.12394693597432 652.1228853053523
176.15383215616717 1122.5971492101564
176.18371737636002 1449.695943860088
176.2136025965529 1442.9031841781884
176.24348781674576 1048.004634373985
176.27337303693864 444.28097560621535
176.3032582571315 27.150781131675195
176.33314347732437 215.6121586672679
176.36302869751722 1145.533099702626
176.3929139177101 2465.445981205165
176.42279913790296 3479.2037686781073
176.4526843580958 3575.948620889753
176.4825695782887 2643.601131834788
176.51245479848154 1218.509258026313
176.54234001867442 199.9352620592981
176.57222523886728 228.89984931465293
176.60211045906016 1246.146311804464
176.631995679253 2586.487562336316
176.66188089944586 3448.741059422902
176.69176611963874 3397.272897563407
176.7216513398316 2576.190888093665
176.75153656002448 1495.0600319971143
176.78142178021733 624.7031581505489
176.8113070004102 159.0187137438084
176.84119222060306 36.735981139967514
176.87107744079591 98.66639382105981
176.9009626609888 228.90188612007597
176.93084788118165 384.78747663589235
176.96073310137453 531.2044527942829
176.99061832156738 597.123092835852
177.02050354176026 520.8126149786438
177.05038876195312 321.80876826368166
177.080273982146 114.42540457427926
177.11015920233885 30.547854216713
177.1400444225317 107.5457949803076
177.16992964272458 259.56472170139494
177.19981486291744 364.45382623467935
177.22970008311032 372.78317642770565
177.25958530330317 339.51473036775326
177.28947052349605 355.4155773887405
177.3193557436889 449.78855489010056
177.34924096388175 563.2804542003934
177.37912618407464 618.2296510975666
177.4090114042675 607.547957285531
177.43889662446037 593.2414188181768
177.46878184465322 623.7042550857914
177.4986670648461 685.47961827831
177.52855228503896 753.7781668955748
177.5584375052318 880.0279068490748
177.5883227254247 1184.3150949415215
177.61820794561754 1716.0047923386735
177.64809316581042 2312.8024570471657
177.67797838600328 2633.0868408945435
177.70786360619616 2411.062456571148
177.737748826389 1715.6053105101523
177.7676340465819 911.4053813579101
177.79751926677474 356.0396762614752
177.8274044869676 144.0845947636284
177.85728970716048 112.17223825854131
177.88717492735333 68.04124892968876
177.9170601475462 4.346991030372461
177.94694536773906 73.2408652806631
177.97683058793194 369.5571749674225
178.0067158081248 790.0896374696467
178.03660102831765 1122.8277101604774
178.06648624851053 1257.818953902655
178.09637146870338 1304.3591462042054
178.12625668889626 1486.3014893093284
178.15614190908911 1914.796642259245
178.186027129282 2474.4359783548634
178.21591234947485 2903.907130205115
178.2457975696677 2974.0202287188727
178.27568278986058 2639.340011971502
178.30556801005343 2058.1363339235654
178.33545323024632 1465.3648455539703
178.36533845043917 1007.487465923612
178.39522367063205 679.7839302515381
178.4251088908249 415.53118622353463
178.45499411101778 214.7484574978904
178.48487933121064 152.8672847052025
178.5147645514035 264.3971536343992
178.54464977159637 442.2392866880489
178.57453499178922 488.1721997933168
178.6044202119821 327.093288746423
178.63430543217495 178.7452535571065
178.66419065236784 430.5561110596258
178.6940758725607 1272.6345518523397
178.72396109275354 2424.002437111436
178.75384631294642 3223.9284255369967
178.78373153313927 3110.9416531272004
178.81361675333216 2114.0139921836726
178.843501973525 864.213640336766
178.8733871937179 117.33080937676009
178.90327241391074 225.7193723947719
178.9331576341036 946.9910074283276
178.96304285429648 1674.4704993850207
178.99292807448933 1889.5436050968665
179.0228132946822 1490.5928259954483
179.05269851487506 776.722857450681
179.08258373506794 194.1570728935505
179.1124689552608 79.44868845728617
179.14235417545368 491.9848866610093
179.17223939564653 1181.7376328415612
179.20212461583938 1751.4453943674653
179.23200983603226 1937.7868250586268
179.26189505622511 1797.5109316050855
179.291780276418 1630.3311124372103
179.32166549661085 1693.294645598636
179.35155071680373 1952.3138081258544
179.38143593699658 2087.9592694891444
179.41132115718943 1780.4478591012128
179.44120637738231 1050.4356890364143
179.47109159757517 323.97628613773804
179.50097681776805 121.46809848974767
179.5308620379609 635.6215786259268
179.56074725815378 1568.1424788051515
179.59063247834663 2345.502516179733
179.6205176985395 2509.574620313148
179.65040291873237 1998.195303659644
179.68028813892522 1152.624323607621
179.7101733591181 453.1538946989456
179.74005857931095 193.7481320441288
179.76994379950384 357.17980721299193
179.7998290196967 721.0023838497306
179.82971423988957 1043.6751757636412
179.85959946008242 1198.9937880956695
179.88948468027527 1198.5266070203443
179.91936990046815 1123.2821017334695
179.949255120661 1047.1177080926454
179.9791403408539 1004.6859182296166
180.00902556104674 992.6353464280761
180.03891078123962 979.6725394624664
180.06879600143247 921.382576490546
180.09868122162533 786.24262687959
180.1285664418182 585.3227355356644
180.15845166201103 378.3313915043872
180.18833688220397 240.7579692362789
180.2182221023968 216.36869220603768
180.24810732258968 294.199911171038
180.27799254278247 423.7833759565361
180.30787776297535 548.9036189605039
180.33776298316823 629.2198101830212
180.3676482033611 641.2095156535465
180.397533423554 575.0211872439688
180.42741864374685 439.4186075127873
180.45730386393967 269.596768532705
180.48718908413255 129.45038824968614
180.51707430432543 98.56018231584208
180.54695952451831 226.98701436696396
180.5768447447112 469.67436245147456
180.60672996490405 674.0779184166597
180.63661518509687 677.0696577852807
180.66650040528975 447.8585949505044
180.69638562548263 146.62975091886508
180.72627084567551 18.96619684720469
180.7561560658684 176.44985912660403
180.7860412860612 464.41645257976273
180.81592650625407 593.727171866531
180.84581172644693 444.95730011098846
180.87569694663983 232.41726734817692
180.9055821668327 323.88384919866303
180.9354673870256 868.228085400761
180.9653526072184 1597.5468584435343
180.99523782741127 2007.994097703756
181.02512304760413 1781.0228658188737
181.055008267797 1067.7850037275655
181.0848934879899 349.25439311773766
181.11477870818277 15.848917234965043
181.1446639283756 90.22086990106529
181.17454914856847 304.5844165518156
181.20443436876127 386.89722550884886
181.2343195889542 275.34649193704143
181.26420480914703 98.54422638031608
181.29409002933997 3.506655683689088
181.3239752495328 33.74744330522181
181.35386046972567 141.18226798094867
181.38374568991847 260.0033835004087
181.4136309101114 353.56182222253585
181.44351613030423 413.7454165561616
181.4734013504971 440.40135511845847
181.50328657069 427.51643324915153
181.53317179088285 364.23951892218207
181.56305701107567 250.58537305577545
181.59294223126855 120.44293149822813
181.62282745146143 45.32828304796466
181.6527126716543 88.35360434344265
181.6825978918472 231.54559152228487
181.71248311204005 362.50676910909215
181.74236833223287 362.8194314115021
181.77225355242575 221.66822246082924
181.80213877261863 56.05750591107867
181.83202399281151 4.690080173885121
181.8619092130044 98.46164199109693
181.8917944331972 245.89923907015068
181.92167965339007 340.7666349088715
181.95156487358292 365.3977798202802
181.98145009377583 387.26512859219594
182.0113353139687 474.6351050771124
182.0412205341616 637.5709288243448
182.0711057543544 843.4293826561031
182.10099097454727 1049.6191967377367
182.13087619474013 1196.8273937895572
182.160761414933 1198.8402428720733
182.1906466351259 1000.8951602534607
182.22053185531877 677.1540495074227
182.2504170755116 427.63689455765
182.28030229570447 415.6603975128552
182.31018751589733 596.1602292848352
182.3400727360902 741.9533796530686
182.36995795628303 670.0286167545105
182.39984317647597 430.7712085000198
182.4297283966688 247.863386918122
182.45961361686167 271.57523986229023
182.48949883705447 419.7636605071799
182.5193840572474 481.06855023909384
182.54926927744023 356.3553447369036
182.5791544976331 168.908332184221
182.609039717826 131.0999692492836
182.63892493801885 323.6215820531966
182.66881015821167 631.3259331666299
182.69869537840455 885.7604216498924
182.72858059859743 1027.9022272210623
182.7584658187903 1118.3315623243
182.7883510389832 1222.602900561937
182.81823625917605 1316.830101306961
182.84812147936887 1301.013342448926
182.87800669956175 1093.1826465039817
182.90789191975463 730.4690729953089
182.9377771399475 412.75164526270714
182.9676623601404 425.58136166412334
182.99754758033325 940.3753601414096
183.02743280052607 1825.4735675206296
183.05731802071892 2632.985015823888
183.08720324091183 2837.7565811896125
183.1170884611047 2239.2794567275396
183.1469736812976 1189.0930285773136
183.1768589014904 340.4405202566711
183.20674412168327 105.19937431755908
183.23662934187612 338.12930999267166
183.266514562069 544.8514160288219
183.2963997822619 407.1861956309938
183.32628500245477 94.39867906253714
183.3561702226476 33.66305487262775
183.38605544284047 403.0648540726135
183.41594066303333 913.1066052375354
183.4458258832262 1100.2300888753855
183.4757111034191 798.48913810145
183.50559632361197 297.84753265643513
183.5354815438048 45.701814864379514
183.56536676399767 217.12779595019225
183.59525198419047 591.5161892193986
183.6251372043834 814.5874056455777
183.65502242457623 728.5730179991814
183.68490764476917 455.69157488343217
183.714792864962 230.9612128508745
183.74467808515485 206.5994779688032
183.77456330534767 388.1178838131335
183.80444852554055 678.0609281409338
183.83433374573343 935.1947720044255
183.8642189659263 1019.1600953055218
183.8941041861192 854.1538093100222
183.92398940631205 511.27155666743937
183.95387462650487 218.98222897430176
183.98375984669775 222.02198003678168
184.01364506689063 573.5686149781906
184.0435302870835 1067.5613590635155
184.0734155072764 1388.3042098440687
184.10330072746925 1333.1019568782592
184.13318594766207 935.8080077297074
184.16307116785495 428.46863115013946
184.19295638804783 80.74583921175153
184.22284160824069 40.52872973233077
184.2527268284336 289.2532583336377
184.2826120486264 703.5811827781313
184.31249726881927 1136.6519510212424
184.34238248901212 1463.223032243045
184.37226770920503 1591.3256361814629
184.4021529293979 1468.9591157345703
184.43203814959077 1106.3772216754223
184.4619233697836 607.5564354850942
184.49180858997647 174.1686635075014
184.52169381016932 39.65390527022378
184.5515790303622 339.3401061421555
184.5814642505551 991.9198143121758
184.61134947074797 1689.9286340415367
184.6412346909408 2048.2682351547714
184.67111991113367 1843.695011988156
184.70100513132647 1177.2660493584583
184.7308903515194 430.24204618625566
184.76077557171223 21.949595332465748
184.79066079190517 117.03819625268906
184.820546012098 509.20928691660174
184.85043123229087 796.2162042779913
184.88031645248367 706.5596791980748
184.91020167267655 322.2074231236491
184.94008689286943 35.583997418755196
184.9699721130623 275.78942497914045
184.9998573332552 1214.9992959697804
185.02974255344805 2656.816245894094
185.05962777364087 4139.45310828612
185.08951299383375 5152.576992346644
185.11939821402663 5341.561349835576
185.1492834342195 4630.722876928459
185.1791686544124 3261.5528124377347
185.20905387460525 1725.6113519144135
185.23893909479807 564.0055521861456
185.26882431499095 106.35198473893064
185.29870953518383 306.98222677393363
185.32859475537668 794.5217544713935
185.3584799755696 1122.1321324976043
185.3883651957624 1063.1233361008717
185.41825041595527 737.2233559050942
185.44813563614812 470.2745470320237
185.47802085634103 522.019378931471
185.50790607653389 910.5830737845008
185.5377912967268 1424.952243209034
185.5676765169196 1771.526687925352
185.59756173711247 1756.036619944931
185.62744695730532 1385.3061834488824
185.6573321774982 839.7904812931071
185.6872173976911 379.01123602587137
185.71710261788397 238.0398496697325
185.7469878380768 532.099453675392
185.77687305826967 1205.4336113704562
185.80675827846247 2053.198051546635
185.8366434986554 2798.0429535882986
185.86652871884823 3183.4014567827285
185.89641393904117 3058.524015588457
185.926299159234 2446.5454214738024
185.95618437942687 1577.6109314622845
185.98606959961967 838.5924518588041
186.01595481981255 600.9037878412387
186.04584004000543 984.2183547842831
186.0757252601983 1728.8261375926959
186.1056104803912 2324.668258114776
186.13549570058404 2353.7920145023127
186.16538092077687 1827.6767516625537
186.19526614096975 1258.9968428450147
186.22515136116263 1332.603994869399
186.2550365813555 2371.3012754383744
186.2849218015484 4039.462444156791
186.31480702174125 5528.515698385223
186.34469224193407 6060.9299766675385
186.37457746212695 5360.896213147334
186.40446268231983 3794.2736429377383
186.4343479025127 2089.6974832393066
186.4642331227056 868.7818320383733
186.4941183428984 350.02103083317644
186.52400356309127 376.5857442520364
186.55388878328412 626.4486400060714
186.58377400347703 803.6960864518057
186.61365922366988 750.4255260749112
186.6435444438628 502.6245526901204
186.6734296640556 269.20563990639124
186.70331488424847 298.8885965464654
186.73320010444132 676.6003965647047
186.7630853246342 1201.024800712915
186.79297054482709 1502.2516324006667
186.82285576501997 1341.7598164551164
186.8527409852128 820.6876519752537
186.88262620540567 294.9302272926409
186.91251142559847 75.34675609099483
186.9423966457914 206.3336652997212
186.97228186598423 526.0889912459497
187.00216708617717 893.0592149903475
187.03205230637 1296.5000691156977
187.06193752656287 1747.0615012422154
187.09182274675567 2146.014928818809
187.1217079669486 2337.73488060778
187.15159318714143 2272.559720949873
187.1814784073343 2069.4242554823563
187.2113636275272 1875.5133953948568
187.24124884772004 1676.5194767073683
187.27113406791287 1334.84398081444
187.30101928810575 819.7156734273008
187.33090450829863 310.60607232716285
187.3607897284915 44.33409409021761
187.3906749486844 77.37212467514291
187.42056016887724 227.35185938606483
187.45044538907007 275.57467017909414
187.48033060926295 190.67344793781075
187.51021582945583 102.37244627526856
187.5401010496487 96.11325508263005
187.5699862698416 130.08214195948133
187.5998714900344 190.06501509736887
187.62975671022727 453.098104597409
187.65964193042012 1159.544311501871
187.68952715061303 2253.119658147198
187.71941237080588 3222.5079254222087
187.7492975909988 3418.949342486929
187.7791828111916 2620.230851441429
187.80906803138447 1300.3402124183576
187.83895325157732 279.708018598718
187.8688384717702 84.73073039984929
187.89872369196308 623.6218943137817
187.92860891215597 1375.4656333237172
187.9584941323488 1834.2036217968216
187.98837935254167 1800.4536540173588
188.01826457273452 1356.3593327122599
188.0481497929274 723.9970606851487
188.07803501312023 181.71970372814863
188.10792023331317 5.8878354747889246
188.137805453506 341.6932802100066
188.16769067369887 1031.6791463075797
188.19757589389167 1644.4062398681308
188.2274611140846 1784.523739609566
188.25734633427743 1415.7557681392009
188.2872315544703 916.7300264350888
188.3171167746632 777.034562003519
188.34700199485604 1169.005873669002
188.37688721504887 1823.652906934729
188.40677243524175 2287.039072244552
188.43665765543463 2273.4845722356727
188.4665428756275 1841.1344338395184
188.4964280958204 1273.5739543016507
188.52631331601324 819.8203951777883
188.55619853620607 558.9302298030094
188.58608375639895 449.0292434908756
188.61596897659183 432.518421552972
188.6458541967847 475.13047491725195
188.6757394169776 535.2553095511836
188.70562463717044 544.918617947269
188.73550985736327 450.43421676680816
188.76539507755612 283.47532343173407
188.79528029774903 167.8581795786157
188.82516551794188 228.60835959948233
188.8550507381348 509.1754663520805
188.8849359583276 938.7245607254982
188.91482117852047 1323.3660445882435
188.94470639871332 1423.66733426188
188.9745916189062 1148.1679540995963
189.00447683909908 667.3058096252703
189.03436205929196 336.91306476079814
189.0642472794848 541.6333293719747
189.09413249967767 1482.443165907865
189.12401771987052 2960.5944162399383
189.1539029400634 4343.6500244005965
189.18378816025628 4849.143953961439
189.21367338044917 4075.9029359817137
189.243558600642 2389.9277521227
189.27344382083487 750.5871542063156
189.30332904102767 72.27261682577173
189.3332142612206 597.5603560063427
189.36309948141343 1740.754270979301
189.39298470160637 2563.3467787802047
189.4228699217992 2489.8882092531608
189.45275514199204 1651.5823919139243
189.48264036218487 664.6629498312792
189.51252558237775 112.84015193436352
189.54241080257063 169.30532463552592
189.5722960227635 616.6027796831388
189.6021812429564 1116.3847249628043
189.63206646314924 1433.3503580488753
189.66195168334207 1499.0599996543642
189.69183690353495 1355.05721631278
189.72172212372783 1077.614242638254
189.7516073439207 762.5104307389232
189.7814925641136 531.422772953155
189.81137778430644 485.3935589618936
189.84126300449927 628.6146730622705
189.87114822469215 844.9191548427744
189.90103344488503 952.9383108440285
189.93091866507788 815.9152459579152
189.9608038852708 459.4538204821764
189.9906891054636 99.27359849958732
190.02057432565647 20.0443523241598
190.05045954584932 370.3738159810276
190.08034476604223 1011.6477796804954
190.11022998623508 1573.620117819618
190.14011520642796 1715.985053520056
190.1700004266208 1367.5084866316024
190.19988564681367 756.0707924222803
190.22977086700652 230.82700373894247
190.2596560871994 8.557227899809572
190.28954130739228 54.154447181002986
190.31942652758516 182.3175197035046
190.349311747778 237.789151467414
190.37919696797087 187.86980822415
190.4090821881637 94.57544220139793
190.4389674083566 36.828989840344256
190.46885262854943 63.046959936791055
190.49873784874237 186.56641637154465
190.5286230689352 386.940820544699
190.55850828912807 603.7984357707267
190.58839350932087 749.2347608356259
190.61827872951375 756.1541533076218
190.64816394970663 630.3598359261904
190.6780491698995 452.33821876055134
190.7079343900924 322.4074522755522
190.73781961028524 297.1016347180872
190.76770483047807 360.5146737555439
190.79759005067095 442.52855214217647
190.82747527086383 468.94888814435376
190.8573604910567 408.3855823911638
190.8872457112496 285.8875280212246
190.91713093144244 160.3185583098534
190.94701615163527 84.03012655804521
190.97690137182815 72.83914220567789
191.00678659202103 108.61481574773909
191.03667181221388 168.80747673365497
191.0665570324068 252.38636108935344
191.0964422525996 383.7965509444345
191.12632747279247 603.3668434807296
191.15621269298532 952.2585624726232
191.18609791317823 1443.0218237294728
191.21598313337108 2015.8258625007
191.245868353564 2522.6805552006044
191.2757535737568 2792.7235673970367
191.30563879394967 2750.435665934572
191.33552401414252 2474.8341083817095
191.3654092343354 2134.0986450790224
191.39529445452828 1848.6293882309055
191.42517967472116 1608.5547098790498
191.455064894914 1341.8045227745151
191.48495011510687 1067.3913057516609
191.5148353352997 940.7431106036406
191.5447205554926 1108.0156875159714
191.57460577568543 1519.6252289241877
191.60449099587836 1921.6044027590265
191.6343762160712 2048.670410626838
191.66426143626407 1822.8711586582156
191.6941466564569 1378.003902898912
191.72403187664975 918.0008264455971
191.75391709684263 569.2455620876075
191.7838023170355 355.85524910949925
191.8136875372284 256.5805972373807
191.84357275742124 234.325394689421
191.87345797761407 229.10101504810336
191.90334319780695 185.5709901261116
191.93322841799983 117.6682142014957
191.9631136381927 114.99648647851022
191.9929988583856 242.3358212246623
192.02288407857844 421.6419017534111
192.05276929877127 462.81525869506936
192.08265451896415 277.69727806674376
192.11253973915703 41.875565266782814
192.1424249593499 73.21939339979936
192.1723101795428 525.9322327735151
192.2021953997356 1205.194582820975
192.23208061992847 1690.0752751210032
192.26196584012132 1671.4051679019044
192.29185106031423 1199.3648129091932
192.32173628050708 603.7993998701537
192.3516215007 200.47888168807944
192.3815067208928 99.62668944009138
192.41139194108567 224.09933310887072
192.44127716127852 409.5828047076916
192.4711623814714 486.92885837044537
192.50104760166428 360.82016244264946
192.53093282185716 112.51433203429282
192.56081804205 37.7553058973102
192.59070326224287 485.3415486914278
192.62058848243572 1556.4231710796334
192.6504737026286 2928.029184253686
192.68035892282143 3999.5914486527568
192.71024414301436 4280.784556963911
192.7401293632072 3718.0504231014215
192.77001458340007 2693.9267927025285
192.7998998035929 1705.2320970974315
192.8297850237858 1033.7213069060963
192.85967024397863 690.9080084931297
192.8895554641715 565.8684722017248
192.9194406843644 544.5702001696984
192.94932590455724 526.2628975497032
192.9792111247501 429.37772442556445
193.00909634494295 245.98713030237053
193.03898156513583 69.68276783777115
193.0688667853287 20.278940320379075
193.0987520055216 118.78875283296355
193.12863722571444 252.76737687958823
193.15852244590727 297.05943121240193
193.18840766610015 265.59705800347894
193.21829288629303 309.5498123468497
193.2481781064859 548.7826902488425
193.2780633266788 912.1143060997023
193.3079485468716 1164.4511725234984
193.33783376706447 1109.2608769332535
193.36771898725732 763.6255207817918
193.39760420745023 339.43992718422294
193.42748942764308 76.30160052009906
193.457374647836 90.71660164968237
193.4872598680288 345.1313486502001
193.51714508822167 716.3502010352997
193.54703030841452 1079.272507005598
193.5769155286074 1347.5039085409087
193.60680074880028 1472.2687275920891
193.63668596899316 1432.7709653581846
193.666571189186 1237.839044757124
193.69645640937887 933.9145424249458
193.72634162957172 604.1700480316305
193.7562268497646 341.94680753154114
193.78611206995745 200.97810837339617
193.81599729015036 169.4833698348536
193.8458825103432 210.51085262061636
193.87576773053607 323.38496117413246
193.9056529507289 532.7218972472969
193.9355381709218 795.2941919854976
193.96542339111463 945.286745564588
193.9953086113075 803.539742337387
194.0251938315004 395.71942230636574
194.05507905169324 38.89813479591646
194.0849642718861 113.64895826357676
194.11484949207895 673.9152914236337
194.14473471227183 1315.550641018879
194.1746199324647 1502.3054973163264
194.2045051526576 1060.399776901722
194.23439037285044 369.96433439799773
194.2642755930433 29.31866599717313
194.29416081323615 276.624586760558
194.32404603342903 770.3885859236054
194.3539312536219 966.1650751564231
194.3838164738148 679.0451172710872
194.41370169400764 259.38821045883054
194.44358691420047 224.74089946806916
194.47347213439332 742.4474273651542
194.50335735458623 1473.345908555703
194.53324257477908 1882.179220880404
194.563127794972 1689.9294421141246
194.5930130151648 1067.5197611607389
194.62289823535767 451.4618900387371
194.65278345555052 199.96180945166137
194.6826686757434 371.0529242254116
194.71255389593628 741.7969147820033
194.74243911612916 997.3899532743594
194.772324336322 936.0670321781791
194.80220955651487 588.3453032089119
194.83209477670772 196.2278083759927
194.8619799969006 32.04147694236127
194.89186521709348 172.8130627392472
194.92175043728636 443.806647459954
194.9516356574792 590.9743996196194
194.98152087767207 508.5990276964279
195.0114060978649 315.2996663607279
195.0412913180578 218.4339546879356
195.07117653825065 301.2057695243119
195.10106175844356 455.3034996187157
195.1309469786364 520.886319839954
195.16083219882924 462.3434683606952
195.1907174190221 393.45323247692414
195.22060263921497 449.1941350884868
195.25048785940783 664.1401729879734
195.2803730796007 973.1028191442499
195.3102582997936 1284.8969862501128
195.34014351998644 1540.058867488131
195.3700287401793 1722.1882613551008
195.39991396037215 1831.7967270275724
195.42979918056503 1864.8361297223205
195.4596844007579 1820.9271987645689
195.4895696209508 1712.2431789175964
195.51945484114364 1555.63282303317
195.5493400613365 1369.274129166808
195.57922528152935 1183.6221393792548
195.60911050172223 1045.4011003376568
195.63899572191508 991.0117319407242
195.668880942108 1002.96789737386
195.6987661623008 1006.7992021246384
195.72865138249367 931.3572709003981
195.75853660268652 766.5773775164927
195.78842182287943 560.0164378717571
195.81830704307228 374.5435012929042
195.84819226326516 252.38579866706567
195.878077483458 206.17095228179124
195.90796270365087 230.1445546350872
195.93784792384372 305.7242487820914
195.9677331440366 393.0348236371117
195.99761836422948 434.80586583436144
196.02750358442236 392.7390889764725
196.0573888046152 296.07879873266535
196.08727402480807 256.2271930174696
196.1171592450009 405.48336021263145
196.1470444651938 778.5676834946617
196.17692968538665 1235.456780490162
196.20681490557956 1513.919477534348
196.2367001257724 1411.5883947768355
196.26658534596527 972.289904071176
196.2964705661581 485.94171705945166
196.32635578635097 276.34486561967225
196.35624100654385 465.5384331027397
196.3861262267367 897.3312776251908
196.4160114469296 1270.5483607900787
196.44589666712244 1376.2191839127731
196.4757818873153 1225.491541948914
196.50566710750817 966.1297703959588
196.53555232770103 715.7557747737849
196.5654375478939 494.445037171932
196.59532276808676 288.83359415481215
196.62520798827964 131.7998834559805
196.6550932084725 86.85322769136924
196.68497842866535 165.81223792042277
196.71486364885823 303.4585005505887
196.74474886905108 432.0217912348805
196.774634089244 558.9518470880063
196.8045193094368 738.1345465243587
196.8344045296297 958.234459254799
196.86428974982252 1094.6774580810222
196.89417497001543 1013.3972536577588
196.92406019020828 732.0595830882589
196.9539454104012 461.22388594733695
196.983830630594 462.3516391701471
197.01371585078687 837.0164950911086
197.04360107097972 1427.9730775820692
197.07348629117257 1932.1867419037844
197.10337151136548 2130.2882834124493
197.13325673155836 2007.5925768762688
197.1631419517512 1690.7764791724403
197.19302717194407 1327.3156740371662
197.2229123921369 1010.2298013524407
197.2527976123298 759.7468763239935
197.28268283252265 554.380768251308
197.31256805271556 378.9840604267725
197.3424532729084 242.2842492463472
197.37233849310127 159.34010093495675
197.4022237132941 131.56072933593325
197.43210893348697 143.58144673587864
197.46199415367985 173.03289232786975
197.4918793738727 204.2412651631633
197.5217645940656 235.39015419471775
197.55164981425844 273.92336524431016
197.5815350344513 331.6866727353798
197.61142025464417 427.6720933004066
197.64130547483705 581.6977271011166
197.6711906950299 783.8699351927226
197.70107591522276 965.0194305105437
197.73096113541564 1018.2376093213662
197.7608463556085 875.1491340234238
197.79073157580137 575.1757527629185
197.82061679599423 259.6840550742879
197.8505020161871 74.05678147173629
197.88038723637996 54.94204233689187
197.9102724565728 118.26529100866672
197.9401576767657 157.50352954565247
197.97004289695852 146.49473969109727
197.99992811715143 147.72611459864103
198.02981333734428 225.76804800986548
198.0596985575372 364.2564125790453
198.08958377773 472.9558702370283
198.1194689979229 468.0173306776628
198.14935421811572 343.8178019204088
198.17923943830857 174.40468413547407
198.20912465850148 50.52253431076723
198.23900987869436 12.819682050252647
198.2688950988872 34.522061787368926
198.29878031908007 57.44033352794872
198.32866553927292 49.714035378080204
198.35855075946577 45.22654116688342
198.38843597965865 129.549726043648
198.41832119985156 372.2463665069686
198.4482064200444 753.8700550940392
198.47809164023727 1148.987634914699
198.5079768604301 1395.336220759778
198.537862080623 1402.2710479417867
198.56774730081585 1196.3767441527796
198.59763252100873 874.0383263876935
198.6275177412016 535.3949941566319
198.65740296139444 260.21566292913286
198.6872881815873 112.3409800766921
198.71717340178017 125.1769348811746
198.74705862197305 254.20381992111692
198.7769438421659 365.6265450067801
198.80682906235876 328.96497953234075
198.83671428255164 156.77965561617103
198.8665995027445 47.63430003536731
198.89648472293737 239.72644959107785
198.92636994313025 770.6256748333561
198.9562551633231 1387.8629713765056
198.98614038351596 1726.1759240272863
199.0160256037088 1599.4347428200824
199.0459108239017 1150.711363307784
199.07579604409452 727.3256101566282
199.10568126428743 591.3682361085105
199.13556648448028 722.552570512835
199.16545170467316 873.256853013265
199.195336924866 804.3159374188849
199.2252221450589 494.49785209467495
199.25510736525172 170.96472155109615
199.28499258544457 153.3611081602942
199.31487780563748 627.7651344382024
199.34476302583036 1491.5948709004242
199.3746482460232 2365.758313532164
199.4045334662161 2809.219504053607
199.43441868640892 2606.703100766356
199.46430390660177 1891.8213379161
199.49418912679465 1031.882398701527
199.52407434698756 388.0218668304677
199.5539595671804 109.4616071107946
199.58384478737327 100.0261191786646
199.6137300075661 163.68516876010895
199.64361522775897 176.28995150028018
199.67350044795185 138.40058522235677
199.70338566814473 109.88779431677413
199.7332708883376 132.56106008724504
199.76315610853044 214.33797793182745
199.7930413287233 348.2620121752691
199.82292654891617 515.5442218520918
199.85281176910905 679.8883840379456
199.88269698930193 807.7218851945022
199.9125822094948 908.5886824134096
199.94246742968764 1033.5606389933255
199.9723526498805 1191.582319059164
200.00223787007337 1274.0471909829628
200.03212309026625 1116.4433824358748
200.0620083104591 679.1080657158437
200.09189353065196 184.4393866789028
200.12177875084484 23.336036274890823
200.1516639710377 443.40126323453535
200.18154919123052 1300.4594690495007
200.21143441142345 2098.718073916508
200.24131963161628 2316.9212940824073
200.27120485180916 1812.6166892484991
200.301090072002 931.6637745709072
200.3309752921949 213.34463775289936
200.36086051238772 4.68012128728187
200.39074573258057 264.9733088335756
200.42063095277348 660.0154451465511
200.45051617296636 864.437203364615
200.4804013931592 775.3768630918016
200.5102866133521 503.7284602479712
200.54017183354492 244.91316326971707
200.57005705373777 109.67074458714164
200.59994227393068 61.832645599802376
200.62982749412356 28.15514125302247
200.6597127143164 0.9995580568321264
200.6895979345093 36.51958040024947
200.7194831547021 188.9375730393843
200.74936837489497 426.02692567028265
200.77925359508785 627.5731484132217
200.80913881528076 686.4053203084509
200.8390240354736 595.1172513706421
200.86890925566644 444.61220462527314
200.8987944758593 337.3503591699995
200.92867969605217 290.1674122549185
200.95856491624505 239.09929838854544
200.98845013643793 145.566245151673
201.0183353566308 76.91874319086267
201.04822057682364 151.16338170420187
201.0781057970165 385.29973129318273
201.10799101720937 612.679813291416
201.13787623740225 600.0661095218271
201.16776145759513 312.9262544059404
201.19764667778796 60.6476953978412
201.22753189798084 304.59984411216334
201.2574171181737 1264.1334650016513
201.28730233836657 2666.5585991521148
201.31718755855945 3877.8359961584856
201.34707277875228 4333.785589353582
201.37695799894516 3907.542741346987
201.406843219138 2931.759224371188
201.4367284393309 1901.5529109485528
201.46661365952372 1120.889785591315
201.49649887971665 603.9228270208897
201.52638409990948 258.95189359936273
201.55626932010236 77.48989140138198
201.5861545402952 134.08529862999353
201.6160397604881 450.98322217983025
201.64592498068092 904.9559811936067
201.67581020087377 1285.0130118813609
201.70569542106668 1431.1101352531007
201.73558064125956 1323.6824204737088
201.7654658614524 1071.1321054161763
201.7953510816453 818.1538718348077
201.8252363018381 653.2892867025859
201.85512152203097 586.6045444439048
201.88500674222385 583.7171986669526
201.91489196241676 601.0466509983154
201.9447771826096 600.5372563030468
201.9746624028025 553.9568513076607
202.0045476229953 448.28873817813513
202.03443284318817 295.2843972441478
202.06431806338105 138.06407868089755
202.09420328357393 36.18352720485041
202.1240885037668 22.489423070681937
202.15397372395964 66.47982233710121
202.1838589441525 92.2175744983205
202.21374416434537 53.98252065748633
202.24362938453825 10.397782037459496
202.27351460473113 107.76356634369468
202.30339982492396 450.24395851981456
202.33328504511684 970.1351124139011
202.3631702653097 1438.0059536879464
202.39305548550257 1617.9962040138944
202.42294070569545 1436.9027816006571
202.45282592588828 1025.5440676598323
202.48271114608116 607.1293677620647
202.512596366274 348.3129976822834
202.5424815864669 308.9418028381541
202.57236680665972 496.61399409457374
202.60225202685265 911.4692637978277
202.63213724704548 1505.7057591377848
202.66202246723836 2115.521896922317
202.6919076874312 2485.570472860749
202.7217929076241 2421.5398049455384
202.75167812781692 1942.2879339753513
202.78156334800977 1268.1067921108252
202.81144856820268 660.0874974299073
202.84133378839556 267.682888488224
202.8712190085884 89.5627831937
202.9011042287813 38.795990482445696
202.9309894489741 35.318312546585005
202.96087466916697 49.57907671138187
202.99075988935985 85.61414640637129
203.02064510955276 148.57559289466403
203.0505303297456 235.45119872438067
203.0804155499385 347.8256672396
203.1103007701313 501.6309029343069
203.14018599032417 715.6201957919905
203.17007121051705 980.8521024700275
203.19995643070993 1232.0168948586931
203.2298416509028 1353.414995863484
203.25972687109564 1242.6983291521858
203.2896120912885 901.8761254025073
203.31949731148137 467.4637239088549
203.34938253167425 129.46568764210582
203.37926775186713 1.4153671205419824
203.40915297205996 50.08459999315476
203.43903819225284 141.651357020822
203.4689234124457 165.9741565127649
203.49880863263857 116.90155626537393
203.52869385283145 53.48847008536246
203.55857907302433 15.486778815553292
203.58846429321716 0.511651859885987
203.61834951341 16.628547147589007
203.6482347336029 131.5907785507114
203.67811995379571 426.6886444109468
203.70800517398865 885.576731735025
203.73789039418148 1350.90715588147
203.76777561437436 1600.6831300476479
203.7976608345672 1492.4499472961243
203.8275460547601 1081.0336761599267
203.85743127495292 594.4215190115133
203.88731649514577 265.0756963178482
203.91720171533868 175.0052544508513
203.94708693553156 235.89581992564337
203.9769721557244 288.9635158559499
204.0068573759173 251.97269379291097
204.03674259611012 207.02645892026527
204.06662781630297 332.51905127004903
204.09651303649585 727.4694007021097
204.12639825668876 1292.6999238498495
204.1562834768816 1762.0753192860984
204.1861686970745 1869.6225355225968
204.2160539172673 1554.703135209404
204.24593913746017 1021.113093954564
204.27582435765305 578.6228482671202
204.30570957784593 430.9625488450709
204.3355947980388 585.2950265565265
204.36548001823164 907.0897910069318
204.3953652384245 1228.6107438163015
204.42525045861737 1411.218594395977
204.45513567881025 1372.9885972301668
204.48502089900313 1128.0525999820695
204.51490611919596 810.4449994045184
204.54479133938884 629.1154732398903
204.5746765595817 732.9178412491624
204.60456177977457 1067.4431072010816
204.63444699996745 1381.6620012854987
204.66433222016033 1419.3667356249653
204.69421744035316 1128.0207471517597
204.72410266054604 679.7304749011736
204.7539878807389 294.60601265587474
204.78387310093171 72.66267060129012
204.81375832112465 0.3157899031661317
204.84364354131748 76.8365546205042
204.87352876151036 378.331173476757
204.9034139817032 962.0930514259584
204.9332992018961 1710.1731149627076
204.96318442208891 2313.4594759636657
204.99306964228177 2470.3510045995804
205.02295486247468 2122.8786616773045
205.05284008266753 1499.5529994529516
205.0827253028604 937.9124448526297
205.1126105230533 647.3343990856235
205.14249574324612 606.3758615951808
205.17238096343897 659.4874567698884
205.20226618363185 681.3196739262265
205.23215140382476 651.9900068371275
205.2620366240176 624.280386321327
205.2919218442105 648.2346244382459
205.3218070644033 713.9706478738262
205.35169228459617 746.4251547130317
205.38157750478905 656.0197182659597
205.41146272498193 421.6847231667353
205.4413479451748 153.7261860274637
205.47123316536764 67.54145088418831
205.5011183855605 341.56773427884724
205.53100360575337 937.9367884408881
205.56088882594625 1548.9381072873755
205.59077404613913 1775.658007555094
205.620659266332 1438.501511167359
205.65054448652484 754.7338912753446
205.6804297067177 195.9186241854772
205.71031492691057 116.93491966030501
205.74020014710345 474.0228353794293
205.77008536729633 889.2519736835803
205.79997058748916 1003.866580859914
205.82985580768204 789.3005723822885
205.8597410278749 529.1713825029722
205.8896262480677 508.2046914654036
205.91951146826065 725.1192928027185
205.94939668845348 913.4113670046556
205.97928190864636 824.8828394351632
206.0091671288392 469.9544209298148
206.0390523490321 106.6744882385486
206.06893756922491 24.182814205608924
206.09882278941777 316.1198697962842
206.12870800961068 831.9400619388003
206.15859322980353 1317.8350454032206
206.1884784499964 1588.6849971121403
206.2183636701893 1602.0326520384772
206.24824889038211 1424.5635563073704
206.27813411057497 1152.0015180511684
206.30801933076788 856.7601731211012
206.33790455096073 594.7318043343673
206.3677897711536 436.11280256381445
206.3976749913465 462.61563067363784
206.4275602115393 719.5986465439057
206.45744543173217 1162.6911555847737
206.48733065192505 1636.362458931957
206.51721587211796 1919.748500161537
206.5471010923108 1862.94486807342
206.57698631250364 1520.5595895953747
206.6068715326965 1122.1506677997013
206.63675675288937 883.8484643131383
206.66664197308225 842.4881338332023
206.69652719327513 861.0028164142502
206.726412413468 782.8156426233843
206.75629763366084 575.1779129537787
206.7861828538537 333.7409018753122
206.81606807404657 169.0482047798959
206.84595329423945 103.76081780070793
206.87583851443233 83.7461164175414
206.90572373462516 66.31409706695965
206.93560895481804 69.88332961011963
206.9654941750109 140.54857537836108
206.99537939520377 294.62474658433166
207.02526461539665 506.3687731411974
207.05514983558948 732.2869326765511
207.08503505578236 923.9777073236128
207.1149202759752 1019.299279249998
207.1448054961681 950.9152915571069
207.1746907163609 707.5572988668555
207.20457593655385 386.5058705270839
207.23446115674668 143.7560093400496
207.26434637693953 79.77003502316536
207.2942315971324 172.28296999897563
207.3241168173253 305.53953233514966
207.35400203751811 367.91369674310977
207.38388725771097 331.2421338261806
207.41377247790388 242.75317987476225
207.44365769809673 160.8239604201796
207.4735429182896 112.1748620963902
207.5034281384825 95.30503303318136
207.5333133586753 99.32945527749796
207.56319857886817 110.9216996723003
207.59308379906105 115.93580684764548
207.62296901925393 110.9335895701874
207.6528542394468 117.49537014518138
207.6827394596397 180.7967161231592
207.7126246798325 349.6121080683272
207.74250990002537 648.2845708476448
207.77239512021825 1046.7863110199175
207.80228034041113 1434.6679568285388
207.832165560604 1628.7118301454295
207.86205078079684 1465.228719682586
207.8919360009897 957.1986225468992
207.92182122118257 360.7288353464113
207.95170644137545 20.461693879706644
207.98159166156833 91.29530539566399
208.01147688176115 398.9309481580101
208.04136210195404 604.7098989259779
208.0712473221469 545.3437124926495
208.10113254233977 409.5158425861972
208.13101776253265 537.4818230244961
208.16090298272547 1016.3516871031408
208.19078820291836 1517.7644975492185
208.2206734231112 1593.786558823139
208.2505586433041 1124.671230082496
208.2804438634969 449.9537392895477
208.31032908368985 41.920838825573405
208.34021430388268 54.39309125850082
208.37009952407556 233.3210643953404
208.3999847442684 255.97594149551176
208.4298699644613 91.12653213726097
208.4597551846541 10.224450291449738
208.48964040484697 277.47280559882
208.51952562503988 866.5838339061567
208.54941084523273 1482.2860667648804
208.5792960654256 1815.5997288604935
208.6091812856185 1752.5545872015375
208.6390665058113 1380.0469372219163
208.66895172600417 885.1208332403735
208.69883694619705 472.6888519635368
208.72872216638993 286.21106943872456
208.7586073865828 323.0976169863378
208.7884926067757 420.5029802369252
208.8183778269685 375.0719200942086
208.84826304716137 153.84679402633074
208.87814826735425 0.08663050491376195
208.90803348754713 254.61626677473072
208.93791870774 1009.483345735192
208.96780392793283 1945.2678125000807
208.9976891481257 2541.758416480347
209.02757436831857 2477.48185842928
209.05745958851145 1856.4546421769792
209.08734480870433 1072.2003235778031
209.11723002889715 471.79933450848733
209.14711524909004 154.7740039306178
209.1770004692829 38.23918179214765
209.20688568947577 27.91913885688448
209.23677090966865 97.88046265626367
209.26665612986153 247.78667916266764
209.29654135005435 445.2247117592802
209.3264265702472 635.881600249883
209.3563117904401 782.226714009828
209.3861970106329 858.558120809721
209.41608223082585 820.4900183867521
209.44596745101867 626.4860681505158
209.47585267121156 319.69652315932734
209.5057378914044 72.56746818930652
209.5356231115973 96.9462628163971
209.5655083317901 463.0916672627168
209.59539355198297 1011.8243539856448
209.62527877217588 1459.658380912774
209.65516399236873 1588.5359406561195
209.6850492125616 1374.8242958482383
209.7149344327545 981.5791913802286
209.7448196529473 615.164443153494
209.77470487314017 381.7411900985632
209.80459009333305 276.03858502780326
209.83447531352593 253.43269744589267
209.8643605337188 282.8905695810984
209.8942457539117 362.46772706807513
209.9241309741045 507.7674196991448
209.95401619429737 714.9317639722642
209.98390141449025 922.8087300459381
210.01378663468313 1020.4252263137251
210.043671854876 913.91473132272
210.07355707506883 606.9977979837164
210.1034422952617 236.5750725707638
210.13332751545457 19.257157796160755
210.16321273564745 98.00168835491347
210.19309795584033 398.89744071216256
210.22298317603315 657.612014133426
210.25286839622603 633.8534932021108
210.2827536164189 375.51168594391936
210.31263883661177 285.358850886189
210.34252405680465 844.4676391962956
210.37240927699753 2206.316216568799
210.40229449719035 3982.4008035702254
210.43217971738324 5381.048544605718
210.4620649375761 5700.977857609089
210.4919501577689 4825.2598989207045
210.52183537796185 3252.050936014274
210.55172059815467 1703.7942050181468
210.58160581834755 694.7596510760707
210.6114910385404 304.357626758554
210.6413762587333 262.46960345276125
210.6712614789261 262.69279214840606
210.70114669911896 215.69483383852196
210.73103191931187 260.6713484753071
210.76091713950473 586.2254141498618
210.7908023596976 1206.2555575043782
210.8206875798905 1862.1388115559953
210.8505728000833 2168.12379135067
210.88045802027617 1923.9169095739865
210.91034324046905 1345.02980238852
210.94022846066193 981.7776827819503
210.9701136808548 1308.226047434357
210.9999989010477 2267.821608046287
211.02988412124049 3226.121189043452
211.05976934143337 3456.3564074871124
211.08965456162625 2739.205933613834
211.11953978181913 1557.4736399638407
211.149425002012 710.8023387896326
211.17931022220483 649.6282534109531
211.2091954423977 1136.2034843226768
211.23908066259057 1543.1908417099671
211.26896588278345 1440.58418581002
211.29885110297633 904.4764657729205
211.3287363231692 341.37096542417964
211.35862154336203 81.74804891913278
211.3885067635549 140.29444632468267
211.41839198374777 308.4893290947584
211.44827720394065 405.34769799800904
211.47816242413353 408.67238930336794
211.50804764432635 395.6549972133344
211.53793286451923 426.6271608251032
211.5678180847121 495.9982038746018
211.5977033049049 564.9257379999151
211.62758852509785 612.0936467528588
211.65747374529067 644.7881507653353
211.68735896548355 673.6702445828162
211.7172441856764 685.2360059284227
211.7471294058693 637.3395671660063
211.7770146260621 489.46189211463366
211.80689984625496 262.18214771812734
211.83678506644787 87.29397508622125
211.86667028664073 166.54579358723802
211.8965555068336 605.4821872998388
211.92644072702643 1268.945855320384
211.9563259472193 1829.3273540586013
211.98621116741216 1974.9988735959985
212.01609638760507 1631.7313522440936
212.04598160779793 1022.6350775096272
212.0758668279908 474.5067001137377
212.1057520481837 164.0085371080847
212.13563726837648 54.941020930482416
212.16552248856937 22.543926160214493
212.19540770876225 2.9327102915703316
212.22529292895513 18.96629596162634
212.255178149148 96.34595024928934
212.28506336934083 205.67048878363892
212.31494858953369 281.39108871030686
212.34483380972657 286.2160615426524
212.37471902991945 245.76245927553575
212.40460425011227 203.40744080737727
212.4344894703052 182.4645330939019
212.46437469049803 204.0674086638064
212.4942599106909 293.15262850869806
212.52414513088377 447.5158255438297
212.5540303510766 621.8087819492772
212.58391557126953 760.3226844190882
212.61380079146235 837.7494925202462
212.64368601165523 866.0651355497245
212.6735712318481 875.5640339075406
212.70345645204097 882.8051923409091
212.73334167223385 865.9046720966517
212.76322689242667 785.2866899337987
212.79311211261955 623.9759009978006
212.8229973328124 398.102853068298
212.8528825530053 160.5014521948251
212.8827677731981 10.46237390208188
212.91265299339105 65.92209697409747
212.94253821358387 380.5166140406372
212.97242343377673 853.4452001431677
213.0023086539696 1238.2014319201016
213.03219387416243 1303.5699582396683
213.0620790943553 1012.297287295962
213.09196431454816 542.0656329038176
213.12184953474107 146.429066332828
213.15173475493393 0.05098434675449322
213.1816199751268 158.9826437534469
213.21150519531963 589.154726717104
213.24139041551248 1147.6000695586615
213.27127563570536 1563.6494024796123
213.30116085589825 1550.0095075464615
213.33104607609113 1064.1728303227967
213.360931296284 504.57005949009266
213.3908165164769 516.2511537194654
213.42070173666968 1435.5361528521687
213.45058695686257 2853.9088100363224
213.48047217705545 3798.7509580354545
213.51035739724827 3520.5281422180847
213.5402426174412 2177.1256631989245
213.57012783763403 719.8211966061442
213.60001305782689 96.77161412127613
213.62989827801977 490.288818958318
213.6597834982126 1251.5741238418952
213.68966871840547 1568.7446110577343
213.71955393859835 1182.8985188438792
213.74943915879123 494.01490246749273
213.7793243789841 81.42263204661238
213.80920959917697 180.13511405239404
213.8390948193698 574.5290753866112
213.86898003956267 885.582255765873
213.89886525975555 898.1002130852098
213.9287504799484 652.77688552631
213.9586357001413 322.19522277368213
213.9885209203341 74.44735500837558
214.018406140527 15.260065521266588
214.04829136071987 150.58598258066232
214.07817658091275 363.0039315117925
214.1080618011056 468.6325583829686
214.13794702129843 363.31552953424006
214.1678322414913 141.79922704905923
214.19771746168416 39.94024872282748
214.22760268187707 205.62436914026773
214.25748790206993 520.1474868329433
214.2873731222628 688.7686880838257
214.31725834245563 538.6940402634763
214.34714356264848 236.64675901929127
214.37702878284136 208.12142174323384
214.40691400303425 802.4017117130124
214.43679922322713 1979.224257869416
214.46668444342 3287.266294401349
214.49656966361283 4152.62121336264
214.52645488380568 4238.311080118159
214.55634010399856 3598.0452982692736
214.58622532419145 2558.401978655559
214.61611054438427 1493.0820696734638
214.6459957645772 667.5352290937811
214.67588098477003 196.74951337014343
214.70576620496288 64.85379159902809
214.73565142515577 159.5740414344649
214.76553664534865 312.03941384281467
214.79542186554147 357.5949456872927
214.82530708573435 231.7155029982391
214.85519230592723 56.78100843462023
214.88507752612009 116.03635439754248
214.91496274631297 673.4579819666808
214.9448479665058 1746.3249257510104
214.97473318669867 3006.8195652785894
215.00461840689155 3921.7109524779926
215.0345036270844 4064.763527004493
215.06438884727729 3379.418085132318
215.0942740674701 2203.749397514232
215.124159287663 1049.8697824406615
215.15404450785587 298.4655622845897
215.18392972804875 31.968299732058178
215.2138149482416 95.21022055741086
215.24370016843443 267.3841037240371
215.2735853886273 394.8799336103736
215.30347060882016 429.24111017483995
215.33335582901307 393.1584915363591
215.36324104920593 328.52462186262886
215.3931262693988 266.9338581023646
215.42301148959163 226.36945043150712
215.4528967097845 216.09816332084048
215.48278192997736 233.87248922301356
215.51266715017024 256.9774081705866
215.54255237036313 246.76432312953344
215.572437590556 178.78862317374208
215.60232281074883 77.69950040718294
215.63220803094168 16.27000650376972
215.66209325113456 57.97639789349672
215.69197847132745 181.02549154500144
215.72186369152027 272.4814052669668
215.7517489117132 235.3750458253325
215.78163413190603 121.0012802392918
215.81151935209888 140.96066924440373
215.84140457229176 509.9117644027232
215.87128979248465 1235.0334098475075
215.90117501267747 2052.981712141861
215.93106023287035 2598.96904979507
215.96094545306323 2662.7811982771686
215.99083067325608 2306.144416445252
216.02071589344897 1766.158358954969
216.0506011136418 1270.1136603539292
216.08048633383467 934.8978470145248
216.11037155402755 788.3761039720099
216.14025677422043 817.3685050392753
216.17014199441329 967.8752114051484
216.2000272146061 1130.3798540147416
216.229912434799 1183.3662593219667
216.25979765499187 1081.3426946157704
216.28968287518475 888.1427837539017
216.3195680953776 706.1894808482275
216.34945331557049 573.547606512883
216.3793385357633 447.4886855661581
216.40922375595616 296.6976898715131
216.43910897614907 180.37347468763568
216.46899419634192 198.75135873834245
216.4988794165348 365.3289790661201
216.52876463672763 555.7315906571282
216.5586498569205 605.9088971521621
216.58853507711336 467.537090852348
216.61842029730624 254.05958161054076
216.64830551749913 121.04469510150132
216.678190737692 119.3104123964626
216.70807595788483 182.65706165388664
216.73796117807768 229.6862999281063
216.76784639827056 238.84889641681193
216.79773161846344 231.2439372273176
216.82761683865633 218.53308560995248
216.8575020588492 199.74386298002304
216.88738727904203 208.0100224591712
216.91727249923488 319.498724657267
216.94715771942776 575.1789651484164
216.97704293962065 891.9681274097076
217.00692815981347 1086.0958683435667
217.0368133800064 1020.5367425125507
217.06669860019923 730.8243475182666
217.09658382039208 391.1008454420712
217.12646904058496 161.4187434227221
217.1563542607778 73.98832948076614
217.18623948097067 54.2997777662596
217.21612470116355 33.70004063244549
217.24600992135643 28.09562902470691
217.27589514154928 110.41400377136127
217.3057803617421 324.10405199896127
217.335665581935 629.1149906199552
217.36555080212787 919.0581622592236
217.39543602232075 1081.7688790092973
217.4253212425136 1056.809511371427
217.45520646270649 865.8862419945403
217.4850916828993 607.5728118620958
217.51497690309216 408.2848987084355
217.54486212328507 345.15855021779254
217.57474734347792 397.7534181345271
217.6046325636708 476.7943542271186
217.63451778386363 499.4782909000567
217.6644030040565 436.6728869749121
217.69428822424936 309.09246780387724
217.72417344444227 168.16526193499146
217.75405866463512 100.9017151662563
217.783943884828 240.4201704238208
217.81382910502083 701.2877164576443
217.84371432521368 1435.5149314565942
217.87359954540656 2155.04264004519
217.90348476559944 2464.6262723154214
217.93336998579232 2162.312085342513
217.9632552059852 1454.4173126905853
217.99314042617803 852.1606294522214
218.02302564637088 800.4165003951263
218.05291086656376 1336.743753558432
218.08279608675664 2071.90628422008
218.11268130694947 2518.1082056203954
218.1425665271424 2469.8288579229875
218.17245174733523 2101.620877058319
218.20233696752808 1739.0529019433175
218.23222218772096 1562.8871413479603
218.2621074079138 1515.1170643788373
218.29199262810667 1422.824813002028
218.32187784829955 1175.7354679634868
218.35176306849243 830.0720078249835
218.38164828868528 586.3181042863382
218.41153350887816 639.6114756914309
218.441418729071 1006.0112933121798
218.47130394926387 1480.6766038877736
218.50118916945675 1765.5529795778427
218.5310743896496 1664.6761539279169
218.56095960984248 1221.7133845648052
218.5908448300353 703.9158571386322
218.6207300502282 411.1435109381917
218.65061527042107 445.51146955159567
218.68050049061392 646.02664201494
218.7103857108068 743.6754414161005
218.74027093099963 595.0241145361532
218.7701561511925 289.3319222912723
218.80004137138536 46.16069931221732
218.82992659157827 16.8124184303516
218.85981181177112 167.26729971675323
218.889697031964 334.8578650006989
218.91958225215683 395.1665605629568
218.94946747234968 368.897779718319
218.97935269254256 385.5301959398953
219.00923791273544 558.7545999857775
219.03912313292832 873.983503838559
219.0690083531212 1186.730319609207
219.09889357331403 1330.5991057064834
219.12877879350688 1226.4235342174711
219.15866401369976 920.5332661708064
219.18854923389264 545.2717742722863
219.21843445408547 233.49356136992333
219.2483196742784 54.92417469098585
219.27820489447123 11.88650510221488
219.30809011466408 69.62643007610485
219.33797533485696 184.6001740231872
219.3678605550498 316.9800281315988
219.39774577524267 433.6081369922495
219.42763099543555 509.74226314343554
219.45751621562843 531.4567259634813
219.48740143582128 500.6729027754914
219.51728665601416 437.0922229844675
219.547171876207 368.5199970063656
219.57705709639984 320.10097838825857
219.60694231659275 307.3044070638945
219.6368275367856 325.19148937278186
219.66671275697848 352.32381130406606
219.6965979771713 380.37696199202657
219.7264831973642 433.75375097973057
219.75636841755707 545.1009437967746
219.78625363774995 701.6552557559264
219.8161388579428 819.3220870694216
219.84602407813563 788.9508477921069
219.8759092983285 571.3058814275532
219.90579451852136 260.8870302255904
219.93567973871427 45.95104641701776
219.96556495890712 74.54426940169537
219.9954501791 335.83030760163695
220.02533539929283 661.9065216698574
220.05522061948568 847.5956976875282
220.08510583967856 800.2981042269907
220.11499105987144 610.510850201156
220.14487628006432 474.9071290182205
220.1747615002572 527.8292562615053
220.20464672045003 728.7439045054733
220.23453194064288 901.2744569142016
220.26441716083576 891.5812452653998
220.29430238102864 713.2728093226071
220.32418760122147 552.9975363329488
220.3540728214144 623.8481815024817
220.3839580416072 979.6232823962531
220.41384326180008 1446.0216611203489
220.44372848199296 1734.805260736828
220.47361370218584 1658.2066252303152
220.50349892237867 1271.1461245102967
220.53338414257155 809.6906650754119
220.56326936276443 489.8079516675265
220.59315458295728 370.4939473043989
220.62303980315016 373.1853509840146
220.652925023343 383.4406703972108
220.68281024353587 334.53262040291975
220.71269546372875 228.47962366427905
220.7425806839216 109.2469164955326
220.77246590411448 26.64194645710429
220.8023511243073 11.348860138766362
220.8322363445002 59.85127643278994
220.86212156469304 132.6979772067981
220.89200678488595 179.15467165509955
220.9218920050788 179.5341444666832
220.95177722527163 162.08813767535955
220.9816624454645 165.62049918895488
221.01154766565736 187.3190754393171
221.04143288585024 181.55570516862724
221.07131810604312 116.68628394152888
221.101203326236 30.681783808232332
221.13108854642883 18.601643359959084
221.1609737666217 152.73089275656477
221.19085898681456 412.97758585358355
221.22074420700744 687.7673649424579
221.25062942720032 833.4645170235675
221.2805146473932 752.4807766032469
221.31039986758603 464.3765478741772
221.34028508777888 136.08824538331803
221.37017030797176 16.189116404387242
221.40005552816464 271.501239000494
221.42994074835747 830.806633552555
221.4598259685504 1380.009757613424
221.4897111887432 1558.3669605423806
221.51959640893608 1232.1179052959092
221.54948162912896 620.8567867580662
221.57936684932184 129.47200223370515
221.60925206951467 6.117499393065245
221.63913728970755 164.83533131705326
221.6690225099004 335.08474338540424
221.69890773009328 338.3973933174888
221.72879295028616 211.44459693441587
221.758678170479 94.75720599166212
221.78856339067187 53.387585012662406
221.81844861086475 48.811378982654325
221.84833383105763 60.901681004764285
221.87821905125048 159.80629427821796
221.9081042714433 410.2307320498567
221.9379894916362 729.2205198525182
221.96787471182904 906.1332569846921
221.99775993202195 811.0661839403258
222.0276451522148 570.523220253799
222.05753037240768 477.2918306142512
222.0874155926005 696.3859738740683
222.11730081279336 1082.7657809660168
222.14718603298624 1301.7944403908107
222.17707125317912 1127.6938355627615
222.206956473372 642.5745167175861
222.23684169356483 172.9069496807948
222.2667269137577 48.818310416632606
222.29661213395056 400.74659511377536
222.32649735414344 1129.3726373000736
222.35638257433632 2009.464038352614
222.3862677945292 2794.775151937509
222.41615301472203 3276.521780342701
222.44603823491488 3334.0015311700263
222.47592345510776 2974.3019407270644
222.50580867530064 2324.4442738340185
222.53569389549352 1573.3490651793425
222.5655791156864 898.0490100775877
222.5954643358792 414.9049660479976
222.62534955607208 164.68572440773588
222.65523477626496 112.92195613507212
222.68511999645784 161.2188443403652
222.71500521665067 188.90512099552433
222.7448904368436 129.76639007147563
222.7747756570364 33.45142294859464
222.80466087722928 41.41924947684555
222.83454609742216 280.8202336696973
222.864431317615 762.705935987964
222.89431653780787 1367.0131890367795
222.92420175800075 1917.196646097396
222.9540869781936 2267.0554662286568
222.98397219838648 2345.301578913405
223.0138574185793 2173.557425836405
223.0437426387722 1849.669011931758
223.07362785896504 1487.2848415656688
223.10351307915795 1171.3539289698363
223.1333982993508 947.8788137086678
223.16328351954368 808.7832772915107
223.1931687397365 693.1904003639953
223.2230539599294 536.6460422145096
223.25293918012224 327.3822941709881
223.28282440031512 122.07297606258808
223.312709620508 16.364219526026485
223.34259484070083 79.86605136607902
223.3724800608937 286.79932592544367
223.40236528108656 506.5509868592658
223.43225050127944 585.1348744308265
223.46213572147232 475.64870479607913
223.4920209416652 322.64159579660964
223.52190616185803 377.58369521868286
223.55179138205088 757.4974786346352
223.58167660224376 1292.6369207002565
223.61156182243664 1636.9530496918237
223.64144704262952 1548.1308201847528
223.6713322628224 1122.1635611102888
223.7012174830152 735.6072022576066
223.73110270320808 689.0743594040547
223.76098792340096 930.560166666403
223.79087314359384 1126.904838198867
223.82075836378667 991.1012707145497
223.8506435839796 574.3746869700974
223.8805288041724 213.7307668012804
223.91041402436528 200.4914946480104
223.94029924455816 539.7068877592644
223.970184464751 977.3077872154566
224.00006968494387 1241.1473581691157
224.02995490513675 1274.6231037966045
224.0598401253296 1211.0169770413372
224.08972534552248 1156.0466952472552
224.11961056571536 1061.594656279344
224.1494957859082 823.8755210558119
224.17938100610104 489.3812560518569
224.20926622629395 341.8246196671178
224.2391514464868 736.4331767309981
224.26903666667968 1787.117377819556
224.2989218868725 3197.896879157011
224.3288071070654 4369.6191689210655
224.35869232725824 4691.0441020936605
224.38857754745112 3944.8994715942094
224.418462767644 2531.816913464271
224.44834798783685 1155.7705400674479
224.4782332080297 305.72316373349537
224.50811842822256 50.92048114720646
224.53800364841544 156.62386029228514
224.56788886860832 339.6041614426999
224.5977740888012 471.01661053684086
224.62765930899403 568.7814965373949
224.65754452918688 668.4956583100198
224.68742974937976 750.3245818098203
224.71731496957264 768.1300484444947
224.74720018976552 711.8594780558997
224.7770854099584 612.8281764961417
224.80697063015123 492.3036577364104
224.83685585034408 339.82010106300004
224.86674107053696 162.472801130396
224.89662629072984 32.348685252535645
224.9265115109227 48.678815993882246
224.9563967311156 239.56865437243064
224.9862819513084 507.69286695831846
225.01616717150128 692.8489679555602
225.04605239169416 697.6375285922617
225.075937611887 549.3685770084477
225.10582283207987 353.06881221299403
225.13570805227275 196.1996340077065
225.1655932724656 97.86987633141604
225.19547849265848 38.97206544180945
225.22536371285136 10.314554391887564
225.2552489330442 13.026303385022512
225.28513415323704 31.82036486707885
225.31501937342995 37.74275956513267
225.3449045936228 28.54795638365285
225.37478981381568 54.75490951889371
225.40467503400853 186.1190397008459
225.4345602542014 441.47578547798975
225.46444547439424 759.7659723318835
225.49433069458715 1053.7462543217914
225.52421591478 1290.004216715646
225.55410113497285 1515.4532065120632
225.5839863551657 1811.8892214026644
225.61387157535856 2213.7241578275466
225.64375679555144 2646.1362627510566
225.67364201574432 2932.879796544912
225.7035272359372 2881.588185825449
225.73341245613005 2404.313746364585
225.76329767632288 1602.8253048349684
225.79318289651576 753.3612956933229
225.82306811670864 171.04670447995954
225.85295333690152 23.49283638509919
225.8828385570944 226.21118219408768
225.91272377728723 509.255002674122
225.94260899748008 617.7348268763409
225.97249421767293 486.40976407141136
226.00237943786584 243.7815709301668
226.0322646580587 65.7232491325928
226.0621498782516 28.096988426376736
226.0920350984444 81.65581464888734
226.12192031863728 138.67609578349655
226.15180553883016 158.37746430749607
226.18169075902304 153.11171164227179
226.2115759792159 142.26367960979795
226.24146119940875 125.07665515407928
226.2713464196016 97.98037497432487
226.30123163979448 74.83750755086737
226.33111685998736 73.58027620078597
226.3610020801802 96.25211925247103
226.39088730037307 143.47604456447252
226.42077252056595 244.00363737767148
226.4506577407588 437.42282177571775
226.48054296095168 700.3788884474353
226.51042818114453 903.447129548094
226.5403134013374 891.6647990038272
226.57019862153024 644.8716273716658
226.60008384172315 345.87722547796574
226.629969061916 249.88932777690343
226.65985428210885 449.150379973389
226.68973950230173 760.8888277864128
226.71962472249456 881.8474777026951
226.74950994268744 672.0480929286302
226.77939516288032 283.0019388735894
226.8092803830732 19.58805366215523
226.83916560326605 71.43572683916439
226.8690508234589 354.14852653187967
226.89893604365176 605.2169684686309
226.92882126384464 625.2817220649753
226.95870648403752 424.18543229669024
226.9885917042304 169.39906792694424
227.01847692442325 24.09096960225696
227.04836214461608 32.431218439450475
227.07824736480896 132.8981183497013
227.10813258500184 242.09127624734623
227.1380178051947 314.37909438201297
227.1679030253876 347.1449401237128
227.1977882455804 354.8517310560678
227.22767346577328 341.1883298340547
227.25755868596613 290.949464682114
227.28744390615904 194.3746805069763
227.3173291263519 88.77450071876594
227.34721434654475 66.71465693899064
227.3770995667376 215.62341912302168
227.40698478693048 528.8577375052755
227.43687000712336 871.7811335419977
227.4667552273162 1049.5959789123433
227.4966404475091 943.783860043456
227.52652566770195 611.5126105344847
227.5564108878948 252.89050452659407
227.58629610808768 62.468036641243614
227.61618132828053 101.6820984638915
227.6460665484734 315.70751537206945
227.67595176866624 644.2407906770492
227.70583698885915 1074.0772308769087
227.735722209052 1597.1074736036283
227.76560742924488 2154.308788816187
227.79549264943773 2628.874957688097
227.82537786963056 2893.9765796392217
227.85526308982344 2875.166203081068
227.88514831001632 2580.831395010961
227.9150335302092 2090.072394876811
227.94491875040205 1519.2092051847694
227.97480397059493 991.8300992118029
228.00468919078776 610.9346173124566
228.03457441098064 420.16017776403606
228.06445963117352 379.9672247249387
228.0943448513664 393.6816260228056
228.12423007155925 369.09470667606615
228.15411529175208 273.393285010918
228.18400051194496 141.61351516375925
228.21388573213784 37.78136588892709
228.24377095233072 24.232636446832707
228.2736561725236 153.84812307463454
228.3035413927164 444.49318474378543
228.33342661290928 844.4895188232632
228.36331183310213 1224.3184092813146
228.39319705329504 1427.780205403808
228.4230822734879 1393.4355343328452
228.4529674936808 1220.8691546624264
228.4828527138736 1071.775918162631
228.51273793406648 1029.826452497028
228.54262315425933 1066.6014951798622
228.5725083744522 1101.0511339455427
228.6023935946451 1093.920347540364
228.63227881483795 1099.9821436457648
228.6621640350308 1204.3635782979754
228.69204925522368 1403.4901298742552
228.72193447541653 1573.1303437345491
228.7518196956094 1558.1564290493727
228.78170491580224 1287.519382290919
228.81159013599515 823.4953482460512
228.841475356188 340.6751333028661
228.87136057638088 56.9550970201971
228.90124579657373 118.94830495211532
228.9311310167666 491.1327451587253
228.96101623695944 953.4945336692824
228.99090145715232 1252.16642967427
229.0207866773452 1312.9133414909343
229.05067189753805 1329.2436233939388
229.08055711773093 1591.773411235081
229.11044233792376 2163.201033510971
229.14032755811664 2710.4113018090807
229.17021277830952 2724.212400800099
229.2000979985024 1998.069075162068
229.22998321869525 930.7202547082888
229.25986843888808 306.7663392411543
229.28975365908096 666.7285786128631
229.31963887927384 1823.7331121308207
229.34952409946672 3014.3399578190333
229.3794093196596 3525.427726241373
229.4092945398524 3185.392335363113
229.43917976004528 2360.959475043123
229.46906498023813 1577.548235540168
229.49895020043104 1117.9713940238555
229.5288354206239 917.5266505412121
229.5587206408168 773.9329084251509
229.5886058610096 586.3713244351814
229.61849108120248 392.2708448566521
229.64837630139533 260.05289296169235
229.6782615215882 214.081232827665
229.7081467417811 243.00906782058044
229.73803196197397 319.92448991266
229.7679171821668 392.8388604021752
229.79780240235968 395.44396952634474
229.82768762255253 317.5708183510161
229.8575728427454 262.16042498944074
229.88745806293824 383.88173247903813
229.91734328313115 730.971667709408
229.947228503324 1144.4298027121488
229.97711372351688 1348.3476975995964
230.00699894370973 1180.9752336673416
230.0368841639026 744.8481070305083
230.06676938409544 325.819352875114
230.09665460428832 174.89779592167045
230.1265398244812 345.88006227999085
230.15642504467405 675.5716499258019
230.18631026486693 889.7397839072861
230.21619548505976 784.2284902921898
230.24608070525264 397.25082094409936
230.27596592544552 54.71535619555588
230.3058511456384 193.6683721507288
230.33573636583125 1014.6774887239986
230.36562158602408 2216.661583835053
230.39550680621696 3111.0984390291046
230.42539202640984 3140.492566837917
230.45527724660272 2366.6470141396844
230.4851624667956 1409.15393312048
230.51504768698845 868.7039003651602
230.54493290718128 814.9566830310298
230.57481812737413 847.3924168322312
230.60470334756704 662.4907435223478
230.6345885677599 506.69946468869927
230.6644737879528 956.4824538704813
230.6943590081456 2200.0034060383955
230.72424422833848 3621.087443577884
230.75412944853133 4222.11651226018
230.7840146687242 3506.1290676436215
230.8138998889171 1933.172000617712
230.84378510910997 524.3198042448781
230.8736703293028 32.18346748031044
230.90355554949568 427.344435661886
230.93344076968853 1066.3811017199182
230.9633259898814 1306.2315258680771
230.99321121007424 988.7705401479869
231.02309643026717 427.4278538030076
231.05298165046 72.51309333798862
231.08286687065288 204.22104582382707
231.11275209084573 782.0007511594479
231.1426373110386 1466.0528830688752
231.17252253123144 1812.2361869540928
231.20240775142435 1564.8691020512126
231.2322929716172 869.4968642780286
231.26217819181005 207.4715815252436
231.29206341200293 36.53240102531777
231.32194863219576 408.9217559661303
231.35183385238864 926.83062645223
231.38171907258152 1102.7592826207135
231.4116042927744 789.6855745320462
231.44148951296725 283.04847415449996
231.47137473316008 18.538690892912644
231.50125995335296 182.9137486353015
231.53114517354584 609.1801175000384
231.56103039373872 978.43107986362
231.5909156139316 1072.3649288696608
231.62080083412445 876.2725145199956
231.65068605431728 524.5605891990377
231.68057127451013 196.43674159318695
231.71045649470304 32.426464751142014
231.7403417148959 68.31901622031586
231.7702269350888 207.71572318403545
231.8001121552816 293.54419290412767
231.82999737547448 259.3862486352758
231.85988259566733 207.18163151509057
231.88976781586024 288.452860243379
231.9196530360531 498.9059703168895
231.94953825624597 637.4436536329057
231.9794234764388 513.8020488803037
232.00930869663168 201.61594293175423
232.03919391682453 40.86593751461193
232.0690791370174 319.7804479527155
232.0989643572103 944.4251369105114
232.12884957740317 1475.2151022030482
232.158734797596 1510.60537776266
232.18862001778888 1033.1677836173913
232.21850523798173 401.3170341594279
232.2483904581746 30.965215896977607
232.27827567836744 90.80702491239408
232.30816089856037 460.3286981789515
232.3380461187532 913.0532414698353
232.36793133894605 1302.751696497961
232.39781655913893 1581.6725108741637
232.42770177933176 1711.504653601228
232.45758699952464 1643.445659960791
232.48747221971752 1383.532635486462
232.5173574399104 1021.1122619048792
232.54724266010325 673.6247861942203
232.57712788029613 410.76856912030667
232.60701310048896 231.58898540727063
232.63689832068184 105.32245926573398
232.66678354087472 22.290415406007877
232.6966687610676 2.554308929722399
232.72655398126045 65.66654015577446
232.75643920145328 202.2922231524873
232.78632442164616 372.0485296636202
232.81620964183904 519.7200986358072
232.8460948620319 600.4672630746726
232.8759800822248 605.1398353240598
232.9058653024176 569.6101864418424
232.93575052261048 563.7476807253478
232.96563574280333 655.6501923419128
232.99552096299624 859.853506735399
233.0254061831891 1112.7926568961943
233.05529140338197 1291.329583956232
233.0851766235748 1263.8109486431647
233.11506184376768 975.2285513488448
233.14494706396053 516.9159142623074
233.1748322841534 111.14794712067788
233.2047175043463 19.232473009221327
233.23460272453917 415.6069913902471
233.264487944732 1274.2206267437366
233.29437316492488 2344.355621971751
233.32425838511773 3249.874615229246
233.3541436053106 3640.733463609767
233.38402882550344 3321.59757906311
233.41391404569637 2362.9991901162657
233.4437992658892 1167.5696757687372
233.47368448608208 361.1437027656158
233.50356970627493 461.1471602036928
233.53345492646775 1498.349564767679
233.56334014666064 2882.2781479499768
233.59322536685352 3706.9772236172985
233.6231105870464 3376.822996827016
233.65299580723925 2090.6955180916266
233.68288102743213 739.4045170056391
233.71276624762496 233.6239141851384
233.74265146781784 813.7821245101894
233.77253668801072 1933.9007366556775
233.8024219082036 2760.542429279361
233.83230712839645 2797.712360118276
233.86219234858928 2142.078102801954
233.89207756878216 1262.7839095802055
233.92196278897504 588.3114503052606
233.95184800916792 260.20038318100615
233.9817332293608 174.1846776486883
234.0116184495536 164.5071138547187
234.04150366974648 136.47306236282824
234.07138888993933 83.78040530453853
234.10127411013224 44.698382324748835
234.1311593303251 53.618982780527645
234.161044550518 105.99719241051532
234.1909297707108 150.78227021859078
234.22081499090368 132.24373692711595
234.25070021109653 65.39529033894141
234.2805854312894 67.47393176489335
234.3104706514823 281.2466077884825
234.34035587167517 730.6831336581768
234.370241091868 1241.3295166710084
234.40012631206088 1527.162196708364
234.43001153225367 1395.7690101976332
234.4598967524466 905.2876726843828
234.48978197263943 340.17389777660463
234.51966719283237 20.010507712266286
234.5495524130252 95.77977653807677
234.57943763321808 489.07237855077966
234.60932285341093 988.896962926904
234.6392080736038 1400.4137495530667
234.66909329379664 1633.7101462741064
234.69897851398952 1690.5743343371455
234.7288637341824 1596.7968092708575
234.75874895437525 1365.48820614053
234.78863417456813 1022.3316116979962
234.81851939476095 646.9056742282853
234.84840461495384 370.8806645173761
234.87828983514672 318.40111592694905
234.9081750553396 525.9172625255537
234.93806027553245 897.7619295791555
234.96794549572527 1233.1839827436477
234.99783071591816 1322.6499316796599
235.02771593611104 1070.168262095554
235.05760115630392 579.221240261803
235.0874863764968 138.7599313837729
235.1173715966896 62.71155593864079
235.14725681688248 450.3496091639661
235.17714203707533 1060.07047480434
235.20702725726824 1437.3604107797582
235.2369124774611 1259.8810762881387
235.266797697654 657.5348459991797
235.2966829178468 173.72160744691115
235.32656813803968 328.8732851298967
235.35645335823253 1180.4950013089565
235.3863385784254 2267.4243666765774
235.4162237986183 2972.1859407466854
235.44610901881117 2999.677532836104
235.475994239004 2574.2058582015634
235.50587945919688 2237.554679898958
235.53576467938973 2432.695918135651
235.5656498995826 3189.1776903570967
235.59553511977543 4175.792182732077
235.62542033996837 4912.864282145443
235.6553055601612 4896.972170786866
235.68519078035408 3899.88929493932
235.71507600054687 2283.682865123319
235.7449612207398 814.166083589844
235.77484644093263 174.6221897794084
235.80473166112552 549.4562698385668
235.8346168813184 1455.8864677026484
235.86450210151125 2120.861981130764
235.89438732170413 2123.315765190609
235.92427254189695 1617.4333422137029
235.95415776208984 1063.8940701039755
235.98404298228272 823.1831158965152
236.0139282024756 886.9652551256175
236.04381342266845 932.8335860058969
236.07369864286127 706.3903941358042
236.10358386305415 326.66913036569787
236.13346908324704 74.52983312386807
236.16335430343992 61.2187084249687
236.1932395236328 217.42029938171697
236.22312474382565 391.205523720972
236.25300996401847 447.65949062836137
236.28289518421133 361.46591293952457
236.31278040440424 218.18846308109488
236.3426656245971 184.2195296960452
236.37255084479 435.9699765942525
236.4024360649828 1018.077791430348
236.43232128517568 1751.0416442860612
236.46220650536853 2277.402957013035
236.4920917255614 2311.4005832971966
236.5219769457543 1912.5295388459044
236.55186216594717 1418.614615514177
236.58174738614 1132.0549752431011
236.61163260633288 1112.7147371642611
236.64151782652573 1185.2405470293438
236.6714030467186 1122.1907438148455
236.70128826691143 852.211848192389
236.73117348710437 489.91446521301674
236.7610587072972 194.7567160494336
236.79094392749008 40.48198808201039
236.82082914768287 0.7835651271968869
236.8507143678758 10.311983512172667
236.88059958806863 22.917313783527952
236.91048480826157 35.36480772740113
236.9403700284544 84.15878314051938
236.97025524864725 217.5392228610084
237.00014046884007 435.6729501392404
237.03002568903295 646.6532609508184
237.05991090922583 711.4203428189952
237.08979612941872 568.0703631978868
237.1196813496116 326.7120563948162
237.14956656980445 213.0968189098968
237.17945178999727 371.90026153810487
237.20933701019015 708.2080383503874
237.23922223038304 945.0114584476732
237.26910745057592 871.5410992172305
237.2989926707688 542.8525268864868
237.32887789096165 231.1896991529246
237.35876311115447 179.71735947281636
237.38864833134733 384.391938612076
237.41853355154024 606.1439032334127
237.4484187717331 600.9657930905811
237.478303991926 348.28408018845784
237.5081892121188 86.95827192635804
237.53807443231167 138.64594144100232
237.56795965250453 662.515727986797
237.59784487269744 1545.1901018071835
237.6277300928903 2491.472843140473
237.65761531308317 3207.1654545327033
237.687500533276 3542.0449676115195
237.71738575346888 3520.101569005889
237.74727097366173 3254.9967965896653
237.7771561938546 2842.900430226125
237.8070414140475 2339.2240391607133
237.83692663424037 1804.125989199714
237.8668118544332 1323.747393126235
237.89669707462608 978.8621954100983
237.92658229481887 810.89400702692
237.9564675150118 828.0328822651779
237.98635273520463 1026.9589036288169
238.01623795539757 1370.5949437416728
238.0461231755904 1728.5528947060425
238.07600839578325 1879.7445271629756
238.10589361597607 1650.2039745255447
238.13577883616895 1096.2154702756477
238.16566405636183 522.8178347140757
238.19554927655471 253.379250656976
238.2254344967476 348.7227964943553
238.25531971694045 568.2362882890347
238.28520493713327 628.914823729514
238.31509015732615 505.81292100415834
238.34497537751903 463.0406044540672
238.37486059771192 777.6677105370653
238.4047458179048 1429.4093736070167
238.43463103809765 2063.640588556503
238.46451625829047 2279.729978969209
238.49440147848335 1981.2059528789753
238.52428669867624 1439.967785734268
238.5541719188691 1030.1139859238929
238.584057139062 956.5538672568266
238.6139423592548 1219.8177038891536
238.64382757944767 1709.5716740885803
238.67371279964053 2260.8467110975344
238.70359801983344 2666.4102658878564
238.7334832400263 2711.3571566035525
238.76336846021917 2280.0089273920207
238.793253680412 1482.6733256885796
238.82313890060487 650.1428092162461
238.85302412079773 138.07107458442175
238.8829093409906 96.05658632163117
238.9127945611835 401.0740699312242
238.94267978137637 775.8253942646643
238.9725650015692 975.4114641947056
239.00245022176207 920.1043215001971
239.03233544195487 690.3930259223214
239.0622206621478 421.7662522927668
239.09210588234063 213.36533070574916
239.12199110253357 94.31613345924777
239.1518763227264 37.525040227341165
239.18176154291928 9.806624525582832
239.21164676311207 22.96053797024057
239.24153198330495 131.96512422889907
239.27141720349783 363.22671003788736
239.30130242369071 637.7318570423719
239.3311876438836 789.0402265633485
239.36107286407645 694.9375057330305
239.39095808426927 407.9101932517905
239.42084330446215 143.66689752135088
239.45072852465503 118.8225644379127
239.48061374484791 367.8654581216485
239.5104989650408 700.8500789464346
239.54038418523365 858.5904180595853
239.57026940542647 729.5664901937225
239.60015462561935 420.6467892433112
239.63003984581223 135.30923660607525
239.65992506600512 5.953018872790628
239.689810286198 33.28048550705895
239.7196955063908 146.0092566970895
239.74958072658367 286.4618775774127
239.77946594677653 434.57118098681485
239.80935116696944 568.0836174121918
239.8392363871623 634.9001659849025
239.8691216073552 589.5940523548956
239.899006827548 448.3208010177323
239.92889204774087 287.17964687530383
239.95877726793373 181.53121860831445
239.9886624881266 150.7893839935323
240.0185477083195 160.52055692576175
240.04843292851237 168.80239106925785
240.0783181487052 163.30504884036898
240.10820336889807 160.177421175139
240.13808858909087 185.24462972714252
240.1679738092838 266.7074568078712
240.19785902947663 432.17211591672515
240.22774424966957 682.5321415981081
240.2576294698624 952.3704616961192
240.28751469005527 1115.205976755642
240.31739991024807 1062.9722466666028
240.347285130441 797.0803615861344
240.37717035063383 442.5580875296556
240.4070555708267 163.94172161363315
240.4369407910196 43.693233463701766
240.46682601121245 34.30599560570293
240.49671123140527 37.93286792634736
240.52659645159815 21.2616516788561
240.55648167179103 38.66128271024158
240.58636689198391 151.56389554191986
240.6162521121768 340.80106501888156
240.64613733236965 510.7634282771377
240.67602255256247 577.655779941822
240.70590777275535 537.5871107967016
240.73579299294823 445.6745963093613
240.76567821314111 348.4494619602235
240.795563433334 252.96728636335865
240.8254486535268 152.31795846307256
240.85533387371967 61.874682190230224
240.88521909391253 23.37923720915869
240.91510431410543 75.69813978050112
240.9449895342983 225.9462389285706
240.9748747544912 444.24529012098526
241.004759974684 667.9788424909141
241.03464519487687 804.462714052182
241.06453041506973 759.8321871073703
241.0944156352626 517.169236951404
241.1243008554555 211.2788841451372
241.15418607564837 97.62095556644643
241.1840712958412 389.43754267983496
241.21395651603407 1073.4446432345771
241.24384173622693 1860.9430174310503
241.2737269564198 2341.3576320226275
241.30361217661263 2247.5644142316573
241.33349739680557 1640.3636690901
241.3633826169984 865.9139166444786
241.39326783719127 314.47827496396707
241.42315305738407 169.1503713348056
241.453038277577 327.8862751577428
241.48292349776983 528.1381179994794
241.5128087179627 557.6409393110982
241.5426939381556 394.8922292555301
241.57257915834845 188.2755444278808
241.60246437854127 105.47564451958463
241.63234959873415 184.72250119909265
241.66223481892703 316.26058588852527
241.6921200391199 358.6177845303768
241.7220052593128 271.6142821861205
241.75189047950565 148.28133439523907
241.78177569969847 123.39894672195965
241.81166091989135 247.03603151354235
241.84154614008423 441.21044725164074
241.8714313602771 570.438028969566
241.90131658047 552.6554555700521
241.93120180066285 409.2215706719488
241.96108702085567 224.6149756330281
241.99097224104852 79.81226211138986
242.02085746124143 17.642933210822516
242.0507426814343 41.71860376300163
242.0806279016272 133.3714666872964
242.11051312182 268.3853472960256
242.14039834201287 417.6570832179992
242.17028356220573 539.1168316684503
242.2001687823986 584.2130748575846
242.2300540025915 529.9738230621209
242.25993922278437 417.6277714537469
242.2898244429772 356.5695094110262
242.31970966317007 464.48891790011584
242.34959488336293 765.851514677929
242.3794801035558 1133.5896483023587
242.40936532374863 1350.8488270004939
242.43925054394157 1263.3520133180457
242.4691357641344 901.5532285175497
242.49902098432727 459.7316889079344
242.52890620452007 141.43063931240437
242.558791424713 30.499178663337872
242.58867664490583 103.6143042915718
242.61856186509877 318.53428707187436
242.6484470852916 649.6497424887597
242.67833230548445 1024.6879778241967
242.70821752567727 1279.3228193999971
242.73810274587015 1272.615286010668
242.76798796606303 1069.0854270522364
242.7978731862559 963.6295631374765
242.8277584064488 1272.8337331329335
242.85764362664165 2028.0871706268672
242.88752884683447 2854.578856311531
242.91741406702735 3212.4337207813114
242.94729928722023 2813.123225998542
242.9771845074131 1838.5947399695788
243.007069727606 793.4312238707229
243.03695494779885 141.23319197091527
243.06684016799167 15.563696348502976
243.09672538818452 204.23148441653927
243.12661060837743 377.8744353897258
243.15649582857029 350.1203042053552
243.1863810487632 195.01839849199897
243.216266268956 192.9739571083643
243.24615148914887 635.1751747688329
243.27603670934172 1569.5626185952403
243.30592192953463 2665.000515301733
243.3358071497275 3355.46521868021
243.36569236992037 3221.1472752529207
243.3955775901132 2324.596770052043
243.42546281030607 1216.5745354176872
243.45534803049893 571.7994784547724
243.4852332506918 706.1736144236785
243.5151184708847 1368.9276285848907
243.54500369107757 1988.505262751616
243.5748889112704 2128.5899042663264
243.60477413146327 1761.801192461866
243.63465935165607 1178.2920137526787
243.664544571849 678.6025473975158
243.69442979204183 375.96559719959527
243.72431501223477 240.19019265032367
243.7542002324276 231.80801030238607
243.78408545262045 350.2952616456775
243.81397067281327 571.1982321815894
243.84385589300615 788.6728605488739
243.87374111319903 862.0502221513202
243.9036263333919 725.6439138537226
243.9335115535848 450.963303740293
243.96339677377765 188.31243383724697
243.99328199397047 39.86793951334543
244.02316721416335 0.5153442078835335
244.05305243435623 12.410949738911937
244.0829376545491 55.999507054214114
244.112822874742 180.53921027675247
244.14270809493485 447.0006094997216
244.17259331512767 843.760629729843
244.20247853532055 1256.3558312078233
244.23236375551343 1526.2491610269324
244.26224897570629 1550.6674923037951
244.2921341958992 1334.6798025913167
244.322019416092 971.6527265868384
244.35190463628487 588.1859735559458
244.38178985647772 285.22430895809225
244.41167507667063 104.6532912357381
244.44156029686349 38.24497235671188
244.47144551705637 57.987060685431096
244.5013307372492 134.2808368363078
244.53121595744207 236.06606072012863
244.56110117763492 330.53962046955763
244.5909863978278 392.8795554233085
244.6208716180207 419.67350102360814
244.65075683821357 430.34142629787146
244.6806420584064 444.5456207661081
244.71052727859927 454.19821095757686
244.74041249879207 428.6942813008593
244.770297718985 352.8617851520907
244.80018293917783 251.36212730117325
244.83006815937077 169.09362103579736
244.8599533795636 128.15655672538523
244.88983859975647 108.2146557254783
244.91972381994927 73.84056483198243
244.94960904014215 23.246619345524696
244.97949426033503 4.066497698016128
245.0093794805279 67.30350403235413
245.0392647007208 201.73515516556148
245.06914992091365 326.8398735302511
245.09903514110647 367.60950936981885
245.12892036129935 347.2542382892719
245.15880558149223 402.4341107825747
245.1886908016851 689.2762994309294
245.218576021878 1246.289257904698
245.24846124207085 1924.030320144828
245.27834646226367 2452.7663322737567
245.30823168245655 2606.687473720288
245.33811690264943 2329.230646885327
245.3680021228423 1739.1371126882386
245.3978873430352 1055.6091037304943
245.427772563228 494.45940986763213
245.45765778342087 169.8601884072749
245.48754300361372 61.381620139065205
245.51742822380663 66.1479884918611
245.54731344399949 82.2995073829301
245.5771986641924 65.91527176710191
245.6070838843852 32.71547467115091
245.63696910457807 16.354847927350093
245.66685432477092 30.99632570330842
245.6967395449638 66.37161529455756
245.72662476515669 104.1471748078292
245.75650998534957 131.7461212800962
245.7863952055424 142.53950456420037
245.81628042573527 133.63308276139279
245.84616564592807 112.40096002708732
245.876050866121 99.27385868844097
245.90593608631383 111.22787387852647
245.93582130650677 137.9655771610256
245.9657065266996 141.57769719031256
245.99559174689247 96.82780744981366
246.02547696708527 37.97991217635237
246.0553621872782 42.01512184063404
246.08524740747103 143.6381363255948
246.1151326276639 273.0185905625349
246.1450178478568 300.95524344250987
246.17490306804964 175.04917233695997
246.20478828824247 17.814318118810952
246.23467350843535 72.24974717236287
246.26455872862823 526.2378254247069
246.2944439488211 1346.4561697142049
246.324329169014 2257.772729024085
246.35421438920685 2915.215500833327
246.38409960939967 3121.4151238073
246.41398482959255 2894.9904794270424
246.44387004978543 2392.3482992376153
246.4737552699783 1802.8422692602717
246.5036404901712 1275.5077875502748
246.533525710364 883.4440858939338
246.56341093055687 630.6976614199483
246.59329615074972 485.1247448363006
246.62318137094263 405.4389558667585
246.65306659113548 352.7793303101224
246.6829518113284 297.45927649330446
246.7128370315212 226.75489298620263
246.74272225171407 148.02738689747562
246.77260747190692 81.35089980717481
246.8024926920998 42.52317295844667
246.83237791229269 28.003507951553335
246.86226313248557 23.340591873606524
246.8921483526784 33.36011713362978
246.92203357287127 91.89065862096186
246.95191879306412 221.91633982273763
246.981804013257 380.01121034292333
247.01168923344983 462.313762536428
247.04157445364277 403.09331817469166
247.0714596738356 275.2244601593925
247.10134489402847 259.6408123200731
247.13123011422127 473.3316423414125
247.1611153344142 814.4377188489472
247.19100055460703 1009.7543966624318
247.2208857747999 863.6526731434294
247.2507709949928 479.5007976938468
247.28065621518564 203.16391072745836
247.31054143537847 299.5058417394588
247.34042665557135 677.9686684090486
247.37031187576423 959.3458812938208
247.4001970959571 842.4467924681685
247.43008231615 421.62654237769567
247.45996753634284 127.76732927009124
247.48985275653567 341.02379900819534
247.51973797672855 1031.280859159779
247.54962319692143 1747.3105044910635
247.5795084171143 1985.1514411520857
247.6093936373072 1587.568197221599
247.63927885750005 832.280842414744
247.66916407769287 200.46697314923995
247.69904929788572 2.3727547516624665
247.72893451807863 176.18525473823578
247.75881973827148 434.16076815743605
247.7887049584644 519.8170926334111
247.8185901786572 372.12941503306246
247.84847539885007 153.99870331717767
247.87836061904292 78.94380007420868
247.9082458392358 205.88847453863184
247.93813105942868 439.22677082478725
247.96801627962157 643.7958023946987
247.9979014998144 726.832654934746
248.02778672000727 671.0375023222437
248.05767194020012 521.1523673012471
248.087557160393 350.17189194981086
248.11744238058583 235.07635319255496
248.14732760077877 232.4027540188508
248.1772128209716 346.5522718351307
248.20709804116447 507.9766610667669
248.23698326135727 602.796930878259
248.2668684815502 576.5408951954897
248.29675370174303 517.0401205397186
248.32663892193597 584.8156989372137
248.3565241421288 840.4513565617837
248.38640936232164 1151.2085417766289
248.41629458251447 1277.052838260163
248.44617980270735 1073.763850828764
248.47606502290023 629.5748992942862
248.5059502430931 201.03079415445544
248.535835463286 9.666990991216842
248.56572068347884 80.60729336254478
248.59560590367167 257.55355886213346
248.62549112386455 360.415536699988
248.65537634405743 323.0826545230599
248.6852615642503 207.15391153897113
248.7151467844432 112.314917373036
248.74503200463604 84.77847636129405
248.77491722482887 110.0352947417408
248.80480244502172 156.40042362254343
248.83468766521463 195.4656734137872
248.86457288540748 202.75022085901327
248.8944581056004 164.83845930370182
248.9243433257932 93.92483532860697
248.95422854598607 40.84207314189989
248.98411376617892 83.3194033083982
249.01399898637183 278.96268485737835
249.04388420656468 613.2791577342044
249.07376942675756 982.1737858063725
249.1036546469504 1227.3977413198027
249.13353986714327 1215.524445626204
249.16342508733612 924.6492013280416
249.193310307529 486.70875107306097
249.22319552772188 129.74226243232863
249.25308074791477 31.083053436692392
249.2829659681076 188.94300160514217
249.31285118830047 424.103527421504
249.34273640849327 521.6271611211631
249.3726216286862 397.4860108580938
249.40250684887903 163.34676369147556
249.43239206907197 51.40742222525292
249.4622772892648 243.08158298139907
249.49216250945764 722.2281543845634
249.52204772965047 1280.7846496867217
249.55193294984335 1659.2787454709166
249.58181817003623 1700.9251579598588
249.6117033902291 1425.3328181364427
249.641588610422 986.1060638114528
249.67147383061484 559.6088306995807
249.70135905080767 254.87001198731645
249.73124427100055 90.57653894799843
249.76112949119343 26.187042859210937
249.7910147113863 10.989951887240812
249.8208999315792 18.032668504003155
249.85078515177204 52.64404114971057
249.88067037196487 144.4941683315444
249.91055559215775 327.4045110134709
249.94044081235063 605.6743440936941
249.97032603254348 926.5314684113479
250.0002112527364 1192.3333284189375
250.0300964729292 1314.3582632027728
250.05998169312207 1273.4377430757468
250.08986691331492 1139.9909339120459
250.11975213350783 1010.4834550328876
250.14963735370068 902.676574893821
250.17952257389356 746.8036579232355
250.2094077940864 499.2015439818491
250.23929301427927 242.57752281138573
250.26917823447212 173.95155010031033
250.299063454665 467.18505429849233
250.32894867485788 1086.9342312336264
250.35883389505076 1755.2543522259875
250.3887191152436 2143.233627647868
250.41860433543647 2084.539338889435
250.4484895556293 1639.9184272683428
250.4783747758222 1031.8862052845932
250.50825999601503 506.0770534827392
250.53814521620797 192.28626874262423
250.5680304364008 72.43676628441389
250.59791565659367 57.956503570531126
250.62780087678647 71.1076141684738
250.65768609697935 72.58936677983327
250.68757131717223 54.5232561500618
250.7174565373651 26.475371198795468
250.747341757558 5.184671364894224
250.77722697775084 8.673372555991357
250.80711219794367 51.30368807221987
250.83699741813655 134.3822253107633
250.86688263832943 232.8319652764401
250.8967678585223 297.09273999323534
250.9266530787152 285.23790900488603
250.95653829890804 198.7341613796924
250.98642351910087 87.12956195863333
251.01630873929375 19.812023563053195
251.04619395948663 41.378246672295056
251.0760791796795 141.49667293562484
251.1059643998724 271.32023556596187
251.1358496200652 393.43823834004354
251.16573484025807 510.0959374457392
251.19562006045092 639.0525110254939
251.22550528064383 771.8751578194493
251.25539050083668 872.1557086130675
251.2852757210296 914.0184776103983
251.3151609412224 908.24242580988
251.34504616141527 893.8033821487937
251.37493138160812 920.0755287410656
251.404816601801 1034.2069932139239
251.43470182199388 1263.989402939861
251.46458704218676 1591.0955492234764
251.4944722623796 1927.804881336068
251.52435748257247 2122.575918080284
251.5542427027653 2027.2088608480296
251.5841279229582 1615.469286293415
251.61401314315103 1038.4907465645904
251.64389836334396 529.2052479870298
251.6737835835368 243.72370317976765
251.70366880372967 175.95633958331646
251.7335540239225 195.77696754851087
251.7634392441154 173.87980825010752
251.79332446430823 85.81291304343625
251.8232096845011 14.71855005922554
251.853094904694 64.18512097794894
251.88298012488684 255.96357394434023
251.91286534507967 501.3556489108104
251.94275056527255 660.0033559656449
251.97263578546543 634.5600822945968
252.0025210056583 445.0927779388692
252.0324062258512 219.886985073753
252.06229144604404 97.32599476388287
252.09217666623687 121.73160682508484
252.12206188642975 217.40598887313493
252.15194710662263 262.72922231472876
252.1818323268155 201.45496449868887
252.2117175470084 84.68806375668406
252.2416027672012 7.843224810004563
252.27148798739407 17.687455105351987
252.30137320758692 82.05437776350264
252.33125842777983 136.78260094041698
252.36114364797268 148.40142360328832
252.3910288681656 127.07447794672429
252.4209140883584 93.49570800436209
252.45079930855127 56.76976682963013
252.48068452874412 26.4290396329513
252.510569748937 28.1039566944113
252.54045496912988 91.36365351705494
252.57034018932276 219.76902248579023
252.6002254095156 382.72012702588785
252.63011062970847 537.5006904869118
252.65999584990132 646.2021232765388
252.6898810700942 669.5844380897827
252.71976629028703 569.5572695973686
252.74965151047996 352.15838198356187
252.7795367306728 113.3163968177252
252.80942195086567 3.6810557332715463
252.8393071710585 102.35661982276643
252.8691923912514 312.9245965319939
252.89907761144423 417.8679708043188
252.9289628316371 292.1019138848542
252.95884805183 71.99799521114002
252.98873327202284 64.09891140964352
253.0186184922157 447.6988820831052
253.04850371240855 1052.4936402539568
253.07838893260143 1454.0318096214187
253.1082741527943 1343.0233658815982
253.1381593729872 805.971492222621
253.16804459318004 245.88046885751615
253.19792981337287 52.57289307977182
253.22781503356575 305.200952448417
253.25770025375863 739.5251968747687
253.2875854739515 1004.6830006891892
253.3174706941444 949.3272563293882
253.34735591433724 677.0769880627639
253.37724113453007 389.6167775010648
253.40712635472292 212.9741870202146
253.43701157491583 147.6924703049484
253.46689679510868 128.93054119401137
253.4967820153016 104.50296208827196
253.5266672354944 67.67822235233403
253.55655245568727 39.76225942297372
253.58643767588012 39.77608464152789
253.616322896073 76.69052112624809
253.64620811626588 161.8337450736317
253.67609333645876 316.1497464381863
253.7059785566516 555.7906471497045
253.73586377684447 860.8665106454449
253.76574899703732 1151.1616060601896
253.7956342172302 1300.181570505238
253.82551943742308 1204.3904366465995
253.85540465761596 872.3392729434375
253.8852898778088 447.89340494558166
253.91517509800167 126.07150092521081
253.9450603181945 21.737958200021456
253.9749455383874 95.38465953025865
254.00483075858023 202.2801762926588
254.03471597877316 231.8330935976641
254.064601198966 210.1611891264311
254.09448641915884 257.9451557922571
254.1243716393517 439.58199574007745
254.15425685954455 664.0765883201689
254.18414207973743 753.8156205066153
254.2140272999303 617.9669460210782
254.2439125201232 345.89549366548886
254.27379774031604 126.57405826435864
254.3036829605089 83.15262410590621
254.33356818070175 173.05679035964735
254.36345340089463 246.20296983958497
254.3933386210875 208.92364172610937
254.4232238412804 110.98388878949768
254.45310906147324 70.77167902760628
254.48299428166607 142.62296162148743
254.51287950185892 263.00386180914046
254.54276472205183 322.4317952012641
254.57264994224468 278.9130385632185
254.6025351624376 185.93973260504592
254.6324203826304 120.37074648898844
254.66230560282327 103.64545920376108
254.69219082301612 99.3930058758691
254.72207604320903 77.10362868425446
254.75196126340188 59.74372026602968
254.78184648359476 99.08503433862973
254.8117317037876 207.2952696156435
254.84161692398047 324.7696239365728
254.87150214417332 363.9036457031586
254.9013873643662 284.47132136667574
254.93127258455908 131.86445168743293
254.96115780475196 14.817561410942078
254.9910430249448 48.466784118136616
255.02092824513767 296.29542354228005
255.0508134653305 727.3521549995933
255.0806986855234 1204.0360415781552
255.11058390571625 1522.4791767039612
255.14046912590916 1512.5392054930985
255.170354346102 1154.4644971830087
255.20023956629484 618.6357384877995
255.2301247864877 172.03307220414382
255.26001000668057 8.928142070788772
255.28989522687343 128.15009923107633
255.3197804470663 349.2127809759461
255.3496656672592 459.76497540525577
255.37955088745204 375.4987798831
255.4094361076449 187.16137554692168
255.43932132783775 72.16522265682646
255.46920654803063 147.60138991081755
255.4990917682235 379.724876688284
255.5289769884164 618.6113327508658
255.55886220860924 716.9990969220073
255.5887474288021 627.658836455108
255.61863264899495 415.2270802540054
255.64851786918783 195.20580110312713
255.67840308938068 52.7661805009672
255.7082883095736 2.3397547962545726
255.7381735297664 12.302076419989632
255.76805874995927 55.3955471674432
255.79794397015212 136.3627464761676
255.82782919034503 282.8733069737103
255.85771441053788 513.8058787053059
255.88759963073076 816.1371235870392
255.9174848509236 1147.4892477605047
255.94737007111647 1450.8585693154255
255.97725529130932 1668.4336798108457
256.0071405115022 1764.0822859823663
256.0370257316951 1756.1770369868102
256.066910951888 1714.295391950121
256.0967961720808 1686.734497400695
256.12668139227367 1634.129469378492
256.1565666124666 1456.737957892619
256.18645183265943 1086.4788500695126
256.2163370528523 584.1725329525057
256.24622227304513 176.39558336405267
256.27610749323804 135.8439782399234
256.3059927134309 568.7051265517641
256.3358779336237 1312.99656525047
256.3657631538166 2021.496772297484
256.39564837400945 2364.9245404200724
256.4255335942024 2226.797940472951
256.4554188143952 1736.8678992225982
256.48530403458807 1137.4347085177408
256.51518925478086 627.7395368518008
256.54507447497383 292.8613738395628
256.5749596951667 121.38528086567932
256.60484491535954 62.67737104774718
256.6347301355524 68.83998180103742
256.66461535574524 105.06644482473234
256.6945005759381 154.4897968970398
256.724385796131 234.21087356494007
256.75427101632386 398.2421888556818
256.7841562365167 700.9672215441053
256.8140414567096 1137.5432532846096
256.84392667690247 1601.2726910902757
256.87381189709527 1900.2306431269333
256.9036971172882 1862.892499993411
256.933582337481 1469.775924752979
256.96346755767394 883.5157227890278
256.9933527778668 352.10484973056856
257.02323799805964 61.70975061160416
257.0531232182525 31.572619040955896
257.08300843844535 130.01043648605443
257.11289365863826 195.6377358741962
257.1427788788311 157.14355481730018
257.172664099024 63.02005680071839
257.2025493192168 12.203694563939543
257.23243453940967 58.72233783900841
257.2623197596026 174.0747367882797
257.29220497979543 281.60092188188366
257.3220901999883 319.80997957391486
257.35197542018113 287.03830901430376
257.38186064037404 249.04767404279409
257.4117458605669 318.35086548633774
257.44163108075975 607.3195640668416
257.4715163009526 1144.8211375667438
257.50140152114545 1788.8507566129922
257.5312867413384 2243.461944351399
257.5611719615312 2237.0085881740542
257.59105718172407 1726.0089294322493
257.62094240191686 949.123052907808
257.65082762210983 292.9383151767266
257.6807128423027 31.917966775066954
257.71059806249554 132.3650653494385
257.7404832826884 325.30206709608626
257.77036850288124 365.5989244891063
257.8002537230741 219.9903718134194
257.830138943267 47.96601693423983
257.86002416345985 14.39568954632017
257.8899093836527 128.5740705746169
257.9197946038456 267.60919444012194
257.94967982403847 316.4353231792212
257.97956504423126 268.99775608219676
258.0094502644242 212.45001909692584
258.039335484617 235.3308231840867
258.06922070480994 365.8365430544749
258.0991059250028 574.9907403614508
258.12899114519564 794.8984217977346
258.1588763653885 924.5719648106483
258.18876158558135 861.9500559042444
258.21864680577426 588.3739851933668
258.2485320259671 234.54042170849897
258.27841724616 22.652453284223817
258.3083024663528 95.48174741835741
258.33818768654567 380.4014530518164
258.3680729067386 631.6445188136688
258.3979581269314 644.7412079464693
258.4278433471243 445.95943524551296
258.45772856731713 245.60495361737625
258.48761378751004 214.8751676566453
258.5174990077029 328.8141959238188
258.54738422789575 411.290095497007
258.5772694480886 333.2846941172381
258.6071546682815 156.7794173509641
258.6370398884744 60.392105503326405
258.6669251086672 150.64758187273463
258.69681032886007 366.25137392400455
258.72669554905286 545.3887145476782
258.75658076924583 574.319178945966
258.7864659894387 468.1592269486314
258.81635120963153 320.0983105919634
258.8462364298244 206.60678729042104
258.87612165001724 151.86246214357644
258.9060068702101 154.06053642440705
258.935892090403 212.7257806485608
258.96577731059585 321.1329778728986
258.9956625307887 445.885127437798
259.0255477509816 534.3389632958274
259.05543297117447 553.6831821277686
259.08531819136726 514.7222605682314
259.1152034115602 453.0443941612996
259.145088631753 407.8637848420647
259.17497385194594 409.41822741223274
259.2048590721388 453.28354631775113
259.23474429233164 502.84908458133555
259.2646295125245 522.9362723100662
259.2945147327174 490.75578613012107
259.32439995291026 401.35904793391376
259.3542851731031 280.7870566392021
259.384170393296 171.96879063910893
259.4140556134888 102.71827924801896
259.44394083368167 69.43487637870676
259.4738260538746 49.02308767149067
259.5037112740674 27.3033082062588
259.5335964942603 8.40227390794043
259.56348171445313 0.08543988035490525
259.59336693464604 7.8481394654842225
259.6232521548389 38.07895785412883
259.65313737503175 88.61385401082882
259.68302259522454 138.60001852481852
259.7129078154175 157.74562870348473
259.7427930356104 131.38187916105895
259.7726782558032 82.67811414672904
259.80256347599607 67.0251338245915
259.83244869618886 133.7854643355106
259.86233391638183 274.40969626832526
259.8922191365747 406.02914954315594
259.92210435676753 430.0963507408287
259.9519895769604 316.8725777922036
259.9818747971533 138.92643210352404
260.01176001734615 25.933657150146693
260.041645237539 70.29170975774953
260.07153045773185 258.0612556254008
260.1014156779247 469.7141521824764
260.1313008981176 554.4552276984698
260.16118611831047 444.5139523992625
260.19107133850326 213.73259220302032
260.2209565586962 29.908766655445795
260.250841778889 44.025882968425954
260.28072699908193 290.88160330027944
260.3106122192748 676.1159749670319
260.34049743946764 1046.3037366561034
260.3703826596605 1266.2201672795093
260.4002678798534 1264.5824002481
260.43015310004625 1051.5825912218436
260.4600383202391 718.8434895103653
260.48992354043196 427.94528264617776
260.5198087606248 353.31452179174806
260.54969398081766 562.2114952250269
260.5795792010106 922.4919499898044
260.6094644212034 1150.3082086916347
260.6393496413963 1012.0475484606532
260.6692348615892 548.273779593731
260.69912008178204 97.32290416285888
260.7290053019749 61.52250032484744
260.75889052216775 616.6136125256621
260.78877574236054 1583.329697181448
260.8186609625535 2545.156235595168
260.8485461827464 3127.641883383568
260.8784314029392 3188.50314698898
260.90831662313207 2787.04054054496
260.93820184332486 2086.073189271193
260.9680870635178 1297.0909417959415
260.9979722837107 619.1724342451637
261.02785750390353 180.8105674057489
261.0577427240964 15.259760860003606
261.0876279442893 55.79774807396605
261.11751316448215 177.60256372464087
261.147398384675 277.84643262859873
261.17728360486785 320.3448609858375
261.2071688250607 322.4530743325625
261.2370540452536 319.3335681832824
261.26693926544647 336.64888361893645
261.29682448563926 379.7577690633016
261.3267097058322 431.1669239663172
261.3565949260251 457.04052138222
261.38648014621793 432.5520181650919
261.4163653664108 370.09757038974954
261.44625058660364 316.56009419639554
261.4761358067965 313.5212087890818
261.5060210269894 352.67785243632795
261.53590624718225 375.02255929973063
261.5657914673751 326.50226573665884
261.59567668756796 219.50259840274745
261.6255619077608 137.71193367698635
261.65544712795366 168.03625410883063
261.6853323481466 330.8976299984836
261.7152175683394 581.3255797801967
261.7451027885323 836.4438649337466
261.7749880087252 998.0354266833784
261.80487322891804 999.7439079337967
261.8347584491109 841.3136585712176
261.86464366930375 581.5752572162866
261.89452888949654 315.4959405223954
261.9244141096895 126.52032354575638
261.9542993298824 36.92150477987495
261.9841845500752 15.649323789865157
262.01406977026807 25.59767898895343
262.043954990461 48.12620052870905
262.0738402106538 71.9316970935686
262.1037254308467 81.3927047603278
262.13361065103953 74.924070367413
262.1634958712324 100.07784081685423
262.1933810914253 247.37003671408505
262.22326631161815 564.805953642589
262.25315153181094 960.2729463447424
262.28303675200385 1229.0771576298685
262.3129219721967 1225.4656883187563
262.3428071923896 991.3738439377987
262.37269241258247 698.9100596956612
262.40257763277526 495.68704856622816
262.4324628529682 406.4062860582309
262.4623480731611 358.7964126754138
262.49223329335393 295.5634012429734
262.5221185135468 239.5661795275224
262.55200373373964 237.96181431956495
262.5818889539325 276.47036832461856
262.6117741741254 280.92305505112324
262.64165939431825 202.66702932354397
262.6715446145111 82.04823372908243
262.70142983470396 7.660396805542542
262.73131505489687 19.80723822881317
262.76120027508966 78.3712836433824
262.7910854952826 129.0800955170209
262.8209707154754 178.42890587016183
262.8508559356683 284.7662423565536
262.8807411558612 483.2270941129798
262.91062637605404 736.8212153366509
262.9405115962469 969.8015136113193
262.97039681643975 1132.6542597762327
263.00028203663254 1211.974354136004
263.0301672568255 1202.0612510004962
263.06005247701836 1094.813229194633
263.0899376972112 885.3821056398903
263.11982291740406 597.5367968701438
263.149708137597 307.38128849077816
263.1795933577898 106.07056727695014
263.2094785779827 36.33444391792496
263.23936379817553 79.04890511484743
263.2692490183684 185.3543161115872
263.2991342385613 312.77732470117365
263.32901945875415 441.64858292287136
263.35890467894694 568.6010554267259
263.38878989913985 688.9084728469088
263.4186751193327 783.8729524795892
263.4485603395256 824.7001514676887
263.47844555971847 788.5014369724581
263.50833077991126 668.2134858017199
263.53821600010417 478.4408761277724
263.5681012202971 265.53221428886036
263.59798644048993 97.68745404292413
263.6278716606828 35.39074949239952
263.65775688087564 109.46743580636029
263.6876421010685 303.9475634355388
263.7175273212614 557.3220718579937
263.74741254145425 788.6304280844573
263.7772977616471 931.6991683224272
263.80718298183996 982.1625026069638
263.83706820203287 994.8975547602182
263.86695342222566 1004.7497602450524
263.8968386424186 992.0760367458151
263.9267238626114 919.6790122580717
263.9566090828043 763.2904410759367
263.9864943029972 539.380205613312
264.01637952319004 314.80379354097636
264.0462647433829 156.9581174066575
264.07614996357574 80.38991282868132
264.10603518376854 50.767046216168445
264.1359204039615 27.30899859814264
264.16580562415436 4.920705321864675
264.1956908443472 32.24897159391911
264.22557606454006 190.91929310186123
264.255461284733 538.9391133363864
264.2853465049258 1046.6037210718316
264.3152317251187 1570.2233509469124
264.3451169453116 1904.5419503161436
264.3750021655044 1908.951911765512
264.4048873856973 1621.1018171397618
264.43477260589015 1243.0144747327963
264.46465782608294 989.1406050081522
264.49454304627585 929.2860423450904
264.5244282664688 968.6394605829681
264.5543134866616 963.8100986562954
264.58419870685447 846.6947551354247
264.61408392704726 651.7754727415684
264.64396914724017 455.0146003283494
264.6738543674331 306.86606042863167
264.70373958762593 219.20486244960088
264.7336248078188 186.72615258858923
264.76351002801164 193.99612297286728
264.7933952482045 206.9848483757052
264.82328046839734 186.4016916116365
264.85316568859025 124.77088711639713
264.8830509087831 61.76950325669868
264.91293612897596 49.62612224640655
264.94282134916887 98.23253188018198
264.97270656936166 163.44302471007805
265.0025917895546 194.35301022763448
265.0324770097474 179.2851704450858
265.0623622299403 138.78592504326812
265.0922474501332 87.02705879924515
265.12213267032604 29.533004413908237
265.1520178905189 4.288303146486066
265.18190311071174 83.98795899442676
265.21178833090465 302.0128246238028
265.2416735510975 571.9584502336829
265.27155877129036 715.5914497754718
265.3014439914832 615.7554565375775
265.33132921167606 336.5831560771876
265.361214431869 78.68226104940656
265.3910996520618 9.272957301829699
265.4209848722547 118.4453096215299
265.4508700924476 258.48335340608276
265.4807553126404 320.3972966750072
265.5106405328333 330.27377279570163
265.54052575302615 393.76144768780415
265.57041097321894 571.6515532697673
265.60029619341185 794.326942591753
265.63018141360476 911.1139490009828
265.6600666337976 830.1348225929422
265.68995185399046 595.6098879969644
265.71983707418326 361.04294591122755
265.74972229437617 311.8043249652536
265.7796075145691 563.5246622287505
265.80949273476193 1060.9353792144293
265.8393779549548 1553.8228260529363
265.86926317514764 1726.75255121881
265.89914839534055 1431.7792280303563
265.92903361553334 826.2713672221082
265.95891883572625 264.9795793281543
265.9888040559191 25.452834396662624
266.01868927611196 113.5807194145046
266.04857449630487 321.3212586067343
266.07845971649766 446.86129754008925
266.10834493669057 444.0606186858439
266.1382301568834 382.45710802478584
266.1681153770763 308.70310571477046
266.1980005972692 200.52231337914296
266.22788581746204 64.44202547909171
266.2577710376549 13.443366367827805
266.28765625784774 183.83420325864952
266.31754147804065 571.6057629934287
266.3474266982335 984.0759091968072
266.37731191842636 1180.5921099004513
266.4071971386192 1067.7245342778936
266.43708235881206 752.9815851373874
266.466967579005 422.74703950093686
266.4968527991978 198.40578523418588
266.5267380193907 102.44450443850155
266.5566232395836 116.47481071575204
266.58650845977644 232.10891266194025
266.6163936799693 431.36003497166615
266.64627890016214 643.9907802088724
266.67616412035494 765.2852278861022
266.70604934054785 726.1501515451491
266.73593456074076 546.362761992717
266.7658197809336 331.7622472039672
266.79570500112646 221.17439393316903
266.82559022131926 312.99807545460595
266.85547544151217 605.2553459042884
266.8853606617051 977.4860481462908
266.915245881898 1238.1231518457698
266.9451311020908 1237.1087582456883
266.97501632228364 980.9083099275821
267.00490154247655 639.4021531062454
267.03478676266934 415.1489658677349
267.06467198286225 397.11096606087347
267.0945572030551 519.1216488156659
267.12444242324796 629.2867642770486
267.15432764344087 616.7939719202553
267.18421286363366 482.5120640764065
267.21409808382657 293.13004239718435
267.2439833040194 126.8903724659946
267.27386852421233 70.82157014745363
267.3037537444052 203.87036029022917
267.33363896459804 543.5552271033897
267.3635241847909 992.9999963575902
267.39340940498374 1362.6981932647052
267.42329462517665 1498.5605153471524
267.4531798453695 1390.0193682738372
267.48306506556236 1136.1637088900648
267.5129502857552 832.658115853574
267.54283550594806 520.1266785997824
267.572720726141 233.02940630810707
267.6026059463338 59.05772096786723
267.6324911665267 106.2076362657932
267.66237638671953 385.108038264006
267.69226160691244 737.9182102164777
267.7221468271053 920.0627233615629
267.75203204729814 788.2976006663414
267.78191726749094 440.8470890409313
267.81180248768385 157.9008289817091
267.84168770787676 171.04466566288755
267.8715729280696 493.7307032088135
267.90145814826246 943.7874541973736
267.93134336845526 1278.6959918147463
267.9612285886482 1339.4700428105966
267.9911138088411 1125.0832075684175
268.020999029034 755.7522868483288
268.0508842492268 391.25766205889533
268.08076946941964 186.99191046844575
268.11065468961255 271.91724249687354
268.14053990980534 707.568781088544
268.17042512999825 1440.4454805509895
268.2003103501911 2279.7685368627726
268.23019557038396 2931.925431552006
268.26008079057686 3119.944594855137
268.28996601076966 2750.434904987266
268.31985123096257 2001.9481567922128
268.3497364511554 1243.9565239588271
268.37962167134833 836.8497082823607
268.4095068915412 941.3910816906684
268.43939211173404 1445.231261041187
268.4692773319269 2051.9974206252127
268.49916255211974 2471.1485624067623
268.52904777231265 2557.868572033836
268.5589329925055 2316.9212423703248
268.58881821269836 1837.5389645644832
268.6187034328912 1252.0722054859657
268.64858865308406 719.544187612044
268.67847387327697 384.52549959924414
268.7083590934698 294.2208885037186
268.7382443136627 344.8429918417584
268.76812953385553 358.71426672686783
268.79801475404844 245.61758485910428
268.8278999742413 80.63711242560863
268.85778519443414 42.29511241516278
268.88767041462694 264.3721684745848
268.91755563481985 694.5835655713615
268.94744085501276 1108.61953438412
268.9773260752056 1288.0020573364216
269.00721129539846 1171.1709142254736
269.03709651559126 866.0194460054151
269.0669817357842 561.7647002966115
269.0968669559771 408.8325743318271
269.12675217617 455.2941391320562
269.1566373963628 673.6404516479512
269.18652261655564 1006.8400856698872
269.21640783674854 1370.622438940334
269.24629305694134 1638.435471060714
269.27617827713425 1671.706104967836
269.3060634973271 1408.1875603004623
269.33594871752 939.79543857446
269.36583393771286 478.6908019883373
269.39571915790566 213.63863373197373
269.42560437809857 194.25100338073747
269.4554895982914 342.5448391787043
269.4853748184844 559.1117212166544
269.5152600386772 808.9094731631958
269.54514525887004 1073.613747035645
269.5750304790629 1232.322154701447
269.60491569925574 1090.113472352285
269.63480091944865 605.8082594143768
269.6646861396415 90.93734981229198
269.69457135983436 117.5189980465663
269.7244565800272 1114.0487211072093
269.75434180022006 2958.112233231934
269.78422702041297 4941.99811797527
269.8141122406058 6181.106248436576
269.8439974607987 6168.638001779043
269.8738826809915 5062.78525739217
269.90376790118444 3514.5775437164207
269.9336531213773 2215.249506618094
269.96353834157014 1516.1730014440204
269.99342356176294 1349.2326512911
270.0233087819559 1417.9429938454816
270.05319400214876 1460.7434513777398
270.0830792223416 1398.3712932376156
270.11296444253446 1292.7766663312516
270.14284966272726 1196.767817452462
270.1727348829202 1061.5739571499355
270.2026201031131 794.8293928931691
270.23250532330593 415.2674763896292
270.2623905434988 156.8009213009082
270.29227576369163 367.5426025945284
270.32216098388454 1215.9061926690863
270.35204620407734 2464.4779245359073
270.38193142427025 3541.1174488979977
270.4118166444631 3872.212939300314
270.441701864656 3260.181851538617
270.47158708484886 2021.2142355983
270.50147230504166 773.4540554771069
270.53135752523457 91.97859740722035
270.5612427454274 270.64951279548046
270.5911279656204 1245.372186495036
270.6210131858132 2643.1931362855635
270.65089840600604 3909.7107485003944
270.6807836261989 4520.985340284334
270.71066884639174 4228.725644275472
270.74055406658465 3167.2730814765646
270.7704392867775 1781.842539839826
270.80032450697036 631.1446556797225
270.8302097271632 81.33004603644537
270.86009494735606 91.03506128690024
270.88998016754897 324.9146648247359
270.9198653877418 450.7357156827168
270.9497506079347 352.4830418615859
270.9796358281275 173.05912987815748
271.00952104832044 185.90763588251008
271.0394062685133 593.3440946436976
271.06929148870614 1388.9808715622792
271.09917670889894 2325.7701459624136
271.1290619290919 3014.849185964438
271.15894714928476 3135.4457336187365
271.1888323694776 2616.125282859057
271.21871758967046 1685.0502788327983
271.24860280986326 749.2179888660694
271.2784880300562 157.0170739628234
271.3083732502491 26.579703692508925
271.33825847044193 232.91156388396865
271.3681436906348 523.7206625236198
271.3980289108277 692.1429371075593
271.42791413102054 671.6549890120193
271.45779935121334 504.3216422466783
271.48768457140625 288.2146241250444
271.5175697915991 141.11720609792843
271.547455011792 145.2294483425565
271.57734023198486 317.7007073589016
271.60722545217766 618.9791807132457
271.63711067237057 961.5700922392627
271.6669958925634 1254.9772262146744
271.69688111275633 1467.6812632050191
271.7267663329492 1641.1412271616312
271.75665155314204 1867.240376630788
271.7865367733349 2217.1366439226167
271.81642199352774 2642.6789006046192
271.84630721372065 2984.7774724582814
271.8761924339135 3089.5247616623983
271.90607765410635 2900.674733553196
271.9359628742992 2483.2348272360764
271.96584809449206 1975.4715647756857
271.99573331468497 1500.3596155655312
272.0256185348778 1123.855405932024
272.0555037550707 871.2540346842536
272.0853889752636 739.9921658437913
272.11527419545644 694.9565452246837
272.1451594156493 676.4181723642148
272.17504463584214 631.5486582925606
272.20492985603494 543.8698172621101
272.2348150762279 433.9081571392388
272.26470029642076 332.8390158867658
272.2945855166136 253.75518660620952
272.32447073680646 187.9690843270524
272.35435595699926 123.66855012997372
272.3842411771922 59.78860349844593
272.4141263973851 9.543398448785258
272.4440116175779 11.287085070566864
272.4738968377708 143.18362859205263
272.5037820579637 506.00168533737366
272.53366727815654 1146.3171088530266
272.56355249834934 1953.7819228187188
272.59343771854225 2652.1000596416006
272.6233229387351 2948.964043449432
272.653208158928 2716.0008660866156
272.68309337912086 2054.428571513875
272.71297859931366 1236.5719886083882
272.74286381950657 568.4054077566533
272.7727490396995 237.8813204420114
272.80263425989233 233.9153163960185
272.8325194800852 381.00476766266286
272.86240470027803 461.11404266128096
272.8922899204709 353.9680489500328
272.92217514066374 127.42667878240078
272.95206036085665 1.0862417374224405
272.9819455810495 161.49334611238731
273.01183080124235 575.5532117675406
273.0417160214352 982.157958586505
273.07160124162806 1083.4594729325793
273.10148646182097 800.651013067555
273.1313716820138 357.6119657903637
273.1612569022067 73.91377133772522
273.1911421223996 79.8818527720547
273.22102734259244 241.30495814279513
273.2509125627853 329.1026052165749
273.28079778297814 249.28472024714733
273.31068300317094 114.84027874480508
273.3405682233639 105.56318335991456
273.37045344355676 292.16937392472926
273.4003386637496 606.293756962998
273.43022388394246 925.4188425207993
273.46010910413537 1148.055668246524
273.4899943243282 1218.307382793774
273.5198795445211 1117.2577233003526
273.5497647647139 861.0201753651324
273.5796499849068 526.7118038844644
273.6095352050997 244.8654260769952
273.63942042529254 121.2013978431874
273.66930564548534 162.58479153572083
273.69919086567825 283.8380457497772
273.7290760858711 384.6808020209052
273.758961306064 422.2936382916419
273.78884652625686 413.5288229910362
273.81873174644966 382.61361504920177
273.84861696664257 336.71667459309504
273.8785021868355 305.13049678554984
273.90838740702833 369.7816524001578
273.9382726272212 605.8509414950471
273.96815784741403 979.7011148385491
273.9980430676069 1325.7587109389112
274.02792828779974 1428.993255155848
274.05781350799265 1165.2326166311543
274.0876987281855 636.8366328032506
274.11758394837835 153.40720250088427
274.14746916857126 11.285135575185691
274.17735438876406 286.0858956245633
274.20723960895697 788.7726070743821
274.2371248291498 1178.334877168509
274.2670100493427 1195.2911390570716
274.2968952695356 845.2044808484211
274.32678048972843 369.2000054610809
274.3566657099213 64.21949166643597
274.38655093011414 91.04063873579389
274.41643615030694 378.86449096205934
274.4463213704999 699.3969637643763
274.47620659069275 840.2710190211278
274.5060918108856 729.2182490113408
274.53597703107846 447.4271670873642
274.56586225127137 158.86909670218753
274.5957474714642 8.00908429651076
274.6256326916571 45.56958897961788
274.6555179118499 222.87153472288227
274.6854031320428 439.7684433650677
274.7152883522357 605.1895329413179
274.74517357242854 684.5313859711374
274.77505879262134 708.5680862520944
274.80494401281425 731.2930703847536
274.83482923300716 777.1394818223239
274.8647144532 826.6759620340287
274.89459967339286 836.3774446067903
274.92448489358566 762.2597523937952
274.95437011377857 583.0862156244535
274.9842553339715 327.0677937980514
275.0141405541643 89.70777233875393
275.0440257743572 21.89148444097147
275.07391099455003 255.62610337756732
275.1037962147429 785.8607341226513
275.13368143493574 1417.407737709222
275.16356665512865 1852.6802546864023
275.1934518753215 1873.2723173048855
275.22333709551435 1485.774828151698
275.25322231570726 906.2471834791107
275.28310753590006 397.45378663504846
275.31299275609297 112.13514159946392
275.3428779762858 54.71824588995856
275.3727631964787 145.8053973030576
275.4026484166716 304.766109641064
275.43253363686443 484.45363635547216
275.4624188570573 656.3905674699932
275.49230407725014 785.6305211586371
275.52218929744294 826.2174645740397
275.5520745176359 738.9778395821955
275.58195973782875 519.1461158755769
275.6118449580216 231.38276660707825
275.64173017821446 26.988964087304392
275.67161539840737 78.55035199899525
275.7015006186002 447.8792469155095
275.7313858387931 1002.0141627218786
275.7612710589859 1452.00595640046
275.7911562791788 1525.4816259295792
275.8210414993717 1175.7121482952705
275.85092671956454 622.3179631648679
275.88081193975734 179.5496742750826
275.91069715995025 39.83877581128804
275.94058238014316 171.95143249387476
275.970467600336 395.3538488093532
276.00035282052886 546.2032895084681
276.03023804072166 570.9945124498719
276.06012326091457 499.4190003042905
276.0900084811075 380.7623691446101
276.1198937013003 265.2236792449423
276.1497789214932 217.82018607683503
276.17966414168603 300.35946983194225
276.2095493618789 512.0384863256453
276.23943458207174 748.0782656716376
276.26931980226465 839.0278137678608
276.2992050224575 680.059750775917
276.32909024265035 350.8234672916819
276.35897546284326 88.82899545951521
276.38886068303606 129.44994373091907
276.41874590322897 534.9295771371105
276.4486311234218 1121.4325258900792
276.4785163436147 1589.3377205100603
276.5084015638076 1762.7959542704084
276.53828678400043 1673.8710165081825
276.5681720041933 1455.5139542660042
276.59805722438614 1206.542293942338
276.62794244457905 941.8230803684995
276.6578276647719 644.0136739660486
276.68771288496475 353.18273135348926
276.7175981051576 184.3731598371156
276.74748332535046 233.48947609287856
276.77736854554337 490.3694610178978
276.8072537657362 857.6302112392809
276.8371389859291 1223.305337565165
276.8670242061219 1537.1528051424957
276.8969094263148 1817.9862894827572
276.9267946465077 2054.734026220818
276.95667986670054 2158.45856590894
276.98656508689334 2045.4662485420847
277.01645030708625 1711.9660648770944
277.04633552727915 1226.7276225675619
277.076220747472 699.8903052822368
277.10610596766486 263.2929686862356
277.13599118785766 46.5209492262285
277.16587640805056 135.40868875121856
277.1957616282435 511.6888479131448
277.2256468484363 1005.3077731708606
277.2555320686292 1348.0682574410923
277.28541728882203 1348.8506699044176
277.31530250901494 1033.2350913639118
277.34518772920774 596.5659360635004
277.37507294940065 238.0891186737612
277.4049581695935 47.70603487110821
277.43484338978635 10.278813635209744
277.46472860997926 66.3717060953806
277.49461383017206 153.24258985584626
277.52449905036497 213.7313859127217
277.5543842705578 206.61497179333392
277.58426949075067 139.3794071899794
277.6141547109436 93.31018890440144
277.64403993113643 184.5199709845068
277.6739251513293 467.16991238745845
277.70381037152214 906.2260791478768
277.73369559171505 1476.7409520077993
277.7635808119079 2206.6601742973726
277.79346603210075 3098.9639556591724
277.8233512522936 4042.9799430953617
277.85323647248646 4699.698418041782
277.88312169267937 4593.45551484288
277.9130069128722 3580.0799719360007
277.9428921330651 2086.0259899296666
277.9727773532579 789.3083349445191
278.00266257345083 185.22888487819648
278.0325477936437 314.2379126513703
278.06243301383654 781.3184002892781
278.09231823402934 1102.5750152865417
278.12220345422224 1045.0495497576478
278.15208867441515 695.0676016386228
278.181973894608 306.37175740682244
278.21185911480086 72.78827552392154
278.24174433499365 12.612952998455254
278.27162955518656 35.01646793508956
278.3015147753795 55.19257169023724
278.3313999955723 46.16379192959962
278.3612852157652 29.981435471107243
278.39117043595803 46.61771499014771
278.42105565615094 127.53094001690452
278.45094087634374 286.45383149669567
278.48082609653665 524.7960430037083
278.5107113167295 847.4382985190632
278.54059653692235 1273.4496976689138
278.57048175711526 1784.8312518549299
278.60036697730806 2234.4208461060416
278.63025219750097 2386.0107686475476
278.6601374176938 2097.99118128947
278.6900226378867 1437.462342710103
278.7199078580796 681.2591230734308
278.74979307827243 208.06172278551213
278.7796782984653 231.32921235602328
278.80956351865814 625.8633545047539
278.83944873885105 1059.22931948189
278.8693339590439 1240.7321646951086
278.89921917923675 1082.2843618065167
278.9291043994296 710.4654729499099
278.95898961962246 337.12558058673545
278.98887483981537 114.01254922539287
279.0187600600082 88.3290346616393
279.0486452802011 224.89146198520865
279.0785305003939 430.2417685043045
279.10841572058683 588.4866371216158
279.1383009407797 632.7436770734481
279.16818616097254 610.1312924480777
279.19807138116533 661.1113879192558
279.22795660135824 892.7320166034965
279.25784182155115 1233.5048374665043
279.287727041744 1446.633214322649
279.31761226193686 1356.0671437152275
279.34749748212965 1049.5854590694655
279.3773827023226 849.1407010590564
279.4072679225155 1085.7197800809697
279.4371531427083 1810.8070087148355
279.4670383629012 2700.731696416297
279.49692358309403 3300.524174232344
279.52680880328694 3328.2142722579206
279.55669402347974 2767.0237427798147
279.58657924367265 1809.435224574299
279.6164644638655 792.7129684983488
279.64634968405835 122.5384063696566
279.67623490425126 127.73259471346856
279.70612012444406 870.1948253817328
279.73600534463696 2038.2863581350953
279.7658905648298 3039.4083920259864
279.7957757850227 3282.1987168698847
279.8256610052156 2579.984791683667
279.85554622540843 1374.2139218925736
279.8854314456013 389.8144739564149
279.91531666579414 43.17026640587089
279.94520188598705 245.49166262497997
279.9750871061799 619.1229182897405
