0.1 0.03674603981982288
0.16393598093558792 0.18725090603455355
0.22787196187117584 0.689247210598907
0.2918079428067637 2.3219388673810566
0.35574392374235164 7.778739651860253
0.4196799046779396 20.41056535368628
0.48361588561352753 34.93770267284889
0.5475518665491154 44.06316628419978
0.6114878474847033 53.63758461198218
0.6754238284202913 77.6464404670449
0.7393598093558792 183.22379614528063
0.803295790291467 530.666853246592
0.8672317712270549 1217.343809489506
0.9311677521626429 2180.506631836099
0.9951037330982307 3321.982448512067
1.0590397140338188 4344.991358616558
1.1229756949694067 4779.602461908318
1.1869116759049947 4474.314771288825
1.2508476568405826 3612.3584523427767
1.3147836377761704 2586.4656380982774
1.3787196187117583 1764.0735445633427
1.4426555996473462 1229.4459034937047
1.506591580582934 828.5298897006419
1.570527561518522 479.2104458520181
1.63446354245411 269.8700667285794
1.698399523389698 330.19451929310407
1.762335504325286 643.240243850912
1.8262714852608737 1042.803793189078
1.8902074661964616 1447.8244455749639
1.9541434471320491 2045.080160762515
2.018079428067637 3373.693639055177
2.082015409003225 5929.746113536372
2.1459513899388134 9373.528051581368
2.2098873708744007 12463.749198902324
2.273823351809989 13830.144700223913
2.337759332745577 12681.114932939736
2.4016953136811647 9344.38373798432
2.465631294616753 5303.971681985688
2.5295672755523406 2302.0467117213584
2.593503256487929 1342.1741268996511
2.657439237423517 2273.6955147558474
2.7213752183591047 4087.0208766855335
2.7853111992946924 5441.004746788153
2.8492471802302806 5292.5247945965
2.913183161165868 3624.777629356772
2.9771191421014565 1520.1268992004957
3.041055123037044 344.8379628065261
3.1049911039726323 901.9966869043186
3.16892708490822 3070.818259495381
3.232863065843808 5956.070501359897
3.296799046779396 8421.997352835748
3.360735027714984 9952.793793307152
3.424671008650572 10936.674892129771
3.4886069895861596 11561.639475317772
3.552542970521748 11214.890839945616
3.616478951457336 9502.450641880112
3.680414932392923 6736.6739596211055
3.7443509133285113 3698.3428462231054
3.808286894264099 1613.5707604411175
3.872222875199687 1093.6951785399342
3.9361588561352745 1379.892308828438
4.000094837070863 1362.235316352682
4.064030818006451 696.7259320199233
4.127966798942039 220.80388881630756
4.191902779877625 1182.6664797179
4.255838760813214 3740.7969945746095
4.319774741748802 6653.834532244588
4.38371072268439 8109.728101338957
4.447646703619977 7142.29599222764
4.511582684555566 4608.05478885293
4.5755186654911535 2135.156931685337
4.639454646426742 657.217930575456
4.70339062736233 146.1692609019321
4.7673266082979175 94.50969591844195
4.831262589233504 245.32628798869283
4.895198570169093 713.2100437602289
4.959134551104682 1479.94340155164
5.023070532040268 2148.604927349839
5.087006512975857 2212.1057143089306
5.150942493911445 1616.512867550703
5.2148784748470325 841.7133199143152
5.278814455782621 347.06592200510767
5.342750436718209 157.54376915149723
5.4066864176537965 50.20244963926257
5.470622398589384 66.67776694123319
5.534558379524973 566.6313277975001
5.598494360460561 1665.3912033014788
5.662430341396148 2766.933995306977
5.726366322331736 2965.484628176955
5.790302303267324 2129.3022696175126
5.854238284202912 1306.4762131647
5.9181742651385 1945.3487994300497
5.982110246074088 4400.6073395109925
6.046046227009676 7130.7958541445705
6.109982207945264 8256.0274308811
6.173918188880852 7542.166036719425
6.23785416981644 6396.224613486256
6.301790150752027 6627.789677712656
6.365726131687615 8844.512762450955
6.429662112623204 11551.984477016063
6.493598093558791 12274.49519233873
6.557534074494379 9865.04840679462
6.621470055429967 5647.415866496552
6.685406036365555 2006.2797497229465
6.749342017301143 400.7769035446447
6.81327799823673 823.6662381416327
6.8772139791723195 2312.312965148704
6.941149960107905 3929.463276549385
7.005085941043495 5253.420330346601
7.069021921979083 5936.553931643944
7.13295790291467 5642.58294450363
7.196893883850257 4343.416124434676
7.260829864785847 2479.6117039894807
7.3247658457214335 956.2880848164518
7.388701826657022 466.7472928279132
7.452637807592612 854.9781359119006
7.516573788528197 1400.9701055150963
7.580509769463785 1592.1944289569783
7.644445750399375 1710.561369717124
7.708381731334962 2484.710729821707
7.7723177122705485 4147.237964970121
7.836253693206138 6138.689815417334
7.900189674141725 7540.951722646228
7.964125655077313 7732.741051198537
8.028061636012902 6805.974663200468
8.09199761694849 5270.8847411371435
8.155933597884077 3560.5661437301646
8.219869578819665 2106.9100773539294
8.283805559755253 1597.344885829231
8.34774154069084 2775.0854957703546
8.411677521626428 5766.958427292405
8.475613502562016 9447.213960568131
8.539549483497604 11842.82829415356
8.603485464433193 11692.359965002066
8.667421445368781 9471.631081996848
8.731357426304369 6845.8651787449535
8.795293407239955 5323.6152239702
8.859229388175544 5266.578436790418
8.923165369111134 5943.947018904592
8.987101350046718 6469.524471077799
9.051037330982307 6592.483140412358
9.114973311917897 6599.534668485252
9.178909292853485 6728.2903348320515
9.242845273789072 6957.85465576774
9.30678125472466 7314.132930183533
9.370717235660248 8052.329193058874
9.434653216595837 9282.523832355368
9.498589197531423 10406.85028188118
9.562525178467011 10198.0128032774
9.626461159402599 7871.379656593098
9.690397140338186 4234.401672425417
9.754333121273776 1415.446978715736
9.818269102209364 1226.7303721345515
9.882205083144951 3764.8768732942526
9.946141064080539 7269.148810555811
10.010077045016127 9349.783875451754
10.074013025951714 8819.89377473222
10.137949006887302 6427.69923896414
10.201884987822888 3927.332772457672
10.265820968758476 2659.593117206257
10.329756949694069 2732.5677748345415
10.393692930629655 3200.509545397713
10.457628911565243 3008.7827043553866
10.52156489250083 1921.602121442207
10.585500873436416 637.267637780814
10.649436854372004 16.12224973363892
10.713372835307592 262.74172062589025
10.77730881624318 828.6328106059642
10.841244797178769 1072.4567791869683
10.905180778114357 1042.0033200945843
10.969116759049946 1408.000966730339
11.033052739985532 2550.1997187879765
11.09698872092112 3910.340245934842
11.160924701856707 4363.650915289566
11.224860682792295 3340.6370645307334
11.288796663727885 1581.953584845479
11.352732644663472 559.2477562343154
11.41666862559906 1041.8079556331857
11.480604606534648 2312.275708697676
11.544540587470236 2916.80813293976
11.608476568405823 2165.8955160456367
11.672412549341413 773.6926076177101
11.736348530277 70.12930768515452
11.800284511212588 693.1017293012906
11.864220492148176 2046.57816201975
11.928156473083764 3007.788938505681
11.992092454019351 3015.267708291238
12.05602843495494 2310.4567534543853
12.119964415890529 1401.9899592306208
12.183900396826116 675.7789347116636
12.247836377761704 421.56013744669735
12.311772358697292 887.5674032540478
12.37570833963288 2027.4847925972497
12.439644320568467 3195.8438082130097
12.503580301504053 3459.897333941095
12.567516282439643 2446.9427773995008
12.63145226337523 898.613302965538
12.69538824431082 227.15463039326164
12.759324225246408 1173.7401922278739
12.823260206181995 3002.251715907391
12.887196187117585 4244.545047944933
12.95113216805317 4030.676910710204
13.015068148988759 2759.041346357351
13.079004129924346 1648.1037175538543
13.142940110859932 1530.5716030047458
13.20687609179552 2175.057299537182
13.270812072731111 2787.900923186545
13.334748053666697 2847.642388221322
13.398684034602287 2395.4659848911965
13.462620015537874 1735.4702357606036
13.526555996473462 1077.7439833535987
13.590491977409048 564.4183021649355
13.654427958344636 375.14942140105353
13.718363939280223 542.0040885381244
13.782299920215811 791.9968943906302
13.846235901151402 772.3923694234446
13.91017188208699 561.2402181921954
13.974107863022576 910.4042427125823
14.038043843958164 2643.9237934319253
14.101979824893752 5674.301304018349
14.16591580582934 8727.823451333803
14.229851786764929 10173.8938006226
14.293787767700517 9352.92296201219
14.357723748636104 7084.414679658094
14.421659729571692 4778.646614448056
14.48559571050728 3248.3235087238727
14.549531691442867 2351.0156522448065
14.613467672378455 1524.9761537815702
14.677403653314045 628.4786160283937
14.741339634249632 182.14757111917868
14.80527561518522 753.4504308504661
14.869211596120808 2232.8666990192355
14.933147577056396 3791.4910923228863
14.997083557991983 4540.01260457224
15.061019538927573 4169.772181776865
15.12495551986316 3019.9732565844647
15.188891500798748 1727.4922212386864
15.252827481734336 832.9849592318877
15.316763462669924 560.3189625562052
15.380699443605511 813.2690144851466
15.4446354245411 1293.075172207884
15.508571405476687 1650.536906626035
15.572507386412274 1639.3285011352473
15.636443367347864 1241.053524603894
15.700379348283452 698.4407891116946
15.76431532921904 368.94690803698495
15.828251310154627 473.08328436471845
15.892187291090215 967.1394637166796
15.956123272025803 1625.1793586456279
16.020059252961392 2220.5881738453686
16.083995233896978 2651.785970827549
16.147931214832568 2926.3152666117644
16.211867195768157 3066.4313555742533
16.275803176703743 3042.298717646857
16.339739157639332 2799.873065027798
16.40367513857492 2378.7036929373216
16.467611119510508 1954.0408441417892
16.531547100446097 1717.9178672540509
16.595483081381683 1757.8914115088637
16.659419062317273 2076.9265006192154
16.72335504325286 2714.1184583849367
16.78729102418845 3779.5641002952566
16.851227005124034 5292.128866136381
16.915162986059624 6930.217335872456
16.97909896699521 7950.855091391443
17.0430349479308 7599.390893044912
17.10697092886639 5841.97445621245
17.170906909801975 3593.442684311389
17.234842890737564 2135.5604823087187
17.29877887167315 2237.115625498133
17.36271485260874 3583.11578637137
17.426650833544326 5001.262966145292
17.490586814479915 5370.770770927936
17.5545227954155 4406.500585682826
17.61845877635109 2748.0718123609786
17.68239475728668 1375.14134545776
17.746330738222262 822.3459857667074
17.810266719157855 886.4775168223562
17.87420270009344 1005.1020021982996
17.93813868102903 818.791589947003
18.002074661964617 409.8879061665356
18.066010642900206 101.97370374973912
18.129946623835792 122.85592393483942
18.19388260477138 470.26012873958433
18.257818585706968 999.5763194320384
18.32175456664256 1567.7141430708548
18.385690547578143 2055.41093900976
18.44962652851373 2283.894022021365
18.51356250944932 2067.8047231551222
18.577498490384908 1414.0702952767047
18.641434471320498 608.9884048510521
18.705370452256084 76.17717007378657
18.769306433191677 74.31676817233225
18.833242414127263 480.6620025199652
18.89717839506285 913.2461998530707
18.96111437599844 1050.7699003489909
19.025050356934024 839.7511823054512
19.088986337869613 473.44745573546703
19.1529223188052 217.14449294101772
19.21685829974079 293.40445820614895
19.28079428067637 905.6243699626526
19.344730261611964 2225.1180113521214
19.408666242547557 4256.174863524949
19.472602223483136 6688.310692426751
19.53653820441873 8904.290090169434
19.600474185354315 10221.564571562603
19.664410166289905 10186.969092271744
19.728346147225487 8734.469735964707
19.79228212816108 6225.4186335852555
19.856218109096663 3373.8157804565008
19.920154090032252 1059.1758485436649
19.984090070967845 44.03767699087945
20.04802605190343 546.0015245834487
20.11196203283902 1974.3648069096585
20.175898013774606 3245.1471381979363
20.239833994710196 3465.366550217628
20.30376997564578 2523.02314163084
20.367705956581368 1144.998349865896
20.43164193751696 242.67931979023575
20.495577918452543 227.18663996684447
20.559513899388136 947.6303888682941
20.62344988032372 2002.1432379993407
20.687385861259312 3007.3831926488024
20.751321842194898 3622.0342938576414
20.815257823130487 3469.655320317386
20.879193804066077 2421.2955576996364
20.943129785001663 1017.5257506840732
21.00706576593725 270.0603646729192
21.07100174687284 828.2584408141099
21.134937727808424 2254.0991476514846
21.198873708744014 3226.4289880692727
21.262809689679603 2754.789271394672
21.32674567061519 1249.7837283630784
21.390681651550775 244.54214128035247
21.454617632486364 913.7217543721498
21.518553613421957 2818.6043676736926
21.582489594357536 4265.179771107118
21.64642557529313 3949.2469146333656
21.710361556228715 2211.426434132858
21.774297537164305 731.9712229983603
21.83823351809989 885.720234050473
21.90216949903548 2398.5217530668206
21.96610547997107 3723.591122218365
22.030041460906652 3562.422257149394
22.093977441842245 2058.9137919041414
22.15791342277783 607.1156532159673
22.22184940371342 401.3795450884915
22.285785384649007 1377.6014498685695
22.3497213655846 2510.570256645021
22.413657346520186 2885.4601399416742
22.477593327455768 2713.245120805914
22.54152930839136 3232.5436966723864
22.605465289326943 5429.136085333392
22.669401270262536 9129.585185851784
22.73333725119812 13037.57377881857
22.797273232133712 15262.113389806473
22.861209213069294 14480.689363456788
22.925145194004887 11006.524555666414
22.98908117494048 6454.471111577994
23.053017155876063 2620.405628514799
23.11695313681165 765.2393583527402
23.18088911774724 1124.444060460787
23.244825098682828 2722.9631739106135
23.308761079618414 4121.0902159736415
23.372697060554003 4398.839087148006
23.43663304148959 3471.704372207856
23.500569022425175 1945.340410440246
23.564505003360768 666.2637586524124
23.628440984296358 88.24475679388112
23.692376965231944 110.53176859830212
23.75631294616753 387.49729742482504
23.82024892710312 622.0729729775916
23.884184908038705 697.1030595156707
23.94812088897429 631.3079893252395
24.01205686990988 480.41379068384913
24.075992850845466 343.83155602688305
24.139928831781056 369.3299166745186
24.203864812716645 650.2230411917049
24.267800793652235 1107.4316419987028
24.33173677458782 1511.7853214738325
24.395672755523407 1654.4470706242319
24.459608736459 1520.0953790647632
24.523544717394586 1295.5784511227305
24.587480698330168 1160.2346521242234
24.65141667926576 1119.8791756063736
24.71535266020135 1113.1768701255535
24.779288641136937 1175.6289781667751
24.84322462207253 1440.738584493828
24.907160603008112 1996.9996873876323
24.9710965839437 2755.454729973461
25.035032564879288 3560.6390390342735
25.09896854581488 4450.834826985486
25.162904526750463 5573.7949114568455
25.22684050768605 6750.658617792992
25.29077648862164 7363.827584868958
25.354712469557228 6756.336765667453
25.418648450492817 4806.17297779403
25.482584431428403 2319.645570604074
25.546520412363993 580.5932641041254
25.610456393299575 219.2787282039583
25.67439237423517 738.661331799315
25.738328355170754 1127.8720746542879
25.802264336106344 852.678733672639
25.866200317041933 291.3016575497565
25.93013629797752 133.79341421264772
25.99407227891311 542.9747807750382
26.05800825984869 1043.4744855256663
26.121944240784284 1087.5950884324484
26.185880221719874 656.4239276869353
26.249816202655456 207.65772431205968
26.313752183591046 86.79598480309008
26.377688164526635 214.52283418535995
26.441624145462225 332.9934504496053
26.505560126397807 404.5883530611417
26.5694961073334 647.0470945364264
26.633432088268982 1189.915555135148
26.697368069204572 1862.1617851028811
26.76130405014016 2385.7774785772
26.82524003107575 2690.2199276020306
26.889176012011337 2882.0419394270043
26.953111992946926 2914.902042987844
27.017047973882516 2528.931782738486
27.0809839548181 1618.2848408519403
27.144919935753688 567.4542971636037
27.20885591668928 84.81731434878463
27.272791897624863 552.320702089987
27.33672787856045 1558.1151461584625
27.40066385949604 2228.832515654308
27.464599840431628 2051.721267413048
27.528535821367218 1285.8258556893447
27.592471802302807 595.4750982942077
27.656407783238393 402.4628267746104
27.720343764173982 606.8287265996312
27.78427974510957 861.6422084265814
27.84821572604516 988.4940962913798
27.912151706980744 1021.7881833421834
27.976087687916333 982.8772432993148
28.04002366885192 803.8656330388051
28.10395964978751 478.75536061077526
28.167895630723095 183.02739216006927
28.231831611658684 121.698134399718
28.295767592594277 294.3603414275967
28.359703573529856 536.4909396786437
28.42363955446545 772.4185357931203
28.487575535401035 1115.446935529593
28.551511516336625 1617.0575121604236
28.615447497272207 1997.682306258965
28.6793834782078 1848.57584817588
28.743319459143382 1138.4461929612412
28.807255440078972 401.4767017784544
28.871191421014565 260.9295702574233
28.93512740195015 731.7302719910401
28.99906338288574 1179.2370133841632
29.062999363821326 1032.8956391285146
29.126935344756916 475.91398042495933
29.1908713256925 311.1279285184676
29.254807306628088 1010.7436702370763
29.31874328756368 2074.349293910129
29.382679268499263 2518.255627932505
29.446615249434856 1911.46982418376
29.51055123037044 860.5494078374976
29.57448721130603 427.6638842190821
29.638423192241618 1053.904347022264
29.702359173177207 2144.5520122235857
29.766295154112797 2734.3829799697464
29.830231135048383 2432.747711193072
29.89416711598397 1612.8789011844135
29.95810309691956 836.4209145731608
30.022039077855148 344.11420942266284
30.085975058790734 90.37163265035952
30.149911039726323 73.59721658710045
30.21384702066191 427.3718442127615
30.277783001597495 1125.1789902191713
30.341718982533084 1776.9020686579047
30.405654963468677 1910.6044971087545
30.469590944404256 1448.5724622424495
30.53352692533985 814.246050971801
30.59746290627544 523.4592666729548
30.661398887211025 700.4582329110766
30.72533486814661 1050.4988092140948
30.7892708490822 1240.7251235327028
30.85320683001779 1219.8828707490864
30.917142810953372 1153.9587357638543
30.981078791888965 1083.6842888698889
31.04501477282455 854.0602458605629
31.10895075376014 433.67138914778616
31.172886734695727 85.49823622528572
31.23682271563132 177.42122895514336
31.300758696566906 789.6072783467594
31.364694677502488 1550.4839173047299
31.42863065843808 1976.4895063642125
31.492566639373663 1861.657492195976
31.556502620309256 1416.5590203578652
31.62043860124484 1069.1582454297195
31.684374582180432 987.2260083352276
31.74831056311602 975.1461468462451
31.812246544051607 803.6586847440451
31.8761825249872 468.34508028168176
31.940118505922783 223.79076279403657
32.004054486858365 356.34560324745075
32.067990467793955 932.2303760018051
32.131926448729544 1726.4370736515375
32.195862429665134 2334.8772022443695
32.25979841060072 2415.901570080313
32.32373439153631 1842.5516508490364
32.3876703724719 862.2523524077542
32.451606353407485 144.08075904004053
32.515542334343074 408.67716526531666
32.579478315278664 1931.0525599947675
32.64341429621425 4149.957743873889
32.707350277149835 5802.895349850337
32.771286258085425 5874.734887524
32.835222239021014 4435.190676952011
32.899158219956604 2567.2626762627206
32.96309420089219 1508.4411998373648
33.02703018182777 1682.6910841335027
33.090966162763365 2443.777020885824
33.154902143698955 2705.867526533559
33.218838124634544 1985.1287271657943
33.28277410557013 817.4447752656115
33.34671008650572 76.37566289245754
33.410646067441306 90.49770287968211
33.474582048376895 451.75193494168576
33.538518029312485 639.5452542233543
33.60245401024807 723.2528589091205
33.66638999118366 1259.6830316145504
33.730325972119246 2546.66464806679
33.794261953054836 4001.757688214973
33.85819793399042 4524.951180580376
33.92213391492601 3658.938845041252
33.9860698958616 2058.4611261138034
34.05000587679719 874.81431292549
34.11394185773277 785.2864721484086
34.17787783866836 1418.170097565692
34.24181381960395 1833.371690375576
34.30574980053954 1506.7341661474854
34.36968578147513 730.5026154902506
34.43362176241071 249.9589505306651
34.4975577433463 495.533973743887
34.56149372428189 1196.7297676557814
34.62542970521748 1785.5191632425824
34.68936568615307 1930.7059103091003
34.75330166708865 1643.463136493424
34.81723764802424 1104.3051532703105
34.88117362895983 520.2102865858545
34.94510960989542 120.23660531439572
35.009045590831 121.01195588338976
35.07298157176659 554.2085540975289
35.13691755270218 1163.7362368511078
35.20085353363777 1555.5093375013112
35.26478951457336 1486.7613290669951
35.32872549550894 1035.116560296722
35.39266147644453 505.70665276410017
35.45659745738012 160.72780566440036
35.52053343831571 40.12310008857826
35.584469419251285 31.620876163636822
35.64840540018688 36.64011608380199
35.71234138112247 28.252023092049576
35.77627736205806 12.524297505788558
35.84021334299365 14.454006803407484
35.90414932392923 105.1377803599818
35.96808530486482 355.3197403578479
36.03202128580041 704.4925664094451
36.095957266736 935.7805803987552
36.15989324767158 869.5015213147102
36.223829228607165 622.2850418319734
36.28776520954276 602.8911859419422
36.35170119047835 1115.7836656225963
36.415637171413934 1968.8392865437495
36.47957315234952 2555.9786911358574
36.54350913328511 2385.4992883869727
36.6074451142207 1572.5249651279703
36.671381095156285 756.981060084433
36.735317076091874 493.2023880989328
36.79925305702746 769.4199109836405
36.863189037963046 1120.7363373465466
36.92712501889864 1166.0500856647454
36.99106099983423 939.7608978465896
37.05499698076981 689.8113291321151
37.11893296170541 553.9349108767561
37.182868942640994 478.5975355434825
37.246804923576576 351.6441123221665
37.310740904512166 200.8727434063161
37.37467688544776 157.75194920771636
37.438612866383345 218.2971414993497
37.50254884731893 232.47652163311125
37.56648482825452 137.9286866161587
37.630420809190106 101.57809125002386
37.694356790125696 373.8751327892608
37.758292771061285 974.0990755182175
37.82222875199688 1611.2815888590033
37.88616473293246 1938.9738963767736
37.950100713868046 1837.0480666095332
38.01403669480364 1492.4062019588137
38.077972675739225 1175.3512889082335
38.141908656674815 932.2226902066178
38.2058446376104 637.6046984981012
38.269780618545994 285.6295665234662
38.333716599481576 67.00388468556625
38.397652580417166 175.53971683505503
38.46158856135274 579.2553944245489
38.52552454228834 1007.5058862682392
38.58946052322393 1182.4399040119831
38.65339650415952 1043.558428509072
38.71733248509511 751.6014500469576
38.78126846603069 493.2372940817112
38.84520444696628 313.43172015252304
38.90914042790186 159.79613692562515
38.97307640883746 32.944852134641
39.03701238977304 21.96416861455273
39.10094837070863 195.09376040982684
39.16488435164422 492.38913969340894
39.22882033257981 756.0619606915811
39.2927563135154 895.119525018903
39.35669229445097 997.7222010979912
39.42062827538657 1240.5795875756576
39.48456425632216 1705.4605032132536
39.548500237257755 2258.6728381024564
39.61243621819333 2620.6647326715783
39.67637219912892 2659.5213391396774
39.7403081800645 2540.355020987596
39.8042441610001 2503.9711631678
39.86818014193569 2625.652512946707
39.93211612287127 2760.703226168708
39.99605210380686 2625.1744479777294
40.05998808474245 2048.198236329388
40.12392406567804 1195.788847978195
40.187860046613615 469.06608262457
40.25179602754921 172.13223480194992
40.3157320084848 273.3143791199008
40.37966798942039 471.6614016080604
40.44360397035597 486.05994022350177
40.50753995129156 274.7704286328205
40.57147593222715 47.35950709646681
40.635411913162734 89.48957996029742
40.69934789409833 497.54984979227567
40.76328387503391 1080.7718469015647
40.8272198559695 1490.60365238928
40.891155836905085 1419.5648884984498
40.95509181784068 862.1471861287424
41.01902779877627 227.44024871617063
41.08296377971185 46.228588687010834
41.14689976064744 564.1877297514054
41.21083574158303 1539.1107163870547
41.27477172251862 2354.4563172358658
41.338707703454205 2498.560570774998
41.402643684389794 2005.7954997784452
41.466579665325376 1411.3159783585552
41.530515646260966 1303.2101880016703
41.59445162719656 1839.6009715795324
41.658387608132145 2630.1631574060893
41.72232358906773 3060.0652985433694
41.78625957000332 2806.8890919891655
41.85019555093891 2183.9161827550383
41.914131531874496 1944.1072459221136
41.978067512810085 2715.726236878125
42.04200349374568 4476.800668974896
42.105939474681264 6312.510121585097
42.16987545561685 6907.5378085583
42.23381143655244 5609.098485721996
42.297747417488026 3048.3665056866835
42.361683398423615 760.3096311417704
42.4256193793592 9.482997469881955
42.489555360294794 730.9508002155577
42.55349134123038 1672.7633165834825
42.617427322165966 1651.2493519602604
42.68136330310156 703.0953150890398
42.74529928403714 11.211524141763224
42.80923526497273 624.377891226903
42.87317124590832 2311.4100043742615
42.937107226843914 3758.1613957372087
43.001043207779496 3836.6793286816855
43.06497918871508 2648.7212876147983
43.12891516965066 1317.6831756289284
43.19285115058626 788.0383451523729
43.25678713152185 997.8985117817722
43.32072311245743 1267.1767044661692
43.38465909339302 1214.783475283508
43.44859507432861 1102.6832639909544
43.5125310552642 1357.0105986450092
43.57646703619979 1903.2826378240056
43.64040301713537 2167.2885144658185
43.70433899807096 1764.5606677487442
43.76827497900655 970.0190225249654
43.83221095994214 396.52587969573136
43.89614694087772 328.23914758125306
43.96008292181331 499.1172844498631
44.0240189027489 513.0348457388227
44.08795488368449 344.61151520520013
44.15189086462008 296.1050210755529
44.21582684555566 502.71406646242554
44.27976282649125 696.2585911336672
44.34369880742684 551.420146945572
44.40763478836242 156.41533918556772
44.471570769298005 19.83291355729896
44.5355067502336 529.9370457344793
44.59944273116919 1467.5598948222353
44.66337871210479 2176.0321009435265
44.72731469304037 2175.073358998849
44.79125067397595 1561.248347422017
44.855186654911535 830.0905144323277
44.91912263584713 360.46265468150136
44.98305861678272 170.6542830778047
45.0469945977183 144.78790709661007
45.110930578653885 334.21104940050776
45.17486655958948 934.2412853969888
45.23880254052507 1981.849771916518
45.302738521460654 3177.166441615455
45.36667450239624 4044.2672935307055
45.43061048333183 4254.680229307816
45.49454646426742 3817.3548920773273
45.558482445203005 2976.2825670744246
45.622418426138594 1990.046867313716
45.68635440707418 1059.053587104542
45.750290388009766 359.22998174594926
45.81422636894536 25.2389450946682
45.87816234988095 58.63936531136632
45.94209833081653 265.8771005225009
46.00603431175213 374.41448794429783
46.069970292687714 272.66432893328414
46.133906273623296 129.14419659017727
46.197842254558886 261.23472278774796
46.26177823549448 844.5222617481278
46.325714216430065 1705.5836546007936
46.38965019736565 2396.5191853347833
46.45358617830124 2494.86445816812
46.517522159236826 1902.709670480508
46.581458140172415 940.2731059749744
46.645394121108 181.81741205180003
46.7093301020436 160.71279667177046
46.77326608297918 1089.2761592931195
46.837202063914766 2703.393823470635
46.90113804485036 4349.2451459724
46.965074025785945 5284.759686395257
47.029010006721535 5040.630488087706
47.09294598765712 3717.1479228071366
47.156881968592714 1974.13461571774
47.220817949528296 606.5196572001589
47.284753930463886 47.457450575641694
47.34868991139946 155.97824464611017
47.41262589233506 463.0994894505663
47.47656187327065 663.0721550489525
47.54049785420624 928.7968204382963
47.60443383514183 1737.7551286191313
47.66836981607741 3326.944797582697
47.732305797013 5355.39646001825
47.79624177794859 7057.425609685677
47.86017775888418 7638.454000949898
47.92411373981976 6832.471459743205
47.98804972075535 5190.708662630477
48.05198570169094 3519.9095690012905
48.11592168262653 2336.6856770775225
48.17985766356212 1935.365149332354
48.24379364449769 2264.8702048042696
48.30772962543329 2882.1834377691353
48.37166560636888 3379.801818671335
48.435601587304475 3495.6921314413175
48.49953756824005 3088.0563829601556
48.56347354917564 2355.4154306647615
48.62740953011122 1657.4247491707026
48.69134551104682 1129.6725576646083
48.75528149198241 717.507347275977
48.81921747291799 362.90255204981327
48.88315345385358 90.7424660960996
48.94708943478917 11.265019776057496
49.01102541572476 180.75950860933207
49.074961396660335 473.4107890470404
49.13889737759593 660.2634537255843
49.20283335853152 616.6592776958546
49.26676933946711 441.0857438705915
49.33070532040269 362.36628868037536
49.39464130133828 524.8608281908405
49.45857728227387 846.6885050258419
49.522513263209454 1068.244316359872
49.58644924414505 968.663210952815
49.65038522508063 578.9474242957342
49.71432120601622 180.81059710218793
49.778257186951805 66.75509136876329
49.8421931678874 271.8702468339875
49.90612914882299 525.7716849793727
49.97006512975857 520.0923230978896
50.03400111069416 282.2588223813072
50.09793709162975 209.03687186623776
50.16187307256534 629.9736761503448
50.225809053500925 1343.5580385306575
50.289745034436514 1685.7756152615664
50.353681015372096 1241.683213614392
50.417616996307686 485.2332604056477
50.48155297724328 463.4677313189752
50.545488958178865 1689.0148526610965
50.60942493911445 3344.58220543279
50.67336092005004 3858.1819674837866
50.73729690098563 2613.4796835950915
50.801232881921216 952.6263788140125
50.865168862856805 1186.400856986178
50.9291048437924 4364.903332529492
50.993040824727984 8835.37638618003
51.05697680566357 11353.257936613149
51.12091278659916 9966.239131252265
51.184848767534746 5699.143497139536
51.248784748470335 1558.5306971795123
51.31272072940592 0.21583279077460224
51.376656710341514 1080.0678265596828
51.4405926912771 2841.4915493836484
51.504528672212686 3375.8565268891375
51.56846465314828 2414.035228060628
51.632400634083865 1059.3121160146504
51.69633661501945 379.68753242843536
51.76027259595504 530.1683015170779
51.82420857689063 1005.5601762860492
51.888144557826216 1361.6191815527636
51.9520805387618 1547.9394741547983
52.01601651969738 1650.0768381263688
52.07995250063298 1613.48579905341
52.14388848156857 1345.1622558061815
52.20782446250416 914.5031148364861
52.27176044343974 534.9819063573742
52.33569642437533 396.4541650833292
52.39963240531092 655.6510591164014
52.46356838624651 1616.5445569004169
52.52750436718209 3701.352800291777
52.59144034811768 6970.566938956002
52.65537632905327 10565.415219949244
52.71931230998886 12917.26800186934
52.78324829092445 12981.045279228523
52.84718427186002 11186.883336952878
52.91112025279562 8903.426460891566
52.97505623373121 7237.401446971114
53.0389922146668 6425.512544519317
53.10292819560238 5917.788004594495
53.16686417653797 5033.381134332929
53.23080015747356 3760.716056784804
53.29473613840914 2637.918670899007
53.35867211934474 1877.378070136816
53.42260810028032 1164.974792701778
53.48654408121591 372.1568108509888
53.55048006215151 5.85482007769156
53.61441604308709 704.0387641562681
53.67835202402267 2310.7365373585358
53.742288004958255 3630.8137018011194
53.80622398589385 3430.305754004158
53.87015996682944 1788.952229532969
53.93409594776503 221.16770882341896
53.998031928700605 294.5544818577278
54.0619679096362 2082.014160787912
54.12590389057179 4010.0475107935154
54.189839871507374 4387.647774172437
54.25377585244296 3030.661486338721
54.31771183337855 1328.6662262704633
54.38164781431414 856.4252187421974
54.445583795249725 1870.5139786477
54.50951977618532 3160.6721036801955
54.5734557571209 3405.802468069165
54.637391738056486 2441.5483231346134
54.70132771899208 1233.947993864101
54.76526369992767 854.0850368210771
54.82919968086325 1441.800887243851
54.89313566179885 2158.088500398532
54.957071642734434 2129.59559175658
55.021007623670016 1290.681359319704
55.084943604605606 339.325217723296
55.1488795855412 8.431204961736524
55.212815566476785 420.67958241525434
55.27675154741237 1091.329166959226
55.34068752834796 1431.024136252518
55.404623509283546 1225.3063404232198
55.468559490219135 707.9598765016495
55.53249547115472 248.36889320946608
55.59643145209032 32.5663197259642
55.660367433025904 6.4455494768916655
55.724303413961486 26.73369098428036
55.78823939489708 34.66490926267585
55.852175375832665 106.32896156953232
55.916111356768255 367.39648213454194
55.98004733770384 843.2726082047612
56.043983318639434 1362.8773791625724
56.107919299575016 1631.3788646427638
56.171855280510606 1425.3401134985488
56.2357912614462 795.951448367956
56.29972724238178 162.42657132565773
56.36366322331737 100.2043056934112
56.42759920425296 901.4886195795168
56.49153518518855 2302.0155190807845
56.55547116612413 3588.7818975671885
56.61940714705972 4039.6994123048057
56.68334312799531 3443.301990709877
56.7472791089309 2254.338332331563
56.81121508986649 1206.57164625029
56.87515107080207 754.1312198790899
56.93908705173766 827.0255118691126
57.00302303267325 1028.5356665978748
57.06695901360884 1030.0418354750464
57.13089499454441 822.4313037804595
57.19483097548001 634.6645764268876
57.2587669564156 634.5622478505782
57.322702937351195 760.0579008851107
57.38663891828677 848.094177085562
57.45057489922236 848.3034253162588
57.51451088015794 852.4205381415136
57.57844686109354 923.3558223601294
57.64238284202913 953.8023149076959
57.70631882296471 767.3644613006529
57.7702548039003 379.9231509468388
57.83419078483589 116.88999814754312
57.89812676577148 381.417208915816
57.962062746707055 1231.325623169668
58.02599872764265 2212.930822760176
58.08993470857824 2663.128325043648
58.15387068951383 2223.825883080716
58.21780667044941 1185.2432423488403
58.281742651385 346.63544314478787
58.34567863232059 378.66219665711606
58.409614613256174 1255.5953629383066
58.47355059419177 2307.5560912019337
58.53748657512735 2772.396058838699
58.60142255606294 2393.168500861046
58.665358536998525 1607.8509620712234
58.72929451793412 1140.8624893032447
58.79323049886971 1378.0072368915717
58.85716647980529 2075.114344563579
58.92110246074088 2609.1078960501213
58.98503844167647 2550.847997450818
59.04897442261206 2010.9150993046385
59.112910403547644 1453.0907273679709
59.176846384483234 1228.8943726255732
59.240782365418816 1248.1022008803411
59.304718346354406 1111.1664058627673
59.36865432729 664.2542652722433
59.432590308225585 359.2029131462373
59.49652628916117 948.4797264525072
59.56046227009676 2769.0377558467135
59.62439825103235 5213.4112300803645
59.688334231967936 6977.945895010373
59.752270212903525 7082.977490875265
59.81620619383912 5622.143070812511
59.880142174774704 3519.676216719444
59.94407815571029 1793.8964857404933
60.00801413664588 939.9745796056828
60.071950117581466 721.5033084192057
60.135886098517055 582.9667053686775
60.19982207945264 283.9942085368545
60.263758060388234 33.141858907158046
60.32769404132382 103.60520855858356
60.391630022259406 455.7736572068625
60.455566003195 753.0063564518958
60.519501984130585 712.4606797176825
60.58343796506617 385.82690300930926
60.64737394600176 83.92118869602551
60.71130992693735 55.17252604082597
60.775245907872936 265.0659708879069
60.83918188880852 479.7460905819352
60.9031178697441 511.27904396357377
60.9670538506797 363.4568859400405
61.03098983161529 171.43549405802128
61.09492581255088 49.65056178363824
61.15886179348646 32.394149958858904
61.22279777442205 125.82525489646267
61.28673375535764 352.87177478058743
61.35066973629323 706.4214235548716
61.41460571722881 1069.1954758489182
61.4785416981644 1246.065431911239
61.54247767909999 1102.579237373426
61.60641366003558 683.5441869558007
61.67034964097117 229.20111739801925
61.73428562190674 29.977846160153216
61.79822160284234 226.98987487643643
61.86215758377793 749.1754403005187
61.92609356471352 1372.3389546765393
61.9900295456491 1832.8408183359484
62.05396552658469 1964.5517433019431
62.11790150752028 1754.7003999100002
62.18183748845586 1313.8706432351198
62.24577346939146 838.7787192400277
62.30970945032704 537.8505996261584
62.37364543126263 512.6023878741028
62.43758141219823 686.2975655632462
62.50151739313381 856.7859803505659
62.56545337406939 847.781179435907
62.629389355004975 628.1035481559026
62.69332533594057 313.89427076532786
62.75726131687616 76.34164352066179
62.82119729781175 19.75622309482816
62.885133278747325 125.39192308772212
62.94906925968292 300.9042350307352
63.01300524061851 465.92249175003406
63.076941221554094 594.2760908253712
63.14087720248968 686.6878912238559
63.20481318342527 729.7312231716579
63.26874916436086 704.4929851545489
63.332685145296445 605.7160074286882
63.39662112623204 447.7306700206457
63.46055710716762 276.6000847022911
63.524493088103206 149.75425249452073
63.5884290690388 104.81662453188264
63.65236504997439 170.84206254487975
63.71630103090997 362.93158776372104
63.78023701184557 646.585403205884
63.844172992781154 931.1361810191917
63.908108973716736 1094.2542471468455
63.972044954652326 1048.371453206987
64.03598093558792 823.4608604795561
64.0999169165235 552.4439041109173
64.16385289745908 362.0621445036238
64.22778887839468 288.87575159230795
64.29172485933026 275.2769026867523
64.35566084026586 242.9711780161697
64.41959682120144 187.14776804592623
64.48353280213702 187.49193181298807
64.54746878307262 320.8387721226728
64.6114047640082 574.0956544797449
64.6753407449438 850.8999164167478
64.73927672587938 1070.429903278735
64.80321270681496 1250.7838814847155
64.86714868775056 1477.7306184024892
64.93108466868614 1786.9036762233115
64.99502064962174 2070.908805136706
65.05895663055732 2125.237111108748
65.1228926114929 1847.7413924567704
65.1868285924285 1396.7311712542287
65.25076457336408 1105.5366678051544
65.31470055429966 1225.625200356849
65.37863653523526 1714.5899575441263
65.44257251617084 2237.357692056119
65.50650849710644 2433.218440427223
65.57044447804202 2230.2079269050487
65.6343804589776 1882.6233280754004
65.6983164399132 1717.8901604611226
65.76225242084878 1833.344327459288
65.82618840178438 1984.7512918068105
65.89012438271996 1812.899941114861
65.95406036365553 1227.5388798102524
66.01799634459114 523.6960579667033
66.08193232552672 117.0600504629148
66.1458683064623 183.79635729974385
66.2098042873979 516.0667407806321
66.27374026833348 724.2922508241458
66.33767624926908 609.9181740958627
66.40161223020466 340.7492285902404
66.46554821114024 270.5505219375207
66.52948419207584 581.0301888650954
66.59342017301142 1080.02652045623
66.65735615394702 1364.3764574124848
66.7212921348826 1183.9907426612904
66.78522811581819 656.0282027060982
66.84916409675378 163.35389558410256
66.91310007768936 30.810711977596522
66.97703605862496 256.79362912998084
67.04097203956054 552.2285286497643
67.10490802049613 632.6936810018609
67.16884400143172 463.3215228789576
67.23277998236729 238.38563741135977
67.29671596330289 159.2138711286843
67.36065194423848 247.215112358808
67.42458792517407 349.25441549665834
67.48852390610966 309.18597251878765
67.55245988704525 138.31313747488068
67.61639586798083 8.001622911607319
67.68033184891641 78.54739224199798
67.744267829852 352.8328520048648
67.8082038107876 680.8493145614776
67.87213979172319 883.0310982973753
67.93607577265877 880.2699045025117
68.00001175359436 733.8754989913847
68.06394773452995 578.7358424743196
68.12788371546553 522.161902679452
68.19181969640113 590.3282738330627
68.25575567733671 736.0929438754013
68.3196916582723 871.3784915469759
68.38362763920789 902.9647192013763
68.44756362014347 776.5678794099334
68.51149960107907 520.0692643588624
68.57543558201465 248.59794996538807
68.63937156295025 99.15925869670778
68.70330754388583 123.76832214091812
68.76724352482141 239.24115461727936
68.831179505757 301.2931829549435
68.89511548669259 237.61270696857608
68.95905146762819 105.98596737519104
69.02298744856377 28.265198663095333
69.08692342949935 69.6818448317453
69.15085941043495 179.16409706691164
69.21479539137053 251.7753903500237
69.27873137230613 240.81135966104543
69.34266735324171 192.3210206719774
69.40660333417729 177.9057076414947
69.47053931511289 211.4372107079533
69.53447529604847 242.65127494735907
69.59841127698405 232.74841987206517
69.66234725791965 218.56796849697204
69.72628323885523 285.7212098494687
69.79021921979083 468.5463869542832
69.85415520072641 681.4004855100977
69.91809118166199 778.3134134134272
69.98202716259759 684.8737546904704
70.04596314353317 456.3851289075285
70.10989912446877 223.51472792494485
70.17383510540435 89.88465320955025
70.23777108633993 68.00563976330318
70.30170706727553 102.67501108056167
70.36564304821111 136.98489249040264
70.42957902914671 149.50352672872847
70.49351501008229 145.23324710683394
70.55745099101787 128.31775815051316
70.62138697195347 97.12687920328686
70.68532295288905 60.49729832048996
70.74925893382463 37.65654877149809
70.81319491476023 35.48967398059481
70.87713089569581 37.2766212778461
70.94106687663141 26.234056589105943
71.00500285756699 10.455758722564177
71.06893883850258 8.73110071341896
71.13287481943817 18.839462981144386
71.19681080037375 15.89738573612004
71.26074678130935 0.3681470632896092
71.32468276224493 48.48930642241496
71.38861874318052 277.5662323214351
71.45255472411611 722.758897411151
71.5164907050517 1240.0649703209535
71.58042668598729 1557.426289230822
71.64436266692287 1473.928058731285
71.70829864785846 1051.1599013539283
71.77223462879405 605.04458089752
71.83617060972963 458.53028596551576
71.90010659066522 671.9640228430209
71.96404257160081 1019.310727824458
72.0279785525364 1202.6049630771392
72.09191453347198 1090.8136959247806
72.15585051440756 801.0218000970793
72.21978649534316 547.7859853346722
72.28372247627875 415.14143110051566
72.34765845721434 319.0443456911849
72.41159443814993 170.30899850197366
72.4755304190855 22.621703151349
72.53946640002108 49.05735554493376
72.6034023809567 356.63791341171844
72.66733836189228 828.241855623664
72.73127434282787 1179.1251364664492
72.79521032376346 1178.6783252601363
72.85914630469904 833.1698988982935
72.92308228563462 375.4631095423748
72.9870182665702 71.35019103745222
73.05095424750581 20.997541204309876
73.1148902284414 129.8691437988664
73.178826209377 245.21520597148512
73.24276219031258 304.86957262467234
73.30669817124814 355.5657762949812
73.37063415218374 451.76060544179137
73.43457013311932 565.1414796026945
73.49850611405493 598.3710035723303
73.56244209499052 490.0980002273061
73.62637807592611 311.07327772209635
73.69031405686168 243.26587432645687
73.75425003779726 441.15772114362824
73.81818601873286 892.3366535122337
73.88212199966844 1399.2376394940416
73.94605798060404 1700.2945583385674
74.00999396153962 1639.3485405140163
74.07392994247522 1262.096791100028
74.1378659234108 769.291305313591
74.20180190434638 367.4527024582196
74.26573788528198 147.62932069367804
74.32967386621756 80.70662139272525
74.39360984715316 100.41967379035871
74.45754582808874 176.1038354950559
74.52148180902432 304.68257493397726
74.58541778995992 449.4898368930424
74.6493537708955 518.5344482855631
74.7132897518311 436.29262245906534
74.7772257327667 243.34893188166075
74.84116171370225 89.08382381241101
74.90509769463787 101.25897462617677
74.96903367557344 265.0158591044704
75.03296965650902 427.373182300313
75.09690563744462 435.44140874125736
75.16084161838019 285.9478056990968
75.22477759931581 118.17852922207553
75.28871358025138 56.10929037299952
75.35264956118696 86.69465046953297
75.41658554212256 102.483668648366
75.48052152305814 48.63894630446951
75.54445750399374 1.9894997766740707
75.60839348492931 76.92851232142365
75.67232946586489 261.36701525730973
75.7362654468005 393.8130746076844
75.80020142773608 330.1877398594248
75.86413740867168 122.61963560661304
75.92807338960726 11.723308495519799
75.99200937054285 212.39968215209237
76.05594535147843 697.2823666736286
76.11988133241401 1207.1277200337709
76.18381731334962 1470.3722937304535
76.2477532942852 1407.9091397086638
76.31168927522079 1138.970936890908
76.37562525615638 817.8251307856762
76.43956123709197 515.5693565379336
76.50349721802753 266.47409210996705
76.56743319896313 157.3672310583527
76.63136917989873 304.22000612714896
76.69530516083432 719.6738359115196
76.7592411417699 1220.949421069796
76.82317712270547 1518.39112089668
76.88711310364108 1444.5763494859648
76.95104908457665 1099.1034310755474
77.01498506551225 741.9684785863632
77.07892104644785 562.4926208794766
77.14285702738343 570.6741163968512
77.20679300831902 657.5672020079788
77.2707289892546 711.6747303256377
77.3346649701902 688.9840030882913
77.39860095112577 601.2879194630857
77.46253693206138 476.6639970525145
77.52647291299697 354.569224588776
77.59040889393255 292.2421049235064
77.65434487486814 331.2148770497527
77.71828085580371 444.58071510568953
77.7822168367393 535.1798982035393
77.84615281767489 510.6272461526964
77.91008879861047 378.0250525128108
77.97402477954607 247.71379767209808
78.03796076048167 219.0445842545639
78.10189674141726 279.4786251641761
78.16583272235283 332.1993135386609
78.22976870328841 319.1517060925064
78.29370468422401 299.77310469900897
78.3576406651596 378.7572691025712
78.4215766460952 568.9628796045639
78.48551262703079 751.4773296960867
78.54944860796637 767.2875072057615
78.61338458890195 570.1100243210336
78.67732056983753 296.430335086084
78.74125655077313 150.54216740650847
78.8051925317087 222.49895530413593
78.86912851264432 428.7573072922152
78.93306449357989 599.3694909023595
78.99700047451549 610.5803216094776
79.06093645545107 462.91654053948713
79.12487243638665 257.46168292786564
79.18880841732225 105.88251383645412
79.25274439825782 61.33944048606568
79.31668037919344 110.5751221064285
79.38061636012901 203.0133853941261
79.4445523410646 284.55157057009046
79.50848832200019 319.4443738643671
79.57242430293577 298.9928333319916
79.63636028387135 236.38068941619997
79.70029626480694 152.4445996849361
79.76423224574253 70.04943721684906
79.82816822667813 13.802431127320688
79.89210420761371 1.5172018742650286
79.9560401885493 31.56976841914403
80.01997616948489 76.76767640139472
80.08391215042046 102.201876954976
80.14784813135607 104.79312962021478
80.21178411229165 131.33788182049346
80.27572009322724 243.4399430572722
80.33965607416283 449.21621781839326
80.40359205509841 662.8823031880191
80.46752803603401 746.5014388968763
80.53146401696958 619.4081928792
80.59539999790516 343.5135545284731
80.65933597884077 90.33976900050268
80.72327195977635 3.8414186701266617
80.78720794071195 84.93329909685747
80.85114392164753 204.42339173689865
80.9150799025831 230.28475010248576
80.9790158835187 147.279945876697
81.04295186445428 55.68502182433927
81.10688784538988 57.444817640006846
81.17082382632547 147.35912132223905
81.23475980726106 221.5393827211867
81.29869578819665 191.6642685664125
81.36263176913222 82.26142644401021
81.4265677500678 15.009658562693406
81.49050373100341 93.60183315430888
81.554439711939 297.67260505041236
81.6183756928746 494.6626321526271
81.68231167381018 553.6562442842891
81.74624765474576 446.9579183860712
81.81018363568134 260.2007022085981
81.87411961661692 117.73345862319167
81.93805559755253 92.9811592518661
82.00199157848812 177.70361187183008
82.06592755942371 318.8781308582372
82.1298635403593 462.3259646317941
82.19379952129486 558.7616181010832
82.25773550223046 559.1390843128006
82.32167148316604 435.417791835141
82.38560746410165 222.45325183112345
82.44954344503724 38.20952657689585
82.51347942597283 27.579272081592077
82.5774154069084 250.9264103959443
82.64135138784398 608.6098660129226
82.70528736877958 874.8707441989587
82.76922334971516 857.0294738383561
82.83315933065076 561.1698354977365
82.89709531158634 194.06407299268145
82.96103129252194 8.64068493068404
83.02496727345752 119.8751823483292
83.0889032543931 421.31251074807113
83.1528392353287 684.1703505305402
83.21677521626428 743.5461172321615
83.28071119719988 599.7847148741855
83.34464717813546 383.54135977459765
83.40858315907104 229.6287324153992
83.47251914000664 172.28826163209538
83.53645512094222 162.98867517658147
83.60039110187782 164.0787910440514
83.66432708281341 203.20007605125537
83.72826306374898 348.6117596348286
83.7921990446846 642.7490012712965
83.85613502562016 1051.013664282592
83.92007100655574 1452.8500235293427
83.98400698749134 1676.0458740868999
84.04794296842691 1581.3315733863988
84.11187894936253 1165.8377825536231
84.1758149302981 597.6116745085496
84.23975091123368 142.68708317741124
84.30368689216928 11.824802029270332
84.36762287310486 206.0162250916624
84.43155885404046 503.51109676248086
84.49549483497603 635.8714217306353
84.55943081591161 514.3456608029873
84.62336679684722 309.6828207386352
84.6873027777828 284.8796179520964
84.7512387587184 534.2840848780895
84.81517473965398 893.2957941062919
84.87911072058957 1080.6854617537458
84.94304670152515 947.9819643615982
85.00698268246073 605.8834168582663
85.07091866339634 286.85131956075435
85.13485464433192 130.74850379087852
85.1987906252675 113.75207340593995
85.2627266062031 121.95436958889232
85.32666258713869 85.89865544597829
85.39059856807425 38.09950534187444
85.45453454900985 34.76480327841921
85.51847052994545 72.5990424127417
85.58240651088104 97.05520696002972
85.64634249181663 70.96407360935085
85.7102784727522 25.595817938342186
85.7742144536878 31.759167608412156
85.83815043462337 127.45941417921019
85.90208641555897 284.4040071285463
85.96602239649457 436.07853085527967
86.02995837743015 531.1813836029377
86.09389435836574 558.43946814398
86.15783033930131 533.216580653092
86.22176632023692 479.4456329488344
86.28570230117249 419.882529965164
86.3496382821081 367.5704775280856
86.41357426304369 319.87357496477955
86.47751024397927 263.67853325348284
86.54144622491486 195.9968430799824
86.60538220585043 145.79989450626812
86.66931818678601 164.91501184106178
86.73325416772161 279.63945012529416
86.7971901486572 450.12062025706103
86.86112612959279 584.2007950222684
86.92506211052839 601.8010154208895
86.98899809146398 507.03043248109674
87.05293407239955 395.9132164003847
87.11687005333513 373.02099908495853
87.18080603427073 460.93965212692086
87.24474201520631 579.0019029072009
87.30867799614192 597.5214889008163
87.3726139770775 449.2685323356491
87.43654995801309 208.56025719195617
87.50048593894867 42.42122014110208
87.56442191988425 80.70704276562697
87.62835790081985 311.97933044280967
87.69229388175542 575.9921945611156
87.75622986269104 683.0729694160686
87.82016584362661 569.9230903597277
87.88410182456221 343.55036753132106
87.94803780549779 195.75383345267247
88.01197378643337 266.00399383763573
88.07590976736897 529.6513405079296
88.13984574830454 800.6030413807939
88.20378172924016 875.7087679475294
88.26771771017573 698.3321501959673
88.33165369111131 386.33516000195647
88.39558967204691 120.29438039434106
88.45952565298249 7.852607614169632
88.52346163391807 22.815977472291294
88.58739761485366 59.85511337688642
88.65133359578925 54.266511934034206
88.71526957672485 40.85262237039485
88.77920555766043 94.6925327903574
88.84314153859602 223.3775643470773
88.90707751953161 334.50496178071694
88.97101350046718 330.79332315401854
89.03494948140279 228.42574146269192
89.09888546233837 159.76861643914884
89.16282144327396 239.81882686102023
89.22675742420955 421.066559484924
89.29069340514513 516.6509017289854
89.35462938608073 394.6904169959667
89.4185653670163 139.52729858265556
89.48250134795188 10.730305995405836
89.54643732888749 213.85941147300605
89.61037330982307 691.2785416480718
89.67430929075867 1153.5492802196127
89.73824527169425 1324.5188375576413
89.80218125262982 1157.5443027041058
89.86611723356542 821.759156661035
89.930053214501 515.8291049929087
89.9939891954366 327.256438516837
90.0579251763722 232.57255475412612
90.12186115730776 185.0458097745177
90.18579713824336 178.66899366452324
90.24973311917896 214.1269178666472
90.31366910011452 247.57321017000743
90.3776050810501 218.5812409776568
90.44154106198573 120.21907828566684
90.50547704292131 22.713902817406343
90.56941302385688 5.052873777878137
90.63334900479248 66.04525008121125
90.69728498572807 127.21115521545312
90.76122096666364 118.86235182853991
90.82515694759923 53.841622349073056
90.88909292853485 9.274573939003378
90.9530289094704 35.27603844943216
91.016964890406 105.17659443921288
91.0809008713416 157.24227776722992
91.14483685227718 163.38964660418793
91.20877283321276 148.36697081609836
91.27270881414837 145.33814599590244
91.33664479508397 150.14260182398053
91.40058077601952 135.11831542693136
91.46451675695512 98.87198141109971
91.52845273789072 80.24022240366611
91.59238871882629 115.84286010922332
91.65632469976188 196.6972196780844
91.72026068069748 275.965146852662
91.78419666163306 317.4161858396814
91.84813264256864 328.175224830599
91.91206862350425 336.8522557019251
91.97600460443984 350.0063468027846
92.03994058537539 342.40630645103937
92.103876566311 288.24169415750737
92.1678125472466 199.606568073504
92.23174852818218 128.96568764504687
92.29568450911776 127.97320577296512
92.35962049005337 205.5747853974652
92.42355647098894 323.6048753297063
92.48749245192451 425.7912465039225
92.55142843286013 471.9255507623238
92.6153644137957 455.3365234039902
92.6793003947313 398.731998285882
92.74323637566688 334.80737977969613
92.80717235660249 286.00670793537586
92.87110833753806 256.04093734853075
92.93504431847363 234.3437490147633
92.99898029940925 208.42563577397377
93.06291628034482 176.85936652442163
93.12685226128042 148.99831658910227
93.190788242216 127.90503126556514
93.25472422315158 101.4714741969251
93.31866020408718 60.43019567939815
93.38259618502275 23.777085012239343
93.44653216595833 34.48178706833667
93.51046814689394 115.34476713943722
93.57440412782952 229.61925149434177
93.63834010876512 296.9815256685714
93.7022760897007 263.8851827632747
93.76621207063629 171.84080123246568
93.83014805157187 134.57272449758213
93.89408403250745 220.01562123941713
93.95802001344306 370.6911072977964
94.02195599437864 448.87350649375406
94.08589197531423 361.82426968990654
94.14982795624982 169.875088590082
94.2137639371854 53.7529500306702
94.27769991812099 142.0252633703732
94.34163589905657 396.34535800202144
94.40557187999217 655.0466313674274
94.46950786092776 753.4822825673415
94.53344384186335 646.0416878734377
94.59737982279891 431.2125670900398
94.66131580373452 246.61224925012573
94.72525178467009 168.1548952836807
94.78918776560569 209.6237432599252
94.85312374654129 364.57799090656926
94.91705972747687 610.5214723449193
94.98099570841246 874.2561536870669
95.04493168934803 1033.4583728547293
95.10886767028364 989.9119400639106
95.17280365121921 749.5258772989628
95.23673963215482 434.63242900148856
95.3006756130904 204.1018466196468
95.36461159402599 146.4922484758474
95.42854757496158 249.49625813358767
95.49248355589715 443.0416004995792
95.55641953683273 641.6904484615126
95.62035551776833 756.6037273144393
95.68429149870391 713.7856550714972
95.74822747963952 519.6943990693144
95.8121634605751 313.5704119708848
95.8760994415107 290.17869307833985
95.94003542244627 522.8760814047263
96.00397140338185 864.5703551239312
96.06790738431744 1039.05325885188
96.13184336525303 870.9716716796626
96.19577934618864 466.2215335838933
96.25971532712423 135.49331229895043
96.32365130805981 104.6674867327447
96.38758728899539 308.8015659876011
96.45152326993097 472.7803986663666
96.51545925086656 402.2043315978216
96.57939523180217 188.89906563718628
96.64333121273776 112.41128306718451
96.70726719367332 361.6568241402187
96.77120317460893 843.3731446715581
96.83513915554451 1242.132641595316
96.89907513648008 1298.5726104642724
96.96301111741569 1020.8952278443336
97.02694709835129 624.8450430690139
97.09088307928688 327.394589910882
97.15481906022244 198.35370065968607
97.21875504115805 165.6209338925088
97.28269102209363 140.6790465640953
97.3466270030292 120.5866912388453
97.4105629839648 164.8121817482197
97.4744989649004 291.1091061459901
97.53843494583597 414.73849564642774
97.60237092677156 407.4054252465584
97.66630690770717 235.02986903358345
97.73024288864275 39.69090795451552
97.79417886957832 51.14680382948444
97.85811485051391 383.08274582017566
97.92205083144952 899.4095041502497
97.9859868123851 1281.3465650646192
98.04992279332068 1268.608691589995
98.11385877425629 875.0018004999755
98.17779475519184 370.7508930617345
98.24173073612744 52.439709044426046
98.30566671706303 15.368271541575703
98.36960269799859 124.16743312398216
98.43353867893421 186.2371906969888
98.4974746598698 134.72401579066596
98.5614106408054 47.204521473610335
98.62534662174096 20.124537179316206
98.68928260267656 58.940143697195694
98.75321858361217 101.5956543518864
98.8171545645477 117.74900936474424
98.88109054548333 142.24410324012447
98.94502652641891 207.11500352529876
99.00896250735448 270.38444771858894
99.07289848829008 248.34048782538375
99.13683446922568 127.93456588826263
99.20077045016124 22.32577041672708
99.26470643109683 86.00312606864412
99.32864241203245 356.48668302997805
99.39257839296803 689.0681416559626
99.4565143739036 871.8018543419516
99.5204503548392 799.4781377620753
99.5843863357748 538.5577149883849
99.64832231671036 255.40870399925183
99.71225829764595 82.23586367320449
99.77619427858157 33.494675986287895
99.84013025951712 40.66440953406418
99.90406624045272 42.05379546173158
99.96800222138832 28.21118481942739
100.0319382023239 23.57614148551531
100.09587418325948 45.54560220212079
100.15981016419508 86.62323988629171
100.22374614513068 126.9331955179022
100.28768212606624 153.12353555092992
100.35161810700184 164.16697423455946
100.41555408793744 162.47010115096379
100.479490068873 147.2986584802757
100.5434260498086 118.43793798032596
100.6073620307442 79.77165555290627
100.67129801167978 40.266076904107535
100.73523399261536 11.714984654130708
100.79916997355096 1.7994793385881223
100.86310595448656 9.282054438603183
100.92704193542212 24.687334519995
100.99097791635772 37.82054767753081
101.05491389729332 48.58380946693661
101.1188498782289 69.25898510983082
101.18278585916448 116.1281319284531
101.24672184010008 195.14553066942173
101.31065782103566 290.64379754571326
101.37459380197124 373.2749732405081
101.43852978290684 421.99159063271674
101.50246576384242 435.67731884134423
101.566401744778 429.2440308465484
101.6303377257136 421.6538331828871
101.6942737066492 420.11253458081825
101.75820968758478 413.64754712637733
101.82214566852036 385.50657777526646
101.88608164945596 330.83154205722724
101.95001763039154 261.4881159007484
102.01395361132712 195.125110309998
102.07788959226272 139.74404875036404
102.1418255731983 90.36413484547836
102.2057615541339 42.28764567688759
102.26969753506948 6.675026408847418
102.33363351600507 13.112375572870553
102.39756949694066 95.4877818124205
102.46150547787624 267.138488487735
102.52544145881184 501.2983337480717
102.58937743974742 732.8972962354384
102.653313420683 880.892476529796
102.7172494016186 883.0506635280922
102.78118538255418 733.0182769881153
102.84512136348978 491.14015380746656
102.90905734442536 250.2104318094228
102.97299332536095 84.11443156345278
103.03692930629654 15.326475432948964
103.10086528723212 15.021493849952508
103.16480126816772 34.98540567992065
103.2287372491033 45.53394413176935
103.29267323003889 46.57575555404252
103.35660921097448 50.81930794196538
103.42054519191007 64.57980097087757
103.48448117284563 84.62470229772917
103.54841715378124 106.01602392110625
103.61235313471683 127.34599928300057
103.67628911565242 148.7147780073296
103.740225096588 168.0677954493398
103.80416107752357 184.35853702776689
103.86809705845918 202.3870042924036
103.93203303939475 224.49173394458728
103.99596902033036 235.67338180229447
104.05990500126595 209.10960064787176
104.12384098220151 135.76361842138587
104.18777696313713 46.69214762968572
104.2517129440727 0.7656790012826754
104.3156489250083 38.12013636734608
104.37958490594389 136.17328938033071
104.44352088687945 222.37600363735297
104.50745686781507 236.2923733004675
104.57139284875063 175.17527712197372
104.63532882968624 87.38946241996689
104.69926481062183 25.46176904734372
104.7632007915574 3.6268657015085295
104.827136772493 2.289794499315823
104.89107275342857 3.0421298988878767
104.95500873436416 7.771041094315858
105.01894471529975 27.05061319538923
105.08288069623534 62.82615176831874
105.14681667717095 110.88327109419588
105.21075265810651 173.5822714566447
105.27468863904213 257.87602543425703
105.3386246199777 351.05392697994574
105.40256060091328 406.27410339786246
105.46649658184889 375.4845909480986
105.53043256278445 261.7173373937503
105.59436854372004 132.7229776561634
105.65830452465563 75.01610842991302
105.72224050559124 118.46487974840876
105.7861764865268 203.96480724709437
105.8501124674624 235.4930306516393
105.914048448398 174.458862520181
105.97798442933357 85.57612215131766
106.04192041026916 78.33830866407493
106.10585639120475 202.235637101699
106.16979237214034 398.0621903634717
106.23372835307592 539.7811725470854
106.29766433401151 534.5494555448593
106.36160031494713 396.2527081300764
106.42553629588268 221.8914687349429
106.48947227681828 104.59213411610816
106.55340825775389 70.0308535124885
106.61734423868945 83.46572325590088
106.68128021962504 104.76905076465368
106.74521620056063 124.68035505026587
106.80915218149624 149.34992642225131
106.8730881624318 168.38563947279158
106.9370241433674 154.78549521372867
107.000960124303 98.5852025582632
107.06489610523856 31.489617769235007
107.12883208617416 4.910133576824051
107.19276806710975 37.416446712809055
107.25670404804532 93.10575106642204
107.32064002898092 119.11318566320853
107.38457600991651 97.05812201639539
107.44851199085213 52.33707673628309
107.51244797178768 18.59378495308264
107.57638395272328 4.824043446993941
107.64031993365889 5.397888291607845
107.70425591459444 31.619992668679416
107.76819189553004 109.433026018981
107.83212787646563 235.34788834095147
107.8960638574012 348.1445710310499
107.9599998383368 367.605403924476
108.0239358192724 273.9027904237918
108.08787180020796 140.20242570858383
108.15180778114356 70.69939735070332
108.21574376207916 101.85193448798417
108.27967974301475 171.9312457674266
108.34361572395032 193.35303709743823
108.40755170488592 147.58894529164425
108.47148768582151 95.34740267987405
108.53542366675708 96.85762544298709
108.59935964769268 143.48753002704925
108.66329562862828 174.98133847528183
108.72723160956384 148.66551764092316
108.79116759049944 83.86685854906828
108.85510357143504 40.35398932318236
108.91903955237063 57.94688169562063
108.9829755333062 133.46256576733919
109.0469115142418 245.8952191641084
109.1108474951774 364.9891458755556
109.17478347611296 437.79043642069354
109.23871945704856 401.40942280202177
109.30265543798416 241.52896844659816
109.36659141891973 59.033219226083425
109.43052739985532 45.467935220420316
109.49446338079092 335.29334069158847
109.5583993617265 855.3752529770627
109.62233534266208 1321.1538953605736
109.68627132359768 1430.0577643992972
109.75020730453328 1111.8148797199094
109.81414328546884 588.1426162606555
109.87807926640444 185.68693971974736
109.94201524734004 86.6163997534897
110.00595122827562 221.89365616323843
110.0698872092112 372.9718017201951
110.1338231901468 373.83092105280167
110.19775917108238 230.92349983951297
110.26169515201796 72.38801157171044
110.32563113295356 6.206604793840591
110.38956711388914 36.01716757410743
110.45350309482473 89.63383900025772
110.51743907576032 102.82862783102784
110.58137505669592 74.3858107964003
110.6453110376315 46.89549758102695
110.70924701856708 49.05723232792339
110.77318299950268 69.68551778544433
110.83711898043826 78.33160885126397
110.90105496137384 59.98237042438781
110.96499094230944 28.5632460378976
111.02892692324502 7.201083591254736
111.09286290418062 2.162665634729263
111.1567988851162 4.543855282169311
111.2207348660518 15.80194053916028
111.28467084698738 61.70578923142738
111.34860682792296 169.14752427767476
111.41254280885856 321.94775698615297
111.47647878979414 447.03308084891927
111.54041477072973 462.0182919693755
111.60435075166532 346.2836314152944
111.6682867326009 166.41739055906595
111.7322227135365 30.27940778671037
111.79615869447208 4.656071607185898
111.86009467540767 66.20727126732552
111.92403065634326 133.57464815518713
111.98796663727884 145.5762679734908
112.05190261821444 104.39286051449754
112.11583859915002 51.92973844215647
112.1797745800856 19.271519450878223
112.2437105610212 7.034284095115637
112.30764654195679 10.307722655958756
112.37158252289238 45.03500231073464
112.43551850382796 131.3268311343128
112.49945448476355 249.48338146656195
112.56339046569914 329.66069644756124
112.62732644663473 303.6299558590983
112.6912624275703 176.41265731364993
112.7551984085059 41.81348036886074
112.81913438944149 8.019980157595267
112.88307037037708 97.9683276450761
112.94700635131267 226.38429695686233
113.01094233224823 274.9252141526884
113.07487831318385 198.92862428643
113.13881429411941 73.09088529361027
113.20275027505502 24.53934796731752
113.2666862559906 113.41768950199692
113.33062223692617 280.4439194094257
113.39455821786179 400.7373303518599
113.45849419879735 387.5727417999336
113.52243017973296 266.4272804844107
113.58636616066855 159.00809456960508
113.65030214160412 184.76236928563893
113.71423812253973 364.4371247739008
113.7781741034753 599.7475736522646
113.84211008441088 738.4974966968817
113.90604606534647 684.7598300534764
113.96998204628206 472.3056917398466
114.03391802721767 239.71535461812425
114.09785400815323 135.83595198151912
114.16178998908885 222.0405294223808
114.22572597002441 425.9803875070296
114.28966195096 595.9992421380643
114.3535979318956 627.6539863247377
114.41753391283117 539.0099393273764
114.48146989376676 432.32056800589766
114.54540587470235 402.01075499724806
114.60934185563796 465.2427163632751
114.67327783657352 553.8035807283204
114.73721381750912 575.1156395042672
114.80114979844473 491.8079280238496
114.8650857793803 343.48672518491907
114.92902176031588 200.99676339942403
114.99295774125147 112.39392178717766
115.05689372218706 86.39001662741646
115.12082970312264 109.78650490465436
115.18476568405823 170.5351866847121
115.24870166499385 262.26458788094556
115.3126376459294 370.30438496521367
115.376573626865 462.4934417193372
115.4405096078006 503.3354268541962
115.50444558873617 484.05207386692894
115.56838156967176 442.7716798921774
115.63231755060735 452.73228675435746
115.69625353154296 576.6214700734312
115.76018951247852 811.9893135973166
115.82412549341412 1072.5923497496688
115.88806147434973 1232.9562255820451
115.95199745528528 1206.6405665960788
116.01593343622088 994.7085314021776
116.07986941715647 676.7942264812036
116.14380539809204 374.3174127151019
116.20774137902764 214.21525835334165
116.27167735996323 285.6904243696045
116.33561334089885 584.4973714204131
116.3995493218344 977.3418341138575
116.46348530277 1245.55702736053
116.5274212837056 1218.117900589551
116.59135726464116 894.1948671363876
116.65529324557676 448.3416070501257
116.71922922651235 110.690595241783
116.78316520744792 0.9682431534471463
116.84710118838352 55.658743748107135
116.91103716931912 123.01378337083248
116.97497315025468 118.20667049476108
117.03890913119028 80.76225096279336
117.10284511212588 93.72857165296034
117.16678109306147 167.00430358416517
117.23071707399704 228.4590454726132
117.29465305493264 230.4355679676224
117.35858903586823 237.67201661843512
117.4225250168038 379.9507305674866
117.4864609977394 699.4619271050775
117.550396978675 1067.1756200278155
117.61433295961056 1270.82889729597
117.67826894054616 1181.1847311787867
117.74220492148176 852.2558991846448
117.80614090241735 473.89283136853754
117.87007688335292 214.62779913536903
117.93401286428852 109.7089237380826
117.99794884522412 91.74996170598823
118.06188482615968 99.98121034895155
118.12582080709528 144.40535556444547
118.18975678803088 264.8436426768892
118.25369276896645 442.36245658372655
118.31762874990204 577.3902210863697
118.38156473083764 568.2666918718318
118.44550071177322 404.3466159218755
118.5094366927088 185.52118714116432
118.5733726736444 50.07861667079485
118.63730865458 57.120869096661735
118.70124463551556 135.6245136458042
118.76518061645116 167.81032221258815
118.82911659738676 121.89042675079315
118.89305257832234 99.37546024758105
118.95698855925792 238.60409845357813
119.02092454019352 548.5776398675288
119.0848605211291 852.0818801532617
119.14879650206468 921.2122478491757
119.21273248300028 684.9865819543994
119.27666846393586 314.23009142374934
119.34060444487145 84.37431805654927
119.40454042580704 136.45545448713577
119.46847640674264 378.268822946065
119.53241238767822 597.4800532588112
119.5963483686138 648.3303946138872
119.6602843495494 543.7595338347572
119.72422033048498 386.5529002772384
119.78815631142056 244.63952668130153
119.85209229235616 125.28076027008356
119.91602827329174 41.94865405630157
119.97996425422734 50.284367045091535
120.04390023516292 191.4259880174949
120.10783621609852 410.18212276557625
120.1717721970341 563.296586828435
120.23570817796968 532.0874922022151
120.29964415890528 331.058882490551
120.36358013984086 103.65893828218324
120.42751612077645 7.409757039640103
120.49145210171204 100.34186502806756
120.55538808264762 321.65998605547554
120.61932406358322 550.1567834306485
120.6832600445188 673.9746978776484
120.74719602545439 635.8800953829589
120.81113200638998 454.13950034781845
120.87506798732556 219.77056427685193
120.93900396826116 57.94112369585565
121.00293994919674 55.25358176017124
121.06687593013233 193.3359778289557
121.13081191106792 353.7429768018407
121.1947478920035 413.11341757298953
121.2586838729391 341.97924332550247
121.32261985387468 208.23204601926807
121.38655583481027 100.59796402993376
121.45049181574586 55.09980641376466
121.51442779668145 44.579296896748794
121.57836377761701 32.25999151940218
121.64229975855262 18.664735813738552
121.7062357394882 29.327475187402776
121.7701717204238 77.46703107020582
121.83410770135939 147.67246124434575
121.89804368229495 212.17066468610696
121.96197966323057 258.02072161765767
122.02591564416613 287.51748992075704
122.08985162510174 300.87564296318936
122.15378760603733 295.24685202579514
122.2177235869729 272.24105776872756
122.2816595679085 234.2827055462357
122.34559554884407 178.90101316060392
122.40953152977968 111.93400968554884
122.47346751071527 78.81507649218702
122.53740349165084 173.86880262816803
122.60133947258645 480.57885701204606
122.66527545352201 968.8186275543088
122.7292114344576 1455.0527941340983
122.7931474153932 1687.7826214820657
122.85708339632878 1510.0355054839388
122.92101937726439 990.7247380283325
122.98495535819995 409.51090293674633
123.04889133913557 70.97435453056069
123.11282732007113 93.05811112745738
123.17676330100672 346.83821099653943
123.24069928194233 573.6860888319871
123.3046352628779 577.27571312023
123.36857124381348 361.1936044309727
123.43250722474907 106.08619640359356
123.49644320568468 1.620045958366947
123.56037918662027 93.33008497149945
123.62431516755584 267.55102951590123
123.68825114849145 363.4747766591345
123.75218712942701 318.41085205534773
123.8161231103626 216.01605932736123
123.8800590912982 188.85689905743945
123.94399507223378 280.9392848860476
124.00793105316936 406.7860313426604
124.07186703410495 441.4329915772843
124.13580301504057 344.87156994655965
124.19973899597612 189.75917900436704
124.26367497691172 76.36300019124387
124.32761095784733 36.05226299364639
124.3915469387829 25.198203409188768
124.45548291971848 6.581049025181501
124.51941890065407 8.84612065165543
124.58335488158968 88.23347579583239
124.64729086252524 238.7410042921932
124.71122684346084 361.8054690308204
124.77516282439645 352.58289777698326
124.839098805332 218.04235679866352
124.9030347862676 92.47094743413278
124.9669707672032 125.05886123273456
125.03090674813876 343.802417976309
125.09484272907436 633.2082332458648
125.15877871000995 840.2640143471544
125.22271469094557 895.9492821798552
125.28665067188112 852.9298156769912
125.35058665281672 805.6905820817639
125.41452263375233 774.1390953875974
125.47845861468788 695.3396294306349
125.54239459562348 520.2725156992448
125.60633057655907 287.43604073631445
125.67026655749464 101.0919459371683
125.73420253843024 38.97502555346245
125.79813851936584 81.08882995579422
125.86207450030145 131.3876691755944
125.926010481237 110.17149366828428
125.9899464621726 33.71613713901868
126.0538824431082 7.626029919615414
126.11781842404376 139.33043520700483
126.18175440497936 445.7665404789482
126.24569038591495 823.6527776311116
126.30962636685052 1103.7855207453242
126.37356234778612 1152.1975282447295
126.43749832872172 948.3103061698704
126.50143430965728 603.175251972644
126.56537029059288 312.95093947730084
126.62930627152848 253.4481476033904
126.69324225246407 460.9374421625768
126.75717823339964 793.3734707164718
126.82111421433524 1025.6811464455686
126.88505019527084 1002.4329934821644
126.9489861762064 729.8722212775118
127.012922157142 362.2936255924544
127.0768581380776 90.83295431188768
127.14079411901317 11.932203059891137
127.20473009994876 85.49662317348609
127.26866608088436 192.6812229806441
127.33260206181994 227.94752544871463
127.39653804275552 163.72630189572692
127.46047402369112 54.71706980144141
127.52441000462672 3.345169338557845
127.58834598556228 98.66339215120895
127.65228196649788 344.27599440765664
127.71621794743348 637.066204111633
127.78015392836906 818.030782570351
127.84408990930464 775.909742132712
127.90802589024024 542.2230978295784
127.97196187117582 269.6486543967169
128.0358978521114 103.55810923448368
128.099833833047 79.6760603618741
128.16376981398258 126.535743062452
128.22770579491817 153.3348064741511
128.29164177585375 135.44834594061604
128.35557775678936 112.70406150536428
128.41951373772494 119.90701512802094
128.48344971866052 145.64297950310143
128.5473856995961 162.41524229277962
128.61132168053172 172.99780010388818
128.67525766146727 205.98776851768875
128.73919364240288 267.46864559150765
128.80312962333846 318.25215943982164
128.86706560427405 314.8029655580004
128.93100158520963 262.8117468437585
128.99493756614524 213.29556091056145
129.05887354708082 201.3343486785635
129.1228095280164 200.35752161130168
129.186745508952 156.39988444536638
129.2506814898876 68.1825432333038
129.31461747082315 10.885991418252347
129.37855345175876 62.842594597885125
129.44248943269434 214.9544647890293
129.50642541362993 366.02316874635176
129.5703613945655 408.4196339901992
129.63429737550112 318.3434350983836
129.6982333564367 165.355396873286
129.76216933737228 42.474322643759706
129.82610531830787 0.46408288566944256
129.89004129924348 41.71348565945892
129.95397728017906 152.3797632824794
130.01791326111464 318.1318731481057
130.08184924205023 503.9012752569848
130.1457852229858 643.2242919736008
130.2097212039214 675.4080215443444
130.273657184857 594.3929783554614
130.33759316579258 448.93815972999386
130.40152914672817 297.1028623152974
130.46546512766375 171.83485626159035
130.52940110859933 81.35228935423085
130.59333708953494 25.066482517901452
130.65727307047052 5.944413281789772
130.7212090514061 23.085766200871134
130.7851450323417 57.92193996581404
130.84908101327727 82.88124244875081
130.91301699421288 82.95888043599376
130.97695297514846 64.83687791583415
131.04088895608405 46.43107646712781
131.10482493701963 38.35894573102265
131.1687609179552 37.295076241497554
131.23269689889082 35.72092044052435
131.2966328798264 32.0524561280674
131.360568860762 30.195934008145528
131.42450484169757 34.91796318075273
131.48844082263315 50.2300260845032
131.55237680356876 76.5333199872479
131.61631278450434 103.68479724565329
131.68024876543993 111.61409586520602
131.7441847463755 87.4176383958116
131.8081207273111 46.108786105762256
131.8720567082467 32.26975579093423
131.93599268918229 85.63467120452286
131.99992867011787 191.9142485574909
132.06386465105345 281.8486027026072
132.12780063198903 290.84951187283474
132.1917366129246 217.65528525177055
132.25567259386023 126.13998598620724
132.3196085747958 83.99096328991294
132.3835445557314 98.73684005188113
132.44748053666697 120.7016525761678
132.51141651760256 102.80876503554332
132.57535249853817 55.2510555939583
132.63928847947375 37.95615622707645
132.70322446040933 94.9738165906207
132.7671604413449 207.1637290638691
132.83109642228047 306.5506206345205
132.8950324032161 330.13007469270167
132.9589683841517 269.78901671071696
133.02290436508727 170.78973067358572
133.08684034602285 84.33721066276081
133.15077632695844 32.74478214590777
133.21471230789405 10.87276818759018
133.27864828882963 4.331520822515929
133.3425842697652 3.2045068626970514
133.4065202507008 3.4306616865886324
133.47045623163635 2.7764344621414168
133.534392212572 0.668020591253818
133.59832819350757 0.9320759027072899
133.66226417444315 10.471786904747168
133.7262001553787 32.423164108641565
133.79013613631432 60.29895994454864
133.85407211724993 80.13524955042868
133.9180080981855 80.60776590703048
133.9819440791211 62.180366745996594
134.04588006005667 36.51933143721753
134.10981604099223 17.55087107572067
134.17375202192787 12.662662091489633
134.23768800286345 20.224930555526527
134.30162398379903 32.820156224120716
134.3655599647346 42.48662182498901
134.4294959456702 44.47188118836491
134.49343192660575 37.78265826232872
134.5573679075414 24.89268548423606
134.62130388847697 12.482136749782066
134.68523986941256 10.030439690864457
134.7491758503481 23.92664506418724
134.81311183128372 50.296403514455605
134.87704781221933 74.3496940426439
134.9409837931549 81.13685277612697
135.00491977409047 67.46339804110575
135.06885575502608 42.95610818720636
135.13279173596166 24.44227953705047
135.19672771689727 26.3546721236807
135.26066369783285 50.28631183075415
135.32459967876844 86.38460907181435
135.388535659704 121.09542894756328
135.4524716406396 140.5255544841303
135.5164076215752 136.2384936827469
135.5803436025108 111.20573627381096
135.64427958344635 77.46864855702216
135.70821556438196 48.232367691127166
135.77215154531754 31.589153743068398
135.83608752625315 33.68023710265981
135.9000235071887 67.07966273842423
135.96395948812432 147.45914541068873
136.02789546905987 270.6393999740523
136.09183144999548 390.8674855745452
136.1557674309311 437.0562227718498
136.21970341186667 365.55331251721526
136.28363939280223 205.31343663701756
136.34757537373784 52.32622608998499
136.41151135467342 0.7473413959963225
136.47544733560903 63.4026547572868
136.5393833165446 162.98739047577212
136.6033192974802 206.04190600061543
136.66725527841578 171.51558710617246
136.73119125935136 128.20209787565352
136.79512724028694 161.1212961223087
136.85906322122256 282.92320145035325
136.9229992021581 417.6111809437628
136.98693518309372 469.497417258911
137.0508711640293 409.13543229525374
137.11480714496489 293.9736104537819
137.17874312590047 213.34578162927247
137.24267910683608 213.0568081763968
137.30661508777166 263.2681755832851
137.37055106870724 296.75422940022474
137.43448704964283 274.5034387906682
137.49842303057844 213.32844838863736
137.562359011514 164.03429351418615
137.6262949924496 170.02728846471723
137.69023097338518 237.0122315609401
137.75416695432077 331.7345408861309
137.81810293525635 405.1163488276743
137.88203891619196 418.6840183340204
137.94597489712754 359.16443602174365
138.00991087806312 242.0957182238764
138.0738468589987 109.45512020705038
138.13778283993432 16.9239908982233
138.20171882086987 7.8909975543779876
138.26565480180548 87.98241365679888
138.32959078274106 217.7947363097317
138.39352676367665 330.6033077696048
138.45746274461223 369.96099272687405
138.52139872554784 324.4204598657637
138.58533470648342 231.11670480327484
138.649270687419 144.85130188075303
138.7132066683546 97.13189606191908
138.7771426492902 78.75772537726314
138.84107863022578 61.25952918660212
138.90501461116136 31.87261841253538
138.96895059209695 5.0697832717802145
139.03288657303253 3.216517527572529
139.0968225539681 28.943840264027532
139.16075853490372 60.80446570058908
139.2246945158393 77.05987580879831
139.28863049677489 76.98821731807303
139.35256647771047 75.64286082199129
139.41650245864605 81.50750192085292
139.48043843958166 86.78575723780764
139.54437442051724 84.60022281976855
139.60831040145283 89.28393878100329
139.6722463823884 127.17757276063
139.736182363324 200.8981663316611
139.8001183442596 268.4866238803807
139.86405432519518 271.4794844459214
139.92799030613077 192.11873866596835
139.99192628706635 79.47382802004483
140.05586226800193 9.104458597352798
140.11979824893754 14.245953151967283
140.18373422987312 61.052768770464645
140.2476702108087 89.7434714013033
140.3116061917443 75.37646031337296
140.37554217267987 44.75594088953301
140.43947815361548 34.6262249648134
140.50341413455106 49.01325864451445
140.56735011548665 70.14511035354016
140.63128609642223 99.61614166315744
140.6952220773578 169.76107888499644
140.75915805829342 299.60371186970417
140.823094039229 440.3513879139397
140.8870300201646 495.48728536114874
140.95096600110017 410.12425586314333
141.01490198203575 228.03288133283488
141.07883796297136 64.7921823507274
141.14277394390695 14.391427445328912
141.20670992484253 64.74821090594656
141.2706459057781 123.89909114715672
141.3345818867137 122.41258780563592
141.39851786764928 73.74482505744878
141.4624538485849 50.69724456019708
141.52638982952047 97.87423307605854
141.59032581045605 178.58696295591147
141.65426179139163 223.58758393487204
141.7181977723272 197.92454719031983
141.78213375326283 121.42844162573996
141.8460697341984 50.32996639988354
141.910005715134 28.157130711326644
141.97394169606957 53.651268212579765
142.03787767700516 96.98886423023532
142.10181365794077 128.27262155167344
142.16574963887635 132.107544439446
142.22968561981193 107.28195965280968
142.2936216007475 64.73165507820198
142.35755758168307 27.133443076480315
142.4214935626187 16.34956684702754
142.4854295435543 36.32085031733217
142.54936552448987 71.78329819389373
142.61330150542543 104.68641924510068
142.67723748636104 130.80364202737235
142.74117346729665 158.4338576482098
142.80510944823223 190.91663755830916
142.8690454291678 214.53847223665707
142.9329814101034 209.29914616677257
142.99691739103895 171.84179109129485
143.0608533719746 124.1716403262164
143.12478935291017 94.18214242920925
143.18872533384575 88.09355498843189
143.2526613147813 88.72095471533572
143.31659729571692 75.9526793122413
143.38053327665253 46.00271427153853
143.4444692575881 16.11249111198112
143.5084052385237 8.760634990382878
143.57234121945928 30.784306249657647
143.63627720039483 65.73717534161297
143.70021318133044 85.32916573564066
143.76414916226605 73.67190347509079
143.82808514320163 42.69036563478198
143.8920211241372 28.416500436215063
143.9559571050728 63.78152083632613
144.01989308600838 142.50017557282519
144.083829066944 217.7529982221739
144.14776504787957 237.69397795170164
144.21170102881516 186.85713956593463
144.2756370097507 104.16931045681436
144.33957299068632 49.23647848720487
144.40350897162193 48.845278462395
144.4674449525575 83.26160566959497
144.53138093349307 114.92363438701472
144.59531691442868 126.02143907811846
144.65925289536426 128.63139102308375
144.72318887629987 138.71934270032727
144.78712485723543 149.49857731163667
144.85106083817104 137.48802536250213
144.9149968191066 92.17390893110645
144.9789328000422 34.44548499303681
145.0428687809778 4.264462043373538
145.1068047619134 27.576256468408417
145.17074074284895 91.69089947717002
145.23467672378456 151.30952124022969
145.29861270472014 160.89437354787904
145.36254868565575 113.8776068550182
145.4264846665913 58.869374175008296
145.49042064752692 69.0766890125476
145.5543566284625 177.64758863216412
145.61829260939808 331.6641725164069
145.6822285903337 421.0375903709527
145.74616457126928 371.1633856303906
145.81010055220483 220.9231807369404
145.87403653314044 108.75299129202256
145.93797251407602 155.30567478916905
146.0019084950116 350.23711291337366
146.0658444759472 565.717755249073
146.1297804568828 676.7002262955684
146.19371643781838 664.6388875531593
146.25765241875396 605.7206806933597
146.32158839968955 567.5181610257979
146.38552438062516 542.3976736201379
146.4494603615607 488.9599302196481
146.51339634249632 415.64245131812737
146.5773323234319 388.9861537878842
146.6412683043675 446.9805106037708
146.70520428530307 527.8063121639127
146.76914026623868 512.789116070069
146.83307624717426 355.97937316597057
146.89701222810984 158.81557064632256
146.96094820904543 89.53176634122273
147.02488418998104 223.73669494340555
147.0888201709166 462.59876712975966
147.1527561518522 613.5041496436676
147.21669213278778 563.7700081264521
147.28062811372337 363.88636513939167
147.34456409465895 151.47058527666172
147.40850007559456 27.776248865557484
147.47243605653014 0.5478450859626265
147.53637203746572 16.50406818455712
147.6003080184013 29.29830038164242
147.66424399933692 30.246554193447828
147.7281799802725 31.207597264602082
147.79211596120808 40.06253189552001
147.85605194214367 54.631596923608406
147.91998792307925 67.86610242245145
147.98392390401483 71.74949202379614
148.04785988495044 61.93893387737428
148.11179586588602 46.181561217996055
148.1757318468216 44.38079084717169
148.2396678277572 70.09604315510934
148.30360380869277 109.46385254718808
148.36753978962838 124.73252838244672
148.43147577056396 90.62165040147156
148.49541175149955 31.290595283250948
148.55934773243513 5.817603689780334
148.6232837133707 47.04446720836066
148.68721969430632 122.1733936745895
148.7511556752419 161.15729321353757
148.8150916561775 126.36751886079225
148.87902763711307 50.70832734975459
148.94296361804865 2.423098089367436
149.00689959898426 14.730843681296712
149.07083557991984 55.92773674928743
149.13477156085543 70.22481471951734
149.198707541791 40.39798890297474
149.2626435227266 5.5221344403174575
149.3265795036622 21.37272274530591
149.39051548459778 105.71005574608034
149.45445146553337 222.107369546757
149.51838744646895 314.2055644745604
149.58232342740453 354.89450621944815
149.64625940834014 369.8645750876036
149.71019538927573 418.38902173903455
149.7741313702113 547.0452384268556
149.8380673511469 748.4066388877867
149.90200333208247 950.4790491687187
149.96593931301808 1049.8057812492932
150.02987529395367 976.4445494511149
150.09381127488925 748.8935991356301
150.15774725582483 468.9468809107804
150.2216832367604 256.7991382814605
150.285619217696 181.72230627432157
150.3495551986316 228.66974900654873
150.4134911795672 316.1987639267903
150.47742716050277 359.1210645766892
150.54136314143835 323.9110846712928
150.6052991223739 233.3796422901036
150.66923510330955 134.27030867144296
150.73317108424513 62.570838307704285
150.7971070651807 27.246169515350523
150.8610430461163 14.867025611207128
150.92497902705188 7.55286137843608
150.9889150079875 0.8188404380003104
151.05285098892307 7.118619685450259
151.11678696985865 43.83778420655195
151.18072295079423 115.9954623711593
151.2446589317298 205.8072365976167
151.30859491266543 280.8919340024524
151.372530893601 315.93298236760984
151.4364668745366 303.45468457553886
151.50040285547215 248.46800933516684
151.56433883640776 165.5754025727503
151.62827481734337 79.63486682853615
151.69221079827895 18.42456864191344
151.75614677921453 3.27731677406246
151.82008276015011 41.40087539547396
151.88401874108567 116.06196109759004
151.9479547220213 188.12327469661767
152.0118907029569 220.07365406447
152.07582668389247 204.10923395136177
152.13976266482803 174.1351867043793
152.20369864576364 195.445544157198
152.26763462669925 321.257078629595
152.33157060763483 530.8490941412523
152.3955065885704 716.5497386825722
152.459442569506 754.8107179531567
152.52337855044155 601.9009768471852
152.58731453137716 334.2079450568208
152.65125051231277 102.50920650339476
152.71518649324835 20.56558086210339
152.7791224741839 78.10705856096003
152.84305845511952 165.9172897934749
152.9069944360551 184.57744347643927
152.9709304169907 131.81801162540353
153.0348663979263 85.40620155952212
153.09880237886188 104.31025365731522
153.16273835979743 165.88246511371483
153.22667434073304 200.4081870866758
153.29061032166865 173.5700548688
153.35454630260423 129.07103671499726
153.4184822835398 135.7319954970779
153.4824182644754 200.4341835884452
153.54635424541098 261.95214709902933
153.6102902263466 260.6916802409312
153.67422620728215 194.65661512539407
153.73816218821776 113.48918203665217
153.8020981691533 62.42728828386949
153.86603415008892 40.01118193057927
153.92997013102453 23.418331372932837
153.99390611196011 21.47444443712128
154.05784209289567 77.94200865251102
154.12177807383128 215.35152828622532
154.18571405476686 381.91822934747137
154.24965003570247 470.6403344745912
154.31358601663803 408.65722448581033
154.37752199757364 230.4019565590736
154.44145797850922 58.05301642339562
154.5053939594448 9.313643328944918
154.5693299403804 110.33644676531534
154.633265921316 274.0436580326582
154.69720190225155 367.48647739302567
154.76113788318716 318.6484334209342
154.82507386412274 166.37903927110017
154.88900984505833 27.386902043915807
154.9529458259939 14.26415699992278
155.01688180692952 153.28988664195697
155.0808177878651 365.12160730516774
155.14475376880068 517.7320580549368
155.20868974973627 513.2469267332174
155.27262573067188 358.94198201496386
155.33656171160743 157.480022523078
155.40049769254304 23.896333644742896
155.46443367347862 5.669794312655945
155.5283696544142 58.60022772219748
155.5923056353498 95.87483640595389
155.6562416162854 70.63633259644703
155.72017759722098 15.94417941025492
155.78411357815656 4.4388852102768395
155.84804955909215 64.88159719087199
155.91198554002776 144.4461733386017
155.9759215209633 160.16076371159738
156.03985750189892 95.60359465418772
156.1037934828345 44.706130070934634
156.1677294637701 132.9835558569019
156.23166544470567 388.0998771591521
156.29560142564128 689.4392211786404
156.35953740657686 844.917728140967
156.42347338751244 752.975047365452
156.48740936844803 499.8308323813342
156.55134534938364 271.5024978413982
156.61528133031922 184.2259278978188
156.6792173112548 209.56359808561217
156.74315329219039 236.3275997088032
156.80708927312597 191.1421006860634
156.87102525406155 98.04619043080145
156.93496123499716 25.555576717621175
156.99889721593274 1.4520108881715237
157.06283319686833 0.7265800105347395
157.1267691778039 3.950248571208769
157.1907051587395 36.70561028593528
157.2546411396751 134.42302814668923
157.31857712061068 276.8456589853416
157.38251310154627 380.88206347036294
157.44644908248185 374.43976685626666
157.51038506341743 273.37554994693227
157.57432104435304 171.86109767761323
157.63825702528862 154.45934223341828
157.7021930062242 223.99487688260825
157.7661289871598 310.19347249809823
157.83006496809537 339.18093979141617
157.89400094903098 293.91062169846987
157.95793692996656 211.16871298434617
158.02187291090215 134.3569891458023
158.08580889183773 83.51421248886122
158.1497448727733 60.17515096972632
158.21368085370892 60.106530349896936
158.2776168346445 76.6696704564558
158.3415528155801 99.92305761729916
158.40548879651567 120.30246073742858
158.46942477745125 134.53132886831818
158.53336075838686 144.34552765607566
158.59729673932245 147.1087764214788
158.66123272025803 131.25809835419423
158.7251687011936 90.0632371258159
158.7891046821292 38.41097108205741
158.8530406630648 4.291240559577271
158.91697664400039 4.610820354319702
158.98091262493597 32.39960029803194
159.04484860587155 63.908740035334205
159.10878458680713 79.00871047255575
159.17272056774274 72.01010527649137
159.23665654867833 47.27397294192978
159.3005925296139 17.316112840693595
159.3645285105495 2.352053097685536
159.42846449148507 22.872503189654175
159.49240047242063 81.87538949156162
159.55633645335627 149.37851680297933
159.62027243429185 181.05466060028553
159.68420841522743 158.52101232392997
159.748144396163 105.70005677397717
159.8120803770986 67.91348187505541
159.8760163580342 68.80393127277145
159.9399523389698 87.99422736582765
160.00388831990537 92.2424260403973
160.06782430084095 81.23286553397794
160.1317602817765 89.61722026393309
160.19569626271215 145.69563892697897
160.25963224364773 235.76079366833156
160.3235682245833 314.4613138584194
160.3875042055189 347.94018909649554
160.45144018645448 338.102491103268
160.5153761673901 305.04288559098615
160.57931214832567 258.56648393614256
160.64324812926125 194.50507517381024
160.70718411019683 115.4184657628035
160.7711200911324 44.14637572652016
160.83505607206803 5.829720005911512
160.8989920530036 0.8683956088982494
160.9629280339392 6.58724584672705
161.02686401487475 4.764777321510452
161.09079999581036 0.6424932314843412
161.15473597674597 11.867896761861685
161.21867195768155 44.898907830950144
161.28260793861713 90.48322262947008
161.34654391955272 140.50377323616775
161.41047990048827 197.88124874920393
161.4744158814239 260.26414604133447
161.5383518623595 303.9129532702399
161.60228784329507 301.3993052365527
161.66622382423063 253.0148430274913
161.73015980516624 191.48950150670697
161.79409578610182 154.13687582726104
161.85803176703743 148.13373055907053
161.921967747973 147.1376127510515
161.9859037289086 130.16627625396055
162.04983970984415 113.32992402492292
162.11377569077976 125.5316430196708
162.17771167171537 160.06164320365176
162.24164765265095 170.6901782678395
162.3055836335865 123.0427146283276
162.36951961452212 44.09999960661455
162.4334555954577 6.156930669341506
162.4973915763933 52.399279697122296
162.56132755732887 145.79855319114563
162.62526353826448 200.71422868308855
162.68919951920003 167.0936502025588
162.75313550013564 79.1527303348171
162.81707148107125 15.346533385459932
162.88100746200683 15.886297036998688
162.9449434429424 49.31722477281787
163.008879423878 59.231106828618096
163.07281540481358 32.0428783849358
163.1367513857492 7.890720777314305
163.20068736668475 27.840303109999628
163.26462334762036 81.78443079437197
163.32855932855594 116.56907214846272
163.39249530949152 96.27952248703981
163.45643129042713 46.66091871095612
163.52036727136272 35.13785641982122
163.58430325229827 108.82594422755444
163.64823923323388 249.34881863836287
163.71217521416946 383.46196591614864
163.77611119510507 437.8344141745762
163.84004717604063 389.7330457000901
163.90398315697624 277.0321175362016
163.96791913791182 167.0001879640284
164.0318551188474 112.04338736291876
164.09579109978299 124.87519868044096
164.1597270807186 181.960261693404
164.22366306165415 241.93061649291903
164.28759904258976 266.17006972451503
164.35153502352534 236.56343967963988
164.41547100446093 166.177983988115
164.4794069853965 96.2330351893612
164.54334296633212 76.82962701981975
164.6072789472677 138.94225191717243
164.67121492820328 270.6448073673821
164.73515090913887 413.1317791921626
164.79908689007448 488.6420076434465
164.86302287101003 449.4724413615045
164.92695885194564 314.56884359118476
164.99089483288122 161.92332882420595
165.0548308138168 73.17868805135558
165.1187667947524 75.81212823271073
165.182702775688 137.0862440127382
165.24663875662358 198.99263143991124
165.31057473755916 217.94025259836712
165.37451071849475 195.4424582750895
165.43844669943036 169.30458824246784
165.50238268036594 162.32228662876412
165.56631866130152 156.53589943161384
165.6302546422371 124.61211780254972
165.6941906231727 67.05165168282477
165.75812660410827 14.97006356302166
165.82206258504388 1.0457499790972007
165.88599856597946 24.472981164767383
165.94993454691505 49.89346380047231
166.01387052785063 46.123959231575945
166.0778065087862 19.78851341665944
166.14174248972182 7.438634477971715
166.2056784706574 34.89584460093621
166.269614451593 85.233768203605
166.33355043252857 112.07513347837337
166.39748641346415 87.16806825454917
166.46142239439976 32.19173651704594
166.52535837533534 1.0903879106327627
166.58929435627093 30.50996271538311
166.6532303372065 107.7409692659626
166.7171663181421 183.1650530004052
166.7811022990777 210.52362827293575
166.84503828001328 179.21335965718393
166.90897426094887 113.69914412113296
166.97291024188445 49.76043986945789
167.03684622282003 15.905549102422984
167.10078220375564 26.901462875121183
167.16471818469122 81.22391195009978
167.2286541656268 160.33262514422904
167.2925901465624 232.2093631312607
167.35652612749797 264.07863523160773
167.42046210843358 241.2381795638204
167.48439808936917 177.02271009920744
167.54833407030475 104.89879818588932
167.61227005124033 58.40492954893609
167.6762060321759 52.09049433712763
167.74014201311152 74.74379980385805
167.8040779940471 97.42238776696861
167.8680139749827 92.02705478361409
167.93194995591827 53.18662422309456
167.99588593685385 9.704505175680016
168.05982191778946 9.395150107268831
168.12375789872505 80.66116080114197
168.18769387966063 201.84720359773823
168.2516298605962 308.28069281685254
168.3155658415318 337.23204133066224
168.37950182246735 276.8171353303351
168.443437803403 171.77219368721816
168.50737378433857 79.6964297146125
168.57130976527415 27.169372809841327
168.63524574620973 6.80232187783936
168.69918172714532 5.8938900241429275
168.76311770808093 28.582430677315696
168.8270536890165 84.97845179115596
168.8909896699521 162.66720292586032
168.95492565088767 221.64342850076636
169.01886163182323 226.19033165952897
169.08279761275887 179.8229676492186
169.14673359369445 124.84323954905912
169.21066957463003 107.2489034057814
169.2746055555656 139.20236975961197
169.3385415365012 192.0890449698444
169.4024775174368 223.4097781438768
169.4664134983724 207.55842166979943
169.53034947930797 149.67651848218853
169.59428546024355 80.58033115945005
169.6582214411791 36.7035604271786
169.72215742211475 40.42922244552376
169.78609340305033 87.09467874941228
169.8500293839859 142.53510367946498
169.91396536492147 165.66227751775577
169.97790134585708 141.6869896756005
170.0418373267927 93.88335594229059
170.10577330772827 63.348278980081965
170.16970928866385 71.09187218345815
170.23364526959944 99.39462787976775
170.297581250535 113.23571539440236
170.36151723147063 96.92422338413795
170.4254532124062 66.39994718879947
170.4893891933418 44.711019490539066
170.55332517427735 34.968668270915124
170.61726115521296 29.052085049018714
170.68119713614854 37.96435098159577
170.74513311708415 97.35416793218472
170.80906909801973 227.92019997452303
170.87300507895532 390.1792786405812
170.93694105989087 494.80548708299926
171.00087704082648 474.4609355254036
171.0648130217621 354.04078099670585
171.12874900269767 244.20550469234897
171.19268498363323 246.9846182851044
171.25662096456884 355.19891516478253
171.32055694550442 451.55795199584264
171.38449292644003 420.3429149112365
171.4484289073756 260.4510277885927
171.5123648883112 90.43900336010616
171.57630086924675 54.37801590905645
171.64023685018236 210.8098047146973
171.70417283111797 485.6341682804344
171.76810881205355 726.6969416588822
171.8320447929891 810.2245332358485
171.89598077392472 705.4766015567366
171.9599167548603 468.3780281066735
172.0238527357959 204.27557055809515
172.08778871673147 28.689785894004174
172.15172469766708 18.667770663994624
172.21566067860266 162.58525412365563
172.27959665953824 355.21893666558867
172.34353264047385 461.23853638181174
172.40746862140944 407.6592670598293
172.471404602345 240.02690022796233
172.5353405832806 89.2195777275283
172.59927656421618 58.95170969669848
172.6632125451518 135.68293098113867
172.72714852608735 211.66374603356007
172.79108450702296 194.4293463083893
172.85502048795854 94.7720709224042
172.91895646889412 10.201345371685367
172.9828924498297 27.22188479569829
173.04682843076532 141.75550003341584
173.11076441170087 266.1525291971074
173.17470039263648 308.48666645422367
173.23863637357206 246.52279692431728
173.30257235450765 130.96529814987505
173.36650833544323 33.99772179473031
173.43044431637884 0.25856365222334926
173.49438029731442 30.616845515843
173.55831627825 95.87063752770953
173.6222522591856 158.26604399259304
173.6861882401212 185.66549005416329
173.75012422105675 163.38941996228712
173.81406020199236 103.42205024963371
173.87799618292794 39.44545061627095
173.94193216386353 4.085153936014814
174.0058681447991 2.9371156950701285
174.06980412573472 12.157784819428935
174.1337401066703 7.595692240593952
174.19767608760588 1.1270865686338731
174.26161206854147 50.638538510634085
174.32554804947708 224.43610091251685
174.38948403041266 540.4548289143804
174.45342001134824 924.238477648924
174.51735599228383 1221.7321133187331
174.5812919732194 1288.3548208615243
174.645227954155 1091.0174936158169
174.7091639350906 723.7720176561894
174.77309991602618 348.86887149401485
174.83703589696177 107.96684948700835
174.90097187789735 32.54177095854084
174.96490785883296 48.02505939536753
175.02884383976854 71.83389423908493
175.09277982070412 77.44028478217886
175.1567158016397 84.44250925989964
175.2206517825753 108.5970992930672
175.28458776351087 126.81567511109336
175.34852374444648 112.81561601840768
175.41245972538206 87.48219808570285
175.47639570631765 100.08126989666663
175.54033168725323 166.6144795951879
175.6042676681888 238.74469127731945
175.66820364912442 245.5449226570751
175.73213963006 177.61622963244173
175.7960756109956 114.08596926880628
175.86001159193117 143.62680931635535
175.92394757286675 264.63117958757584
175.98788355380236 379.1437701991454
176.05181953473794 383.9084073900363
176.11575551567353 265.9950887479912
176.1796914966091 111.65795681727585
176.2436274775447 19.20161519691832
176.3075634584803 11.01648961310825
176.37149943941589 35.94282588799731
176.43543542035147 40.505604828591665
176.49937140128705 21.939840706868782
176.56330738222263 14.275627218015336
176.62724336315824 37.55961902029638
176.69117934409383 74.1495918550824
176.7551153250294 93.1370845008503
176.819051305965 85.3748041687944
176.88298728690057 68.86690533838373
176.94692326783618 67.6413706631386
177.01085924877177 93.34529058273661
177.07479522970735 143.4476538740488
177.13873121064293 205.31327223847117
177.2026671915785 256.54105762782194
177.26660317251412 270.4189904694937
177.3305391534497 233.4387758957004
177.3944751343853 159.99217960956884
177.45841111532087 84.57887854970333
177.52234709625645 35.38972438653238
177.58628307719204 14.84482094220324
177.65021905812765 6.289830452629042
177.71415503906323 0.22830903453996812
177.7780910199988 9.67358162712043
177.8420270009344 56.15772913095304
177.90596298186995 143.95932334218003
177.9698989628056 248.05714521253796
178.03383494374117 326.42662452893126
178.09777092467675 343.72512140760176
178.16170690561233 287.3371431045698
178.22564288654792 178.1824311620817
178.28957886748353 69.27065703399616
178.3535148484191 18.197826356797
178.4174508293547 48.976438800321645
178.48138681029027 129.4828837550055
178.54532279122583 191.63978440912263
178.60925877216147 188.02156318791677
178.67319475309705 126.92241513444972
178.73713073403263 55.72091983556771
178.8010667149682 15.197970434495971
178.8650026959038 9.825518314490584
178.9289386768394 24.575219894559968
178.992874657775 55.51682619221898
179.05681063871057 106.9409266807071
179.12074661964616 160.09378005598273
179.1846826005817 166.17325685054922
179.24861858151735 101.25917406766108
179.31255456245293 20.022828483763796
179.3764905433885 25.765254850755145
179.44042652432407 175.79479404198767
179.50436250525968 405.96779377843256
179.5682984861953 565.0106077263157
179.63223446713087 548.5864007899387
179.69617044806645 392.98430118161946
179.76010642900204 236.451851168808
179.8240424099376 187.73677081126277
179.8879783908732 230.23628567649496
179.9519143718088 264.9536905010067
180.0158503527444 225.48744701683967
180.07978633367995 131.10062151945368
180.14372231461556 48.77531044706713
180.20765829555117 18.301518176591177
180.27159427648675 21.354518373563117
180.33553025742236 22.82588765183173
180.39946623835792 19.246094711565604
180.46340221929347 33.41201617996027
180.52733820022908 71.53665634354945
180.5912741811647 105.07205748735676
180.65521016210027 101.93487664517674
180.71914614303583 65.63040326808027
180.78308212397144 35.6920887581923
180.84701810490705 45.740883947883866
180.91095408584263 85.58274059367744
180.9748900667782 112.73825061575057
181.03882604771377 97.86467046601584
181.10276202864935 54.705224434482986
181.16669800958496 25.203247719681634
181.23063399052057 36.37514193880399
181.29456997145613 73.81756326681247
181.3585059523917 96.59065531177707
181.4224419333273 78.48468727352251
181.48637791426287 33.94702297331729
181.55031389519849 3.40653106517033
181.61424987613407 14.433485610196234
181.67818585706968 54.81863071479735
181.7421218380053 85.62831930396193
181.80605781894084 80.89690883119539
181.8699937998764 52.62452232195236
181.93392978081204 37.920584742929925
181.9978657617476 57.95297120070249
182.0618017426832 93.09033986589318
182.1257377236188 104.83844437663768
182.1896737045544 78.35537940865878
182.25360968549 41.378628984039686
182.31754566642556 40.05652859346311
182.38148164736117 95.77552867138468
182.44541762829672 185.2089524691771
182.5093536092323 258.7853581751344
182.57328959016792 279.6721825855898
182.63722557110347 243.41400737530384
182.70116155203908 167.19138700189737
182.76509753297464 79.3240582339064
182.82903351391025 15.894400414524428
182.89296949484583 9.268240038106764
182.95690547578144 68.29418985766894
183.02084145671705 163.7342640889952
183.0847774376526 239.9832622877708
183.14871341858816 252.91275547046737
183.21264939952377 202.5549713066179
183.27658538045935 130.42099701638108
183.34052136139496 82.71878587105547
183.40445734233052 76.09689945011408
183.46839332326607 96.52040481619856
183.5323293042017 121.2226814332272
183.5962652851373 133.67691118043686
183.66020126607287 122.7868255981737
183.72413724700849 84.46905973419268
183.78807322794407 34.0189895220668
183.85200920887968 13.585448564111427
183.9159451898153 73.80726313958766
183.97988117075084 229.64335751172496
184.0438171516864 431.05037587443366
184.107753132622 585.9663253649678
184.1716891135576 617.055578650676
184.2356250944932 509.3415830433468
184.2995610754288 320.85175116918214
184.3634970563644 146.4718916527202
184.42743303729995 58.309488211608354
184.49136901823556 71.1774484022212
184.55530499917117 151.57715369334113
184.61924098010672 245.7744090748912
184.6831769610423 304.9256855632644
184.7471129419779 303.7354090878571
184.81104892291347 248.058486236426
184.87498490384908 166.5652328868364
184.93892088478464 92.316646501658
185.00285686572025 46.10572968056353
185.06679284665583 29.823709236193487
185.1307288275914 30.609073604885573
185.19466480852705 32.35053847974686
185.2586007894626 28.4166614496133
185.32253677039816 25.986919624272574
185.38647275133377 36.70726426496896
185.45040873226932 59.99323192258973
185.51434471320496 76.22085410375706
185.57828069414052 63.68102699620288
185.64221667507607 26.42114772894095
185.70615265601168 1.116993082578817
185.7700886369473 27.891521389888982
185.83402461788287 109.3663239327408
185.89796059881849 202.33387277599093
185.96189657975407 253.99473797102888
186.02583256068965 247.7414760019157
186.08976854162523 210.6649673526228
186.15370452256084 173.17232523046556
186.2176405034964 136.30595203355833
186.281576484432 92.00201522186339
186.3455124653676 62.54335290549077
186.4094484463032 100.78881441916884
186.47338442723876 236.4731575066625
186.5373204081744 421.78457949005536
186.60125638910995 549.6807823734567
186.66519237004556 539.4188773619319
186.7291283509811 404.0746329725959
186.79306433191667 231.26919351808385
186.8570003128523 100.9843614977434
186.9209362937879 32.6997924108712
186.98487227472347 9.137859142058765
187.04880825565905 26.97108311493483
187.11274423659464 99.35984404233153
187.17668021753025 209.8185621668871
187.24061619846583 291.7411711516355
187.3045521794014 278.65186132638235
187.36848816033697 181.5508643698421
187.43242414127255 99.14085261260857
187.49636012220816 124.36773837839053
187.56029610314377 245.32355571939425
187.62423208407932 356.3601495837985
187.6881680650149 360.0222215333736
187.7521040459505 251.11370618550237
187.81604002688607 111.15262813079345
187.87997600782168 26.968105238514475
187.9439119887573 17.721162861768732
188.00784796969288 43.04500864243901
188.07178395062843 64.32930224212849
188.13571993156407 77.58792057751431
188.19965591249965 94.9720812954048
188.26359189343523 113.62516500852236
188.3275278743708 114.01509542757564
188.3914638553064 86.89594373970446
188.455399836242 46.84376206423725
188.5193358171776 15.902921968627677
188.5832717981132 3.291919273180449
188.64720777904876 3.4711994464068137
188.71114375998437 9.331098864406977
188.77507974091992 20.128942306494928
188.83901572185556 37.16994977086394
188.9029517027911 60.52635170209726
188.96688768372667 92.45498749614768
189.03082366466228 138.94515623013342
189.09475964559783 200.3814933867069
189.15869562653347 257.1741758285975
189.22263160746903 273.894710584823
189.28656758840464 230.7331784860256
189.3505035693402 147.43973085211985
189.4144395502758 66.87928506057114
189.4783755312114 19.609598600916815
189.54231151214697 5.800468800159475
189.60624749308255 5.985335962044568
189.67018347401813 9.050974915486243
189.7341194549537 24.36623036686684
189.79805543588932 64.43538872624907
189.8619914168249 123.21029015292731
189.9259273977605 173.1565366475872
189.98986337869607 184.58195227408817
190.05379935963168 148.3588828296744
190.1177353405673 81.59639719978092
190.18167132150288 20.0229389757529
190.24560730243843 1.0346115183615632
190.30954328337404 39.08556652009931
190.3734792643096 112.6251314878254
190.43741524524523 176.98614022005924
190.5013512261808 195.59201106907668
190.5652872071164 170.29677856384168
190.629223188052 146.0368854845954
190.6931591689876 170.80607921470482
190.7570951499232 244.2520543287936
190.82103113085876 321.06794353838006
190.88496711179437 357.3375688999354
190.94890309272992 337.14509734458954
191.01283907366553 274.0590794217903
191.0767750546011 199.2886613679109
191.14071103553667 136.8804093525084
191.20464701647228 92.7449394793421
191.26858299740783 65.47269402993821
191.33251897834344 52.57225327894232
191.39645495927903 46.779822622795855
191.46039094021464 37.810092505245365
191.5243269211502 22.311476414267055
191.5882629020858 8.212853134065238
191.65219888302136 5.018255039542916
191.71613486395697 12.606031496892877
191.78007084489255 25.837603308697588
191.84400682582813 50.11411692246424
191.9079428067637 103.68073630822767
191.97187878769927 197.08418073079608
192.03581476863488 313.337308515564
192.0997507495705 418.3691840991178
192.16368673050607 490.8607246711512
192.22762271144168 534.2379217727976
192.2915586923773 562.0686008865325
192.35549467331285 569.9039113816317
192.41943065424843 527.7940928757721
192.48336663518404 425.376921293446
192.5473026161196 307.6324148356092
192.6112385970552 236.289779611151
192.6751745779908 232.60473750434485
192.7391105589264 262.30250569284755
192.803046539862 266.67339504704034
192.8669825207976 218.888760142726
192.93091850173315 145.6260594967498
192.99485448266873 88.50333692391689
193.05879046360437 60.88332346743849
193.12272644453992 49.2155666517935
193.18666242547553 46.246075745878265
193.2505984064111 68.31107446000934
193.31453438734664 132.21430362837555
193.37847036828225 221.28556211039435
193.44240634921783 287.10637552637206
193.50634233015344 286.7175856592331
193.57027831108903 215.4064098816566
193.6342142920246 112.35113457184612
193.69815027296016 33.11445141613088
193.7620862538958 8.690399293840246
193.82602223483136 33.00802491960185
193.88995821576697 74.52613433556866
193.95389419670252 97.65944320500947
194.01783017763813 97.94305879165208
194.0817661585737 113.08222883614076
194.14570213950927 191.1127011492604
194.20963812044488 344.4665517260094
194.2735741013805 512.5856388531021
194.33751008231607 586.0019381700877
194.40144606325168 508.5198185222297
194.4653820441873 343.77739111547345
194.52931802512285 216.28005224703247
194.59325400605843 193.06524242171517
194.657189986994 230.12735502203327
194.7211259679296 230.01647153085207
194.7850619488652 148.1580599439453
194.8489979298008 42.84958253804568
194.9129339107364 12.674369120151683
194.97686989167195 81.89924441949381
195.0408058726076 170.0077988991301
195.10474185354315 181.4831775645248
195.16867783447873 104.88441188093044
195.2326138154143 20.83489344421336
195.2965497963499 18.99713189936983
195.36048577728553 110.45701716229028
195.4244217582211 230.2360682548465
195.48835773915664 312.13683930655867
195.55229372009225 337.30524044375005
195.61622970102783 316.6539633037716
195.6801656819634 255.921058176308
195.74410166289903 161.4488450859504
195.8080376438346 74.3317398976732
195.87197362477016 70.6796167054662
195.93590960570577 200.14983188168864
195.99984558664133 416.25696274584453
196.06378156757697 589.9078202266257
196.12771754851252 606.7298893153895
196.19165352944813 453.92625272834607
196.2555895103837 232.4188947340176
196.31952549131927 83.18170808217451
196.38346147225488 75.4297204341143
196.4473974531905 163.22892723833755
196.51133343412607 244.09296456820127
196.57526941506163 245.0035056452224
196.63920539599724 167.475175981317
196.70314137693285 71.2771180721383
196.76707735786843 20.846319611237664
196.831013338804 43.7027118630824
196.8949493197396 121.57007399483156
196.9588853006752 205.1162189699997
197.0228212816108 244.3045223348857
197.0867572625464 219.4950103386093
197.15069324348195 150.90130998803608
197.21462922441756 82.40088773476326
197.27856520535312 56.00426271527954
197.34250118628873 90.58678414019352
197.4064371672243 171.45112812191894
197.4703731481599 256.7482938069664
197.53430912909548 299.6846371524756
197.59824511003103 274.9996901777385
197.66218109096664 193.8348356681184
197.72611707190225 96.06136414082351
197.79005305283783 26.411931669152448
197.8539890337734 9.394746704145204
197.91792501470897 35.3410452702291
197.98186099564455 71.07993891366395
198.04579697658016 90.59382120048691
198.10973295751575 96.37006503805124
198.17366893845133 114.67179483502721
198.2376049193869 170.61601721851056
198.3015409003225 259.54290309344094
198.36547688125813 339.13020525268325
198.4294128621937 358.0047847454668
198.49334884312927 301.99329351914344
198.55728482406488 210.8402802230428
198.6212208050005 146.21392004890845
198.68515678593607 141.4931386633559
198.74909276687163 172.17001853513293
198.81302874780724 175.45273329246575
198.8769647287428 114.8228393233984
198.9409007096784 30.85322546240861
199.004836690614 23.10212917224068
199.0687726715496 166.6838990538374
199.1327086524852 429.96548321898064
199.1966446334208 679.7900347551847
199.26058061435637 774.855672492834
199.32451659529195 661.2719642295114
199.38845257622756 407.74857400631834
199.45238855716312 158.23492919322362
199.51632453809873 26.874470777031046
199.58026051903428 29.46978226764088
199.6441964999699 110.71616058121688
199.70813248090548 211.09103384305567
199.77206846184103 296.67108266494955
199.83600444277664 345.9529710706759
199.89994042371225 334.3488637843941
199.9638764046478 246.77970726337205
200.0278123855834 112.81324339097756
200.09174836651897 13.8503988495393
200.15568434745455 23.14966239706988
200.21962032839016 131.81860133476584
200.28355630932572 245.2434545058124
200.34749229026133 263.48864912864434
200.4114282711969 178.80401148589905
200.4753642521325 84.88981008314792
200.53930023306808 74.43444629626633
200.6032362140037 139.58577370813967
200.66717219493927 184.2109048210178
200.73110817587488 135.102680017826
200.7950441568105 37.30184855726814
200.85898013774604 20.788636123244324
200.9229161186816 163.06958921879828
200.98685209961724 393.24816455877783
201.0507880805528 541.4799300923037
201.1147240614884 492.7217934723234
201.178660042424 291.3461630329928
201.2425960233596 89.6785101032184
201.3065320042952 3.799624696321204
201.3704679852308 26.63960912299542
201.43440396616637 68.63126646655826
201.49833994710193 63.148496541160526
201.5622759280375 22.76064190405265
201.62621190897312 0.10461362636179504
201.69014788990873 15.109061398486732
201.75408387084428 38.04395779618599
201.81801985177984 35.615662490990395
201.88195583271545 12.384656600148576
201.94589181365103 0.7043691866061009
202.00982779458664 18.18147277101115
202.07376377552225 47.47984877459886
202.1376997564578 60.870526036244335
202.20163573739336 52.52307721961783
202.26557171832897 40.35138202646135
202.32950769926455 41.721860286688376
202.39344368020016 56.31973922941192
202.45737966113572 76.67189731361611
202.52131564207127 102.99812637857399
202.58525162300688 137.77505546817792
202.6491876039425 172.01044385835203
202.71312358487808 183.9345350115705
202.7770595658137 158.11796626523653
202.84099554674927 105.54747682575491
202.90493152768485 54.7673256804234
202.9688675086205 25.121560810324237
203.03280348955604 15.462388933872331
203.0967394704916 15.462025501869268
203.1606754514272 19.93397623437928
203.2246114323628 27.25299590032376
203.2885474132984 31.20583948928836
203.352483394234 29.197723550534104
203.4164193751696 44.14254089003975
203.48035535610515 126.07121161331084
203.54429133704076 306.9673866200262
203.60822731797637 542.6504734147669
203.67216329891193 713.5048788947241
203.7360992798475 705.9458633951285
203.8000352607831 509.9237149038255
203.86397124171867 238.6242266648336
203.92790722265428 44.9501942224586
203.99184320358984 8.218545809804333
204.05577918452545 88.6136590621503
204.11971516546103 182.78693559570496
204.1836511463966 218.42318095516276
204.24758712733225 196.1378907513596
204.3115231082678 157.93392718701682
204.37545908920336 131.82784128091205
204.43939507013897 110.56982623926392
204.50333105107453 77.34459583355921
204.5672670320101 35.269291444397446
204.63120301294572 5.10440707591237
204.69513899388127 3.026471638864684
204.75907497481688 28.541435448090155
204.8230109557525 73.52321335606835
204.88694693668808 130.69405322604436
204.9508829176237 186.2894507135444
205.01481889855927 213.82092662194185
205.07875487949485 186.10413017960812
205.14269086043043 105.34530276442146
205.206626841366 24.27128245695912
205.2705628223016 17.92247683195012
205.3344988032372 116.69718729954756
205.3984347841728 267.667119804107
205.4623707651084 367.96674548719113
205.52630674604396 344.14473288445816
205.5902427269796 211.1965593933429
205.65417870791515 65.95320301329303
205.71811468885076 18.85872616559072
205.78205066978632 113.60729561634768
205.84598665072187 296.8028491865242
205.9099226316575 455.05341755395534
205.9738586125931 487.58503693847746
206.03779459352867 371.7622336702096
206.10173057446423 180.91947359035817
206.16566655539984 35.15780332185991
206.22960253633545 15.476561001058887
206.29353851727103 107.44581557959766
206.3574744982066 223.94373462207568
206.42141047914217 286.984108049105
206.48534646007775 292.7098601454388
206.54928244101336 296.8836916557614
206.61321842194897 336.21094008455566
206.67715440288453 376.5000276622592
206.7410903838201 347.34447039311766
206.8050263647557 225.88740318467413
206.86896234569127 80.62743756624451
206.93289832662688 14.835994297767416
206.99683430756247 62.112379461565034
207.06077028849808 153.86506187174456
207.12470626943363 193.0405431090089
207.18864225036924 153.2974978793719
207.25257823130485 95.30547309613311
207.31651421224043 83.93392710121319
207.380450193176 116.28496045730805
207.4443861741116 148.5253840973675
207.5083221550472 177.73039313637165
207.5722581359828 266.0753412201347
207.6361941169184 459.09443865057926
207.70013009785396 692.1895997765855
207.76406607878957 812.1038727923834
207.82800205972512 709.9472262345736
207.89193804066076 434.64578491803246
207.95587402159632 157.961794638365
208.01981000253187 17.53352777927315
208.08374598346748 9.762679325649902
208.14768196440303 35.73643780321279
208.21161794533867 26.973839270221568
208.27555392627423 7.968602739011698
208.33948990720984 37.15885433562112
208.40342588814545 115.17893509538426
208.467361869081 178.6441670695771
208.5312978500166 179.4906906807742
208.59523383095217 151.49473309504535
208.65916981188775 177.73412558963128
208.72310579282336 287.4277224579183
208.78704177375892 412.99117562314495
208.85097775469453 459.24600878971216
208.9149137356301 392.80877798382807
208.9788497165657 264.11016470660985
209.04278569750127 159.2114049970953
209.10672167843688 130.33574106540533
209.17065765937247 165.81104169062553
209.23459364030808 213.98598599014292
209.29852962124363 222.92735146227972
209.36246560217924 168.44229833876668
209.4264015831148 72.68109623055223
209.4903375640504 8.967235844334091
209.554273544986 69.03905685440925
209.6182095259216 289.5531222197389
209.6821455068572 594.9422957533153
209.7460814877928 827.4080168911643
209.81001746872835 856.9272249086303
209.87395344966396 679.5401934004768
209.93788943059957 411.13760392349434
210.00182541153512 182.63192883108488
210.06576139247073 51.90646076626563
210.1296973734063 15.784125662367233
210.19363335434187 72.3329546052296
210.25756933527748 238.45552275843403
210.32150531621303 495.8682097381804
210.38544129714865 736.7547388894807
210.44937727808423 811.6083773240172
210.51331325901984 659.5924746375608
210.57724923995545 375.498559384844
210.641185220891 137.22542097498035
210.70512120182656 64.27584611690148
210.76905718276217 134.72046157122392
210.83299316369775 238.04215815617945
210.89692914463336 300.1897608125688
210.96086512556892 337.7098221124669
211.02480110650447 396.0865200839383
211.08873708744008 460.22055810035647
211.1526730683757 453.41379609704967
211.21660904931127 333.1162258115345
211.28054503024688 160.31921246055867
211.34448101118247 56.62903619432947
211.40841699211805 95.67636348951018
211.47235297305363 238.6316195304497
211.53628895398924 381.37527637322256
211.6002249349248 451.61679372279514
211.6641609158604 444.5809922288513
211.728096896796 386.98869050866824
211.7920328777316 298.63452780628074
211.8559688586672 206.41340100327432
211.9199048396028 183.72070520915807
211.98384082053835 323.69322919574586
212.04777680147393 635.3372843432652
212.1117127824095 974.716367442501
212.17564876334512 1113.3780145526075
212.23958474428073 927.0440180770797
212.3035207252163 538.116480497291
212.36745670615187 228.2446246600152
212.43139268708745 190.5594128880209
212.49532866802303 378.9953105046379
212.55926464895865 579.0138452525231
212.62320062989423 602.3005222764527
212.6871366108298 432.0445604317802
212.75107259176536 203.77688528225207
212.815008572701 58.70981616049279
212.87894455363656 30.127350685437047
212.94288053457217 56.29532418984556
213.00681651550772 68.39543609334514
213.07075249644333 48.227564508093295
213.13468847737892 17.830691356735034
213.19862445831447 2.3526929775964325
213.26256043925008 12.67454677907475
213.3264964201857 50.85469425131927
213.39043240112127 109.88557507854604
213.45436838205683 163.37351890579873
213.51830436299247 174.78183948098203
213.58224034392805 130.96603656624353
213.64617632486363 61.824578251097456
213.7101123057992 15.206506838467387
213.7740482867348 10.186526098099923
213.8379842676704 22.172761066600224
213.901920248606 18.53949756719533
213.9658562295416 4.472600203451103
214.02979221047715 19.35712805259622
214.09372819141277 84.42385434999785
214.15766417234835 168.9524958185659
214.22160015328396 215.53531132144536
214.2855361342195 195.2106496964488
214.34947211515507 133.1907800262056
214.41340809609068 78.30844824011022
214.4773440770263 57.0851025849982
214.54128005796187 65.76336057260512
214.60521603889745 94.80628733438964
214.66915201983304 141.82883065683913
214.7330880007686 195.2782786328052
214.79702398170423 223.78272139296456
214.8609599626398 203.38917693180164
214.92489594357536 149.20128209128023
214.98883192451095 105.24954123989008
215.05276790544653 101.42694763274596
215.11670388638217 120.81634544736023
215.18063986731772 122.4911079580147
215.24457584825333 105.48853355629404
215.3085118291889 125.1340794723268
215.37244781012447 227.74238307754305
215.43638379106008 378.6658023452332
215.5003197719957 472.19205068843206
215.56425575293127 427.9463330846657
215.62819173386683 271.6354757061163
215.69212771480244 111.08414220301545
215.756063695738 40.26815538145019
215.81999967667363 63.911057883174735
215.8839356576092 109.48482203563536
215.9478716385448 110.57852110982881
216.0118076194804 65.59708916561645
216.075743600416 17.98772522837066
216.1396795813516 0.26212982217412334
216.20361556228715 6.590855226625624
216.26755154322277 13.668509087569973
216.33148752415832 13.25691327013822
216.39542350509393 16.05672190312875
216.4593594860295 31.30405886520416
216.52329546696507 50.97333962544132
216.58723144790068 55.89372447360418
216.65116742883623 37.51116603577927
216.71510340977184 12.515109512287804
216.77903939070745 15.64013591893116
216.84297537164304 77.03526484958397
216.9069113525786 197.51743320314992
216.9708473335142 335.44124301391
217.03478331444975 422.6058721181512
217.09871929538537 409.71571956025383
217.16265527632095 305.77060440515305
217.22659125725653 173.01922066766022
217.2905272381921 81.18776875590697
217.35446321912767 58.59389883856826
217.41839920006333 79.064725678379
217.4823351809989 95.40678004462563
217.54627116193447 83.97429879360509
217.61020714287008 56.40939364197268
217.6741431238057 36.913626935140336
217.73807910474127 36.047655797651274
217.80201508567683 47.1413415940023
217.86595106661244 62.34378336238248
217.929887047548 84.90043084390705
217.9938230284836 125.5333785445524
218.0577590094192 190.41092490314773
218.1216949903548 271.00571364999865
218.1856309712904 340.5460049778694
218.249566952226 362.1429601022791
218.31350293316157 311.595436084388
218.37743891409713 204.36637807136216
218.44137489503277 100.88674913592673
218.50531087596832 68.69221086393955
218.56924685690393 124.61600532029644
218.63318283783948 215.62158122564003
218.69711881877504 263.2619911393227
218.76105479971068 234.051638589054
218.82499078064623 166.60575935246843
218.88892676158184 123.05230669917292
218.95286274251745 118.99275589453909
219.016798723453 117.73489268484808
219.0807347043886 97.92674710539283
219.1446706853242 109.48545942747108
219.20860666625975 240.0020255678272
219.27254264719537 512.1706245053305
219.33647862813092 812.9081271296467
219.40041460906653 949.2228259102936
219.4643505900021 808.1400484095891
219.52828657093767 466.40190983143555
219.59222255187328 138.1248174203709
219.6561585328089 18.013831796037955
219.72009451374447 152.74544421023785
219.78403049468008 421.7525174481732
219.8479664756157 633.324302104516
219.91190245655125 663.2759483628121
219.9758384374868 523.7988593402573
220.03977441842244 317.6971722837424
220.103710399358 144.93415806155932
220.1676463802936 45.64461585445377
220.2315823612292 6.136378168812832
220.2955183421648 1.602574235576208
220.35945432310035 27.602968064739205
220.423390304036 92.74456874139369
220.48732628497157 187.5633451848201
220.55126226590713 271.9815693220064
220.6151982468427 303.28011045677533
220.6791342277783 271.73279667412686
220.74307020871393 203.2702233022929
220.80700618964948 133.86612745331735
220.87094217058504 83.88232625051462
220.93487815152065 53.60638525779397
220.99881413245623 38.92570072768827
221.06275011339184 39.92341304161557
221.12668609432745 50.272815672536666
221.190622075263 52.0688720069091
221.25455805619856 36.387564718033225
221.31849403713417 27.67888251349212
221.38243001806975 67.86795578805238
221.44636599900537 164.2896449406356
221.51030197994092 262.6077791122579
221.57423796087653 283.2151411465544
221.63817394181208 198.0502453491665
221.70210992274767 72.37735393841785
221.76604590368328 5.726602977177067
221.8299818846189 29.58138817163986
221.89391786555447 85.19556940022623
221.95785384649005 97.44724615048416
222.0217898274257 59.56271062695716
222.08572580836125 37.82381752113154
222.1496617892968 85.17410582713337
222.2135977702324 170.91422276319108
222.277533751168 212.8344472552567
222.3414697321036 166.6806380710129
222.4054057130392 74.27489847520627
222.4693416939748 15.639235114931129
222.53327767491035 20.514196377446165
222.59721365584596 49.317404197375126
222.66114963678152 54.58200303024628
222.72508561771713 38.99856680812396
222.7890215986527 42.58295724524326
222.8529575795883 79.04947076740442
222.91689356052387 109.41178999085957
222.98082954145943 88.92412294565206
223.04476552239504 30.543379147089727
223.10870150333065 6.409424566233216
223.17263748426623 73.86974712921786
223.2365734652018 211.08401573377
223.30050944613737 330.4854953320476
223.364445427073 349.4118645967852
223.42838140800856 260.53713499007847
223.49231738894417 132.63893536951295
223.55625336987973 40.80347178518378
223.6201893508153 15.453429369882304
223.68412533175092 43.413214241037
223.74806131268653 90.4375590842248
223.81199729362208 129.89451334236037
223.87593327455767 151.7374003451796
223.93986925549328 149.05962545399464
224.0038052364289 118.17357909024624
224.06774121736447 69.9975536239448
224.13167719830005 27.19837759825875
224.19561317923564 11.793009460551788
224.2595491601712 32.50166230413616
224.3234851411068 74.46629034221958
224.3874211220424 105.03055275931888
224.451357102978 98.62571024744317
224.5152930839136 58.989120144439056
224.57922906484916 19.281874238386575
224.6431650457848 18.552468407563655
224.70710102672035 67.88775620120313
224.77103700765596 135.41950611838155
224.83497298859152 168.61518957063046
224.89890896952707 136.8864457548947
224.96284495046268 62.53095929248153
225.0267809313983 10.961076403109548
225.09071691233387 40.130837647779394
225.15465289326943 154.78595648147248
225.21858887420504 300.6154155376935
225.28252485514065 397.29225578437223
225.34646083607623 394.69271896936334
225.4103968170118 306.8340034814602
225.47433279794737 191.25999527831488
225.53826877888295 103.20332922503312
225.60220475981856 64.35627636849311
225.66614074075417 59.959210315782
225.73007672168973 61.09182270668064
225.7940127026253 50.378392744336246
225.8579486835609 29.296980016607165
225.92188466449647 9.481281031285032
225.98582064543209 3.0796121853045264
226.04975662636767 18.290512430814005
226.11369260730328 55.14451573826429
226.1776285882389 100.93005437422052
226.24156456917444 135.3599725633136
226.30550055011005 150.64836270553636
226.36943653104564 169.88918577454308
226.4333725119812 233.86998862885497
226.4973084929168 354.3531632637299
226.5612444738524 480.33806553454576
226.625180454788 522.6543217897398
226.6891164357236 427.8739365585181
226.75305241665916 238.5518869640295
226.81698839759477 68.83228080397065
226.88092437853032 5.027654205246693
226.94486035946596 33.16902285807566
227.00879634040152 68.2879148207767
227.07273232133707 51.046645954208905
227.13666830227268 8.061008153361588
227.20060428320824 12.462278431188276
227.26454026414385 95.47020743681011
227.32847624507943 207.23200434780395
227.39241222601504 265.6546692752684
227.45634820695065 237.4664653173
227.5202841878862 160.49156738416738
227.58422016882176 92.95400230395987
227.64815614975737 58.4775754383595
227.71209213069295 41.71714129539976
227.77602811162856 26.24493962919618
227.83996409256412 18.82130486787317
227.90390007349967 31.326587369547433
227.9678360544353 56.018291475085775
228.0317720353709 69.76830535077661
228.09570801630647 60.89276226381333
228.15964399724209 46.019009646635496
228.22357997817767 53.850182207044895
228.28751595911328 94.42065859779603
228.3514519400489 149.13431301374203
228.41538792098444 186.40768988311928
228.47932390192 182.71343155857076
228.5432598828556 136.34436624383687
228.6071958637912 71.59640438279091
228.6711318447268 31.22379986779531
228.7350678256624 55.10673217919905
228.799003806598 148.2430713138308
228.86293978753355 263.99430318813546
228.92687576846916 330.2214495958275
228.99081174940477 302.3518081727074
229.05474773034032 199.39519230883667
229.1186837112759 88.46668798923788
229.1826196922115 29.77411302187795
229.24655567314707 38.813620938443606
229.31049165408268 92.13854502820611
229.37442763501824 152.424567110515
229.43836361595385 185.57873548962587
229.50229959688943 169.86619058378764
229.566235577825 113.3090423126174
229.63017155876065 64.9467273751734
229.6941075396962 87.69242717253859
229.75804352063176 197.24236697201673
229.82197950156737 320.6926147882751
229.88591548250292 345.5873299641201
229.94985146343856 238.44358079739007
230.01378744437412 98.89596101047952
230.07772342530967 71.74060968291431
230.14165940624528 198.9420625845364
230.2055953871809 367.08617554564665
230.26953136811647 413.7916290457487
230.33346734905209 290.9562340844003
230.39740332998767 119.00396178174314
230.46133931092325 60.59302665711274
230.52527529185883 146.50702249893175
230.58921127279444 261.6187486036426
230.65314725373 284.11956594671733
230.7170832346656 203.56225313472527
230.7810192156012 114.41205756921104
230.8449551965368 100.82559594066308
230.9088911774724 140.93479511852155
230.972827158408 151.2032573794526
231.03676313934355 98.19150914982467
231.10069912027916 32.417859740351105
231.1646351012147 24.238699878156417
231.22857108215032 83.21806817003059
231.2925070630859 150.4653119331682
231.3564430440215 167.70496389122079
231.42037902495707 132.9993739903727
231.48431500589265 87.49914047680089
231.54825098682824 65.92808390887319
231.61218696776385 68.4264091599993
231.67612294869943 77.64395541066371
231.740058929635 89.55766194690595
231.80399491057057 116.15836274297097
231.86793089150615 163.77571479916728
231.93186687244176 218.3451484618894
231.99580285337737 253.1769189851753
232.05973883431292 248.2505611917408
232.1236748152485 204.1721940370182
232.1876107961841 143.94209281060415
232.25154677711967 99.34171519061456
232.31548275805528 87.75758098582105
232.3794187389909 97.42190649436995
232.44335471992648 96.91856314585944
232.50729070086203 69.36759755625249
232.57122668179767 39.70699580196373
232.63516266273325 53.744305366106495
232.69909864366883 122.34895705062677
232.7630346246044 194.30374863205896
232.82697060554 197.94121385496484
232.8909065864756 118.92861087375648
232.9548425674112 26.615865259813468
233.0187785483468 7.578309521429666
233.08271452928236 75.42876123675649
233.14665051021797 154.8600923044152
233.21058649115355 161.99987396733667
233.27452247208916 98.57249537367099
233.3384584530247 49.80647819019584
233.40239443396027 86.7815065663067
233.46633041489588 184.31094987378316
233.5302663958315 243.247301154082
233.59420237676707 196.71731738112976
233.65813835770263 88.96038531663737
233.72207433863824 42.613256308959514
233.7860103195738 145.61554767443096
233.8499463005094 363.43030323768807
233.913882281445 558.2062548361781
233.97781826238057 596.5252604258536
234.04175424331615 456.0784737288732
234.10569022425173 255.3468276445
234.1696262051873 179.1480161881941
234.23356218612292 342.43340649682614
234.2974981670585 692.1949000919874
234.3614341479941 1025.9565130761491
234.42537012892967 1124.833287950646
234.48930610986528 917.6783424928809
234.5532420908009 539.8786690684552
234.61717807173648 210.53749816790156
234.68111405267203 50.20734784185216
234.74505003360764 26.14173788100578
234.8089860145432 35.83689268075998
234.87292199547883 25.52091381156192
234.9368579764144 36.36147032679184
235.00079395735 123.36553533666304
235.0647299382856 259.6753076179614
235.1286659192212 353.22957660452226
235.1926019001568 334.6020428443666
235.25653788109236 232.6346977983409
235.32047386202797 157.5640383366962
235.38440984296352 178.36488761836722
235.44834582389913 255.00851537327364
235.5122818048347 303.5604760674791
235.57621778577027 276.9060147110332
235.64015376670588 194.75528360864703
235.70408974764143 117.55647038598109
235.76802572857704 79.01659175776376
235.83196170951263 64.83692558442235
235.89589769044824 59.63248580737791
235.9598336713838 82.20808944105333
236.0237696523194 164.61569345349048
236.08770563325496 299.83616528704374
236.15164161419057 434.3572176081333
236.21557759512615 521.8862063610775
236.27951357606173 558.193962385664
236.3434495569973 573.043349975288
236.40738553793287 602.4254289356505
236.47132151886848 651.8127753534483
236.5352574998041 680.6433515546088
236.59919348073967 637.7409900988894
236.66312946167528 512.6753127847575
236.7270654426109 342.108518354436
236.79100142354645 177.805109439481
236.85493740448203 60.11249079969606
236.91887338541764 5.979801354859186
236.9828093663532 10.773433843134537
237.0467453472888 58.30756059323032
237.1106813282244 121.89847844209042
237.17461730916 164.8306683763504
237.2385532900956 154.93075027123035
237.3024892710312 90.43171106326906
237.36642525196677 17.773766069247085
237.43036123290233 9.228231472222205
237.49429721383797 105.4195640166001
237.55823319477352 271.7493618039859
237.62216917570913 409.9943193267737
237.6861051566447 427.3119918629142
237.75004113758024 310.18168321107464
237.81397711851588 136.73607332085237
237.87791309945143 17.881008729163
237.94184908038704 18.77101690543483
238.00578506132263 123.68567196945288
238.0697210422582 262.7803141043703
238.1336570231938 367.982512740575
238.1975930041294 415.3721324606745
238.26152898506496 426.0916956602064
238.32546496600057 433.1454513213325
238.38940094693612 456.4977417535448
238.45333692787173 501.4577266569151
238.5172729088073 558.4690525788759
238.58120888974287 603.4735643425762
238.64514487067848 605.2136541612798
238.7090808516141 532.9552100476894
238.77301683254967 378.56502135803777
238.83695281348528 187.44252760009027
238.9008887944209 44.41786704711464
238.96482477535645 7.213116368314669
239.02876075629203 53.916734457761756
239.0926967372276 99.68708236701178
239.1566327181632 78.59440758385547
239.2205686990988 17.05743509715171
239.2845046800344 9.607830240830948
239.34844066097 108.46799927976714
239.41237664190555 248.57391392209175
239.4763126228412 302.9298427932656
239.54024860377675 223.32483573556695
239.60418458471233 116.00401667577697
239.6681205656479 143.99925725949015
239.7320565465835 338.2072548267967
239.79599252751913 541.4762316405229
239.8599285084547 566.1468118796171
239.92386448939024 398.5356837877204
239.98780047032585 243.6246076052751
240.05173645126143 333.1371574922464
240.11567243219704 666.1563661127432
240.17960841313263 983.844316863012
240.2435443940682 1012.7149678450554
240.30748037500376 713.9887114935322
240.37141635593937 306.9442331871454
240.43535233687496 51.9394955785129
240.49928831781057 20.054173810252056
240.56322429874612 83.29910604874989
240.62716027968173 94.8136922666515
240.6910962606173 45.09262915398369
240.75503224155287 37.39870989868584
240.81896822248848 135.42880458528344
240.8829042034241 274.85433070350297
240.94684018435967 332.7959810792633
241.01077616529523 265.58753128638045
241.07471214623084 156.88928081202647
241.13864812716645 128.6901600909095
241.20258410810203 222.45231142280096
241.2665200890376 365.3791261025444
241.3304560699732 443.155895466284
241.3943920509088 402.42729771232086
241.4583280318444 279.33205351684563
241.52226401278 149.6248131455728
241.58619999371555 70.36949378515999
241.65013597465116 52.857079894294905
241.71407195558672 70.77744244027461
241.77800793652233 89.24169470874376
241.8419439174579 88.59010705361041
241.9058798983935 68.83446327887397
241.96981587932908 40.29441389885498
242.03375186026463 14.26254452276832
242.09768784120024 0.4682879362435445
242.16162382213585 8.30368725995452
242.22555980307143 44.336176235290125
242.289495784007 101.81872296513725
242.35343176494257 154.18973357775283
242.4173677458782 172.2452380312828
242.48130372681376 154.5422328347934
242.54523970774935 131.82528744224004
242.60917568868493 136.892145059745
242.6731116696205 172.83325442067354
242.73704765055612 205.12854485278012
242.80098363149173 189.1143137849541
242.8649196124273 119.46936157930692
242.92885559336287 44.276323241072376
242.99279157429848 18.872707522637977
243.0567275552341 53.4906444902081
243.12066353616967 110.1936930732871
243.18459951710523 143.99761883993867
243.24853549804084 141.12575788389438
243.3124714789764 122.75084948467932
243.376407459912 117.21192017290964
243.4403434408476 127.48173724487506
243.5042794217832 132.74596126419775
243.5682154027188 115.34333967445193
243.6321513836544 74.77180603592005
243.69608736458997 32.767480784900165
243.76002334552555 26.65401670485226
243.82395932646116 80.31499123084735
243.88789530739672 179.9674286312303
243.95183128833233 273.19661836589097
244.01576726926788 298.77807968123886
244.0797032502035 239.15827841803883
244.14363923113908 143.5861095716354
244.20757521207463 89.61565214475536
244.27151119301024 115.26310349441488
244.33544717394585 187.16876117248108
244.39938315488143 236.5352397024569
244.463319135817 220.98810088452785
244.52725511675257 153.71526105435316
244.59119109768815 81.03928951271979
244.65512707862376 36.77493915135376
244.71906305955935 23.320049387970666
244.78299904049493 30.989295807686823
244.8469350214305 59.00852848842564
244.9108710023661 109.67356353818823
244.97480698330168 171.10767486047553
245.0387429642373 219.4315854713377
245.10267894517287 237.78426260438704
245.16661492610848 228.16170694420236
245.2305509070441 207.68180973329652
245.29448688797964 198.03935378805164
245.3584228689152 218.97883354314615
245.42235884985084 285.35827367614735
245.4862948307864 395.89388028508733
245.550230811722 515.8382140628005
245.6141667926576 580.3238406803886
245.6781027735932 540.2482454508689
245.7420387545288 416.7567376666076
245.8059747354644 286.8084219625381
245.86991071639997 209.41281996864527
245.93384669733553 189.57096721614727
245.9977826782711 193.75366235269803
246.06171865920672 179.98474912391512
246.12565464014233 140.97186677446084
246.18959062107788 109.35956212257052
246.25352660201344 106.19127248556948
246.31746258294905 117.14844287704076
246.38139856388463 120.18447859319912
246.44533454482024 109.02342525218793
246.50927052575585 90.55898627824058
246.5732065066914 72.05861793913918
246.63714248762696 58.09595403414456
246.70107846856257 57.89184458221621
246.76501444949815 82.81058633751452
246.82895043043376 127.28149427674468
246.89288641136932 160.29326143913656
246.95682239230487 150.20246508164922
247.0207583732405 98.67525870079729
247.0846943541761 40.97136111866595
247.14863033511168 8.654503329639164
247.2125663160473 0.8543089613113792
247.27650229698287 2.2827328876446344
247.34043827791845 23.01883220048171
247.4043742588541 98.06789570335053
247.46831023978964 233.4322491340795
247.5322462207252 368.7128262217744
247.5961822016608 414.95570237244544
247.6601181825964 340.35623589467906
247.724054163532 215.36088497236813
247.7879901444676 145.1470141999094
247.8519261254032 155.9656143547315
247.91586210633875 177.96557889672255
247.97979808727436 140.09463293250755
248.04373406820997 66.45946872452143
248.10767004914553 58.24478862035996
248.1716060300811 170.3709442128007
248.2355420110167 332.35625258402047
248.29947799195227 410.7313504374076
248.36341397288788 347.2144074978565
248.42734995382344 218.4918474089844
248.49128593475905 146.15268700707486
248.55522191569463 169.0936598114262
248.6191578966302 216.91894316675456
248.68309387756585 203.71989631741124
248.7470298585014 137.5859889345442
248.81096583943696 111.0783273616196
248.87490182037257 184.9647587449094
248.93883780130813 314.0649251813397
249.00277378224376 393.7287569911036
249.06670976317932 360.6724999254427
249.13064574411487 243.1822873209423
249.19458172505048 126.8897841648974
249.2585177059861 73.21159315224494
249.32245368692168 74.09287560355266
249.3863896678573 83.76134536977185
249.45032564879287 69.60671457407989
249.51426162972845 34.46754243233384
249.57819761066403 7.463705651299467
249.6421335915996 16.719279871811214
249.7060695725352 68.53909067592446
249.7700055534708 137.75616763686142
249.8339415344064 178.12489209489118
249.897877515342 157.78608195493297
249.96181349627756 89.1875537011919
250.0257494772132 25.51625011728928
250.08968545814875 16.051234502640234
250.15362143908436 57.39383699712653
250.21755742001992 96.98611659994545
250.28149340095547 87.03862798519324
250.3454293818911 36.34434909709989
250.4093653628267 1.7796218406604831
250.47330134376227 23.904195302963146
250.53723732469783 83.06280442656175
250.60117330563344 120.7873922725307
250.66510928656905 100.55917913648685
250.72904526750463 44.689816906947215
250.7929812484402 6.321566682122635
250.85691722937577 13.34975310449654
250.92085321031135 46.78451184507336
250.98478919124696 68.33106097937667
251.04872517218257 59.65769207204725
251.11266115311813 32.669030665659854
251.1765971340537 9.662738921742145
251.2405331149893 0.6486310569514572
251.30446909592487 1.2311022094476427
251.36840507686048 5.950025049505182
251.43234105779607 14.431024466564377
251.49627703873168 26.47132662326658
251.56021301966723 37.75822687561274
251.62414900060287 43.33141862640594
251.68808498153845 43.65490781919128
251.75202096247403 43.116097766171656
251.8159569434096 44.06289015069687
251.8798929243452 46.5944671266381
251.9438289052808 53.7242206593924
252.0077648862164 72.0050978401865
252.071700867152 104.23823980089423
252.13563684808756 141.21788973485187
252.19957282902317 161.65065756653203
252.26350880995872 148.49316543311204
252.32744479089436 107.89099315122264
252.39138077182992 62.93307577790523
252.45531675276547 31.33275768343652
252.51925273370108 15.51906993685878
252.58318871463663 10.011785338817912
252.64712469557227 13.025393495312995
252.71106067650783 27.261573646663816
252.77499665744344 49.52330687172376
252.83893263837905 65.48081203078999
252.9028686193146 61.4299104164125
252.9668046002502 42.00347622906636
253.03074058118577 29.668554868077692
253.09467656212135 42.17127030052358
253.15861254305696 70.29836718376365
253.22254852399251 81.82180780877809
253.28648450492813 55.61679993210504
253.3504204858637 12.49991082236777
253.4143564667993 8.249267240409011
253.47829244773487 91.05981545216248
253.54222842867048 253.17837768571965
253.60616440960607 421.5293702696585
253.67010039054168 503.78406888004014
253.73403637147723 449.67578522302506
253.79797235241284 285.8996055620213
253.8619083333484 104.7503015507856
253.92584431428403 6.066758270688152
253.9897802952196 34.54376004164427
254.0537162761552 157.18104283718574
254.1176522570908 287.23865211397856
254.1815882380264 342.9253715684859
254.24552421896195 299.8700915002552
254.30946019989756 193.69004780368087
254.37339618083317 84.4584396636073
254.43733216176872 16.888941822084348
254.50126814270433 1.1261174161083443
254.5652041236399 26.00428142963916
254.62914010457547 81.2088407372261
254.69307608551108 159.02774195188195
254.75701206644663 238.50342030367827
254.82094804738225 279.82284220285123
254.88488402831783 251.4606793892988
254.94882000925344 166.5879991861067
255.01275599018905 82.23233918299341
255.0766919711246 53.308712625048045
255.14062795206016 81.32558531743278
255.20456393299577 113.14674998641723
255.26849991393135 99.84806351340563
255.33243589486696 55.713600279788864
255.39637187580252 48.23509967778278
255.46030785673807 123.59485193071067
255.52424383767368 251.52627784166992
255.5881798186093 345.8103320300792
255.65211579954487 335.7516021147246
255.71605178048048 229.97313076820888
255.77998776141607 108.17631746809153
255.84392374235165 42.44648336572426
255.90785972328723 40.0287388315468
255.97179570422284 59.962407804694685
256.03573168515845 65.84519673039811
256.09966766609404 53.855049800178406
256.1636036470296 36.54392325214875
256.2275396279652 19.661215678705506
256.2914756089008 4.1392906536911935
256.3554115898364 3.25293621699074
256.419347570772 41.16146004881074
256.4832835517076 121.30432906273344
256.5472195326432 205.753140441152
256.61115551357875 239.72301573410303
256.67509149451433 203.26380202879503
256.7390274754499 136.0285944683592
256.8029634563855 97.70943859110103
256.8668994373211 105.76510745564948
256.93083541825666 121.20097633480268
256.99477139919225 97.62442413375504
257.0587073801279 39.8675068543789
257.12264336106347 1.187041511915512
257.18657934199905 23.441950976285
257.25051532293463 88.63775945115407
257.3144513038702 134.45929726323612
257.37838728480574 120.322832297798
257.4423232657414 66.33139477512658
257.50625924667696 25.72320237774248
257.57019522761254 30.8473313199864
257.63413120854807 70.18083661686241
257.69806718948365 115.5197628859108
257.76200317041935 154.57761429762235
257.82593915135493 191.65681838853072
257.88987513229046 224.0230189833444
257.9538111132261 225.04236757303192
258.0177470941617 172.727534238645
258.08168307509726 87.63332308255987
258.14561905603284 19.32448294815646
258.2095550369684 2.420181435255618
258.273491017904 26.488089161031475
258.3374269988396 50.79503908225332
258.4013629797752 53.16249526423944
258.4652989607108 50.53561432665128
258.5292349416464 69.30114665186417
258.593170922582 105.83098906514299
258.65710690351756 124.25576308497337
258.72104288445314 95.27222683529321
258.7849788653887 35.602834318251894
258.8489148463243 0.4563153344434578
258.9128508272599 26.963893740991423
258.97678680819547 102.3323450416491
259.0407227891311 183.44961680369633
259.1046587700667 229.14659064529056
259.1685947510023 233.2796822009948
259.23253073193786 216.506686891835
259.29646671287344 186.82808750148337
259.360402693809 146.7382602330793
259.4243386747446 107.90379048595584
259.4882746556802 82.00005371518395
259.55221063661577 75.60595685982895
259.6161466175513 74.71874087816575
259.68008259848693 55.1086272550691
259.7440185794226 25.446531694176777
259.8079545603581 29.286594130512807
259.87189054129374 107.5404525675086
259.93582652222926 254.12560714154776
259.9997625031649 400.4764846113365
260.0636984841005 469.68369339944593
260.12763446503607 438.1841505887677
260.19157044597165 335.05200575415955
260.25550642690723 209.28921459817732
260.3194424078428 101.9196354684084
260.38337838877845 32.26379900814761
260.44731436971404 2.2057572319418566
260.5112503506496 6.192736558527986
260.5751863315852 32.54446089988499
260.6391223125208 62.50336372350817
260.7030582934564 77.61584210359615
260.76699427439195 71.71821317155812
260.8309302553276 54.97501431577263
260.8948662362631 43.13085947193917
260.9588022171987 43.1094286500956
261.02273819813433 50.98591802685168
261.0866741790699 59.816213043892
261.1506101600055 65.06494396869464
261.2145461409411 64.46414623388885
261.27848212187666 57.22087637983586
261.34241810281225 45.660868684059295
261.40635408374783 35.227976871276425
261.4702900646834 29.035471330711218
261.53422604561894 23.770426585376132
261.5981620265546 14.943184583221807
261.6620980074902 4.769317837663844
261.72603398842574 0.6677948885162646
261.7899699693614 5.275452295414285
261.85390595029696 12.181853355996259
261.91784193123254 18.85739600270758
261.98177791216807 43.49611458400798
262.04571389310365 118.01403092585016
262.1096498740393 252.8606807441932
262.1735858549749 406.7556982211763
262.23752183591046 504.7342822667388
262.30145781684604 496.5971771766156
262.3653937977817 398.50284712540287
262.42932977871726 283.6054796053472
262.49326575965284 223.52090962371955
262.5572017405884 229.65755592353656
262.621137721524 262.91625524629944
262.6850737024596 281.362856173302
262.7490096833952 261.99065825655646
262.81294566433075 205.01920659465983
262.87688164526634 126.64287628052143
262.9408176262019 48.872941347515
263.00475360713756 3.2326811942918505
263.06868958807314 16.79215974374442
263.1326255690087 81.65764907048253
263.1965615499443 150.20487330751573
263.2604975308799 168.51698041969428
263.32443351181547 126.14267542130187
263.38836949275105 65.07737984186303
263.45230547368664 31.31937987221092
263.5162414546222 30.271812451153295
263.5801774355578 33.18503754255262
263.64411341649344 23.290289143085396
263.708049397429 23.287821807466063
263.7719853783646 64.67767742693889
263.8359213593002 138.31317582616524
263.89985734023577 191.32638292414285
263.9637933211713 182.62648781619373
264.02772930210693 132.26112109520415
264.09166528304246 101.97021149994
264.1556012639781 130.02440035195994
264.2195372449137 189.55636504940875
264.28347322584926 217.028622989803
264.3474092067849 180.4812386743616
264.4113451877205 106.02311533034921
264.47528116865607 42.486071497509286
264.53921714959165 13.929348010246771
264.60315313052723 9.0298811516536
264.6670891114628 11.243681666205449
264.7310250923984 23.95919207077778
264.794961073334 57.54210170099205
264.8588970542696 101.15391983924248
264.92283303520514 122.420716279612
264.9867690161408 100.84459504995044
265.0507049970764 52.509542492330574
265.11464097801195 14.86222772340899
265.1785769589476 10.480356001093856
265.2425129398831 28.50260659331032
265.3064489208187 40.686922064601845
265.3703849017543 31.62455249426827
265.43432088268986 11.329058894709904
265.49825686362544 3.740457494821453
265.562192844561 29.3891416615254
265.62612882549666 95.21771942350183
265.69006480643225 188.2506963805674
265.75400078736783 273.89624638081625
265.8179367683034 308.0291831397154
265.88187274923894 264.1860749733335
265.9458087301746 160.947831694682
266.0097447111101 58.69959773216845
266.07368069204574 15.595577877084292
266.13761667298127 45.5112562321472
266.2015526539169 118.15662338065148
266.26548863485255 195.0205685228064
266.32942461578807 267.90163739469466
266.39336059672365 352.38598578732706
266.4572965776593 441.83118190470253
266.5212325585949 492.5879966109821
266.58516853953046 456.49184286284606
266.64910452046604 327.3202290023154
266.7130405014016 169.6202532952715
266.7769764823372 87.3073987392302
266.8409124632728 147.39029838166195
266.9048484442084 324.1747476302642
266.968784425144 506.2196685672761
267.0327204060796 574.2985520036348
267.0966563870152 488.2571439185132
267.16059236795076 302.9867778108862
267.22452834888634 119.41422842994734
267.2884643298219 16.47972249226354
267.3524003107575 4.8500105167689425
267.4163362916931 35.930098653164805
267.48027227262867 55.75382736977974
267.54420825356425 50.020158423036115
267.6081442344999 42.41603203041079
267.67208021543547 60.80786918489426
267.73601619637105 111.45337621302605
267.79995217730664 179.75454568244595
267.8638881582422 243.38489966979685
267.9278241391778 279.5856304925611
267.9917601201134 269.39271350853625
268.05569610104897 209.50598805726875
268.11963208198455 126.34622684147108
268.18356806292013 70.3299285019745
268.24750404385577 79.2865104432432
268.3114400247913 136.75236170919507
268.37537600572693 175.48756509972355
268.43931198666246 142.77873931808887
268.5032479675981 61.7236503835454
268.5671839485337 10.910253598892467
268.63111992946926 42.4145309062817
268.69505591040485 125.8358576172314
268.7589918913404 179.19838202525963
268.822927872276 161.2549412670277
268.8868638532116 120.4488913720599
268.95079983414723 138.97875903161315
269.0147358150828 235.94098438750584
269.0786717960184 333.51753130252445
269.142607776954 328.71854905776024
269.2065437578896 206.5113215935141
269.27047973882514 61.24621850550996
269.3344157197607 0.11665024656112193
269.3983517006963 49.65001496871306
269.4622876816319 151.65041000664488
269.5262236625675 235.7149429400176
269.5901596435031 287.6742525509724
269.6540956244387 334.032231087604
269.7180316053743 381.7010424285962
269.78196758630986 398.66913060071585
269.84590356724544 349.19021375788776
269.909839548181 247.0450275709932
269.9737755291166 158.69072151818176
270.03771151005213 140.56625352484423
270.1016474909878 186.20264211222687
270.1655834719233 236.9857887647836
270.22951945285894 238.01959051031537
270.2934554337946 181.4425064686885
270.3573914147301 101.58770869340796
270.42132739566574 39.147844037053495
270.48526337660127 9.731431396465663
270.5491993575369 2.87938858126494
270.6131353384725 2.9361463378761568
270.67707131940807 3.2992565561174487
270.74100730034365 6.87105822796908
270.80494328127924 19.982923397839794
270.8688792622149 45.6040676863341
270.93281524315046 76.05874191799398
270.99675122408604 92.0962436530728
271.0606872050216 76.64350368823975
271.1246231859572 35.490105864441034
271.1885591668928 4.1216812722949605
271.2524951478284 22.40164275408516
271.31643112876395 95.5922145780588
271.38036710969953 178.78986490681905
271.4443030906351 207.50866460039668
271.5082390715707 160.56261464746672
271.57217505250634 83.28336069572674
271.6361110334419 43.43495839598362
271.7000470143775 69.05037438689027
271.7639829953131 118.04793654205096
271.82791897624867 120.49903782149524
271.89185495718425 59.63410171183953
271.95579093811983 5.258923600237114
272.0197269190554 64.86189661004049
272.08366289999094 283.1009594653023
272.1475988809266 580.6595809714129
272.2115348618622 787.3712530038757
272.2754708427978 759.0641843135242
272.3394068237334 511.14538688065454
272.40334280466897 219.046891770322
272.4672787856045 77.88769106960851
272.53121476654013 164.64059810168146
272.59515074747566 385.6860738862848
272.6590867284113 552.8347123054829
272.7230227093469 534.6630831532531
272.78695869028246 348.9840293198316
272.8508946712181 132.84682214406004
272.9148306521537 13.861549287821912
272.97876663308926 7.049275251273739
273.04270261402485 37.367101689460014
273.1066385949604 39.52552469862281
273.170574575896 30.07925702339374
273.2345105568316 74.27097079325321
273.2984465377672 190.01184198905048
273.36238251870276 304.8122013715943
273.42631849963834 312.21464316169846
273.4902544805739 188.01445720811563
273.5541904615096 40.27534584209337
273.61812644244515 21.958919692082183
273.6820624233807 194.8635976069032
273.7459984043163 466.9503209660927
273.8099343852519 668.7273736982489
273.8738703661875 696.2983675287553
273.93780634712306 573.9894851554633
274.00174232805864 406.37421518557466
274.0656783089942 282.18129125870894
274.1296142899298 211.2869079444037
274.19355027086544 152.57974605758298
274.257486251801 89.28102511339674
274.3214222327366 59.06797653562621
274.38535821367213 108.81570703868722
274.4492941946078 232.5843435457741
274.5132301755433 362.4467466138425
274.57716615647894 416.9794694078947
274.64110213741446 365.87030775684246
274.7050381183501 250.48247764582663
274.7689740992857 138.51885909865
274.83291008022127 70.94060055384753
274.8968460611569 50.683341504828185
274.9607820420925 62.25692418729741
275.0247180230281 91.31101066494419
275.08865400396365 126.74897031538121
275.15258998489924 154.08591729741488
275.2165259658348 155.40421799343608
275.2804619467704 120.81000010508508
275.344397927706 63.36171577393144
275.4083339086416 15.723648554999677
275.4722698895772 6.5693737926766875
275.5362058705128 42.89446431798483
275.6001418514484 108.05973147266228
275.66407783238395 172.46747453657
275.72801381331954 214.26079160795675
275.7919497942551 231.75528097719047
275.8558857751907 235.9281519203778
275.9198217561263 236.3854515314644
275.98375773706186 232.755178472559
276.04769371799745 214.93047127349553
276.11162969893303 177.76032792437775
276.1755656798686 140.04909671794644
276.23950166080425 140.58080207066664
276.30343764173983 214.59183531988967
276.3673736226754 366.1185000787098
276.43130960361094 542.5133967950453
276.4952455845466 659.3596171745364
276.55918156548216 672.8488176238036
276.62311754641775 596.6337044694874
276.68705352735327 466.33944120753546
276.75098950828885 324.73327773595224
276.8149254892245 213.10678743922864
276.87886147016013 151.01900963685515
276.94279745109566 139.761782559432
277.0067334320313 183.4194059848148
277.0706694129669 287.48530786785653
277.13460539390246 438.405369060327
277.19854137483804 591.1140022260505
277.2624773557736 666.4410630649587
277.3264133367092 588.848660824363
277.3903493176448 372.8793469675238
277.45428529858043 137.26438879432888
277.518221279516 9.505723637652288
277.5821572604516 25.435473668505615
277.6460932413872 104.6732867704659
277.71002922232276 130.61522848272608
277.77396520325834 69.30004310216329
277.8379011841939 8.162732095026007
277.9018371651295 76.81339522997888
277.9657731460651 303.73067253317447
278.0297091270007 574.91171054272
278.09364510793625 745.4960395857184
278.1575810888719 740.6679005760813
278.2215170698075 598.5446932466018
278.28545305074306 445.4198083582966
278.34938903167864 357.864480675464
278.4133250126142 300.1213471507117
278.4772609935498 224.85153902550888
278.5411969744854 137.63777577219773
278.60513295542097 73.75202281255986
278.6690689363565 51.754152871760816
278.73300491729213 45.20068897944493
278.7969408982278 24.28122390989564
278.8608768791633 8.185244165524628
278.92481286009894 43.25477676991117
278.98874884103446 134.32931150397363
279.0526848219701 210.13770109830452
279.1166208029057 191.3288571330544
279.18055678384127 92.98355264312632
279.24449276477685 20.994063060452017
279.30842874571243 73.6746273893573
279.372364726648 240.2628371025568
279.43630070758365 397.60579726493614
279.50023668851924 447.7055465644186
279.5641726694548 413.7086895044049
279.6281086503904 381.16938382608026
279.692044631326 409.07283701542406
279.7559806122616 471.6156343302285
279.81991659319715 468.9261398644092
279.88385257413273 353.613788889112
279.9477885550683 204.64142140929067
