0.1 0.14435308243710793
0.16393598109121332 1.1060112463556375
0.22787196218242664 4.9204168353390925
0.29180794327363996 18.188205084191207
0.35574392436485325 64.4458879993567
0.41967990545606654 200.2762745007404
0.48361588654727994 489.2548930114897
0.5475518676384932 985.023147188528
0.6114878487297065 1799.9949011544109
0.67542382982092 3050.866673764984
0.7393598109121331 4318.26746475795
0.8032957920033464 4920.445887945811
0.8672317730945597 4909.35463744087
0.9311677541857731 4565.175163702739
0.9951037352769864 4013.4102838909407
1.0590397163681995 3712.180129382023
1.1229756974594132 4258.2938420448
1.1869116785506264 5063.0695237745085
1.2508476596418399 4747.259217379177
1.314783640733053 3052.315369840608
1.3787196218242663 954.2795067477806
1.4426556029154796 16.02503826876001
1.506591584006693 1842.237894140728
1.5705275650979065 6355.369549276305
1.6344635461891197 11357.16798176029
1.6983995272803327 14645.184821189807
1.7623355083715464 14743.035926562736
1.82627148946276 11169.031659527724
1.8902074705539729 5797.922337638755
1.9541434516451863 1721.1898763401136
2.0180794327364 603.3602659367632
2.082015413827613 2318.934371946656
2.1459513949188262 4985.276501492541
2.20988737601004 5954.168113908906
2.2738233571012527 4179.000614239017
2.337759338192466 1517.1169752349167
2.40169531928368 1684.525854118075
2.4656313003748926 6889.291609600992
2.529567281466106 15426.629324148074
2.5935032625573196 22217.185950882646
2.657439243648533 21890.364223287823
2.721375224739746 14152.58788226612
2.7853112058309595 5255.192864337049
2.849247186922173 2030.4914634544512
2.9131831680133855 6239.488480395712
2.9771191491045994 14213.891799536368
3.041055130195813 20704.942834205685
3.1049911112870254 23683.031232851048
3.1689270923782398 25624.473009021625
3.232863073469453 28904.99862547776
3.296799054560666 30802.30245470316
3.3607350356518793 26884.87516242796
3.4246710167430927 17353.18540353907
3.4886069978343057 7047.086213814354
3.552542978925519 1699.8460922158015
3.6164789600167326 2836.088722348042
3.6804149411079456 5758.824468267188
3.744350922199159 5848.149075747497
3.808286903290373 4677.475710211181
3.8722228843815856 8328.846239967228
3.936158865472799 19328.985260619927
4.0000948465640125 30590.363515115838
4.064030827655226 31679.743917598335
4.127966808746439 20293.457694800545
4.191902789837652 6215.057529572615
4.255838770928865 4353.660562572772
4.319774752020079 19901.64863648169
4.383710733111292 41170.433194297766
4.447646714202505 50227.819120564905
4.511582695293718 39581.25510461793
4.575518676384932 18760.189015532404
4.639454657476144 4682.805386133419
4.70339063856736 5989.423528262548
4.767326619658572 16894.2668139502
4.831262600749785 24494.06982397479
4.895198581840998 22386.433460293552
4.959134562932212 15320.935869764411
5.023070544023425 11064.651252638036
5.0870065251146395 12307.158490388303
5.150942506205852 14817.213940522572
5.2148784872970655 12773.293302211196
5.278814468388278 6588.996410847136
5.342750449479492 1861.84475691426
5.406686430570705 2151.802834167879
5.470622411661918 5731.156630015069
5.534558392753132 8277.47390232386
5.5984943738443445 8044.968947554158
5.662430354935558 7301.6066161665585
5.726366336026771 8814.218750361084
5.790302317117985 12080.468770244763
5.854238298209198 13512.423841516083
5.918174279300412 10934.74855098832
5.982110260391625 6260.757883469132
6.046046241482838 3059.621912911181
6.109982222574051 3040.2053823441383
6.173918203665265 4665.126999426133
6.237854184756478 5072.881567752657
6.301790165847692 3392.2444089721303
6.365726146938905 1169.339037753804
6.4296621280301185 69.16789402955587
6.493598109121331 124.53098013821254
6.5575340902125445 424.26121098612253
6.621470071303758 1239.5409828491513
6.685406052394971 4457.785122493815
6.749342033486185 11271.793098426684
6.813278014577398 19972.76280610551
6.87721399566861 26379.33207822583
6.941149976759824 26763.31983247709
7.005085957851038 21062.171825767786
7.069021938942251 13066.4523503106
7.132957920033465 6980.877382534102
7.196893901124678 4362.417677010717
7.26082988221589 4075.9505693791457
7.324765863307104 4102.659196538278
7.388701844398317 3504.736937781662
7.452637825489531 2785.2928889263167
7.516573806580744 2647.173030752312
7.580509787671958 3091.484600035952
7.6444457687631715 3635.661597888132
7.708381749854384 3873.144998589949
7.772317730945597 3544.282330717456
7.836253712036811 2404.668227187301
7.900189693128024 706.6585113161822
7.964125674219239 110.75233797614912
8.02806165531045 3657.278735506295
8.091997636401665 13534.819020570272
8.155933617492877 27834.148597548672
8.219869598584092 39810.78219595848
8.283805579675304 42080.33580159518
8.347741560766515 33091.97403573842
8.411677541857731 19050.523685074342
8.475613522948942 8909.063331965523
8.539549504040158 7488.078682704734
8.603485485131369 11836.979594437153
8.667421466222585 14210.907615144288
8.731357447313798 10171.65893025192
8.79529342840501 3128.3674367783105
8.859229409496225 397.3203874247788
8.923165390587437 5684.581134081483
8.987101371678651 15218.443737599311
9.051037352769866 21088.7173460234
9.114973333861075 18640.42695870061
9.178909314952291 10347.372997999599
9.242845296043503 2737.273067626129
9.306781277134716 150.32668496734416
9.37071725822593 1640.7221146947147
9.434653239317145 3440.825071706058
9.498589220408356 3270.8665281208678
9.562525201499568 1860.5951404218888
9.626461182590784 1065.5117448425594
9.690397163681997 1348.6589789029972
9.754333144773213 1581.5628513012043
9.818269125864424 977.6130399059501
9.882205106955638 245.23776314812207
9.946141088046849 504.6969409964464
10.010077069138063 1628.0667079000743
10.074013050229276 2241.0594674368526
10.13794903132049 1482.2374547770662
10.201885012411704 385.5503398805714
10.265820993502915 949.9515551599155
10.329756974594131 3808.57921145041
10.393692955685344 7209.92520807205
10.457628936776556 8432.605480990038
10.52156491786777 6384.307658885768
10.585500898958983 2787.8497259454416
10.649436880050196 564.5701496807721
10.71337286114141 1306.3937563201239
10.777308842232623 4185.091618274572
10.841244823323835 6855.30928244579
10.905180804415048 7525.740298129122
10.969116785506264 6126.724090280891
11.033052766597477 3743.1985676221407
11.096988747688693 1595.5841787736247
11.160924728779904 406.8280037825542
11.224860709871116 354.2432118110263
11.28879669096233 1342.7591901323235
11.352732672053545 3031.8331368474846
11.416668653144756 4720.99100566963
11.48060463423597 5495.858978193561
11.544540615327184 4794.231002444073
11.608476596418395 2967.927994289843
11.672412577509608 1083.4117188330004
11.736348558600824 92.94459800846077
11.800284539692036 175.3988397403274
11.86422052078325 800.7632219321636
11.928156501874463 1503.274512359214
11.992092482965676 2512.3701581006494
12.05602846405689 4305.918562200204
12.119964445148103 6549.47207321904
12.183900426239315 7888.9766369925155
12.247836407330528 7007.971190578592
12.311772388421744 4052.7234734707617
12.375708369512957 1146.108587592567
12.439644350604167 947.3706386225255
12.503580331695384 4193.944706312078
12.567516312786596 8842.705190520097
12.63145229387781 11777.117001191888
12.695388274969025 11321.855537959473
12.759324256060236 8234.009232297383
12.823260237151448 4613.122440846111
12.887196218242662 2104.4907539290425
12.951132199333877 1022.0764162397896
13.015068180425088 949.8042826184552
13.079004161516304 1777.2145083314751
13.142940142607516 3724.7915817494168
13.206876123698729 6469.01381647872
13.270812104789943 8709.694931367003
13.334748085881156 9082.688897445354
13.39868406697237 7429.708651741251
13.462620048063583 4823.270541482146
13.526556029154795 2546.568661907944
13.590492010246008 1143.1365215156363
13.654427991337222 351.82182988121576
13.718363972428437 0.03406793198285958
13.782299953519647 598.3555083417288
13.846235934610863 2758.384680090573
13.910171915702076 6167.4621199797275
13.97410789679329 9340.028617435246
14.038043877884501 10685.305057180603
14.101979858975715 9795.996784718383
14.165915840066928 7511.908906216753
14.229851821158142 5037.677138569449
14.293787802249357 3165.3740659479067
14.357723783340568 2129.623001335676
14.42165976443178 1989.587399998304
14.485595745522996 2895.6361606220007
14.549531726614209 4811.040112204046
14.613467707705423 7085.085782362688
14.677403688796636 8566.86555654198
14.74133966988785 8385.802098777389
14.805275650979063 6647.610061387198
14.869211632070275 4249.740333683284
14.933147613161488 2136.832555403438
14.997083594252702 796.0157457670196
15.061019575343916 179.2193373759043
15.124955556435127 2.5325568239826604
15.188891537526343 186.28181373029423
15.252827518617556 943.6779538198668
15.316763499708768 2527.6585002996017
15.380699480799983 4940.548356781468
15.444635461891195 7817.819296303533
15.508571442982408 10625.672606776896
15.572507424073622 12887.652605072744
15.636443405164837 14283.02773407316
15.700379386256047 14721.605993531768
15.76431536734726 14173.64112788664
15.828251348438476 12491.620687615312
15.892187329529689 9719.783223061999
15.956123310620905 6466.705618216249
16.020059291712116 3801.937216149392
16.083995272803328 2708.029648777471
16.147931253894544 3375.0659127544905
16.211867234985757 4947.055175636584
16.27580321607697 6053.12849139773
16.339739197168186 5689.627590948851
16.403675178259398 3856.428076918349
16.46761115935061 1563.124490921697
16.531547140441823 149.84100977220456
16.595483121533036 387.6051631177969
16.659419102624252 2104.0125026694946
16.723355083715465 4505.934471177167
16.787291064806677 6645.622683994539
16.85122704589789 7816.656405641112
16.915163026989102 7895.11079494639
16.97909900808032 7211.573025298397
17.04303498917153 6118.6099542297825
17.106970970262743 4875.158595729836
17.170906951353956 3680.9022784602553
17.234842932445172 2644.868842944517
17.298778913536385 1883.564643719861
17.362714894627597 1638.8324598538052
17.426650875718806 2162.2475758311725
17.490586856810022 3409.2214597325756
17.55452283790124 4839.1866820692685
17.61845881899245 5617.850267846777
17.682394800083664 5175.266333544829
17.746330781174876 3706.524155815365
17.81026676226609 2154.558695215176
17.874202743357305 1594.1937746208296
17.938138724448518 2479.8391743848993
18.00207470553973 4364.910935841577
18.066010686630943 6270.515622147006
18.129946667722155 7336.300701592781
18.193882648813368 7276.891293564451
18.257818629904584 6414.5099988723905
18.3217546109958 5343.376091502108
18.38569059208701 4540.84877234325
18.449626573178225 4202.663868053817
18.51356255426944 4273.7248937524955
18.577498535360647 4531.031282927188
18.641434516451863 4677.653606066177
18.705370497543075 4480.367917360938
18.769306478634288 3913.169355523908
18.833242459725504 3162.467030995364
18.89717844081672 2468.146361012099
18.96111442190793 1970.3104100146563
19.02505040299914 1677.8998550377848
19.08898638409036 1529.837556030683
19.152922365181567 1458.374383232422
19.216858346272783 1406.5540777310891
19.280794327363996 1345.6368489563915
19.34473030845521 1321.7857581176108
19.408666289546424 1453.973841900931
19.47260227063764 1821.293545133064
19.53653825172885 2346.8090234170245
19.600474232820066 2862.0349986737206
19.66441021391128 3361.002521603592
19.728346195002487 4145.669827716263
19.792282176093703 5557.442711514865
19.856218157184916 7508.1133919781905
19.92015413827613 9311.605779502992
19.984090119367345 10032.430315531888
20.04802610045856 9201.42403908731
20.11196208154977 7256.054581635517
20.175898062640982 5163.720567910893
20.239834043732195 3654.3488728979623
20.303770024823407 2795.650013969629
20.367706005914624 2176.265243546625
20.43164198700584 1438.951944406827
20.49557796809705 631.5452816024541
20.559513949188265 129.90266803749253
20.62344993027948 330.7086701941562
20.687385911370686 1481.997394411616
20.751321892461903 3573.438435290663
20.815257873553115 6001.167177041784
20.879193854644328 7605.651035202332
20.943129835735544 7449.406951949464
21.00706581682676 5577.984149065171
21.07100179791797 3229.8722115369965
21.13493777900918 2121.811973268402
21.1988737601004 3008.6207832511463
21.262809741191607 5048.227848142189
21.326745722282823 6737.238701248357
21.390681703374035 7371.3588016988015
21.454617684465248 7591.683291004205
21.518553665556464 8451.021747690515
21.58248964664768 9958.00653799053
21.64642562773889 10836.135824659805
21.7103616088301 9891.197668654007
21.77429758992132 7304.870454564189
21.838233571012527 4439.683045401919
21.902169552103743 2629.911389391317
21.966105533194956 2176.7601029898206
22.030041514286168 2457.3951874306745
22.093977495377384 2917.2929844880487
22.1579134764686 3600.527925171328
22.22184945755981 4632.01804909754
22.28578543865102 5535.498380672523
22.349721419742234 5453.339883300747
22.413657400833447 4065.784176382728
22.477593381924663 2057.3923643314783
22.541529363015876 588.1237878082186
22.60546534410709 244.7152669713045
22.6694013251983 588.3211349351801
22.73333730628952 828.2658998115959
22.79727328738073 682.3025986071491
22.861209268471946 449.3073338479599
22.925145249563155 438.5185271984967
22.989081230654367 549.484925730176
23.053017211745583 492.6705870303591
23.116953192836796 266.17668801551343
23.18088917392801 195.94614472012648
23.24482515501922 458.5700171418961
23.30876113611044 792.7177780527402
23.37269711720165 827.9190761520215
23.436633098292862 630.1060192580859
23.500569079384075 806.2443055852895
23.564505060475287 1870.44737769084
23.628441041566504 3675.420191900076
23.69237702265772 5504.083249616119
23.75631300374893 6468.846677406309
23.82024898484014 6167.055222639897
23.884184965931357 4901.313266654073
23.948120947022566 3166.0349893704274
24.012056928113783 1516.16523732152
24.075992909204995 694.6284655167854
24.139928890296208 1270.0063653470067
24.203864871387424 3099.314884611953
24.26780085247864 5158.034512345873
24.33173683356985 6264.477866135493
24.39567281466106 5880.178484842776
24.459608795752278 4257.045611341471
24.523544776843487 2352.778457619037
24.587480757934703 1091.0827955711784
24.651416739025915 538.0659066286015
24.715352720117128 285.2923811202993
24.77928870120834 105.98722878484212
24.84322468229956 18.208480181019247
24.90716066339077 59.074998517515525
24.97109664448198 110.7786722372179
25.035032625573194 57.16175223342379
25.098968606664407 1.029720131492594
25.162904587755623 147.94693003621757
25.226840568846836 472.855648073866
25.290776549938048 657.7832497489097
25.35471253102926 480.9153761370448
25.41864851212048 164.8031025813328
25.48258449321169 223.85110936963372
25.5465204743029 850.3753259260113
25.610456455394115 1589.967888811054
25.674392436485327 1804.3211057087376
25.738328417576543 1314.3521641306313
25.802264398667756 603.8183769351385
25.86620037975897 313.7365823293558
25.93013636085018 492.43785364629537
25.994072341941397 657.1269324689966
26.05800832303261 519.6014731983756
26.121944304123826 392.20640341460376
26.185880285215035 778.2828739484896
26.249816266306247 1584.611861499732
26.313752247397456 2033.0376312744336
26.37768822848868 1514.1145647146727
26.44162420957989 505.5520898953913
26.5055601906711 432.012280171722
26.569496171762317 2328.966063444212
26.633432152853526 5664.078403798703
26.697368133944742 8509.945410289014
26.761304115035955 9039.309935165917
26.825240096127168 7024.2038475751515
26.88917607721838 3825.2925850270503
26.9531120583096 1181.755426928914
27.01704803940081 48.93690733587168
27.08098402049202 274.0907228247126
27.144920001583237 1212.0355743278963
27.208855982674446 2344.381105637245
27.272791963765663 3335.5369080147
27.336727944856875 3903.405240983193
27.400663925948088 3818.793272118228
27.4645999070393 3177.3949996971855
27.528535888130513 2556.5035714537094
27.59247186922173 2587.300190217428
27.65640785031294 3329.039152271332
27.720343831404158 4100.189280234884
27.784279812495367 4042.089373866619
27.848215793586583 2963.1240090666374
27.912151774677795 1575.70305945777
27.976087755769008 901.4211580204442
28.04002373686022 1428.286497465993
28.103959717951437 2774.956071856436
28.16789569904265 4088.6759221139887
28.23183168013386 4712.393404276836
28.295767661225074 4593.141821199015
28.359703642316287 4176.422077577708
28.423639623407496 3907.7460552681127
28.487575604498716 3874.9938451453263
28.551511585589928 3891.5579689509855
28.61544756668114 3760.8804508361914
28.679383547772357 3419.8279148007346
28.743319528863562 2927.865885920929
28.807255509954786 2389.5338246033634
28.871191491045995 1891.289480515196
28.935127472137207 1488.3922244894989
28.999063453228416 1220.7781970554531
29.062999434319636 1122.7917429449296
29.12693541541085 1213.8660934655113
29.19087139650206 1476.5694223973828
29.254807377593277 1843.072302333284
29.31874335868449 2209.5142412623404
29.382679339775702 2472.589807899782
29.446615320866915 2569.621662165123
29.510551301958127 2505.0922070565084
29.574487283049336 2345.88388003874
29.638423264140553 2183.8224426934344
29.70235924523177 2090.400060252549
29.76629522632298 2101.2395263559524
29.830231207414197 2249.0403600303
29.894167188505406 2611.405075834476
29.958103169596622 3300.7731693753135
30.022039150687835 4348.807949833681
30.085975131779048 5518.027650255505
30.14991111287026 6201.6778030717805
30.213847093961473 5698.186071764088
30.27778307505269 3942.836723847154
30.3417190561439 2060.6134356552648
30.405655037235118 1803.9033951775791
30.469591018326327 4053.123007873881
30.533526999417536 7706.804459648528
30.597462980508755 10069.838933142828
30.661398961599968 8928.088862722614
30.72533494269118 4874.679969014145
30.789270923782393 1364.4997322807335
30.853206904873606 2186.964464470813
30.91714288596482 8813.86211736141
30.981078867056038 19518.07098526888
31.045014848147247 30681.90614600188
31.108950829238456 39419.681491849515
31.172886810329675 44523.01608670998
31.236822791420888 44574.61343914409
31.3007587725121 37464.37418617405
31.364694753603317 23515.886159003552
31.428630734694526 8718.642076712465
31.49256671578574 4216.310896119902
31.556502696876954 19575.645827410237
31.620438677968167 53333.44310642211
31.684374659059376 91424.63427343604
31.748310640150592 115266.42358199284
31.81224662124181 112213.33844670717
31.87618260233302 84202.4572577944
31.940118583424237 47157.46263220516
32.00405456451544 18170.79282563799
32.067990545606655 4251.620102903224
32.131926526697875 1900.5078109517444
32.19586250778909 3258.421561551852
32.25979848888029 3062.368460798957
32.32373446997151 1217.6465038388787
32.387670451062725 69.47747203523384
32.45160643215394 872.5794585458792
32.51554241324515 2722.449887526765
32.57947839433637 4046.455089528341
32.64341437542758 4203.547130909899
32.707350356518795 3474.0537203242247
32.77128633761001 2415.823461808545
32.83522231870121 1385.9846685331909
32.89915829979243 654.7856400889864
32.963094280883645 670.6932546750483
33.02703026197486 1583.3278020246767
33.09096624306607 2831.7792803398647
33.15490222415729 3514.802902994292
33.2188382052485 3167.1163146351246
33.282774186339715 2270.6092297641276
33.34671016743093 1770.642111840545
33.41064614852214 2159.529589192636
33.47458212961335 3323.9543432783385
33.538518110704565 5070.756629754072
33.60245409179578 7422.656841137691
33.66639007288699 10293.639193020426
33.7303260539782 12937.790034083802
33.79426203506942 13988.99113975354
33.858198016160635 12546.73988000624
33.92213399725185 9142.807714020068
33.98606997834306 5275.19341432567
34.05000595943427 2289.0661147528185
34.113941940525486 708.2183760951516
34.1778779216167 233.1073081796432
34.24181390270791 299.3186492559521
34.30574988379912 537.5017861738854
34.36968586489034 760.4223711262425
34.433621845981556 984.3841624391129
34.49755782707277 1623.550772009952
34.56149380816398 3360.868038296472
34.62542978925519 6416.598896200026
34.689365770346406 9824.129822739405
34.75330175143762 11750.531747933524
34.81723773252883 10872.044172364544
34.88117371362004 7743.802465122207
34.945109694711256 4914.846245459402
35.009045675802476 5048.739911056519
35.07298165689369 8472.415434938406
35.1369176379849 12848.078018086568
35.20085361907611 14967.528076633504
35.264789600167326 13061.408837922889
35.32872558125854 8217.900872753427
35.39266156234975 3340.1067078165574
35.456597543440964 725.348181003121
35.520533524532176 984.8362565063612
35.584469505623396 3383.0055342126843
35.64840548671461 6623.081594884812
35.71234146780582 9406.074970726826
35.776277448897034 10513.3819174801
35.840213429988246 9255.860871377821
35.90414941107946 6104.150867636376
35.96808539217067 2554.2487748945928
36.03202137326188 322.200503267702
36.0959573543531 257.54419354890433
36.15989333544431 1749.7998561830093
36.22382931653553 3318.8846548129254
36.287765297626734 3815.8208802516497
36.351701278717954 3156.1150609336146
36.415637259809166 2046.4569412948824
36.47957324090038 1174.86922866451
36.54350922199159 746.7120660224499
36.6074452030828 580.2959796824556
36.67138118417402 455.85793193449416
36.73531716526522 328.1992359459017
36.79925314635645 255.8406502522016
36.86318912744766 296.8431127290237
36.92712510853888 536.099572123475
36.99106108963009 1088.9507270152585
37.0549970707213 1948.4362692076809
37.11893305181251 2836.709232959019
37.18286903290373 3272.5626319476232
37.24680501399494 2894.4312161971384
37.31074099508615 1854.7184494962112
37.37467697617736 796.0152375056291
37.438612957268575 276.12930035647
37.502548938359794 289.72157530999505
37.56648491945101 398.8257715565377
37.63042090054222 296.33041321796105
37.69435688163343 215.39537544513095
37.75829286272464 693.1231115743068
37.82222884381586 1940.3278561936388
37.88616482490706 3478.5041625440085
37.95010080599828 4354.415226536963
38.0140367870895 3876.799968761676
38.07797276818072 2335.7061846371275
38.14190874927193 863.9701024057284
38.20584473036313 514.1722541016037
38.26978071145435 1505.6676980511354
38.333716692545565 3090.72706754239
38.39765267363678 4059.6551562935633
38.46158865472799 3700.137141432252
38.5255246358192 2382.4759970980313
38.589460616910415 1239.4964307967027
38.653396598001635 1346.75948968994
38.71733257909285 2893.438806407972
38.78126856018405 4892.256407566389
38.84520454127527 5853.460241259792
38.909140522366485 4944.351233592673
38.9730765034577 2711.4440030072915
39.03701248454891 792.4563367152424
39.10094846564012 724.3198090375811
39.164884446731335 2730.864398946641
39.22882042782256 5496.432655936222
39.29275640891377 7169.852845748455
39.35669239000497 6772.072253417176
39.42062837109619 4753.742467406944
39.484564352187405 2387.8392309821425
39.54850033327862 776.5532189128531
39.61243631436983 286.4993197947491
39.67637229546104 685.3843401086274
39.740308276552256 1628.3866576512498
39.80424425764346 2901.5831152417118
39.86818023873469 4283.835745464982
39.93211621982591 5361.098650805798
39.99605220091711 5625.630162777216
40.059988182008325 4847.505202505409
40.12392416309954 3330.608284556464
40.18786014419075 1739.1669634121204
40.25179612528196 636.5050937706501
40.315732106373176 162.5140931111891
40.379668087464395 94.28350536773776
40.44360406855561 138.84408577934263
40.50754004964681 153.15933183594095
40.57147603073803 153.6480322229685
40.635412011829246 198.79679680697407
40.69934799292046 299.1357124343653
40.76328397401167 423.5304524854262
40.82721995510288 548.5056314471004
40.891155936194096 678.2892662768215
40.9550919172853 824.5502547191187
41.01902789837653 973.5534103897296
41.08296387946774 1075.512455510435
41.14689986055895 1078.1663908301325
41.210835841650166 982.1398424005188
41.27477182274138 854.4179395218923
41.33870780383259 779.0696314505717
41.4026437849238 794.8993261253181
41.466579766015016 869.5145625341689
41.53051574710623 934.1576463462904
41.59445172819744 954.0304436714684
41.658387709288654 957.19290420795
41.72232369037987 985.5832373977939
41.786259671471086 1012.2996819668406
41.8501956525623 934.3457764937843
41.91413163365351 690.6275325344315
41.97806761474472 358.623598173138
42.042003595835936 96.145049738672
42.10593957692714 1.4507692895747903
42.16987555801836 33.65067721215731
42.23381153910958 69.89147310527487
42.297747520200794 42.45483549405353
42.361683501292006 5.79519826076269
42.42561948238322 72.86066124635057
42.48955546347443 302.1902740271969
42.55349144456565 653.1361621877246
42.61742742565686 1038.0039060874428
42.68136340674807 1393.7393014625695
42.74529938783928 1709.604911012474
42.809235368930494 2014.5006150379415
42.873171350021714 2345.598628594208
42.93710733111293 2708.6625545905513
43.00104331220414 3036.5242899772607
43.06497929329535 3173.735471844143
43.12891527438656 2947.430230832256
43.19285125547778 2330.50686791665
43.25678723656898 1529.9297983816111
43.3207232176602 841.4304827281248
43.38465919875141 420.3206822754559
43.44859517984264 234.55126128396972
43.51253116093385 215.6443042487704
43.57646714202506 390.4966438502445
43.64040312311627 799.1667829986693
43.704339104207484 1272.6986653297297
43.7682750852987 1413.652693630304
43.83221106638991 961.8472510078867
43.89614704748112 231.7469661922668
43.960083028572335 72.20735885939025
44.02401900966355 1171.1437881953643
44.08795499075477 3282.7479414324184
44.15189097184598 5204.083104631408
44.21582695293719 5636.482437753949
44.2797629340284 4256.143451055062
44.34369891511962 2063.892084198907
44.40763489621082 572.7127067723267
44.47157087730204 567.881280625233
44.53550685839325 1636.241443395634
44.599442839484475 2698.229960865592
44.66337882057569 2919.1202644218206
44.72731480166689 2265.6312338835405
44.79125078275811 1289.3623467968132
44.855186763849325 515.8207999263356
44.91912274494054 132.70511798720077
44.98305872603175 76.2473273234989
45.04699470712296 224.8399991777776
45.110930688214175 476.3793414755644
45.17486666930538 697.495163605226
45.2388026503966 733.8715155743225
45.30273863148781 532.3371615790037
45.36667461257903 217.31323989927287
45.430610593670245 13.979087261905894
45.49454657476146 69.14950374307865
45.55848255585267 341.8996252650577
45.62241853694388 655.356008969508
45.686354518035095 832.732609279066
45.750290499126315 795.1285484988982
45.81422648021752 568.4107899054769
45.87816246130873 261.3376003661021
45.94209844239995 38.71209458581296
46.006034423491165 41.502152961062365
46.06997040458238 285.1452097920578
46.13390638567359 620.6040070558861
46.1978423667648 827.8517814783571
46.261778347856016 784.562887690951
46.32571432894722 542.4606318743465
46.38965031003844 267.176225032876
46.453586291129646 107.45301174099436
46.51752227222087 104.58986755937973
46.581458253312086 228.84214042219375
46.6453942344033 434.1993017325893
46.70933021549451 646.3020373268502
46.77326619658572 760.5939922085133
46.837202177676936 684.6357804427098
46.901138158768156 424.59682646863286
46.96507413985936 137.5435678893915
47.029010120950566 24.623804401549968
47.09294610204179 163.43975797078247
47.156882083133006 451.3786768353911
47.22081806422422 719.0828725500478
47.28475404531543 921.1306418172337
47.34869002640664 1111.9630672518756
47.412626007497856 1248.8661621711883
47.47656198858906 1205.5273643905853
47.54049796968028 906.1586915112435
47.60443395077149 424.1585797161927
47.66836993186271 54.109177500454784
47.732305912953926 103.64461302643092
47.79624189404514 579.467315682542
47.86017787513635 1170.0974978267427
47.92411385622756 1450.5134862770642
47.988049837318776 1218.517570723096
48.05198581840999 676.666878179583
48.1159217995012 192.0178322956432
48.17985778059241 14.58697755104376
48.24379376168363 164.7822391198474
48.307729742774846 464.4298439150273
48.37166572386606 734.7878218298836
48.43560170495727 891.7212059221578
48.49953768604848 925.0733087777741
48.5634736671397 877.1640266924187
48.6274096482309 731.7699811594189
48.69134562932212 443.3703199527544
48.75528161041333 116.36106693443963
48.819217591504554 23.687707789625414
48.88315357259576 482.3891382344488
48.94708955368698 1602.9097074636738
49.01102553477819 3039.912205655632
49.07496151586941 4104.923884724861
49.13889749696062 4211.302250329373
49.20283347805183 3296.1196748685634
49.26676945914304 1882.9333402569728
49.330705440234254 689.5299812592627
49.39464142132547 111.16511065239968
49.45857740241668 23.47967641447216
49.5225133835079 54.282639426914606
49.58644936459911 17.825632324038068
49.65038534569032 37.63926446474912
49.71432132678154 280.29314435080016
49.77825730787274 650.5289078027473
49.84219328896396 826.7934956285869
49.90612927005517 629.7192579278801
49.970065251146394 279.0258099614322
50.0340012322376 223.85694912580257
50.097937213328805 704.0806520962506
50.16187319442003 1459.7696548840763
50.225809175511245 1921.7355659040288
50.28974515660246 1728.087645257856
50.35368113769367 1029.2789704872712
50.41761711878488 320.9000538276884
50.481553099876095 9.144208562931729
50.54548908096731 102.04404228005504
50.60942506205852 293.107661620173
50.673361043149725 303.91256536470735
50.73729702424095 129.73243046498263
50.80123300533216 2.7285574578073755
50.86516898642338 139.0307098913786
50.92910496751458 523.9845843521913
50.9930409486058 938.2802840427208
51.056976929697015 1152.5435108869196
51.120912910788235 1107.8627840499075
51.18484889187944 946.463416241824
51.248784872970646 861.704098435064
51.312720854061865 920.6224867358292
51.376656835153085 1031.3536824601804
51.4405928162443 1052.2141299605687
51.50452879733551 925.9590047936582
51.56846477842672 715.5916331744119
51.632400759517935 511.1861088841267
51.69633674060914 333.76442300694333
51.76027272170036 163.44618068397833
51.824208702791566 31.145259135612932
51.88814468388279 30.419571326204142
51.952080664974005 221.30235678529823
52.01601664606522 522.4661701683132
52.07995262715643 734.3943167654434
52.14388860824764 711.2825352296637
52.207824589338856 490.7912180765102
52.271760570430075 243.11421326406904
52.33569655152128 108.5838009081944
52.399632532612486 81.90740829896963
52.463568513703706 71.55858907775402
52.52750449479492 53.96778034954177
52.59144047588614 102.70386880629452
52.65537645697735 275.85850969262805
52.71931243806856 511.60289860799617
52.783248419159776 650.6525520548436
52.84718440025098 593.7452340358709
52.9111203813422 399.7299982974705
52.975056362433406 194.21532626102604
53.03899234352463 53.477723114973074
53.10292832461584 0.12620803614589027
53.16686430570706 54.32912470099973
53.23080028679827 241.78624972409384
53.29473626788948 509.3533230213486
53.358672248980696 673.1376494689706
53.42260823007191 568.1781466334974
53.48654421116312 274.9454866340609
53.55048019225433 116.47846379946073
53.614416173345546 362.1188339270152
53.67835215443676 916.6083920558552
53.74228813552797 1351.7506099465131
53.80622411661919 1340.4965979617643
53.8701600977104 1060.4479746524598
53.934096078801616 1065.658376198819
53.99803205989282 1713.048006188771
54.06196804098404 2719.066244712731
54.12590402207525 3328.238212294148
54.18984000316647 3006.3648825561368
54.25377598425768 1937.9202915927965
54.317711965348884 803.5910074229971
54.38164794644011 154.2502487309968
54.44558392753132 18.26566555875098
54.509519908622536 58.41398382753693
54.57345588971375 41.222081849837274
54.63739187080496 54.80033391305582
54.701327851896174 273.97664792578024
54.76526383298739 626.8699299695745
54.8291998140786 794.995623347039
54.893135795169805 577.7212809912737
54.957071776261024 184.08407211175088
55.02100775735224 82.49961993398999
55.08494373844346 546.2786044928887
55.14887971953466 1355.059162943046
55.21281570062588 1962.2415164567628
55.27675168171709 1952.3823182065723
55.340687662808314 1356.0732856352174
55.40462364389952 588.4983418460445
55.468559624990725 93.36359954584192
55.53249560608194 22.259350855042456
55.59643158717317 215.99706875905076
55.66036756826438 408.37948104653447
55.72430354935559 434.8278816456108
55.7882395304468 308.1630650570693
55.852175511538015 142.83362877284054
55.91611149262923 35.48376663023485
55.98004747372044 4.338028076173574
56.043983454811645 7.126130565920213
56.107919435902865 5.620278535679489
56.17185541699408 7.5060522121714515
56.2357913980853 43.4247320931157
56.2997273791765 111.4921622618614
56.36366336026772 159.68278455770928
56.42759934135893 137.14294210270907
56.491535322450154 58.71419464297278
56.55547130354136 4.98179282299123
56.619407284632565 47.26426014159698
56.683343265723785 171.16945388676208
56.747279246815 290.59007584683707
56.81121522790622 346.9835476973144
56.87515120899743 383.40244276595325
56.93908719008864 510.45166938810274
57.003023171179855 790.781173816332
57.06695915227107 1142.4074834115959
57.13089513336228 1367.7262150408003
57.194831114453486 1308.088712231916
57.25876709554471 971.2929998843949
57.32270307663592 519.12247614418
57.38663905772713 160.19698354498613
57.45057503881835 26.903594319938957
57.51451101990956 103.42636997449812
57.578447001000775 260.4540880757411
57.642382982091995 369.4598910734575
57.7063189631832 405.94693759052393
57.770254944274406 453.6136245636603
57.834190925365625 590.0913213807344
57.89812690645684 764.0629181134458
57.96206288754805 818.2741340124616
58.02599886863927 660.0986195723113
58.08993484973048 401.1237034550917
58.153870830821695 311.7159989860326
58.2178068119129 589.8240464683746
58.28174279300412 1122.0838397156178
58.345678774095326 1516.521197570958
58.40961475518655 1438.0406911932607
58.47355073627776 922.3976013426096
58.53748671736897 362.75079199060207
58.60142269846019 160.3757052742596
58.6653586795514 369.3185352842698
58.729294660642616 686.5351335414603
58.793230641733835 760.8155083761305
58.85716662282504 513.0651074409807
58.921102603916246 181.692737125687
58.985038585007466 86.16889114188001
59.04897456609868 371.77786149552287
59.11291054718989 916.3927794507881
59.176846528281104 1432.77789266882
59.24078250937232 1656.4950525175655
59.304718490463536 1446.218120732029
59.36865447155474 869.5313098228803
59.43259045264596 260.57557576771694
59.496526433737166 37.937352418322234
59.56046241482839 410.802143026638
59.6243983959196 1199.9253915455004
59.68833437701081 1875.561386980114
59.75227035810202 1946.2547779862628
59.81620633919324 1391.0583148081732
59.880142320284456 650.6208564532318
59.94407830137567 251.90543322044272
60.00801428246688 398.42792029465784
60.07195026355809 825.5668849420193
60.135886244649306 1089.975367077997
60.19982222574052 980.2185462608179
60.26375820683173 620.3078951748449
60.327694187922944 272.2180990053036
60.39163016901416 88.4269299067854
60.455566150105376 37.77776525702501
60.51950213119658 36.28759740117799
60.5834381122878 82.83835596347043
60.64737409337901 237.7013156397322
60.711310074470234 498.74752493523465
60.77524605556144 745.4719455780507
60.839182036652645 834.2099540452629
60.90311801774386 725.5784766265908
60.96705399883508 505.4635137462906
61.0309899799263 305.7512449346873
61.09492596101751 200.56009858633593
61.15886194210872 167.21242755403577
61.222797923199934 143.2628241397846
61.28673390429115 97.76244591898079
61.35066988538236 47.222047599397015
61.414605866473565 26.42305054643678
61.478541847564784 50.312052590496194
61.542477828656 102.40909324598228
61.60641380974721 156.6949327810353
61.67034979083842 205.69174146068153
61.73428577192964 264.7897876945606
61.79822175302085 345.95849957746526
61.862157734112074 427.50303052847215
61.92609371520328 456.08134244007977
61.990029696294485 390.96195808282874
62.0539656773857 254.086931435994
62.11790165847692 123.91557825321345
62.18183763956813 61.844165414121
62.24577362065935 50.16765770599648
62.30970960175056 30.577189866091388
62.373645582841775 19.25366695662263
62.43758156393299 151.73854104186893
62.5015175450242 550.6792325952207
62.565453526115405 1130.7152655339994
62.629389507206625 1579.6464220874157
62.69332548829784 1593.0630536857452
62.75726146938905 1190.184534889376
62.821197450480255 779.9849754559895
62.88513343157148 796.0220680377946
62.94906941266269 1239.4825624961716
63.013005393753915 1652.424389786398
63.07694137484512 1561.938933899824
63.140877355936325 962.101660965836
63.204813337027545 346.0262212679838
63.26874931811876 222.31203414725056
63.33268529920997 609.4797291031142
63.39662128030118 1030.9731170293771
63.4605572613924 1037.3139852974416
63.524493242483615 701.6489984235983
63.58842922357482 500.8700843624477
63.65236520466604 744.3782643429283
63.716301185757246 1210.425197446806
63.78023716684847 1370.029244621716
63.84417314793968 988.7972742537798
63.90810912903089 442.0725335046917
63.972045110122096 377.18883684272254
64.03598109121332 1090.6538880812634
64.09991707230454 2196.618712348699
64.16385305339574 2925.7621212751487
64.22778903448695 2805.4214179590217
64.29172501557817 1998.432324235056
64.35566099666937 1043.0686589720372
64.41959697776059 384.5067924763473
64.48353295885181 110.26703945348387
64.54746893994302 48.15141731901812
64.61140492103424 34.51671272263569
64.67534090212544 30.932614972568555
64.73927688321666 50.030230203216384
64.80321286430787 76.06576534593145
64.86714884539909 100.08702904723962
64.93108482649029 196.52296794165383
64.99502080758151 488.1640775349704
65.05895678867273 994.6973044097208
65.12289276976394 1538.2930825083192
65.18682875085516 1845.0023824264108
65.25076473194636 1753.051922262879
65.31470071303758 1327.9515031614987
65.37863669412879 800.5621112314885
65.44257267522 390.4557378925604
65.50650865631121 170.11471400518312
65.57044463740243 82.83126178388342
65.63438061849365 52.67260013223967
65.69831659958486 55.734485998520285
65.76225258067608 104.0058360333378
65.82618856176728 190.6253771520346
65.8901245428585 270.6721242197615
65.9540605239497 296.17673455159445
66.01799650504093 264.82193244962326
66.08193248613213 228.7572544516729
66.14586846722335 252.40005298475535
66.20980444831457 359.7388491041055
66.27374042940578 516.9184151436074
66.337676410497 663.6281133268947
66.4016123915882 757.695101043714
66.46554837267942 800.1019430987626
66.52948435377063 836.3792637261665
66.59342033486185 912.7325671731144
66.65735631595305 1014.468376667898
66.72129229704427 1072.296511444226
66.78522827813549 1025.2227326270845
66.8491642592267 855.6083367035726
66.91310024031792 587.0956804123014
66.97703622140912 285.6809179878813
67.04097220250034 58.679833243969206
67.10490818359155 12.51290056829784
67.16884416468277 174.7040281339549
67.23278014577397 446.5156006209808
67.29671612686519 645.9442540490505
67.3606521079564 633.0014679438534
67.42458808904762 430.2602590292191
67.48852407013884 211.5783490784516
67.55246005123004 141.23446028764056
67.61639603232126 230.82604263851772
67.68033201341247 351.3351676884303
67.74426799450369 362.98556910647017
67.80820397559489 244.632985689984
67.87213995668611 99.36336773081489
67.93607593777732 30.675953623990885
68.00001191886854 46.80285207843612
68.06394789995976 90.53451609910832
68.12788388105096 117.79485045781384
68.19181986214218 122.00389626104308
68.25575584323339 102.28071019554388
68.31969182432461 53.74410732993958
68.38362780541581 15.004266585271424
68.44756378650703 93.5835568969468
68.51149976759824 376.88950613133375
68.57543574868946 791.1910921058478
68.63937172978068 1096.5353215837172
68.70330771087188 1076.26211937971
68.7672436919631 749.9268476494416
68.83117967305431 388.16455210938335
68.89511565414553 269.17265116659433
68.95905163523673 399.7907433593587
69.02298761632795 531.8236838775972
69.08692359741916 465.5347568837005
69.15085957851038 267.90991735362104
69.2147955596016 163.80029811516252
69.2787315406928 242.99348689077263
69.34266752178402 337.48299554454087
69.40660350287523 247.724077657204
69.47053948396645 44.93905333567245
69.53447546505765 48.10259777080519
69.59841144614887 453.7445535179903
69.66234742724008 1023.649716895124
69.7262834083313 1259.844248324816
69.79021938942249 933.1646153198883
69.85415537051372 355.1073095151396
69.91809135160494 83.78825980404531
69.98202733269615 344.78904790297935
70.04596331378737 770.7717953970873
70.10989929487857 810.7337080666172
70.1738352759698 379.8697489337728
70.237771257061 8.636893618784065
70.30170723815222 317.5871792638817
70.36564321924342 1350.0378657583856
70.42957920033464 2459.037358534555
70.49351518142585 2873.226996369898
70.55745116251707 2364.43841642336
70.62138714360829 1372.751726523646
70.6853231246995 526.7447992274724
70.74925910579071 118.30783767011536
70.81319508688192 29.04109004348344
70.87713106797314 27.62052948224344
70.94106704906433 44.3248683823789
71.00500303015556 142.15408637991075
71.06893901124678 291.81383163703595
71.13287499233799 336.91555217642366
71.19681097342921 223.26908371601655
71.26074695452041 156.6759088069348
71.32468293561163 446.4072386429482
71.38861891670284 1150.0913809599558
71.45255489779406 1905.88298765532
71.51649087888526 2197.374319234351
71.58042685997648 1804.4345714296785
71.64436284106769 994.055839862521
71.70829882215891 283.99791791809264
71.77223480325013 4.834499450943947
71.83617078434133 81.80721854868854
71.90010676543255 217.7659265847754
71.96404274652376 223.87679408924132
72.02797872761498 159.1563175321068
72.09191470870617 190.8709626215596
72.1558506897974 366.02613593945006
72.21978667088862 553.7074918113149
72.28372265197984 595.8620493430553
72.34765863307103 475.40545080858544
72.41159461416225 323.91766427021514
72.47553059525347 273.4072223452603
72.5394665763447 323.11964389953295
72.6034025574359 358.865667845719
72.6673385385271 289.78635954317497
72.73127451961832 166.46276505901224
72.79521050070953 158.6195899515542
72.85914648180075 392.33696380421645
72.92308246289198 799.3889927830953
72.98701844398317 1139.401161221878
73.05095442507438 1185.175360094376
73.1148904061656 899.862467902462
73.17882638725683 460.4182482056804
73.24276236834801 118.11162625475384
73.30669834943923 5.135233937749013
73.37063433053045 56.37857372044956
73.43457031162168 115.59527318012248
73.49850629271289 96.75046119232985
73.5624422738041 35.55410236506794
73.62637825489531 9.14271839324849
73.69031423598653 35.02841599803761
73.75425021707774 63.38603884322777
73.81818619816895 54.712158079908335
73.88212217926016 34.12181950516539
73.94605816035137 54.491094573696
74.00999414144259 120.48824975794145
74.07393012253381 175.4848734360847
74.13786610362502 169.05032919008866
74.20180208471622 114.58275814676264
74.26573806580744 63.53073034569938
74.32967404689867 36.99541907235564
74.39361002798985 15.476630292852535
74.45754600908109 11.937419606450707
74.52148199017229 129.01497219120162
74.58541797126351 495.24906678799994
74.6493539523547 1111.147926693673
74.71328993344594 1764.333857320296
74.77722591453715 2139.2174377362967
74.84116189562835 2046.713234845084
74.90509787671958 1561.1432416661476
74.96903385781079 950.3612656588824
75.032969838902 475.06395585366255
75.09690581999321 230.71167217298483
75.16084180108443 148.30472860914622
75.22477778217564 114.0975856663158
75.28871376326684 74.77849380164243
75.35264974435806 47.375884752026714
75.41658572544928 63.86759410526313
75.4805217065405 127.37713064802082
75.54445768763169 212.40986062702345
75.60839366872291 285.1927185822892
75.67232964981413 320.37242808392125
75.73626563090535 311.99155322169673
75.80020161199654 276.19429898227247
75.86413759308778 238.5552347282194
75.928073574179 210.08637604743728
75.99200955527022 174.91759872523485
76.05594553636142 111.95871549395414
76.11988151745263 34.50586173891838
76.18381749854385 1.0709225604410824
76.24775347963505 74.71200249454601
76.31168946072627 259.61050071528695
76.37562544181748 478.5553807094343
76.43956142290868 626.7531380012873
76.5034974039999 649.9874538419048
76.56743338509112 569.8087439620788
76.63136936618234 448.11316144336433
76.69530534727353 335.5697940164764
76.75924132836477 246.8005940012139
76.82317730945597 176.16082110492968
76.88711329054719 124.81476296288346
76.95104927163838 103.74329437387382
77.01498525272962 116.92227875064277
77.07892123382082 150.54314516094396
77.14285721491203 178.00671970461673
77.20679319600326 171.947941517246
77.27072917709447 119.90290310934516
77.33466515818569 43.330450447981576
77.39860113927689 0.28256475217577925
77.46253712036811 56.48944773541223
77.52647310145932 234.03146925209015
77.59040908255052 470.85418826138226
77.65434506364174 647.4740986800425
77.71828104473296 674.579363963013
77.78221702582418 554.6615852404132
77.84615300691537 372.5910041624703
77.91008898800659 223.0045003750949
77.97402496909781 130.27485371799048
78.03796095018902 63.56299243200676
78.10189693128022 21.582081730232783
78.16583291237146 56.26604130508655
78.22976889346266 216.7240187709915
78.29370487455388 477.4744343657588
78.3576408556451 722.6946447780653
78.4215768367363 834.2988999911324
78.48551281782753 799.4199778776663
78.54944879891873 710.2689767604917
78.61338478000995 672.9322145100153
78.67732076110116 730.6616488856265
78.74125674219236 855.7031053197937
78.80519272328358 992.4546708299695
78.8691287043748 1097.3886783589116
78.93306468546602 1141.3223385906433
78.99700066655721 1100.8786282679891
79.06093664764845 973.9780389992591
79.12487262873965 801.1217543119318
79.18880860983086 649.8512906004721
79.25274459092206 559.3805025051917
79.3166805720133 503.1010924400045
79.3806165531045 419.79561547261966
79.44455253419571 284.22676462339365
79.50848851528691 140.53392160255703
79.57242449637815 58.45416423819767
79.63636047746937 59.132607630004095
79.70029645856057 97.4980399992224
79.76423243965179 120.13529358852524
79.828168420743 124.31522397759524
79.8921044018342 143.09010516815871
79.95604038292542 183.00523663634343
80.01997636401664 200.97803178281544
80.08391234510783 150.64738693792617
80.14784832619905 54.95517977805324
80.21178430729027 13.103364718612772
80.27572028838149 100.8367169137839
80.3396562694727 276.2236823675645
80.4035922505639 406.9564798587744
80.46752823165514 392.30777645138886
80.53146421274634 267.13301591412034
80.59540019383756 174.23257290109495
80.65933617492877 220.3969443589624
80.72327215601999 371.7721558454437
80.7872081371112 487.0402878768286
80.85114411820241 449.39867048447434
80.91508009929363 277.2630272143721
80.97901608038484 103.85258994223696
81.04295206147604 54.52724281069648
81.10688804256726 155.05440711056198
81.17082402365848 343.8674908810977
81.2347600047497 549.7322561689524
81.2986959858409 747.3069499135571
81.36263196693213 943.7870345039616
81.42656794802333 1125.6463431924046
81.49050392911454 1229.2942287621574
81.55443991020576 1179.277697639184
81.61837589129698 962.7794165227774
81.68231187238817 655.6176644172676
81.74624785347939 375.56818133335486
81.8101838345706 216.62831424361977
81.87411981566183 207.44443495649568
81.93805579675303 305.764237883336
82.00199177784425 431.2341694973833
82.06592775893547 515.0271476255169
82.12986374002669 530.8079641563372
82.19379972111788 493.2518110867754
82.2577357022091 434.7137612454593
82.32167168330032 382.43747541291685
82.38560766439151 352.6993551084069
82.44954364548275 352.3785155401043
82.51347962657395 375.8877908032487
82.57741560766517 408.9967814458401
82.64135158875638 439.8827285243703
82.70528756984758 457.613328472471
82.76922355093882 446.75107230672415
82.83315953203001 398.765953778144
82.89709551312124 324.04669486629075
82.96103149421245 244.364111796734
83.02496747530368 175.1560100374417
83.08890345639486 115.3780230636196
83.1528394374861 58.8311011072506
83.21677541857731 24.59695800126384
83.28071139966852 67.33061578920267
83.34464738075974 231.5252282465105
83.40858336185094 483.9783190745085
83.47251934294216 696.258976321122
83.53645532403337 713.6354600956968
83.60039130512457 489.3003771348872
83.6643272862158 170.50032383257658
83.72826326730701 2.284829012157084
83.79219924839822 113.2114799888107
83.85613522948944 403.0311583372632
83.92007121058067 634.9265289384343
83.98400719167185 653.0741373353043
84.04794317276307 532.3486491318065
84.11187915385429 486.35927322639407
84.17581513494552 610.2730634665647
84.2397511160367 756.1598494248663
84.30368709712793 693.2574055205758
84.36762307821915 383.47383409013054
84.43155905931037 75.94367358303998
84.49549504040156 86.6223097465942
84.55943102149278 461.6133977322276
84.623367002584 889.4555123814581
84.68730298367521 981.3411517329082
84.75123896476643 650.5855039432979
84.81517494585763 203.9338149105353
84.87911092694885 37.18399276695397
84.94304690804006 258.00432510757327
85.00698288913128 611.2913919669539
85.07091887022251 751.8803958912104
85.13485485131369 599.3565882267264
85.19879083240492 392.31761984385537
85.26272681349614 378.602832786708
85.32666279458736 544.4220129755693
85.39059877567854 660.5187238822747
85.45453475676977 535.2044284902285
85.51847073786098 238.64596250327017
85.58240671895221 59.34831588476368
85.64634270004342 206.4677385704232
85.71027868113462 601.4351221755456
85.77421466222584 967.1405375022111
85.83815064331705 1076.2719038528508
85.90208662440827 917.7084438732963
85.96602260549948 653.373041247471
86.0299585865907 440.07216828973543
86.0938945676819 309.9026607329092
86.15783054877312 211.4384023437116
86.22176652986435 122.70045570294683
86.28570251095553 87.87264366233453
86.34963849204675 150.3358046094972
86.41357447313797 275.03566359050296
86.4775104542292 357.19587471927144
86.54144643532038 316.3223173554289
86.60538241641162 174.94318610776637
86.66931839750282 42.45756313707094
86.73325437859405 23.6074498125269
86.79719035968526 137.32386226857437
86.86112634077647 312.2435170056861
86.92506232186769 443.6501168257625
86.98899830295889 462.8964178324159
87.05293428405011 379.66672700991546
87.11687026514132 260.576338797076
87.18080624623252 167.52351058741166
87.24474222732374 122.616411347858
87.30867820841496 111.72076782714916
87.37261418950617 105.5252166849398
87.43655017059737 85.75478544099713
87.5004861516886 56.67786550612369
87.56442213277981 32.921625874966885
87.62835811387103 20.87767313297952
87.69229409496222 13.57686513784676
87.75623007605346 4.706691251145168
87.82016605714466 5.845727473354173
87.88410203823587 41.89749502253497
87.94803801932707 123.51862045191643
88.0119740004183 222.9066924959863
88.07590998150953 280.4137743278943
88.13984596260073 250.7703010289096
88.20378194369195 160.79099971488176
88.26771792478316 117.57749393327316
88.33165390587436 241.13869945174176
88.39558988696558 570.7870781142001
88.4595258680568 1010.488700859182
88.523461849148 1356.1685574660391
88.58739783023921 1417.5076638425824
88.65133381133043 1156.5145348348476
88.71526979242165 713.6893831824018
88.77920577351287 304.58914359350854
88.84314175460406 84.54291699232536
88.9070777356953 70.57504898778164
88.9710137167865 158.25406422628845
89.03494969787772 215.8901179894937
89.09888567896893 186.95811331369524
89.16282166006015 124.47998023507068
89.22675764115137 134.01857403361325
89.29069362224257 277.8970580252384
89.35462960333379 517.439366187054
89.418565584425 731.5445931266449
89.4825015655162 801.1845492726567
89.54643754660742 692.8768131304122
89.61037352769864 473.24633358861496
89.67430950878985 268.1585991899538
89.73824548988105 192.4311912525708
89.80218147097227 262.5729597745209
89.86611745206349 377.73930406383647
89.9300534331547 413.5431345182358
89.9939894142459 337.81304583726967
90.05792539533714 254.56277485620544
90.12186137642834 334.47520623430523
90.18579735751955 664.3439139430051
90.24973333861075 1147.4942877349104
90.31366931970199 1551.9065335827268
90.3776053007932 1679.488988856641
90.4415412818844 1515.2310496594064
90.50547726297565 1205.168084267183
90.56941324406685 912.3342350385133
90.63334922515804 724.5542945481793
90.69728520624926 670.9275739262396
90.76122118734048 777.853890867819
90.82515716843167 1063.5822999019545
90.88909314952289 1448.3379863124435
90.95302913061411 1701.0896601613204
91.01696511170532 1567.9731488541324
91.08090109279657 1027.4588921841967
91.14483707388776 382.7121166427236
91.20877305497896 36.922273494287325
91.27270903607018 151.3760460669735
91.3366450171614 497.7325951685648
91.40058099825261 675.8949031558109
91.46451697934383 511.14906362563863
91.52845296043505 212.15588760871216
91.59238894152624 138.45022794611123
91.65632492261747 409.6643660528431
91.72026090370868 762.1116509249727
91.78419688479987 832.1714241168759
91.8481328658911 535.7560114952182
91.91206884698232 145.37381161711727
91.97600482807351 6.455557069642245
92.03994080916473 177.30180382001168
92.10387679025597 398.3689642234182
92.16781277134717 396.75315448039936
92.23174875243836 176.55048251129037
92.2956847335296 13.280677117053616
92.3596207146208 133.86622261839923
92.42355669571202 463.8627516109363
92.48749267680323 716.1309936678941
92.55142865789443 660.3408882105443
92.61536463898567 355.4418194544649
92.67930062007687 97.28571149258576
92.74323660116808 111.96875919240686
92.8071725822593 382.6347969331284
92.87110856335053 694.2931293043215
92.93504454444172 815.8091628691618
92.99898052553294 696.6983375574428
93.06291650662416 445.17101459394166
93.12685248771535 205.5136462654781
93.19078846880657 89.02476494329876
93.2547244498978 115.8366525356033
93.318660430989 241.5139757619032
93.38259641208019 408.091697149324
93.44653239317145 559.5117613700046
93.51046837426264 683.3750642485313
93.57440435535385 784.9797006923504
93.63834033644508 839.3223518133808
93.70227631753629 815.8618689792131
93.76621229862751 687.7583320566225
93.83014827971871 460.68405139460447
93.89408426080992 217.5279289333734
93.95802024190112 72.01985285328624
94.02195622299236 84.87237248281535
94.08589220408355 219.41930461565585
94.14982818517478 364.92188917000095
94.213764166266 421.74197914064086
94.27770014735722 365.3940350843168
94.34163612844841 249.993564368396
94.40557210953965 166.6657378988196
94.46950809063085 174.9128442475096
94.53344407172204 253.56884809795912
94.59738005281328 318.6599813914977
94.66131603390448 299.2467830393388
94.72525201499569 199.1268031556006
94.78918799608691 81.81627807945316
94.85312397717811 10.298111757637
94.91705995826935 6.001533574070055
94.98099593936055 55.566683292008754
95.04493192045176 151.86853056340607
95.10886790154298 310.79366155363454
95.17280388263421 527.7643345700668
95.2367398637254 728.0818153868837
95.30067584481662 786.8054910162743
95.36461182590784 629.5026832657907
95.42854780699903 333.21611986517865
95.49248378809027 95.1357907357112
95.55641976918147 69.14622259204403
95.62035575027267 235.69700702964485
95.68429173136388 417.7991262270208
95.74822771245513 434.5982197575414
95.81216369354632 269.7858794733456
95.87609967463753 73.7926802297479
95.94003565572876 3.432423712072866
96.00397163681998 86.34797705631041
96.0679076179112 226.3950228089197
96.1318435990024 315.4267631762152
96.1957795800936 326.0378973534601
96.25971556118482 297.47290156600116
96.32365154227605 264.0582561972494
96.38758752336723 225.5793714723931
96.45152350445846 180.18430600752885
96.51545948554968 152.03671782314987
96.57939546664089 160.74691059990184
96.64333144773211 177.50247183734805
96.70726742882333 147.8099410248485
96.77120340991453 75.46730449607942
96.83513939100574 63.87111785698104
96.89907537209697 236.9454166968088
96.96301135318816 595.1771111097054
97.02694733427937 958.1315622087805
97.09088331537059 1089.1852690104251
97.15481929646181 899.5591121965879
97.21875527755304 524.6921921098532
97.28269125864423 205.72981852587824
97.34662723973544 92.33369165341843
97.41056322082666 145.36342831685852
97.47449920191791 222.37752695571237
97.53843518300908 233.2081137414557
97.6023711641003 198.3828253861037
97.66630714519152 184.58128867905657
97.73024312628273 217.75958219443345
97.79417910737395 269.4248793372131
97.85811508846515 309.9946682290069
97.92205106955635 346.33756794009315
97.98598705064758 396.5509051151964
98.04992303173881 443.70203742517447
98.11385901283 437.9151785042176
98.17779499392121 350.8076964317655
98.24173097501244 217.3011098890393
98.30566695610365 110.99041114336372
98.36960293719488 74.24923087413995
98.43353891828608 82.88558013886605
98.49747489937728 82.59764190637556
98.5614108804685 48.52196904075321
98.62534686155973 7.578282951490807
98.68928284265091 9.109170631167416
98.75321882374215 78.19027643951257
98.81715480483336 195.35989807759935
98.88109078592456 309.0075788659291
98.94502676701579 363.58770746365366
99.00896274810701 326.87546979203006
99.07289872919822 209.31363428661393
99.13683471028942 73.39520076360672
99.20077069138064 9.5526769833174
99.26470667247185 71.22977853819447
99.32864265356305 220.70991596079816
99.39257863465427 345.19423095409235
99.45651461574548 345.4529243350553
99.52045059683672 224.626147590317
99.58438657792792 93.47789499946045
99.64832255901912 82.97764724855267
99.71225854011034 231.71947789016957
99.77619452120157 447.6159727914167
99.84013050229277 585.6906934417157
99.90406648338399 561.4145651615505
99.9680024644752 399.1406116885557
100.0319384455664 198.6250107563677
100.0958744266576 58.731436191059736
100.15981040774884 15.58003463089795
100.22374638884004 37.97536709814817
100.28768236993126 69.72504515564496
100.35161835102248 73.83216934171811
100.41555433211369 49.04734382021835
100.4794903132049 19.822152320651966
100.54342629429613 13.74946976993464
100.60736227538732 41.97615106553184
100.67129825647852 95.84149681870653
100.73523423756976 158.30279465653368
100.79917021866096 214.9133027243195
100.86310619975218 255.84667485586036
100.9270421808434 272.162337819388
100.9909781619346 252.74063014779568
101.05491414302583 191.89655696481225
101.11885012411705 106.09669028465989
101.18278610520824 33.50221732204051
101.24672208629944 3.966891082459624
101.31065806739068 10.012696746209935
101.37459404848188 17.013135155337373
101.4385300295731 11.211435748894727
101.50246601066432 37.505767260936125
101.56640199175553 176.3316904577059
101.63033797284675 460.60687335043286
101.69427395393797 803.2194289545625
101.75820993502916 1024.4248990558015
101.82214591612036 977.7170613104563
101.8860818972116 669.8792730635647
101.9500178783028 278.80210717171747
102.01395385939402 38.14726172579301
102.07788984048524 61.023686243019185
102.14182582157645 257.3245121261705
102.20576180266767 417.73101009143267
102.26969778375889 388.14039354219534
102.33363376485008 199.24650670197664
102.39756974594128 44.21944972834468
102.46150572703252 118.90923164102556
102.52544170812372 459.6380399069101
102.58937768921494 899.4802614620206
102.65331367030616 1178.9309743534786
102.71724965139737 1133.4155331784173
102.78118563248859 798.8814120596872
102.8451216135798 368.5475054512097
102.909057594671 65.44268599026998
102.9729935757622 11.413816919292955
103.03692955685344 167.71453158955507
103.10086553794464 390.56481250690047
103.16480151903586 540.6121660847966
103.22873750012708 553.4371206790292
103.29267348121827 448.7739623331406
103.3566094623095 296.1667525290776
103.42054544340073 159.66458107806514
103.48448142449192 65.8209281112532
103.54841740558312 16.381626878930685
103.61235338667436 9.49075971816313
103.67628936776556 39.52148725199559
103.74022534885678 89.5575962088904
103.804161329948 134.35475139232855
103.8680973110392 153.62745950157662
103.93203329213043 146.2503911895618
103.99596927322165 130.4310024035294
104.05990525431284 124.10576637191568
104.12384123540404 123.06790496693358
104.18777721649528 104.84688378490638
104.25171319758648 60.04434708697226
104.3156491786777 17.770602788464693
104.37958515976892 34.78415529541315
104.44352114086011 151.35913170342377
104.50745712195133 349.65753276170835
104.57139310304257 553.2721628370069
104.63532908413376 674.2827711642815
104.69926506522496 675.408482830631
104.7632010463162 591.9916699763877
104.8271370274074 488.7357757685532
104.89107300849862 401.2599135191156
104.95500898958981 322.4021764137059
105.01894497068103 233.09596115470137
105.08288095177225 143.6783341186783
105.14681693286347 106.88673083043523
105.21075291395468 181.7793103818115
105.27468889504588 378.3050885028008
105.33862487613712 630.1962408708538
105.40256085722832 816.2318675208987
105.46649683831954 826.7301814321568
105.53043281941073 636.6017774353097
105.59436880050195 332.0448115225021
105.65830478159317 76.88997842403833
105.7222407626844 21.890408720287777
105.7861767437756 191.0607345747547
105.8501127248668 445.74372160556874
105.91404870595804 581.4029632941118
105.97798468704924 486.3142541112717
106.04192066814046 236.58093922146887
106.10585664923165 33.354757548086944
106.16979263032287 20.126603953843375
106.2337286114141 155.51500581763327
106.29766459250531 269.152863395688
106.36160057359652 240.6155004187544
106.42553655468772 114.04521809898098
106.48947253577896 26.932427974480667
106.55340851687016 43.22993475336769
106.61734449796138 90.03566857614838
106.68128047905257 69.45303773282605
106.7452164601438 11.101526527951762
106.80915244123501 71.6268556488266
106.87308842232623 354.9167708630616
106.93702440341744 751.7980883807843
107.00096038450864 995.7802009823249
107.06489636559988 898.2184237558064
107.12883234669108 531.4226499437289
107.1927683277823 163.2551060263037
107.2567043088735 6.598993736230624
107.32064028996471 54.1907499903673
107.38457627105592 145.19026004433636
107.44851225214715 155.16808524226147
107.51244823323836 105.92537393510209
107.57638421432956 92.10163403301326
107.6403201954208 139.6322056551402
107.704256176512 181.02427494091123
107.76819215760322 153.12283258879805
107.83212813869442 78.75294408482497
107.89606411978563 36.498002874832274
107.96000010087684 63.23402614193678
108.02393608196807 119.19812750874797
108.08787206305928 157.128981067873
108.15180804415048 187.9097425991177
108.21574402524172 250.04462516652825
108.27968000633292 337.1382925625617
108.34361598742414 382.9139262688977
108.40755196851534 331.28646707874395
108.47148794960655 227.54934106541984
108.53542393069776 194.92743649718713
108.599359911789 289.32184588796304
108.6632958928802 423.69434912699177
108.7272318739714 454.26748334359365
108.79116785506264 326.5063446937148
108.85510383615384 136.90156002107042
108.91903981724506 35.28704593379418
108.98297579833626 75.26568935635427
109.04691177942748 182.63734386464185
109.11084776051868 248.9187619428792
109.17478374160991 238.55132795255
109.23871972270112 200.0251100596331
109.30265570379233 180.26559449047363
109.36659168488356 165.16447507877157
109.43052766597476 116.40817586194548
109.49446364706598 42.05060866222559
109.55839962815718 5.628459072517701
109.6223356092484 58.11159062953989
109.6862715903396 175.26966935102556
109.75020757143083 271.86750644857017
109.81414355252204 278.0013225900214
109.87807953361325 203.09047421273644
109.94201551470448 119.89305669737873
110.00595149579568 91.75600367751821
110.0698874768869 126.53915603133515
110.13382345797812 188.410137188425
110.19775943906932 238.34901451164453
110.26169542016052 262.1189236615828
110.32563140125175 265.11378788865625
110.38956738234296 253.17367394067455
110.45350336343418 226.73629550374403
110.5174393445254 187.19932056455707
110.5813753256166 141.51906648522086
110.64531130670782 100.545381887629
110.70924728779904 74.07502881366757
110.77318326889024 67.08613642551668
110.83711924998144 80.09004964529271
110.90105523107268 112.0941171459341
110.96499121216388 161.06386665573515
111.0289271932551 220.196081672187
111.09286317434632 276.8733874188507
111.15679915543753 321.6472362011464
111.22073513652875 360.7325339439761
111.28467111761996 416.5246222789885
111.34860709871116 507.70127223997486
111.41254307980236 611.6758086295802
111.4764790608936 648.4664576548405
111.5404150419848 542.534596072666
111.60435102307602 318.1921225937239
111.66828700416724 106.30166348831352
111.73222298525845 42.74865366509158
111.79615896634967 148.35197664420525
111.86009494744088 292.75507845915905
111.92403092853208 306.5590833841196
111.98796690962328 159.79136205574923
112.05190289071452 13.224526095078096
112.11583887180572 74.7114147387118
112.17977485289694 396.2679093123761
112.24371083398815 800.2899342392053
112.30764681507937 1010.2330450994954
112.37158279617059 879.5226045266861
112.4355187772618 512.7819124739078
112.499454758353 168.64279790268574
112.5633907394442 47.11294568476785
112.62732672053544 158.9155784757594
112.69126270162664 360.8293645234194
112.75519868271786 488.07147360265054
112.81913466380907 465.30439186329784
112.88307064490029 326.78399557521294
112.9470066259915 161.09775097658843
113.01094260708273 43.77906858773
113.07487858817392 2.58172100573899
113.13881456926512 18.205915339578954
113.20275055035636 47.05471582199592
113.26668653144756 55.39727987157077
113.33062251253878 48.26470698849063
113.39455849362999 69.9277320347702
113.4584944747212 169.76655816274052
113.52243045581243 358.32518075421854
113.58636643690365 589.9542320273597
113.65030241799484 787.4592383408003
113.71423839908604 885.2438227550055
113.77817438017728 854.6549959429404
113.84211036126848 708.440089565644
113.9060463423597 496.6191810437384
113.9699823234509 286.1281249531916
114.03391830454213 129.50769460620202
114.09785428563335 47.51737652202673
114.16179026672457 28.84584474960555
114.22572624781576 40.3135828712726
114.28966222890696 49.579547136218125
114.3535982099982 48.10273596273239
114.4175341910894 53.860728808385694
114.48147017218062 91.8982307881132
114.54540615327183 164.85202292352974
114.60934213436305 235.44111313058113
114.67327811545424 246.37641656473107
114.73721409654549 171.1180561007191
114.80115007763668 53.84667837156128
114.86508605872788 1.085296640791434
114.92902203981912 110.81281834556914
114.99295802091032 376.3141464528616
115.05689400200154 659.2730884600618
115.12082998309273 780.8685702979981
115.18476596418397 660.4269743783298
115.24870194527516 384.74619211451113
115.3126379263664 140.06361502438597
115.3765739074576 55.4202359413843
115.4405098885488 105.18956180389156
115.50444586964004 160.21010101889053
115.56838185073124 127.44506382936258
115.63231783182246 39.56765171960156
115.69625381291365 7.015903354172279
115.76018979400487 93.79827824711664
115.82412577509608 249.50846917583488
115.88806175618733 354.6301321267746
115.95199773727852 331.6872434810314
116.01593371836972 207.94455412318948
116.07986969946096 74.53702225874305
116.14380568055216 12.1127172710472
116.20774166164338 46.57890488705053
116.27167764273457 145.48036766953823
116.3356136238258 249.63384955259644
116.399549604917 305.2141830505591
116.46348558600825 284.20808617575085
116.52742156709944 205.3400962927869
116.59135754819064 129.45860976559769
116.65529352928188 112.51542617902037
116.71922951037308 152.15374791922247
116.7831654914643 184.0328837169408
116.8471014725555 147.74253941588245
116.91103745364671 62.77776958262275
116.97497343473792 25.814058578227463
117.03890941582917 115.07320004810848
117.10284539692036 294.80147074660925
117.16678137801156 429.95532395881537
117.2307173591028 407.33514621731064
117.294653340194 244.35409541163875
117.35858932128522 79.45981358760255
117.42252530237641 49.1802724614157
117.48646128346763 162.48970044158187
117.55039726455884 295.3959368769427
117.61433324565007 314.62281472861446
117.67826922674128 201.87875564041553
117.74220520783248 59.66720726909129
117.80614118892372 9.019784703800932
117.87007717001492 79.59466493778545
117.93401315110614 194.24411054245965
117.99794913219733 256.8389380056884
118.06188511328855 238.7658858201023
118.12582109437976 185.9955064182074
118.189757075471 167.8552112252775
118.2536930565622 216.34921201039407
118.3176290376534 299.6760942427694
118.38156501874464 357.23351991851666
118.44550099983584 356.49338146850863
118.50943698092706 308.69339881975753
118.57337296201825 244.50087249410592
118.63730894310947 189.63210890670487
118.70124492420068 158.8621196712193
118.76518090529191 160.44683806347393
118.82911688638312 194.44415321222743
118.89305286747432 242.07723291497953
118.95698884856556 264.9716823256586
119.02092482965676 229.67534013109048
119.08486081074798 143.5236343460042
119.14879679183917 63.83663408128788
119.2127327729304 63.29544569681364
119.2766687540216 180.05076740404658
119.34060473511283 388.0434711197048
119.40454071620404 609.1701994018633
119.46847669729524 764.3005037418072
119.53241267838648 812.3930536358401
119.59634865947768 746.6049845175568
119.6602846405689 585.4830409251941
119.7242206216601 377.149612950209
119.78815660275131 188.92065761626813
119.85209258384252 78.125499414499
119.91602856493375 60.15297408242112
119.97996454602496 96.88014142060455
120.04390052711616 130.1909911039964
120.10783650820738 140.50970657904483
120.1717724892986 170.27988761031355
120.23570847038982 278.6269810284055
120.29964445148102 465.00242874871856
120.36358043257223 644.3969022869802
120.42751641366344 708.7738159647638
120.49145239475467 619.5438213305358
120.55538837584588 441.4853352773397
120.61932435693708 279.7873341766396
120.6832603380283 185.07395699042368
120.74719631911952 128.59365359925775
120.81113230021074 68.54750385147527
120.87506828130194 28.656349288572596
120.93900426239315 97.12924235167299
121.00294024348436 342.6000157601784
121.0668762245756 725.4241982589888
121.1308122056668 1090.47710987046
121.194748186758 1273.5359653575358
121.25868416784922 1221.9412041203268
121.32262014894044 1003.9359535736035
121.38655613003166 740.7809027907841
121.45049211112286 539.7913858625943
121.51442809221408 441.3262361645113
121.57836407330528 414.95039341376634
121.64230005439651 410.9899214829024
121.70623603548772 398.9960180545564
121.77017201657893 367.2070111717293
121.83410799767015 313.23700433002915
121.89804397876136 240.16924815197888
121.96197995985258 155.85547537534475
122.02591594094378 74.7593896390539
122.089851922035 19.05492717443297
122.1537879031262 10.27311502901559
122.21772388421743 49.05338661544793
122.28165986530864 102.7530670171063
122.34559584639985 123.78422160879684
122.40953182749107 89.32521683390081
122.47346780858228 28.451609597988575
122.53740378967348 2.7522644811577135
122.60133977076472 45.03614852837967
122.66527575185592 120.03172901216276
122.72921173294712 154.27018198937333
122.79314771403835 109.69355359666892
122.85708369512956 30.07816544783232
122.92101967622078 2.0292631184745846
122.98495565731199 65.2822457337059
123.0488916384032 168.1479750942573
123.1128276194944 215.09525499436637
123.17676360058564 165.35389358590993
123.24069958167684 78.67911756697649
123.30463556276804 55.67085649041896
123.36857154385928 135.54907485145824
123.43250752495048 254.9382914806332
123.4964435060417 314.54978351050613
123.5603794871329 279.5332024566583
123.62431546822413 214.58807156158272
123.68825144931532 232.7227976997293
123.75218743040656 384.7356793862801
123.81612341149776 596.2623899165974
123.88005939258896 733.5765355520832
123.9439953736802 710.2228092440481
124.0079313547714 542.1010701536693
124.07186733586262 334.2306222864733
124.13580331695383 199.08042132889267
124.19973929804505 172.26669774215642
124.26367527913624 202.40841229523687
124.32761126022748 211.9310872515906
124.39154724131868 169.0924946431682
124.45548322240988 105.27742949641116
124.51941920350112 67.45492743090675
124.58335518459232 62.84979435798344
124.64729116568354 57.30177068161172
124.71122714677475 26.91638069106895
124.77516312786597 0.22688982271215655
124.83909910895716 37.25381906402726
124.9030350900484 158.2481760314095
124.9669710711396 299.10415141294465
125.0309070522308 353.3019335704402
125.09484303332204 268.249156332863
125.15877901441324 106.25696959641368
125.22271499550446 3.166606176761566
125.28665097659567 56.28310302694607
125.35058695768689 250.0888079219984
125.41452293877808 477.956255963125
125.47845891986933 627.8510444114022
125.54239490096052 656.5065239590733
125.60633088205172 592.8126960429661
125.67026686314296 489.7779791369876
125.73420284423416 386.33838466862096
125.79813882532538 299.95379562519446
125.86207480641659 233.72143242781527
125.9260107875078 182.44185233939552
125.989946768599 136.75995702029184
126.05388274969025 91.8821223396386
126.11781873078144 56.063656003872545
126.18175471187264 43.91436222487122
126.24569069296388 58.090045305578286
126.30962667405508 82.43560361472797
126.3735626551463 97.12320030067832
126.4374986362375 100.05052237307282
126.50143461732873 106.94705954514222
126.56537059841992 126.92939204715594
126.62930657951117 146.50016403088125
126.69324256060236 146.3534309508435
126.75717854169356 131.42621711435416
126.8211145227848 134.0479350358776
126.885050503876 180.6016349991575
126.94898648496722 254.25990475815956
127.01292246605843 295.55254604505564
127.07685844714965 254.64634991202345
127.14079442824084 146.65467160803223
127.20473040933209 41.774136586477695
127.26866639042328 3.187300258657245
127.33260237151448 41.78020260191175
127.3965383526057 120.001867117054
127.46047433369692 190.96002186794357
127.52441031478814 233.61405119425524
127.58834629587933 248.3684707462092
127.65228227697057 230.83750874012728
127.71621825806176 172.24897786577503
127.780154239153 90.02960316317832
127.8440902202442 48.710539534492064
127.9080262013354 134.4050030200277
127.97196218242662 386.2917493563396
128.03589816351783 747.5430742266791
128.09983414460908 1085.333940780292
128.16377012570027 1258.6152328020976
128.2277061067915 1195.6076300096715
128.2916420878827 939.41011086254
128.35557806897387 615.847439152511
128.41951405006512 347.58278744527627
128.4834500311563 194.955879667614
128.54738601224756 155.30662730211773
128.61132199333875 193.357447880938
128.67525797442997 266.9240412469845
128.7391939555212 332.4556126945464
128.8031299366124 347.1776786446853
128.86706591770363 288.4012084113796
128.9310018987948 175.64391631391328
128.99493787988604 66.35472237134108
129.05887386097723 19.71762321609489
129.12280984206848 53.65214490985552
129.18674582315967 133.9143377058973
129.2506818042509 209.27881849805692
129.3146177853421 256.69162672658126
129.37855376643333 287.10705082203214
129.44248974752455 312.21864917371505
129.5064257286157 319.80185207028956
129.57036170970696 288.6841585434816
129.63429769079815 223.7761424149276
129.6982336718894 164.74163805924735
129.7621696529806 151.67747616530153
129.8261056340718 183.1947689722536
129.89004161516303 209.73367806350603
129.95397759625425 178.77200749341955
130.01791357734547 94.88169134908608
130.08184955843663 19.328422963575967
130.14578553952788 7.858751645417966
130.20972152061907 61.86349922411294
130.27365750171032 131.64045331435923
130.3375934828015 161.25843949167924
130.40152946389273 136.59296232399066
130.46546544498395 90.9832477727182
130.52940142607517 73.42709653753509
130.5933374071664 114.60876154349074
130.65727338825755 206.5210834309788
130.7212093693488 305.82217955774007
130.78514535044 361.59018780095994
130.84908133153124 344.4168044342701
130.91301731262243 259.89276680280625
130.97695329371365 147.54701543874813
131.04088927480487 63.59731977775769
131.1048252558961 44.5858815048119
131.1687612369873 80.49024719496566
131.23269721807847 131.2024323342632
131.29663319916972 159.83271198129952
131.3605691802609 151.0137459477905
131.42450516135216 120.51512072779204
131.48844114244335 103.99953151088336
131.55237712353457 129.10786886984087
131.6163131046258 198.9448535028972
131.680249085717 277.59721955138485
131.74418506680823 299.9329596276983
131.8081210478994 233.37899765014504
131.87205702899064 124.71795556421019
131.93599301008183 74.6192486411383
131.99992899117308 155.24918876123135
132.06386497226427 329.08678785792017
132.1278009533555 460.5777900144016
132.1917369344467 435.27061525633695
132.25567291553793 284.09601131698184
132.31960889662915 192.8947847739119
132.3835448777203 352.8209746940623
132.44748085881156 773.3401840481102
132.51141683990275 1251.01004300186
132.575352820994 1519.3176094866994
132.6392888020852 1432.0158332926117
132.7032247831764 1046.864246635008
132.76716076426763 571.1336058249569
132.83109674535885 211.39190886267875
132.89503272645007 46.88166331035912
132.95896870754123 31.648385650330994
133.02290468863248 79.00545478566791
133.08684066972367 126.2520171655778
133.15077665081492 152.4948740614309
133.2147126319061 162.62580347208436
133.27864861299733 166.33652635029924
133.34258459408855 170.8026268621873
133.40652057517977 172.7616297693254
133.470456556271 156.42100513675803
133.53439253736218 110.3979920087652
133.5983285184534 46.2565313147449
133.6622644995446 2.462798954849656
133.72620048063584 25.007517490340287
133.79013646172703 130.32914907608253
133.85407244281825 285.020538554521
133.91800842390947 422.7217103469297
133.9819444050007 481.53321309435086
134.04588038609188 438.054726745006
134.1098163671831 319.58615679807804
134.17375234827432 185.00527573056516
134.2376883293655 92.54802160669728
134.30162431045676 80.51308562382128
134.36556029154795 158.12953812953967
134.42949627263917 298.9392151919143
134.4934322537304 448.7232473418874
134.5573682348216 548.3362508132774
134.6213042159128 555.4598868582676
134.68524019700402 462.3789289959696
134.74917617809524 305.41477018547926
134.81311215918643 147.84057686272166
134.87704814027768 41.79335632517987
134.94098412136887 1.916394735566932
135.0049201024601 6.419178981810064
135.0688560835513 19.4993422206738
135.13279206464253 21.54164053378108
135.19672804573372 22.36859686953639
135.26066402682494 43.53642999727361
135.32460000791616 91.20933380083488
135.38853598900738 147.56365563364636
135.4524719700986 185.7364514680937
135.5164079511898 194.78989444574637
135.580343932281 188.2383118177817
135.64427991337223 184.9114848077427
135.70821589446345 186.979480224376
135.77215187555464 179.8299883160727
135.83608785664586 151.26713357097012
135.90002383773708 108.53847689774172
135.9639598188283 72.09083271868714
136.02789579991952 55.10809648852702
136.0918317810107 57.022153123435885
136.15576776210193 76.1233293294219
136.21970374319315 118.33754885190464
136.28363972428437 182.3404685447008
136.34757570537556 237.3207350757363
136.41151168646678 232.16385669900777
136.475447667558 145.38379881438243
136.53938364864922 32.75596447279064
136.60331962974044 10.61363196737886
136.66725561083163 166.1045149303449
136.73119159192285 464.51718491056823
136.79512757301407 744.2534505665129
136.8590635541053 829.5545190776046
136.92299953519648 674.1857386308527
136.9869355162877 400.9575960794882
137.05087149737892 201.29638136466463
137.11480747847014 179.65487229392312
137.17874345956136 276.91811194674625
137.24267944065255 347.2358171245579
137.30661542174377 303.3382212133659
137.370551402835 184.3577888670357
137.4344873839262 98.14269630171178
137.4984233650174 101.33707832951833
137.56235934610862 142.103999296211
137.62629532719984 130.93597453956605
137.69023130829106 57.32785714229778
137.75416728938228 24.0066463974396
137.81810327047347 151.75397966493352
137.8820392515647 438.8188463140685
137.9459752326559 726.2322348466805
138.00991121374713 814.5351190931565
138.07384719483832 630.1805484035633
138.13778317592954 298.6068491631516
138.20171915702076 46.88631240589044
138.26565513811198 15.342707672136424
138.3295911192032 152.502518973015
138.3935271002944 281.659975085776
138.4574630813856 269.09384319252035
138.52139906247683 135.13331573161972
138.58533504356805 15.74781173123736
138.64927102465924 29.076052807784652
138.71320700575046 169.59071905759447
138.77714298684168 322.48258133529447
138.8410789679329 376.33939139697
138.9050149490241 311.186597003528
138.9689509301153 191.9374604598988
139.03288691120653 99.69148348259209
139.09682289229775 69.4053253848071
139.16075887338897 83.9533219017489
139.22469485448016 112.41834492727176
139.28863083557138 142.3964698023346
139.3525668166626 176.97609959049663
139.41650279775382 215.15781005646895
139.480438778845 251.7899658003452
139.54437475993623 283.38388797720734
139.60831074102745 303.7143623064781
139.67224672211867 304.9341054556242
139.7361827032099 273.5670985561732
139.80011868430108 196.6087245186032
139.8640546653923 97.31715862002925
139.92799064648352 40.66745147803093
139.99192662757474 87.62209612948297
140.05586260866593 245.48733525656408
140.11979858975715 445.6974530902143
140.18373457084837 582.5340055053857
140.2476705519396 590.0458086882551
140.3116065330308 476.9389902728802
140.375542514122 306.84943607287454
140.43947849521322 153.84309101546583
140.50341447630444 58.311611917724406
140.56735045739566 16.9731739033893
140.63128643848685 7.538274183646637
140.69522241957807 14.95308030471224
140.7591584006693 39.21731255369157
140.8230943817605 86.92280723475106
140.88703036285173 157.35456141515058
140.95096634394292 233.934957801452
141.01490232503414 288.1634518053596
141.07883830612536 292.70639873516734
141.14277428721658 238.1661998435817
141.20671026830777 146.12982449753673
141.270646249399 58.69877235010824
141.3345822304902 8.944977243424265
141.39851821158143 1.1284429183453268
141.46245419267265 15.698936325894833
141.52639017376384 37.47814025536683
141.59032615485506 78.4490984689291
141.65426213594628 166.35246142352148
141.7181981170375 316.43931462628774
141.7821340981287 506.14879276644234
141.8460700792199 664.718070141874
141.91000606031113 711.7522148203104
141.97394204140235 618.6559322253833
142.03787802249357 423.9113507056832
142.10181400358476 208.63787174578368
142.16574998467598 60.9767560080686
142.2296859657672 31.796334049992385
142.29362194685842 108.6633349123337
142.3575579279496 231.7281084503388
142.42149390904083 328.1411309113771
142.48542989013205 350.0228384931117
142.54936587122327 308.92060540457896
142.6133018523145 268.97193792678866
142.67723783340568 288.65884973841577
142.7411738144969 369.11460028742056
142.80510979558812 454.3674679204245
142.86904577667934 471.2880850876497
142.93298175777053 385.28945493886647
142.99691773886175 235.90399214343708
143.06085371995297 106.01103348280652
143.1247897010442 47.28630963642627
143.1887256821354 43.03276104738266
143.2526616632266 40.98282401044473
143.31659764431782 16.405341789346195
143.38053362540904 0.5970031216856777
143.44446960650026 43.685726770576416
143.50840558759143 149.78245015681023
143.57234156868267 255.78928325138833
143.6362775497739 285.76785729957135
143.7002135308651 228.6135463551915
143.7641495119563 152.6812403456341
143.82808549304752 139.02153193567088
143.89202147413874 198.8411332905126
143.95595745522996 259.53945336608086
144.01989343632118 239.54256832400455
144.08382941741235 135.68646977854408
144.1477653985036 32.676385672785315
144.2117013795948 20.996846256591567
144.27563736068603 100.86790858750292
144.33957334177722 178.64382691480313
144.40350932286844 165.08339788073792
144.46744530395966 73.17699583437667
144.53138128505088 21.25474845905469
144.5953172661421 127.15942680452783
144.65925324723327 385.3964985948487
144.72318922832451 657.2026358506589
144.78712520941573 780.5423013830493
144.85106119050695 691.6636714626646
144.91499717159815 464.4106888612434
144.97893315268936 241.01228899147543
145.04286913378058 117.38937860777546
145.1068051148718 90.05362648927827
145.17074109596302 100.12442686010623
145.2346770770542 110.43992802001635
145.29861305814543 134.63353630173927
145.36254903923663 201.13802981417228
145.42648502032787 299.2662403323168
145.49042100141907 368.80459820339615
145.55435698251028 353.5572281239316
145.6182929636015 260.20651450924373
145.68222894469272 152.57086989390072
145.74616492578394 93.34419940178913
145.8101009068751 92.85696586645011
145.87403688796635 108.4592511309471
145.93797286905755 94.90588341954457
146.0019088501488 52.76667862475216
146.06584483123999 26.18745305423539
146.1297808123312 58.23594409206606
146.19371679342242 148.76980682713844
146.25765277451364 255.25611594776328
146.32158875560486 328.5751799230825
146.38552473669603 339.6539080417768
146.44946071778728 283.9939827613414
146.51339669887847 180.11518289959423
146.57733267996971 68.35465708076437
146.6412686610609 6.53980897511218
146.70520464215213 46.9872161969395
146.76914062324335 191.18821188142087
146.83307660433456 363.5991643962941
146.89701258542578 448.5577678259186
146.96094856651695 380.1598375558928
147.0248845476082 211.75850850623087
147.0888205286994 86.97318272661165
147.15275650979063 127.7532048730971
147.21669249088183 333.97866478004903
147.28062847197305 574.7235880070747
147.34456445306427 687.6212156083709
147.40850043415548 604.5642818651146
147.4724364152467 388.59996576282623
147.53637239633787 167.30569120772643
147.60030837742912 35.12734946952165
147.6642443585203 0.43187194393180106
147.72818033961155 11.308322941526912
147.79211632070275 22.11955139761683
147.85605230179397 32.22806556804843
147.91998828288519 70.32758932078535
147.9839242639764 150.53311638439757
148.04786024506762 248.9773170217608
148.1117962261588 320.8302064310702
148.17573220725004 333.0706617948527
148.23966818834123 285.29762374701374
148.30360416943248 208.07850716390868
148.36754015052367 141.20669479904535
148.4314761316149 109.00976409982125
148.4954121127061 112.28809998108916
148.55934809379733 138.25975627330047
148.62328407488855 173.7648370482998
148.6872200559797 210.51862526223044
148.75115603707096 242.3153456213485
148.81509201816215 259.2976507575141
148.8790279992534 247.47250704563336
148.9429639803446 198.45405680798936
149.0068999614358 121.0184020467033
149.07083594252703 42.704122642081614
149.13477192361825 1.44643850021109
149.19870790470944 29.08297350455904
149.26264388580063 127.6154745490765
149.32657986689188 255.96328949019008
149.39051584798307 347.652368393403
149.45445182907432 350.0853094281909
149.5183878101655 260.0405562469531
149.58232379125673 131.3412028856548
149.64625977234795 36.70857933085754
149.71019575343917 8.42111796153295
149.77413173453036 17.87289347094509
149.83806771562155 16.5678049914101
149.9020036967128 1.032948818124722
149.965939677804 36.10552831602556
150.02987565889524 198.30062503106663
150.09381163998643 481.083780332562
150.15774762107765 755.6536068560669
150.22168360216887 847.9629798697024
150.2856195832601 684.1111532822873
150.34955556435128 363.79655938698954
150.41349154544247 90.01614742570041
150.47742752653372 20.350665795150608
150.5413635076249 150.4936276983995
150.60529948871616 326.9202751773341
150.66923546980735 389.0877643235455
150.73317145089857 301.34068844577433
150.7971074319898 155.86675130247025
150.861043413081 70.4036402989464
150.9249793941722 85.21415262660997
150.9889153752634 145.81583828509412
151.05285135635464 174.191990370421
151.11678733744583 148.69626688551304
151.18072331853708 108.61875221033452
151.24465929962827 91.14923057034493
151.3085952807195 90.60029321216723
151.3725312618107 78.64805100947996
151.43646724290193 47.37699308410264
151.50040322399312 29.660909101064497
151.5643392050843 64.14772511456476
151.62827518617556 139.90419611439887
151.69221116726675 199.4875292893936
151.756147148358 195.54094231315756
151.8200831294492 138.1981994215858
151.8840191105404 91.53348023189865
151.94795509163163 114.59210599876953
152.01189107272285 203.2917322968876
152.07582705381404 294.7815366846731
152.13976303490523 327.29663092770653
152.20369901599648 294.47448502003334
152.26763499708767 236.28806601063073
152.33157097817892 188.35154705071344
152.3955069592701 156.44943280342198
152.45944294036133 125.002781853842
152.52337892145255 80.16615031745758
152.58731490254377 32.08701724534033
152.65125088363496 5.060036748568401
152.71518686472615 5.475045854590621
152.7791228458174 15.238853447553652
152.8430588269086 14.922303732488396
152.90699480799984 5.692059997756993
152.97093078909103 6.963550363986624
153.03486677018225 30.30600420663441
153.09880275127347 60.910109432251694
153.1627387323647 70.27737442603771
153.22667471345588 45.719770694233645
153.29061069454707 10.727347839082288
153.35454667563832 16.200451772619594
153.4184826567295 103.28966497979488
153.48241863782076 271.9692943027886
153.54635461891195 478.3026408303296
153.61029060000317 653.3926453211984
153.6742265810944 734.3948862038505
153.7381625621856 690.6682397199861
153.8020985432768 535.5147773581774
153.866034524368 331.208525341948
153.92997050545924 171.8608431569589
153.99390648655043 132.00238952778125
154.05784246764165 218.85729933916076
154.12177844873287 364.83552281659223
154.1857144298241 466.03290668348
154.2496504109153 454.1003297022133
154.31358639200653 349.13965335957954
154.37752237309772 234.62449722954287
154.4414583541889 178.0553204751595
154.50539433528016 178.92628009502823
154.56933031637135 180.36136230444123
154.63326629746257 129.75913767264046
154.6972022785538 43.53441426002379
154.761138259645 2.9635709868136555
154.82507424073623 73.41810026641103
154.88901022182745 234.23807584760857
154.95294620291864 384.95592764516346
155.01688218400983 422.9656587426789
155.08081816510108 330.8550543062013
155.14475414619227 187.23998185358343
155.2086901272835 94.0908659831453
155.2726261083747 98.42964823476008
155.33656208946593 166.8175716452965
155.40049807055715 223.66524276351856
155.46443405164837 218.84795421697257
155.52837003273956 159.35350371676145
155.59230601383075 85.90092175068845
155.656241994922 33.639851309594015
155.7201779760132 10.904391476270652
155.7841139571044 4.938374613859321
155.84804993819563 2.6962776368366224
155.91198591928685 3.1452012327134606
155.97592190037807 12.400049795932707
156.0398578814693 32.06587208216804
156.10379386256048 53.12058483072381
156.16772984365167 60.69496688531589
156.23166582474292 46.808145901887634
156.2956018058341 20.287748909724677
156.35953778692533 1.8616182271702009
156.42347376801655 7.158128670854634
156.48740974910777 32.41645667988753
156.551345730199 55.266213028233395
156.6152817112902 55.22981284369024
156.6792176923814 38.29773729568593
156.7431536734726 38.78222206801772
156.80708965456384 92.69394812404072
156.87102563565503 202.6437597768843
156.93496161674625 325.5025160263041
156.99889759783747 398.6187271215552
157.0628335789287 387.1326869114527
157.1267695600199 315.8429010056544
157.19070554111113 254.27991502109072
157.25464152220232 264.6344274297692
157.3185775032935 356.1962996232435
157.38251348438476 475.2153700394754
157.44644946547595 540.4242509479569
157.51038544656717 503.50935076732776
157.5743214276584 379.70456879184815
157.6382574087496 227.96821117625308
157.70219338984083 108.47373779623476
157.76612937093205 48.10778318177295
157.83006535202324 36.32572813756386
157.89400133311443 49.9499070034364
157.95793731420568 78.35811202493117
158.02187329529687 126.30275547293029
158.0858092763881 196.6447094952028
158.1497452574793 274.49598562912865
158.21368123857053 330.533609882992
158.27761721966175 340.30638851638975
158.34155320075297 301.45855864087633
158.40548918184416 233.2026650183703
158.46942516293538 161.0328413211661
158.5333611440266 103.0101123046589
158.5972971251178 65.78052472101805
158.661233106209 47.01892089443625
158.72516908730023 40.272579851701416
158.78910506839145 40.24214406407564
158.85304104948267 45.76148276256529
158.91697703057386 57.299320915972245
158.98091301166508 71.3312096853647
159.0448489927563 79.79114919604979
159.10878497384752 77.32410375258476
159.1727209549387 69.8129549074082
159.23665693602993 75.15622760124651
159.30059291712115 110.5452002267914
159.36452889821237 173.755016788419
159.4284648793036 237.28700941104657
159.49240086039478 265.40652159403663
159.556336841486 243.13916931729148
159.62027282257722 189.05683439567576
159.68420880366844 136.39278074819168
159.74814478475963 105.05598977307643
159.81208076585085 92.53357978002653
159.87601674694207 84.0682789632884
159.9399527280333 68.79427656274899
160.0038887091245 48.80815558990796
160.0678246902157 36.08756375925324
160.13176067130692 44.86586515177085
160.19569665239814 85.2024152416775
160.25963263348936 154.82145043353407
160.32356861458058 230.17433246656864
160.38750459567177 268.8674734029054
160.451440576763 235.6446498255416
160.5153765578542 138.1006060585928
160.57931253894543 35.396616815141634
160.64324852003662 2.7419179504173745
160.70718450112784 71.13942759777082
160.77112048221906 192.07690775496448
160.83505646331028 272.19555910845173
160.8989924444015 250.16875077999447
160.9629284254927 145.8549553290606
161.0268644065839 48.90938192606608
161.09080038767513 47.9543045629536
161.15473636876635 155.52061496405008
161.21867234985754 305.27223422007927
161.28260833094876 407.0295351616132
161.34654431203998 404.0704874068415
161.4104802931312 307.354442187049
161.47441627422242 178.73296017653618
161.5383522553136 76.56359719869447
161.60228823640483 22.18262910026522
161.66622421749605 4.303297069241323
161.73016019858727 2.7622459187790214
161.79409617967846 9.929153987802012
161.85803216076968 31.648102298876136
161.9219681418609 71.55255349946138
161.98590412295212 117.59972910474168
162.04984010404334 146.88735251130893
162.11377608513453 145.4110904907056
162.17771206622575 119.61541810709932
162.24164804731697 88.46482796208545
162.3055840284082 66.75396449588388
162.36952000949938 55.45090112587381
162.4334559905906 46.38421154386665
162.49739197168182 33.9168222641621
162.56132795277304 20.29993404641408
162.62526393386426 10.585081300309897
162.68919991495545 5.834375145133921
162.75313589604667 3.4591493248979153
162.8170718771379 1.6154149966387739
162.8810078582291 0.469164880374252
162.9449438393203 0.15364111362020275
163.00887982041152 0.3365193857153028
163.07281580150274 2.770072143149197
163.13675178259396 11.176933744346043
163.20068776368518 25.097943269679085
163.26462374477637 35.19421223264503
163.3285597258676 30.732002152338964
163.3924957069588 16.114028676117705
163.45643168805003 16.94935815472735
163.52036766914122 62.95547564011838
163.58430365023244 158.7820585159376
163.64823963132366 269.1934239632104
163.71217561241488 338.6094973549522
163.7761115935061 330.8228481615442
163.8400475745973 251.7365406353425
163.9039835556885 143.92914467093348
163.96791953677973 66.02056644802059
164.03185551787095 66.0958150787112
164.09579149896214 156.05600029809932
164.15972748005336 295.20924517344014
164.22366346114458 401.67352514471554
164.2875994422358 404.3080853319016
164.351535423327 299.93592822984
164.4154714044182 160.75408502368992
164.47940738550943 77.12196600876267
164.54334336660065 79.44810767836478
164.60727934769187 115.96550330110036
164.67121532878306 117.61449208299825
164.73515130987428 86.64816258934174
164.7990872909655 105.99441594036549
164.86302327205672 244.61691692596847
164.9269592531479 463.2259627395285
164.99089523423913 627.6431095425089
165.05483121533035 619.4147595289442
165.11876719642157 445.07528400677614
165.1827031775128 229.41301946864553
165.24663915860398 94.5490341526224
165.3105751396952 65.53228510066627
165.37451112078642 90.68590848967744
165.43844710187764 125.32280898516392
165.50238308296883 177.9636392365838
165.56631906406005 265.7922749024221
165.63025504515127 350.4648870259268
165.6941910262425 357.8177872186779
165.7581270073337 257.0394329256255
165.8220629884249 106.45434023108606
165.88599896951612 9.703623667769104
165.94993495060734 13.434533154945372
166.01387093169856 65.59772947850601
166.07780691278975 84.05671241615734
166.14174289388097 46.47870248995754
166.2056788749722 4.389901398732847
166.2696148560634 12.101287867528937
166.33355083715463 57.56467669135292
166.39748681824582 80.97830834354909
166.46142279933704 51.6116465489888
166.52535878042826 8.129896732763248
166.58929476151948 15.862255083160695
166.65323074261067 90.01668972104902
166.7171667237019 175.9899586888216
166.7811027047931 205.13981878580952
166.84503868588433 160.24758471542296
166.90897466697555 84.02551072099155
166.97291064806674 27.7375732235323
167.03684662915796 5.384682773259668
167.10078261024918 2.0728392504379136
167.1647185913404 9.723370162349699
167.2286545724316 39.66996844832099
167.2925905535228 99.05328675024295
167.35652653461403 166.2486316908795
167.42046251570525 202.254953177882
167.48439849679647 185.6982307541458
167.54833447788766 131.52759518273803
167.61227045897888 74.79490291657285
167.6762064400701 38.55139135207054
167.74014242116132 21.15220610381072
167.80407840225251 12.49038925301564
167.86801438334373 14.097021813859351
167.93195036443495 38.822914891004864
167.99588634552617 93.48079463911043
168.0598223266174 165.31377587504124
168.12375830770858 225.60570785783153
168.1876942887998 246.3046308796416
168.25163026989102 215.10248593273195
168.31556625098224 140.4258325763741
168.37950223207343 52.28792469424884
168.44343821316463 1.2002050184507278
168.50737419425587 41.78929137905784
168.5713101753471 196.3468924352198
168.6352461564383 423.04616405636784
168.6991821375295 623.7379788807876
168.76311811862072 696.4346215883377
168.82705409971194 600.7603863225663
168.89099008080316 397.54322723317375
168.95492606189435 221.52835778242533
169.01886204298555 177.94772161903893
169.0827980240768 257.18722132036424
169.146734005168 356.32243796905163
169.2106699862592 365.85643355340136
169.27460596735042 255.63886357525257
169.33854194844164 111.22983662989245
169.40247792953286 63.65511418120845
169.46641391062408 170.32114174344542
169.53034989171528 372.59731200265446
169.59428587280647 546.9734983801667
169.65822185389771 595.8439154938337
169.72215783498893 513.4468817396712
169.78609381608013 370.21399153936767
169.85002979717135 243.39329922728624
169.91396577826256 171.74446758731935
169.97790175935378 159.43967227202896
170.041837740445 199.53989856852695
170.1057737215362 281.8825683622004
170.1697097026274 380.1001607409221
170.23364568371863 445.67287592228814
170.29758166480983 433.9780217815333
170.36151764590105 342.9554060530481
170.42545362699227 218.15777299071416
170.48938960808348 117.63429488252108
170.5533255891747 72.78138581207494
170.61726157026592 73.77284765510393
170.68119755135712 86.49960808991267
170.7451335324483 84.73986357173565
170.80906951353955 66.46994685805073
170.87300549463075 44.53218740515484
170.93694147572197 30.260564111158082
171.00087745681319 27.143378733410497
171.0648134379044 34.105142747598684
171.12874941899562 49.25853070335969
171.19268540008684 69.62485649453612
171.25662138117804 90.0445084654535
171.32055736226923 104.84195254691657
171.38449334336048 110.79021182927616
171.44842932445167 108.17584567799103
171.5123653055429 99.4520130976132
171.5763012866341 87.77949421576174
171.64023726772533 76.71433186438281
171.70417324881655 68.58858596067537
171.76810922990776 60.8942760847514
171.83204521099896 46.42405945118413
171.89598119209015 22.28505691928586
171.9599171731814 1.5504388685618888
172.0238531542726 12.17607272386646
172.0877891353638 77.8177206563347
172.15172511645503 195.38894368277363
172.21566109754625 328.5982782828267
172.27959707863747 424.8096096298244
172.34353305972868 447.1529207173015
172.40746904081988 399.2660984582148
172.47140502191107 322.06539017856613
172.53534100300232 268.49497283248365
172.5992769840935 277.0460776084219
172.66321296518473 353.511755880435
172.72714894627595 463.8115609128411
172.79108492736717 543.3833775938715
172.85502090845839 527.847218629531
172.9189568895496 397.742956659764
172.9828928706408 204.94403840402984
173.046828851732 48.1503940310933
173.11076483282324 8.75239873525946
173.17470081391443 93.75878109613934
173.23863679500565 229.794529766972
173.30257277609687 316.49138938383436
173.3665087571881 297.1118286132031
173.4304447382793 192.01880414952777
173.49438071937053 73.99384993468927
173.55831670046172 7.905233393283487
173.6222526815529 7.629960631832931
173.68618866264416 42.27210287414064
173.75012464373535 71.05067658340504
173.81406062482657 71.94811399734589
173.8779966059178 48.18811547381189
173.941932587009 17.479211326227762
174.00586856810023 0.2987943736475611
174.0698045491914 13.402491596958852
174.13374053028264 63.3401520241254
174.19767651137383 138.11229073318876
174.26161249246508 204.555501609351
174.32554847355627 225.45111430154125
174.3894844546475 188.77689094978453
174.4534204357387 117.19541738698284
174.51735641682993 49.40452675212627
174.58129239792115 12.903974670890502
174.6452283790123 8.338637668379647
174.70916436010356 17.725866952425644
174.77310034119475 26.749655900763138
174.837036322286 35.55306829936393
174.9009723033772 49.92620890730856
174.9649082844684 68.98298065824662
175.02884426555963 88.83763810749316
175.09278024665085 118.59507191004664
175.15671622774207 180.55589875840516
175.22065220883323 283.5442154894118
175.28458818992448 397.6433546147338
175.34852417101567 461.92665298724864
175.41246015210692 425.5112861493725
175.4763961331981 296.15102954713035
175.54033211428933 151.2183921432336
175.60426809538055 80.21915651313036
175.66820407647177 106.91132688101752
175.732140057563 172.71227168364686
175.79607603865415 192.44792860731627
175.8600120197454 134.29859704469902
175.9239480008366 54.03525265019552
175.98788398192784 37.81281652468333
176.05181996301903 109.73631732763216
176.11575594411025 204.22750851244015
176.17969192520147 226.1829908421165
176.2436279062927 144.71446393247933
176.3075638873839 34.77525884575938
176.37149986847507 12.753138707600295
176.43543584956632 120.3528260254602
176.4993718306575 276.49690820504355
176.56330781174876 347.71659458791
176.62724379283995 271.4518050437569
176.69117977393117 119.5356913577301
176.7551157550224 38.1293183892094
176.8190517361136 115.92242511381076
176.88298771720483 307.1914963338804
176.946923698296 476.51074458062726
177.01085967938724 514.458882238256
177.07479566047843 417.42712045107146
177.13873164156968 265.66847258940896
177.20266762266087 140.84321615993943
177.2666036037521 75.24269438376946
177.3305395848433 62.98172538246399
177.39447556593453 90.96735969767757
177.45841154702575 144.19982022571452
177.5223475281169 191.84184056504688
177.58628350920816 193.90787159281467
177.65021949029935 137.12685460827913
177.7141554713906 60.9090400496294
177.7780914524818 29.337381441539232
177.842027433573 64.88383264665303
177.90596341466423 122.386331921946
177.96989939575545 138.80473046148364
178.03383537684667 101.47612108868036
178.09777135793783 58.53397535039025
178.16170733902908 56.35106085703448
178.22564332012027 79.96870033050975
178.28957930121152 79.08871288902975
178.3535152823027 49.26581820726485
178.41745126339393 61.668200566294914
178.48138724448515 185.85733845514875
178.54532322557637 380.7587546195338
178.6092592066676 495.0958725881454
178.67319518775875 405.13405670740127
178.73713116885 164.58632163671282
178.8010671499412 3.699361467317933
178.86500313103244 135.09408080268884
178.92893911212363 549.4075106945044
178.99287509321485 1006.2290673104684
179.05681107430607 1212.010279214433
179.1207470553973 1044.8581274731744
179.1846830364885 644.1941495366503
179.24861901757967 267.82900114276697
179.31255499867092 76.43146027748702
179.3764909797621 56.38810096966108
179.44042696085336 92.78085677739053
179.50436294194455 91.7570318129408
179.56829892303577 46.97013094474381
179.632234904127 8.649239129961936
179.6961708852182 14.83634667340278
179.76010686630943 57.508333773761905
179.8240428474006 99.4913683020182
179.88797882849184 110.43924723889928
179.95191480958303 85.77858216111768
180.01585079067428 43.64778184715848
180.07978677176547 10.275979732696545
180.1437227528567 4.388470866344118
180.2076587339479 32.58832061437827
180.27159471503913 94.70196582714513
180.33553069613035 188.36519948014248
180.39946667722157 306.0354921743989
180.46340265831276 424.7678450504308
180.527338639404 501.9417061605527
180.5912746204952 494.19805711340825
180.6552106015864 390.5105843718684
180.7191465826776 229.3774418736152
180.7830825637688 83.61505231943809
180.84701854486005 18.02785620022805
180.91095452595127 46.5426118262788
180.97489050704243 123.99289231208829
181.03882648813368 181.1549380729416
181.10276246922487 175.05809262219748
181.1666984503161 115.71597598722671
181.23063443140728 51.319789694933846
181.29457041249847 27.95465206527116
181.35850639358972 55.77412115148199
181.42244237468097 103.86406485686533
181.48637835577216 126.72339841760936
181.55031433686335 103.86348668441512
181.61425031795457 56.53039115192557
181.6781862990458 24.21375370584033
181.74212228013704 29.0248306095319
181.80605826122823 61.03220598651934
181.86999424231945 92.28675102689328
181.93393022341064 105.07762270958045
181.9978662045019 100.8796621319706
182.0618021855931 84.66638429500678
182.12573816668433 56.149406915094985
182.18967414777552 20.61847323653025
182.25361012886677 3.7990349313352336
182.31754610995796 40.33023433024551
182.38148209104915 131.12579443742862
182.4454180721404 222.91697303403447
182.5093540532316 247.59983166497491
182.5732900343228 189.73829897908908
182.637226015414 112.67980579145964
182.7011619965052 99.06955598081352
182.76509797759644 160.96283479178797
182.82903395868763 223.88549352267768
182.89296993977888 207.22291561651505
182.95690592087007 118.656509518769
183.0208419019613 54.6765744549758
183.08477788305248 95.63635575882284
183.14871386414367 209.5387282184091
183.21264984523492 274.8017817217858
183.2765858263261 208.6144744873424
183.34052180741736 67.40865758096258
183.40445778850855 7.590735012146026
183.46839376959977 146.56123122393373
183.53232975069096 453.028985284911
183.5962657317822 760.833787424963
183.66020171287343 893.7948070983165
183.72413769396465 784.0952093242813
183.78807367505584 498.67547871419487
183.85200965614703 193.3574978615873
183.91594563723828 35.765561948959125
183.97988161832953 129.23619019086357
184.04381759942072 463.73283422031295
184.1077535805119 902.6456499752579
184.17168956160316 1229.9320506434583
184.23562554269435 1267.130297917675
184.2995615237856 988.6089662612904
184.3634975048768 546.7731118412966
184.427433485968 184.49475684309513
184.4913694670592 87.04063734834975
184.5553054481504 275.4189745527017
184.61924142924164 608.0302969398957
184.68317741033283 874.7943316106865
184.74711339142405 924.6155026440606
184.81104937251527 743.7911138753137
184.8749853536065 439.9604086799515
184.93892133469768 165.46217609704513
185.00285731578887 28.140364904343382
185.0667932968801 39.70786226024968
185.1307292779713 136.3723019899435
185.19466525906256 237.19922442408227
185.25860124015372 290.4217059591389
185.32253722124497 285.23274132102966
185.38647320233616 234.43896572129145
185.4504091834274 164.58722972392314
185.5143451645186 117.16078416185056
185.57828114560985 129.20243906437543
185.64221712670104 196.8460147937848
185.70615310779223 261.7027696007111
185.77008908888348 252.97988038148807
185.83402506997467 158.82200636720455
185.8979610510659 51.236744670935096
185.9618970321571 27.2825044028086
186.02583301324836 115.32499508321798
186.08976899433952 243.0486445502188
186.15370497543077 306.25541845923726
186.217640956522 265.44582430768105
186.2815769376132 169.93805213725227
186.3455129187044 93.26099979758929
186.4094488997956 62.11847310478218
186.4733848808868 56.22595940113337
186.53732086197803 57.8065608969144
186.60125684306925 75.16943585224395
186.66519282416044 112.5054334377572
186.7291288052517 139.80584614911905
186.79306478634288 120.8905421697718
186.85700076743407 72.55515394049155
186.9209367485253 70.23359393855651
186.98487272961648 165.17684911339973
187.04880871070773 301.92296874601607
187.11274469179892 354.3761906463946
187.17668067289017 256.35441269086454
187.24061665398136 85.71654617716197
187.30455263507255 2.1210878996441327
187.3684886161638 86.64093784153064
187.43242459725505 257.89642301337784
187.49636057834624 365.3871033073396
187.56029655943743 354.8241074384968
187.62423254052865 320.3013875785923
187.68816852161987 385.6277091806556
187.7521045027111 551.1165350258486
187.81604048380228 673.5848944143672
187.87997646489353 605.7873092614993
187.94391244598472 362.5581475720069
188.00784842707597 124.79683687094136
188.0717844081672 69.39948257125388
188.13572038925835 217.54217901773896
188.1996563703496 429.1904835891204
188.2635923514408 524.7667226794947
188.327528332532 431.51566208210414
188.3914643136232 226.5523007050848
188.4554002947144 56.11109977204199
188.51933627580564 18.02991195680701
188.5832722568969 96.38192365397192
188.64720823798808 188.72094090871
188.71114421907927 194.57604629342416
188.7750802001705 102.49673401955148
188.83901618126168 8.680598885386788
188.90295216235293 42.28669942137572
188.96688814344407 257.62505101389144
189.03082412453531 568.2768326900755
189.09476010562656 786.7966776725984
189.15869608671775 776.3860911999702
189.22263206780897 561.2692604982672
189.28656804890016 286.6579131957756
189.3505040299914 101.76629025975743
189.41444001108263 61.438352852344416
189.47837599217385 114.37749385196066
189.54231197326504 179.69919105273323
189.60624795435623 221.44981713356768
189.67018393544748 252.53016010149764
189.73411991653873 282.7558449197264
189.7980558976299 288.29889972360525
189.8619918787211 242.76867423912648
189.92592785981236 153.7847713072228
189.98986384090355 61.18229362458101
190.0537998219948 7.45224637967576
190.117735803086 3.6101554928637127
190.1816717841772 25.84157086106312
190.2456077652684 45.44608183960085
190.3095437463596 52.08887038718439
190.3734797274508 52.77444998758061
190.43741570854203 58.19215215739751
190.50135168963325 71.98326285501513
190.56528767072447 91.46645248386771
190.6292236518157 113.33511055189211
190.69315963290688 134.544229632249
190.75709561399808 150.68767930244368
190.82103159508927 158.17081813350669
190.88496757618051 158.02582321560112
190.94890355727173 155.94751410301518
191.01283953836293 158.31755454493265
191.07677551945417 169.0872469792592
191.14071150054536 191.62540524975267
191.2046474816366 231.78645149461292
191.2685834627278 293.8413723121686
191.33251944381905 367.53555852965707
191.39645542491024 419.2864438199908
191.46039140600143 406.3521145858738
191.52432738709263 310.788791078665
191.58826336818387 164.28579852635866
191.6521993492751 39.33164822172706
191.7161353303663 6.09189403077982
191.78007131145756 80.4507638817619
191.84400729254872 205.71616409122896
191.90794327363997 288.7160352430548
191.9718792547312 265.0437860278973
192.0358152358224 149.3975251222863
192.0997512169136 33.09076627853162
192.1636871980048 17.613330303871027
192.227623179096 133.52623759463975
192.29155916018723 313.7373025691701
192.35549514127845 436.23453919399486
192.41943112236964 410.9815902147468
192.4833671034609 258.99442851574435
192.54730308455208 110.62124366874323
192.61123906564328 116.93371524336187
192.67517504673447 349.62369569318207
192.7391110278257 747.4588931528434
192.80304700891693 1138.019905290466
192.86698299000813 1339.6404765790323
192.93091897109937 1270.811188744576
192.99485495219056 976.5842520104932
193.05879093328176 582.1129248676667
193.122726914373 231.40090345652376
193.18666289546425 31.986679581206367
193.2505988765554 18.17224275926683
193.31453485764663 145.66193727341496
193.37847083873783 311.8709473500946
193.44240681982907 403.88649510404326
193.5063428009203 365.9276626545823
193.57027878201148 236.32697645289747
193.63421476310273 111.81250702751449
193.69815074419392 63.717789401355
193.76208672528517 82.77982110558138
193.82602270637636 101.8723596191138
193.88995868746755 71.6075615765023
193.9538946685588 16.134581337242327
194.01783064965 5.898561416050382
194.0817666307412 72.0105632854318
194.1457026118324 163.23572650150751
194.2096385929236 194.48908051649897
194.27357457401484 133.79435974546968
194.3375105551061 38.373391136667195
194.40144653619723 3.294032095780163
194.46538251728848 76.53984944667253
194.52931849837967 221.59851975559167
194.5932544794709 354.5574345175529
194.65719046056208 407.3221076959799
194.72112644165327 357.11700301645465
194.78506242274452 227.73263235598404
194.84899840383576 83.30404580812697
194.91293438492696 3.057191610200502
194.97687036601815 36.93968830300111
195.04080634710937 164.4328426131949
195.1047423282006 294.07811056885765
195.16867830929183 330.7549912949685
195.23261429038303 262.11358977156715
195.29655027147425 163.1556302969281
195.36048625256544 105.62724736576592
195.42442223365668 87.63016768875865
195.48835821474793 63.93788761137949
195.55229419583907 25.59748550433754
195.61623017693032 33.306089967641846
195.68016615802156 145.59525547585943
195.74410213911275 310.59551157917457
195.80803812020395 384.52958785068085
195.8719741012952 284.01141295364766
195.9359100823864 94.24185515180285
195.9998460634776 0.014747348975214227
196.0637820445688 91.29064854442872
196.12771802566 258.23718078731514
196.19165400675124 314.5954966617844
196.25558998784243 216.04568830564324
196.31952596893368 130.14838050944337
196.38346195002487 263.1320155721283
196.4473979311161 610.734694157687
196.51133391220728 926.5060395169116
196.57526989329847 958.0923409862465
196.63920587438972 681.4893981771182
196.7031418554809 302.3776360190103
196.76707783657213 57.60778255819896
196.83101381766335 19.994312519864472
196.89494979875457 89.91193232615454
196.95888577984576 147.5219254288414
197.022821760937 163.2033119239246
197.08675774202823 165.989976990712
197.15069372311945 166.42400586482123
197.21462970421064 147.6541782353712
197.27856568530183 118.17623937398952
197.34250166639308 127.89369016237936
197.40643764748427 204.2833607548572
197.47037362857552 292.4572315233731
197.5343096096667 296.46803628277064
197.59824559075793 195.60519932020807
197.66218157184915 91.15212962384132
197.7261175529404 112.02396749449352
197.7900535340316 287.9671174364561
197.8539895151228 525.9300430230026
197.917925496214 710.1229550118406
197.9818614773052 804.5658260315511
198.04579745839644 832.9838317076318
198.1097334394876 802.3487617608173
198.17366942057885 686.432207801974
198.23760540167007 476.81787661555904
198.3015413827613 246.63572048751385
198.36547736385248 111.06815355303512
198.42941334494367 96.57772651443472
198.4933493260349 112.66989416335456
198.5572853071261 71.95240494828917
198.62122128821733 10.36312947045193
198.68515726930852 60.93427181751795
198.74909325039977 279.0758410949292
198.81302923149096 525.9061051148744
198.8769652125822 574.0611628818979
198.94090119367343 349.78484988946417
199.0048371747646 64.33901314098023
199.06877315585584 45.246642088644734
199.13270913694703 420.3946795549018
199.19664511803828 987.6179478445075
199.26058109912944 1368.2672180886432
199.3245170802207 1314.2967645856747
199.3884530613119 905.4047110666583
199.45238904240313 432.2802572668236
199.51632502349432 126.21215478724332
199.58026100458557 22.964704400826104
199.64419698567676 20.544182385305852
199.708132966768 20.75735143081181
199.7720689478592 10.592338620883485
199.8360049289504 24.71447078199409
199.8999409100416 72.1402427683526
199.9638768911328 118.22748417304769
200.02781287222405 124.39420514364424
200.09174885331524 88.91462641042926
200.15568483440643 42.1179763258079
200.21962081549768 11.4484794092473
200.28355679658887 1.2854295322494615
200.3474927776801 1.4615803006009647
200.41142875877128 4.438582247140034
200.47536473986247 10.255836264477287
200.53930072095372 20.10327013097644
200.60323670204497 32.81781616945305
200.66717268313613 49.480257064539295
200.73110866422735 75.67776252918404
200.79504464531857 114.73578966154068
200.8589806264098 160.7171349931378
200.92291660750104 199.56705745092077
200.98685258859223 217.2120300314402
201.05078856968345 208.82397619252563
201.11472455077464 181.47250102329127
201.1786605318659 147.69402622435717
201.24259651295708 117.18093183091392
201.30653249404827 93.90850273665792
201.37046847513952 78.16517063542793
201.43440445623077 69.09025406019244
201.49834043732196 65.72741383928057
201.56227641841315 67.64626585180869
201.6262123995044 76.17300632327257
201.6901483805956 95.46634606097656
201.7540843616868 132.15781791943837
201.818020342778 193.0786654940712
201.8819563238692 280.93058682722386
201.94589230496044 388.0941912906049
202.00982828605163 490.7844974536293
202.07376426714288 550.2964249552646
202.13770024823407 529.9631777892714
202.2016362293253 423.25872866633983
202.26557221041648 267.5060621287419
202.32950819150767 124.31927402801968
202.3934441725989 40.894110988518314
202.4573801536901 22.57490259203654
202.52131613478133 40.38128823638196
202.58525211587255 71.94209228325501
202.64918809696377 131.3105067352225
202.71312407805496 245.12787567644824
202.7770600591462 398.2945409886892
202.84099604023743 511.09392574027726
202.90493202132865 490.72052841227526
202.96886800241984 331.6684434214291
203.03280398351103 151.00755106804317
203.09673996460228 95.68562756937415
203.16067594569347 211.3608299769368
203.22461192678472 390.95475983062266
203.2885479078759 459.8494345340292
203.35248388896713 344.37062686299333
203.41641987005835 144.07616787788916
203.4803558511496 24.247336456841783
203.54429183224076 55.284991040890574
203.608227813332 155.80344593117843
203.6721637944232 192.55950377019144
203.7360997755144 131.2105687391172
203.80003575660564 62.35336021468721
203.8639717376968 84.40826316729422
203.92790771878805 187.15492533942307
203.99184369987927 267.2422290864843
204.0557796809705 258.9342302970622
204.11971566206168 219.06234970259857
204.18365164315287 260.07761998344006
204.2475876242441 408.070041594567
204.3115236053353 547.3188773061211
204.37545958642647 527.5178867623994
204.43939556751772 327.8427978712061
204.50333154860897 95.04372147917321
204.56726752970016 7.038840895553177
204.6312035107914 107.9952593432932
204.69513949188257 285.34905305872184
204.7590754729738 389.9287632163146
204.82301145406504 368.42588980876553
204.88694743515623 288.24294941356186
204.95088341624745 240.21879012209288
205.01481939733864 243.3630833681426
205.0787553784299 254.85907668259904
205.1426913595211 234.38205276591037
205.20662734061233 180.9683893213956
205.27056332170352 122.0570910364121
205.33449930279477 76.89276834715139
205.39843528388596 43.42665433783652
205.4623712649772 19.621391739275495
205.5263072460684 15.820775985501532
205.5902432271596 38.51028077891033
205.6541792082508 72.2941332169276
205.718115189342 89.10032429563267
205.78205117043325 78.63169148424815
205.84598715152444 61.98754595390113
205.90992313261563 67.72681868191214
205.97385911370688 99.07080637472403
206.03779509479807 129.78085666681494
206.1017310758893 130.0256433955089
206.16566705698048 95.0280756132976
206.22960303807167 47.439569758742635
206.29353901916292 13.148611419716993
206.35747500025417 3.5307951621418754
206.42141098134536 24.410736140181932
206.48534696243655 90.9505636357839
206.54928294352777 217.88223868365031
206.613218924619 387.688752010136
206.6771549057102 534.9601641819904
206.74109088680143 576.4040106927268
206.80502686789265 471.24744926714976
206.86896284898384 264.6201584061065
206.9328988300751 72.03988311031276
206.99683481116628 4.329184198922713
207.06077079225753 88.22537695573497
207.12470677334872 250.8448687704654
207.18864275443997 376.7520974227567
207.25257873553116 386.43732330290345
207.31651471662235 283.05627291706674
207.3804506977136 139.54406909687316
207.4443866788048 36.126003020612224
207.508322659896 2.1337985553708583
207.5722586409872 10.466729433031103
207.6361946220784 18.043599326892554
207.70013060316964 8.500306366729914
207.76406658426083 0.9648670880046823
207.82800256535205 23.298574427930493
207.89193854644327 79.79321919939807
207.9558745275345 145.70756072030198
208.01981050862568 191.59546179322675
208.08374648971687 208.5104643680737
208.1476824708081 208.57655386664783
208.2116184518993 205.0926484274636
208.27555443299056 195.27651772807369
208.33949041408175 165.01775959698952
208.40342639517297 111.17972145373048
208.46736237626416 55.03328695807702
208.5312983573554 29.50712502142376
208.59523433844663 51.47875413560612
208.65917031953785 106.668463924325
208.72310630062904 161.94576917070438
208.78704228172023 190.4257578374424
208.85097826281148 186.96167179630737
208.91491424390273 166.9836384724086
208.9788502249939 153.63197905972203
209.0427862060851 163.42376343776243
209.10672218717636 199.14512229689575
209.17065816826755 250.46187165576012
209.23459414935877 299.58521654351085
209.29853013045 331.5098048660189
209.3624661115412 345.07810834081374
209.4264020926324 356.0682292405135
209.4903380737236 385.5865270807311
209.5542740548148 436.6231855052276
209.61821003590603 480.11073846212423
209.68214601699725 474.81846659274896
209.74608199808847 406.82892383396313
209.8100179791797 305.6853947566944
209.87395396027088 220.24095718691825
209.93788994136207 175.9134857634967
210.0018259224533 154.85300982197398
210.0657619035445 124.68007305212078
210.12969788463573 82.68464591941178
210.19363386572692 58.592378848341205
210.25756984681817 73.7276596245011
210.32150582790936 107.01363307590093
210.38544180900055 111.49339636154036
210.4493777900918 70.58028818093922
210.51331377118305 29.57860688260591
210.57724975227424 60.13592978458933
210.64118573336543 191.5028577518832
210.70512171445665 374.57465908211026
210.76905769554787 515.8244533213613
210.8329936766391 553.417986141016
210.8969296577303 498.1781216115676
210.96086563882153 406.3483412264855
211.02480161991272 330.4514031230292
211.08873760100397 296.4292118520879
211.1526735820952 308.12321966957
211.2166095631864 354.64288847369335
211.2805455442776 408.273471291123
211.3444815253688 427.9058380216216
211.40841750646 387.3711141682437
211.47235348755123 313.509608360003
211.5362894686424 281.53091924742773
211.60022544973364 349.54266901345005
211.6641614308249 494.9847662372678
211.72809741191608 619.9692843359466
211.79203339300727 623.2428749461575
211.8559693740985 480.7381717504232
211.91990535518968 265.5130812316828
211.98384133628093 87.69164128482701
212.04777731737212 10.007192488054448
212.11171329846331 15.581520325742472
212.17564927955456 48.24129001856575
212.23958526064575 72.38761103611817
212.303521241737 96.19434167247512
212.36745722282825 148.66176831094475
212.4313932039194 234.8956501981513
212.49532918501063 318.07897710594926
212.55926516610185 351.79894116875283
212.62320114719307 317.9591677456824
212.68713712828423 233.60735388594145
212.75107310937548 137.93941428323802
212.81500909046673 72.27225971939616
212.87894507155792 60.9820263835881
212.94288105264917 105.12367181070236
213.00681703374036 187.71430026306655
213.07075301483155 280.87631041015857
213.1346889959228 354.1477213311689
213.198624977014 384.97966353686047
213.2625609581052 366.5247591030949
213.3264969391964 308.7115814110345
213.3904329202876 232.43183384983868
213.45436890137884 158.99523629280847
213.5183048824701 101.81047752222548
213.58224086356125 66.61343821295797
213.64617684465247 56.34310102711838
213.7101128257437 72.40535584573622
213.77404880683488 110.28010052527004
213.83798478792608 155.032333595162
213.90192076901727 186.14188987110697
213.96585675010851 190.7606239022201
214.02979273119976 172.10797960307133
214.09372871229095 146.9079978206659
214.15766469338217 134.2561079045279
214.22160067447336 140.90567836705486
214.2855366555646 156.8228892303243
214.34947263665583 167.85905303177347
214.41340861774705 169.62117923676493
214.47734459883824 167.97830054830175
214.54128057992943 171.55297758579252
214.60521656102068 186.01526802205245
214.66915254211187 211.06295062353936
214.7330885232031 237.44017159051504
214.7970245042943 246.3360185558618
214.86096048538556 217.5126062842194
214.92489646647675 147.30725206771407
214.98883244756797 65.34012480327861
215.0527684286592 28.65021166320092
215.1167044097504 83.56605068743092
215.1806403908416 223.3381587727524
215.2445763719328 384.4004245934416
215.308512353024 486.67245706206126
215.37244833411523 483.3439285613081
215.43638431520645 383.4834222418213
215.50032029629767 236.61269934764664
215.5642562773889 100.15839432896888
215.62819225848008 16.611869195351662
215.69212823957128 13.993537740593688
215.75606422066247 121.37603306818237
215.8200002017537 359.59185717551827
215.88393618284493 697.8173045036646
215.94787216393613 1027.8988376187183
216.01180814502737 1195.359220648958
216.07574412611856 1089.4748338699967
216.13968010720976 748.2465610898214
216.203616088301 366.4880022963087
216.26755206939225 171.33684774146533
216.33148805048344 273.01228019203296
216.39542403157463 584.3532153597262
216.45936001266583 872.1768073735946
216.52329599375707 946.2030945544664
216.5872319748483 799.4306594433384
216.6511679559395 555.9753038912284
216.71510393703073 351.86273955892915
216.77903991812192 259.9744512632621
216.84297589921317 257.2609110238946
216.9069118803044 272.5643252692186
216.97084786139555 269.4888588939657
217.0347838424868 253.505890257264
217.098719823578 236.80921697542323
217.1626558046692 233.88933480535232
217.22659178576043 267.96682321818287
217.2905277668516 353.27601923117646
217.35446374794284 461.52152795894955
217.4183997290341 517.2848035812773
217.48233571012528 451.1459778267701
217.54627169121648 273.6493867969437
217.61020767230767 87.49701658590413
217.6741436533989 1.8637695627402304
217.73807963449013 34.4898746686221
217.80201561558133 113.47141137000072
217.86595159667252 174.71580466567477
217.92988757776376 241.0230786539852
217.99382355885496 379.4534116242261
218.0577595399462 578.6742286794349
218.12169552103737 706.601349225369
218.1856315021286 625.784978137982
218.24956748321983 352.3892012549247
218.31350346431103 78.91645615002786
218.37743944540227 10.526363497989884
218.44137542649344 160.91606904584927
218.50531140758468 334.31308849345686
218.56924738867593 334.9289276476976
218.63318336976712 173.19347671923575
218.69711935085832 54.24610036939701
218.76105533194956 160.9498378708613
218.82499131304075 445.1843128080554
218.888927294132 662.4694129966704
218.9528632752232 612.069944257492
219.0167992563144 329.40354665557925
219.0807352374056 59.05189099021587
219.1446712184968 29.23137149390354
219.20860719958804 252.27293137891144
219.27254318067924 539.9041709408992
219.33647916177043 673.4950877840092
219.40041514286168 577.9329818587329
219.46435112395287 354.3380474458552
219.5282871050441 155.61535044115402
219.59222308613528 76.34332125500734
219.65615906722647 127.85413822495572
219.72009504831772 247.57068813854323
219.78403102940896 346.8180177922791
219.84796701050013 368.20648600255294
219.91190299159135 305.69451682363655
219.97583897268257 200.17440705891008
220.0397749537738 112.52360325187904
220.103710934865 76.71024633595587
220.16764691595623 75.13411766510403
220.23158289704745 67.59345861551864
220.29551887813864 44.6471155542806
220.35945485922988 41.1495346581785
220.42339084032108 90.48862388747808
220.48732682141227 172.7314629049737
220.55126280250352 220.67569053384625
220.61519878359476 184.5474348621921
220.67913476468593 88.28539904954364
220.74307074577715 11.82554572990842
220.8070067268684 13.059051199503418
220.8709427079596 75.02450430581654
220.9348786890508 131.2764034712652
220.998814670142 133.98933123523707
221.0627506512332 92.7714891561971
221.12668663232444 49.79111643148568
221.19062261341563 28.588880633817126
221.25455859450685 19.65175894371499
221.31849457559807 11.969590054484007
221.3824305566893 19.589299753201285
221.44636653778048 63.17399736884992
221.51030251887167 132.80565408309536
221.5742384999629 183.78507205598316
221.6381744810541 177.21340865262934
221.70211046214533 128.51761717728735
221.76604644323655 102.89737964944293
221.82998242432777 150.582663681523
221.89391840541896 263.1398423643072
221.9578543865102 394.47874998743526
222.02179036760143 501.6572001158426
222.08572634869265 571.8107919073749
222.14966232978384 616.5974702222258
222.21359831087503 624.7648346151576
222.27753429196628 549.2703123632424
222.34147027305747 375.19707794980826
222.4054062541487 167.53828038993592
222.4693422352399 30.224109278095124
222.53327821633113 27.660153763239762
222.59721419742235 129.95982666303996
222.6611501785136 232.64158154003235
222.72508615960476 247.80481589391084
222.789022140696 171.72437532204248
222.8529581217872 69.96221422335907
222.9168941028784 10.249966081893358
222.9808300839696 4.423911629786997
223.0447660650608 14.926327378999675
223.10870204615205 12.439431068738012
223.17263802724327 13.103440925617077
223.2365740083345 59.28186319402812
223.30050998942568 164.157447336957
223.36444597051687 279.9214804406325
223.4283819516081 333.6237326783101
223.4923179326993 291.21786330052333
223.55625391379047 185.8091367718848
223.62018989488172 92.75985655282616
223.68412587597297 69.82298260825291
223.74806185706416 111.930545391061
223.8119978381554 166.2578701569116
223.87593381924657 183.7761476954149
223.9398698003378 153.47937476708483
224.00380578142904 99.50216873155597
224.06774176252023 52.85768250685206
224.13167774361145 26.615851754989365
224.19561372470264 16.377008033331286
224.2595497057939 16.04528791606855
224.3234856868851 25.409877724301065
224.38742166797627 44.08473396846836
224.45135764906752 65.53436624636268
224.51529363015877 82.09582233214668
224.57922961124996 94.88460238045792
224.6431655923412 114.64610166703127
224.7071015734324 149.56157252127127
224.7710375545236 191.45202137353897
224.8349735356148 215.57708979774296
224.898909516706 197.96876532203487
224.9628454977972 136.94897588990824
225.02678147888844 62.44594813378805
225.09071745997963 25.94967283923216
225.15465344107088 68.9657992529259
225.21858942216207 191.65801969879027
225.2825254032533 351.3369365926504
225.34646138434448 482.20187525171247
225.41039736543567 524.8945028369769
225.47433334652692 463.014836791225
225.5382693276181 331.67243484137344
225.60220530870933 187.67848070387208
225.66614128980055 77.96314899914476
225.73007727089177 23.510833949879423
225.794013251983 16.656371260566
225.8579492330742 30.119302260958783
225.92188521416543 34.966762113873685
225.98582119525665 22.53247156496214
226.04975717634784 13.659328179355755
226.11369315743903 38.389375140883935
226.17762913853028 95.77743298756877
226.24156511962147 137.78051971015313
226.30550110071272 113.98687803277872
226.36943708180397 48.28237145880974
226.43337306289513 61.82298644396402
226.49730904398635 281.97397268692174
226.5612450250776 694.719785015377
226.6251810061688 1092.8188865708596
226.68911698726 1208.5264319343291
226.7530529683512 944.3725377068752
226.8169889494424 487.99651701573913
226.88092493053364 173.0010664670637
226.94486091162483 194.0484796168494
227.00879689271605 441.2303962583536
227.07273287380727 620.1393331338029
227.1366688548985 542.3410284762606
227.20060483598968 285.3674524450868
227.26454081708087 85.3150762362361
227.3284767981721 104.09150302683771
227.3924127792633 287.74068371441086
227.45634876035453 438.25743568666184
227.52028474144575 419.05888157472697
227.58422072253697 266.21703723827494
227.64815670362816 115.12364866123006
227.7120926847194 64.33706307898272
227.77602866581063 109.45988179638798
227.8399646469018 182.08617434717976
227.90390062799304 224.9431038514616
227.96783660908423 217.16912556070147
228.03177259017548 160.69153113277758
228.09570857126667 76.72806199308857
228.1596445523579 12.28156024576373
228.2235805334491 25.078703629572583
228.28751651454033 133.74824919075812
228.35145249563155 281.5248966824482
228.41538847672277 368.601260014683
228.47932445781396 332.701377302943
228.5432604389052 204.05904437992544
228.6071964199964 75.18031233604857
228.6711324010876 13.50651887129158
228.7350683821788 15.317703204612323
228.79900436327 39.65607464619384
228.86294034436125 65.5349791686484
228.92687632545247 103.58231668971166
228.99081230654363 157.87416331991872
229.05474828763488 198.16110921134356
229.11868426872607 186.125719006099
229.1826202498173 126.33975112511754
229.24655623090848 74.32505702466308
229.31049221199967 82.90196017041185
229.37442819309092 146.57356947517988
229.43836417418217 205.6946488782744
229.50230015527336 207.69047162195503
229.56623613636455 161.64244604789127
229.63017211745577 125.78106122919753
229.694108098547 145.98347601025793
229.75804407963824 210.89928981203823
229.82198006072943 261.4353920847071
229.88591604182065 245.30821580634347
229.94985202291184 164.58056082003264
230.0137880040031 70.50454244640346
230.0777239850943 20.47435805093008
230.14165996618553 41.487400005883984
230.20559594727672 122.54092234345732
230.26953192836797 229.5132915780592
230.33346790945916 323.9871573501304
230.39740389055035 375.3833733491253
230.4613398716416 367.21322559211626
230.5252758527328 302.33246638607056
230.589211833824 207.2081445058025
230.6531478149152 123.85575789647332
230.7170837960064 86.35923206818502
230.78101977709764 101.96588176301935
230.84495575818883 150.1894694187666
230.90889173928008 194.3864945337631
230.97282772037127 201.53335999212047
231.0367637014625 162.73660043607893
231.10069968255368 97.65544060736211
231.16463566364487 40.672462373341695
231.22857164473612 22.242699775798695
231.2925076258273 53.51942611997764
231.35644360691856 119.4345011767776
231.42037958800975 185.424387691276
231.48431556910097 215.87252820749927
231.54825155019216 196.0317585264364
231.6121875312834 143.71448993508326
231.67612351237463 100.27352106824772
231.74005949346585 105.30968367584836
231.80399547455704 169.7557896275305
231.86793145564823 265.8850066884565
231.93186743673948 344.60788691388274
231.99580341783073 367.0536689959503
232.05973939892192 329.0537949353908
232.1236753800131 265.14053237174426
232.18761136110436 226.65707112201912
232.25154734219555 249.9288353398329
232.3154833232868 342.78969116573694
232.379419304378 487.7853776091446
232.4433552854692 641.4038485428924
232.5072912665604 738.6134527758446
232.5712272476516 723.0332730907243
232.63516322874284 583.0729512006353
232.69909920983403 363.3214646371792
232.76303519092525 152.628147003896
232.82697117201647 50.06839263538093
232.8909071531077 101.97578568798745
232.95484313419888 252.7210926295092
233.01877911529007 373.3657789757568
233.0827150963813 358.7984742339553
233.1466510774725 218.9960221604384
233.21058705856376 82.95457140765386
233.27452303965492 86.0840196082094
233.33845902074617 238.692384268288
233.40239500183736 413.05394205940513
233.4663309829286 457.5298477274713
233.53026696401983 335.79858932741814
233.59420294511105 165.83756271942732
233.65813892620224 99.00568066246112
233.72207490729343 162.91965699827225
233.78601088838468 247.35720869975265
233.84994686947587 234.97481750700007
233.9138828505671 132.90134134825675
233.9778188316583 67.83880438002896
234.04175481274956 141.96705491962467
234.10569079384075 310.50355059340865
234.16962677493197 420.7299694497249
234.2335627560232 366.42794966951897
234.2974987371144 190.72939171918853
234.3614347182056 37.97816063811531
234.4253706992968 16.8447871033982
234.489306680388 115.9059682934534
234.55324266147923 255.05613101499844
234.61717864257045 389.0752831846777
234.68111462366164 519.7805715141458
234.7450506047529 642.5624112916961
234.80898658584408 720.7331290233909
234.87292256693527 700.90531411421
234.9368585480265 569.7768694867452
235.00079452911768 392.9116514948219
235.06473051020893 259.9370530593478
235.12866649130012 199.66161782201863
235.19260247239137 169.054336471835
235.25653845348256 118.5093073229259
235.32047443457375 49.973936233603595
235.384410415665 4.394895649663117
235.44834639675625 8.92073053199203
235.51228237784744 46.16395055265468
235.57621835893863 74.05664142137795
235.64015434002985 71.25492531315697
235.70409032112107 52.21142770204724
235.7680263022123 46.09731106310631
235.83196228330348 73.36859494063901
235.89589826439473 135.61004664585712
235.95983424548592 214.22856579823133
236.02377022657717 270.2189487462215
236.0877062076684 264.653765948596
236.15164218875955 202.61187166749127
236.2155781698508 140.22573401721667
236.279514150942 143.64347345674847
236.3434501320332 242.39411967921237
236.4073861131244 392.28935838447075
236.4713220942156 483.6969209066378
236.53525807530684 432.6738063933362
236.5991940563981 262.67519683749526
236.66313003748928 81.80641684055486
236.72706601858047 0.7607923194884909
236.7910019996717 55.57092305847092
236.85493798076288 185.91356497558647
236.91887396185413 291.3628656988545
236.98280994294527 300.37229860408354
237.04674592403651 209.58369367734517
237.11068190512776 86.94492554575882
237.17461788621895 32.274037378176025
237.2385538673102 127.4118362824621
237.30248984840136 385.55680842246414
237.3664258294926 720.6466102254752
237.43036181058383 982.9828527987962
237.49429779167505 1038.1423347405344
237.55823377276624 849.8020041379608
237.62216975385743 514.9749168427419
237.68610573494868 198.40043519743153
237.75004171603993 23.80026155888253
237.81397769713112 12.073120360081322
237.8779136782223 94.79230846323865
237.94184965931356 183.629431220516
238.00578564040475 231.0370635049933
238.069721621496 238.44564356860812
238.1336576025872 225.46905045188603
238.1975935836784 198.73826771191008
238.2615295647696 153.11560278015574
238.3254655458608 92.53187044308368
238.38940152695204 37.31440596630617
238.45333750804323 9.544838207147773
238.51727348913445 11.038111943395192
238.58120947022567 20.569064066051936
238.6451454513169 17.272897600794703
238.70908143240808 3.811065150720728
238.77301741349928 2.4942319125502883
238.83695339459047 27.30130882372323
238.90088937568171 63.78247963536155
238.96482535677296 81.74847072548523
239.02876133786413 66.75415628977944
239.09269731895537 34.273325853663295
239.15663330004656 11.670810970102803
239.2205692811378 9.20321580110823
239.284505262229 12.93020969806551
239.34844124332025 7.865379153416675
239.41237722441144 0.5776792095681376
239.47631320550263 11.019877281655347
239.54024918659383 44.645928248365294
239.60418516768507 79.80578793145187
239.6681211487763 88.66146000057346
239.7320571298675 67.60733740847904
239.79599311095876 38.216042203720605
239.85992909204992 20.310177600856825
239.92386507314117 13.395814666656827
239.9878010542324 6.5870350925408285
240.0517370353236 0.6646136082183532
240.1156730164148 11.045977821376807
240.179608997506 44.89133694134285
240.2435449785972 85.4831266021718
240.30748095968843 110.24589399767741
240.37141694077965 119.4863747861977
240.43535292187084 137.6534364354517
240.4992889029621 179.928777138877
240.56322488405328 222.21122537270253
240.62716086514448 220.8100047686136
240.69109684623567 164.2288329615078
240.7550328273269 94.91144144441635
240.81896880841813 73.74207168019667
240.88290478950933 120.60566778784766
240.94684077060057 195.561476786082
241.01077675169176 240.816462220944
241.07471273278296 233.270980582213
241.1386487138742 193.1183401612585
241.20258469496545 150.06167217787984
241.2665206760566 117.81870277642317
241.33045665714783 100.73985039745283
241.39439263823903 107.3553902087278
241.45832861933027 145.20373719966963
241.5222646004215 196.3655539155888
241.58620058151268 216.77527822038087
241.65013656260393 181.17163881457657
241.71407254369512 116.16679862821296
241.77800852478637 79.19233230879149
241.84194450587756 103.48814886928236
241.90588048696875 160.3843514858912
241.96981646806 187.85919185235147
242.0337524491512 158.33566491435923
242.0976884302424 103.00139601515183
242.1616244113336 66.33851284107138
242.2255603924248 54.64875699760035
242.28949637351604 43.25012099244156
242.3534323546073 19.401592834675878
242.41736833569843 0.8134947455868606
242.48130431678968 11.412321164412006
242.54524029788087 44.804319880722645
242.6091762789721 68.79629650542502
242.67311226006333 71.032331479703
242.73704824115447 80.31114832659674
242.80098422224572 128.410976521085
242.86492020333696 197.81801711551705
242.92885618442816 227.84284659554825
242.99279216551935 181.6647301606378
243.05672814661057 96.5383808063662
243.1206641277018 53.6570038949284
243.18460010879303 93.60444735200106
243.24853608988423 169.82989457054313
243.31247207097545 196.9334503199314
243.37640805206664 146.44545891714827
243.44034403315788 78.96568229297486
243.50428001424913 70.97455011800497
243.56821599534027 130.6627636889797
243.63215197643152 193.58583132107216
243.69608795752276 188.7373528099081
243.76002393861395 112.27485225658457
243.8239599197052 30.592489778111936
243.8878959007964 11.070980108064465
243.9518318818876 70.18893934147205
244.0157678629788 179.86166637275497
244.07970384407 302.2880631297488
244.1436398251612 410.00629311661834
244.20757580625244 473.8519161526296
244.27151178734363 462.417167403849
244.33544776843488 375.48740107841434
244.39938374952607 262.5231315757289
244.4633197306173 193.40273883780725
244.52725571170848 203.08649725841545
244.59119169279967 258.0059665509261
244.65512767389092 282.4095425237941
244.7190636549821 230.08680439000207
244.78299963607333 128.90095426050635
244.84693561716455 46.80022935023775
244.91087159825577 25.140185480528675
244.97480757934696 54.418963420681
245.0387435604382 102.84957754521116
245.10267954152943 155.27585344932248
245.16661552262065 214.08208090996703
245.23055150371184 268.00612384053903
245.29448748480303 282.4267811579646
245.35842346589428 226.6412444792587
245.42235944698547 115.53656309716804
245.48629542807672 21.66951158586212
245.5502314091679 14.832071724594575
245.61416739025913 90.63503256133919
245.67810337135035 174.7053320583813
245.7420393524416 185.7704856388806
245.8059753335328 109.49321579002378
245.869911314624 20.8205111181418
245.9338472957152 10.326605465766127
245.9977832768064 95.99921134527064
246.06171925789764 209.05769317114255
246.1256552389888 249.5861968255644
246.18959122008005 178.01721003336505
246.25352720117127 59.06172357565614
246.3174631822625 0.5806300299867351
246.38139916335368 60.458297898425016
246.44533514444487 201.46374110085395
246.5092711255361 317.5211380702772
246.5732071066273 321.94170744342966
246.63714308771853 217.68698777169928
246.70107906880972 83.66946277037722
246.76501504990097 8.046963119142767
246.82895103099216 24.189059863704287
246.8928870120834 92.24748536851888
246.95682299317463 142.40726211772926
247.0207589742658 135.93893019741188
247.08469495535704 89.39507441486901
247.14863093644823 50.23488635367776
247.21256691753948 50.97468011132447
247.27650289863064 84.65273067368524
247.3404388797219 117.75294745141768
247.4043748608131 121.43039582836128
247.46831084190433 93.86642391862829
247.53224682299555 55.4847911462647
247.59618280408677 26.99346695536595
247.66011878517796 15.923318420602772
247.7240547662692 17.888449724544696
247.7879907473604 24.844291272473093
247.8519267284516 32.49880185282568
247.9158627095428 41.270327166760815
247.979798690634 53.97878879953191
248.04373467172525 74.6066643170557
248.10767065281647 106.39852151618828
248.17160663390763 148.30618813902356
248.23554261499888 192.0550254007634
248.29947859609007 221.74040060783824
248.3634145771813 222.232329600836
248.42735055827248 195.5153562509596
248.49128653936367 157.49589835877447
248.55522252045492 116.08490847848384
248.61915850154617 72.12525488735038
248.68309448263736 33.6858774772883
248.74703046372855 10.314288907697224
248.81096644481977 4.139355629456788
248.874902425911 9.910040131832934
248.93883840700224 18.873720737427988
249.00277438809343 32.35438623813789
249.06671036918465 71.04868112089078
249.13064635027584 159.13699369117242
249.1945823313671 291.66250064871474
249.2585183124583 422.52942659477816
249.32245429354947 493.3178634855172
249.38639027464072 471.9777316924688
249.45032625573197 371.4194439484386
249.51426223682316 240.66340000292783
249.57819821791435 129.9971692431548
249.6421341990056 62.2814999918708
249.7060701800968 38.938478828071126
249.770006161188 60.02736284176272
249.8339421422792 127.72991885790977
249.8978781233704 231.26322374171488
249.96181410446164 337.5664067856055
250.02575008555283 407.4412426050772
250.08968606664408 429.1615423364308
250.15362204773527 430.74018550749855
250.2175580288265 444.3334469049333
250.28149400991768 467.0355800312891
250.34542999100887 467.5232320459349
250.4093659721001 418.8818518125194
250.4733019531913 322.9049648493178
250.53723793428253 208.11688819751197
250.60117391537375 107.21521901323564
250.66510989646497 39.77373708467467
250.72904587755616 9.081086772957308
250.7929818586474 12.976800654323856
250.85691783973863 48.92052799751742
250.92085382082985 97.59524831705222
250.98478980192104 120.02049192279858
251.04872578301223 89.91024565566762
251.11266176410348 29.064066870248286
251.17659774519467 4.632711007781549
251.24053372628592 78.70456024363281
251.3044697073771 253.10207081524527
251.36840568846833 457.0255453521857
251.43234166955955 592.0675951684052
251.4962776506508 608.088084191729
251.56021363174196 530.5245226352208
251.6241496128332 415.86810739742407
251.6880855939244 304.43248077143585
251.7520215750156 206.568973179847
251.81595755610684 122.06460328642352
251.879893537198 69.36914661357827
251.94382951828925 74.2031308424971
252.00776549938047 131.5110586382899
252.0717014804717 196.9448941416526
252.13563746156288 218.2252843445192
252.19957344265407 184.60754755127232
252.2635094237453 150.6794008216623
252.3274454048365 198.02854368579767
252.39138138592773 354.7784418100274
252.45531736701892 550.0232548446045
252.51925334811017 663.8177097439445
252.58318932920136 623.4731299402537
252.6471253102926 453.6357420724193
252.71106129138377 257.5527564376012
252.774997272475 143.84748806492854
252.83893325356624 146.00418983125843
252.90286923465743 208.18522169517047
252.96680521574868 243.10423356221588
253.03074119683984 203.79282811089453
253.0946771779311 113.42846312546362
253.1586131590223 31.834179739847503
253.22254914011353 0.1723564145479347
253.28648512120472 18.008837928159274
253.35042110229597 57.64393322404496
253.41435708338716 91.48149486046857
253.4782930644784 107.32929260679674
253.5422290455696 104.0730395680898
253.6061650266608 82.92688870936449
253.670101007752 48.084084326641154
253.7340369888432 14.239502285710111
253.79797296993445 6.287599253588265
253.86190895102564 43.379710054948376
253.92584493211683 120.91176632718764
253.98978091320808 208.09465959914152
254.05371689429927 263.53580768873064
254.1176528753905 259.3070732637942
254.18158885648168 200.3617658144316
254.24552483757287 126.35902954461272
254.30946081866412 92.32941335170787
254.37339679975537 137.012294392566
254.43733278084656 252.9572307207092
254.50126876193775 380.008332032295
254.56520474302897 439.5018922361488
254.6291407241202 390.05630414659646
254.6930767052114 257.6402352064904
254.75701268630263 116.66908582804666
254.82094866739385 41.417518395632825
254.88488464848504 59.90972050638759
254.9488206295763 139.9752195825478
255.01275661066748 222.04965010224876
255.07669259175873 266.17930138926454
255.14062857284992 267.2851561682323
255.20456455394117 240.6586251660713
255.26850053503236 204.74003104802412
255.33243651612355 171.4476613686988
255.3963724972148 143.15092369453595
255.460308478306 115.78664823782448
255.5242444593972 90.48800676828297
255.5881804404884 90.1748894684631
255.6521164215796 157.66510993766266
255.71605240267084 324.74468597031466
255.77998838376203 580.46845752987
255.84392436485325 853.621549536
255.90786034594447 1024.3530587023831
255.9717963270357 1001.87450556694
256.03573230812685 801.1719529266704
256.0996682892181 519.4851660686197
256.1636042703093 264.4955342597828
256.22754025140057 103.21461703595168
256.29147623249173 35.47958094291697
256.355412213583 16.63826444789257
256.4193481946742 9.329026058935721
256.48328417576545 3.7356098800509505
256.54722015685667 4.352824558848951
256.61115613794783 11.623912428407328
256.67509211903905 18.623354729215286
256.7390281001302 20.986748419497587
256.8029640812215 21.356165444627216
256.8669000623127 24.604821737344885
256.93083604340393 30.220164862999365
256.99477202449515 31.61488240137173
257.0587080055864 24.99754468898701
257.1226439866776 13.858102609491628
257.18657996776875 4.571442545875779
257.25051594886 2.138385115186988
257.3144519299512 10.639762601105064
257.3783879110424 36.07525715373004
257.4423238921336 86.27514176466697
257.50625987322485 166.00420508724804
257.57019585431607 270.8157166935244
257.6341318354073 380.25111239250714
257.69806781649845 456.68526550449184
257.76200379758967 464.028469349594
257.8259397786809 390.7530877265092
257.88987575977205 256.94573665957205
257.9538117408633 113.92073606967143
258.0177477219545 23.425089655320832
258.08168370304577 12.731817856046595
258.14561968413693 54.66674530041261
258.2095556652282 92.39843086019741
258.27349164631937 86.00168840973944
258.33742762741053 44.483317005791285
258.4013636085018 8.847349712137971
258.46529958959303 6.361036134558312
258.52923557068425 25.661373490571073
258.5931715517754 34.99502113381481
258.6571075328667 22.813511528140737
258.7210435139579 11.361297554188235
258.78497949504913 31.49953285030159
258.8489154761403 87.65390791096753
258.9128514572315 145.27437105017455
258.9767874383228 163.7349271335824
259.04072341941395 140.09393148577772
259.1046594005052 105.79847333269832
259.1685953815964 89.41468135947896
259.2325313626876 92.51309492796025
259.2964673437788 93.78990292911362
259.36040332487005 73.27395477903131
259.4243393059612 37.42012644155295
259.48827528705243 14.164503787690252
259.55221126814365 19.958703549274077
259.61614724923487 44.30879985601437
259.6800832303261 63.21784526408756
259.74401921141725 58.872412983276746
259.8079551925085 34.027602168931885
259.8718911735997 10.704076612464936
259.93582715469097 11.273846211380908
259.99976313578213 39.66736892437862
260.0636991168733 78.60588714206985
260.12763509796457 105.148369566186
260.19157107905573 106.41863293647536
260.255507060147 85.46351057565602
260.31944304123823 61.943410409786345
260.38337902232945 57.90092439780499
260.4473150034206 76.29442363674681
260.5112509845119 100.26006094491648
260.57518696560305 107.64702328155316
260.6391229466943 85.69046837418355
260.7030589277855 43.46262154538461
260.7669949088767 8.24540281263576
260.830930889968 4.233534415439925
260.89486687105915 35.29065218090385
260.9588028521504 82.45649641381968
261.0227388332416 115.90225062713299
261.0866748143328 116.10503923720202
261.150610795424 86.13528387876218
261.2145467765152 45.59179876175439
261.2784827576064 16.225868614292267
261.34241873869763 9.085046770236032
261.40635471978885 19.84705871503993
261.47029070088007 35.121794455225086
261.5342266819713 43.056455308576915
261.59816266306245 41.31658088056957
261.6620986441537 37.7989465464039
261.7260346252449 43.576018470537136
261.78997060633606 65.16697463047565
261.85390658742733 98.53813322768237
261.9178425685185 127.32501627960865
261.98177854960977 132.70017326296556
262.04571453070093 108.0544464429038
262.1096505117922 64.90495094120382
262.17358649288343 25.595757705263964
262.23752247397465 5.802667416453604
262.3014584550658 2.6051356574345057
262.36539443615703 2.350230902637387
262.42933041724825 0.20787495630932587
262.4932663983395 10.718688872330175
262.5572023794307 54.96890359293333
262.6211383605219 134.14810662942466
262.6850743416132 216.69992010045843
262.74901032270435 254.91693364731935
262.8129463037956 221.86626347306765
262.87688228488673 137.71735316373812
262.94081826597795 61.5254939586417
263.0047542470692 54.94332480694423
263.0686902281604 136.54616448389032
263.1326262092516 260.1958097205476
263.19656219034283 343.19323018260604
263.26049817143405 322.81810251843865
263.32443415252527 206.02364011809277
263.3883701336165 80.09112503174053
263.45230611470765 60.67443657744042
263.5162420957989 209.2343581327601
263.5801780768901 479.2276305678824
263.64411405798126 733.5053002962349
263.70805003907253 837.1126901342958
263.7719860201637 751.9336752389705
263.83592200125497 549.3242526913929
263.89985798234613 345.308427526894
263.9637939634374 219.19089024994028
264.0277299445286 174.2412919230669
264.09166592561974 163.36080278664812
264.155601906711 144.68552891255368
264.21953788780223 112.6903754466065
264.28347386889345 87.56600972451284
264.3474098499847 86.66233201554337
264.4113458310759 109.60227047409336
264.4752818121671 145.2348408855189
264.5392177932584 182.36389107552472
264.6031537743495 210.78439359187584
264.6670897554407 219.07349678745817
264.73102573653193 197.71357394484247
264.79496171762315 150.27112786759434
264.8588976987144 98.4231644571563
264.9228336798056 64.30765491446085
264.9867696608968 51.19780143595321
265.05070564198803 46.332661994022416
265.11464162307925 37.4000554622088
265.1785776041704 28.529381843252928
265.24251358526163 39.10700418330653
265.30644956635285 81.42704060647901
265.3703855474441 142.74112832553828
265.4343215285353 189.828492202684
265.49825750962646 192.2600032402653
265.56219349071773 146.6648521532556
265.6261294718089 79.48947428536064
265.69006545290017 26.155083386134752
265.75400143399133 5.14325677254207
265.8179374150825 8.63316064302087
265.8818733961738 18.046441020130548
265.94580937726494 28.86517925550896
266.0097453583562 60.239990181226325
266.07368133944743 138.29756636403852
266.13761732053865 265.07300975109206
266.2015533016299 399.24486958722576
266.2654892827211 471.65708460440067
266.32942526381225 435.31261087221856
266.3933612449035 305.5137415784755
266.4572972259947 149.8347731695704
266.5212332070859 47.80132631713016
266.58516918817713 50.67038925228824
266.64910516926835 153.7225516892736
266.7130411503596 302.22142877801286
266.7769771314508 429.5474254321018
266.840913112542 489.87670841024794
266.9048490936332 469.0269070381855
266.9687850747244 381.6757689656892
267.0327210558156 259.8242318417893
267.09665703690683 138.80876051581708
267.16059301799805 48.308430961244056
267.2245289990893 5.59388990008247
267.2884649801805 9.335437934781432
267.35240096127166 39.339846710348176
267.4163369423629 66.2464534996866
267.4802729234541 69.10493369212365
267.54420890454526 48.4593585675692
267.60814488563653 22.653527789118957
267.6720808667277 11.210789003730191
267.736016847819 20.018331611349623
267.79995282891014 40.529258431022726
267.8638888100014 61.9892405155152
267.92782479109263 81.87425034183923
267.99176077218374 103.30872555830254
268.055696753275 123.93950164912997
268.11963273436623 131.96977396001904
268.18356871545745 117.48847192473974
268.2475046965487 85.39080589296113
268.3114406776399 53.7004965571563
268.3753766587311 39.2114455120509
268.43931263982233 46.17672371716441
268.50324862091355 71.92491515481015
268.5671846020047 120.88092781557287
268.63112058309594 203.14100054379517
268.69505656418715 313.4859313128849
268.7589925452784 414.6234733218404
268.8229285263696 449.6634059062204
268.8868645074608 383.57779663888584
268.95080048855203 242.08726291391488
269.01473646964325 102.34337786444996
269.0786724507345 29.507568249188378
269.14260843182564 25.031691852968457
269.20654441291686 41.04576043483101
269.2704803940081 36.59730679342067
269.3344163750993 21.381930565888936
269.39835235619046 47.38298400026308
269.46228833728173 151.6478279207773
269.5262243183729 311.087615483058
269.5901602994642 455.19105509030913
269.65409628055534 517.5681488471554
269.7180322616465 485.29917418802006
269.7819682427378 404.0498204764357
269.84590422382894 324.4301412283823
269.9098402049202 254.7863649871564
269.97377618601143 178.08205902951408
270.03771216710265 94.52297256378753
270.1016481481939 39.68386117613392
270.1655841292851 63.97318687180366
270.2295201103763 178.0381532004023
270.2934560914675 324.5331053001696
270.3573920725587 421.795390262243
270.4213280536499 423.75981597142874
270.48526403474114 343.6082547157828
270.54920001583235 236.5366213696853
270.6131359969236 148.23107979432328
270.6770719780148 82.80523794361034
270.741007959106 30.988742985316087
270.80494394019723 6.34421356052339
270.8688799212884 35.073638927315784
270.9328159023796 116.18816947776295
270.99675188347084 206.93597590356325
271.06068786456206 259.8137953468108
271.1246238456533 264.5769733043974
271.1885598267445 245.74518499020567
271.25249580783566 224.41007404878133
271.31643178892693 187.02239888046384
271.3803677700181 110.67145922997784
271.44430375110926 24.6309176939778
271.50823973220054 6.689177949793415
271.5721757132917 94.46814088312232
271.636111694383 222.4137571449405
271.70004767547414 268.9314804600031
271.7639836565654 182.17701444426123
271.82791963765663 57.09032320757974
271.89185561874785 53.780698655632825
271.9557915998391 228.65805947580196
272.01972758093024 459.5698292045529
272.08366356202146 547.6571963069455
272.1475995431127 414.25936018789054
272.2115355242039 180.82226802107468
272.2754715052951 36.349335844250966
272.33940748638634 64.33351985115337
272.40334346747755 188.6945803774456
272.4672794485688 263.4443685073131
272.53121542966 225.5845566566344
272.59515141075116 129.28638994845372
272.6590873918424 52.84720326889384
272.7230233729336 34.800612621428975
272.7869593540248 81.18776200134236
272.85089533511604 205.51148284326607
272.91483131620726 420.71280145143135
272.9787672972985 671.5520970851646
273.0427032783897 832.1061362407941
273.10663925948086 791.6211686108218
273.1705752405721 552.1543938550379
273.2345112216633 255.18864179933584
273.29844720275446 67.80774066031827
273.36238318384574 37.95011551448554
273.4263191649369 82.61908482716137
273.4902551460282 95.0051388803953
273.55419112711934 50.31121201237576
273.6181271082106 8.193872649681765
273.68206308930183 25.59633636972275
273.74599907039294 92.79810274515997
273.8099350514842 154.12348826005393
273.87387103257544 173.977753908389
273.93780701366666 166.68584192881983
274.0017429947579 161.76910921861085
274.0656789758491 163.64308907577566
274.1296149569403 159.31641251962387
274.19355093803154 151.5654882890214
274.25748691912275 162.65387614082596
274.3214229002139 198.4417915560585
274.38535888130514 225.18277328862607
274.44929486239636 202.1222033091268
274.5132308434876 129.10047917433306
274.5771668245788 51.81891457407146
274.64110280567 23.941954831971056
274.70503878676124 54.16643893615677
274.76897476785246 104.78916557742888
274.8329107489437 152.88220145062436
274.89684673003484 217.64431741870257
274.96078271112606 325.7939364136541
275.0247186922173 458.17579194895694
275.0886546733085 530.2383915258722
275.15259065439966 463.7430474090475
275.21652663549094 281.2047776039035
275.2804626165821 101.92047833441478
275.3443985976734 40.928731585777406
275.40833457876454 105.07374919205301
275.4722705598557 193.76148956217375
275.536206540947 201.33427301325312
275.60014252203814 114.42192984452312
275.6640785031294 19.762763290996
275.72801448422064 7.352300654631618
275.79195046531186 73.28083470790041
275.8558864464031 130.93821871806855
275.9198224274943 106.85332730104165
275.9837584085855 28.464016026299355
276.0476943896767 6.551373098645264
276.1116303707679 124.946758370379
276.1755663518591 357.6502827747858
276.23950233295034 574.5418076020293
276.30343831404156 639.825256681165
276.3673742951328 529.3658251251084
276.431310276224 329.87169258068633
276.4952462573152 145.93719795488892
276.55918223840644 36.12268799698527
276.6231182194976 1.3459226089821077
276.6870542005888 6.586566020289159
276.75099018168004 20.251019190905588
276.81492616277126 32.023157123940315
276.8788621438625 41.8147694329629
276.9427981249537 49.842804707345095
277.00673410604486 56.02819906958686
277.07067008713614 60.3062369824769
277.1346060682273 61.16720168415859
277.19854204931846 54.316229883419936
277.26247803040974 36.465367105001114
277.3264140115009 13.575813542108463
277.3903499925922 0.823660532858338
277.45428597368334 13.274002933423004
277.5182219547746 57.912538486877295
277.58215793586584 125.0253526686959
277.64609391695706 185.50017866137892
277.7100298980482 204.76283191676836
277.77396587913944 164.83235744969616
277.83790186023066 85.25973118958747
277.9018378413219 18.042958988607545
277.9657738224131 3.8104826522661135
278.0297098035043 33.52499508617645
278.09364578459554 59.66390285278025
278.15758176568676 51.964907365675614
278.221517746778 42.63338438352954
278.28545372786914 101.60758128395184
278.34938970896036 250.18778208008715
278.4133256900516 400.35591030005054
278.4772616711428 425.6396462570824
278.541197652234 300.7288862304295
278.60513363332524 133.63798747156645
278.66906961441646 71.48764340245638
278.7330055955077 160.78828966567505
278.7969415765989 289.8011571023829
278.86087755769006 309.3119182319493
278.9248135387813 201.2007457106782
278.9887495198725 106.92015151520364
279.05268550096366 171.34300806849575
279.11662148205494 363.47932629428806
279.1805574631461 507.44172397069786
279.2444934442374 460.2845337936
279.30842942532854 244.02787829561996
279.3723654064198 41.30850290471986
279.436301387511 13.517804229927075
279.50023736860214 139.00868414564854
279.5641733496934 269.9506158656556
279.62810933078464 284.44377650299384
279.69204531187586 186.13810621946956
279.7559812929671 74.35809414450918
279.8199172740583 17.70027331828376
279.8838532551495 5.340186932091322
279.94778923624074 6.047059020812877
