0.1 37246.056333420056
0.1304638007920326 36791.02693417353
0.1609276015840652 33727.40578643517
0.19139140237609775 26611.7932468352
0.2218552031681304 17152.177679178672
0.25231900396016294 11033.815949403368
0.2827828047521955 12424.035971882511
0.31324660554422806 18404.75483778561
0.3437104063362607 21081.781593643143
0.3741742071282933 18280.209366876636
0.40463800792032584 19393.207507969106
0.4351018087123585 43662.146560829526
0.46556560950439113 113360.31841195718
0.49602941029642367 231786.7591154588
0.5264932110884563 363209.1874078423
0.5569570118804889 459786.054768778
0.5874208126725214 494971.0442279681
0.617884613464554 462836.1208515068
0.6483484142565865 376055.4504656054
0.6788122150486192 272885.3812068958
0.7092760158406518 195275.32019728405
0.7397398166326845 159091.3188251449
0.7702036174247171 159520.80882037117
0.8006674182167495 178511.17930427613
0.8311312190087821 183189.10421076996
0.8615950198008148 145229.33196082147
0.8920588205928474 76386.28791723221
0.92252262138488 46633.85633101759
0.9529864221769123 157151.0415313795
0.9834502229689452 462788.24453873973
1.0139140237609778 896145.8103024855
1.0443778245530104 1284489.5961068247
1.074841625345043 1466324.1574759872
1.1053054261370756 1399780.4978273762
1.1357692269291082 1193028.4506929175
1.1662330277211408 1020387.684837088
1.1966968285131732 970538.4399274093
1.227160629305206 983360.7543940215
1.2576244300972383 934168.6537039151
1.2880882308892712 762129.2518728191
1.3185520316813035 522926.346996633
1.3490158324733363 353054.29179968004
1.3794796332653687 383945.10554971016
1.4099434340574015 634340.5991417454
1.440407234849434 966044.1358858675
1.4708710356414667 1171011.1455964867
1.5013348364334993 1119140.803833332
1.531798637225532 842237.0652725571
1.5622624380175645 489567.4710990342
1.592726238809597 218688.269629059
1.6231900396016297 105151.25605056304
1.6536538403936623 108814.6928792394
1.6841176411856948 129999.11440658156
1.7145814419777274 104016.6403430834
1.74504524276976 44086.08262209939
1.7755090435617926 19849.611107730332
1.8059728443538248 87643.98536700748
1.8364366451458576 225836.28938522688
1.8669004459378904 352737.23952135316
1.8973642467299228 403688.0314737007
1.9278280475219556 377691.4140684482
1.958291848313988 320278.9642408005
1.9887556491060208 276519.0402090889
2.0192194498980527 256742.8893440646
2.0496832506900855 234276.8888665316
2.0801470514821183 180617.1507095357
2.110610852274151 102327.27510821616
2.1410746530661835 37236.096430256956
2.1715384538582163 22006.103584928176
2.2020022546502487 63551.54984866265
2.232466055442281 140927.30887676915
2.2629298562343134 229573.5245352996
2.2933936570263462 313140.837184768
2.3238574578183795 389228.5951905372
2.354321258610412 472973.82694653136
2.384785059402444 574613.9603289794
2.4152488601944766 674678.7869994169
2.4457126609865094 743251.1660645342
2.4761764617785422 776184.1083087235
2.5066402625705746 782981.666375624
2.5371040633626074 750816.0463424985
2.56756786415464 658761.9883678748
2.5980316649466726 516451.0617347525
2.628495465738705 360162.64613307925
2.6589592665307378 223080.95938721692
2.6894230673227706 122407.30151017621
2.719886868114803 63583.74012668965
2.7503506689068358 46548.696279661606
2.780814469698868 68613.10858688492
2.811278270490901 125125.47936928502
2.8417420712829333 207932.5437089176
2.8722058720749657 301377.97137042624
2.9026696728669985 381837.53913598135
2.9331334736590318 427447.4892840597
2.963597274451064 436389.92896676646
2.994061075243096 437642.7878069489
3.024524876035129 471349.914452893
3.0549886768271617 547529.4216384378
3.085452477619194 629001.7414781295
3.1159162784112264 659722.1640638217
3.1463800792032592 601700.106597852
3.176843879995292 453504.50090185413
3.2073076807873244 261474.61498495328
3.237771481579357 109701.71247821272
3.2682352823713896 66710.3894839938
3.2986990831634224 138630.76083256447
3.329162883955455 277836.42867703043
3.359626684747487 419648.8064175909
3.39009048553952 517455.7330994423
3.420554286331553 559227.9037552653
3.4510180871235847 557100.9954846213
3.481481887915617 527383.2387565278
3.5119456887076503 481988.8922980271
3.542409489499683 431889.9254131183
3.5728732902917155 388335.5887983973
3.603337091083748 357206.9546894544
3.6338008918757807 337054.13154358254
3.6642646926678135 323750.26144674304
3.6947284934598454 313647.648850733
3.7251922942518783 302497.1901700876
3.755656095043911 284483.0381368192
3.786119895835944 253632.4017536364
3.816583696627976 205274.24887553527
3.8470474974200086 139680.75335659002
3.8775112982120414 70176.17497885409
3.907975099004074 20984.611411984162
3.9384388997961066 10306.091485034003
3.9689027005881385 42788.974985975
3.999366501380172 114251.25469976568
4.029830302172204 211265.41149517207
4.060294102964237 311657.4988368459
4.090757903756269 390578.957072996
4.121221704548302 425545.1300141714
4.151685505340335 405289.0690742492
4.1821493061323665 342028.5884141087
4.212613106924399 273640.65411295614
4.243076907716432 245913.09861894444
4.273540708508465 285311.9766834127
4.304004509300498 379041.57912033814
4.33446831009253 474942.26958795823
4.364932110884562 516103.39791718574
4.395395911676595 479106.37175287167
4.425859712468627 377029.9426234256
4.45632351326066 252110.65803043745
4.486787314052693 154849.57212216593
4.517251114844726 102544.35462401657
4.5477149156367584 77802.94921286938
4.57817871642879 61872.753953571766
4.608642517220823 45260.610634959616
4.639106318012856 27462.22986261364
4.669570118804888 19983.809495067097
4.700033919596921 36389.38788806467
4.7304977203889536 77218.96493582943
4.7609615211809855 126487.36222836353
4.791425321973019 161616.54932564928
4.821889122765051 168157.31438814086
4.852352923557084 147971.3488901005
4.882816724349117 115039.670216079
4.913280525141149 83816.07228134185
4.943744325933181 62348.519670486545
4.974208126725214 55131.16261380022
5.004671927517247 69343.04754475165
5.03513572830928 115651.94042569316
5.065599529101312 199606.6110052787
5.096063329893345 309298.67702628
5.1265271306853775 414791.6132040171
5.1569909314774085 483753.3476015946
5.187454732269441 495233.3781352684
5.217918533061475 442877.6002674281
5.248382333853508 336891.2801088171
5.278846134645541 205795.87262750577
5.309309935437573 89222.51440671131
5.3397737362296045 18757.010876987693
5.370237537021638 395.7164844627192
5.40070133781367 16364.877705098712
5.431165138605703 42015.46807512749
5.461628939397736 63511.98833174411
5.492092740189769 87532.89118827952
5.5225565409818005 135019.9937570258
5.553020341773832 220919.34944372048
5.583484142565865 336046.37038464646
5.613947943357898 446722.0189749173
5.64441174414993 515135.9395265178
5.674875544941964 523396.30165753537
5.7053393457339965 475913.6285113008
5.735803146526028 383667.36332664953
5.766266947318062 262804.42170157953
5.796730748110094 145002.7868499586
5.827194548902127 64878.771639901504
5.85765834969416 36336.26478967878
5.888122150486192 48768.278646121515
5.918585951278224 72506.5183517281
5.949049752070257 70103.8971669713
5.97951355286229 31497.425834111626
6.009977353654323 6871.529793193245
6.040441154446355 83763.95491516513
6.070904955238388 321709.662404446
6.10136875603042 698255.9547575817
6.131832556822452 1078638.984706433
6.162296357614485 1263664.516176009
6.192760158406518 1149930.8864277215
6.223223959198551 824654.4687440546
6.253687759990584 477809.37513870024
6.284151560782616 281620.64339347
6.314615361574648 322961.68885554216
6.345079162366681 541225.8897402111
6.375542963158713 751836.7198982249
6.406006763950746 798195.4946150186
6.436470564742779 659873.3930153062
6.4669343655348115 417912.4642754084
6.497398166326844 177956.00902380949
6.527861967118876 30684.603901207047
6.558325767910909 24105.325667692687
6.588789568702942 151680.14792634195
6.619253369494974 368794.14100118406
6.6497171702870075 594979.619832148
6.68018097107904 725160.212875927
6.710644771871072 693165.2547485539
6.741108572663105 520655.1228846356
6.771572373455137 297896.77946119657
6.80203617424717 133340.60801622915
6.832499975039203 99099.28607430364
6.8629637758312345 188885.6730316924
6.893427576623267 325388.93143132207
6.9238913774153 417519.79085577466
6.954355178207333 421318.3010061389
6.984818978999366 354803.76034335926
7.015282779791398 267062.2578058329
7.045746580583431 205489.6210633504
7.076210381375463 193406.62590022903
7.106674182167495 215269.8166333284
7.137137982959528 230994.43670121464
7.167601783751561 211008.079359663
7.198065584543594 154857.7404153347
7.228529385335626 85628.15353519021
7.2589931861276575 31628.49419623919
7.289456986919691 6367.596639473665
7.319920787711725 1577.9340213540443
7.350384588503757 685.4483513318406
7.380848389295789 3995.458949868775
7.411312190087821 41449.34937537324
7.441775990879854 152775.4588424939
7.472239791671886 345794.3843717241
7.502703592463918 569167.6159623971
7.533167393255952 729790.8752894924
7.563631194047984 746591.7589780336
7.594094994840016 602600.8850173587
7.6245587956320495 362990.4084562372
7.6550225964240814 139478.6721235134
7.685486397216115 17497.430876993414
7.715950198008149 7502.697427923594
7.746413998800179 55895.88118266995
7.776877799592211 94362.0070119227
7.807341600384245 88498.32371214006
7.8378054011762766 51320.38322542102
7.86826920196831 18565.626738595143
7.898733002760342 15386.051650310807
7.929196803552374 38423.25813778808
7.959660604344408 62173.710386859166
7.99012440513644 63698.12119971865
8.020588205928474 42479.652738018834
8.051052006720507 17961.53401778307
8.081515807512538 10346.37726075516
8.111979608304571 22751.373385634775
8.142443409096606 39063.47481340661
8.172907209888637 40180.07954390828
8.20337101068067 23570.06254797628
8.233834811472702 4969.037758187176
8.264298612264733 2700.6309705970234
8.294762413056766 21431.62352775415
8.3252262138488 48099.1820960759
8.35569001464083 64450.35786456168
8.386153815432865 64135.2167407779
8.416617616224897 55558.19850422068
8.44708141701693 50854.75443886806
8.477545217808963 54627.11662123346
8.508009018600996 61790.02870893285
8.538472819393027 64615.45900573115
8.56893662018506 60366.82675152874
8.59940042097709 52341.25912129291
8.629864221769125 46632.19125155295
8.660328022561158 48391.51343292371
8.690791823353191 59611.616392847754
8.721255624145222 79900.79396677541
8.751719424937255 105875.60239029696
8.782183225729286 129006.94897545034
8.81264702652132 139669.48245959508
8.843110827313353 133409.4125670563
8.873574628105388 111295.1752569768
8.904038428897417 78557.85585373647
8.934502229689452 44171.991128749774
8.964966030481484 17833.610499624643
8.995429831273517 5254.481458584822
9.025893632065548 5709.830311263862
9.056357432857581 12725.194312737927
9.086821233649614 17465.25440175744
9.117285034441647 14604.912291632616
9.14774883523368 6484.3865905374805
9.178212636025712 1192.3331949251924
9.208676436817743 5798.878638554174
9.239140237609776 19304.262919207256
9.269604038401807 32035.056504117125
9.30006783919384 33899.42284260995
9.330531639985873 23296.678082066755
9.360995440777907 8282.4858039162
9.391459241569938 898.9988534200638
9.421923042361971 9058.741223486712
9.452386843154004 29713.61271419741
9.482850643946039 49860.38280839749
9.513314444738068 56777.63068103455
9.543778245530103 46828.96084393804
9.574242046322135 26393.723888171637
9.604705847114168 8055.098889088331
9.6351696479062 2928.828891556151
9.665633448698234 12532.527523943185
9.696097249490265 28222.8621927192
9.726561050282296 38449.759405518256
9.75702485107433 37002.25454827629
9.787488651866365 26239.685844147087
9.817952452658396 13472.328339746417
9.84841625345043 4760.314501659879
9.87888005424246 1824.8770080075003
9.909343855034495 2959.30864155398
9.939807655826527 5528.711389138116
9.97027145661856 7957.520505381994
10.000735257410591 10446.181824109492
10.031199058202624 14648.740050562188
10.061662858994657 22441.274397653517
10.092126659786688 33773.047670471955
10.122590460578722 45002.16091422094
10.153054261370755 50534.38517005245
10.183518062162788 47471.3373922197
10.21398186295482 38013.87116613548
10.244445663746852 27196.597653348344
10.274909464538885 19251.7174659754
10.305373265330916 15579.436039019787
10.33583706612295 15296.11292174897
10.366300866914983 17220.033513867424
10.396764667707016 20619.445846497416
10.427228468499049 24502.059726398264
10.45769226929108 27585.27062792065
10.488156070083113 29519.88169238673
10.518619870875144 31643.3085245316
10.549083671667178 35515.34175978559
10.579547472459211 39922.483294065416
10.610011273251244 40405.301670459725
10.640475074043277 33656.5869849389
10.670938874835308 21572.937757005748
10.70140267562734 9707.29696793524
10.731866476419372 2616.628251048998
10.762330277211406 795.619795849576
10.79279407800344 1429.8307837821903
10.823257878795472 1894.6949504159256
10.853721679587505 1884.3170946035596
10.884185480379536 2242.6209869360755
10.91464928117157 3037.9369339886225
10.945113081963605 3521.486723133184
10.975576882755634 3442.882568473337
11.006040683547665 3277.049987663585
11.0365044843397 2998.5932550157017
11.066968285131733 1888.915611684726
11.097432085923764 369.5600765715377
11.127895886715798 972.4139354992648
11.158359687507833 5731.720550219728
11.188823488299862 12460.847969018814
11.219287289091895 15352.367160405603
11.249751089883928 11022.181309032025
11.28021489067596 3861.705072238141
11.310678691467992 3209.968207770939
11.341142492260026 13477.09758249362
11.371606293052057 27870.69959703912
11.402070093844092 33603.879990135385
11.432533894636125 24664.033648119017
11.462997695428156 8884.522906305245
11.493461496220188 370.35957116821567
11.52392529701222 6129.203396526484
11.554389097804254 20558.236904195182
11.584852898596287 30788.49959705009
11.61531669938832 28455.50140077004
11.645780500180352 16121.7884413665
11.676244300972384 3482.1077929088246
11.706708101764416 1560.0727804204987
11.737171902556447 15700.202234209017
11.76763570334848 40593.338619583825
11.798099504140515 63336.66460983896
11.828563304932548 68615.680759275
11.85902710572458 49554.721069171166
11.889490906516611 19689.440803373494
11.919954707308646 5453.885766950872
11.950418508100675 24944.397991600847
11.980882308892708 70425.56518026564
12.011346109684743 109391.23213948992
12.041809910476776 111455.60492765743
12.072273711268808 74641.37249986787
12.10273751206084 26712.381225972535
12.133201312852872 4950.058420562551
12.163665113644903 27180.45947930204
12.194128914436936 79119.3904350339
12.22459271522897 128718.50099197008
12.255056516021003 147944.19394463996
12.285520316813036 128003.23527859512
12.315984117605067 81850.98714530315
12.3464479183971 33668.59755122652
12.376911719189135 5443.163142596811
12.407375519981167 6835.112754965484
12.437839320773199 29656.265675848488
12.468303121565231 52064.04630558587
12.498766922357264 54623.70132574717
12.529230723149295 36107.60953822935
12.559694523941328 13503.964422124414
12.590158324733363 6078.387786640837
12.620622125525395 17707.67994997032
12.651085926317426 34075.601825672624
12.68154972710946 38127.96904420119
12.712013527901492 27365.4724126126
12.742477328693523 15092.180990889192
12.772941129485556 15471.324595038526
12.80340493027759 28716.396729704167
12.833868731069623 41648.219959670394
12.864332531861656 41390.60797949047
12.894796332653687 27447.814983097644
12.92526013344572 10717.467416542588
12.955723934237753 1839.5361481452635
12.986187735029784 2302.973808091189
13.016651535821818 6300.618404066481
13.047115336613851 8591.991599824449
13.077579137405884 9138.484706849838
13.108042938197917 10850.075847898632
13.138506738989948 15131.957303728048
13.16897053978198 20839.994339576097
13.199434340574012 26250.525466596057
13.229898141366046 30308.058088054862
13.26036194215808 31986.79584874065
13.290825742950112 29936.395565010185
13.321289543742145 23565.05736345545
13.351753344534176 14305.30719329682
13.38221714532621 5534.302235990721
13.41268094611824 610.773224156454
13.443144746910274 482.00743216088057
13.473608547702309 3249.2664622186853
13.50407234849434 6081.427894489365
13.534536149286373 7293.657202925573
13.564999950078404 6754.286269224152
13.595463750870438 5143.162734754885
13.625927551662468 3212.650367156736
13.656391352454502 1481.420145561602
13.686855153246537 344.6596226525364
13.717318954038568 86.05916171666793
13.7477827548306 652.9277363169384
13.778246555622632 1682.7485458390524
13.808710356414666 2801.277897523015
13.8391741572067 3844.8593080328146
13.869637957998732 4892.673364650853
13.900101758790761 6174.888557644353
13.930565559582796 7951.388033346993
13.961029360374829 10377.890188554971
13.99149316116686 13393.822339607163
14.021956961958894 16854.260924517268
14.052420762750929 20876.468161585737
14.08288456354296 25766.715744179623
14.11334836433499 31401.885508537776
14.143812165127024 36949.83220342719
14.174275965919056 41072.07042446904
14.204739766711088 41999.22979209975
14.235203567503122 38040.344898487485
14.265667368295153 29026.415255035983
14.296131169087188 17302.192414672794
14.32659496987922 6868.636670479222
14.357058770671252 1254.600128886095
14.387522571463284 1658.4159284865407
14.417986372255315 6227.39516137792
14.44845017304735 11144.712825056751
14.478913973839383 13373.166463274736
14.509377774631416 12603.433894550104
14.539841575423448 10589.08234589941
14.57030537621548 9161.060684726823
14.600769177007512 8839.777872861907
14.631232977799543 8719.699552413684
14.661696778591576 7580.589602540253
14.69216057938361 5243.010784003392
14.722624380175644 2764.229642429039
14.753088180967676 1484.4233405697616
14.783551981759707 2138.8712351646845
14.814015782551742 4597.392005356412
14.844479583343775 7872.896468046201
14.874943384135804 10247.503675953689
14.905407184927839 10004.697366067743
14.935870985719871 6882.017034539331
14.966334786511904 3056.79087817809
14.996798587303935 2233.45845385495
15.027262388095968 7214.507143475914
15.057726188888003 18252.94319767036
15.088189989680032 33370.67201067942
15.118653790472067 49427.78186739749
15.1491175912641 63027.520750111515
15.179581392056132 71102.94243659244
15.210045192848163 71196.80253214629
15.240508993640196 62495.31842807474
15.27097279443223 47566.423325552285
15.301436595224263 32317.036905644098
15.331900396016296 22640.442224508355
15.362364196808327 20184.370449280294
15.39282799760036 21571.96819727198
15.423291798392391 21743.916765552534
15.453755599184424 17940.57063923233
15.484219399976459 11202.44330277403
15.514683200768491 4707.131907678492
15.545147001560524 869.1862106957619
15.575610802352555 86.42688143320902
15.606074603144588 1492.3890924010934
15.63653840393662 3861.3357392726234
15.667002204728652 5843.015904915781
15.697466005520686 6304.246448893348
15.72792980631272 5273.424630582889
15.758393607104752 4724.115525142327
15.788857407896783 7662.745237931832
15.819321208688816 15210.038789469583
15.849785009480849 24568.84079046309
15.88024881027288 30541.08654491465
15.910712611064914 29232.22891131908
15.941176411856947 20910.59022134841
15.97164021264898 9969.258610926596
16.002104013441013 2038.0253608533208
16.032567814233047 386.3349931204029
16.06303161502508 4010.1613011577338
16.09349541581711 8670.039616389817
16.123959216609144 10076.491950583892
16.15442301740118 6954.573914884524
16.18488681819321 2205.343083784088
16.21535061898524 1110.7076315152117
16.245814419777275 7031.03001262978
16.276278220569306 17655.55747019884
16.30674202136134 26035.34648559963
16.337205822153372 26544.517188903414
16.367669622945407 19726.219393678955
16.398133423737438 11335.1546769053
16.42859722452947 7095.071316174239
16.459061025321503 7588.4199954451005
16.489524826113534 8268.893865135606
16.51998862690557 5348.629299118526
16.5504524276976 877.6819611723068
16.580916228489635 1001.0400641705878
16.611380029281666 9149.89689853399
16.6418438300737 21333.18692999918
16.67230763086573 28914.84762090761
16.702771431657762 26469.009899052096
16.733235232449797 16620.693382470658
16.763699033241828 7082.973855809287
16.794162834033862 3741.447332527565
16.824626634825893 6848.619891318843
16.855090435617928 12503.865801636108
16.88555423640996 16778.706665741756
16.916018037201994 18593.122272761488
16.946481837994025 18715.34547239219
16.976945638786056 17165.504525807803
17.00740943957809 13310.44201934641
17.03787324037012 7918.77957777567
17.068337041162156 3628.9928530323696
17.098800841954187 2843.691888756508
17.12926464274622 5055.367343097532
17.159728443538253 6962.077494132255
17.190192244330284 6001.069808005171
17.22065604512232 3444.476553822023
17.25111984591435 3632.316662876472
17.281583646706384 9943.430305745576
17.312047447498415 21134.618688871793
17.34251124829045 31588.260377834973
17.37297504908248 35485.549614381445
17.40343884987451 31278.48585317796
17.433902650666546 22417.31400070401
17.464366451458577 13888.695866382597
17.494830252250612 8563.603056292874
17.525294053042643 6463.863472241523
17.555757853834677 6105.3548730357725
17.58622165462671 6052.183812886899
17.616685455418743 5698.831612645064
17.647149256210774 5159.538910191372
17.677613057002805 4881.004813991455
17.70807685779484 5413.8890557200575
17.73854065858687 7143.557586053496
17.769004459378905 9802.555162627454
17.799468260170936 12215.582945209502
17.82993206096297 12857.33935418758
17.860395861755002 10979.477980263327
17.890859662547037 7580.420406395949
17.921323463339068 5448.698752799361
17.9517872641311 7619.61431913585
17.982251064923133 14902.474210303484
18.012714865715164 24759.80358124857
18.0431786665072 32649.203701809663
18.073642467299226 34441.49521474784
18.104106268091265 28693.733921337363
18.134570068883292 18001.968996303574
18.165033869675327 7638.4427390191395
18.19549767046736 1641.7029014366317
18.225961471259392 241.78200696310816
18.256425272051423 829.2379593651938
18.286889072843454 869.353387290335
18.31735287363549 167.7657195254205
18.347816674427524 475.75988216646584
18.378280475219555 2915.4571624759924
18.40874427601159 6208.680244889365
18.43920807680362 7722.236848976706
18.46967187759565 6317.379000687068
18.500135678387682 3974.54613773746
18.53059947917972 4373.462539546333
18.56106327997175 9690.403605418129
18.591527080763782 18416.214451454325
18.621990881555817 26120.787756411748
18.652454682347848 28296.01825370004
18.68291848313988 23082.78743410371
18.713382283931917 12784.86806088608
18.74384608472395 3359.4921623664804
18.774309885515976 1843.706373221156
18.80477368630801 12453.252818229495
18.835237487100045 32437.83836282405
18.86570128789208 51542.186889402
18.89616508868411 57769.7169208257
18.92662888947614 45772.471810880794
18.957092690268176 22106.559326904095
18.987556491060207 2876.539367727671
19.01802029185224 3046.4254600511335
19.048484092644273 24576.49946460733
19.078947893436307 53756.11935715199
19.109411694228335 71076.70484176405
19.13987549502037 65393.44670747504
19.170339295812404 40987.455837496906
19.200803096604435 14465.295118163527
19.23126689739647 4460.72561142008
19.2617306981885 19780.774728300104
19.292194498980532 54900.772721723726
19.322658299772566 94998.3583704615
19.3531221005646 124009.88113651585
19.383585901356632 131535.51658476304
19.414049702148663 116869.88108467832
19.444513502940698 87741.95287560753
19.47497730373273 55095.49544931583
19.505441104524763 27983.202137267035
19.535904905316794 10759.70894028973
19.56636870610883 2892.5542269986763
19.596832506900856 886.1391047070362
19.627296307692887 1024.1745242744892
19.657760108484926 1234.2056385369774
19.68822390927696 1182.2030154599684
19.71868771006899 1308.8733964618373
19.749151510861022 1959.4938918743344
19.779615311653057 3049.6481107881823
19.810079112445088 4101.510387806041
19.84054291323712 4450.0535940934105
19.871006714029157 3636.681006929527
19.901470514821185 1876.142590145312
19.931934315613216 253.5890905450999
19.962398116405247 429.0778723920283
19.992861917197285 3822.7092541682505
20.023325717989316 10605.876192751432
20.05378951878135 19134.97989053338
20.08425331957338 26322.381498634597
20.11471712036541 29059.180696588908
20.145180921157447 26018.417748608088
20.17564472194948 18564.86225137029
20.206108522741513 9993.122382153737
20.236572323533544 3655.04077313792
20.267036124325575 1244.7170232799463
20.29749992511761 2357.6232500299798
20.32796372590964 5512.772316794581
20.358427526701675 9441.02127119912
20.388891327493702 13412.412569653923
20.41935512828574 16656.89713458899
20.449818929077768 17964.184202622997
20.480282729869806 16298.619187578039
20.51074653066184 11957.66848136414
20.541210331453872 6822.7824922429245
20.571674132245903 3091.6968810806657
20.60213793303793 1758.4981940844743
20.63260173382997 2230.7925857886103
20.663065534622 3129.054139158103
20.693529335414038 3502.518277287959
20.723993136206065 3412.0405336515246
20.754456936998096 3445.6550383521203
20.784920737790127 4085.4709345117567
20.815384538582165 5773.309813206296
20.8458483393742 9146.492253685712
20.876312140166227 14516.235172862333
20.906775940958266 20814.58528568376
20.937239741750293 25465.48973296882
20.967703542542328 25963.706372239696
20.99816734333436 21840.65642432045
21.028631144126397 15064.370533682457
21.059094944918424 8617.06140632189
21.089558745710452 4536.414192177628
21.120022546502486 2789.673876220186
21.15048634729452 1963.51279863369
21.180950148086556 1206.8606852614369
21.211413948878583 1130.88744790628
21.24187774967062 2748.5930402146228
21.27234155046265 6098.314393833166
21.302805351254683 10063.339247426604
21.33326915204672 13227.437077338573
21.36373295283875 14769.472863887777
21.394196753630784 14702.337881761106
21.42466055442281 13619.25547001135
21.45512435521485 12499.059998351147
21.48558815600688 12544.788507664252
21.516051956798915 14455.56731217172
21.546515757590942 17374.12088777514
21.576979558382977 18932.01104979715
21.607443359175008 16948.47213461108
21.63790715996704 11409.636477285916
21.66837096075908 5053.456223747559
21.698834761551108 1864.296458343236
21.729298562343143 4199.426451330807
21.759762363135174 10963.847221818436
21.79022616392721 18658.257113756692
21.82068996471924 23985.919945862926
21.85115376551127 25478.766749407452
21.881617566303305 23611.357733553017
21.912081367095336 20275.82150849301
21.942545167887367 18022.479767148165
21.9730089686794 18785.207635657953
22.00347276947144 22308.66503740367
22.033936570263467 25766.570834608036
22.064400371055495 25596.179234343097
22.09486417184753 20293.621072722108
22.125327972639564 11843.51149408502
22.1557917734316 4415.687584655248
22.18625557422363 899.3410641168366
22.216719375015664 518.5395357832938
22.24718317580769 491.2823110339036
22.277646976599726 13.344899459937263
22.30811077739176 1998.9418187826088
22.338574578183792 10230.062071314396
22.369038378975823 24251.677621245377
22.399502179767858 37752.184190304964
22.42996598055989 42919.46658347311
22.460429781351923 36415.09308440427
22.49089358214396 21903.684259641865
22.52135738293599 7641.319823510442
22.551821183728016 663.5069155792545
22.58228498452005 2210.3738157194985
22.612748785312085 8304.3266528576
22.64321258610412 13800.53954707396
22.67367638689615 15732.146237504907
22.704140187688186 14254.838564289495
22.734603988480217 11772.40032245002
22.765067789272248 11057.63576946808
22.79553159006428 13125.958218385233
22.825995390856317 16145.875075925713
22.856459191648348 16710.41266813807
22.886922992440375 13149.899368270044
22.917386793232414 8037.289357069878
22.947850594024445 7059.532207727337
22.97831439481648 14406.522048659825
23.00877819560851 27929.205779001008
23.03924199640054 38919.31529051805
23.069705797192572 38569.28977427298
23.100169597984607 25975.19155506493
23.13063339877664 9615.929602663622
23.161097199568673 732.2432673007634
23.191561000360707 4666.598256403605
23.222024801152735 16902.550924624546
23.25248860194477 26901.531821206136
23.282952402736804 27064.04632331136
23.313416203528835 18346.797926764368
23.34388000432087 7832.265795060884
23.3743438051129 2305.561937125036
23.40480760590493 3356.873258020493
23.43527140669697 7186.054988449041
23.465735207489 8949.23540847563
23.49619900828103 7190.211474603578
23.526662809073063 4610.078074945761
23.557126609865097 5272.069945126272
23.58759041065713 10820.865210764552
23.61805421144916 18758.413702174967
23.648518012241198 24511.5215967478
23.67898181303323 25376.851527127452
23.709445613825256 21855.42128115527
23.73990941461729 16027.100509820519
23.770373215409325 9898.129653609987
23.80083701620136 5100.819097049959
23.83130081699339 2656.0091283946394
23.86176461778542 2457.888326734638
23.892228418577456 3508.515916217909
23.922692219369488 4630.337926127005
23.95315602016152 5244.400757937388
23.983619820953557 5810.057733048869
24.014083621745584 7459.360257543433
24.044547422537615 10936.552352790288
24.075011223329646 15360.41460753464
24.105475024121684 18098.288036211525
24.135938824913715 16819.840765376037
24.166402625705754 11941.06266279238
24.19686642649778 6453.424020698553
24.22733022728981 3347.222481491141
24.257794028081847 3246.7271603471454
24.28825782887388 4216.210135458872
24.318721629665912 3973.301099057528
24.349185430457943 2276.9030092835574
24.379649231249974 763.9808985071512
24.41011303204201 671.7783999372441
24.440576832834044 1337.5059621522137
24.471040633626075 1322.5569456598228
24.501504434418106 780.8991397041152
24.53196823521014 1843.4157244397825
24.562432036002168 6117.809063587563
24.592895836794202 12095.79103615772
24.62335963758624 15660.809373630473
24.65382343837827 13758.491638635733
24.684287239170303 7750.258853082005
24.714751039962337 2617.161945899557
24.745214840754368 2443.580690282483
24.7756786415464 6863.441411826237
24.806142442338437 11758.081099680063
24.836606243130465 13073.626523661129
24.867070043922496 10123.573812226472
24.897533844714527 5442.983818953743
24.927997645506565 1877.451164359444
24.9584614462986 333.0544392910667
24.988925247090627 21.04804156776128
25.01938904788266 16.83750812450706
25.04985284867469 108.48856576429912
25.080316649466727 371.8047787498874
25.11078045025876 585.8544423364052
25.141244251050793 466.1932883645595
25.171708051842824 354.69289279556386
25.20217185263485 1303.2528183177726
25.23263565342689 4226.571272473082
25.26309945421892 9029.083781042593
25.293563255010955 14622.311897131143
25.324027055802983 19469.682466669663
25.35449085659502 21819.61586138573
25.38495465738705 20105.019781387608
25.415418458179087 14259.028251260812
25.44588225897112 6762.628203214857
25.47634605976315 1730.0121450236807
25.506809860555183 2184.3578621467755
25.53727366134721 7447.000487186287
25.56773746213925 13041.368676442744
25.59820126293128 13931.597709280859
25.628665063723314 8966.390759044672
25.659128864515345 2360.0140312456865
25.68959266530738 104.0811027479524
25.720056466099408 4615.137259101976
25.75052026689144 12666.413762427397
25.78098406768348 18222.28826450984
25.811447868475508 17560.891995280752
25.841911669267542 11891.394920148892
25.872375470059573 5421.658154983314
25.902839270851608 1616.6445086904016
25.93330307164364 1082.8821094102175
25.963766872435674 2177.734003087052
25.994230673227705 3048.016100260548
26.024694474019732 2912.442996381244
26.055158274811767 1955.040267307972
26.0856220756038 839.5784767156645
26.116085876395836 613.0039434398681
26.146549677187863 2663.188875189433
26.177013477979894 8004.09958317199
26.20747727877193 16214.851077086243
26.237941079563964 25242.79208444054
26.268404880356 32460.722861976465
26.29886868114803 36110.64803053188
26.329332481940064 36032.99613098606
26.35979628273209 33338.76031084614
26.39026008352413 29501.702764971335
26.42072388431616 25515.61764862976
26.45118768510819 21546.741194875
26.481651485900223 17201.846283428273
26.512115286692257 12221.063255920908
26.542579087484288 7248.560752852499
26.57304288827632 4134.087389170394
26.60350668906836 5171.508178953081
26.63397048986039 11415.891665992767
26.664434290652423 21247.531267562656
26.69489809144445 30560.64131522888
26.725361892236485 34910.352129211875
26.75582569302852 32265.032163758457
26.78628949382055 24277.92889215281
26.816753294612585 15013.63511466869
26.847217095404616 8056.23058772597
26.877680896196647 4416.226985354516
26.90814469698868 2863.409672963244
26.938608497780713 1806.387252962642
26.969072298572748 773.9863875340816
26.999536099364775 444.2368044350393
27.029999900156813 1514.3287227993394
27.060463700948844 3738.8845777242295
27.09092750174088 6080.784017207162
27.121391302532906 7551.881633798989
27.15185510332494 7833.977903692643
27.182318904116972 7232.9806469875875
27.212782704909007 6178.098556740615
27.24324650570104 4898.003413430771
27.273710306493072 3584.082474286268
27.304174107285103 2663.5302749234297
27.334637908077134 2657.392682522175
27.36510170886917 3609.786729313756
27.395565509661203 4732.602274560721
27.426029310453234 4885.17372290975
27.45649311124527 3595.1071167452287
27.4869569120373 1730.549915924756
27.51742071282933 1096.627401037556
27.547884513621366 2823.5546595481014
27.5783483144134 5814.351139634015
27.60881211520543 7280.968089239642
27.639275915997462 5442.82606405866
27.669739716789497 1894.748450356884
27.700203517581528 1137.3620901342674
27.73066731837356 7129.28347424916
27.761131119165597 19395.9932566154
27.791594919957628 32164.273164020968
27.822058720749656 38036.865020212885
27.85252252154169 33482.041130853046
27.882986322333725 21357.023191148888
27.913450123125756 8765.108647267432
27.94391392391779 2266.0521067651
27.97437772470982 3805.0543203197462
28.004841525501856 10198.78226333997
28.035305326293887 16005.985664653452
28.06576912708592 17153.125379464174
28.096232927877953 13138.003257326236
28.126696728669984 6715.380902147913
28.157160529462015 1597.897797817505
28.18762433025405 89.40695612392727
28.218088131046084 1916.8676316714073
28.248551931838115 4715.8049454003385
28.27901573263015 5945.42908378718
28.30947953342218 4772.108230414913
28.33994333421421 2450.080099929345
28.370407135006246 985.3749350675936
28.40087093579828 1283.2790975279631
28.431334736590312 2528.9245798105508
28.461798537382343 3231.215279112153
28.492262338174378 2715.808952310512
28.52272613896641 1649.6306977604145
28.553189939758443 1181.07062535138
28.583653740550474 1695.9531073049827
28.61411754134251 2561.6619545444128
28.644581342134536 2986.194676002068
28.675045142926567 2911.532019472168
28.705508943718606 3000.88431409655
28.73597274451064 3875.524415597296
28.76643654530267 5514.9373910363165
28.796900346094706 7345.713324413548
28.827364146886737 8762.052550047792
28.857827947678768 9507.718270822304
28.8882917484708 9591.471524006776
28.918755549262837 9028.993998985456
28.949219350054864 7875.222716371279
28.979683150846896 6409.809108173768
29.010146951638927 5069.951816445632
29.040610752430965 4127.5681224252085
29.071074553222996 3452.8789270318366
29.101538354015023 2705.6358738608506
29.13200215480706 1919.073283363197
29.16246595559909 1920.7128095505705
29.192929756391127 4002.860300451336
29.22339355718316 8886.561400584633
29.253857357975193 15762.834197053178
29.284321158767224 22314.24815298404
29.314784959559255 25882.258527789618
29.34524876035129 25042.080827214017
29.37571256114332 20595.20897141188
29.406176361935355 15341.102893875195
29.436640162727382 12549.670665018377
29.46710396351942 13825.041795966867
29.497567764311448 17873.53253407952
29.52803156510349 21408.599048235246
29.55849536589552 21560.443071993566
29.58895916668755 17748.46872794464
29.619422967479583 11744.797405240504
29.64988676827161 6230.182331831433
29.68035056906365 2928.5495637216454
29.71081436985568 1808.5779230737676
29.741278170647718 1986.72912770314
29.771741971439745 3045.6426706039947
29.802205772231776 5177.12701405767
29.832669573023807 8067.957958595477
29.86313337381584 10113.275571811464
29.89359717460788 9477.157234339855
29.924060975399907 6245.3345690670885
29.95452477619194 3388.05163103233
29.984988576983973 4947.175810622567
30.015452377776008 12246.98438335876
30.04591617856804 21777.207422992808
30.07637997936007 27356.1424305692
30.106843780152104 24800.725957831248
30.13730758094413 15447.142441757813
30.167771381736166 5531.911116351615
30.1982351825282 1392.5371236150156
30.228698983320236 4848.62695516828
30.259162784112263 12714.687222549532
30.2896265849043 19887.69566925529
30.32009038569633 23055.177906324978
30.350554186488363 22264.24450416237
30.3810179872804 19623.481009965584
30.41148178807243 17099.132324480364
30.441945588864463 15424.195512463955
30.47240938965649 14250.556847334066
30.50287319044853 12830.401461049956
30.53333699124056 10687.578048020405
30.563800792032595 7968.3615287967805
30.594264592824626 5302.688494152757
30.624728393616657 3281.6926782541427
30.655192194408688 2011.7936931693064
30.68565599520072 1153.5689303035126
30.71611979599276 426.3360079383017
30.746583596784788 105.51178105071492
30.777047397576823 833.9041755394812
30.807511198368854 2699.2925267725363
30.837974999160885 4636.50211413164
30.86843879995292 5122.977528534305
30.89890260074495 3709.66588980108
30.929366401536985 1827.24329729024
30.959830202329012 1731.9661091521175
30.990294003121047 4361.461830965075
31.02075780391308 8261.601021248729
31.051221604705113 10712.933573557104
31.081685405497147 10009.77555207358
31.112149206289175 6883.303555004655
31.14261300708121 3892.7606347708497
31.173076807873244 3441.744739670335
31.20354060866528 6149.937325766861
31.23400440945731 10712.875112146012
31.264468210249344 15089.415822916699
31.29493201104137 17834.562629354907
31.32539581183341 18637.59594859234
31.35585961262544 18301.60807111924
31.386323413417472 18384.31932361336
31.416787214209503 20274.43456643429
31.447251015001537 24143.24243009046
31.47771481579357 28499.75301692848
31.508178616585603 30672.3504756334
31.53864241737764 28352.774927543287
31.56910621816967 21439.818704598143
31.599570018961696 12425.020348756225
31.63003381975373 4820.702135264625
31.660497620545765 1168.8037858390817
31.6909614213378 1954.0615816661332
31.72142522212983 5667.711240894291
31.751889022921866 9965.451577038142
31.782352823713897 13180.716127278307
31.812816624505928 14928.751271061925
31.84328042529796 15515.338160794956
31.873744226089997 15044.77869492344
31.904208026882028 13216.452119293626
31.934671827674055 9948.371206247171
31.965135628466093 6131.339540589238
31.995599429258125 3788.616283863007
32.026063230050156 5114.486351925809
32.05652703084219 10572.943397135423
32.08699083163422 17897.396348529343
32.117454632426245 23552.62605111456
32.14791843321829 25290.80279036375
32.17838223401032 23194.402007636723
32.208846034802356 18828.37843733636
32.23930983559438 13921.86375590344
32.26977363638642 9554.310867700477
32.300237437178446 6063.883377908925
32.33070123797048 3444.454101878725
32.361165038762515 1707.2810825312915
32.39162883955455 864.2888466606413
32.422092640346584 770.343336911888
32.45255644113861 1234.9496896400092
32.483020241930646 2272.433500053395
32.51348404272268 4059.761568464676
32.54394784351471 6557.859805292584
32.57441164430674 9205.867540380596
32.60487544509878 11078.159099843362
32.635339245890805 11369.386752126193
32.66580304668284 9827.663655771923
32.696266847474874 6964.720748160798
32.72673064826691 3848.2883775956025
32.75719444905893 1485.2354202621343
32.78765824985097 325.8265433856134
32.818122050643005 225.33686583636197
32.84858585143504 675.6383334824687
32.87904965222707 1166.0140613266651
32.9095134530191 1585.5430952667043
32.939977253811136 2359.473990678802
32.97044105460317 4153.3322746390695
33.0009048553952 7375.657054848675
33.03136865618723 11785.358065012639
33.06183245697927 16358.794682649404
33.092296257771295 19527.544824074335
33.12276005856333 19866.066965808208
33.153223859355364 16983.047867552636
33.1836876601474 11919.717456905799
33.214151460939426 6594.178520585997
33.24461526173146 2738.235474661294
33.27507906252349 1101.711485603349
33.30554286331552 1318.20596007499
33.33600666410756 2411.1749961885816
33.36647046489959 3491.4706342519844
33.39693426569163 4106.283497083491
33.427398066483654 4176.044490140564
33.45786186727569 3818.996700749295
33.48832566806772 3257.248977833141
33.51878946885975 2734.896057720689
33.549253269651786 2339.6307099076
33.57971707044382 1889.929475700514
33.610180871235855 1184.6134699048728
33.64064467202788 404.5334393952536
33.67110847281992 48.44165739983522
33.70157227361195 399.2763891570345
33.732036074403986 1178.5933003982277
33.76249987519601 1937.0925802434497
33.79296367598805 2904.527448146419
33.82342747678008 5076.550330601469
33.85389127757211 9120.193983699379
33.884355078364145 14166.431488861615
33.91481887915618 17661.62113532974
33.945282679948214 17076.451099236543
33.97574648074024 12311.917711500042
34.006210281532276 5985.8680467866525
34.03667408232431 1419.7144665717983
34.06713788311634 462.49899505307775
34.097601683908366 2551.492298068947
34.12806548470041 5712.3219984237085
34.15852928549244 8558.226544624938
34.18899308628447 10989.874101263395
34.219456887076504 13409.17492869745
34.24992068786854 15926.093833773479
34.280384488660566 18136.559245172022
34.3108482894526 19213.622105280047
34.341312090244635 18127.2665854262
34.37177589103667 14201.36974719544
34.4022396918287 8093.502043047824
34.432703492620725 2303.087139536501
34.463167293412766 38.24553711303631
34.493631094204794 2616.9512974897884
34.52409489499683 7488.1352540305215
34.55455869578886 9850.677580461694
34.5850224965809 7763.011792842339
34.615486297372925 5369.093560338144
34.64595009816496 9777.802273493551
34.676413898956994 23436.453242088497
34.70687769974902 38647.73387695286
34.737341500541056 41809.18459681806
34.76780530133309 26900.7308338178
34.798269102125126 5810.260302024256
34.82873290291715 4602.7764171129
34.85919670370919 47348.69825591413
34.88966050450122 137885.8933449852
34.92012430529326 252299.47696435032
34.950588106085284 351486.570910916
34.98105190687732 406200.0760411246
35.01151570766935 409128.18303537293
35.04197950846138 366985.1016906826
35.07244330925341 293843.37565107795
35.10290711004545 209894.03295677784
35.133370910837485 133452.7516251271
35.16383471162951 75026.91300397312
35.19429851242155 39220.37798236745
35.22476231321358 23005.13839100621
35.25522611400561 16124.139572200052
35.28568991479764 10225.146146236844
35.31615371558968 4268.596231828445
35.34661751638171 2698.6404891942325
35.37708131717374 9932.620178039984
35.407545117965775 23085.32681053284
35.43800891875781 32889.36388852957
35.46847271954984 33046.95274875106
35.49893652034187 24957.942967428084
35.529400321133906 14894.690850055513
35.55986412192594 8648.432860556886
35.59032792271797 7554.185733550419
35.62079172351 9135.034855292903
35.65125552430204 10479.275815932819
35.68171932509407 10259.830574735002
35.7121831258861 8523.309173651358
35.742646926678134 5849.559784406476
35.77311072747017 3367.0300826460493
35.8035745282622 2737.0395563994925
35.83403832905423 4742.710832759441
35.864502129846265 7818.11723104841
35.89496593063829 8963.797884089745
35.92542973143033 6771.705593079772
35.95589353222236 3207.515158237646
35.9863573330144 1793.1736980258672
36.016821133806424 3793.852514673966
36.04728493459846 6690.965032481719
36.077748735390486 7191.156256616588
36.10821253618253 5456.99210370867
36.13867633697456 5304.452809494707
36.16914013776658 9691.243246335356
36.199603938558624 16560.698772083375
36.230067739350645 20265.013204235525
36.260531540142686 17237.232269333304
36.29099534093472 9503.725826869217
36.32145914172676 2536.37174142878
36.35192294251878 222.42925474642783
36.38238674331082 2151.4351999010687
36.412850544102845 5391.303778727427
36.44331434489488 8121.171841130377
36.473778145686914 10835.544588084504
36.50424194647895 14233.408716346163
36.534705747270976 17263.93414122641
36.56516954806301 17982.414498498158
36.595633348855046 15730.4308379643
36.62609714964708 11852.667056245731
36.656560950439115 8240.644251471986
36.687024751231135 5570.271069009533
36.71748855202318 3386.1437880527387
36.74795235281521 1508.8270104646797
36.77841615360724 547.1834806071465
36.80887995439927 980.4783812799018
36.8393437551913 2216.530901838995
36.86980755598334 2935.007365601424
36.90027135677537 2427.130083805093
36.930735157567405 1230.7574073971643
36.96119895835944 309.67690786484184
36.99166275915147 11.211629484312676
37.0221265599435 12.483985305115828
37.052590360735536 18.56358302493945
37.08305416152757 136.6794424513715
37.1135179623196 533.4289171409349
37.14398176311163 1166.8417585277139
37.174445563903674 2135.060946902386
37.204909364695695 3990.624222725781
37.23537316548773 7143.123126009904
37.26583696627976 10758.952483911367
37.2963007670718 12699.678922044057
37.32676456786383 11232.158044239584
37.35722836865585 7113.385893140829
37.387692169447895 3466.7989782491536
37.41815597023992 3050.4049367405414
37.44861977103196 5836.251712093384
37.47908357182399 9367.117984530327
37.50954737261603 11359.884650344275
37.54001117340805 11799.719054383942
37.57047497420009 12292.883460473196
37.60093877499212 13728.76677592052
37.63140257578416 14918.060580644844
37.661866376576185 13527.060924057176
37.69233017736821 8689.401250957879
37.722793978160254 2804.7525689655554
37.75325777895228 407.27620920353434
37.78372157974432 4859.077345869321
37.81418538053635 15565.55347323024
37.84464918132839 27751.08718271208
37.875112982120406 34900.924258800704
37.90557678291245 32805.2409081661
37.93604058370448 22879.823187979193
37.9665043844965 11546.400464545752
37.996968185288544 5553.827777001784
38.02743198608058 7325.2282244994785
38.057895786872606 14085.292725852083
38.08835958766464 20753.460853199576
38.11882338845668 23665.969177392537
38.14928718924871 22484.221811927426
38.17975099004074 19478.11117425039
38.210214790832765 17093.607596531067
38.24067859162481 16041.821954367493
38.27114239241684 15424.513299888436
38.30160619320887 14059.861426313826
38.332069994000896 11439.930237736004
38.36253379479294 7915.934742877149
38.392997595584966 4531.176508749054
38.423461396377 2632.055135579688
38.45392519716904 3029.4160793623746
38.48438899796106 5073.311909545868
38.5148527987531 6742.273399630675
38.54531659954513 6153.188772794441
38.575780400337166 3391.9388329226495
38.60624420112919 923.1555500725361
38.63670800192122 1783.3613298257944
38.66717180271326 7008.824451546507
38.6976356035053 14580.440911157766
38.728099404297325 20530.184256362445
38.75856320508936 21357.545621167264
38.789027005881394 16320.444889671055
38.81949080667343 8153.282664376343
38.849954607465456 1691.162151251073
38.88041840825749 995.4087749095945
38.910882209049525 6387.012389867673
38.94134600984155 13586.120024182303
38.971809810633594 16823.315897489974
39.002273611425615 14146.274137197059
39.03273741221766 9655.25545556287
39.06320121300968 10115.644271066216
39.09366501380172 18647.104448659793
39.12412881459375 30736.352322134808
39.15459261538577 37098.549217641325
39.185056416177815 31863.350236784183
39.21552021696985 18058.428548071373
39.24598401776189 4941.357077582272
39.27644781855391 155.16442943490995
39.30691161934595 3881.475441613884
39.33737542013798 9707.10108116654
39.36783922093001 11040.266024791825
39.39830302172204 6836.269500955065
39.42876682251408 1503.7505472545363
39.45923062330611 241.31453018760752
39.48969442409813 4546.838312726962
39.520158224890174 11307.378133440116
39.55062202568221 15818.869404628824
39.58108582647424 15708.956070790357
39.61154962726627 12246.255897118024
39.64201342805831 8606.617218720881
39.67247722885033 7127.172336566009
39.70294102964237 7676.965250160579
39.7334048304344 8204.321140702448
39.76386863122644 6936.256738280221
39.79433243201847 4151.616315716041
39.8247962328105 1729.569608898307
39.85526003360253 1071.5747592029686
39.88572383439457 1671.686464762775
39.9161876351866 1860.0219323041667
39.94665143597863 904.2747703229571
39.97711523677066 59.397090320675034
40.0075790375627 1337.0835172121751
40.03804283835473 5274.9165860368885
40.06850663914676 10050.429809398553
40.0989704399388 12956.259453860168
40.129434240730816 12667.281295685212
40.15989804152286 9951.814936748835
40.190361842314886 6532.284938158624
40.22082564310693 3682.02628537826
40.25128944389896 1791.7304575737153
40.28175324469098 766.7661737170984
40.312217045483024 452.87108191448016
40.34268084627505 754.2604240014491
40.373144647067086 1762.3965395672699
40.40360844785912 3959.202520815156
40.43407224865116 7891.463076549597
40.46453604944318 13067.517864271695
40.49499985023522 17271.87135124282
40.525463651027245 17757.12739122135
40.55592745181928 13611.699175281312
40.586391252611314 6986.899318576564
40.61685505340335 1848.4850280331689
40.647318854195376 1028.7195712895932
40.67778265498741 4125.434127238174
40.708246455779445 8297.998484433987
40.73871025657148 10922.110737224531
40.76917405736352 11225.525909510125
40.799637858155535 9706.483379689633
40.83010165894758 6901.282097168092
40.86056545973961 3394.1314167578525
40.89102926053164 673.7493464400534
40.92149306132367 976.5546411502888
40.9519568621157 5424.81663524077
40.98242066290774 12221.731654120023
41.01288446369977 17470.713816821863
41.04334826449181 18391.98547009268
41.07381206528384 15864.206999278937
41.10427586607587 13987.162972018268
41.1347396668679 16787.968319290732
41.165203467659936 24568.892286789873
41.19566726845197 33476.440066183925
41.226131069244 38837.959851462256
41.25659487003603 38560.181456382285
41.287058670828074 33599.17550451642
41.317522471620094 26370.678833191912
41.34798627241213 19125.91249320599
41.37845007320416 13118.673147751548
41.4089138739962 8658.136310802194
41.43937767478823 5721.0837219040095
41.46984147558025 4426.187024679092
41.50030527637229 4975.307720465838
41.53076907716433 7295.0734177806835
41.56123287795636 10784.288990618292
41.59169667874839 14329.006404125836
41.622160479540426 16542.05562774319
41.65262428033245 16223.415414002862
41.68308808112449 13085.958671220891
41.71355188191652 8399.091211087958
41.74401568270856 4808.722617375249
41.77447948350058 5021.794467422576
41.80494328429262 9930.448398564407
41.835407085084654 17486.217651000396
41.86587088587668 23545.045475987605
41.89633468666872 24441.633394998327
41.92679848746075 19542.721691365183
41.95726228825279 11729.154887199207
41.987726089044806 5094.332915231171
42.01818988983685 1854.5075234068304
42.04865369062888 1351.0459741144853
42.0791174914209 1584.113960339156
42.109581292212944 1340.2563651994433
42.14004509300498 883.4673101590331
42.170508893797006 867.0168283411908
42.20097269458904 1133.7416267385859
42.23143649538108 1055.422225992519
42.26190029617311 833.234412905601
42.29236409696514 1858.459136413604
42.322827897757165 5381.550599421583
42.35329169854921 10712.719207669403
42.38375549934124 15116.45694520334
42.41421930013327 15934.927367012568
42.444683100925296 12703.19734797903
42.47514690171734 7312.623869989867
42.505610702509365 2556.191128111895
42.5360745033014 267.1024139395714
42.56653830409344 381.46542551490376
42.59700210488546 1568.4110281175704
42.6274659056775 2527.591373957537
42.65792970646953 2804.6588531650227
42.688393507261566 2817.2138243560826
42.7188573080536 3320.2090210861697
42.74932110884562 4629.775340317786
42.77978490963766 6107.654107644942
42.8102487104297 6563.6964182343645
42.84071251122173 5398.069371282999
42.87117631201376 3447.3888668047625
42.901640112805794 2686.2241303021688
42.932103913597835 4728.529702007767
42.962567714389856 9358.27417094118
42.99303151518189 14648.883787383056
43.02349531597392 18585.76159606295
43.05395911676595 20525.931990741126
43.084422917557994 21105.48773737976
43.114886718350014 20951.006766538125
43.145350519142056 19776.660574448975
43.17581431993408 16795.908464348737
43.20627812072612 11913.239123113051
43.23674192151815 6391.873919072776
43.26720572231017 2157.305840754823
43.29766952310221 315.8230721377447
43.32813332389425 387.6499498514958
43.35859712468629 953.9676718408958
43.38906092547831 963.2827322134749
43.419524726270346 485.89631042498314
43.44998852706238 339.390950399787
43.480452327854415 1057.10643855877
43.51091612864644 2208.440286251573
43.54137992943848 2723.2570135697524
43.57184373023051 2003.656306932798
43.60230753102254 754.1677643169755
43.632771331814574 623.8347430348017
43.66323513260661 2809.5078042264204
43.69369893339864 6697.956593976724
43.72416273419067 9934.443039006976
43.75462653498271 10169.337660073372
43.78509033577473 7032.76568772172
43.81555413656677 2681.298211464713
43.8460179373588 407.7341138621084
43.87648173815084 2279.6363883985755
43.90694553894287 7669.886597611024
43.9374093397349 13747.641316445697
43.967873140526926 17220.940837635397
43.99833694131897 16092.346056493547
44.028800742111 10897.816328244937
44.05926454290303 4791.143739301315
44.08972834369506 1791.6760996370044
44.1201921444871 4192.512079545174
44.15065594527913 10955.108922334464
44.18111974607116 18067.61289076592
44.2115835468632 21026.11908931275
44.242047347655216 18114.50502167128
44.27251114844726 11519.98756390212
44.302974949239285 5069.849971751857
44.33343875003133 1206.7756075303755
44.36390255082336 23.2854518081948
44.39436635161538 356.9604465916367
44.424830152407424 1332.1159927281567
44.45529395319945 2731.3469999143786
44.485757753991486 4112.044156238405
44.51622155478352 4460.892403440112
44.546685355575555 3285.356656686038
44.57714915636758 1832.4038481391424
44.60761295715962 2713.858951021254
44.63807675795165 7667.451438030179
44.668540558743686 15469.45181366655
44.699004359535714 22369.301735813606
44.729468160327755 24725.60530722668
44.759931961119776 21452.97040944797
44.79039576191181 14511.956172388907
44.82085956270384 7301.111919831922
44.85132336349588 2364.6083914614806
44.88178716428792 359.5111102240294
44.912250965079934 616.8734026765699
44.942714765871976 2044.6094847433408
44.97317856666401 3640.8836800917065
45.00364236745604 4769.561898078299
45.03410616824807 5283.349283963507
45.06456996904011 5392.300413983249
45.09503376983214 5331.403628251549
45.12549757062417 5117.593526505325
45.15596137141621 4626.01906873244
45.18642517220824 3832.612245211591
45.216888973000266 2895.237318024401
45.2473527737923 2067.4747034317256
45.277816574584335 1757.9450731191898
45.30828037537637 2804.16434405702
45.3387441761684 6455.383779382535
45.36920797696043 13503.237073292627
45.399671777752474 22942.979728762053
45.430135578544494 31563.669195273167
45.46059937933653 35582.365897995165
45.49106318012856 33588.49479755127
45.5215269809206 28130.918874786876
45.55199078171263 24177.85284121708
45.58245458250465 25697.907911999428
45.61291838329669 32717.027779282045
45.64338218408873 40909.402131448034
45.67384598488076 44724.38557825788
45.70430978567279 41499.879599969325
45.734773586464826 32657.844156187595
45.765237387256846 21871.880111210605
45.79570118804889 12608.490263154426
45.82616498884092 6556.919733867881
45.85662878963296 3506.880167017719
45.88709259042498 2360.969526729513
45.91755639121702 2182.916301783908
45.94802019200905 2591.2629722415463
45.97848399280108 3674.305581755412
46.00894779359312 5802.568596835273
46.03941159438515 9347.645931462957
46.069875395177185 14164.282053244824
46.100339195969205 19048.06352000976
46.13080299676125 21776.66948354127
46.16126679755328 20326.905246868737
46.1917305983453 14882.201835553968
46.222194399137344 8676.217287041914
46.25265819992938 6124.217615815723
46.283122000721406 9457.613032841795
46.31358580151344 16606.25207734041
46.344049602305475 22257.650396714536
46.37451340309751 21863.863826985635
46.40497720388954 15359.284516142
46.43544100468157 6958.640861322936
46.465904805473606 1344.0785388833604
46.49636860626564 26.90732705837445
46.526832407057675 1028.3288070889585
46.557296207849696 1628.5717504057488
46.58776000864174 1040.8280950825472
46.618223809433765 398.5285544900352
46.6486876102258 701.6123507525393
46.67915141101784 1466.4715058459672
46.70961521180986 1668.0601327612183
46.740079012601896 1622.9101095822923
46.77054281339393 3129.6328759667686
46.801006614185965 7364.058487600791
46.831470414978 12903.782585895367
46.86193421577003 16305.19711704272
46.89239801656206 15038.003119445662
46.9228618173541 9831.047943518615
46.95332561814613 4091.361428859949
46.98378941893816 1143.8075421956903
47.01425321973019 1638.3487654382595
47.044717020522235 3515.2262967079423
47.075180821314255 4561.6101001567295
47.10564462210629 4423.484340557765
47.13610842289832 4351.545651466845
47.16657222369035 5683.840114416093
47.197036024482394 8550.249624954738
47.227499825274414 11818.42561942953
47.257963626066456 14134.077829599644
47.28842742685848 15419.868831042517
47.31889122765052 17457.46348452179
47.34935502844255 21508.845287335163
47.37981882923459 25725.792898096617
47.41028263002661 26286.538532636452
47.44074643081865 21009.428115655057
47.47121023161068 12101.501964070396
47.50167403240271 4958.499173846643
47.532137833194746 3609.3284069790648
47.56260163398679 7525.691737274215
47.593065434778815 12317.554027416165
47.62352923557084 13552.73862288706
47.65399303636288 10438.27743556308
47.68445683715491 5605.483101475072
47.71492063794694 1954.225831681318
47.74538443873897 355.33063366662714
47.77584823953101 29.464210228960408
47.80631204032304 685.4488580706844
47.83677584111507 3394.9392192071414
47.867239641907105 8847.626691901662
47.89770344269914 15463.22834938536
47.92816724349117 19960.73154331406
47.9586310442832 20039.327678752838
47.98909484507524 16579.53666060875
48.01955864586727 13026.212559095933
48.0500224466593 12463.940446895014
48.080486247451326 15487.887566690211
48.11095004824337 20631.410381512545
48.141413849035395 25992.299010613762
48.17187764982743 30115.56955781881
48.20234145061946 31725.473909424774
48.2328052514115 29673.50206745972
48.263269052203526 24234.713668523164
48.29373285299556 18077.66240417889
48.3241966537876 14593.159639265425
48.354660454579616 14769.942473711404
48.38512425537166 16106.769542303213
48.415588056163685 14948.277008645991
48.44605185695573 10115.700730593751
48.47651565774776 4151.387918799112
48.50697945853978 621.5970445256196
48.53744325933182 499.7164558265829
48.56790706012386 1702.6577938840167
48.598370860915885 1810.047249556856
48.62883466170792 653.7075251382661
48.659298462499954 16.544459327797416
48.68976226329198 1078.3225528476296
48.72022606408402 2877.820128542113
48.75068986487605 3575.211347835347
48.781153665668086 2720.047934248826
48.81161746646011 1629.6534863965855
48.842081267252155 1616.4419362460092
48.872545068044175 2447.800824062848
48.90300886883621 2811.4420969626053
48.93347266962824 2167.3289480617505
48.96393647042028 1664.1143776525366
48.994400271212314 2850.402433879346
49.024864072004334 5792.544603102214
49.055327872796376 8781.798766830518
49.08579167358841 9863.431678190202
49.11625547438044 8544.170398947708
49.14671927517247 5923.341497080286
49.17718307596451 3429.6183496777444
49.20764687675654 1734.863061975724
49.23811067754857 741.7644232362159
49.2685744783406 218.12939578227252
49.29903827913264 116.45592700463662
49.32950207992467 376.43751220593686
49.35996588071671 780.1102954295966
49.390429681508735 1102.7904158807028
49.42089348230077 1285.9377490506295
49.4513572830928 1429.1259972473636
49.48182108388483 1725.7856774040636
49.51228488467687 2455.9471579745928
49.542748685468894 3829.439534790205
49.57321248626093 5552.0191383353795
49.60367628705296 6629.426810847465
49.634140087845 6118.71738089728
49.664603888637025 4559.873915287059
49.69506768942906 4592.921036375731
49.72553149022109 9363.657484186431
49.75599529101313 19416.625015947415
49.78645909180516 31000.777696606456
49.81692289259719 38008.917989825626
49.847386693389225 36381.188402969565
49.877850494181246 27198.19677034563
49.90831429497329 15738.400102746193
49.93877809576532 7495.8394560210945
49.96924189655736 4605.292339552462
49.99970569734938 5351.991217055576
50.03016949814142 6565.868154557723
50.060633298933446 6272.4639108488045
50.09109709972548 4452.594693962425
50.12156090051752 2165.3023981019815
50.15202470130954 531.5124958349681
50.182488502101585 363.75290482905217
50.212952302893605 2088.9211008554234
50.24341610368565 5487.948875769684
50.27387990447768 9435.580153872615
50.3043437052697 12236.633546965075
50.33480750606174 12677.708783892804
50.36527130685378 10917.235186886048
50.395735107645805 8337.948642384652
50.42619890843784 6548.362153139223
50.456662709229875 6369.539127145314
50.48712651002191 7526.596809985977
50.51759031081394 9148.286382756909
50.54805411160597 10466.62472080322
50.578517912398006 11112.343068240336
50.60898171319004 11006.683722128413
50.639445513982075 10181.063353300891
50.669909314774095 8730.967136821546
50.70037311556614 6887.479191393584
50.730836916358165 5104.610849110776
50.7613007171502 4100.7071574711845
50.791764517942234 4745.325106509109
50.82222831873426 7612.564386889195
50.852692119526296 12368.556140623432
50.88315592031833 17630.029080613425
50.913619721110365 21575.10087379845
50.9440835219024 22865.143794286283
50.97454732269443 21404.206139016227
51.00501112348646 18565.59928966327
51.035474924278496 16417.286320972195
51.06593872507052 16193.117542854368
51.09640252586256 17351.299538240757
51.12686632665459 18102.733875893817
51.157330127446635 16845.089083359668
51.187793928238655 13546.158931229527
51.21825772903069 10201.866022063488
51.24872152982272 9521.029736879507
51.27918533061476 12612.667320968247
51.30964913140679 18009.70361500627
51.340112932198814 22850.238106294957
51.370576732990855 24796.17778568778
51.40104053378288 23208.632723613464
51.43150433457492 19111.557591398436
51.46196813536695 14238.124461895251
51.49243193615899 9953.752083333902
51.52289573695101 6776.245541719579
51.55335953774305 4573.561161874967
51.58382333853508 3007.9936699711325
51.61428713932711 1872.1041301900343
51.644750940119145 1215.2336110688002
51.67521474091117 1217.3624216600258
51.705678541703215 1855.2245999735196
51.73614234249524 2648.6775634304254
51.76660614328728 2851.3653200218796
51.79706994407931 2091.6619249400374
51.82753374487134 867.5220145546372
51.857997545663366 272.03553197951385
51.88846134645541 1163.2607502689943
51.91892514724744 3519.762795850205
51.94938894803946 6493.404179393996
51.979852748831505 9072.588080111447
52.01031654962354 10550.62854043616
52.04078035041557 10444.286974180655
52.0712441512076 8524.37389328787
52.10170795199964 5201.169035195848
52.13217175279167 1797.5876873004306
52.1626355535837 172.93450242079848
52.193099354375725 1476.1728278704447
52.22356315516777 5013.288600742514
52.254026955959795 8569.432433011638
52.28449075675183 10022.506666954425
52.31495455754386 8833.429909287142
52.3454183583359 6150.946010201544
52.375882159127926 3612.4256004163713
52.40634595991996 2164.026582534032
52.436809760712 1830.4998187762556
52.46727356150402 2155.1062516487905
52.49773736229606 2585.015302864876
52.528201163088085 2599.0047008516663
52.558664963880126 1980.512642976092
52.589128764672154 1350.4278243265685
52.61959256546418 2273.6023136127087
52.65005636625622 6279.375405137324
52.68052016704826 13237.973232991477
52.710983967840285 20531.24328239628
52.74144776863232 24210.11088181311
52.771911569424354 21718.94265129576
52.80237537021638 14058.576362960415
52.832839171008416 5426.939411055152
52.86330297180045 524.7142294786217
52.893766772592485 1583.6188061664484
52.92423057338451 7190.9352578581675
52.954694374176555 13500.08782008072
52.985158174968575 16899.117730740087
53.01562197576061 16337.448415440933
53.04608577655264 13510.647839843596
53.07654957734468 10969.448176064809
53.10701337813671 10230.019104247587
53.137477178928734 11209.66661813917
53.167940979720775 12700.29898549097
53.19840478051281 13398.940683989904
53.228868581304845 12825.14083721795
53.25933238209687 11337.719276699107
53.28979618288891 9523.861991054739
53.32025998368094 7783.140276162262
53.35072378447297 6238.302267884565
53.381187585265 4776.20220701131
53.41165138605704 3335.005673275168
53.44211518684907 2483.6114671750715
53.47257898764109 3725.8013394628015
53.503042788433135 8711.556821544926
53.53350658922517 17399.89967288682
53.5639703900172 26820.465016645725
53.59443419080923 32395.391116664297
53.62489799160127 31174.550221295383
53.65536179239329 23969.23484347671
53.68582559318533 14617.715859045347
53.71628939397736 7134.767324796215
53.7467531947694 3125.9497014640788
53.777216995561425 1861.7137861591127
53.80768079635346 2434.7207691846625
53.83814459714549 4828.612921582035
53.86860839793753 8642.121408006573
53.89907219872956 11683.181552953592
53.92953599952159 11085.383075077203
53.95999980031362 6451.328356436817
53.990463601105645 1365.5267892864579
54.02092740189769 593.1470141455283
54.05139120268972 5179.498974337734
54.08185500348176 10951.840890498292
54.11231880427378 12462.681396514576
54.14278260506582 8361.880587333219
54.173246405857846 2862.4803637565715
54.20371020664988 1647.5978366963573
54.23417400744192 6143.8262130875355
54.26463780823394 12142.85463439849
54.295101609025984 14009.57168862982
54.325565409818005 10075.246959013422
54.356029210610046 3974.8280994681886
54.38649301140208 859.1848659870996
54.41695681219412 2794.626950738655
54.44742061298614 7649.013543317638
54.47788441377818 11494.17808845286
54.508348214570205 11986.57411968294
54.53881201536224 9975.224898442231
54.569275816154274 8253.299101548493
54.59973961694631 8898.901714488462
54.630203417738336 11496.673809172882
54.66066721853037 13491.165664735983
54.691131019322405 12363.540212030823
54.72159482011444 7985.220940910591
54.752058620906475 2984.176199353568
54.782522421698495 539.9027553383489
54.81298622249054 1689.5756546425473
54.84345002328257 4581.724188971309
54.8739138240746 6224.420598116422
54.90437762486663 5187.965129792571
54.93484142565866 2624.36195274312
54.965305226450695 613.3621761343511
54.99576902724273 1.7639921266307992
55.026232828034765 247.2848703960053
55.0566966288268 1097.2953351420135
55.08716042961883 3791.4867816642336
55.11762423041086 9922.820768672627
55.148088031202896 18925.856722572575
55.17855183199493 27299.562831647512
55.20901563278696 30805.607691846413
55.23947943357899 27710.591113829327
55.269943234371034 20400.369879668804
55.300407035163055 13868.51869656189
55.33087083595509 12111.602640036836
55.36133463674712 15449.315496548268
55.39179843753916 20677.548229833028
55.42226223833119 23439.396289376713
55.45272603912321 20951.551559271826
55.48318983991525 13740.264162652373
55.51365364070728 5681.807089367273
55.54411744149932 1775.3639648279077
55.57458124229135 4601.163758630937
55.605045043083386 12369.298701366828
55.63550884387541 20285.835085847462
55.66597264466745 23858.32911507763
55.69643644545948 21582.42026180847
55.72690024625151 15401.69016760278
55.75736404704354 8779.909679938897
55.78782784783557 4049.6554423313655
55.818291648627614 1493.3077940364817
55.84875544941964 394.5642943912888
55.87921925021168 161.02119368563282
55.90968305100371 448.9199850861797
55.94014685179574 833.1327209927952
55.970610652587766 861.8934336815249
56.00107445337981 507.7166620040021
56.03153825417184 261.07907460862765
56.06200205496386 530.859431627233
56.092465855755904 1063.255915801994
56.12292965654794 1181.5051884675067
56.153393457339966 633.1706556619353
56.183857258132 66.81965580440686
56.21432105892404 477.8098174010868
56.24478485971607 2121.972811603466
56.2752486605081 4133.792656387457
56.305712461300125 5234.905270994784
56.33617626209217 4739.863075333481
56.3666400628842 3028.9707398266614
56.39710386367623 1199.8563505308969
56.427567664468256 222.1512059890744
56.4580314652603 362.68234048362234
56.488495266052325 1279.0879049642926
56.51895906684436 2445.5964256354814
56.5494228676364 3461.0627188732983
56.57988666842842 4125.815558130173
56.61035046922046 4402.189489393367
56.64081427001249 4368.100235217364
56.671278070804526 4170.986015679361
56.70174187159655 3956.3958789548687
56.73220567238858 3806.773183966788
56.76266947318062 3761.743364258148
56.79313327397266 3932.3319519120414
56.823597074764685 4604.296807218191
56.85406087555672 6136.1835083302685
56.884524676348754 8567.783938876453
56.91498847714078 11225.022187615605
56.945452277932816 12870.157655179231
56.97591607872485 12559.27826958514
57.006379879516885 10461.525982922509
57.03684368030891 7694.745406291102
57.067307481100954 5303.6947912196665
57.097771281892975 3468.5623883212
57.128235082685016 1798.0444077092768
57.15869888347704 379.3127562870091
57.18916268426908 164.79177237430244
57.21962648506111 1910.9222039099288
57.25009028585313 4794.5547101490665
57.280554086645175 6530.802552839835
57.31101788743721 5425.2094257515455
57.34148168822925 2409.6722112862926
57.37194548902127 524.4800597277995
57.402409289813306 2029.3551971424688
57.43287309060534 6096.26264303356
57.46333689139737 9487.570248271395
57.4938006921894 9552.937991142286
57.52426449298144 6509.894112201392
57.55472829377347 2846.257052396241
57.58519209456549 752.5859304892855
57.615655895357534 413.6011343156413
57.64611969614957 733.6017239057218
57.6765834969416 1084.1920910267172
57.70704729773363 1839.9590632683585
57.73751109852567 3498.987504074409
57.76797489931769 5812.513856111488
57.79843870010973 7934.385438032037
57.82890250090176 9232.346225194768
57.8593663016938 9697.458469018307
57.889830102485824 9578.221066168711
57.92029390327786 8910.945701964012
57.950757704069886 7648.344851296283
57.98122150486193 6132.991094209844
58.01168530565396 4980.793927632465
58.04214910644599 4327.918067380014
58.07261290723802 3665.795427856332
58.103076708030045 2628.3791800833433
58.13354050882209 1520.7440078429638
58.16400430961412 863.5899736875364
58.19446811040616 677.942711054004
58.224931911198176 580.3178330869267
58.25539571199022 636.3973791984316
58.285859512782245 1635.960560174182
58.31632331357429 4026.6258641035374
58.34678711436632 6674.137124628862
58.37725091515834 7361.032807326902
58.407714715950384 5129.354562642422
58.43817851674241 1940.741310235947
58.468642317534446 1316.1313943234454
58.49910611832648 4941.896320606566
58.52956991911852 10727.936900767963
58.56003371991054 14515.959953206531
58.59049752070258 13857.502914132448
58.620961321494605 9946.414787710488
58.65142512228664 5815.351010120857
58.681888923078674 3274.660251017754
58.712352723870715 1994.338832748704
58.742816524662736 986.6227103370296
58.77328032545477 331.65625754188375
58.803744126246805 1085.1550990401352
58.83420792703884 3610.191015191289
58.864671727830874 6734.075941129176
58.895135528622895 8735.336944648225
58.925599329414936 8859.360492838421
58.95606313020697 7903.340188482313
58.986526930999 7407.576380846691
59.01699073179103 8428.55519970033
59.04745453258307 11057.004280882951
59.0779183333751 14596.454895977904
59.10838213416713 17809.42605899251
59.13884593495917 19127.097382323074
59.1693097357512 17416.034596368507
59.199773536543226 13196.524762618568
59.23023733733526 8668.876893937044
59.260701138127295 5952.08175993651
59.29116493891933 5309.7041015460645
59.32162873971136 5266.024934364396
59.35209254050339 4423.2213097638605
59.382556341295434 2881.54285456042
59.413020142087454 1809.9666374165224
59.44348394287949 1889.8483797310416
59.47394774367152 2504.0592081864256
59.50441154446356 2619.9465720591847
59.53487534525559 2063.113472073864
59.56533914604761 1479.7026473939477
59.59580294683965 1303.0763003499364
59.62626674763168 1191.5882962672194
59.65673054842372 683.8985166209128
59.68719434921575 212.08802792344585
59.717658150007786 879.3734946309119
59.748121950799806 3080.5348295633185
59.77858575159185 5718.711613525392
59.80904955238388 7054.566820625382
59.83951335317591 6385.36800361215
59.86997715396794 4688.683947997559
59.90044095475998 3488.2267574350485
59.93090475555201 3422.283077681312
59.96136855634404 4057.4367116000976
59.99183235713608 4685.898028647178
60.02229615792811 4952.452834526683
60.05275995872014 4746.250075229957
60.083223759512165 3883.683364012696
60.11368756030421 2337.873632617729
60.14415136109624 781.5280317786846
60.17461516188826 455.7162027506152
60.205078962680304 2116.0979368733983
60.23554276347234 5157.401260141876
60.266006564264366 8006.141583290209
60.2964703650564 9434.770429806062
60.32693416584844 9382.238580203168
60.35739796664047 8491.55847496607
60.3878617674325 7164.13434066385
60.418325568224525 5331.20872282984
60.448789369016566 3090.0975637382708
60.4792531698086 1309.8514189606235
60.509716970600635 1208.9422191206147
60.540180771392656 3175.3152829629366
60.5706445721847 6221.010056303995
60.601108372976725 8674.095796915039
60.63157217376876 9368.746308924947
60.6620359745608 8281.636907670963
60.69249977535282 6215.699370738473
60.722963576144856 4083.294704978942
60.75342737693689 2477.692563449464
60.783891177728925 1602.0265437512783
60.81435497852095 1320.8465126359204
60.84481877931299 1263.490339827158
60.87528258010502 1056.5810951682715
60.90574638089706 610.7461941512962
60.93621018168909 169.93831386265293
60.96667398248112 13.8567340282682
60.99713778327315 122.79381475107166
61.027601584065195 205.58853655275217
61.058065384857215 89.78657034972728
61.08852918564925 13.455287347271112
61.11899298644128 455.29264827363926
61.14945678723331 1676.9749110234195
61.179920588025354 3429.4518230485
61.210384388817374 5094.273451310407
61.240848189609416 6114.12600097217
61.27131199040144 6291.1469370381765
61.30177579119348 5762.966183876905
61.33223959198551 4828.813280074678
61.36270339277753 3806.5622277986095
61.39316719356957 2952.7810741226226
61.42363099436161 2417.2074708771825
61.45409479515364 2225.3998979521953
61.48455859594567 2291.75706394968
61.515022396737706 2432.1124474171374
61.54548619752974 2388.8691411588
61.57594999832177 1974.1798719052767
61.6064137991138 1341.934636066482
61.63687759990584 1105.0767657195345
61.66734140069787 2014.922425441408
61.6978052014899 4361.836294929296
61.72826900228193 7550.031618498314
61.75873280307397 10246.49882653861
61.789196603866 11204.956043215523
61.81966040465803 10171.90970782989
61.85012420545007 7946.859873370854
61.88058800624209 5598.428980395425
61.91105180703413 3776.147538188077
61.94151560782616 2631.650941146827
61.9719794086182 2058.8138637299435
62.002443209410224 1869.905358440322
62.03290701020226 1824.718296493188
62.063370810994286 1668.020360412962
62.09383461178633 1279.5897927854664
62.12429841257836 789.6286968147075
62.15476221337039 462.00572462808816
62.18522601416242 425.0750495703727
62.21568981495446 578.0293085420121
62.246153615746486 793.1935473115518
62.27661741653852 1136.7451482016077
62.30708121733056 1805.6564032517888
62.337545018122576 2840.7433062497407
62.36800881891462 3987.3456716493297
62.398472619706645 4878.7166259491605
62.42893642049869 5269.492772546333
62.45940022129072 5060.930886761996
62.48986402208274 4286.355275679389
62.52032782287478 3292.431354945867
62.55079162366681 2844.656047517569
62.581255424458845 3661.41660597784
62.61171922525088 5552.004808354512
62.642183026042915 7167.755155658619
62.67264682683494 7001.622140542228
62.70311062762698 4845.406342894912
62.73357442841901 2335.17879185166
62.76403822921104 1866.7818103433076
62.79450203000307 4449.911731194345
62.824965830795115 8553.217341723708
62.855429631587135 11343.020152647176
62.88589343237917 11030.5632147895
62.9163572331712 8149.537964996869
62.94682103396324 4912.805066782616
62.977284834755274 3353.671044246169
63.007748635547294 3909.399048267384
63.038212436339336 5551.869288672422
63.06867623713137 6901.80294880614
63.0991400379234 7097.445300167688
63.12960383871543 6011.072541780898
63.16006763950747 4124.432120322998
63.1905314402995 2259.423573148169
63.22099524109153 1174.9555218354715
63.25145904188356 1139.3850066364116
63.2819228426756 1756.7652238994815
63.312386643467626 2292.2832592789046
63.34285044425966 2263.4799826372014
63.373314245051695 1729.0078879427335
63.40377804584373 1067.911707972418
63.43424184663576 589.805207926619
63.46470564742779 401.0768123968856
63.49516944821983 543.3974942059082
63.52563324901185 1085.0892003845547
63.55609704980389 1996.0957838202823
63.58656085059592 3003.7594580082805
63.61702465138796 3706.0096822704345
63.64748845217999 3884.4544333427352
63.67795225297201 3679.33654495724
63.70841605376405 3497.464110565574
63.73887985455608 3837.4324179935256
63.76934365534812 5124.302335495187
63.79980745614015 7437.472707912746
63.830271256932186 10164.987975085332
63.860735057724206 12011.544674193909
63.89119885851625 11737.64548494294
63.92166265930828 9185.853712681092
63.95212646010031 5600.329473832852
63.98259026089234 2781.164082536288
64.01305406168437 1701.5866819166683
64.0435178624764 1991.3459794875737
64.07398166326844 2876.697152136792
64.10444546406048 4324.69465784913
64.1349092648525 6902.058088057899
64.16537306564453 10454.28060926141
64.19583686643657 13321.4750045231
64.2263006672286 13425.118015693812
64.25676446802063 10216.960746639315
64.28722826881267 5419.601526596604
64.3176920696047 1710.6053656459624
64.34815587039672 455.50833973311614
64.37861967118876 834.8283472733463
64.4090834719808 1205.5426695684023
64.43954727277283 876.0230217510093
64.47001107356486 405.236107514308
64.5004748743569 448.14696099848976
64.53093867514893 764.2639102272301
64.56140247594095 703.2531234893794
64.59186627673299 398.09539052357275
64.62233007752502 938.3318249902129
64.65279387831706 3100.396822916893
64.68325767910909 6030.096294642249
64.71372147990112 7630.998202919452
64.74418528069316 6503.150629645982
64.77464908148518 3400.94075928714
64.80511288227721 772.9207216705104
64.83557668306925 812.9091868551524
64.86604048386128 3673.334697097376
64.89650428465332 7413.840768014282
64.92696808544535 9683.197083429672
64.95743188623739 9415.14449092046
64.98789568702941 7158.959460629743
65.01835948782144 4294.958490717416
65.04882328861348 2035.02884385889
65.07928708940551 847.447992899415
65.10975089019755 536.8427429908984
65.14021469098958 695.0059126343716
65.17067849178162 1031.3122458611015
65.20114229257364 1391.6992599317953
65.23160609336567 1646.8507063513507
65.26206989415769 1734.7690291555532
65.29253369494974 1864.4663527483024
65.32299749574177 2550.4345076300506
65.35346129653381 4233.520738044802
65.38392509732584 6722.5477967665465
65.41438889811785 9039.114012125983
65.4448526989099 10002.626483109467
65.47531649970193 9158.529554703491
65.50578030049397 7131.33075957212
65.536244101286 5008.901937709473
65.56670790207804 3482.674029063335
65.59717170287007 2615.116009022968
65.6276355036621 2258.6891364119565
65.65809930445413 2481.4104000817497
65.68856310524616 3402.2873790501912
65.7190269060382 4633.169915569849
65.74949070683023 5185.442164162168
65.77995450762225 4250.406624468554
65.8104183084143 2207.438383567453
65.84088210920633 741.3321978345997
65.87134590999835 1704.9178729583643
65.90180971079039 5669.875726334713
65.93227351158242 11437.213674182616
65.96273731237446 16833.06036077567
65.99320111316649 20039.40148305691
66.02366491395853 20440.649758360803
66.05412871475056 18552.232254846844
66.08459251554258 15371.30897165421
66.11505631633462 11770.711699042035
66.14552011712665 8288.205462918819
66.17598391791869 5239.134728960148
66.20644771871072 2914.2520108671774
66.23691151950275 1677.2047305968183
66.26737532029479 1817.8267855865993
66.29783912108681 3168.602676046778
66.32830292187884 4896.590151769371
66.35876672267088 5943.392323610507
66.38923052346291 5848.629160266792
66.41969432425495 5151.695720125255
66.45015812504698 4999.455449230577
66.48062192583902 6251.478047004982
66.51108572663104 8739.32210712199
66.54154952742307 11339.471253884589
66.5720133282151 12783.208979288564
66.60247712900714 12402.8761223531
66.63294092979918 10346.237301249272
66.66340473059121 7339.2835016681665
66.69386853138325 4255.3040413187555
66.72433233217527 1825.841657257896
66.7547961329673 516.2505698809094
66.78525993375933 337.30161712578234
66.81572373455137 771.1206731165979
66.8461875353434 1126.8451410557363
66.87665133613544 1114.6902601923207
66.90711513692747 1089.1645759443206
66.9375789377195 1679.2024282579184
66.96804273851153 3109.287706067451
66.99850653930356 4839.8153462645005
67.0289703400956 5898.350101383737
67.05943414088763 5625.732027781923
67.08989794167967 4150.078017311424
67.1203617424717 2234.66545052123
67.15082554326372 728.1151573037533
67.18128934405576 53.76757537508199
67.21175314484779 73.96852792226063
67.24221694563983 350.20927100205887
67.27268074643186 501.2345814461659
67.3031445472239 394.10739547458127
67.33360834801593 143.19974015095147
67.36407214880796 18.380243592234336
67.39453594959998 347.1237111024936
67.42499975039202 1425.3383638120742
67.45546355118405 3396.11445997756
67.48592735197609 6071.029841227938
67.51639115276812 8808.043759193737
67.54685495356016 10679.80992200002
67.57731875435219 10961.824759244619
67.60778255514421 9592.327318560452
67.63824635593625 7241.856731368752
67.66871015672828 4942.236683495376
67.69917395752032 3473.2764770603308
67.72963775831235 2926.629207570571
67.76010155910438 2841.867260246265
67.79056535989642 2760.941423374068
67.82102916068844 2656.4184109431094
67.85149296148047 2927.108865630619
67.88195676227251 4041.8201264521526
67.91242056306454 6116.399312531954
67.94288436385658 8712.796993478414
67.97334816464861 10972.830522798844
68.00381196544065 12030.725503926544
68.03427576623267 11482.605395567956
68.0647395670247 9589.999460077655
68.09520336781674 7087.224569120911
68.12566716860877 4759.295753301846
68.1561309694008 3073.945606835991
68.18659477019284 2090.727789660251
68.21705857098488 1648.0352000592663
68.2475223717769 1571.6293856681116
68.27798617256893 1695.0452880607247
68.30844997336096 1797.6352665316956
68.338913774153 1671.2430737948118
68.36937757494503 1288.6969702092904
68.39984137573707 838.3035010010566
68.4303051765291 546.7173171502627
68.46076897732112 571.1987773281817
68.49123277811316 1213.8724924969997
68.52169657890519 3190.0663876769327
68.55216037969723 7357.8706682042
68.58262418048926 13791.846267382723
68.6130879812813 20973.37398236522
68.64355178207333 26084.5512495485
68.67401558286535 26626.780956243518
68.70447938365739 22343.611556060896
68.73494318444942 15612.647970570748
68.76540698524146 9665.921624302018
68.79587078603349 6344.666349185298
68.82633458682552 5309.327215751169
68.85679838761756 4937.921138500185
68.88726218840958 3923.576618733746
68.91772598920161 2227.249856745884
68.94818978999365 707.9201963487661
68.97865359078568 128.4592226732081
69.00911739157772 606.6947157545529
69.03958119236975 1787.5847939568328
69.07004499316179 3337.913815136032
69.10050879395381 5217.635314647396
69.13097259474584 7505.03981375963
69.16143639553788 10071.318897040883
69.19190019632991 12495.14560436551
69.22236399712195 14293.215243987195
69.25282779791398 15293.675014040307
69.28329159870601 15862.512673355566
69.31375539949804 16704.930028217794
69.34421920029007 18299.673514309383
69.37468300108209 20426.519665817475
69.40514680187414 22165.88492098649
69.43561060266617 22400.307857858017
69.46607440345821 20613.30156239938
69.49653820425024 17392.40675360931
69.52700200504228 14032.544951850276
69.5574658058343 11582.843962715291
69.58792960662633 10204.375049649165
69.61839340741837 9197.527699961518
69.6488572082104 7657.989401472256
69.67932100900244 5359.885943223813
69.70978480979447 3083.1405295688664
69.7402486105865 2063.292791790271
69.77071241137853 2979.456207796768
69.80117621217056 5144.294302731112
69.8316400129626 6647.029632246024
69.86210381375463 5780.4966214836395
69.89256761454665 2851.6614395301303
69.9230314153387 725.9976397560944
69.95349521613073 3243.9999123499806
69.98395901692275 12349.285186551508
70.01442281771479 26093.059657827547
70.04488661850682 39334.08685912199
70.07535041929886 46790.8980441625
70.10581422009089 46103.355587169644
70.13627802088293 38684.06557994722
70.16674182167496 28136.19120694879
70.19720562246698 17887.970455503717
70.22766942325902 9851.202520343762
70.25813322405105 4613.16350630885
70.28859702484309 2182.975038531647
70.31906082563512 2179.4365317626166
70.34952462642715 3637.2864157162
70.37998842721919 5193.980566739112
70.41045222801121 5831.684126202088
70.44091602880324 5607.5785806268495
70.47137982959528 5453.383905685404
70.50184363038731 6142.283621175082
70.53230743117935 7654.587483100019
70.56277123197138 9463.420035981231
70.59323503276342 11214.36275752577
70.62369883355544 12973.296391361862
70.65416263434747 14740.708141223651
70.6846264351395 16090.439969260824
70.71509023593154 16389.882377661437
70.74555403672358 14994.041119880392
70.77601783751561 11692.043344932767
70.80648163830764 7599.337091119205
70.83694543909967 4850.941595625832
70.8674092398917 4504.4681506078
70.89787304068373 5449.608348440268
70.92833684147577 5966.974256225998
70.9588006422678 5413.680356622777
70.98926444305984 4430.740759057127
71.01972824385187 4322.36806575464
71.0501920446439 5874.6251689174715
71.08065584543593 8245.070702990195
71.11111964622796 9455.371105392458
71.14158344702 8218.422526535815
71.17204724781203 5111.600389101578
71.20251104860407 2037.5898422671607
71.2329748493961 569.881163734678
71.26343865018814 739.0232954819759
71.29390245098016 1454.5715444462762
71.32436625177219 1897.015262816714
71.35483005256422 2263.290522633361
71.38529385335626 3253.5122282815014
71.4157576541483 4968.732276900204
71.44622145494033 6504.532743232734
71.47668525573236 6799.838899419515
71.50714905652438 5727.296974939488
71.53761285731642 4238.201451288221
71.56807665810845 3588.369019766233
71.59854045890049 4470.4631655736075
71.62900425969252 6703.86677021195
71.65946806048456 9469.250272738913
71.68993186127659 11704.387054165887
71.72039566206861 12519.991505257303
71.75085946286065 11740.342750877395
71.78132326365268 10326.970287040698
71.81178706444472 10042.88070465456
71.84225086523675 12163.910582630819
71.87271466602878 16082.387321310776
71.90317846682082 19247.227697121863
71.93364226761284 19014.29554411906
71.96410606840487 14912.244300613433
71.99456986919691 9068.504734510845
72.02503366998894 4383.204309747392
72.05549747078098 2259.1294845969614
72.08596127157301 1927.6399886345844
72.11642507236505 1738.566690398576
72.14688887315705 945.0263754054079
72.1773526739491 213.54461930357215
72.20781647474114 548.6525355215907
72.23828027553317 2023.7794316226953
72.2687440763252 3744.3995314495614
72.29920787711725 4825.6663332989865
72.32967167790926 5121.365536833645
72.3601354787013 5054.246006232644
72.39059927949333 4901.553608208131
72.42106308028536 4434.961965424838
72.45152688107741 3373.550828315085
72.48199068186942 1930.2154911588375
72.51245448266147 716.3164747727815
72.5429182834535 229.1876632350392
72.57338208424552 450.3693315904214
72.60384588503756 936.357846019504
72.63430968582958 1299.4781543736085
72.66477348662161 1492.742113963642
72.69523728741366 1702.6868134739896
72.7257010882057 2085.724364476639
72.75616488899773 2570.3027101400135
72.78662868978975 2927.767400477451
72.81709249058177 3005.8473766520565
72.84755629137382 2809.0144984542326
72.87802009216585 2432.1994616738657
72.9084838929579 2009.0159800630424
72.93894769374992 1672.2343997415992
72.96941149454196 1495.9029393432295
72.99987529533398 1455.0979134179177
73.03033909612601 1425.6566293394571
73.06080289691805 1226.036948076972
73.09126669771008 747.4234718230919
73.12173049850212 173.8399078559916
73.15219429929414 67.67614941708072
73.18265810008617 1066.1442008916974
73.2131219008782 3293.5322652814884
73.24358570167024 5938.81211549695
73.27404950246228 7537.8793570113585
73.30451330325431 7015.1665513604685
73.33497710404633 4606.829046737596
73.36544090483838 1784.9885143716228
73.39590470563041 268.05019351784097
73.42636850642243 815.2255125146897
73.45683230721448 2729.1680423627463
73.48729610800649 4558.694705618801
73.51775990879852 5241.4649775973085
73.54822370959057 4638.687606952226
73.5786875103826 3321.8896995650102
73.60915131117464 1994.1605215994116
73.63961511196668 1074.8563876105495
73.67007891275868 749.1806188265318
73.70054271355073 1092.9990486725594
73.73100651434275 1944.8178212271248
73.7614703151348 2846.8859453274454
73.79193411592684 3297.720109042122
73.82239791671887 3093.191263286113
73.85286171751089 2448.2356091536776
73.88332551830291 1775.1770550981391
73.91378931909496 1321.6932417037308
73.944253119887 1045.9874378555812
73.97471692067904 803.7772397741379
74.00518072147105 560.5764575187235
74.0356445222631 405.7970871247134
74.06610832305513 435.83706829044365
74.09657212384715 699.6214089476176
74.12703592463919 1264.0269783004903
74.15749972543122 2252.800541040527
74.18796352622324 3720.9649130439784
74.21842732701529 5468.732673611981
74.24889112780733 7022.387678548422
74.27935492859936 7828.165876610065
74.30981872939138 7525.191082500355
74.3402825301834 6156.290040534376
74.37074633097545 4196.230728238321
74.40121013176748 2334.734939487514
74.43167393255952 1110.7483826297207
74.46213773335155 644.3166948121368
74.49260153414359 663.1202125445269
74.52306533493561 764.7998285786985
74.55352913572764 699.2538608234704
74.58399293651968 487.5730057235974
74.61445673731171 297.3082546199256
74.64492053810375 210.50513450792187
74.67538433889578 157.5136283864672
74.7058481396878 71.22161618675412
74.73631194047982 37.47228102772821
74.76677574127187 247.78315254331457
74.7972395420639 796.3667721330936
74.82770334285594 1539.8965706482843
74.85816714364796 2175.9357407207126
74.88863094444001 2456.6072647959577
74.91909474523203 2352.043969790985
74.94955854602406 2068.9599077978737
74.98002234681611 1922.969945931865
75.01048614760813 2125.2855029244615
75.04094994840015 2617.624663345095
75.07141374919219 3151.1008926872946
75.10187754998422 3667.4443839828527
75.13234135077627 4666.186631879892
75.1628051515683 7000.066278912558
75.19326895236031 10891.797469483012
75.22373275315235 15030.888741191817
75.25419655394438 17063.776796146063
75.28466035473643 15453.151173651411
75.31512415552847 11180.678317711
75.3455879563205 7655.298824766632
75.37605175711253 8378.096620317061
75.40651555790454 14001.278257839498
75.43697935869659 21427.483916153527
75.46744315948862 25950.616118579383
75.49790696028067 24671.343005396087
75.5283707610727 18299.57471207392
75.55883456186474 10178.811949006851
75.58929836265676 3811.2143667259934
75.61976216344878 873.3202491783248
75.65022596424082 919.530109595508
75.68068976503285 2417.8098952782952
75.71115356582489 3842.909518510648
75.74161736661692 4245.42742326006
75.77208116740894 3451.403205315421
75.80254496820099 1983.4433212800843
75.83300876899301 682.5092759919003
75.86347256978505 126.21957484015076
75.8939363705771 234.8355371216284
75.9244001713691 464.54788336737727
75.95486397216115 439.9495710042714
75.98532777295318 347.5731110205773
76.01579157374522 636.6251458969563
76.04625537453725 1421.8459872562196
76.07671917532926 2307.716006079351
76.10718297612131 2790.040346600287
76.13764677691334 2737.086194136348
76.16811057770538 2403.681069233316
76.19857437849741 2067.2326451926724
76.22903817928945 1842.5034677374904
76.25950198008145 1915.3264532458484
76.2899657808735 2798.118332186904
76.32042958166554 5054.430202607539
76.35089338245757 8602.538245186795
76.3813571832496 12294.319314458382
76.41182098404165 14315.657623630108
76.44228478483366 13398.884138282936
76.4727485856257 9934.128199046392
76.50321238641774 5766.884750921828
76.53367618720976 2819.002957128647
76.5641399880018 1856.3286097278703
76.59460378879382 2232.579162876552
76.62506758958585 2587.520324377681
76.6555313903779 2047.1122518995353
76.68599519116992 965.8760647594901
76.71645899196196 432.0615654337237
76.74692279275398 1078.7705930499371
76.77738659354601 2405.887955760968
76.80785039433806 3170.113301079984
76.8383141951301 2597.8648767071686
76.86877799592213 1312.0109401367042
76.89924179671415 813.1816159541504
76.92970559750617 1999.1308391683467
76.96016939829822 4242.130312360006
76.99063319909025 5851.29114312929
77.02109699988227 5573.056024306941
77.05156080067432 3704.479977490868
77.08202460146637 1702.9731618811231
77.11248840225836 871.8081548723109
77.14295220305041 1394.2115809709671
77.17341600384243 2410.712534555281
77.20387980463448 2894.232303730313
77.23434360542652 2453.207082933954
77.26480740621854 1513.345238083756
77.29527120701057 875.5398002706122
77.32573500780262 1077.3929799617708
77.35619880859464 2078.84896560923
77.38666260938668 3277.5921880476926
77.41712641017871 3843.1310980937296
77.44759021097073 3355.1659927809046
77.47805401176278 2179.429971285402
77.50851781255481 1184.2565123046147
77.53898161334685 1022.4200999493733
77.56944541413888 1596.3787591992418
77.59990921493089 2246.927010886171
77.63037301572294 2419.542499115039
77.66083681651497 2123.1299731441186
77.69130061730701 1762.190346171727
77.72176441809904 1554.2194444631502
77.75222821889108 1318.4599204951662
77.78269201968308 861.6160173129334
77.81315582047513 332.2274223222612
77.84361962126717 124.0218393049066
77.8740834220592 495.43714055352086
77.90454722285124 1345.7659697881454
77.93501102364328 2362.3860280952467
77.96547482443529 3242.1984754822806
77.99593862522732 3699.334874239072
78.02640242601936 3467.3844342175485
78.0568662268114 2559.3996372750903
78.08733002760343 1530.501201644351
78.11779382839545 1259.4190908461733
78.14825762918748 2220.570230129285
78.17872142997953 3980.347624737437
78.20918523077155 5697.843552569074
78.23964903156359 7177.788098465193
78.27011283235562 9213.893238970088
78.30057663314764 12686.485635099423
78.33104043393969 17124.167094754863
78.36150423473171 20319.15357352573
78.39196803552376 19931.644205168734
78.42243183631578 15737.706504749196
78.4528956371078 10060.847696397963
78.48335943789985 5868.510816583555
78.51382323869187 4560.924619512776
78.5442870394839 5322.295955022659
78.57475084027595 6114.756218018792
78.605214641068 5491.8212930608
78.63567844186 3818.8192947136326
78.66614224265203 2701.291667721279
78.69660604344406 3396.245785925457
78.72706984423611 5855.186509301306
78.75753364502815 8810.796335073881
78.78799744582018 10519.191709369365
78.8184612466122 9860.790005870338
78.84892504740422 7187.815282638102
78.87938884819627 4058.3518862637584
78.9098526489883 2017.2280663437307
78.94031644978034 1617.8866241217156
78.97078025057237 2308.510240945181
79.00124405136441 3089.6929650759103
79.03170785215644 3484.7501926464984
79.06217165294848 3747.696240111312
79.09263545374051 4125.495894552776
79.12309925453253 4404.712312605771
79.15356305532458 4188.414356474176
79.1840268561166 3366.697188066763
79.21449065690862 2364.0289180352247
79.24495445770067 1784.8016035669511
79.2754182584927 1771.2694610395552
79.30588205928473 1980.4782625705727
79.33634586007676 2132.654497043488
79.36680966086878 2307.1937860864355
79.39727346166083 2654.9003514034785
79.42773726245287 2979.2499953812526
79.45820106324491 2809.674382356068
79.48866486403693 1942.5972340559824
79.51912866482894 793.9414345616377
79.54959246562099 75.53015957041625
79.58005626641302 115.7763081803522
79.61052006720506 620.2494429414857
79.6409838679971 1078.112902285486
79.67144766878911 1251.4950888303094
79.70191146958115 1222.2521919572835
79.73237527037318 1079.8060494900008
79.76283907116522 797.6983517934977
79.79330287195725 519.7463642344136
79.82376667274929 783.8171244531254
79.8542304735413 2192.6282009647034
79.88469427433334 4721.964869699268
79.91515807512539 7427.59174417305
79.94562187591741 8988.72774228636
79.97608567670945 8633.833658517358
80.0065494775015 6683.776961922337
80.0370132782935 4326.080380435016
80.06747707908555 2762.608605020684
80.09794087987758 2372.59414000431
80.12840468066963 2622.618051615227
80.15886848146164 2778.875264581211
80.18933228225366 2693.4664360034662
80.2197960830457 3009.2301777330345
80.25025988383774 4777.618836571944
80.28072368462978 8710.81916442736
80.31118748542181 14372.337417451748
80.34165128621385 20086.232046239857
80.37211508700585 23933.765784199582
80.4025788877979 24817.19930357819
80.43304268858994 22713.958329633442
80.46350648938197 18517.41299244265
80.493970290174 13565.958261168844
80.52443409096605 8869.762357729112
80.55489789175806 4933.046232020462
80.5853616925501 2127.1006038447126
80.61582549334211 667.2822238326177
80.64628929413416 367.42093386751975
80.67675309492621 710.9461148138158
80.70721689571822 1111.567865660028
80.73768069651025 1194.0458267951683
80.7681444973023 944.1002167729072
80.79860829809432 575.4861472724912
80.82907209888636 285.1280297419463
80.85953589967838 134.57496368778715
80.88999970047041 72.01575030265475
80.92046350126246 35.782420152374584
80.9509273020545 100.68523629198899
80.98139110284654 547.4035755270296
81.01185490363855 1700.8253386001327
81.04231870443057 3584.5211086329273
81.07278250522262 5660.062110019789
81.10324630601465 7015.789164502065
81.13371010680669 7129.472013477651
81.16417390759872 6457.666831892448
81.19463770839076 6092.747562217653
81.22510150918278 6920.873682117658
81.25556530997481 8822.93690904445
81.28602911076685 10546.99861473186
81.31649291155888 11008.074965813366
81.34695671235092 10619.767215954364
81.37742051314294 11005.641982138923
81.40788431393497 13662.192661163652
81.43834811472702 18441.207746512355
81.46881191551904 23181.99945313209
81.49927571631108 25232.08278322293
81.52973951710312 23088.02233081007
81.56020331789513 17199.609467608643
81.59066711868718 9927.602806990242
81.62113091947921 4013.6144457223368
81.65159472027123 834.886558552584
81.68205852106327 165.9944564661412
81.71252232185529 908.5589920980163
81.74298612264732 1925.7697441332
81.77344992343937 2618.4945607507443
81.80391372423139 2963.6063216675075
81.83437752502344 3219.7627610892646
81.86484132581548 3639.325267052077
81.89530512660748 4296.054662399668
81.92576892739953 5055.889955425264
81.95623272819155 5698.234954070076
81.9866965289836 6129.4860643566635
82.01716032977563 6517.91956454867
82.04762413056768 7124.031678627497
82.07808793135969 7896.807234468781
82.10855173215171 8278.5587197309
82.13901553294376 7526.999608592968
82.1694793337358 5429.1104468659005
82.19994313452784 2745.0395261506355
82.23040693531986 731.0384703041782
82.26087073611188 108.58131726595796
82.29133453690393 495.1213599835669
82.32179833769595 856.8491238759199
82.35226213848799 581.3670803995022
82.38272593928002 74.71546213631987
82.41318974007204 249.3861206178668
82.44365354086409 1500.2829485459088
82.47411734165613 3290.686744577696
82.50458114244816 4662.566115769082
82.53504494324018 5063.40698777096
82.56550874403221 4740.592831923896
82.59597254482425 4299.635969862609
82.62643634561628 3971.417717361995
82.65690014640832 3613.234544780973
82.68736394720035 3280.832224108139
82.71782774799239 3327.0997886758087
82.74829154878442 3895.028317255664
82.77875534957644 4605.975812678968
82.80921915036846 4813.903608219887
82.83968295116051 4181.719292467793
82.87014675195255 3155.852639121424
82.90061055274458 2686.091817991533
82.9310743535366 3355.259486004083
82.96153815432865 4905.0037963911045
82.99200195512067 6425.219047992257
83.0224657559127 7000.539638493939
83.05292955670475 6384.393471775881
83.08339335749677 5032.403179285807
83.11385715828881 3608.8699552965545
83.14432095908083 2564.9943187559848
83.17478475987286 2025.5628332157007
83.2052485606649 1923.285700625836
83.23571236145693 2131.1773180865807
83.26617616224895 2406.1034649038456
83.29663996304099 2339.413276235903
83.32710376383302 1608.421188698746
83.35756756462507 462.8841486014389
83.3880313654171 59.65551840803137
83.41849516620913 1950.446472079978
83.44895896700115 6718.508101217922
83.47942276779318 13123.713816579331
83.50988656858523 18526.44965807109
83.54035036937726 20700.380967752317
83.57081417016931 20148.21290710015
83.60127797096133 19662.233665422547
83.63174177175334 21122.69183324071
83.66220557254539 23891.358870293167
83.69266937333742 25612.09195632696
83.72313317412947 23835.95101902886
83.75359697492149 18140.0051362708
83.78406077571351 10799.977833704615
83.81452457650556 4818.896417768706
83.84498837729758 1701.1807900516412
83.87545217808962 1119.2469354863852
83.90591597888165 2044.0776230013507
83.93637977967369 3736.464675112416
83.96684358046573 5678.512145886705
83.99730738125774 7100.964731194749
84.02777118204979 7136.531837163411
84.05823498284181 5533.366787699935
84.08869878363384 3072.9560584560754
84.1191625844259 1091.950888118679
84.1496263852179 426.9197753290579
84.18009018600995 846.1769530614134
84.21055398680198 1497.3323633215075
84.24101778759402 1745.2615515683617
84.27148158838605 1566.1681696856451
84.30194538917806 1289.517592882799
84.3324091899701 1195.6743954054657
84.36287299076214 1398.50750292965
84.39333679155418 1822.7514741582784
84.42380059234621 2197.956897397549
84.45426439313825 2179.975839079417
84.48472819393025 1582.7970829850567
84.5151919947223 662.7977636052233
84.54565579551434 66.09592136831998
84.57611959630638 264.1107556787743
84.6065833970984 1066.3010722547215
84.63704719789045 1739.2016723455774
84.66751099868246 1664.0781049649095
84.6979747994745 924.4202056217408
84.72843860026653 185.2576811766465
84.75890240105856 29.034084939995008
84.7893662018506 456.10989495294587
84.81983000264262 966.6648869197744
84.85029380343465 1064.7803219735526
84.8807576042267 679.6602114602839
84.91122140501872 208.66835394010147
84.94168520581076 261.987900886978
84.97214900660278 1316.878127420612
85.00261280739481 3455.933268742124
85.03307660818686 6300.6742455286685
85.0635404089789 9232.356996759198
85.09400420977093 11756.061463234231
85.12446801056296 13650.126922513822
85.15493181135497 14864.19262850404
85.18539561214702 15465.30961237487
85.21585941293905 15842.83173019776
85.24632321373107 16995.813732746377
85.27678701452312 20299.63027108944
85.30725081531516 26341.075313055455
85.33771461610718 33591.91448822664
85.36817841689921 38661.25433536332
85.39864221769123 38456.67261409714
85.42910601848328 32236.77718410727
85.45956981927532 22026.944077729542
85.49003362006735 11616.123828587311
85.52049742085937 4601.10618983168
85.55096122165142 2409.085517090765
85.58142502244344 3863.949105307712
85.61188882323547 6529.46732655526
85.64235262402752 8373.84272922695
85.67281642481953 8543.137069847677
85.70328022561158 7326.062524240746
85.73374402640361 5736.468172648637
85.76420782719565 4773.653708888023
85.79467162798768 4665.75750880872
85.8251354287797 4811.685417005439
85.85559922957172 4494.02282857408
85.88606303036377 3554.4505078447382
85.9165268311558 2468.1201754938575
85.94699063194784 1925.0850283150849
85.97745443273988 2376.0221567067065
86.00791823353188 3968.0906017165944
86.03838203432393 6711.306059132136
86.06884583511597 10428.928280913491
86.099309635908 14403.915096436396
86.12977343670003 17187.449206101137
86.16023723749208 17342.3703019989
86.19070103828409 14701.92297437898
86.22116483907612 10579.707066177083
86.25162863986816 6721.631796924029
86.2820924406602 4193.335663530827
86.31255624145223 2944.7040207815735
86.34302004224426 2226.772310670396
86.37348384303628 1475.685854213894
86.40394764382833 734.8890979635513
86.43441144462035 317.6604101888211
86.46487524541239 303.2440516248951
86.49533904620442 425.5194157903583
86.52580284699644 372.56473821698665
86.55626664778849 139.2888158673928
86.58673044858051 121.95567635853529
86.61719424937256 864.8462043507251
86.6476580501646 2571.8704444645227
86.67812185095661 4732.608537149773
86.70858565174865 6302.92832536033
86.73904945254067 6557.711402743415
86.7695132533327 5945.86310268458
86.79997705412475 5931.5264675332
86.83044085491679 7674.947597807159
86.86090465570882 10603.661906340065
86.89136845650083 12456.121986687363
86.92183225729286 11215.366459485613
86.95229605808491 7074.984605750002
86.98275985887695 2456.2489072369226
87.01322365966898 110.62575104970387
87.043687460461 907.0928516422673
87.07415126125305 3327.335009271989
87.10461506204507 5123.083335613816
87.1350788628371 5226.325183590181
87.16554266362915 4175.156543684348
87.19600646442117 3226.5470368568367
87.22647026521322 3221.982363614228
87.25693406600524 4023.429214516875
87.28739786679726 4730.058149156312
87.31786166758931 4367.525531896574
87.34832546838133 2686.882781855513
87.37878926917335 712.4584716970551
87.4092530699654 475.22999810871886
87.43971687075742 3694.493780796025
87.47018067154947 10021.875791621935
87.5006444723415 16514.92621543435
87.53110827313353 19670.161637417128
87.56157207392557 18245.79314717561
87.59203587471758 13893.493155073415
87.62249967550963 9483.70430801871
87.65296347630166 6821.087174179934
87.68342727709371 5588.392374833398
87.71389107788573 4536.04007064383
87.74435487867774 3265.767281201174
87.77481867946979 2302.6428198153767
87.80528248026182 1871.9109320320688
87.83574628105386 1463.1549222669128
87.86621008184589 889.6094041630136
87.89667388263793 1243.4793551527112
87.92713768342995 4003.060147988957
87.95760148422198 8852.312771095127
87.98806528501402 12916.712815526456
88.01852908580605 13146.286117761872
88.04899288659809 9613.254223303406
88.0794566873901 5961.975894183855
88.10992048818214 6356.997756720798
88.14038428897419 11626.922012005054
88.17084808976622 18190.832773095895
88.20131189055824 21097.2415561212
88.2317756913503 18251.984935908284
88.2622394921423 11765.060273577508
88.29270329293433 5699.00022493285
88.32316709372638 2860.181785361346
88.35363089451842 3348.066015231672
88.38409469531044 5370.9775359779005
88.41455849610246 6933.259652415873
88.44502229689449 6924.057365967941
88.47548609768654 5274.60668383149
88.50594989847858 2736.2057227547984
88.53641369927061 637.7721654592958
88.56687750006265 321.29400027097546
88.59734130085465 2204.1678999782216
88.6278051016467 5306.640142169472
88.65826890243873 7838.0971367628
88.68873270323077 8376.088240728617
88.7191965040228 6792.432999433726
88.74966030481485 4223.750768922791
88.78012410560686 2050.4877515786848
88.8105879063989 891.4411384067004
88.84105170719091 499.4173643542584
88.87151550798296 344.2615733457297
88.901979308775 171.45684548187103
88.93244310956702 86.27047818968387
88.96290691035905 211.95393021110416
88.9933707111511 383.8529373595073
89.02383451194314 309.15555320116795
89.05429831273516 47.427588556731514
89.08476211352719 185.22685495728223
89.11522591431921 1304.90548457552
89.14568971511126 3149.842049323064
89.1761535159033 4496.861436912171
89.20661731669534 4148.261891742684
89.23708111748736 2191.077661557931
89.26754491827937 294.1201401741597
89.29800871907142 513.7147681684363
89.32847251986345 3528.7030845677086
89.35893632065549 8177.99558454827
89.38940012144752 12663.319752858548
89.41986392223956 15888.795652627836
89.45032772303158 17823.557154566097
89.48079152382361 18700.36135215288
89.51125532461565 17903.500455829126
89.54171912540768 14437.865516681451
89.57218292619972 8736.110537204471
89.60264672699175 3123.66662829666
89.63311052778377 186.10168579120065
89.66357432857582 740.9937589099741
89.69403812936784 3183.4509812560364
89.72450193015987 4912.6691100817825
89.75496573095192 4528.5647405673835
89.78542953174393 2702.135902431254
89.81589333253596 1244.7347808959692
89.84635713332801 1483.9359232806448
89.87682093412003 3325.5173482701375
89.90728473491207 5546.020140217716
89.9377485357041 6796.5926630565755
89.96821233649612 6505.614452173458
89.99867613728817 5041.717594708473
90.02913993808019 3183.570472613142
90.05960373887224 1576.2827888226293
90.09006753966429 532.3113122960171
90.12053134045628 112.92812873326707
90.15099514124832 363.0882281962839
90.18145894204035 1415.2594293049565
90.21192274283241 3203.7110359511844
90.24238654362445 5123.317083083019
90.27285034441648 6271.552216476352
90.30331414520849 6209.731818396928
90.33377794600051 5509.65392905296
90.36424174679257 5468.4455085718655
90.3947055475846 7026.401946840124
90.42516934837663 9805.819545110791
90.45563314916866 12329.319120181768
90.48609694996067 13321.709784168812
90.51656075075272 12783.006607936162
90.54702455154477 11725.724913681772
90.57748835233679 10947.186822444231
90.60795215312882 10244.261165421263
90.63841595392083 8870.858883812294
90.66887975471289 6599.882583223785
90.69934355550492 4166.765127630885
90.72980735629697 2622.5227013557665
90.760271157089 2286.213788164351
90.79073495788099 2443.473838207671
90.82119875867306 2128.790066975124
90.85166255946508 1158.3507178023515
90.88212636025712 399.354748179428
90.91259016104915 971.3023360810904
90.94305396184119 3034.6866455628046
90.97351776263322 5375.362373438301
91.00398156342524 6414.980558117865
91.03444536421728 5838.146508313958
91.06490916500931 5209.899146150614
91.09537296580135 6772.664189226738
91.12583676659338 11263.01544233036
91.15630056738541 16738.730342311716
91.18676436817745 19810.200701040278
91.21722816896947 18296.15037541853
91.2476919697615 12924.902582178524
91.27815577055354 6696.81595416338
91.30861957134557 2472.4744277636805
91.3390833721376 1014.5170689779108
91.36954717292963 1248.8381901950015
91.40001097372168 1921.4553449450823
91.43047477451368 2693.883874129267
91.46093857530573 3947.573162591773
91.49140237609777 5859.013308824814
91.52186617688979 7867.442004689649
91.55232997768184 9107.920441801405
91.58279377847389 9102.51648957802
91.6132575792659 7944.83912599271
91.64372138005793 6130.286956407801
91.67418518084995 4401.2458458584015
91.704648981642 3586.2168497635807
91.73511278243403 4190.188097768265
91.76557658322606 5880.208804169722
91.79604038401808 7590.150364260238
91.8265041848101 8531.723862031073
91.85696798560215 9081.6734219152
91.88743178639417 10275.955726998029
91.91789558718622 12287.294742296324
91.94835938797824 13709.096531607054
91.97882318877028 12712.831222241495
92.00928698956233 9038.099396072726
92.03975079035436 4639.704732047004
92.07021459114638 2054.295254851595
92.1006783919384 2041.011194362632
92.13114219273044 3049.0370736270993
92.16160599352249 3113.577028127771
92.19206979431455 1904.1389550755257
92.22253359510655 689.3645510512944
92.25299739589859 668.4212694796369
92.28346119669061 1754.937171656266
92.31392499748264 3110.0972893017747
92.3443887982747 4460.422593603809
92.37485259906671 6261.858457989506
92.40531639985873 8560.88104434757
92.43578020065078 10212.717432746376
92.4662440014428 9778.172120647434
92.49670780223485 7338.6568326316
92.52717160302689 4994.392554013542
92.55763540381889 5221.934981319293
92.58809920461094 8656.928735990223
92.61856300540296 13431.921340296303
92.64902680619501 16630.35759575031
92.67949060698704 16347.332121612935
92.70995440777905 12658.666679852891
92.74041820857109 7229.016771249597
92.77088200936312 2370.0851613214463
92.80134581015518 147.28892449213075
92.8318096109472 1386.0893469430025
92.86227341173924 4958.892497660314
92.89273721253127 8392.005441384477
92.9232010133233 9740.6386118028
92.95366481411533 9256.330694193564
92.98412861490736 9069.791227283124
93.0145924156994 10741.980319617944
93.04505621649145 13223.663858000862
93.07552001728345 13666.59942356818
93.1059838180755 10337.322084701987
93.13644761886752 4718.517357708635
93.16691141965956 582.0808450551051
93.1973752204516 709.1805976669323
93.22783902124361 4566.873219391764
93.25830282203566 9100.828901860352
93.28876662282768 11409.85820144594
93.31923042361971 10752.32628352594
93.34969422441176 8360.555113888684
93.38015802520377 5742.683752155032
93.4106218259958 3592.703362160694
93.44108562678784 2001.5823165477768
93.47154942757987 943.8728189214473
93.50201322837192 387.2113865197928
93.53247702916397 236.1593457871932
93.562940829956 444.8830621322388
93.593404630748 1159.8865483255652
93.62386843154003 2470.4522103524687
93.65433223233208 3899.823864610341
93.68479603312413 4476.382784094646
93.71525983391616 3724.158174458421
93.74572363470817 2486.5265845904487
93.7761874355002 2400.8822882637246
93.80665123629225 4323.1853541170585
93.83711503708429 7178.615826684357
93.86757883787632 8642.349514799798
93.89804263866833 7327.765728070661
93.92850643946035 4181.551162497673
93.9589702402524 1523.1345442747195
93.98943404104445 837.2834368536252
94.01989784183647 1564.5914038552744
94.0503616426285 2008.4730396109292
94.08082544342051 1312.6393755267884
94.11128924421256 343.264534760096
94.1417530450046 728.051870138475
94.17221684579664 3163.0886333844687
94.20268064658868 6605.341324508789
94.23314444738067 9157.609608788449
94.26360824817273 9579.708467788589
94.29407204896476 7977.495249932872
94.32453584975681 5508.664403837129
94.35499965054883 3396.4643886310246
94.38546345134087 2024.8019904601608
94.4159272521329 1092.5091107750395
94.44639105292492 369.4616082096401
94.47685485371696 8.361403031049308
94.50731865450899 308.05207907042865
94.53778245530103 1404.184425907737
94.56824625609306 3100.586401247708
94.59871005688508 4968.857993922021
94.62917385767712 6681.5377115951405
94.65963765846915 8026.962582375338
94.69010145926119 8655.8556251572
94.72056526005322 8229.313434986903
94.75102906084526 6836.796229273366
94.78149286163729 5207.4277412657775
94.81195666242931 4341.736150386181
94.84242046322137 4606.615262450195
94.87288426401341 5240.4504383196
94.90334806480541 5079.156356136511
94.93381186559743 3913.69134264768
94.96427566638947 2785.081312322747
94.99473946718152 2636.017944773429
95.02520326797357 2998.6186134529044
95.05566706876559 2532.444305653124
95.08613086955762 1048.9913545984496
95.11659467034963 503.8560658038452
95.14705847114168 3176.3174838444215
95.17752227193373 8598.898979193917
95.20798607272575 12827.141288112312
95.23844987351778 11829.47729997872
95.26891367430979 6000.916514036134
95.29937747510185 646.4676830170812
95.32984127589387 1293.8665150650095
95.3603050766859 8177.04645515067
95.39076887747792 15608.745032654155
95.42123267826994 17256.154987109116
95.451696479062 12002.791250216833
95.48216027985404 4692.5611606421135
95.51262408064608 1266.5842058650583
95.54308788143808 3208.212693398288
95.57355168223012 6900.686099282473
95.60401548302217 7944.240082232271
95.6344792838142 5386.922181437185
95.66494308460624 1907.565004348568
95.69540688539827 553.3134834049761
95.7258706861903 1784.4672749066992
95.75633448698233 3634.0651523370066
95.78679828777437 4094.2917339485934
95.8172620885664 2848.64718081664
95.84772588935843 1034.6256026057813
95.87818969015046 26.136109736880854
95.9086534909425 550.2262613704805
95.93911729173453 2426.6923379287286
95.96958109252655 4644.011257822266
96.00004489331857 5798.527270485174
96.03050869411062 4990.775715647801
96.06097249490264 2695.5432883280896
96.09143629569469 757.0502226380892
96.12190009648673 1003.714272751952
96.15236389727875 3455.6195365652125
96.18282769807078 6146.97412755328
96.2132914988628 6891.495531980286
96.24375529965485 5191.808348672455
96.27421910044689 2531.0191370105617
96.30468290123893 826.4989082514347
96.33514670203095 724.0659489389302
96.36561050282297 1482.0772017690447
96.39607430361502 2146.0826350203124
96.42653810440704 2501.7870546164254
96.45700190519908 2908.3674420839193
96.48746570599111 3515.8410988932565
96.51792950678313 4027.143393722549
96.54839330757518 4137.937841600172
96.5788571083672 3889.387309394933
96.60932090915924 3557.2057963897287
96.63978470995129 3269.692523805846
96.67024851074329 2862.9056570506086
96.70071231153534 2197.731717021084
96.73117611232736 1451.2907949194855
96.7616399131194 992.2897893359232
96.79210371391144 1096.4131048707516
96.82256751470351 1843.0393286490569
96.8530313154955 3131.7757734091324
96.88349511628752 4632.024103335383
96.91395891707955 5791.996742079582
96.9444227178716 6105.01323366826
96.97488651866365 5509.09033116939
97.00535031945569 4509.595622277096
97.0358141202477 3699.959379861241
97.06627792103971 3103.260571730896
97.09674172183176 2261.4437001766314
97.12720552262381 1143.894578501623
97.15766932341585 697.4584147508613
97.18813312420785 2038.8903164213289
97.2185969249999 4906.389715636468
97.24906072579192 7219.069715812651
97.27952452658397 6778.482180707988
97.309988327376 3650.0230395011936
97.34045212816801 597.3112286640533
97.37091592896004 854.8917437191706
97.40137972975208 5150.856745228501
97.43184353054413 10786.68075774022
97.46230733133616 13859.098233340696
97.49277113212817 12522.366966088272
97.52323493292019 8314.046501420406
97.55369873371224 4639.113002367912
97.58416253450429 3896.6714216337095
97.61462633529632 5874.899599720763
97.64509013608836 8592.653089465415
97.6755539368804 10129.415614397672
97.7060177376724 9738.697099542593
97.73648153846445 7888.944724977622
97.76694533925648 5560.476576818571
97.79740914004852 3498.5633776396967
97.82787294084056 2042.44910084214
97.85833674163257 1360.082681160793
97.8888005424246 1562.946032577605
97.91926434321665 2606.1791854198455
97.94972814400867 4206.037548105081
97.98019194480071 5916.912505564654
98.01065574559274 7350.782521248439
98.04111954638476 8377.729686786082
98.0715833471768 9064.9744809647
98.10204714796883 9393.334245488886
98.13251094876087 9126.098015975953
98.1629747495529 7999.146666469231
98.19343855034492 6054.910719192277
98.22390235113696 3836.684872031352
98.25436615192899 2181.8545555359105
98.28482995272104 1698.0718994443837
98.31529375351309 2380.016638313541
98.3457575543051 3690.1742883823367
98.37622135509713 4969.417344852292
98.40668515588915 5763.893821294076
98.43714895668121 5867.128727929205
98.46761275747325 5252.238102383268
98.49807655826527 4083.227293398445
98.5285403590573 2758.6439206896343
98.55900415984931 1793.7620769654404
98.58946796064136 1508.1944512494558
98.6199317614334 1811.5702143470955
98.65039556222543 2338.2486256121174
98.68085936301746 2755.7232855532116
98.71132316380947 2915.487109455288
98.74178696460152 2807.4433309785327
98.77225076539357 2488.956890118691
98.80271456618559 2075.6241198237103
98.83317836697762 1737.935644363661
98.86364216776963 1611.133664425782
98.89410596856169 1657.3288535106503
98.92456976935372 1664.4287711490906
98.95503357014576 1443.0703964318775
98.9854973709378 987.3212197066221
99.01596117172978 443.2478991488813
99.04642497252183 81.272820417365
99.07688877331388 362.3302491958047
99.10735257410592 1851.7587126542649
99.13781637489795 4783.418729910625
99.16828017568999 8480.595885682651
99.19874397648202 11269.209249528174
99.22920777727404 11404.11304125096
99.25967157806608 8594.039179981335
99.29013537885811 4625.200394696278
99.32059917965015 2075.931593195593
99.35106298044218 2258.7882248610977
99.38152678123421 4343.324529337854
99.41199058202623 6302.74733653183
99.44245438281827 6728.624758479267
99.4729181836103 5745.4869060190995
99.50338198440234 4294.645160553805
99.53384578519437 2997.4061188416167
99.5643095859864 1932.2515009281904
99.59477338677843 1246.707194267981
99.62523718757048 1517.2700198547532
99.65570098836248 3153.462563102508
99.68616478915453 5536.442018032635
99.71662858994657 7171.337183221244
99.74709239073859 7011.525996294958
99.77755619153064 5613.2151242566715
99.80801999232268 4818.667637193863
99.8384837931147 6185.609432346176
99.86894759390673 9522.355411381375
99.89941139469877 12834.41764104006
99.9298751954908 13840.767811528285
99.96033899628281 11719.430619104996
99.99080279707486 7577.446100883422
100.02126659786688 3449.759195866044
100.05173039865892 858.7221768865127
100.08219419945095 71.64620312999837
100.11265800024297 365.8654118316636
100.14312180103502 844.303485833953
100.17358560182704 1103.39287606455
100.20404940261908 1272.063390741702
100.23451320341113 1579.6583590407424
100.26497700420316 2016.3529867094928
100.29544080499518 2366.3741515184342
100.3259046057872 2462.057749010869
100.35636840657924 2376.8471845440986
100.38683220737128 2424.9596919961737
100.41729600816332 3081.9144191652545
100.44775980895535 4862.883597906684
100.47822360974737 7907.838604081818
100.5086874105394 11415.120957411957
100.53915121133144 13673.840008437059
100.56961501212348 13024.107695897455
100.60007881291553 9260.193088604894
100.63054261370753 4395.263271732521
100.66100641449958 1541.551879452937
100.6914702152916 2356.9698102684047
100.72193401608364 5598.193262738401
100.75239781687569 8327.837523387929
100.7828616176677 8518.75540215394
100.81332541845974 6577.6142859303
100.84378921925176 4413.059558863243
100.8742530200438 3213.977833404528
100.90471682083584 2555.961859614873
100.93518062162788 1621.1653578028047
100.96564442241989 607.1692720232998
100.99610822321192 480.8872885576916
101.02657202400395 1541.3255319756695
101.057035824796 2861.961718308251
101.08749962558804 3597.299670389332
101.11796342638009 4479.900061291015
101.1484272271721 7285.731474576
101.17889102796411 12447.213664720568
101.20935482875616 17518.431252033024
101.2398186295482 18866.54931728612
101.27028243034025 15268.18879726397
101.30074623113227 9451.419826889267
101.3312100319243 5830.1419124916765
101.36167383271632 6707.512946078674
101.39213763350836 10573.805095929973
101.42260143430038 13859.13856633196
101.45306523509242 14102.287297807736
101.48352903588444 11469.89297876193
101.51399283667648 7707.52439862085
101.54445663746851 4327.216090102969
101.57492043826056 1933.4054230474428
101.60538423905258 571.8907298322299
101.6358480398446 58.50439989164019
101.66631184063664 13.850562056701824
101.69677564142869 100.01165938688386
101.72723944222072 576.700063158913
101.75770324301276 2404.2865761965786
101.7881670438048 6323.698192084785
101.8186308445968 11617.27119981762
101.84909464538885 16114.282286697075
101.87955844618088 17980.452590445908
101.91002224697291 17509.648228877966
101.94048604776494 16804.54158113292
101.97094984855698 17642.635420618906
102.001413649349 19704.353849779975
102.03187745014104 20788.224238512066
102.06234125093307 18821.435365372807
102.0928050517251 13945.24079881291
102.12326885251714 8789.39987737698
102.15373265330916 6606.503663893058
102.1841964541012 8741.074584728416
102.21466025489325 13414.154609095323
102.24512405568527 16886.630949662045
102.2755878564773 16218.744867988404
102.30605165726932 11488.693981461303
102.33651545806136 5724.282106450059
102.3669792588534 2534.8031661917694
102.39744305964544 3206.492176064708
102.42790686043747 5722.88770786496
102.4583706612295 6867.623332360136
102.48883446202152 5431.519202055245
102.51929826281356 3155.3407968402703
102.5497620636056 2656.7105104910133
102.58022586439763 4599.776138840884
102.61068966518965 6950.65628066556
102.6411534659817 7154.839899758718
102.67161726677372 4773.417664281705
102.70208106756576 1711.03106544278
102.7325448683578 169.0468794896234
102.76300866914983 646.0284272614904
102.79347246994186 1883.9182192457797
102.82393627073388 2486.417205228048
102.85440007152592 2224.5405547678297
102.88486387231796 1781.465739663684
102.91532767310999 1679.320629880014
102.945791473902 1777.2651491404308
102.97625527469404 1676.707733994747
103.00671907548607 1315.6388907001835
103.03718287627812 1055.616325423704
103.06764667707016 1284.6877896372375
103.0981104778622 2045.5378896274267
103.1285742786542 2988.7129255002865
103.15903807944623 3573.370449308684
103.18950188023828 3356.934192387877
103.21996568103032 2305.063660580377
103.25042948182237 976.478305009392
103.28089328261439 258.83972685870367
103.31135708340642 668.9897475102724
103.34182088419844 1814.8103503710568
103.37228468499048 2652.19837688326
103.40274848578252 2445.4274853077777
103.43321228657454 1440.1255588887168
103.46367608736657 472.9824177566568
103.4941398881586 50.01941704125514
103.52460368895063 10.01086236042823
103.55506748974265 60.70738251629495
103.5855312905347 387.944302481078
103.61599509132672 1432.5754231258222
103.64645889211876 3050.560534379768
103.6769226929108 4223.41633684591
103.70738649370284 3866.9155113109346
103.73785029449488 2028.7219222194965
103.76831409528688 268.75965229162586
103.79877789607892 576.7361016432541
103.82924169687097 3607.553247898418
103.859705497663 7870.104457856802
103.89016929845504 10672.284594043655
103.92063309924706 10164.507820333783
103.9510969000391 6994.291953958133
103.98156070083112 4204.420773678118
104.01202450162316 5037.268875584693
104.0424883024152 10118.50471808482
104.07295210320721 16482.118171840415
104.10341590399926 19535.757525904806
104.13387970479128 16713.234088670742
104.16434350558332 9749.510094760868
104.19480730637537 3147.2976590710505
104.22527110716737 245.7735938230279
104.25573490795942 810.9166689133425
104.28619870875144 2196.149853486598
104.31666250954348 2409.802961331796
104.34712631033553 1745.257828244361
104.37759011112756 1637.5779729323642
104.40805391191958 2494.8959849238895
104.4385177127116 3176.7752515743728
104.46898151350364 2616.061132076421
104.49944531429568 1212.3156435111955
104.52990911508772 290.5600439153493
104.56037291587975 679.2708469787206
104.59083671667177 2237.252252374457
104.62130051746382 4624.28735218315
104.65176431825584 7786.816370115334
104.68222811904788 11216.444458909857
104.71269191983993 13242.384303826362
104.74315572063195 12025.392012917784
104.77361952142398 7720.48685046365
104.804083322216 3067.678319240379
104.83454712300804 1064.4464803788192
104.86501092380009 1970.8970225014496
104.8954747245921 3164.075313141425
104.92593852538414 2486.815538284812
104.95640232617616 1228.4711490514371
104.9868661269682 3012.0584338880817
105.01732992776024 9769.513674464511
105.04779372855228 19164.12715515679
105.07825752934428 26314.238913138932
105.10872133013632 27901.135280221
105.13918513092835 24252.244142783566
105.1696489317204 17979.479782106107
105.20011273251244 11460.117852626736
105.23057653330449 5898.406612961637
105.2610403340965 2049.378033213136
105.29150413488853 508.6907236786957
105.32196793568056 943.569868237844
105.3524317364726 1791.3916985690914
105.38289553726464 1570.5927490728468
105.41335933805667 563.8271217238699
105.44382313884869 451.40359145896304
105.47428693964072 2039.9379713174624
105.50475074043275 3928.719862473756
105.53521454122478 3965.1500747151513
105.56567834201682 2043.123627807831
105.59614214280884 649.5648769410187
105.62660594360088 2034.8246440723603
105.65706974439291 5475.172242134764
105.68753354518496 7920.246402156114
105.71799734597698 7166.059839406984
105.748461146769 4064.176191416835
105.77892494756104 1339.5533349600228
105.80938874835309 585.1021721209637
105.83985254914512 1135.0975178781914
105.87031634993716 1659.0313384207059
105.9007801507292 1927.9632197604767
105.9312439515212 2449.493907624658
105.96170775231325 2982.8473092796135
105.99217155310528 2592.175322714786
106.02263535389731 1192.982321336064
106.05309915468933 314.39793645079766
106.08356295548138 1627.607215449213
106.1140267562734 4600.309497218625
106.14449055706544 6613.956583056897
106.17495435785747 5694.977793771704
106.2054181586495 2624.625241265671
106.23588195944154 277.2632304518453
106.26634576023356 552.7753118336398
106.2968095610256 2362.625444178369
106.32727336181765 3265.701151508434
106.35773716260968 2273.795512327655
106.3882009634017 628.2776657681214
106.41866476419372 232.76397946573968
106.44912856498576 1596.6851780742768
106.4795923657778 3655.793297588088
106.51005616656984 5192.4893968435745
106.54051996736187 5782.671040010465
106.5709837681539 5732.355351627486
106.60144756894591 5756.498118662766
106.63191136973796 6889.609994761354
106.66237517053 10108.776518002933
106.69283897132205 15146.338143129915
106.72330277211405 19577.511633375376
106.7537665729061 20089.911417032392
106.78423037369812 15584.23303387929
106.81469417449016 8682.835579224313
106.8451579752822 3590.7312538388505
106.87562177607423 2465.280595610117
106.90608557686626 3830.445684196488
106.93654937765828 4549.175650676882
106.96701317845032 3234.8668329107286
106.99747697924236 1231.9573617685735
107.02794078003438 406.2990689707245
107.0584045808264 854.8724567771651
107.08886838161844 1202.424085326475
107.11933218241047 673.3175895005921
107.14979598320252 54.012445115745514
107.18025978399456 362.7353302171927
107.2107235847866 1240.8819966769693
107.2411873855786 1415.231566110096
107.27165118637063 585.4779761706823
107.30211498716268 75.34983504372639
107.33257878795472 1243.165640524092
107.36304258874677 3572.8630424076223
107.39350638953879 4964.58348367884
107.42397019033082 4121.765214158592
107.45443399112284 2111.5246428025994
107.48489779191488 1175.0950075320593
107.5153615927069 2341.049261786692
107.54582539349894 4536.930881197236
107.57628919429096 5966.323884460736
107.606752995083 6021.402640468126
107.63721679587503 5470.836390539948
107.66768059666705 5043.931982530529
107.6981443974591 4558.518948420374
107.72860819825112 3534.935919574415
107.75907199904316 2135.1643659068886
107.7895357998352 1096.2165882021875
107.81999960062724 819.5027485388565
107.85046340141928 899.3649157268984
107.88092720221128 739.716208371009
107.91139100300332 393.089585149696
107.94185480379537 415.97126442844456
107.9723186045874 958.8674452588951
108.00278240537943 1421.423680375172
108.03324620617146 1178.9813272847148
108.0637100069635 438.1179560475668
108.09417380775552 82.78711253619123
108.12463760854756 644.0392426063231
108.1551014093396 1657.6672133509437
108.18556521013161 2177.023723484637
108.21602901092366 1782.598669184672
108.24649281171568 896.7988678143331
108.27695661250772 201.46629401207184
108.30742041329977 18.402822831154957
108.33788421409179 320.96173829414784
108.36834801488382 1129.8384781456768
108.39881181567584 2568.9091238911774
108.42927561646788 4453.531360394637
108.45973941725993 6068.516844323516
108.49020321805196 6557.571104406303
108.520667018844 5602.324229860181
108.551130819636 3734.523911094957
108.58159462042804 1984.7968232405788
108.61205842122008 1207.4185320412687
108.64252222201212 1601.408021991884
108.67298602280415 2676.4123033997507
108.70344982359617 3575.829497118304
108.73391362438822 3583.1125090597866
108.76437742518024 2616.4396902675808
108.79484122597228 1360.4262673943283
108.82530502676433 862.2254972878721
108.85576882755635 1837.9958284951435
108.88623262834838 4182.3206748203565
108.9166964291404 7051.867532494744
108.94716022993244 9374.157238682432
108.97762403072448 10367.856463534768
109.0080878315165 9845.360096163682
109.03855163230853 8209.00883914092
109.06901543310056 6178.39369243247
109.0994792338926 4394.0409662150505
109.12994303468464 3074.0606459224887
109.16040683547668 1987.3097777158416
109.19087063626868 892.2447859004944
109.22133443706072 89.32414579462022
109.25179823785275 366.57245629050107
109.2822620386448 2093.5305775582
109.31272583943684 4351.810934053165
109.34318964022889 5377.259344959934
109.3736534410209 4244.765262910882
109.40411724181293 2079.5062019642573
109.43458104260496 1288.1139131261648
109.465044843397 3297.9757324633215
109.49550864418904 7008.126287120856
109.52597244498106 9602.234753198494
109.55643624577309 9018.07194964478
109.58690004656512 5723.0887613127825
109.61736384735715 2109.685804686701
109.64782764814917 249.17969066716608
109.67829144894122 339.87026217492365
109.70875524973324 1109.838026172458
109.73921905052528 1328.3095141187503
109.76968285131731 804.4979854940866
109.80014665210936 184.04338161588208
109.83061045290138 120.29214800248134
109.8610742536934 672.8811249556121
109.89153805448544 1314.3384371917923
109.92200185527749 1406.933829725164
109.95246565606952 782.7668282649763
109.98292945686156 67.82558660355294
110.01339325765358 392.3473998754299
110.0438570584456 2460.7810376021484
110.07432085923764 5661.033699238264
110.10478466002968 8190.53842098327
110.13524846082171 8391.736030185146
110.16571226161373 6193.1397223303775
110.19617606240578 3258.1676949502075
110.2266398631978 1570.1757971390605
110.25710366398984 1761.3660831684203
110.28756746478189 2842.6089760085865
110.3180312655739 3406.30463082152
110.34849506636594 2900.0532507374687
110.37895886715796 1832.6822180639929
110.40942266795 996.3037088076744
110.43988646874205 707.6269811190227
110.47035026953408 800.99887558328
110.5008140703261 1066.4907247582523
110.53127787111812 1445.0182368922456
110.56174167191016 1846.9591571528076
110.5922054727022 2022.99084167686
110.62266927349424 1763.4396057040772
110.65313307428627 1157.3922700118264
110.6835968750783 533.7886360129576
110.71406067587031 160.344821430614
110.74452447666236 79.59628953998313
110.7749882774544 194.80183640448428
110.80545207824645 404.6978056659216
110.83591587903847 643.3013874496052
110.8663796798305 886.8522717515004
110.89684348062252 1215.450166524418
110.92730728141456 1808.271414707376
110.9577710822066 2701.823787461712
110.98823488299863 3512.540599554683
111.01869868379066 3624.0671060913674
111.04916248458268 2845.6157952749595
111.07962628537472 1775.8586959590473
111.11009008616676 1335.8717384674087
111.14055388695878 1851.9637254440008
111.1710176877508 2634.199473854376
111.20148148854284 2675.7380460320765
111.23194528933487 1763.6011504019186
111.26240909012692 635.5718870023395
111.29287289091896 65.62293613904475
111.323336691711 69.68059827686278
111.353800492503 153.64203673122339
111.38426429329505 191.1435017289864
111.41472809408708 659.6809356298124
111.44519189487912 1805.6313752891745
111.47565569567116 2892.90899661526
111.50611949646319 2797.327732820697
111.5365832972552 1475.6029818356724
111.56704709804724 495.40169002442974
111.59751089883927 1707.732781118391
111.6279746996313 5229.577596905585
111.65843850042334 8916.0824257136
111.68890230121536 10201.56253172021
111.7193661020074 8522.94341892097
111.74982990279943 5720.692516263197
111.78029370359145 4146.858195591886
111.8107575043835 4587.871594250397
111.84122130517552 5922.033183765631
111.87168510596756 6529.7735676524435
111.9021489067596 5804.053351785954
111.93261270755164 4283.8953649295645
111.96307650834368 2738.76968092208
111.99354030913568 1498.909738298032
112.02400410992772 564.084419375259
112.05446791071977 37.137603963841265
112.0849317115118 180.540530348708
112.11539551230383 993.0756082143948
112.14585931309585 1963.2481675341503
112.1763231138879 2434.269985862196
112.20678691467992 2176.0933751841226
112.23725071547196 1525.3355827898658
112.267714516264 986.2158904947772
112.29817831705601 762.5954708846563
112.32864211784806 682.8263765218277
112.35910591864008 503.2294676415141
112.38956971943212 216.34971445992576
112.42003352022417 52.88027078163948
112.45049732101619 203.04626078294257
112.48096112180822 554.0402095730968
112.51142492260024 745.3980979224045
112.54188872339228 544.2221829630066
112.57235252418432 184.08301199244528
112.60281632497636 288.28360931648905
112.6332801257684 1337.0567148368352
112.6637439265604 3120.8706330655227
112.69420772735243 4761.942519774328
112.72467152814448 5350.0901017442975
112.75513532893652 4632.226605516653
112.78559912972857 3158.946190662644
112.81606293052057 1778.6631588874072
112.84652673131262 987.2674014060876
112.87699053210464 755.0958171813288
112.90745433289668 865.769504864662
112.93791813368873 1244.718297651158
112.96838193448075 1909.0387269097769
112.99884573527278 2727.3187282175586
113.0293095360648 3360.7628464114846
113.05977333685684 3451.856394959717
113.09023713764888 2857.7373359322464
113.1207009384409 1749.9513160447027
113.15116473923293 582.7928941174059
113.18162854002496 32.15333456100466
113.212092340817 809.5114585305402
113.24255614160904 3164.083121272929
113.27301994240108 6375.2867315424655
113.30348374319308 8883.055687800694
113.33394754398512 9237.809238487129
113.36441134477715 7212.053791335234
113.3948751455692 4036.14436410286
113.42533894636124 1427.0178932179304
113.45580274715329 283.1830432042965
113.4862665479453 263.4290092020939
113.51673034873733 516.3354548973466
113.54719414952936 632.3183454952009
113.5776579503214 839.2085310215374
113.60812175111342 1414.1822729430296
113.63858555190546 2097.583905840834
113.66904935269748 2268.874358884523
113.69951315348952 1657.8964743732795
113.72997695428155 695.6031482792561
113.76044075507357 186.05165569880916
113.79090455586562 673.0096880437271
113.82136835665764 2008.8413208459808
113.85183215744968 3442.314048132541
113.88229595824173 4139.2920913892685
113.91275975903376 3736.35303235012
113.94322355982578 2529.406061984132
113.9736873606178 1224.0024608134838
114.00415116140984 434.29138756105567
114.03461496220189 256.21225146940736
114.06507876299392 339.9812794731956
114.09554256378595 443.1402180903368
114.12600636457798 858.344203381689
114.15647016537002 2164.4212702737527
114.18693396616204 4443.926018503694
114.21739776695408 6858.98333180816
114.24786156774611 8189.174315888971
114.27832536853813 7858.569605904959
114.30878916933018 6452.392379667874
114.3392529701222 5126.134600729311
114.36971677091424 4436.067182418496
114.40018057170629 3914.711848630131
114.4306443724983 2891.602277302218
114.46110817329034 1565.0136338844911
114.49157197408236 1106.8929577733543
114.5220357748744 2627.893631710954
114.55249957566645 5940.587720373985
114.58296337645848 9341.431234765207
114.6134271772505 10727.396566629768
114.64389097804252 9178.808605395372
114.67435477883456 5733.602240475251
114.7048185796266 2564.7665759546217
114.73528238041864 1176.7968423341515
114.76574618121067 1313.7857912640293
114.7962099820027 1553.2352463764837
114.82667378279471 1017.3014572573206
114.85713758358676 603.5693942872272
114.8876013843788 2263.547240900883
114.91806518517085 6680.986790337766
114.94852898596287 11828.691547033144
114.9789927867549 14319.573988386628
115.00945658754692 12428.99922121586
115.03992038833896 7919.268090096499
115.070384189131 4738.399207097461
115.10084798992303 5359.737455465814
115.13131179071505 8379.339132784995
115.16177559150708 10122.929463080187
115.19223939229911 8439.388452728559
115.22270319309116 4630.493523481608
115.25316699388318 1822.2136810702848
115.2836307946752 1722.1750559957748
115.31409459546724 3172.5999883957697
115.34455839625927 3825.032226500789
115.37502219705132 2746.193472883858
115.40548599784336 1014.9899318185068
115.4359497986354 74.16908546542851
115.4664135994274 105.486772893617
115.49687740021945 256.4564438638412
115.52734120101148 94.10594803993604
115.55780500180352 321.38725240162773
115.58826880259556 1919.4802265144467
115.61873260338758 4779.829091555433
115.6491964041796 7532.563221690327
115.67966020497164 8701.57480653542
115.71012400576367 7697.7147145608415
115.7405878065557 5023.470241538959
115.77105160734774 2078.539976311561
115.80151540813976 626.1417052545397
115.8319792089318 1889.1229207205083
115.86244300972383 5576.701757213766
115.89290681051585 9645.951849722707
115.9233706113079 11552.654313403118
115.95383441209992 10397.958231572771
115.98429821289196 7975.832325569155
116.014762013684 7196.126742263604
116.04522581447604 9116.205310896688
116.07568961526808 11719.102425062032
116.10615341606008 11858.646728305355
116.13661721685212 8479.623357074846
116.16708101764416 3772.384989210565
116.1975448184362 1008.2297249014152
116.22800861922823 1440.4909471665803
116.25847242002025 3528.067364517324
116.2889362208123 4925.608607009437
116.31940002160432 4703.340322196729
116.34986382239636 3546.492381462303
116.3803276231884 2400.532546023039
116.41079142398041 1603.8844747674605
116.44125522477246 1418.721133560214
116.47171902556448 2703.0906553914674
116.50218282635652 6248.919425499332
116.53264662714857 11354.221342100807
116.56311042794059 15571.665145808416
116.59357422873262 16406.309153183614
116.62403802952464 13403.300204273359
116.65450183031668 8468.676226402835
116.68496563110872 4133.564937357448
116.71542943190076 1649.3315401445116
116.7458932326928 737.8514651173908
116.7763570334848 688.0143448449438
116.80682083427683 1231.747024727664
116.83728463506888 2459.7467469157555
116.86774843586092 4399.1770352903295
116.89821223665297 7004.57085054873
116.92867603744499 10166.722486116636
116.95913983823702 13258.295015829382
116.98960363902904 14938.643073330244
117.02006743982108 13969.253268835268
117.05053124061313 10625.808328919704
117.08099504140515 7273.009283668918
117.11145884219718 6788.196281845989
117.1419226429892 9766.670072463126
117.17238644378124 13648.282520185356
117.20285024457326 15149.55470109632
117.2333140453653 13499.57037530408
117.26377784615732 11136.873039492908
117.29424164694936 11017.1498386558
117.3247054477414 13143.867045515137
117.35516924853344 14371.198380407503
117.38563304932548 12058.2452921932
117.41609685011748 7409.976674197872
117.44656065090952 4550.706766362219
117.47702445170157 6255.696212008467
117.5074882524936 10978.513346113083
117.53795205328564 14166.78874706665
117.56841585407768 12475.74387244003
117.5988796548697 6861.268545027404
117.62934345566173 1559.9201905667182
117.65980725645376 90.76147264317085
117.6902710572458 2393.27106598774
117.72073485803782 5613.296913866995
117.75119865882986 7115.7516183427615
117.78166245962188 6489.55697349071
117.81212626041392 5016.192708646813
117.84259006120595 3836.7299006072712
117.87305386199797 2999.840546425112
117.90351766279002 2043.431177861364
117.93398146358204 1001.4247512679086
117.96444526437408 636.3026543311353
117.99490906516613 1484.3360438909697
118.02537286595816 2890.0213373031347
118.0558366667502 3485.615821190404
118.0863004675422 2506.565068579432
118.11676426833424 738.2739254728968
118.14722806912629 84.54157448752579
118.17769186991832 1661.7917015272271
118.20815567071035 4494.762998024559
118.23861947150237 6321.41306828891
118.26908327229442 5582.850258596064
118.29954707308644 2930.2919766968407
118.33001087387848 638.9953705213723
118.36047467467051 334.2013819127401
118.39093847546253 1564.3614264856844
118.42140227625458 2602.637039412717
118.4518660770466 2390.649164829484
118.48232987783864 1454.0931899822688
118.51279367863069 948.161378441504
118.5432574794227 1211.9608119675613
118.57372128021474 1568.7321220079707
118.60418508100676 1495.3647348945071
118.6346488817988 1512.0456992408083
118.66511268259084 2453.6149042677807
118.69557648338288 4052.397153565272
118.72604028417489 4833.544556798104
118.75650408496692 3705.039452400421
118.78696788575895 1426.2562487513762
118.817431686551 65.14908592480803
118.84789548734304 806.1051827691593
118.87835928813509 2608.3563724040055
118.9088230889271 3374.137444848692
118.93928688971911 2265.6827755733807
118.96975069051116 547.7502858868198
119.0002144913032 41.598342182104965
119.03067829209525 1009.9400823261244
119.06114209288727 2022.2061828120757
119.0916058936793 1822.8714161758653
119.12206969447132 858.3899337234961
119.15253349526336 737.4198841694794
119.1829972960554 2309.099834023041
119.21346109684742 4634.686524269749
119.24392489763945 5972.737890577459
119.27438869843148 5484.332959193954
119.30485249922351 3797.207287656433
119.33531630001556 2112.6484103498983
119.36578010080758 1119.735413483556
119.3962439015996 827.3440485414379
119.42670770239164 1052.2429893555232
119.45717150318367 1643.4417767176787
119.48763530397572 2259.3700245492937
119.51809910476776 2363.145628750155
119.5485629055598 1735.996786411121
119.5790267063518 886.186003083243
119.60949050714385 643.255972637421
119.63995430793588 1227.4087953133223
119.67041810872792 1934.978058338684
119.70088190951994 1913.9532071006408
119.73134571031198 1118.1405395426975
119.761809511104 285.49123006046136
119.79227331189604 1.3260509860773195
119.82273711268807 86.07171173083101
119.8532009134801 109.45755771486353
119.88366471427214 309.513231309898
119.91412851506416 1564.3174311369423
119.9445923158562 4242.056226162852
119.97505611664825 7311.198817501066
120.00551991744025 8935.714635481345
120.0359837182323 8143.828957023303
120.06644751902432 5887.9749965142955
120.09691131981636 4297.778403610684
120.1273751206084 4879.485519780233
120.15783892140044 7461.415475497703
120.18830272219247 10643.2128856736
120.2187665229845 13006.982731908589
120.24923032377652 13962.764029636255
120.27969412456856 13781.00354625737
120.3101579253606 13119.750506590892
120.34062172615263 12497.28719471334
120.37108552694465 11954.686069244392
120.4015493277367 11057.24776860574
120.43201312852872 9301.747263469768
120.46247692932076 6673.9979870061425
120.4929407301128 3848.535827822095
120.52340453090483 1763.4299578468913
120.55386833169686 912.124679947529
120.58433213248888 1132.353192005105
120.61479593328092 2251.0723199305307
120.64525973407297 4782.434437316071
120.67572353486499 9488.868019842877
120.70618733565702 16000.149503711036
120.73665113644904 22171.189226048275
120.76711493724108 25250.76343802479
120.79757873803312 23993.313747107088
120.82804253882516 19782.403210796525
120.8585063396172 15516.5308014591
120.8889701404092 13095.712204122936
120.91943394120123 12022.07689228762
120.94989774199328 10487.484856760182
120.98036154278532 7507.567998185383
121.01082534357737 3860.514139943688
121.04128914436939 1177.0648172569597
121.07175294516142 315.00796131290895
121.10221674595344 716.8188416444139
121.13268054674548 1232.5588885386014
121.16314434753752 1244.1380066298102
121.19360814832955 917.4790628512797
121.22407194912157 653.5688458873569
121.2545357499136 621.0832614065304
121.28499955070563 881.1750616934055
121.31546335149766 1722.5333401928087
121.3459271522897 3581.5218851428267
121.37639095308172 6503.605610583729
121.40685475387376 9717.422075535864
121.4373185546658 11842.535300525718
121.46778235545784 11710.892729914707
121.49824615624988 9245.750350817663
121.52870995704188 5658.358197783785
121.55917375783392 2731.72645392435
121.58963755862597 1683.1506845660008
121.620101359418 2390.786892126709
121.65056516021004 3578.8886272385207
121.68102896100208 3857.4901339199114
121.7114927617941 2811.9903618270973
121.74195656258613 1253.1537023799156
121.77242036337816 386.70769984990966
121.8028841641702 699.9291425055969
121.83334796496221 1649.6663788611772
121.86381176575426 2350.547276736774
121.89427556654628 2471.072727112192
121.92473936733832 2434.847577637337
121.95520316813035 2808.0518213099926
121.98566696892237 3583.0834034649024
122.01613076971442 4131.5597848902735
122.04659457050644 3858.324511070164
122.07705837129848 2818.855745022895
122.10752217209053 1685.4552084151535
122.13798597288256 1191.3167381841447
122.1684497736746 1608.1872505883628
122.1989135744666 2668.5433248631275
122.22937737525864 3888.399163358434
122.25984117605068 4913.9962030400075
122.29030497684272 5591.0290887250385
122.32076877763475 5797.0386310778795
122.35123257842677 5323.164904325584
122.38169637921882 4018.8897804434887
122.41216018001084 2131.933258417744
122.44262398080288 496.8021561910192
122.47308778159493 154.17459926619716
122.50355158238693 1446.7130019544932
122.53401538317898 3435.366692033843
122.564479183971 4452.895845783869
122.59494298476304 3530.625781691213
122.62540678555509 1514.6437226655787
122.6558705863471 620.59490969007
122.68633438713914 2459.868979093301
122.71679818793116 6407.69788493652
122.7472619887232 9959.375343817792
122.77772578951524 10725.457407404356
122.80818959030728 8351.337052961113
122.83865339109929 4628.123336110088
122.86911719189132 1728.0440627697296
122.89958099268335 476.3830249281241
122.9300447934754 242.9160850055494
122.96050859426744 146.8136706334383
122.99097239505949 121.7008295426312
123.0214361958515 780.3092221364506
123.05189999664351 2436.678876567868
123.08236379743556 4499.307374606891
123.1128275982276 5869.001411106407
123.14329139901965 5842.181890681257
123.17375519981167 4591.066500399133
123.2042190006037 2884.096851543027
123.23468280139572 1475.1071128970354
123.26514660218776 714.8433332895036
123.29561040297978 542.2652558633043
123.32607420377182 665.8211396944273
123.35653800456384 762.3649570158769
123.38700180535588 661.2463038058155
123.41746560614791 463.10956445358704
123.44792940693996 459.3159603974516
123.47839320773198 831.4112368274926
123.508857008524 1395.5100605582095
123.53932080931604 1689.3360831443747
123.56978461010809 1384.3060622841504
123.60024841090012 664.5622489306487
123.63071221169216 162.95696351245448
123.6611760124842 457.743189730248
123.6916398132762 1582.610599997732
123.72210361406825 2950.863769176497
123.75256741486028 3758.0888657049873
123.78303121565231 3609.480030508412
123.81349501644434 2896.313886833079
123.84395881723638 2575.0086535984287
123.8744226180284 3484.41281981322
123.90488641882044 5681.517860526928
123.93535021961247 8249.785279417822
123.9658140204045 9792.894783510996
123.99627782119654 9372.584756086942
124.02674162198856 7190.400383894608
124.0572054227806 4443.867544097079
124.08766922357265 2455.541354072716
124.11813302436468 1740.5570584412603
124.1485968251567 1766.1538482493793
124.17906062594872 1615.3305291659408
124.20952442674076 970.238894959235
124.2399882275328 506.6186260632361
124.27045202832484 1245.8803179495746
124.30091582911687 3386.8361361201396
124.3313796299089 5753.49521737576
124.36184343070092 6593.167852154516
124.39230723149296 5214.773601881414
124.422771032285 2802.0350375035287
124.45323483307703 1408.1924622954896
124.48369863386905 2113.740718007735
124.5141624346611 4016.8670636883576
124.54462623545312 5025.2690666088
124.57509003624516 3925.7503096096
124.6055538370372 1610.1081404660404
124.63601763782923 91.04868388225458
124.66648143862126 460.38875354866286
124.69694523941328 1961.0921217332132
124.72740904020532 3095.3272155802924
124.75787284099736 3473.1259379120047
124.78833664178939 4322.3115220395985
124.8188004425814 7127.097737083836
124.84926424337344 11766.911623148959
124.87972804416547 16132.555331573863
124.91019184495752 17768.809456206618
124.94065564574956 15836.920367732517
124.9711194465416 11518.467311337516
125.0015832473336 6911.014552555157
125.03204704812563 3731.465876766851
125.06251084891768 2685.2091547857704
125.09297464970972 3446.706875438617
125.12343845050177 4928.674096910809
125.15390225129379 5796.493745331112
125.18436605208582 5220.229824168841
125.21482985287784 3411.7700365687474
125.24529365366988 1418.5943963984623
125.27575745446192 242.12297580083415
125.30622125525394 1.8537063979118047
125.33668505604597 55.132591983169846
125.367148856838 42.879392259799566
125.39761265763003 547.0726266420451
125.42807645842205 2419.826475861723
125.4585402592141 5454.966756199561
125.48900406000612 7997.22517424072
125.51946786079816 8205.099549453858
125.5499316615902 5777.295308639633
125.58039546238224 2373.7073425007566
125.61085926317428 240.32673491719177
125.64132306396628 330.52372453182454
125.67178686475832 1767.6426771033996
125.70225066555037 2945.524699573432
125.7327144663424 2933.564135655776
125.76317826713444 1959.5282966385585
125.79364206792648 839.1571715880393
125.8241058687185 178.22037956673535
125.85456966951052 103.96778061020736
125.88503347030256 449.9217972065004
125.9154972710946 970.8857863172392
125.94596107188661 1418.6372300734326
125.97642487267866 1588.5386630551272
126.00688867347068 1428.662094164672
126.03735247426272 1082.3144226552567
126.06781627505477 762.2294113386241
126.09828007584677 585.8171883415871
126.12874387663882 535.3325540493104
126.15920767743084 527.5672459514127
126.18967147822288 468.7092017935413
126.22013527901493 289.89593621946204
126.25059907980696 63.66847800060132
126.281062880599 131.61619749477575
126.311526681391 976.7944806407405
126.34199048218304 2728.2031330594705
126.37245428297508 4704.458488282442
126.40291808376712 5686.402851323
126.43338188455915 4899.734713944838
126.46384568535117 2772.0539486903886
126.49430948614322 710.7317164658751
126.52477328693524 7.83768387350328
126.55523708772728 777.0134268383714
126.58570088851933 1979.0646530996105
126.61616468931135 2483.097632456498
126.64662849010338 2001.5452346315544
126.6770922908954 1077.5191603877577
126.70755609168744 375.001952637418
126.73801989247949 129.6825702608606
126.7684836932715 242.91856444857345
126.79894749406354 654.1437354609408
126.82941129485556 1393.6359467695067
126.8598750956476 2291.6386147956805
126.89033889643964 2869.672516229552
126.92080269723168 2685.794402953413
126.95126649802368 1774.1501150507145
126.98173029881572 692.7292263413502
127.01219409960775 76.2275742774683
127.0426579003998 111.21077747580578
127.07312170119184 479.84309667932087
127.10358550198389 768.6563460304518
127.1340493027759 845.979159337744
127.16451310356793 854.0235352688375
127.19497690435996 919.4085976401817
127.225440705152 965.0427754170524
127.25590450594405 824.3693872806542
127.28636830673607 476.1449057948731
127.3168321075281 122.28134141854778
127.34729590832012 42.40201438417567
127.37775970911215 386.85837620405175
127.40822350990418 1085.832724805644
127.43868731069622 1895.8967121459436
127.46915111148824 2516.103953668848
127.49961491228028 2712.45233969373
127.53007871307231 2402.160442712416
127.56054251386436 1689.322854784326
127.59100631465638 850.9139001326184
127.6214701154484 222.725084031694
127.65193391624044 0.6208614346397964
127.68239771703249 116.26614445685595
127.71286151782452 320.5386649864242
127.74332531861656 426.3012760315439
127.7737891194086 493.96942556141926
127.8042529202006 753.9289868889651
127.83471672099265 1319.9633754297495
127.86518052178468 1983.1370009222728
127.89564432257671 2323.4631828886663
127.92610812336873 2074.484210915922
127.95657192416078 1371.3064339237792
127.9870357249528 624.8548098998548
128.01749952574485 195.33625759533888
128.0479633265369 203.42281579393088
128.07842712732892 598.128132372494
128.10889092812096 1291.4225484305089
128.13935472891296 2143.6706392574315
128.169818529705 2881.1146778375355
128.20028233049703 3169.8928472013176
128.23074613128907 2861.589869422789
128.2612099320811 2153.210539128136
128.2916737328731 1438.6052684783176
128.32213753366517 1010.2064280046212
128.3526013344572 969.2866971179038
128.38306513524924 1390.2037973827191
128.41352893604127 2395.69560285463
128.4439927368333 3919.720692299736
128.47445653762534 5458.35757594418
128.50492033841735 6303.25732973944
128.5353841392094 6198.633731934076
128.5658479400014 5685.54836235408
128.59631174079345 5599.2936425215
128.6267755415855 6116.543898509489
128.65723934237752 6412.606535373725
128.68770314316956 5523.9083831919215
128.7181669439616 3483.49351250188
128.74863074475363 1343.7725816256327
128.77909454554566 158.1038228356614
128.80955834633767 56.697603153991594
128.84002214712973 312.322351523966
128.87048594792176 292.54606392744773
128.9009497487138 125.13468234401688
128.93141354950583 329.40708920505926
128.96187735029787 1049.6618604290068
128.9923411510899 1889.7693292110207
129.0228049518819 2470.9956618164083
129.05326875267394 2821.9524790888095
129.08373255346595 3087.0715430202245
129.114196354258 3146.9050963832105
129.14466015505005 2763.4349089437974
129.17512395584208 2149.042919319364
129.20558775663412 2100.616188775973
129.23605155742615 3101.814837809758
129.2665153582182 4446.792269387597
129.29697915901022 4732.771576619632
129.32744295980223 3351.7010992651485
129.3579067605943 1368.3348367520587
129.38837056138632 590.2555833279773
129.41883436217836 1669.9534808236958
129.44929816297036 3442.6202328520567
129.4797619637624 4168.526359651958
129.51022576455443 3264.534442528761
129.54068956534647 1734.1734346383623
129.5711533661385 849.9436887230563
129.6016171669305 774.9474855335086
129.63208096772257 796.7316420195491
129.6625447685146 604.6463121177934
129.69300856930664 903.5354579528154
129.72347237009868 2541.8889845792382
129.7539361708907 5223.525868500574
129.78439997168275 7480.354519906124
129.81486377247478 7880.633837872397
129.8453275732668 6218.209502099176
129.87579137405882 3652.3887823328737
129.90625517485083 1609.9752510478504
129.9367189756429 666.1144926063374
129.96718277643492 548.7147066585761
129.99764657722696 767.8255626603435
130.028110378019 980.55262793246
130.05857417881103 1000.4255107098384
130.08903797960306 827.2970793330352
130.11950178039507 842.6142751883018
130.14996558118713 1787.310144588632
130.18042938197917 4263.976611828438
130.2108931827712 8100.854407226892
130.24135698356324 12135.066621454695
130.27182078435527 14796.255819113869
130.30228458514728 15076.742265777257
130.3327483859393 12952.823614050252
130.36321218673135 9290.563315091376
130.39367598752338 5571.40985208958
130.4241397883154 3121.5366723894385
130.45460358910745 2313.8986658951853
130.48506738989948 2552.3666074798825
130.51553119069152 2853.4133997773474
130.54599499148355 2653.567376851568
130.5764587922756 2281.458270167478
130.60692259306762 2481.758939616456
130.63738639385963 3501.8616121037808
130.6678501946517 4854.233950222294
130.69831399544373 6050.3468511225765
130.72877779623573 7270.1662017297185
130.75924159702777 8992.73002462596
130.7897053978198 11115.728724800176
130.82016919861184 12568.817489416015
130.85063299940387 12023.444386292253
130.8810968001959 9392.0239828387
130.91156060098794 6312.176612921084
130.94202440177995 4637.281674730304
130.972488202572 4696.011736683331
131.00295200336404 5344.050971312701
131.03341580415608 5536.511761292752
131.0638796049481 5505.557182838397
131.09434340574015 6252.697123334823
131.12480720653218 8042.206939334822
131.1552710073242 9720.145423868433
131.18573480811622 9721.759397388816
131.21619860890823 7609.610028197837
131.2466624097003 4453.475030598845
131.27712621049233 1829.629789321862
131.30759001128436 579.0932084285295
131.3380538120764 446.6806332492664
131.36851761286843 696.531886328012
131.39898141366047 853.7661874744762
131.42944521445247 875.0985527010542
131.45990901524453 896.3838496765886
131.49037281603657 1021.14946735367
131.5208366168286 1262.7225296669772
131.55130041762064 1499.9014399503983
131.58176421841267 1474.5278791279443
131.61222801920468 1006.7887940192676
131.6426918199967 324.90015907688405
131.67315562078875 61.43614564378444
131.70361942158078 712.6421059690905
131.7340832223728 2041.1147526046527
131.76454702316485 3161.5031124607185
131.7950108239569 3397.1290137675846
131.82547462474892 3021.996357627944
131.85593842554096 2985.179917144904
131.886402226333 3854.6811803325854
131.91686602712502 5101.892211104887
131.94732982791703 5526.1721127466735
131.9777936287091 4444.514104413238
132.00825742950113 2393.561334888901
132.0387212302931 646.5563855180612
132.06918503108517 114.14934776692832
132.0996488318772 643.8058183769014
132.13011263266924 1287.9855340010947
132.16057643346127 1251.735730014953
132.1910402342533 608.0604899314553
132.22150403504534 187.19016117506365
132.25196783583735 810.473208399119
132.2824316366294 2497.8541047369195
132.31289543742145 4313.333975724368
132.34335923821348 5055.8914186683805
132.37382303900552 4274.188056999645
132.40428683979755 2722.9212859520294
132.43475064058958 1772.71003656314
132.4652144413816 2194.221464237841
132.49567824217362 3454.209449111392
132.52614204296563 4263.394566128944
132.5566058437577 3770.308718084207
132.58706964454973 2243.448131895471
132.61753344534176 726.8883142131817
132.6479972461338 35.81732942457664
132.67846104692583 96.94091079671685
132.70892484771787 283.92920966639065
132.7393886485099 230.30636584967945
132.7698524493019 208.50873593574005
132.80031625009397 778.4476656135672
132.830780050886 2154.1053988989183
132.86124385167804 3986.3536030100017
132.89170765247007 5687.0226513074895
132.92217145326208 6827.741337766335
132.95263525405412 7300.496148707366
132.98309905484615 7245.918265666045
133.01356285563818 6839.140712844849
133.0440266564302 6139.083869887011
133.07449045722225 5191.809485994423
133.1049542580143 4236.511964506853
133.13541805880632 3657.902110018601
133.16588185959836 3654.7388169136784
133.1963456603904 3970.650837568512
133.22680946118243 3966.2913143699498
133.25727326197446 3108.39680099896
133.28773706276647 1598.7581002344427
133.31820086355853 372.264794986168
133.3486646643505 194.71786219091044
133.37912846514257 832.6987029101609
133.4095922659346 1298.1820180903778
133.44005606672664 1010.3768942075689
133.47051986751868 701.1850809946418
133.5009836683107 1847.3059432284088
133.53144746910274 4942.0644287711075
133.56191126989475 8508.099085817626
133.5923750706868 10092.9350782668
133.62283887147885 8436.441841673144
133.65330267227088 4744.9746504515615
133.68376647306292 1692.7731093712664
133.71423027385495 1053.44114681
133.744694074647 2274.379080924137
133.775157875439 3272.8159078364793
133.80562167623103 2590.9010346835826
133.83608547702306 824.0194392835145
133.86654927781507 65.39276122958718
133.89701307860713 2036.6314883310793
133.92747687939917 6582.092652968653
133.9579406801912 11751.113676513445
133.98840448098323 15317.040955504082
134.01886828177527 16423.50389086215
134.0493320825673 16094.17817294032
134.0797958833593 16203.385301612985
134.11025968415137 17633.745219947625
134.1407234849434 19247.68017929247
134.17118728573544 18828.6892398361
134.20165108652745 15183.840107180276
134.23211488731948 9327.803303349194
134.26257868811152 3766.7344761743775
134.29304248890355 618.992262002264
134.3235062896956 94.55182966297485
134.35397009048762 728.7634654605916
134.38443389127963 1080.0516370104694
134.4148976920717 939.0750654382801
134.44536149286373 1018.6961927018326
134.47582529365576 1871.1253157147116
134.5062890944478 3283.367696472132
134.53675289523983 4733.570525245341
134.56721669603186 6066.07528468649
134.59768049682387 7347.016666673256
134.62814429761593 8316.87644212551
134.6586080984079 8348.322861428534
134.68907189919997 7004.291873630088
134.719535699992 4621.4112115671405
134.74999950078404 2227.6258237978377
134.78046330157608 875.4744226800782
134.8109271023681 1196.4044407855806
134.84139090316015 3352.359569449348
134.87185470395218 6886.555174862651
134.9023185047442 10418.786322596648
134.93278230553625 11875.961967707552
134.96324610632828 9867.055135073224
134.99370990712032 5418.166878152692
135.02417370791235 2044.9503615189913
135.0546375087044 3246.8606270771065
135.0851013094964 9331.25742977032
135.11556511028843 16713.047793331192
135.14602891108046 20651.213756173536
135.17649271187247 19009.22355188522
135.20695651266453 13613.36205722848
135.23742031345657 8183.975181823384
135.2678841142486 5274.062170373154
135.29834791504064 5197.638210756997
135.32881171583267 7207.4178462139425
135.3592755166247 10868.347546104687
135.38973931741674 15899.785535220735
135.42020311820875 21051.91257349751
135.4506669190008 24111.678133074096
135.48113071979284 23604.404793267528
135.51159452058485 20298.756027484473
135.54205832137689 16677.205387973263
135.57252212216892 14753.091786720095
135.60298592296095 14373.017289847441
135.633449723753 13645.102097015068
135.66391352454502 10961.935886933206
135.69437732533703 6601.582165930969
135.7248411261291 2461.689624388944
135.75530492692113 355.7571835434947
135.78576872771316 573.3402074308262
135.8162325285052 1906.2639730342496
135.84669632929723 2833.211563621449
135.87716013008927 2641.7239666824444
135.9076239308813 1650.1014518058043
135.9380877316733 655.9962635637181
135.96855153246534 285.7553327561053
135.99901533325735 768.1656076267875
136.0294791340494 2090.2942213142214
136.05994293484144 4113.293232904981
136.09040673563348 6436.480472871001
136.1208705364255 8252.225951052269
136.15133433721755 8586.788232786956
136.18179813800958 6990.324825611737
136.2122619388016 4126.566641686313
136.24272573959365 1526.1273586329824
136.2731895403857 512.5715473716593
136.30365334117772 1204.0223609471864
136.33411714196976 2491.963871577149
136.36458094276176 3050.4238498660434
136.3950447435538 2434.556719611317
136.42550854434583 1235.89776946408
136.45597234513787 320.59324801911094
136.4864361459299 47.15540692225524
136.5168999467219 164.27284917007944
136.54736374751397 302.62952127574283
136.577827548306 438.71466876071935
136.60829134909804 908.7460242905565
136.63875514989007 2083.514817177737
136.6692189506821 4013.0071087472256
136.69968275147414 6196.505525267568
136.73014655226615 7607.129760806781
136.7606103530582 7211.657136233139
136.79107415385025 4888.707681228708
136.82153795464225 2018.554096666344
136.8520017554343 873.8153089233899
136.88246555622632 2815.644561522094
136.91292935701836 6763.928292234968
136.9433931578104 9667.95669316054
136.97385695860243 9005.799471333501
137.00432075939446 5145.690884781884
137.03478456018647 1144.350110664447
137.06524836097853 105.78598788764502
137.09571216177056 2544.0215149620294
137.1261759625626 6047.556898333235
137.15663976335463 7592.993130351066
137.18710356414667 6193.839286138971
137.2175673649387 3283.7379101917813
137.2480311657307 1028.5571993682845
137.27849496652274 526.9855199905348
137.30895876731475 1314.0022233246982
137.3394225681068 2244.3646677544134
137.36988636889885 2590.6958123863983
137.40035016969088 2338.280930721872
137.43081397048292 1798.6531259958751
137.46127777127495 1215.82852431536
137.49174157206699 717.1367053076896
137.522205372859 408.10486488068005
137.55266917365103 350.3339809349352
137.5831329744431 477.11375805145445
137.61359677523512 617.592540702972
137.64406057602716 619.7104827340776
137.67452437681916 441.5053047687065
137.7049881776112 176.1008465320927
137.73545197840323 12.151305053888436
137.76591577919527 125.95512226425528
137.7963795799873 528.7108763512686
137.8268433807793 957.3550147942472
137.85730718157137 1015.675147919818
137.8877709823634 593.8483511548532
137.91823478315544 192.81784958703207
137.94869858394748 686.1196754434084
137.9791623847395 2562.7097205634263
138.00962618553154 5347.954891014441
138.04008998632355 7768.420858203192
138.0705537871156 8567.079709312862
138.10101758790762 7372.31491495832
138.13148138869963 4896.518873910665
138.1619451894917 2346.344125011848
138.19240899028372 645.0090976454684
138.22287279107576 26.631342619810088
138.2533365918678 108.05606231022804
138.28380039265983 272.93709836665454
138.31426419345186 166.30355025549582
138.34472799424387 3.405873655705217
138.37519179503593 400.9366006127143
138.40565559582797 1783.4523050936436
138.43611939662 3832.848555865533
138.46658319741204 5575.771883896076
138.49704699820407 6138.672867129741
138.52751079899608 5430.422930312943
138.5579745997881 4110.110457316932
138.58843840058015 2980.516988982953
138.61890220137215 2485.3012529761613
138.6493660021642 2736.7141399086886
138.67982980295625 3747.0632294244065
138.71029360374828 5321.190470555205
138.74075740454032 6752.039715398529
138.77122120533235 7030.666651148694
138.8016850061244 5764.010039003568
138.83214880691642 3904.4536269577416
138.86261260770843 3170.5799951501326
138.8930764085005 4352.14056682402
138.92354020929253 6259.240942741699
138.95400401008456 6713.64853474483
138.98446781087657 4766.856293607411
139.0149316116686 1824.5296645930769
139.04539541246064 396.4560271991932
139.07585921325267 1729.8997142779756
139.1063230140447 4727.00699811424
139.1367868148367 7080.13810787315
139.16725061562877 7320.333134916752
139.1977144164208 5775.64734931061
139.22817821721284 3784.9616463043726
139.25864201800488 2316.887294830025
139.2891058187969 1484.2029192897746
139.31956961958895 1085.388344976512
139.35003342038098 1082.588723796896
139.380497221173 1411.184051256764
139.41096102196502 1677.9252337448556
139.44142482275703 1419.8299707157971
139.4718886235491 676.915757871312
139.50235242434113 64.43177344247354
139.53281622513316 158.35685663814098
139.5632800259252 894.3733719799653
139.59374382671723 1668.6252991787667
139.62420762750926 1981.2252135323808
139.65467142830127 1818.467011627975
139.68513522909333 1420.14064264014
139.71559902988537 922.1882546075585
139.7460628306774 404.6058608448525
139.77652663146944 149.443265653284
139.80699043226147 495.5017035967976
139.83745423305348 1318.9191373147523
139.8679180338455 1904.9994963151091
139.89838183463755 1614.166698867513
139.92884563542958 700.0150558136755
139.9593094362216 194.84503630432687
139.98977323701365 777.0053434811114
140.02023703780569 1904.854254645555
140.05070083859772 2341.0021999080827
140.08116463938975 1575.2296353224235
140.1116284401818 492.68408507843
140.14209224097382 411.25698067003583
140.17255604176583 1542.879787566132
140.2030198425579 2690.3002468160607
140.23348364334993 2594.0553971150985
140.26394744414193 1420.7297637205183
140.29441124493397 711.7817403300804
140.324875045726 1811.0673727088483
140.35533884651804 4437.230246912777
140.38580264731007 6892.034001529916
140.4162664481021 7580.835760937395
140.44673024889414 6262.604195390863
140.47719404968615 4019.4948256241128
140.5076578504782 2246.5127428142423
140.53812165127025 1668.8222775536235
140.56858545206228 2092.9087630063214
140.59904925285431 2791.676604642176
140.62951305364635 3046.4862501178363
140.65997685443838 2547.590554546456
140.6904406552304 1530.7971954608927
140.72090445602242 568.0575404243097
140.75136825681443 99.02080764158654
140.7818320576065 83.12567902959617
140.81229585839853 147.89957607147832
140.84275965919056 86.51360597247769
140.8732234599826 88.43487517901353
140.90368726077463 388.0919149575953
140.93415106156667 813.0559919574093
140.9646148623587 964.2805891040821
140.9950786631507 987.0177029044861
141.02554246394277 1925.8912213972897
141.0560062647348 4838.241532521522
141.08647006552684 9339.541197271172
141.11693386631887 13271.529152729649
141.14739766711088 14158.79252034584
141.17786146790291 11285.719654377755
141.20832526869495 6517.454578901355
141.23878906948698 2998.536039210774
141.269252870279 2784.0564743778905
141.29971667107105 5443.000107180913
141.3301804718631 8788.864108430618
141.36064427265512 10795.983621550173
141.39110807344716 10756.199902408547
141.4215718742392 9163.142971674377
141.45203567503123 7041.552494631751
141.48249947582326 5304.49708779528
141.51296327661527 4547.543536584265
141.54342707740733 5080.492106382403
141.5738908781993 6705.011544249069
141.60435467899137 8435.555063633274
141.6348184797834 8819.065883971369
141.66528228057544 7220.777431645081
141.69574608136747 4507.163004586689
141.7262098821595 2091.477476716041
141.75667368295154 916.8593408976224
141.78713748374355 1036.1066395099776
141.8176012845356 1628.1618735273812
141.84806508532765 1710.7812364434935
141.87852888611968 1095.994170719964
141.90899268691172 583.0633257603308
141.93945648770375 1065.8698838789899
141.96992028849579 2360.915485643604
142.0003840892878 3157.724793587111
142.03084789007983 2396.1065291039185
142.06131169087186 723.0460869092399
142.09177549166387 250.2819918043137
142.12223929245593 2461.535427768984
142.15270309324796 6344.1709812042045
142.18316689404 8827.071837989219
142.21363069483203 7595.867140912244
142.24409449562407 3653.292965105353
142.2745582964161 514.6850017597259
142.3050220972081 727.1461999339546
142.33548589800017 3420.388440111187
142.3659496987922 5337.917810275096
142.39641349958424 4371.378290964458
142.42687730037628 1805.1170826356604
142.45734110116828 734.0861208330977
142.48780490196032 2548.5302315803688
142.51826870275235 5408.443082962318
142.5487325035444 6320.401565501596
142.57919630433642 4498.466240393105
142.60966010512843 2192.3380233616244
142.6401239059205 2029.8562795174848
142.67058770671252 4041.06247951224
142.70105150750456 5775.776632191267
142.7315153082966 5129.013317796161
142.76197910908863 2615.436586638384
142.79244290988066 721.6061851286157
142.82290671067267 1170.3967691617142
142.85337051146473 3190.5808687646345
142.8838343122567 4576.787634949996
142.91429811304877 4112.5356343453095
142.9447619138408 2662.046636208209
142.97522571463284 1934.8912998500944
143.00568951542488 2546.3577964403767
143.0361533162169 3551.4281276347383
143.06661711700895 3668.6976815574176
143.09708091780098 2613.764949161824
143.127544718593 1187.7536615750787
143.15800851938505 304.3500999086012
143.18847232017708 164.99225007225616
143.21893612096912 337.87915229094574
143.24939992176115 392.4644745734423
143.2798637225532 301.6405808478596
143.3103275233452 306.9779544128298
143.34079132413723 578.9901709456796
143.37125512492926 1077.0828158979334
143.40171892572127 1645.0962533478844
143.43218272651333 2134.535839286685
143.46264652730537 2446.116702124072
143.4931103280974 2545.4419465577953
143.52357412888944 2493.5650976519887
143.55403792968147 2457.859532012163
143.5845017304735 2687.9788066780316
143.6149655312655 3450.284628285197
143.64542933205755 4863.8786485281225
143.6758931328496 6695.724650579398
143.70635693364164 8338.777699856222
143.73682073443365 9068.055917230333
143.76728453522568 8478.167622290928
143.79774833601772 6842.234122703505
143.82821213680975 4960.278774388853
143.8586759376018 3519.914794610628
143.88913973839382 2661.1155280182634
143.91960353918583 2152.1571657616614
143.9500673399779 1832.24297389948
143.98053114076993 1748.2996267283047
144.01099494156196 1854.3579571647144
144.041458742354 1778.7447233170487
144.07192254314603 1153.9453348486923
144.10238634393806 259.7677272044765
144.13285014473007 133.44290988399527
144.1633139455221 1710.3162719184475
144.19377774631414 4721.251929226286
144.22424154710615 7567.884488549469
144.2547053478982 8519.259439991505
144.28516914869024 7147.249371898635
144.31563294948228 4538.8738261495055
144.3460967502743 2203.1666490039806
144.37656055106635 950.5592136869561
144.40702435185838 749.0367698807546
144.4374881526504 1373.7402774584723
144.46795195344245 2861.380415253176
144.4984157542345 5187.861073822547
144.52887955502652 7695.905161374803
144.55934335581856 9160.175052530289
144.5898071566106 8638.228312564517
144.6202709574026 6297.068663094933
144.65073475819463 3336.9315871615595
144.68119855898667 1080.35860826875
144.71166235977867 98.46543686642413
144.7421261605707 84.17835653159646
144.77258996136277 378.6181884858765
144.8030537621548 522.2802580508489
144.83351756294684 429.2990618674653
144.86398136373887 260.86040270840607
144.8944451645309 219.3449830757516
144.92490896532294 379.2792811696017
144.95537276611495 603.6659958909275
144.985836566907 629.1858424542486
145.01630036769905 351.0286230575122
145.04676416849105 114.1917084553423
145.0772279692831 692.0741141963841
145.10769177007512 2810.3775370933654
145.13815557086716 6462.540509516051
145.1686193716592 10555.194079286282
145.19908317245122 13305.34815425162
145.22954697324323 13286.81537998982
145.2600107740353 10406.219574021365
145.29047457482733 6055.23571689886
145.32093837561936 2372.593012265068
145.3514021764114 1027.979336849597
145.38186597720343 2153.1025838911078
145.41232977799547 4267.989649228701
145.4427935787875 5453.179972620427
145.4732573795795 4847.353151930675
145.50372118037154 3196.2789342553097
145.53418498116355 2026.6835811881667
145.5646487819556 2274.878588691626
145.59511258274765 3570.7770763173944
145.62557638353968 4670.856688088516
145.65604018433172 4591.673964440539
145.68650398512375 3378.955327623631
145.71696778591578 1850.1330841770057
145.7474315867078 793.406941735019
145.77789538749985 464.51195207858854
145.8083591882919 646.2843060283357
145.83882298908392 996.6730335178175
145.86928678987596 1322.53330116024
145.89975059066796 1642.5733934409343
145.93021439146 2097.400302871755
145.96067819225203 2778.2237151860395
145.99114199304407 3547.7183840266102
146.0216057938361 4009.049549608936
146.0520695946281 3752.200819919304
146.08253339542017 2735.464555562746
146.1129971962122 1415.555058722155
146.14346099700424 442.66580064895646
146.17392479779627 198.46998720095615
146.2043885985883 579.0057819701412
146.23485239938034 1187.0042934215223
146.26531620017235 1696.5355592074973
146.2957800009644 1979.4313968668428
146.3262438017564 2057.9092093387044
146.35670760254845 2176.7265721875156
146.3871714033405 2829.9725225976167
146.41763520413252 4402.66270724642
146.44809900492456 6536.650052665236
146.4785628057166 7956.690267399769
146.50902660650863 7376.616175978829
146.53949040730066 4982.2428695392955
146.56995420809267 3043.414061200482
146.60041800888473 4499.624960343781
146.63088180967677 10270.278856904251
146.6613456104688 17905.508577277044
146.69180941126083 23195.028121192743
146.72227321205287 23440.374203171752
146.7527370128449 19530.22566835381
146.7832008136369 14958.492715183193
146.81366461442894 12660.559465378295
146.84412841522095 12673.211412567436
146.874592216013 12758.737343282428
146.90505601680505 10975.540876585488
146.93551981759708 7404.074657424965
146.96598361838912 3676.8696290889447
146.99644741918115 1270.0084220277183
147.0269112199732 346.6131199965536
147.05737502076522 107.38246490055698
147.08783882155723 0.7043738359242387
147.1183026223493 414.21207279268464
147.14876642314132 2182.6221643005288
147.17923022393336 5474.629276384537
147.20969402472537 9248.385704671737
147.2401578255174 11798.174953332891
147.27062162630943 11860.757157187789
147.30108542710147 9472.927858837527
147.3315492278935 5960.972625897752
147.3620130286855 3005.5969285434694
147.39247682947757 1549.553680907129
147.4229406302696 1399.7721138876072
147.45340443106164 1686.6341244277392
147.48386823185368 1713.844749263439
147.5143320326457 1493.2168951739427
147.54479583343775 1554.6524612147216
147.57525963422978 2296.354733171453
147.6057234350218 3521.2730787227515
147.63618723581382 4553.1920162940905
147.66665103660583 4800.619286302069
147.6971148373979 4284.902782252183
147.72757863818993 3650.383501638735
147.75804243898196 3555.448381878747
147.788506239774 3936.5905913997767
147.81897004056603 3949.2577035577337
147.84943384135806 2873.3182412447404
147.87989764215007 1187.1538129312153
147.91036144294213 628.8246296848505
147.94082524373417 2910.7615032759163
147.9712890445262 7950.274362858315
148.00175284531824 13269.695901049272
148.03221664611027 15690.509973773149
148.06268044690228 14049.302934842332
148.0931442476943 10153.333022038272
148.12360804848635 7043.707681796325
148.15407184927838 6348.667033727715
148.1845356500704 7208.802424244343
148.21499945086245 7687.9868909366605
148.24546325165448 6987.607412520984
148.27592705244652 5973.111071147137
148.30639085323855 5657.466605841812
148.3368546540306 5690.478496293643
148.36731845482262 4773.468564190486
148.39778225561463 2524.836800606244
148.4282460564067 487.3951612934312
148.45870985719873 758.3947766204037
148.48917365799076 3542.900765526962
148.51963745878277 6620.132343857551
148.5501012595748 7433.5858827234115
148.58056506036684 5400.310398671641
148.61102886115887 2248.8044568662185
148.6414926619509 253.673038172048
148.67195646274294 146.2857328155314
148.70242026353495 879.927116272196
148.732884064327 1156.4540519756383
148.76334786511904 711.787506349236
148.79381166591108 192.1347638194819
148.8242754667031 155.89599121910356
148.85473926749515 519.1594386702438
148.88520306828718 966.6273662138098
148.9156668690792 1517.5944837174989
148.94613066987122 2479.9203618626734
148.97659447066323 3947.163337845701
149.0070582714553 5457.14899236985
149.03752207224733 6251.990229154222
149.06798587303936 5900.577383892278
149.0984496738314 4596.268191017331
149.12891347462343 2925.583112611071
149.15937727541547 1475.1307210790135
149.1898410762075 560.6499221803043
149.2203048769995 178.1851257564223
149.25076867779157 210.52047892699284
149.2812324785836 727.5472664613283
149.31169627937564 2036.4501533897967
149.34216008016767 4277.665328149398
149.37262388095968 6867.575809481315
149.4030876817517 8491.4113568516
149.43355148254375 8019.600510716626
149.46401528333578 5664.980259628977
149.4944790841278 3116.6218974114354
149.52494288491985 2279.7071973393263
149.5554066857119 3658.95092784808
149.58587048650392 5899.276498219202
149.61633428729596 7017.494525181483
149.646798088088 6149.8635398706
149.67726188888003 4141.998798317531
149.70772568967203 2594.919353363563
149.73818949046407 2460.088493876319
149.76865329125613 3477.7380104122194
149.7991170920481 4690.656853774905
149.82958089284017 5259.196803236268
149.8600446936322 4834.305869191249
149.89050849442424 3502.598734671311
149.92097229521627 1745.315037688261
149.9514360960083 401.6839016429604
149.98189989680034 276.49731951386326
150.01236369759235 1509.3597441067127
150.0428274983844 3338.836016478622
150.07329129917645 4645.471078538326
150.10375509996848 4830.390617271293
150.13421890076052 4201.983836185167
150.16468270155255 3573.1764164491606
150.19514650234458 3509.7218979911904
150.2256103031366 3951.194367040345
150.25607410392863 4479.581939347245
150.28653790472066 4789.9951022704145
150.31700170551267 4863.125176288903
150.34746550630473 4850.898105541937
150.37792930709676 4933.921292767278
150.4083931078888 5225.261398223077
150.43885690868083 5651.609771468891
150.46932070947287 5878.894954868525
150.4997845102649 5496.243312324824
150.5302483110569 4439.457728565263
150.56071211184897 3180.232518379401
150.591175912641 2331.925601509879
150.62163971343304 2048.7552138647084
150.65210351422508 1905.5792193004377
150.68256731501708 1427.7647616328593
150.71303111580912 693.028808079956
150.74349491660115 276.38753400456676
150.77395871739319 537.7614569759105
150.8044225181852 1102.8865620404315
150.83488631897723 1228.6684705105258
150.8653501197693 701.8888524935712
150.89581392056132 262.5820429623405
150.92627772135336 984.5325092425757
150.9567415221454 3159.7678524759112
150.98720532293743 5842.666809990724
151.01766912372946 7510.379377384878
151.04813292452147 7186.449779453112
151.07859672531353 5098.956537076074
151.1090605261055 2476.6907433145284
151.13952432689757 678.3556057835723
151.1699881276896 237.58217202449688
151.20045192848164 608.0290726403068
151.23091572927368 855.1122160481741
151.2613795300657 623.776856044727
151.29184333085774 515.7549444614732
151.32230713164975 1462.396640888666
151.3527709324418 3574.01575416937
151.38323473323385 5684.060731173561
151.41369853402588 6224.974820414383
151.44416233481792 4686.947411894324
151.47462613560995 2200.635110622742
151.505089936402 530.8838692607828
151.535553737194 454.3091230166908
151.56601753798603 1223.5841405838144
151.59648133877806 1582.893051108542
151.62694513957007 1087.1912351136311
151.65740894036213 326.0032632842748
151.68787274115417 22.744100245224192
151.7183365419462 200.06453625830247
151.74880034273824 362.06614463483794
151.77926414353027 261.67639113701176
151.8097279443223 169.05731237716452
151.8401917451143 398.9659230077325
151.87065554590637 828.5624781542657
151.9011193466984 1068.2407097696505
151.93158314749044 999.1494068684163
151.96204694828245 889.6473817009276
151.99251074907448 1012.6824933976324
152.02297454986652 1434.6066357633545
152.05343835065855 2311.28489753383
152.0839021514506 4147.72448871036
152.11436595224262 7355.6189081125585
152.14482975303463 11394.859575533295
152.1752935538267 14610.717447898836
152.20575735461873 15304.616539879848
152.23622115541076 13102.712579575697
152.2666849562028 9255.112368906768
152.29714875699483 5631.623735478198
152.32761255778686 3500.724412591873
152.35807635857887 3220.8779313371983
152.38854015937093 4644.486266827838
152.4190039601629 7263.239680765285
152.44946776095497 9892.749990654258
152.479931561747 10821.693904391896
152.51039536253904 9151.834978223314
152.54085916333108 5965.542215448763
152.5713229641231 3514.931895435372
152.60178676491515 3228.28386440416
152.63225056570718 4505.490302084572
152.6627143664992 5347.282856475424
152.69317816729125 4420.832135998089
152.72364196808329 2341.186278716867
152.75410576887532 650.4793683609183
152.78456956966735 41.50502650739536
152.8150333704594 29.713043452038885
152.8454971712514 135.55287740146267
152.87596097204343 820.986801305849
152.90642477283546 2837.296723780154
152.93688857362747 5821.813198016913
152.96735237441953 8089.481308827328
152.99781617521157 8102.947687307451
153.0282799760036 5983.598353126853
153.05874377679564 3288.7628333144444
153.08920757758767 1427.3325518602069
153.1196713783797 668.6726551172422
153.15013517917174 618.6656183771021
153.18059897996375 1122.2710309208255
153.2110627807558 2272.925997347853
153.24152658154784 3693.5093394844657
153.27199038233985 4433.130102450092
153.30245418313189 3870.5218054662714
153.33291798392392 2487.274851477156
153.36338178471595 1457.4269816399903
153.393845585508 1368.5895957083828
153.42430938630002 1612.0738846017443
153.45477318709203 1286.946120718383
153.4852369878841 436.6900097324916
153.51570078867613 33.51466707098768
153.54616458946816 717.9622008133433
153.5766283902602 1913.8123771376315
153.60709219105223 2523.7498491283527
153.63755599184427 2234.2990244535044
153.6680197926363 1733.3904775470985
153.6984835934283 1722.9480123946767
153.72894739422034 2090.3581246507824
153.75941119501235 2205.687320168955
153.7898749958044 1773.781959805931
153.82033879659645 1099.38442012723
153.85080259738848 552.757304450182
153.88126639818051 211.35633658684063
153.91173019897255 286.62368671900174
153.94219399976458 1389.3424461034067
153.9726578005566 3804.6510841943086
154.00312160134865 6572.4537251020965
154.0335854021407 7754.999754281174
154.06404920293272 6170.608487748879
154.09451300372476 2931.420983615855
154.12497680451676 663.3889716684304
154.1554406053088 854.751711609968
154.18590440610083 2407.033846039153
154.21636820689287 3102.2985574404615
154.2468320076849 2149.8924987833257
154.2772958084769 876.2460029486637
154.30775960926897 791.2467638403247
154.338223410061 1540.2045261874057
154.36868721085304 1557.8769820158805
154.39915101164507 488.1982549457696
154.4296148124371 143.12289645260313
154.46007861322914 2571.7087162393177
154.49054241402115 7243.016763415629
154.5210062148132 11047.318948929975
154.55147001560525 11500.655269239804
154.58193381639725 9247.337484936988
154.6123976171893 7085.06187650948
154.64286141798132 6802.46917841851
154.67332521877336 7323.76736228132
154.7037890195654 6349.85980523746
154.73425282035743 3579.9659541851943
154.76471662114946 1481.1662355539352
154.79518042194147 2609.772179355267
154.82564422273353 6679.058539504588
154.85610802352556 10636.93972004788
154.8865718243176 11501.23575530204
154.91703562510963 8947.72515080315
154.94749942590167 5251.375855543907
154.9779632266937 3054.8290248281805
155.0084270274857 3349.1562398214605
155.03889082827774 5256.942411257043
155.06935462906975 7136.258905902858
155.0998184298618 7691.955557707091
155.13028223065385 6575.329620628918
155.16074603144588 4529.845245477506
155.19120983223792 3006.111618400165
155.22167363302995 3224.603871496447
155.25213743382199 5129.962399310107
155.28260123461402 7220.341096967758
155.31306503540603 7737.754997149769
155.3435288361981 6232.222425313112
155.37399263699012 3933.555949212456
155.40445643778216 2463.5947099357927
155.43492023857416 2227.4439475593404
155.4653840393662 2261.696694287483
155.49584784015823 1598.6950870475512
155.52631164095027 519.1296568698692
155.5567754417423 325.5799226224145
155.5872392425343 1912.0880108787287
155.61770304332637 4673.922475383619
155.6481668441184 6916.04403489168
155.67863064491044 7273.93108430991
155.70909444570248 5691.363110761546
155.7395582464945 3248.536984320445
155.77002204728655 1248.9409360439477
155.80048584807855 351.19079453508607
155.8309496488706 358.8658909679467
155.86141344966262 651.5902696409084
155.89187725045463 771.0577927680131
155.9223410512467 740.043078919349
155.95280485203872 893.8864766655158
155.98326865283076 1390.9538125584284
156.0137324536228 1918.895522518268
156.04419625441483 1951.9333156275552
156.07466005520686 1342.6720092340158
156.10512385599887 598.2943838664493
156.13558765679093 457.7780874450457
156.16605145758297 1128.136803541288
156.196515258375 1993.755803118356
156.22697905916704 2214.929588647271
156.25744285995907 1616.2511249754295
156.2879066607511 870.8798853184912
156.3183704615431 791.3047286738589
156.34883426233515 1528.1934965890798
156.37929806312718 2484.189022260099
156.4097618639192 2915.1642929234454
156.44022566471125 2555.3171277833826
156.47068946550328 1709.2940560447407
156.50115326629532 880.9211186984598
156.53161706708735 438.78675282659583
156.5620808678794 541.267276868236
156.59254466867142 1133.793171206198
156.62300846946343 1931.6990168848895
156.6534722702555 2565.2989465854967
156.68393607104753 2951.467473240785
156.71439987183956 3518.7401108064264
156.74486367263157 4822.335734918656
156.7753274734236 6807.159490967724
156.80579127421564 8576.728665409428
156.83625507500767 8991.496322750929
156.8667188757997 7587.949530844234
156.8971826765917 5027.563990555689
156.92764647738375 2566.2674538145425
156.9581102781758 1029.9843030442205
156.98857407896784 402.5545835882587
157.01903787975988 285.46184416162663
157.0495016805519 476.53893412107425
157.07996548134395 1010.3143244635844
157.11042928213598 1791.5503213681084
157.140893082928 2425.1781022629457
157.17135688372002 2493.611659558561
157.20182068451203 1940.6407145914604
157.2322844853041 1109.1369353371067
157.26274828609613 413.878806510844
157.29321208688816 55.36686589658327
157.3236758876802 21.322730088145008
157.35413968847223 215.6320780774089
157.38460348926426 495.83757570302737
157.41506729005627 657.205445154199
157.44553109084833 541.2817166176997
157.47599489164037 221.88943569143223
157.5064586924324 4.435466020998168
157.53692249322444 155.26218854106827
157.56738629401647 629.5670020121719
157.59785009480848 1114.8176622995509
157.6283138956005 1342.7560760320148
157.65877769639255 1301.9904212499457
157.68924149718458 1137.0933206525797
157.7197052979766 936.75732755705
157.75016909876865 719.50778014996
157.7806328995607 595.8563749761004
157.81109670035272 794.5447997508355
157.84156050114476 1409.0028014134018
157.8720243019368 2153.690506782849
157.90248810272882 2496.2882136307862
157.93295190352083 2115.480499447556
157.9634157043129 1223.6481031318551
157.99387950510493 381.0168076193368
158.02434330589696 11.55027016203504
158.05480710668897 141.3076191072637
158.085270907481 525.4992679730278
158.11573470827304 936.4440991382288
158.14619850906507 1322.6818949422307
158.1766623098571 1759.1816065170951
158.20712611064914 2338.59723853008
158.23758991144115 3102.4011656244948
158.2680537122332 3972.798425457568
158.29851751302525 4704.564805837104
158.32898131381728 4966.106535952496
158.35944511460931 4573.323656946221
158.38990891540135 3699.3945825525766
158.42037271619338 2764.70854782114
158.4508365169854 2060.457270989689
158.48130031777742 1630.7620557719747
158.51176411856943 1509.3924762794188
158.5422279193615 1815.8427444219687
158.57269172015353 2527.936439792992
158.60315552094556 3228.778435655859
158.6336193217376 3334.033944814949
158.66408312252963 2815.173204484464
158.69454692332167 2513.531927978187
158.7250107241137 3465.0400464307863
158.7554745249057 5686.273902477785
158.78593832569777 7651.593527504352
158.8164021264898 7618.495228605059
158.84686592728184 5674.2727630684285
158.87732972807387 3987.907597925311
158.90779352886588 4927.300221903678
158.93825732965792 8759.958536964492
158.96872113044995 12959.794890000743
158.99918493124198 14207.865439676883
159.029648732034 11421.565639704751
159.06011253282605 6702.638567519747
159.0905763336181 3398.579426776132
159.12104013441012 3285.4778026158606
159.15150393520216 5340.333609131941
159.1819677359942 6987.866024963949
159.21243153678623 6441.319832238781
159.24289533757826 3958.3768282086426
159.27335913837027 1277.7049485049645
159.30382293916233 119.74537872698681
159.3342867399543 986.784420957746
159.36475054074637 3051.2598001244423
159.3952143415384 4974.33651920074
159.42567814233044 5781.768707840428
159.45614194312247 5258.513794009042
159.4866057439145 3873.252748549647
159.51706954470654 2361.724584598346
159.54753334549855 1240.9475980770324
159.5779971462906 623.4155391360996
159.60846094708265 391.8659977304972
159.63892474787468 431.22652926049045
159.66938854866672 677.0582309644838
159.69985234945875 1038.1145323969697
159.7303161502508 1375.0078206288304
159.7607799510428 1587.985917311917
159.79124375183483 1650.4092006899175
159.82170755262686 1521.452041310029
159.85217135341887 1139.5467305516042
159.88263515421093 573.97302819522
159.91309895500297 155.86247835156917
159.943562755795 348.26714004023864
159.97402655658703 1293.7302235447723
160.00449035737907 2478.023716248581
160.0349541581711 3059.769598334068
160.0654179589631 2710.7107914701014
160.09588175975517 2083.047166543272
160.1263455605472 2231.2691061076057
160.15680936133924 3492.533930200604
160.18727316213128 5020.91986815278
160.21773696292328 5511.461920636654
160.24820076371532 4491.722855928146
160.27866456450735 2869.0356341764273
160.3091283652994 2086.2489686133595
160.33959216609142 2774.963494461288
160.37005596688343 4219.748160540724
160.4005197676755 5067.33297654183
160.43098356846752 4576.758615474182
160.46144736925956 3172.690351496751
160.4919111700516 1893.8803171556976
160.52237497084363 1477.629452333166
160.55283877163566 1886.6576882920504
160.58330257242767 2538.504049220355
160.61376637321973 2920.8307399944774
160.6442301740117 2967.1319351149505
160.67469397480377 2952.154183808574
160.7051577755958 3208.004750764873
160.73562157638784 3939.7393711435225
160.76608537717988 5148.264131405749
160.7965491779719 6626.672703779806
160.82701297876395 8039.451387924237
160.85747677955598 9017.89588954455
160.887940580348 9202.800441017938
160.91840438114005 8329.839480637265
160.94886818193208 6438.592002013561
160.97933198272412 4013.2500502914986
161.00979578351615 1811.341519421466
161.0402595843082 444.32607768454255
161.0707233851002 15.790576447273404
161.10118718589223 119.37168061041989
161.13165098668426 249.21225629288887
161.16211478747627 263.27071815328463
161.19257858826833 450.53134501715687
161.22304238906037 1157.5881514769355
161.2535061898524 2349.320859015713
161.28396999064444 3537.5638447337965
161.31443379143647 4150.6090546326
161.3448975922285 3953.3440461068913
161.37536139302054 3140.422605636736
161.40582519381255 2117.617412654087
161.4362889946046 1218.3730422444783
161.46675279539664 581.7134772934394
161.49721659618865 229.81765075501983
161.52768039698068 178.37391656061152
161.55814419777272 440.9965345663172
161.58860799856475 964.9349733554552
161.6190717993568 1600.9412288846395
161.64953560014882 2148.390319995447
161.67999940094083 2432.324762282152
161.7104632017329 2350.7598942326094
161.74092700252493 1891.6448634402152
161.77139080331696 1160.1640085742513
161.801854604109 412.3265686164698
161.83231840490103 19.13491336681584
161.86278220569307 294.5019902242304
161.8932460064851 1251.191023674431
161.9237098072771 2491.095900670051
161.95417360806914 3408.1849433815764
161.98463740886115 3655.0859592744846
162.0151012096532 3522.5214797365297
162.04556501044524 3762.554805576672
162.07602881123728 4869.741063506766
162.1064926120293 6561.80622047324
162.13695641282135 7996.18484622394
162.16742021361338 8433.319014295146
162.1978840144054 7834.980075975632
162.22834781519745 6883.078643356547
162.2588116159895 6196.181244999493
162.28927541678152 5628.352024773114
162.31973921757356 4588.271257606997
162.3502030183656 2889.4307340303076
162.3806668191576 1127.8958838330811
162.41113061994963 243.63597768115463
162.44159442074167 674.3121789672764
162.4720582215337 1973.9425082442503
162.5025220223257 3265.6011514309175
162.53298582311777 3961.0910612243783
162.5634496239098 4069.72536833148
162.59391342470184 3939.813174821927
162.62437722549387 3801.810205523756
162.6548410262859 3597.7694444900258
162.68530482707794 3150.266103581876
162.71576862786995 2390.597141976344
162.746232428662 1501.503855473678
162.77669622945405 989.7559001395916
162.80716003024605 1601.9826817098146
162.8376238310381 3895.374889680148
162.86808763183012 7585.821483405672
162.89855143262216 11313.042098466072
162.9290152334142 13333.891210885771
162.95947903420623 12727.629342991255
162.98994283499826 10024.796254904442
163.02040663579027 6674.706245745108
163.05087043658233 3915.9178461070255
163.08133423737436 2118.5770361085783
163.1117980381664 1077.1222451301066
163.14226183895843 682.7561770062086
163.17272563975047 1048.930243515362
163.2031894405425 2037.6908365274028
163.2336532413345 3024.619404306588
163.26411704212654 3382.656942188164
163.29458084291855 3162.1436408156446
163.3250446437106 3075.2135344961166
163.35550844450265 3652.4358182779624
163.38597224529468 4527.000581615223
163.41643604608672 4764.232389765478
163.44689984687875 3884.451190625016
163.47736364767078 2367.4691539052023
163.5078274484628 1104.1844634841896
163.53829124925485 516.0053924829458
163.5687550500469 342.861043569869
163.59921885083892 202.78665566483735
163.62968265163096 89.57665895811598
163.66014645242296 191.2510429820101
163.690610253215 446.8069745163708
163.72107405400703 621.4310791863318
163.75153785479907 871.5748181003275
163.7820016555911 1923.4470370033
163.8124654563831 4376.9076926124335
163.84292925717517 7815.711477307191
163.8733930579672 10809.1515776419
163.90385685875924 12052.89174254011
163.93432065955128 11523.78722308674
163.9647844603433 10226.307060808367
163.99524826113534 8875.345588136228
164.02571206192735 7265.622746025128
164.0561758627194 4955.565136556384
164.08663966351145 2265.1483769144015
164.11710346430343 355.527755605507
164.1475672650955 140.15309418799237
164.17803106588752 1237.6247011212063
164.20849486667956 2268.330966959243
164.2389586674716 2166.5603225414297
164.26942246826363 1102.493582042976
164.29988626905566 142.19950009209762
164.33035006984767 154.67637335008536
164.36081387063973 1224.1515191854367
164.39127767143177 2953.882920029223
164.4217414722238 4940.118709077754
164.45220527301584 6829.251625275072
164.48266907380787 8195.285458539114
164.5131328745999 8801.559652724602
164.5435966753919 9115.787154864187
164.57406047618394 10189.097891845357
164.60452427697595 12581.353639830491
164.634988077768 15378.02393535208
164.66545187856005 16550.735098657096
164.69591567935208 14621.27519380464
164.72637948014412 10178.862068298804
164.75684328093615 5576.385061610044
164.7873070817282 2925.7409052864955
164.81777088252022 2493.853355863758
164.84823468331223 2934.2765306114184
164.8786984841043 2820.2974492158687
164.90916228489633 1919.8626804010555
164.93962608568836 1028.8071606521464
164.97008988648037 832.8095599759267
165.0005536872724 1220.497271170822
165.03101748806444 1660.2625095395651
165.06148128885647 2029.5453334771053
165.0919450896485 2722.428478191891
165.1224088904405 3869.6980799204143
165.15287269123257 4933.744244423864
165.1833364920246 5184.5875935432205
165.21380029281664 4305.071410890329
165.24426409360868 2845.3715147023017
165.2747278944007 2140.5835898992086
165.30519169519275 2997.6900394267946
165.33565549598478 4481.553262266661
165.3661192967768 4800.431809142424
165.39658309756882 3256.780334553599
165.42704689836083 1094.90261852243
165.4575106991529 523.9967567847624
165.48797449994493 2643.55402104275
165.51843830073696 6154.371605730084
165.548902101529 8337.48925526264
165.57936590232103 7494.851161578225
165.60982970311306 4547.571606081059
165.64029350390507 2163.965776771233
165.67075730469713 2179.366292570196
165.70122110548917 3908.544149448913
165.7316849062812 5078.410358830054
165.76214870707324 4251.584876030186
165.79261250786527 2096.207821659222
165.8230763086573 380.5129434298981
165.8535401094493 46.800141880755405
165.88400391024135 526.992297940529
165.91446771103338 835.5848202953919
165.9449315118254 798.1229134019399
165.97539531261745 936.2559859652227
166.00585911340949 1454.9878293019617
166.03632291420152 1845.9607528592016
166.06678671499355 1751.6739195487871
166.0972505157856 1857.6595066174596
166.12771431657762 3280.611404337269
166.15817811736963 5968.668759289885
166.1886419181617 8177.61319748635
166.21910571895373 7944.939241361696
166.24956951974576 5134.811209199349
166.28003332053777 1762.0590665781851
166.3104971213298 64.2976941706827
166.34096092212184 466.81164391294936
166.37142472291387 1598.9820794370182
166.4018885237059 2011.1936436460703
166.43235232449794 1570.0111117418828
166.46281612528995 1072.7839205303103
166.493279926082 884.2614428928681
166.52374372687405 625.2289900937363
166.55420752766608 156.45496039780087
166.5846713284581 196.69289113306007
166.61513512925015 1510.7043773138228
166.64559893004218 3643.3019473490417
166.6760627308342 5015.6104305080125
166.70652653162622 4569.358079789902
166.73699033241823 3125.570775564359
166.7674541332103 2656.583016380056
166.79791793400233 4027.5840900524167
166.82838173479436 5890.1773120771895
166.8588455355864 6115.671926595814
166.88930933637843 4088.8489943843697
166.91977313717047 1343.9982141467533
166.9502369379625 9.517981950283428
166.9807007387545 827.5755543248739
167.01116453954657 2749.867899392996
167.0416283403386 4234.033807110298
167.07209214113064 4541.893018146358
167.10255594192267 3819.2833380058905
167.13301974271468 2523.3641542800574
167.16348354350671 1181.0890873566636
167.19394734429875 517.3667755956843
167.22441114509078 1211.539011243866
167.2548749458828 3120.768830665083
167.28533874667485 5012.575960720811
167.3158025474669 5470.656615234544
167.34626634825892 4186.737601590634
167.37673014905096 2239.6120105457876
167.407193949843 932.9733067746456
167.43765775063503 532.2928568706984
167.46812155142706 387.25324844999426
167.49858535221907 93.28382685636177
167.52904915301113 64.47999890515561
167.5595129538031 785.2516315760316
167.58997675459517 1835.0047386142492
167.6204405553872 2122.137993232373
167.65090435617924 1234.5633559529992
167.68136815697127 183.69786565329684
167.7118319577633 388.4683771531993
167.74229575855534 2099.7892436885577
167.77275955934735 4137.731190066235
167.8032233601394 5147.899879363551
167.83368716093145 4875.464274864003
167.86415096172348 3997.077179990305
167.89461476251552 2992.233013538808
167.92507856330755 1758.8637294410037
167.95554236409959 452.54064084932224
167.98600616489162 155.9600689045803
168.01646996568363 1997.2466464024976
168.04693376647566 5477.067298174818
168.07739756726767 8237.16434476387
168.10786136805973 8116.472149573437
168.13832516885176 5464.150112193791
168.1687889696438 2948.922986649274
168.19925277043583 2931.3975656735943
168.22971657122787 5198.289696345566
168.2601803720199 7329.274214077843
168.2906441728119 7181.916485239071
168.32110797360397 4827.33295118606
168.351571774396 2079.1064659285953
168.38203557518804 501.6391581314522
168.41249937598008 184.99838475331487
168.44296317677208 353.655035670726
168.47342697756412 647.4327036166156
168.50389077835615 1314.9357930294316
168.5343545791482 2287.675213094799
168.56481837994022 2740.672203162544
168.59528218073223 1976.4104852293424
168.6257459815243 631.9954258758826
168.65620978231632 706.1816348415939
168.68667358310836 3942.9668672666367
168.7171373839004 9914.387226528952
168.74760118469243 15730.174702097614
168.77806498548446 17816.442935402196
168.80852878627647 14587.85297384344
168.83899258706853 7924.570040511787
168.8694563878605 1990.7079449101095
168.89992018865257 324.5968765181502
168.9303839894446 3488.183063100632
168.96084779023664 8864.707371806175
168.99131159102868 12663.014429592917
169.0217753918207 12658.651730615215
169.05223919261275 9534.280572938633
169.08270299340478 5722.611498780669
169.1131667941968 3110.338631906164
169.14363059498885 1885.466017410884
169.17409439578088 1174.3893637071267
169.20455819657292 471.32938479083214
169.23502199736495 265.4130812949615
169.265485798157 1225.8362648096027
169.295949598949 3133.0200324413686
169.32641339974103 4838.556141989297
169.35687720053306 5224.042278914008
169.38734100132507 4170.982984411619
169.41780480211713 2543.341672157484
169.44826860290917 1297.9148724746399
169.4787324037012 767.9998863762814
169.50919620449324 707.8471344603233
169.53966000528527 757.6777101582861
169.5701238060773 754.6297229736301
169.6005876068693 723.0466599290241
169.63105140766135 739.9376753506867
169.6615152084534 841.6077460578526
169.69197900924544 972.6069251826168
169.72244281003745 976.1664326010028
169.75290661082948 708.4211851642042
169.78337041162152 256.7766176498592
169.81383421241355 1.8587787363742496
169.8442980132056 370.2500665926971
169.87476181399762 1512.5891481887095
169.90522561478963 3171.7042689292007
169.9356894155817 4791.945100672918
169.96615321637373 5736.709136636274
169.99661701716576 5469.326419904709
170.0270808179578 3853.103359242488
170.05754461874983 1636.9846655564543
170.08800841954186 519.5068155521833
170.11847222033387 2092.8685791470766
170.14893602112593 6183.925904244296
170.17939982191794 10313.549809185204
170.20986362270995 11339.157110235052
170.240327423502 8357.588441445238
170.27079122429404 4196.537504546944
170.30125502508608 3337.6032541274294
170.3317188258781 7871.196559499384
170.36218262667015 15403.73808805129
170.39264642746218 20792.534593253684
170.4231102282542 20323.772388805737
170.45357402904625 14624.0151535795
170.4840378298383 7537.428538110739
170.51450163063032 2548.9629648744767
170.54496543142236 487.4988819409715
170.5754292322144 107.80856724020192
170.6058930330064 123.13898538211932
170.63635683379843 349.2991203414636
170.66682063459047 1187.1218957173971
170.69728443538247 2530.8619066204305
170.7277482361745 3543.993029312943
170.75821203696657 3454.511381812184
170.7886758377586 2293.128233555394
170.81913963855064 865.5692600618535
170.84960343934267 101.49577659652356
170.8800672401347 432.35922555606624
170.91053104092674 1735.4316325442287
170.94099484171875 3582.9503513023737
170.9714586425108 5425.764138577182
171.00192244330285 6684.4545769017
171.03238624409485 6783.427533948052
171.0628500448869 5387.690409322145
171.09331384567892 2941.64654044466
171.12377764647096 972.1846078909228
171.154241447263 1405.1573031234523
171.18470524805502 4973.856291899424
171.21516904884703 10069.668383639128
171.2456328496391 13391.24250779498
171.27609665043113 12398.465780417384
171.30656045122316 7679.736900730075
171.3370242520152 2611.074975636176
171.36748805280723 270.138263357424
171.39795185359927 747.0609565864661
171.4284156543913 1647.7738220546655
171.4588794551833 1248.4263972657354
171.48934325597534 717.0201417049444
171.51980705676735 2661.3791286650394
171.5502708575594 7611.961928376237
171.58073465835145 12680.590342189444
171.61119845914348 14274.748329376216
171.64166225993552 11936.283742327856
171.67212606072755 8877.20285487306
171.70258986151958 8472.334282297146
171.7330536623116 10540.364994583373
171.76351746310365 11673.172361717148
171.7939812638957 9253.663201361027
171.82444506468772 4510.0165795699395
171.85490886547976 1203.8816446842338
171.8853726662718 1521.5791359286916
171.9158364670638 3951.945975040973
171.94630026785583 5368.824680402198
171.97676406864787 4373.956357637778
172.0072278694399 2178.3544569415185
172.0376916702319 660.8052686939992
172.06815547102397 253.34992700232297
172.098619271816 141.5755372001227
172.12908307260804 18.403087324976905
172.15954687340007 694.0538486039593
172.1900106741921 2805.4869767743244
172.22047447498414 5463.97279598807
172.25093827577615 6733.074845916251
172.2814020765682 5579.485032449691
172.31186587736025 2998.07587937516
172.34232967815225 1009.6984865727
172.3727934789443 907.3929475595245
172.40325727973632 2517.0489964960893
172.43372108052836 4657.202696914112
172.4641848813204 6063.249734441208
172.49464868211243 5935.455923755972
172.52511248290446 4176.767927616519
172.55557628369647 1823.6150385948467
172.58604008448853 820.2309678214726
172.61650388528057 2507.5118330309683
172.6469676860726 6132.578112457827
172.67743148686463 9037.605671318071
172.70789528765667 8769.331067254527
172.7383590884487 5380.817721589569
172.7688228892407 1537.727059775314
172.79928669003274 76.97567884191545
172.82975049082475 1509.311750175682
172.8602142916168 3899.4827664508207
172.89067809240885 4849.183998404331
172.92114189320088 3603.1872455067432
172.95160569399292 1416.0259217316043
172.98206949478495 155.17338928660865
173.012533295577 940.4051823810398
173.04299709636902 3581.9263581362807
173.07346089716103 6544.1947041661615
173.1039246979531 7728.529635553478
173.13438849874512 6025.752452131387
173.16485229953716 2707.5311386393596
173.19531610032917 1136.585884623603
173.2257799011212 4153.460865349095
173.25624370191323 11099.929465370376
173.28670750270527 17530.98667447148
173.3171713034973 18601.219137767974
173.3476351042893 13380.77251373288
173.37809890508137 5927.888894327538
173.4085627058734 1962.2552245522768
173.43902650666544 4070.0977728914054
173.46949030745748 9831.261605124195
173.4999541082495 14438.628948602747
173.53041790904155 14791.951939007504
173.56088170983358 11288.122433312796
173.5913455106256 6527.617093711182
173.62180931141765 2848.8035917991783
173.65227311220963 967.2777379003741
173.6827369130017 326.86303438062095
173.71320071379373 147.92085869306064
173.74366451458576 92.64304668718702
173.7741283153778 310.34072270145253
173.80459211616983 1131.8643842033396
173.83505591696186 2630.633691611607
173.86551971775387 4294.908073064524
173.89598351854593 5196.320524042389
173.92644731933797 4703.849490978685
173.95691112013 3104.552943400551
173.98737492092204 1435.7396360951732
174.01783872171407 615.9258317997885
174.0483025225061 708.9081966243363
174.0787663232981 1079.6367391761103
174.10923012409015 1183.256006083482
174.13969392488218 999.7106477454557
174.1701577256742 739.483772713836
174.20062152646625 432.0748307778392
174.23108532725828 78.07142444605074
174.26154912805032 143.6357881803611
174.29201292884235 1439.0032609089444
174.3224767296344 4111.750530011712
174.35294053042642 6937.460241326808
174.38340433121843 8047.883961944075
174.4138681320105 6567.052927342021
174.44433193280253 3610.8173805603415
174.47479573359456 1568.8241652938004
174.50525953438657 2084.4929210494934
174.5357233351786 4661.536667710547
174.56618713597064 7222.700486378168
174.59665093676267 7871.970709589158
174.6271147375547 6253.345346357684
174.65757853834674 3534.2926703913436
174.68804233913875 1285.5683461069411
174.7185061399308 346.6482723480115
174.74896994072284 494.0169673259412
174.77943374151488 959.016510700169
174.8098975423069 1219.1144920424674
174.84036134309895 1349.22152544825
174.87082514389098 1679.4751067383172
174.901288944683 2185.287858967048
174.93175274547502 2354.781725952063
174.96221654626703 1779.707088584221
174.9926803470591 773.3369527609923
175.02314414785113 138.9155070161331
175.05360794864316 256.8342960029201
175.0840717494352 613.0221567470686
175.11453555022723 478.33334853356206
175.14499935101927 31.91690351334514
175.1754631518113 408.15530534967365
175.2059269526033 2334.1236004880766
175.23639075339537 4908.699649998005
175.2668545541874 6141.956202588325
175.29731835497944 4946.814765727935
175.32778215577147 2387.655654954125
175.35824595656348 635.7561878039592
175.3887097573555 810.9946334988487
175.41917355814755 2135.430707027216
175.44963735893958 3122.020118505128
175.4801011597316 3155.218047108059
175.51056496052365 2651.8068604307928
175.5410287613157 2019.4851406298224
175.57149256210772 1158.3547806342483
175.60195636289976 244.2072486620173
175.6324201636918 334.5837943434592
175.66288396448383 2384.97385766211
175.69334776527583 5654.2035095377405
175.72381156606787 7732.79172424145
175.75427536685993 6757.293421103912
175.78473916765196 3527.358558156412
175.81520296844397 847.4153710076135
175.845666769236 600.7039862503193
175.87613057002804 2003.7182527680848
175.90659437082007 3053.191986380184
175.9370581716121 3153.940915515353
175.96752197240414 3627.75885695902
175.99798577319615 5517.042665391404
176.0284495739882 7580.791555745469
176.05891337478025 7451.634843432126
176.08937717557228 4713.479000288032
176.11984097636432 1822.8401957800013
176.15030477715635 1517.4951029721744
176.18076857794838 3784.4098788456886
176.2112323787404 5954.294052023198
176.24169617953243 5679.471164530884
176.27215998032446 3278.7919102897595
176.30262378111647 927.2656345576787
176.33308758190853 40.70292844003298
176.36355138270056 204.54150833834464
176.3940151834926 539.0478262909845
176.42447898428463 1176.7963879953707
176.45494278507667 2755.3723920421935
176.4854065858687 4840.185103708143
176.5158703866607 5849.098443820465
176.54633418745277 4792.717679731074
176.5767979882448 2514.415108471989
176.60726178903684 756.7175430073044
176.63772558982888 209.3976473830753
176.66818939062088 164.46257493879588
176.69865319141292 138.65941705408957
176.72911699220495 1012.1347684440032
176.75958079299699 3833.004088390701
176.790044593789 7744.702830543273
176.82050839458103 10107.7398132092
176.8509721953731 9014.690807669067
176.88143599616512 5394.752238414489
176.91189979695716 2215.350284181872
176.9423635977492 1450.1568878419996
176.97282739854123 2464.3689678707965
177.00329119933326 3374.1608454561697
177.03375500012527 3297.396769452349
177.06421880091733 2900.852179732355
177.0946826017093 2662.6346161036868
177.12514640250137 2026.4680365760703
177.1556102032934 972.8172787161459
177.18607400408544 804.7969311614265
177.21653780487748 2876.391454418784
177.2470016056695 6615.0731721867305
177.27746540646154 9061.046790430975
177.30792920725355 7790.490385656922
177.3383930080456 3941.4392735028646
177.36885680883765 1081.9538571704986
177.39932060962968 1389.8892777523504
177.42978441042172 3500.11365472051
177.46024821121375 4343.977220751048
177.4907120120058 2801.4379925581784
177.5211758127978 725.0080027730692
177.55163961358983 263.4190600399311
177.58210341438186 1105.7357095735397
177.61256721517387 1296.311823645998
177.64303101596593 367.6730327519568
177.67349481675797 469.54018772740847
177.70395861755 3814.083451712349
177.73442241834204 9483.303206197152
177.76488621913407 13740.79064553052
177.7953500199261 13610.621162051373
177.8258138207181 9661.585440319455
177.85627762151017 5181.374235874474
177.8867414223022 2879.1354592572584
177.91720522309424 2917.769032407096
177.94766902388628 3999.389419880972
177.97813282467828 5243.167463729994
178.00859662547032 6431.652153506082
178.03906042626235 7089.363584627697
178.0695242270544 6430.083083775408
178.09998802784642 4565.240421880068
178.13045182863843 3051.1107500001713
178.1609156294305 3431.499333996894
178.19137943022253 5346.998442542217
178.22184323101456 6749.15275170174
178.2523070318066 6099.262771619304
178.28277083259863 4084.8464837617566
178.31323463339066 2855.564385031625
178.34369843418267 3422.275114141316
178.37416223497473 4496.290058553125
178.4046260357667 4284.763376746908
178.43508983655877 2677.8600592418316
178.4655536373508 1179.9058494908036
178.49601743814284 968.0410271342846
178.52648123893488 1584.5393642845452
178.5569450397269 1870.666411334464
178.58740884051895 1748.185955702932
178.61787264131098 2429.760788788564
178.648336442103 4724.86143391094
178.67880024289505 7555.234929036838
178.70926404368709 8763.384879691017
178.73972784447912 7368.774748120519
178.77019164527115 4553.4814873777905
178.8006554460632 2494.999573787105
178.8311192468552 2521.837053667234
178.86158304764723 4298.17070235975
178.89204684843926 6501.097947862875
178.92251064923127 7947.2847093498385
178.95297445002333 8060.188232591398
178.98343825081537 6865.433974906725
179.0139020516074 5044.613029199038
179.04436585239944 3860.3818720502086
179.07482965319147 4516.56632124432
179.1052934539835 7152.424569177901
179.13575725477554 10389.793388247896
179.16622105556755 12125.801302506135
179.1966848563596 11122.953296921014
179.22714865715164 7956.866496135762
179.25761245794365 4428.901899599806
179.28807625873569 2160.1660604379526
179.31854005952772 1602.3871209021142
179.34900386031975 2028.5690434054673
179.3794676611118 2322.7929517849975
179.40993146190382 1934.6010955387617
179.44039526269583 1358.3157595862156
179.4708590634879 1774.7028724427523
179.50132286427993 3985.3398690169
179.53178666507196 7469.979126364552
179.562250465864 10519.147697100772
179.59271426665603 11407.396161925682
179.62317806744807 9625.535251544592
179.6536418682401 6235.551255936929
179.6841056690321 3024.653988371971
179.71456946982414 1203.7638064201317
179.74503327061615 916.5131732311656
179.7754970714082 1658.45301460967
179.80596087220025 2774.7897384979888
179.83642467299228 3618.603950362944
179.86688847378431 3606.439597948512
179.89735227457635 2583.3737278206568
179.92781607536838 1185.3514524926647
179.9582798761604 447.4157511674369
179.98874367695245 832.0833625358829
180.0192074777445 1765.7392876756176
180.04967127853652 2251.322274668915
180.08013507932856 1891.0454700656
180.1105988801206 1188.501293107286
180.1410626809126 784.6242111976563
180.17152648170463 695.9889198400081
180.20199028249664 655.117925232619
180.23245408328873 938.0287545372888
180.26291788408076 2341.8591747494424
180.2933816848728 5079.019913839345
180.3238454856648 7890.704880489453
180.35430928645684 8846.84597394888
180.38477308724887 7165.9413863516875
180.41523688804088 3994.110607820191
180.44570068883291 1377.7611229323022
180.47616448962495 500.4904473923184
180.506628290417 931.5964500536124
180.53709209120905 1512.06425866088
180.56755589200105 1616.9847616715497
180.5980196927931 1390.0264925213576
180.62848349358512 1141.1177717945563
180.65894729437716 997.0568763963252
180.6894110951692 1190.766661890034
180.7198748959612 2288.057416076171
180.7503386967533 4574.819310784469
180.78080249754527 7241.753607557376
180.81126629833727 8744.297770645842
180.84173009912936 8123.891676732362
180.87219389992137 5874.14740342113
180.90265770071343 3562.169074926993
180.93312150150544 2535.904835290824
180.96358530229753 2945.2525261665965
180.9940491030895 3935.8948043119417
181.02451290388157 4516.19029367044
181.0549767046736 4165.546822553977
181.0854405054656 3000.408395279204
181.11590430625765 1809.725787363614
181.14636810704968 1830.269892629689
181.1768319078417 3892.8542387368448
181.20729570863372 7348.652563570371
181.23775950942576 10019.862160010878
181.26822331021785 9776.781140891697
181.29868711100983 6503.394170247989
181.3291509118019 2456.8048059029
181.35961471259392 333.9948715027942
181.39007851338596 818.3797235109747
181.420542314178 2252.043472657658
181.45100611497 2628.5108586268084
181.48146991576203 1642.8193807371947
181.51193371655407 726.2127270663595
181.54239751734607 1219.5781805878032
181.5728613181381 2963.509743337724
181.60332511893017 4637.697360430326
181.6337889197222 4985.142294287118
181.66425272051424 3714.368058669301
181.69471652130628 1606.428724489992
181.7251803220983 204.90798523139728
181.75564412289037 1286.1424667807444
181.7861079236824 5728.192462812526
181.8165717244744 12214.916349942485
181.84703552526645 17213.78080059906
181.87749932605843 17219.594766205304
181.9079631268505 11872.174128139768
181.93842692764247 4721.6689670196765
181.96889072843453 395.03221093664246
181.99935452922657 690.9696558363934
182.02981833001863 3465.391466916966
182.06028213081063 5277.275379167209
182.09074593160267 4698.616970228109
182.12120973239476 2932.495977687633
182.1516735331868 1710.3798194294145
182.1821373339788 1414.485501821288
182.21260113477084 1652.812953919131
182.24306493556287 2925.190258343523
182.27352873635488 6552.1227320970975
182.30399253714688 12581.51489025862
182.33445633793892 18622.16467710236
182.36492013873095 21745.843801132305
182.395383939523 21412.13821018517
182.42584774031505 19991.887045002728
182.45631154110708 20096.67530657789
182.48677534189912 21452.971826572808
182.51723914269115 21156.11822253184
182.5477029434832 17217.327952562366
182.5781667442752 11212.10042477282
182.60863054506723 7163.565835925057
182.6390943458593 7741.761623627651
182.66955814665127 11537.939043530963
182.70002194744336 14406.373175405271
182.73048574823537 13380.115368436112
182.7609495490274 8936.734814991276
182.79141334981944 3895.927917496556
182.82187715061147 763.4197568224224
182.85234095140353 93.083239838668
182.88280475219557 871.3323842945043
182.9132685529876 1821.7917745923385
182.9437323537796 2165.3455340173773
182.97419615457164 1706.1938721796043
183.00465995536368 754.5201192516771
183.03512375615568 112.51131575728944
183.06558755694772 850.6743821756435
183.09605135773975 3493.9647900103364
183.1265151585318 7186.3850202902095
183.15697895932385 9860.0058602116
183.18744276011583 9622.656580060844
183.2179065609079 6541.962366382889
183.24837036169993 3207.938960476271
183.278834162492 3085.6617537860743
183.309297963284 7667.122439950579
183.33976176407603 14784.638734009764
183.3702255648681 19865.908871038308
183.40068936566007 19371.20271742729
183.43115316645213 13555.588000384256
183.46161696724417 6192.569586454018
183.4920807680362 1329.9031866521163
183.52254456882824 15.56219165173688
183.55300836962027 312.23463049959093
183.5834721704123 401.58350597314234
183.6139359712043 1113.5095270558936
183.64439977199635 4928.276241308247
183.6748635727884 12489.12997549452
183.7053273735804 20566.998213336778
183.73579117437245 24119.854268046536
183.7662549751645 20683.50472087
183.7967187759565 12628.661353785068
183.82718257674853 5095.587862719023
183.85764637754056 1693.524441125432
183.88811017833265 1994.318983804604
183.91857397912463 2982.7877182304446
183.9490377799167 2457.284493531736
183.97950158070873 817.5754968109386
184.0099653815008 42.446937924575685
184.0404291822928 1319.5620082001863
184.0708929830848 3797.8000102298897
184.10135678387684 5529.272221048361
184.13182058466887 5256.867545291756
184.16228438546088 3336.193002773437
184.1927481862529 1295.0527464662844
184.22321198704495 542.5669917944441
184.253675787837 1249.614809982211
184.28413958862905 2360.659139182959
184.31460338942108 2768.127673820293
184.34506719021311 2532.868528067244
184.37553099100515 2926.979084086456
184.4059947917972 5059.2121791028085
184.4364585925892 8335.728830942398
184.4669223933812 10572.676069732572
184.49738619417323 9938.830037522159
184.5278499949653 6777.61995337375
184.55831379575727 3301.8829885823698
184.58877759654936 1446.9869015461554
184.61924139734137 1185.5374491821324
184.64970519813343 1063.0246354497865
184.68016899892544 389.9394874170492
184.71063279971753 464.18898992897215
184.74109660050956 3107.37358234736
184.7715604013016 8151.840016060579
184.8020242020936 12758.864378588512
184.83248800288564 13546.222781051769
184.86295180367767 9693.294978874386
184.89341560446968 3989.9207377523135
184.9238794052617 704.3937403427099
184.95434320605372 2150.2209994831487
184.98480700684576 7035.888021664872
185.0152708076378 11830.425259567995
185.04573460842985 13501.086895426688
185.0761984092219 11393.085590604433
185.10666221001392 7218.00484401117
185.13712601080596 3497.286642320853
185.167589811598 1776.255147694288
185.19805361239 1843.809217659934
185.2285174131821 2344.2053606420563
185.25898121397407 2104.2416186665628
185.28944501476613 1045.503886191694
185.3199088155581 94.9055869621289
185.35037261635017 321.5533326316309
185.3808364171422 2050.754260330132
185.41130021793424 4541.380562871049
185.44176401872627 6373.3045574034395
185.4722278195183 6332.092626210937
185.50269162031037 4286.134135491546
185.5331554211024 1665.3070377782194
185.5636192218944 1051.1507232231859
185.59408302268645 4392.242478359824
185.62454682347848 10812.63843027231
185.6550106242705 16392.91348924106
185.68547442506252 16894.92665742776
185.71593822585456 11431.975011212848
185.74640202664665 3944.114623404884
185.77686582743863 571.8069287071944
185.80732962823063 4438.68976091982
185.83779342902267 12746.623971143445
185.86825722981476 19161.53940051284
185.8987210306068 19066.357483547305
185.9291848313988 13004.863407711899
185.95964863219083 5569.5854420388605
185.99011243298287 1204.5576526552657
186.02057623377488 1133.6845480986233
186.0510400345669 3708.284712859013
186.08150383535897 6692.466484707867
186.111967636151 8771.430206717607
186.14243143694304 9462.599091277267
186.17289523773508 8630.061739720888
186.20335903852708 6535.0892595170635
186.23382283931912 4006.895746979328
186.26428664011115 2016.0822611689543
186.2947504409032 937.1541082570396
186.3252142416952 486.5755715894626
186.35567804248723 466.4908996683917
186.3861418432793 1238.70003189058
186.41660564407127 3138.471460730289
186.44706944486333 5500.503360021164
186.47753324565537 6719.282567397154
186.50799704644743 5706.634177296543
186.53846084723943 3160.874651045598
186.56892464803147 919.6120364880227
186.59938844882356 81.43486458995929
186.62985224961557 166.069756924911
186.6603160504076 157.35212077339824
186.6907798511996 7.27251689130509
186.72124365199164 729.4805826918276
186.75170745278368 2924.8784062503664
186.78217125357568 5604.852647430272
186.81263505436772 6937.905142590692
186.84309885515975 6099.569571790908
186.8735626559518 4111.233344005821
186.90402645674385 2859.6165006084643
186.93449025753588 3362.431480248971
186.96495405832792 5029.810914145683
186.99541785911995 6463.176852725249
187.025881659912 6639.865338750292
187.056345460704 5425.480958253847
187.086809261496 3423.5476467052167
187.1172730622881 1623.2723196241304
187.14773686308007 958.2002880429956
187.17820066387213 1636.378958259392
187.20866446466417 2777.532079205199
187.2391282654562 3108.102024939452
187.26959206624824 2312.9116984931748
187.30005586704027 1556.7228977984653
187.33051966783233 2218.482892322655
187.36098346862437 4060.826999666684
187.3914472694164 5247.458768251546
187.4219110702084 4556.530968050104
187.45237487100044 3207.492488434667
187.48283867179248 3870.235067389095
187.51330247258448 7472.985470536812
187.5437662733765 11320.40690730126
187.57423007416853 11425.788229148791
187.60469387496056 6948.118372979648
187.63515767575265 1580.9514043651532
187.66562147654463 203.5199136736556
187.6960852773367 4051.834905511852
187.72654907812873 9422.86175299952
187.7570128789208 11475.820310314968
187.7874766797128 8798.857226613929
187.81794048050483 4055.3189232516575
187.8484042812969 806.1224530441966
187.87886808208887 201.43883581005772
187.9093318828809 883.4567999132929
187.9397956836729 1433.2339659916458
187.97025948446495 1846.2146423286451
188.000723285257 2551.699193901125
188.03118708604904 3025.834491529079
188.06165088684108 2320.452518041815
188.0921146876331 877.297964523258
188.12257848842515 933.3209604190096
188.1530422892172 4278.380608273766
188.1835060900092 9686.724546677024
188.21396989080125 13378.927019624229
188.2444336915933 12397.623110916344
188.2748974923853 7479.89530131625
188.30536129317733 2432.223235401593
188.33582509396936 501.49984529859216
188.36628889476137 1605.382722469728
188.39675269555343 3186.4596040418487
188.42721649634544 3260.5181658167608
188.45768029713753 2243.6709362128327
188.48814409792956 1883.524361079208
188.5186078987216 2833.8070733301006
188.5490716995136 3833.0357947978346
188.57953550030564 3343.3865404049006
188.60999930109767 1529.8803850029424
188.64046310188968 437.9351511253844
188.6709269026817 2074.7037633283076
188.70139070347375 6113.2220401725335
188.7318545042658 9932.779867451609
188.76231830505785 10917.15356715344
188.79278210584985 8515.550727916876
188.8232459066419 4637.823285670021
188.85370970743392 2206.6539014500654
188.88417350822596 2737.1273124444765
188.914637309018 5100.572263794192
188.94510110981 6660.709856854611
188.97556491060203 5841.181621526702
189.00602871139407 3481.3720103850087
189.03649251218607 1435.0733823042708
189.06695631297816 636.0245065554133
189.09742011377017 622.5877260509278
189.12788391456223 541.0624830568604
189.15834771535424 428.56236912241286
189.18881151614633 1072.4971884844863
189.21927531693836 2731.141967217756
189.24973911773037 4467.190841672215
189.2802029185224 4941.245140200012
189.3106667193144 3888.327788520709
189.34113052010645 2456.415833735829
189.37159432089848 1924.7811581113497
189.4020581216905 2390.311585292476
189.43252192248252 2895.1917280985663
189.46298572327456 2665.1164914367946
189.4934495240666 1857.4233159190485
189.52391332485865 1062.2974408025057
189.5543771256507 507.0970299903036
189.58484092644272 106.89570757375614
189.61530472723476 104.15099160480952
189.6457685280268 1091.1333977291342
189.6762323288188 3039.9621453171294
189.70669612961083 4647.54579061714
189.73715993040287 4425.750773149878
189.76762373119487 2543.487368996157
189.7980875319869 1008.4824441799996
189.82855133277897 1647.3029321890926
189.859015133571 3875.91542656036
189.88947893436304 5028.314373367306
189.91994273515508 3432.1990524737007
189.9504065359471 696.2945096880297
189.98087033673917 343.9437088822247
190.0113341375312 4080.4179291140017
190.0417979383232 9587.811491980461
190.07226173911525 12487.23605354508
190.10272553990723 10628.956801653288
190.1331893406993 6071.511025339578
190.16365314149127 2942.1777443560904
190.19411694228333 3813.077736052608
190.22458074307536 8001.119509408115
190.25504454386743 12784.875777167117
190.28550834465943 15703.046749408726
190.31597214545147 15632.351309174286
190.34643594624356 12667.746119851476
190.3768997470356 7992.883063346753
190.4073635478276 3743.1611627513626
190.43782734861963 2089.277335481502
190.46829114941167 3501.7948235341123
190.49875495020368 5879.509202410405
190.52921875099568 6225.855215551921
190.55968255178772 3672.340292906396
190.59014635257975 681.5066174501304
190.6206101533718 746.109704804551
190.65107395416385 4618.716855969172
190.68153775495588 9212.73011788412
190.71200155574792 10550.780312981395
190.74246535653995 7632.043725709783
190.772929157332 3268.1236976199443
190.803392958124 1207.5214831688252
190.83385675891603 2595.6952455889614
190.8643205597081 5315.694707132003
190.89478436050007 6476.620790452523
190.92524816129213 5066.016710583689
190.95571196208417 2365.274024192054
190.9861757628762 426.8581088627165
191.01663956366824 355.193971158826
191.04710336446024 1790.8245221671723
191.07756716525233 3519.3217750470303
191.10803096604437 4304.05163886425
191.1384947668364 3562.3311860473023
191.1689585676284 1761.7386472575945
191.19942236842044 263.1271553399231
191.22988616921248 427.4933846810732
191.26034997000448 2419.578579922046
191.29081377079652 4895.588514380176
191.32127757158855 6090.200738252032
191.3517413723806 5297.785352313144
191.38220517317265 3350.432346855724
191.41266897396463 1645.077264026248
191.4431327747567 820.5548034703822
191.47359657554873 538.1184625273756
191.5040603763408 291.05733397902236
191.5345241771328 64.32780139779406
191.5649879779248 178.77563055858158
191.5954517787169 741.5406247969814
191.62591557950887 1552.3212108240273
191.65637938030093 2483.9508034631326
191.68684318109297 3619.224500175744
191.717306981885 4894.104868390246
191.74777078267704 5717.0386452547245
191.77823458346907 5296.2217996659565
191.8086983842611 3582.175712793429
191.8391621850531 1552.8258888481491
191.86962598584515 311.95635091964925
191.9000897866372 68.0441705280519
191.9305535874292 147.19774482004323
191.96101738822125 30.610182359348624
191.99148118901329 181.8149514469669
192.0219449898053 1574.0895854643747
192.05240879059733 4410.759301600194
192.08287259138936 7461.6166430099165
192.11333639218145 8791.288456212302
192.14380019297343 7366.671944806979
192.1742639937655 4071.168247187039
192.20472779455753 1037.9807895538822
192.2351915953496 12.083169760014966
192.2656553961416 1295.9871841266959
192.2961191969336 3813.2561186994326
192.32658299772564 5958.746852230624
192.35704679851767 6645.196397391176
192.38751059930968 5821.682496712242
192.4179744001017 4221.948846628049
192.44843820089375 2713.9932692141774
192.4789020016858 1785.897743797423
192.50936580247784 1511.1498056886433
192.53982960326988 1849.589452629668
192.5702934040619 2806.2927379687144
192.60075720485395 4213.1940159385795
192.631221005646 5457.1611589258855
192.661684806438 5664.164496887967
192.69214860723 4372.470632660406
192.72261240802203 2120.232822077981
192.7530762088141 313.5200622931114
192.78354000960607 275.19127503643045
192.81400381039816 2189.1663523945267
192.84446761119017 4950.94595766784
192.87493141198223 6914.137383753111
192.90539521277424 6820.881511834272
192.93585901356633 4635.650935529531
192.96632281435836 1736.6686583854882
192.9967866151504 56.82266585535909
193.0272504159424 827.5429043935845
193.05771421673444 3584.1741069158406
193.08817801752647 6216.20761700059
193.11864181831848 6649.495768982659
193.1491056191105 4748.883259009933
193.17956941990252 2471.0111950864025
193.21003322069456 2086.291433592783
193.2404970214866 4003.819198722105
193.27096082227865 6260.305459070264
193.3014246230707 6441.0177657015565
193.33188842386272 4266.761906004016
193.36235222465476 2026.0204954057224
193.3928160254468 2243.920838526604
193.4232798262388 5083.038885359524
193.4537436270309 8175.601101992296
193.48420742782287 8930.37865529881
193.51467122861487 6798.360280348908
193.54513502940696 3404.877377493985
193.57559883019897 924.1549759625635
193.606062630991 384.5782807058303
193.63652643178304 1237.198349439101
193.66699023257507 2244.7512114717365
193.6974540333671 2551.037539244608
193.72791783415917 2073.4221551266983
193.7583816349512 1330.4596976487499
193.7888454357432 1024.480731615764
193.81930923653525 1510.5575401407675
193.84977303732728 2405.730665949535
193.8802368381193 2802.4136267785766
193.91070063891132 2134.188294904446
193.94116443970336 927.1922243925208
193.97162824049545 494.933394415828
194.00209204128743 1639.1249835203612
194.03255584207943 3691.712967958996
194.06301964287147 5081.71672929183
194.09348344366353 4981.125872673137
194.1239472444556 4341.119658382288
194.1544110452476 5166.815865353888
194.18487484603963 8551.398475877611
194.21533864683167 13260.984520929393
194.24580244762367 16448.584802677506
194.2762662484157 15994.226417181331
194.30673004920777 12172.817202485185
194.3371938499998 7277.011079556115
194.36765765079184 3869.3624151580416
194.39812145158388 3101.3213275011803
194.42858525237588 4192.110108763883
194.45904905316792 5304.470270970078
194.48951285395995 5071.757000494347
194.519976654752 3528.2693610747165
194.550440455544 1820.1748645043317
194.58090425633603 1190.7212958713656
194.6113680571281 2043.120102988896
194.64183185792007 3699.9836290619346
194.67229565871213 4983.71398297238
194.70275945950416 5011.132101128625
194.73322326029623 3656.151799561596
194.76368706108823 1616.0796287973128
194.79415086188027 151.44838282513396
194.82461466267236 598.8323312535688
194.85507846346437 3578.9009039679368
194.8855422642564 8054.729719939857
194.9160060650484 11347.270337575103
194.94646986584044 10932.332498368243
194.97693366663248 6762.682723805869
195.00739746742448 1826.0861214395743
195.03786126821652 53.26270655517321
195.06832506900855 2929.7380705273235
195.0987888698006 7883.329731590976
195.12925267059265 10556.810798638013
195.15971647138468 8824.57765637801
195.19018027217672 4414.3687577285355
195.22064407296875 859.1863318032295
195.2511078737608 101.58771004636516
195.2815716745528 1116.2958437468071
195.3120354753448 1689.587340563104
195.3424992761369 1044.0221826996278
195.37296307692887 369.79331368332146
195.40342687772093 1018.9384407670995
195.43389067851297 2776.719416335512
195.464354479305 4166.9864445836365
195.49481828009704 4226.352678088051
195.52528208088907 3648.537825558769
195.55574588168113 3990.866285344327
195.58620968247317 6072.141527586355
195.6166734832652 9307.20442332587
195.6471372840572 12139.427464613023
195.67760108484924 13154.6387667926
195.70806488564128 11995.003961631422
195.73852868643328 9176.019161540968
195.7689924872253 5603.755262406065
195.79945628801732 2417.061669737809
195.82992008880936 529.314360298937
195.86038388960145 108.28607991887276
195.89084769039343 658.845589262172
195.9213114911855 1526.135702050744
195.95177529197753 2317.496136613661
195.9822390927696 2892.7589003244134
196.0127028935616 3077.2786913805967
196.04316669435363 2687.24821270773
196.0736304951457 1889.600035430631
196.10409429593767 1252.7965898773011
196.13455809672973 1247.8312016813459
196.1650218975217 1720.7406737308663
196.19548569831375 2085.02272347241
196.2259494991058 2225.077398443522
196.25641329989784 2981.6592551489007
196.28687710068988 5418.373777700647
196.3173409014819 9496.951519538086
196.34780470227395 13490.490602333964
196.378268503066 15011.74280193874
196.408732303858 12995.839036373616
196.43919610465005 8690.186829746877
196.4696599054421 4663.99691956738
196.5001237062341 2903.714245758631
196.53058750702613 3587.1371688775275
196.56105130781816 5259.1105011845275
196.59151510861017 6116.523238639705
196.62197890940223 5322.7675188664825
196.65244271019424 3403.9171759253236
196.68290651098627 1685.8318576863514
196.71337031177836 1234.4240709174317
196.7438341125704 1995.2009047073348
196.7742979133624 2986.015572990032
196.80476171415444 3546.5977761869785
196.83522551494647 4287.851818000073
196.86568931573848 6572.643813073353
196.8961531165305 10918.374146914926
196.92661691732255 15799.62390553448
196.9570807181146 18408.77427768554
196.98754451890665 17126.740703902036
197.01800831969868 13023.445057229075
197.0484721204907 8815.95567209976
197.07893592128272 6681.108618722965
197.10939972207476 6810.328962844153
197.1398635228668 7661.565660621033
197.1703273236588 7609.0834228986205
197.20079112445083 6269.013262453152
197.2312549252429 4285.767354765364
197.26171872603487 2396.197995317223
197.29218252682696 998.3804629784781
197.32264632761897 228.72983294619044
197.35311012841103 42.90777118203554
197.38357392920304 199.94047499853943
197.41403772999513 396.53100970247885
197.44450153078716 619.7880328988437
197.47496533157917 1234.3113751834287
197.5054291323712 2448.842642197507
197.5358929331632 3713.102776326863
197.56635673395525 3968.655477157355
197.59682053474728 2760.262452007571
197.6272843355393 969.0370901870649
197.65774813633132 136.34385502197432
197.68821193712336 908.1428063594391
197.7186757379154 2296.1323952328144
197.74913953870745 2738.8807060353415
197.7796033394995 1777.0489326539775
197.81006714029152 445.3302731486637
197.84053094108356 76.28404742496501
197.8709947418756 881.0045883540646
197.9014585426676 1808.71932914496
197.93192234345963 1781.326711708185
197.96238614425167 917.9236452089034
197.99284994504367 401.32400855800927
198.0233137458357 1206.988151576242
198.05377754662777 3131.958014257627
198.0842413474198 4974.951884854293
198.11470514821184 5512.996600631327
198.14516894900387 4405.815404605654
198.1756327497959 2383.0412145667315
198.20609655058797 671.9841255066883
198.23656035138 66.89484430614971
198.267024152172 339.02139909983447
198.29748795296405 585.9612261374982
198.32795175375605 291.2162037652371
198.3584155545481 68.5485504636055
198.38887935534007 1191.4769003216563
198.41934315613213 4171.27766550876
198.44980695692416 7748.9523095613
198.48027075771623 9589.005120482689
198.51073455850823 8342.025628228748
198.54119835930027 4938.049059058533
198.57166216009236 1786.029391047436
198.6021259608844 835.8400752408257
198.6325897616764 2260.700328926496
198.66305356246843 4751.335367136152
198.69351736326047 6763.254152761546
198.72398116405247 7359.176553401793
198.75444496484448 6345.780730926943
198.78490876563652 4216.814616570978
198.81537256642855 2174.412105610403
198.8458363672206 1783.957397976882
198.87630016801265 3812.745625400252
198.90676396880468 7141.1070528485525
198.93722776959672 9330.909798281218
198.96769157038875 8734.761118989913
198.9981553711808 5970.650044266423
199.0286191719728 3235.336017655439
199.05908297276483 2247.3847015345605
199.0895467735569 2878.162033756037
199.12001057434887 3798.5518440955375
199.15047437514093 4138.915285532522
199.18093817593297 4059.533671150237
199.21140197672497 3874.1953536951382
199.24186577751703 3286.285247149427
199.27232957830904 1961.6614097217623
199.30279337910113 579.9415625152266
199.33325717989317 558.2339340345636
199.3637209806852 2438.071434608683
199.3941847814772 4944.738318469308
199.42464858226924 6077.18308985454
199.45511238306128 5123.134637061013
199.48557618385328 3331.921368227907
199.51603998464532 2370.376175698785
199.54650378543735 2404.39116007864
199.5769675862294 2277.3799287655665
199.60743138702145 1288.5971964581788
199.63789518781343 199.46552893314512
199.6683589886055 327.78387919601107
199.69882278939752 1759.6241554171393
199.72928659018956 3153.0468954323246
199.7597503909816 3462.1190261702595
199.7902141917736 3252.8794528584945
199.8206779925657 4187.077495298172
199.85114179335767 6974.082511620762
199.88160559414973 10119.692403057024
199.91206939494177 11370.361372542173
199.9425331957338 9804.11036565664
199.97299699652584 6352.936974715777
200.00346079731787 2954.2885016243044
200.03392459810993 1048.6303850612167
200.0643883989019 750.5470471933166
200.09485219969395 1375.0458654380227
200.125316000486 2275.9656608154196
200.155779801278 3223.366195913861
200.18624360207005 4389.588721083482
200.21670740286208 6039.349659090621
200.2471712036541 8048.25640253145
200.27763500444613 9638.313697335265
200.30809880523816 9773.376392444372
200.33856260603025 8142.552766536027
200.36902640682223 5818.363091626859
200.3994902076143 4573.51116141379
200.42995400840633 5301.5025155396725
200.4604178091984 7171.109718031837
200.4908816099904 8326.21949958209
200.5213454107824 7585.441392801478
200.55180921157444 5489.657041455073
200.58227301236647 3344.4308352006306
200.61273681315848 1741.7614350344784
200.6432006139505 634.840811616476
200.67366441474255 144.5346014939778
200.7041282155346 656.7629048741103
200.73459201632664 2179.6361917473178
200.76505581711868 3722.568471555763
200.7955196179107 3967.813026383557
200.82598341870275 2813.031972178043
200.8564472194948 1531.2442132605072
200.8869110202868 1320.310554873399
200.9173748210788 2086.1365389894654
200.94783862187083 2856.1542110798164
200.9783024226629 3431.32826706118
201.00876622345487 5046.73659957736
201.03923002424696 8834.724426122122
201.06969382503897 13826.062082409915
201.10015762583103 17109.704813730317
201.13062142662304 16435.53092235047
201.16108522741513 12404.481394394605
201.19154902820716 7782.93834812917
201.2220128289992 4877.0469798073245
201.2524766297912 3802.8821369415705
201.28294043058324 3228.4543899847818
201.31340423137527 2268.1089875900884
201.34386803216728 1165.4537271277495
201.37433183295929 436.603393076828
201.40479563375132 101.59482196826764
201.43525943454335 42.87729583392644
201.4657232353354 586.4470263477368
201.49618703612745 2037.4775484431364
201.5266508369195 3683.9843157783102
201.55711463771152 4053.4575246552754
201.58757843850356 2672.119137056591
201.6180422392956 1082.3138993380003
201.6485060400876 1481.3295492354216
201.67896984087963 4226.21783846268
201.7094336416717 6979.5527605073585
201.73989744246367 6969.73475702468
201.77036124325576 4109.0985062642885
201.80082504404777 1141.6755051498992
201.8312888448398 576.8936825963303
201.86175264563184 2066.831435700174
201.89221644642387 3177.2495972847005
201.9226802472159 2404.58756058095
201.95314404800797 756.6537996546657
201.9836078488 201.79075331686352
202.014071649592 1098.4393454776502
202.04453545038405 1877.3663949744264
202.07499925117608 1303.6537240971527
202.1054630519681 201.97586458148447
202.13592685276012 405.4508588821761
202.16639065355216 2333.412526430603
202.1968544543442 4217.368097453696
202.22731825513625 4071.9398724892494
202.25778205592823 2046.2251521936316
202.28824585672027 240.3521328335216
202.31870965751233 392.84775756776105
202.3491734583044 2166.2842503760494
202.3796372590964 3736.127906788556
202.41010105988843 3838.5503636975304
202.44056486068047 2842.351430377071
202.47102866147247 1882.5775686568547
202.5014924622645 1572.3374113652856
202.53195626305657 1771.2679842528498
202.5624200638486 2249.3635872584214
202.59288386464064 3034.4882904323636
202.62334766543268 3927.448225595872
202.65381146622468 4215.232183148824
202.68427526701672 3324.768821251128
202.71473906780875 1622.652216831135
202.7452028686008 272.34343863165606
202.7756666693928 145.49217534470048
202.80613047018485 996.2246804057264
202.8365942709769 1919.6056679684796
202.86705807176887 2548.5678356812227
202.89752187256093 3562.846145088383
202.92798567335296 5897.827314572132
202.95844947414503 9412.310255931952
202.98891327493703 12459.45718731066
203.01937707572907 13096.190230125923
203.04984087652116 10796.964828999437
203.0803046773132 6913.434294973986
203.1107684781052 3696.679473759948
203.1412322788972 2838.9600898109784
203.17169607968924 4379.504855445693
203.20215988048128 6667.210326301864
203.23262368127328 7631.787895595038
203.26308748206532 6437.27054064862
203.29355128285735 3997.339251821888
203.3240150836494 1994.6086027105096
203.35447888444145 1473.1512330414535
203.38494268523348 2231.552233756056
203.41540648602552 3410.5859922387913
203.44587028681755 4478.302678788716
203.4763340876096 5438.536233281122
203.5067978884016 6160.760516228736
203.5372616891936 5967.570502124187
203.5677254899857 4371.475569873669
203.59818929077767 2246.9836008543675
203.62865309156973 1801.7404662298272
203.65911689236177 4786.930839625983
203.6895806931538 10536.375827612363
203.72004449394584 16050.91098723858
203.75050829473784 18146.155241122146
203.78097209552993 15681.647209289296
203.81143589632197 10219.982179455821
203.841899697114 4735.527887807913
203.872363497906 1506.3126869641349
203.90282729869804 1007.3065576984613
203.93329109949008 2320.8264134690367
203.96375490028208 4096.977447958732
203.9942187010741 5198.975173494916
204.02468250186612 5050.299353356002
204.05514630265816 3901.249017158558
204.08561010345025 2733.1453271436294
204.11607390424223 2521.5384237010526
204.1465377050343 3405.198594188338
204.17700150582633 4629.41879158836
204.2074653066184 5235.811522538176
204.2379291074104 4797.563587753495
204.2683929082024 3667.393530152476
204.2988567089945 2498.5229255342583
204.32932050978647 1572.1038293584184
204.35978431057853 807.1516432675407
204.3902481113705 231.1282452940144
204.42071191216257 122.18832621277357
204.4511757129546 724.0777446133037
204.48163951374664 1900.871236737692
204.51210331453868 3091.3426931876097
204.5425671153307 3653.847905371322
204.57303091612275 3269.115558457064
204.6034947169148 2108.772897054916
204.6339585177068 780.4564963298269
204.66442231849885 37.54769430135724
204.69488611929089 269.8648168259471
204.7253499200829 1105.76958194248
204.75581372087493 1632.2292767886163
204.78627752166696 1276.9053035031673
204.81674132245905 539.0759364259204
204.84720512325103 712.8511764997197
204.87766892404304 2664.359221932096
204.90813272483507 5718.968263092704
204.93859652562716 7970.457897875789
204.9690603264192 7906.367303000398
204.9995241272112 5671.249702694599
205.02998792800324 2797.24128055688
205.06045172879527 818.2484785341485
205.09091552958728 166.53515261089848
205.1213793303793 301.5579092029616
205.15184313117135 559.2587597716937
205.1823069319634 657.0218697364885
205.21277073275544 568.9029957752596
205.24323453354748 325.7809985289412
205.27369833433949 164.02870292136615
205.30416213513152 636.6328633149824
205.33462593592355 2180.905391740396
205.3650897367156 4442.629893600285
205.3955535375076 6243.640532171911
205.42601733829963 6473.887462501745
205.4564811390917 5048.022461549765
205.48694493988367 2956.6553656319697
205.51740874067576 1356.501886319425
205.54787254146777 635.5580121177553
205.57833634225983 428.1117139562911
205.60880014305184 315.52847897962295
205.63926394384393 214.61617355558184
205.66972774463596 162.53021681337475
205.70019154542797 85.67319626403571
205.73065534622 24.303475129537865
205.761119147012 418.9966618022448
205.79158294780405 1801.7591981532455
205.82204674859608 4033.7921903065862
205.8525105493881 6053.220249302382
205.88297435018012 6704.921386918632
205.91343815097215 5889.2540458460335
205.9439019517642 4710.219628976244
205.97436575255625 4251.8336921573555
206.0048295533483 4332.903228160818
206.03529335414032 3870.196360877419
206.06575715493236 2360.107938216752
206.0962209557244 641.6867964693296
206.1266847565164 112.34407272002544
206.15714855730843 1205.3862105686571
206.18761235810047 2884.3123286009936
206.21807615889247 3796.435590199052
206.2485399596845 3777.561613933424
206.27900376047657 4103.849938910104
206.3094675612686 6106.177501801938
206.33993136206064 9704.052072858856
206.37039516285267 13523.17610996434
206.4008589636447 16020.494302700852
206.43132276443677 16508.154757890192
206.4617865652288 15516.811284455134
206.4922503660208 13912.745211494892
206.52271416681285 11833.920061498755
206.55317796760485 9068.323140921775
206.5836417683969 5923.594739708082
206.6141055691889 3149.9531875543485
206.64456936998093 1355.9656603769388
206.67503317077296 595.1591785472982
206.70549697156503 362.4111816587825
206.73596077235703 164.10680327647995
206.76642457314907 141.65117683305985
206.79688837394113 996.1187118754099
206.8273521747332 3241.740249208892
206.8578159755252 6466.439078221264
206.88827977631723 9382.42344753124
206.91874357710927 10774.812148528192
206.94920737790127 10418.339264329372
206.9796711786933 9095.507367820881
207.01013497948531 7823.085144837869
207.04059878027735 6952.883073946832
207.0710625810694 5966.966001125743
207.10152638186145 4285.910459436735
207.13199018265348 2144.269019204907
207.16245398344552 472.34424312932913
207.19291778423755 19.10424526510519
207.2233815850296 656.4847539233385
207.2538453858216 1510.9470879070593
207.28430918661363 1775.7591087337837
207.3147729874057 1327.2543081344716
207.34523678819767 599.349162404493
207.37570058898973 87.31348781879399
207.40616438978176 72.85048023859943
207.43662819057377 657.0284469146088
207.46709199136583 1740.8090806421942
207.49755579215784 2855.679679214089
207.52801959294993 3248.2678656044363
207.55848339374197 2466.1844323401606
207.588947194534 986.9132938571904
207.619410995326 38.3203893023805
207.64987479611804 505.60431383657766
207.68033859691008 1982.9825550036571
207.71080239770208 3036.860265943005
207.74126619849412 2592.5790354352303
207.77172999928615 1097.2230723364107
207.8021938000782 124.96965695755908
207.83265760087025 785.9925120329517
207.86312140166223 2604.242775220412
207.8935852024543 3960.459699744973
207.92404900324632 3656.350913254913
207.95451280403836 2077.2299744284524
207.9849766048304 843.8553514570262
208.0154404056224 1363.2002163322989
208.0459042064145 3706.355336346095
208.07636800720647 6732.744981800768
208.10683180799853 9022.914953362346
208.13729560879057 9700.999248837343
208.1677594095826 8732.847382136279
208.19822321037464 6701.932762989628
208.22868701116667 4373.973013683444
208.25915081195873 2408.063709534861
208.2896146127507 1207.9878621075227
208.32007841354277 848.6730345943473
208.3505422143348 1143.663956831684
208.3810060151268 1816.600576217852
208.41146981591885 2644.3062745176294
208.44193361671088 3465.810558940105
208.4723974175029 4093.362190880189
208.50286121829492 4296.327883677088
208.53332501908696 3920.4988688255057
208.56378881987905 3019.473059586228
208.59425262067103 1876.4492017986045
208.6247164214631 900.6378791238635
208.65518022225513 452.4498844931052
208.6856440230472 703.0755353216398
208.7161078238392 1588.824820692448
208.7465716246312 2798.021012566104
208.77703542542324 3813.672890088107
208.80749922621527 4138.181166949821
208.83796302700728 3584.153569074685
208.8684268277993 2373.583426809826
208.89889062859135 1025.6592678601723
208.9293544293834 135.78377013069013
208.95981823017544 100.64260735068072
208.99028203096748 914.1701031409053
209.0207458317595 2181.6316337173944
209.05120963255155 3334.8526607551535
209.0816734333436 3909.309528739445
209.1121372341356 3755.339942463052
209.14260103492765 3077.011492004295
209.17306483571963 2252.007904695552
209.2035286365117 1571.0640382411966
209.23399243730367 1123.0640624986895
209.26445623809576 867.5713099711489
209.29492003888777 753.5013898187811
209.32538383967983 767.4364830902341
209.35584764047184 906.7081821770511
209.38631144126387 1149.1318234773398
209.41677524205596 1472.0570759147313
209.447239042848 1885.9153803214333
209.47770284364 2399.148305098304
209.50816664443204 2920.021129612587
209.53863044522407 3239.587992159664
209.56909424601608 3138.7313997502324
209.59955804680808 2504.101296948083
209.63002184760012 1450.1079602306536
209.66048564839215 413.5213841134138
209.6909494491842 15.764140771700935
209.72141324997625 716.3144746747923
209.7518770507683 2486.549524133569
209.78234085156032 4667.297781445476
209.81280465235236 6231.514444364148
209.8432684531444 6427.365670081265
209.8737322539364 5264.156382277712
209.90419605472843 3449.020559816773
209.9346598555205 1885.2538766014743
209.96512365631247 1098.2898713733864
209.99558745710456 1022.7604325626824
210.02605125789657 1250.7104919111916
210.0565150586886 1405.598458679442
210.08697885948064 1325.0645854699144
210.11744266027267 1027.780472713456
210.1479064610647 645.8502205108617
210.17837026185677 401.56059596803925
210.2088340626488 510.8793756332517
210.2392978634408 986.0239257596994
210.26976166423285 1522.1004853569852
210.30022546502488 1682.349469906444
210.3306892658169 1293.2359895275492
210.36115306660892 628.660652218247
210.39161686740096 157.50506815326787
210.422080668193 105.828401173791
210.45254446898505 283.71965987370544
210.48300826977703 354.99525115525034
210.5134720705691 217.07665377669187
210.54393587136113 56.868096948478026
210.5743996721532 68.8181943246333
210.6048634729452 205.46075556496956
210.63532727373723 263.33116689758606
210.66579107452927 169.96830179159824
210.69625487532127 89.09988826677572
210.7267186761133 208.6597491288836
210.75718247690537 486.58514630590525
210.7876462776974 682.7538954358298
210.81811007848944 619.653841466152
210.84857387928147 354.4086715209816
210.8790376800735 100.39463126533984
210.90950148086552 29.40813394670045
210.93996528165755 192.44025709709527
210.9704290824496 565.6914231643985
211.0008928832416 1046.6576523564715
211.03135668403365 1395.1920115160879
211.0618204848257 1312.5259821873872
211.0922842856177 752.0524854087012
211.12274808640973 145.64283028249503
211.15321188720176 134.0478694869986
211.18367568799383 946.0385555026029
211.21413948878583 2037.528325951112
211.24460328957787 2479.8289343052934
211.27506709036996 1857.864504921072
211.305530891162 722.4966287720741
211.335994691954 54.61957322772009
211.366458492746 306.34343731558346
211.39692229353804 1022.8017232469438
211.42738609433007 1453.2055115314845
211.45784989512208 1443.741835750124
211.48831369591412 1561.966371784611
211.51877749670615 2357.8686265420297
211.5492412974982 3633.1674906725393
211.57970509829025 4553.925739333792
211.61016889908228 4513.201831549404
211.64063269987432 3714.997509396856
211.67109650066635 2807.8519355960666
211.7015603014584 2143.551307816637
211.7320241022504 1578.2740577001505
211.7624879030424 977.1795880041502
211.7929517038345 747.5304733595231
211.82341550462647 1609.7494041364687
211.85387930541853 3744.999777965301
211.88434310621057 6294.163011160391
211.91480690700257 7832.90211701052
211.94527070779463 7485.887871465107
211.97573450858664 5621.622563657072
212.00619830937873 3418.7759781792583
212.03666211017077 1861.6300122394991
212.0671259109628 1181.3480221372474
212.0975897117548 1062.5240013621503
212.12805351254684 1178.920662020208
212.15851731333888 1446.8447568752445
212.18898111413088 1846.9965079397127
212.2194449149229 2149.1077912821006
212.24990871571492 2000.6010632408295
212.28037251650696 1377.4953870550155
212.31083631729905 683.6165113804852
212.34130011809103 328.6712279142602
212.3717639188831 399.54124189859095
212.40222771967512 614.1095965842059
212.43269152046716 567.4011104486646
212.4631553212592 237.8506812025485
212.4936191220512 103.90290996202503
212.5240829228433 704.1093779950226
212.55454672363527 2157.3878691496843
212.58501052442733 3908.4139661803856
212.61547432521937 4990.155906855748
212.64593812601137 4833.532282656371
212.6764019268034 3775.6490964835552
212.70686572759544 2700.9526299548365
212.73732952838748 2298.5228191025294
212.7677933291795 2578.3828263260434
212.79825712997155 2908.2226528054825
212.8287209307636 2642.297760992905
212.8591847315556 1836.2498702705543
212.88964853234765 1129.2633333701262
212.92011233313968 946.7494899524846
212.9505761339317 1047.6020485340828
212.98103993472373 849.158750557155
213.01150373551576 250.0281704461712
213.04196753630785 76.1244843599715
213.07243133709983 1399.0190824813556
213.10289513789184 4360.968693589441
213.13335893868387 7770.581521186044
213.16382273947596 9931.377737115796
213.194286540268 10033.103916484783
213.22475034106 8717.348365689573
213.25521414185204 7245.113217714838
213.28567794264407 6280.244403587001
213.31614174343608 5523.813647341259
213.3466055442281 4430.293203001204
213.37706934502015 3145.48514205856
213.4075331458122 2512.9493291068075
213.43799694660424 3093.5678043456605
213.46846074739628 4384.846366511998
213.49892454818828 5180.3441938840015
213.52938834898032 4730.129605650664
213.55985214977235 3502.5429919675425
213.5903159505644 2708.087669498794
213.6207797513564 3058.595244793408
213.65124355214843 4079.931058534944
213.6817073529405 4644.669823669813
213.71217115373247 4115.050786810073
213.74263495452456 2950.863014486832
213.77309875531657 2224.165330575542
213.80356255610863 2601.719795939297
213.83402635690064 3808.411511148
213.86449015769267 4971.188630128268
213.89495395848476 5404.84308492681
213.92541775927677 5099.748452357702
213.9558815600688 4575.055065423539
213.9863453608608 4398.48530782346
214.01680916165284 4827.91220704551
214.04727296244488 5718.702777919947
214.07773676323689 6601.899693045993
214.10820056402892 6881.848630143623
214.13866436482095 6160.0873764541475
214.169128165613 4538.193555367855
214.19959196640505 2632.520489804703
214.2300557671971 1205.5356726398911
214.26051956798912 632.7236313436217
214.29098336878116 650.6079396249118
214.3214471695732 706.1315509120356
214.3519109703652 612.4521401864183
214.38237477115723 795.0624387626925
214.4128385719493 1845.149752862077
214.44330237274127 3806.0307450831774
214.4737661735333 5908.312446331904
214.50422997432537 7119.33927517303
214.5346937751174 6995.653961739561
214.56515757590944 5983.455519744993
214.59562137670147 4964.757984318328
214.6260851774935 4508.431123136129
214.65654897828557 4490.0665889215015
214.6870127790776 4419.14443491507
214.7174765798696 4026.8753813975663
214.74794038066165 3431.4256596764503
214.77840418145368 2835.6104449711343
214.8088679822457 2254.3471098821688
214.8393317830377 1628.1761547142617
214.86979558382973 1138.3657410497085
214.90025938462176 1239.4763894701384
214.93072318541385 2242.9007162259577
214.96118698620583 3861.3766610067833
214.99165078699787 5268.848627568437
215.02211458778993 5713.371908172082
215.052578388582 5108.807798259473
215.083042189374 4058.4231454238143
215.11350599016603 3357.936973875892
215.14396979095807 3473.5577367930964
215.17443359175007 4389.615042599527
215.2048973925421 5786.93719401733
215.2353611933341 7234.536120339698
215.26582499412615 8249.129015727449
215.2962887949182 8405.169097733082
215.32675259571025 7621.329035300035
215.35721639650228 6362.475918353212
215.38768019729432 5421.290670171016
215.41814399808635 5403.422962984645
215.4486077988784 6368.5277370247195
215.4790715996704 7855.599269566815
215.50953540046245 9224.221798625524
215.5399992012545 10090.531962897736
215.57046300204647 10465.92122715703
215.60092680283853 10465.2778439902
215.63139060363056 10034.216299339036
215.66185440442257 9050.591379515046
215.69231820521463 7562.684433167449
215.72278200600664 5823.732190536521
215.75324580679873 4122.56305602722
215.78370960759077 2621.9072306329986
215.8141734083828 1369.335787445102
215.8446372091748 446.88327460302946
215.87510100996684 50.61942401187599
215.90556481075888 353.28055782882166
215.93602861155088 1285.7109538873958
215.96649241234292 2507.015121431324
215.99695621313495 3593.1172691930174
216.027420013927 4234.844097700209
216.05788381471905 4311.740599679995
216.08834761551103 3863.304044021839
216.1188114163031 3021.531378346015
216.14927521709512 1962.0623708669068
216.17973901788716 908.707813916404
216.2102028186792 169.44376162521274
216.2406666194712 122.31901700334164
216.2711304202633 1077.9044604582575
216.30159422105527 3057.3291097467395
216.33205802184733 5647.548213983508
216.36252182263937 8085.044684272121
216.3929856234314 9568.349814252148
216.42344942422343 9618.814246452494
216.45391322501544 8291.440838262475
216.48437702580753 6203.7948000425295
216.5148408265995 4410.192755357807
216.54530462739157 4062.823137291847
216.5757684281836 5816.7746294348635
216.6062322289756 9230.963674001336
216.63669602976765 12800.279717391924
216.66715983055968 14894.807008694912
216.6976236313517 14949.763283503782
216.72808743214372 14006.219347126818
216.75855123293576 14068.385389383502
216.78901503372785 16401.243265183453
216.81947883451983 20077.00559066192
216.8499426353119 22394.438331158064
216.88040643610393 21008.778763902188
216.91087023689596 15797.150570150045
216.941334037688 8922.207563825834
216.97179783848 3272.063705842482
217.00226163927204 587.4370220557839
217.03272544006407 679.5633851155857
217.06318924085608 2072.3936358060773
217.0936530416481 3183.00936270219
217.12411684244017 3196.068359231932
217.1545806432322 2332.1696848584497
217.18504444402424 1540.3146495958456
217.21550824481628 1878.429919773588
217.2459720456083 3727.162829029527
217.27643584640035 6228.727953569424
217.3068996471924 7712.7729310494815
217.3373634479844 7003.542445818664
217.36782724877645 4510.328904961947
217.39829104956843 2075.8075826194763
217.4287548503605 1448.2718995374917
217.45921865115247 2696.414930840126
217.48968245194456 4209.3340582511355
217.52014625273657 4279.899934458871
217.55061005352863 2692.3970612418198
217.58107385432064 789.6564136352282
217.61153765511267 40.45197476487407
217.64200145590476 642.2754841161537
217.6724652566968 1519.5515807898976
217.7029290574888 1579.8695709232609
217.73339285828084 853.5584154874189
217.76385665907287 351.8401623467227
217.79432045986488 923.6853078067406
217.82478426065688 2370.5696102642014
217.85524806144892 3651.2876294201856
217.88571186224095 3877.1701838919967
217.916175663033 3093.583026297508
217.94663946382505 2167.3008667045665
217.97710326461709 1988.693792783249
218.00756706540912 2737.2436819207087
218.03803086620115 3785.1848193039864
218.0684946669932 4243.938248260811
218.0989584677852 3677.795161275033
218.12942226857723 2407.6209457958553
218.1598860693693 1199.7402029999882
218.19034987016127 651.715872726361
218.22081367095336 765.9969997763245
218.25127747174537 1038.403194924167
218.2817412725374 975.4656286773552
218.31220507332944 535.6039234370323
218.34266887412147 95.08635450160568
218.3731326749135 34.947302891177735
218.40359647570557 368.4884723006836
218.4340602764976 776.2304380574601
218.4645240772896 982.9268807020364
218.49498787808164 1025.9687574480427
218.52545167887368 1137.5635035492364
218.55591547966569 1418.0481181436332
218.58637928045772 1683.3415857532755
218.61684308124975 1671.4562678724742
218.6473068820418 1401.5115662980695
218.67777068283385 1258.4032185425167
218.70823448362583 1619.1799352391795
218.7386982844179 2384.628776404025
218.76916208520993 2924.8436931249244
218.799625886002 2583.11893787272
218.830089686794 1391.5657073172158
218.86055348758603 234.76518346348448
218.89101728837807 125.34252798635723
218.92148108917007 1274.2010295263235
218.9519448899621 2857.917773958128
218.98240869075417 3820.0765387388906
219.0128724915462 4018.0445024696096
219.04333629233824 4420.826285062625
219.07380009313027 6093.896561139904
219.1042638939223 8963.451049471098
219.13472769471431 11583.871642104748
219.16519149550635 12361.463724117906
219.1956552962984 10997.055229138969
219.2261190970904 8618.287954728505
219.25658289788245 6703.010888903771
219.2870466986745 5841.944973057715
219.3175104994665 5406.975890281419
219.34797430025853 4484.845136402839
219.37843810105056 2944.015529098933
219.40890190184265 1427.84332909305
219.43936570263463 560.2913583691321
219.46982950342667 381.8155889698895
219.50029330421873 499.42411052190727
219.5307571050108 595.2865391004776
219.5612209058028 625.3091602176889
219.5916847065948 598.068956850538
219.62214850738684 442.835072458076
219.65261230817887 177.7934201014539
219.68307610897088 13.67671609952036
219.71353990976291 141.4560124773045
219.74400371055495 445.0572909464427
219.774467511347 598.5842733806238
219.80493131213905 568.9045615997718
219.83539511293108 873.4715850463201
219.86585891372312 2119.2445036769072
219.89632271451515 4227.582133799213
219.9267865153072 6202.174348828841
219.9572503160992 6820.346755599379
219.9877141168912 5678.660301424797
220.0181779176833 3568.569020434992
220.04864171847527 1778.2661596406351
220.07910551926727 1064.199638802594
220.10956932005936 1282.69609117924
220.14003312085137 1771.1727866592755
220.17049692164343 1915.3951632309047
220.20096072243544 1478.7172591578408
220.23142452322753 665.6260569146938
220.26188832401957 49.56545062609939
220.2923521248116 304.1239354061731
220.3228159256036 1694.870184542318
220.35327972639564 3698.937902329224
220.38374352718768 5227.151908526344
220.41420732797968 5412.3755851470605
220.4446711287717 4294.579692986958
220.47513492956372 2718.9824330779325
220.50559873035576 1548.3045436973807
220.53606253114785 1026.4729902206454
220.56652633193983 864.0168522023122
220.5969901327319 733.8056461746174
220.62745393352392 565.9266981991891
220.65791773431596 465.86644799419935
220.688381535108 558.9252682101873
220.7188453359 1029.9888478499558
220.7493091366921 2153.9054901870977
220.77977293748407 3985.206143941534
220.81023673827613 5910.526637135916
220.84070053906817 6772.520660941271
220.87116433986017 5797.221972937855
220.9016281406522 3422.6885581329893
220.93209194144424 1064.880225580324
220.96255574223628 44.99026204672613
220.9930195430283 728.0251343649213
221.02348334382037 2545.940094283814
221.0539471446124 4653.190642977795
221.0844109454044 6471.255853662596
221.11487474619645 7581.200252577213
221.14533854698848 7396.6356707946925
221.1758023477805 5564.268158763258
221.20626614857252 2746.6582584806806
221.23672994936456 505.5559039132008
221.26719375015665 106.503151171845
221.29765755094863 1380.9492218603123
221.32812135174063 2853.701901597303
221.35858515253267 3111.037746020364
221.38904895332476 2018.1433925699953
221.4195127541168 627.8398311978268
221.4499765549088 59.26757104939522
221.48044035570084 587.8567435768298
221.51090415649287 1734.3002786638467
221.54136795728488 2919.8246813532387
221.5718317580769 3801.068995820428
221.60229555886897 4091.088101973136
221.632759359661 3514.8504082475824
221.66322316045304 2240.563719585299
221.69368696124508 1192.5487113778847
221.72415076203708 1634.0658149294327
221.75461456282912 4136.251133477842
221.78507836362115 7805.68111669189
221.8155421644132 10707.45682571402
221.8460059652052 11279.46236002912
221.87646976599723 9513.854933164946
221.9069335667893 6933.529128043418
221.93739736758127 5423.266239266577
221.96786116837336 5872.834870862156
221.99832496916537 7604.657157787896
222.02878876995743 8943.270066439803
222.05925257074944 8575.179545751453
222.08971637154147 6710.700170054424
222.12018017233356 4983.4991385367575
222.15064397312557 5016.683193496036
222.1811077739176 6919.1376419921635
222.2115715747096 9106.376906192447
222.24203537550164 9665.753311928847
222.27249917629368 8047.298151395392
222.30296297708568 5376.860956691823
222.33342677787772 3148.8610338114167
222.36389057866975 1876.9502832343817
222.3943543794618 1119.0972681187957
222.42481818025385 610.5037808613954
222.45528198104589 928.7096971689887
222.48574578183792 2736.2617867287763
222.51620958262995 5547.2769436412045
222.546673383422 7654.898157949555
222.577137184214 7594.954454212388
222.60760098500603 5650.201253496321
222.6380647857981 3608.3830880667656
222.66852858659007 3006.5422426695964
222.69899238738213 3781.823994285925
222.72945618817417 4615.874676058202
222.7599199889662 4419.438231815237
222.79038378975824 3287.444519901252
222.82084759055027 2064.207679143041
222.8513113913423 1357.5104430848817
222.88177519213437 1185.5159747238652
222.9122389929264 1349.8519666856946
222.9427027937184 1779.8231390620708
222.97316659451045 2387.760457993972
223.00363039530248 2815.703360609448
223.0340941960945 2643.1771298056683
223.0645579968865 1873.3749647607228
223.09502179767853 982.8610693200062
223.12548559847056 415.28888166177217
223.15594939926265 190.5536644283482
223.18641320005463 139.99623665616022
223.2168770008467 408.84015961229227
223.24734080163873 1419.716104871597
223.2778046024308 3229.6305816474182
223.3082684032228 5114.396458636969
223.33873220401483 6091.3910425872
223.36919600480687 6082.358034347258
223.39965980559887 6231.725793928902
223.4301236063909 7671.226147390771
223.4605874071829 10273.240557449157
223.49105120797495 12645.929004729363
223.521515008767 13119.499141170869
223.55197880955905 11225.343267067363
223.58244261035108 8222.372148221613
223.61290641114311 5782.464299539184
223.64337021193515 4614.883547226033
223.6738340127272 4373.611494976615
223.7042978135192 4209.654488852669
223.73476161431125 3483.014795043604
223.7652254151033 2241.251544628267
223.7956892158953 1004.39818330123
223.82615301668733 229.69459949495547
223.85661681747936 2.6771536945037164
223.88708061827137 66.44474015773184
223.91754441906343 119.13483958595825
223.94800821985544 129.95544234003728
223.97847202064753 326.4288103262227
224.00893582143956 810.6981838052324
224.0393996222316 1269.2969176595163
224.0698634230236 1228.141800247684
224.10032722381564 664.9394801110902
224.13079102460767 305.8979108474911
224.16125482539968 1094.1326973189596
224.19171862619172 3194.011045929411
224.22218242698375 5631.800122325553
224.2526462277758 6996.499068365718
224.28311002856785 6507.079586521569
224.31357382935985 4599.497413008978
224.3440376301519 2457.5262000031685
224.37450143094392 939.989323004768
224.40496523173596 231.88526179333363
224.435429032528 303.5237792555319
224.46589283332 1118.4446112013547
224.4963566341121 2354.518837195584
224.52682043490407 3251.434579394816
224.55728423569613 3075.9072601793728
224.58774803648816 1929.0460769231468
224.61821183728017 893.33636663843
224.64867563807223 1137.1397479388083
224.67913943886424 2852.809575992574
224.70960323965633 5141.9460018244845
224.74006704044837 6948.2455366085
224.77053084124037 7966.831896617891
224.8009946420324 8609.325704896864
224.8314584428244 9206.004268769624
224.86192224361645 9406.046480124156
224.89238604440848 8559.869801878862
224.9228498452005 6545.904041527883
224.95331364599252 3954.887782926176
224.98377744678456 1656.1324821720427
225.01424124757665 297.9256189721801
225.04470504836863 28.012267261055957
225.0751688491607 553.2728342723805
225.10563264995272 1310.3402782808173
225.13609645074476 1675.5407034533173
225.1665602515368 1366.6645649353047
225.1970240523288 700.6753659073604
225.22748785312083 344.7129332775835
225.25795165391287 689.7466187441846
225.28841545470488 1369.934738407536
225.3188792554969 1589.2627641743732
225.34934305628897 1057.482433793293
225.379806857081 399.5105827597303
225.41027065787304 507.0840093827169
225.44073445866508 1568.2371308611735
225.4711982594571 2842.925023890489
225.50166206024917 3436.4783439875605
225.5321258610412 3213.278419901668
225.5625896618332 2806.8547231850466
225.59305346262525 2813.959181929461
225.62351726341723 3263.4238106128455
225.6539810642093 3913.532820944331
225.68444486500127 4771.535973169102
225.71490866579333 6009.430265219986
225.74537246658537 7366.814934023693
225.77583626737743 7992.016568732093
225.80630006816943 7193.817168526025
225.83676386896147 5319.473039804453
225.86722766975356 3617.900181956383
225.8976914705456 3073.253935888771
225.9281552713376 3493.7605177983164
225.95861907212964 3854.8680638088567
225.98908287292167 3449.4683665191
226.01954667371368 2554.620579931116
226.05001047450568 1911.48286451628
226.08047427529772 1762.77996313873
226.11093807608975 1683.7077056195956
226.1414018768818 1334.878366564506
226.17186567767385 1123.9130964109104
226.20232947846588 1877.073655820822
226.23279327925792 3849.3985728350367
226.26325708004995 6230.10777245934
226.293720880842 7688.840827592763
226.324184681634 7446.752322603048
226.35464848242603 5870.443458506656
226.3851122832181 4016.0892824104735
226.41557608401007 2702.4871172230005
226.44603988480216 2101.6579635618973
226.47650368559417 2004.596567083102
226.5069674863862 2239.4947016704805
226.53743128717824 2796.071377297578
226.56789508797027 3584.3153119912417
226.59835888876233 4180.289584704636
226.62882268955437 3996.023112695127
226.6592864903464 2811.8951163276392
226.6897502911384 1147.7053541740343
226.72021409193044 64.40022924725626
226.75067789272248 442.04033627882944
226.78114169351448 2214.836535691103
226.81160549430652 4269.910764152697
226.84206929509855 5273.771156215235
226.8725330958906 4713.956195316703
226.90299689668265 3209.1448765685527
226.93346069747463 1895.6312156118024
226.9639244982667 1435.7980158304924
226.99438829905873 1559.311543448476
227.0248520998508 1638.905852245261
227.0553159006428 1576.8614320202328
227.08577970143483 1923.5461898958051
227.1162435022269 3140.3980202962584
227.14670730301887 4822.260646371436
227.1771711038109 5817.74858701866
227.20763490460297 5283.081132975742
227.238098705395 3496.3985705390864
227.26856250618704 1547.594213890742
227.29902630697907 387.912061269154
227.3294901077711 200.52581655755964
227.3599539085631 515.7325909332294
227.39041770935515 808.383941115085
227.4208815101472 927.8389186113304
227.4513453109392 1026.112380417752
227.48180911173125 1295.3768209753034
227.5122729125233 1863.2891809978753
227.5427367133153 2819.8049414239463
227.57320051410733 4212.282794531927
227.60366431489936 5913.248502426406
227.63412811569145 7482.2045374088275
227.66459191648343 8308.754972369394
227.6950557172755 8033.393781452764
227.72551951806753 6865.728597592793
227.7559833188596 5474.7650452188445
227.7864471196516 4505.914903337357
227.8169109204436 4175.127480534491
227.84737472123564 4297.212363942911
227.87783852202767 4579.062444728076
227.90830232281968 4820.134103367447
227.9387661236117 4908.518633317755
227.96922992440375 4739.112042139555
227.9996937251958 4251.329112770452
228.03015752598785 3615.821675649316
228.06062132677988 3316.4607079699463
228.09108512757192 3906.632753991398
228.12154892836395 5556.67164780122
228.152012729156 7687.702860884982
228.182476529948 9061.148467356013
228.21294033074005 8578.166512917247
228.24340413153203 6242.177819293609
228.27386793232407 3273.604499111422
228.30433173311607 1265.0368783195609
228.33479553390816 1128.3174871809615
228.36525933470017 2521.2794535977564
228.39572313549223 4156.33073130034
228.42618693628424 4789.957172451389
228.45665073707633 4020.6969368032414
228.48711453786837 2335.213135461903
228.5175783386604 684.2305972275733
228.5480421394524 0.511945861260598
228.57850594024444 771.6792289863592
228.60896974103647 2762.9520609908623
228.63943354182848 5043.605926582637
228.6698973426205 6418.9776259844075
228.70036114341252 6171.027241625352
228.73082494420456 4605.761325507593
228.7612887449966 2863.6954638817524
228.79175254578865 2045.4674722914808
228.8222163465807 2340.45282541828
228.85268014737272 2957.858407389588
228.88314394816476 2984.67466199774
228.9136077489568 2312.143666862441
228.9440715497488 1704.275656252739
228.9745353505409 2000.2431530636363
229.00499915133287 3206.387710834961
229.03546295212493 4353.46723613985
229.06592675291697 4350.725720063409
229.09639055370897 3008.65735259085
229.126854354501 1220.641770393458
229.15731815529304 144.3137967476686
229.18778195608508 138.67904150184657
229.2182457568771 560.4448885847761
229.24870955766917 689.8973185237808
229.2791733584612 749.0674525491575
229.3096371592532 1834.804888510686
229.34010096004525 4682.282141994231
229.37056476083728 8450.591465064002
229.4010285616293 10945.30369907572
229.43149236242132 10368.874540607696
229.46195616321336 7038.476009066339
229.49241996400545 3287.787433332012
229.52288376479743 1472.6811422874396
229.55334756558943 1952.4186151259908
229.58381136638147 3008.3556233107406
229.61427516717356 2787.8562386433614
229.6447389679656 1246.6823595426995
229.6752027687576 45.071243563996525
229.70566656954963 634.2074834866505
229.73613037034167 2665.387467757416
229.76659417113368 4358.701971622415
229.7970579719257 4345.222855693104
229.82752177271777 3003.331564730376
229.8579855735098 1955.5300457449976
229.88844937430184 2342.9317953484897
229.91891317509388 3708.8390185564176
229.94937697588588 4581.420380944217
229.97984077667792 4011.0045703278824
230.01030457746995 2457.7860380686548
230.040768378262 1237.7642438534178
230.071232179054 1210.9737217170289
230.10169597984603 2080.39535468362
230.1321597806381 2854.1616216304833
230.16262358143007 2801.5527201730947
230.19308738222213 2017.94041782964
230.22355118301417 1295.3573338903404
230.25401498380623 1490.48880129941
230.28447878459824 2849.1023201494927
230.31494258539027 4792.836777145284
230.34540638618236 6299.463267897656
230.3758701869744 6537.039115392874
230.4063339877664 5355.652654599233
230.4367977885584 3390.5402353659156
230.46726158935044 1671.3759015450748
230.49772539014248 947.270976652156
230.52818919093448 1238.9141955056018
230.55865299172652 1961.0704187961817
230.58911679251855 2427.601603121832
230.6195805933106 2291.697381544182
230.65004439410265 1671.9849237103897
230.68050819489468 973.6554364615808
230.71097199568672 569.3488587986251
230.74143579647875 566.7517903372953
230.7718995972708 793.3483814344929
230.8023633980628 986.2471676900813
230.8328271988548 1084.2130494286876
230.8632909996469 1393.4391046585265
230.89375480043887 2378.9150596691247
230.92421860123093 4166.709583727328
230.95468240202297 6198.686760404576
230.985146202815 7383.831359919762
231.01561000360704 6780.776152575825
231.04607380439907 4467.304900764548
231.0765376051911 1799.0873553095028
231.10700140598317 607.5916351327436
231.1374652067752 1917.3770632948756
231.1679290075672 5112.161975918698
231.19839280835924 8212.657573238002
231.22885660915128 9268.979550877444
231.25932040994329 7781.90010816647
231.2897842107353 4966.154855843429
231.32024801152733 2768.141533848271
231.35071181231936 2413.8618754549448
231.38117561311145 3590.5526710443455
231.41163941390343 4908.64329798638
231.4421032146955 5101.812793796903
231.47256701548753 3904.234800398821
231.5030308162796 2053.6422314059814
231.5334946170716 576.0782472048863
231.56395841786363 17.397928701430267
231.59442221865567 235.91358507671808
231.62488601944767 740.4520750745462
231.6553498202397 1135.7243088590053
231.6858136210317 1348.31080889361
231.71627742182375 1578.873247886682
231.7467412226158 2114.385064778397
231.77720502340784 3119.8636163356937
231.80766882419988 4462.533857590901
231.8381326249919 5709.582575459588
231.86859642578395 6369.889154890089
231.899060226576 6181.122033850925
231.929524027368 5250.31375340593
231.95998782816005 4030.409225194271
231.9904516289521 3115.914071103869
232.0209154297441 2930.6122317332533
232.05137923053613 3576.1307265943065
232.08184303132816 4854.51471139379
232.11230683212017 6229.41332331163
232.14277063291223 6900.393163946481
232.17323443370424 6261.695892089351
232.20369823449633 4427.483325170509
232.23416203528836 2373.37300293553
232.2646258360804 1578.3190897096435
232.2950896368724 3228.1311442405254
232.32555343766444 7375.211782922259
232.35601723845647 12669.118834351437
232.38648103924848 16880.42922594728
232.41694484004051 17995.859111474972
232.44740864083255 15390.624476355324
232.4778724416246 10323.733192025835
232.50833624241665 5286.452265880521
232.53880004320868 2582.1745154612436
232.5692638440007 3066.0118945766694
232.59972764479272 5839.579570117696
232.63019144558476 8973.130412645563
232.6606552463768 10684.67115964802
232.6911190471688 10270.955074904106
232.7215828479609 8286.215420412662
232.75204664875287 6006.417527802863
232.78251044954487 4704.147897021881
232.81297425033696 5131.455517132453
232.84343805112897 7233.640187765069
232.87390185192103 10091.43948328122
232.90436565271304 12286.518662235236
232.93482945350513 12709.061693791104
232.96529325429717 11249.337530924153
232.99575705508917 8732.53157766502
233.0262208558812 6195.468552676571
233.0566846566732 4214.773045718881
233.08714845746525 2790.97936886594
233.11761225825728 1713.2642637436575
233.1480760590493 919.3263398877004
233.17853985984132 459.6768408566084
233.20900366063336 291.5638542924153
233.23946746142545 367.8625137673304
233.26993126221743 904.5266468752442
233.3003950630095 2247.220752815783
233.33085886380152 4224.750436900468
233.36132266459356 5753.461825702465
233.3917864653856 5504.2107558822845
233.4222502661776 3299.919915373203
233.45271406696963 762.4467319405924
233.48317786776167 209.28406807668236
233.51364166855367 2645.9423695116384
233.5441054693457 6731.7607049255985
233.57456927013777 9793.933145106013
233.6050330709298 10009.966948670492
233.63549687172184 7615.985435855523
233.66596067251388 4227.4871845045245
233.6964244733059 1436.8757064630772
233.72688827409797 88.05860687979029
233.75735207489 389.3682767033301
233.787815875682 2081.8785727590216
233.81827967647405 4300.016644167572
233.84874347726603 5704.191661423919
233.8792072780581 5369.256582006145
233.90967107885007 3859.8173259568384
233.94013487964213 3158.3237326792905
233.97059868043416 4983.992978386084
234.00106248122623 8942.771255911754
234.03152628201823 12505.02212480102
234.06199008281027 13131.045980247596
234.09245388360236 10478.850505619723
234.1229176843944 6470.394314995514
234.1533814851864 3451.303497403362
234.18384528597844 2443.7890716561255
234.21430908677047 2958.112430331984
234.24477288756248 4044.2845169980305
234.2752366883545 5101.740548898051
234.30570048914652 5739.803782676233
234.33616428993855 5449.073577002704
234.3666280907306 4006.6158808571495
234.39709189152265 2177.567318497589
234.42755569231468 1422.214351228247
234.45801949310672 2559.796488903495
234.48848329389875 4780.2340538963
234.5189470946908 6179.406276785746
234.5494108954828 5542.5013735875045
234.57987469627483 3587.462463906442
234.6103384970669 2238.1970318808535
234.64080229785887 2709.755731071845
234.67126609865096 4507.873801247249
234.70172989944297 6262.210603326349
234.732193700235 7137.019184156812
234.76265750102704 7219.803747471238
234.79312130181907 6820.13283455111
234.82358510261113 5793.580651221929
234.85404890340317 3899.150226534093
234.8845127041952 1847.6248766952408
234.9149765049872 1405.8365032623767
234.94544030577924 3880.511458693744
234.97590410657128 8548.278336125706
235.00636790736328 12841.579095708292
235.03683170815532 14215.94607198958
235.06729550894735 12081.744262462855
235.0977593097394 8111.405826135704
235.12822311053145 4666.285461739426
235.15868691132343 2967.0266341235774
235.1891507121155 2653.0407910034173
235.21961451290753 2692.5775688907343
235.2500783136996 2508.063006783914
235.2805421144916 2315.3165014711144
235.31100591528363 2579.7304973701457
235.3414697160757 3333.894596058085
235.37193351686767 4060.5672059591056
235.40239731765973 4150.700179261611
235.43286111845177 3406.3077732103347
235.4633249192438 2162.740085949816
235.49378872003584 1007.3528344374344
235.52425252082787 336.01579847627295
235.5547163216199 131.3999280637657
235.5851801224119 124.79046333512476
235.61564392320395 124.62282216723172
235.646107723996 228.9507480439584
235.676571524788 727.1010159115145
235.70703532558005 1776.5407886735732
235.7374991263721 3200.298244175077
235.7679629271641 4536.871860030953
235.79842672795613 5308.146102804161
235.82889052874816 5372.5400938800285
235.85935432954025 4905.008608828897
235.88981813033223 4052.3559310540295
235.9202819311243 3025.924665275282
235.95074573191633 2389.2812619444658
235.9812095327084 2663.9792927613175
236.0116733335004 3872.37097687894
236.0421371342924 5733.754696141369
236.07260093508444 7591.116530924705
236.10306473587647 8238.756326510502
236.13352853666848 6943.64183920055
236.1639923374605 4496.149632224226
236.19445613825255 2553.8823396127887
236.2249199390446 2136.691479429286
236.25538373983665 3073.5863085370383
236.28584754062868 4373.006485879075
236.31631134142071 5116.210772379472
236.34677514221275 5464.578024757533
236.3772389430048 6311.168412991148
236.4077027437968 7795.284122144509
236.43816654458885 8744.346528888222
236.46863034538083 7647.11468044253
236.4990941461729 4386.548812251829
236.52955794696487 1172.2570914674834
236.56002174775696 974.8663353261977
236.59048554854897 4613.011905958795
236.62094934934103 9601.225624498418
236.65141315013304 12022.901866140004
236.68187695092513 9953.986857005028
236.71234075171716 5285.40991413349
236.7428045525092 1954.8176230108825
236.7732683533012 2356.8033501868026
236.80373215409324 5461.379540832821
236.83419595488527 8179.042084582354
236.86465975567728 8326.015065537673
236.8951235564693 6204.896770266536
236.92558735726132 3595.8163080680665
236.95605115805336 1784.182883269234
236.9865149588454 897.0243077096568
237.01697875963745 818.6393271607766
237.0474425604295 1993.6450319536225
237.07790636122152 4811.492756482475
237.10837016201356 8403.418584953633
237.1388339628056 10754.930526488337
237.1692977635976 10362.087535372057
237.1997615643897 7637.916891098006
237.23022536518167 4563.736882697905
237.26068916597373 2868.815859726932
237.29115296676576 2584.821809101912
237.32161676755777 2535.331495724328
237.3520805683498 1989.43659360304
237.38254436914184 1384.8626291417863
237.41300816993387 1461.3518474787184
237.4434719707259 2120.5099819164
237.47393577151797 2464.4335020339754
237.50439957231 1880.3934800617665
237.534863373102 783.4828932017213
237.56532717389405 138.22175770486527
237.59579097468608 363.9378234556231
237.6262547754781 930.9084752160556
237.65671857627012 1073.5383127641264
237.68718237706216 656.4830612827353
237.71764617785425 162.83595295284883
237.74810997864623 19.094001957615795
237.77857377943823 200.02495844330525
237.80903758023027 487.7490057146695
237.83950138102236 856.5728719041091
237.8699651818144 1373.678242197543
237.9004289826064 1824.8226702328311
237.93089278339843 1770.608816864164
237.96135658419047 1120.2910004953364
237.99182038498247 473.56105047505673
238.0222841857745 609.389892298474
238.05274798656657 1586.5112103146228
238.0832117873586 2603.6214895274766
238.11367558815064 2970.104774694811
238.14413938894268 3152.951382463337
238.1746031897347 4555.605681098393
238.20506699052672 8001.678354063498
238.23553079131875 12515.124785219792
238.2659945921108 15780.800719747003
238.2964583929028 15865.440445992195
238.32692219369483 12673.23462412582
238.3573859944869 8011.867552713528
238.38784979527887 4291.156831348124
238.41831359607093 2970.623202124545
238.44877739686297 3988.777207164645
238.47924119765503 6288.50451482382
238.50970499844703 8641.959448433687
238.54016879923907 10235.222708360932
238.57063260003116 10914.330150687256
238.6010964008232 10989.608848132251
238.6315602016152 10673.72115931336
238.6620240024072 9733.744030652893
238.69248780319924 7821.593816947947
238.72295160399128 5122.362530541384
238.75341540478328 2627.147809905859
238.78387920557532 1599.9886236389225
238.81434300636735 2376.3366061244246
238.8448068071594 3725.9195261708046
238.87527060795145 3866.273280832911
238.90573440874348 2247.6307058165407
238.93619820953552 327.4570059363764
238.96666201032755 442.93943606355543
238.9971258111196 3513.3346521069175
239.0275896119116 7878.099422001571
239.0580534127036 10585.580497257191
239.0885172134957 9764.61402647124
239.11898101428767 6070.729191835656
239.14944481507973 2120.188411935105
239.17990861587177 230.37372945197913
239.2103724166638 596.973097564805
239.24083621745584 1646.8977080465206
239.27130001824787 1822.220199120672
239.30176381903993 1015.9444394604868
239.33222761983197 532.3078454458346
239.362691420624 1707.8005297675488
239.393155221416 4591.851785426937
239.42361902220804 7842.550037628823
239.45408282300008 9669.646542829283
239.48454662379208 9028.059665173181
239.5150104245841 6283.911345859909
239.54547422537613 2924.704270309081
239.57593802616816 573.3985951446155
239.60640182696025 37.25701788912809
239.63686562775223 993.0957966924867
239.6673294285443 2406.388992186573
239.69779322933633 3279.4900158479845
239.7282570301284 3191.4085796445565
239.7587208309204 2369.4640188064673
239.78918463171243 1365.1088434349983
239.8196484325045 618.9567083029076
239.85011223329647 242.99063438069277
239.8805760340885 111.23025861059712
239.9110398348805 62.50864709513192
239.94150363567255 24.01619061113208
239.9719674364646 24.680114359897612
240.00243123725664 150.6480189628592
240.03289503804868 490.76241468739215
240.0633588388407 1067.4233082415944
240.09382263963275 1763.077730754408
240.1242864404248 2324.2508386942995
240.1547502412168 2494.08787912793
240.18521404200885 2211.8932480487906
240.2156778428009 1734.9091399776712
240.2461416435929 1556.1376140904483
240.27660544438493 2144.636855351129
240.30706924517696 3686.251228497664
240.33753304596905 5959.868233267243
240.36799684676103 8355.063558792435
240.39846064755304 10054.819219893852
240.42892444834513 10365.96721007478
240.45938824913716 9032.871789873345
240.4898520499292 6442.828629945085
240.5203158507212 3594.4286045206936
240.55077965151324 1575.2680688079593
240.58124345230527 838.8945721390696
240.61170725309728 1027.5924716670277
240.6421710538893 1480.6338577194404
240.67263485468135 1842.29884234783
240.7030986554734 2175.3273892671546
240.73356245626545 2575.452735266303
240.76402625705748 2865.8174437967355
240.7944900578495 2789.497180499545
240.82495385864152 2510.226711866308
240.85541765943356 2706.3449475863295
240.8858814602256 3785.6674432035193
240.9163452610176 5103.586747389342
240.94680906180963 5419.861488682446
240.97727286260167 4290.080105399022
241.00773666339367 2922.1231857075586
241.03820046418576 3402.438037856088
241.06866426497777 6748.056232135728
241.09912806576983 11624.526725389424
241.12959186656184 15116.572854426984
241.16005566735393 15138.942915546437
241.19051946814596 12306.376369747008
241.22098326893797 9195.069978782514
241.25144706973 7781.847189770799
241.281910870522 7842.630293811599
241.31237467131405 7621.824136064707
241.34283847210608 5799.936435885755
241.3733022728981 2883.3432158064047
241.40376607369012 720.2247698050509
241.43422987448216 675.4259432250377
241.4646936752742 2356.0510179835414
241.49515747606625 4058.4900794693353
241.5256212768583 4307.725793350702
241.55608507765032 3009.8781805496974
241.58654887844236 1298.018546085586
241.6170126792344 357.49307989036055
241.6474764800264 423.77927158812287
241.67794028081843 833.9994135573484
241.70840408161047 860.2863355547491
241.73886788240247 420.4900299107473
241.7693316831945 38.54880207496787
241.79979548398657 179.00519200518673
241.8302592847786 687.4902116141715
241.86072308557064 957.0048821205253
241.89118688636268 682.8405742546964
241.9216506871547 364.76796124779463
241.95211448794677 922.5907895928736
241.9825782887388 2786.034506408989
242.0130420895308 5316.6490643535335
242.04350589032285 7095.738957699906
242.07396969111488 7002.272043485806
242.1044334919069 5161.360410606422
242.13489729269887 2764.292032723852
242.16536109349093 1111.9403342910327
242.19582489428296 881.8191217844007
242.22628869507503 1871.5254609226813
242.25675249586703 3192.204370920536
242.28721629665907 3851.764577250743
242.31768009745116 3320.272419562041
242.3481438982432 1862.3638034353985
242.3786076990352 506.578680673857
242.40907149982723 382.72738025716274
242.43953530061927 1780.987994388292
242.46999910141128 3798.951192251153
242.5004629022033 5040.10693481213
242.53092670299532 4871.521867861602
242.56139050378735 3974.4768847635305
242.5918543045794 3588.556234145032
242.62231810537145 4284.661928859908
242.65278190616348 5422.4467196363685
242.68324570695552 5761.868536520885
242.71370950774755 4677.348090552404
242.7441733085396 2716.38986214914
242.7746371093316 981.1420773466695
242.80510091012363 206.03672695631283
242.8355647109157 459.5915667293685
242.86602851170767 1408.3104306596715
242.89649231249973 2597.9546825441844
242.92695611329177 3481.2128839953366
242.9574199140838 3454.9821666035164
242.98788371487584 2301.452156503474
243.01834751566784 702.658096639747
243.04881131645993 9.744657219137844
243.07927511725197 1204.1346426787632
243.109738918044 3939.300620052964
243.140202718836 6606.52640175119
243.17066651962804 7535.979903711478
243.20113032042008 6312.571628229112
243.23159412121208 3989.786035369591
243.26205792200412 2121.818849109164
243.29252172279615 1595.809006421303
243.3229855235882 2189.553337339195
243.35344932438025 3031.3993024567653
243.38391312517223 3398.76658256228
243.4143769259643 3145.6561452473024
243.44484072675633 2567.8103017529675
243.4753045275484 2013.390617912702
243.5057683283404 1621.7067258150776
243.5362321291324 1337.3569551475064
243.5666959299245 1067.3044470499312
243.59715973071647 795.8342991658615
243.62762353150853 582.6151634992289
243.65808733230057 474.8488522460082
243.6885511330926 439.2344735412227
243.71901493388464 387.91793939142514
243.74947873467667 265.6981874274251
243.7799425354687 112.59258626427608
243.81040633626077 52.78307871143631
243.84087013705275 236.28079982884768
243.8713339378448 764.1420553352741
243.9017977386368 1585.2938622878687
243.93226153942885 2402.906999412951
243.96272534022089 2736.793109001011
243.9931891410129 2262.399384945692
244.02365294180493 1223.1898988305431
244.05411674259696 405.31696985401754
244.08458054338905 522.4179754099478
244.11504434418103 1521.4744572978275
244.1455081449731 2500.033309547166
244.17597194576513 2545.676825301443
244.2064357465572 1779.4214559890152
244.2368995473492 1333.5949237920436
244.2673633481412 2219.399602720908
244.29782714893324 4245.8712653860475
244.32829094972527 5984.402080050385
244.35875475051728 5982.454505529836
244.3892185513093 4146.211320672055
244.41968235210135 1775.1480001980292
244.4501461528934 300.28718972855586
244.48060995368544 128.4621250958696
244.51107375447748 583.9648235170645
244.5415375552695 788.1848851695291
244.57200135606155 495.2390887147248
244.6024651568536 96.18160772468556
244.6329289576456 30.664607060147834
244.66339275843765 351.8353042246558
244.69385655922963 769.9890253822832
244.7243203600217 977.6423391715042
244.75478416081367 914.3454848517491
244.78524796160576 818.6547639970394
244.81571176239777 1093.930237256574
244.84617556318983 1988.3777582976527
244.87663936398184 3213.87767332726
244.90710316477393 3905.136445494747
244.93756696556596 3256.1428830913524
244.968030766358 1499.8210975193515
244.99849456715 143.08170205029427
245.02895836794204 830.9374291178088
245.05942216873407 3777.3126835376233
245.08988596952608 7299.721717314832
245.1203497703181 8989.340923699272
245.15081357111012 7650.499696466331
245.18127737190215 4337.292738526658
245.2117411726942 1403.359397780256
245.24220497348625 474.04421066114367
245.2726687742783 1368.6403510493071
245.30313257507032 2677.731063529244
245.33359637586236 3104.2029479158286
245.3640601766544 2394.086290826059
245.3945239774464 1217.2220618301083
245.4249877782385 352.28480287648887
245.45545157903047 77.23729335605796
245.48591537982247 188.3953309885476
245.51637918061456 410.59415566975673
245.54684298140657 714.7395840050655
245.5773067821986 1246.6211544796067
245.60777058299064 1974.5565919883848
245.63823438378267 2484.095334065105
245.6686981845747 2271.191169931195
245.69916198536677 1381.9485915850487
245.7296257861588 764.9514992215347
245.7600895869508 1675.17512508335
245.79055338774285 4367.799198534712
245.82101718853488 7459.320211097379
245.8514809893269 8853.47289583436
245.88194479011892 7475.711775262813
245.91240859091096 4260.9964572618765
245.942872391703 1381.126998755104
245.97333619249503 276.74627470996995
246.00379999328703 575.1095231892343
246.03426379407907 1015.6624544024376
246.06472759487113 1012.6700857870488
246.0951913956632 1078.474871980594
246.1256551964552 1893.3792020982585
246.15611899724723 3228.2314610916233
246.18658279803927 4101.546075486846
246.21704659883127 3901.8716952095606
246.2475103996233 2939.651692422032
246.27797420041537 1918.2386025247265
246.3084380012074 1196.193692603673
246.33890180199944 785.6186529347663
246.36936560279148 907.6595072338142
246.3998294035835 2000.4623013588428
246.43029320437552 3897.471281775013
246.46075700516755 5355.358093712281
246.4912208059596 4986.482676381286
246.5216846067516 2844.857717229582
246.55214840754363 752.2068885808801
246.5826122083357 690.3064513917769
246.61307600912767 2796.9232448031566
246.64353980991973 5192.445715638185
246.67400361071176 5930.545108432252
246.70446741150383 4789.254804943371
246.73493121229583 3016.726804379004
246.76539501308787 1758.2890387736804
246.79585881387996 1087.9586738352684
246.826322614672 519.068064370467
246.856786415464 89.04522562103767
246.887250216256 454.0127218816384
246.91771401704804 1835.197969240062
246.94817781784008 3373.902226524412
246.97864161863208 3903.415407256391
247.00910541942412 3186.432817051448
247.03956922021615 2102.9067551157927
247.0700330210082 1627.39122483564
247.10049682180025 1910.4567951587244
247.13096062259228 2502.967273394128
247.16142442338432 3131.8651331139044
247.19188822417635 3824.8617944131047
247.2223520249684 4343.333284548221
247.2528158257604 4008.8106464984585
247.2832796265524 2502.740429933365
247.3137434273445 731.0383865170551
247.34420722813647 296.6164052289333
247.37467102892853 1751.9776750890655
247.40513482972057 3765.5331119349994
247.4355986305126 4350.145694149745
247.46606243130464 2871.160075529106
247.49652623209667 765.876287856987
247.52699003288873 18.081502105381155
247.55745383368077 1010.5644956956252
247.5879176344728 2295.7044515814655
247.6183814352648 2346.5406985021937
247.64884523605684 1257.882789863029
247.67930903684888 518.1843410807347
247.70977283764088 1139.1724193094683
247.7402366384329 2573.4014705445393
247.77070043922492 3444.3006325755505
247.80116424001696 2914.6057793008686
247.83162804080905 1451.899647503621
247.86209184160103 273.5283360517719
247.8925556423931 40.98258819622837
247.92301944318513 418.62215493015833
247.9534832439772 735.1319942950638
247.9839470447692 672.9274310617319
248.0144108455612 371.77262691872613
248.0448746463533 108.64928572009109
248.07533844714527 5.565712688517015
248.10580224793733 44.860757227945165
248.13626604872937 280.7107286010148
248.16672984952135 953.9790510985679
248.1971936503134 2339.457686520612
248.22765745110544 4376.354319815553
248.25812125189748 6357.083249236367
248.2885850526895 7098.8720144513645
248.31904885348155 5833.192483595937
248.3495126542736 3243.847637468147
248.3799764550656 1351.3271423698602
248.41044025585765 1941.595715728318
248.44090405664969 5046.794885766722
248.4713678574417 8855.589745779602
248.50183165823373 11121.204018504712
248.53229545902576 11049.260480975016
248.56275925981785 9703.215738800727
248.59322306060983 8361.132595697347
248.62368686140184 7155.935233351327
248.65415066219387 5520.4696734865565
248.68461446298596 3293.680953959609
248.715078263778 1208.4764333535027
248.74554206457 209.44230784888015
248.77600586536204 287.6945964779262
248.80646966615407 549.371719040359
248.83693346694608 468.21422732463833
248.8673972677381 529.6541655808869
248.89786106853015 1424.5142321175572
248.9283248693222 2842.3811777772257
248.95878867011425 3542.7788729332487
248.98925247090628 2773.9546226251264
249.0197162716983 1297.6713064339576
249.05018007249032 644.3873237022733
249.08064387328236 1366.9713931120782
249.1111076740744 2435.422730878224
249.1415714748664 2470.109753990943
249.17203527565843 1331.592246750142
249.2024990764505 278.1835936517207
249.23296287724247 463.6880177955534
249.26342667803456 1638.829509002904
249.29389047882657 2573.6846936243023
249.32435427961863 2431.2302085976885
249.35481808041064 1489.016516091367
249.38528188120273 579.9666765918238
249.41574568199476 150.9686576545751
249.44620948278677 198.44679852171248
249.4766732835788 861.8171144169811
249.5071370843708 2495.3300812362854
249.53760088516285 4959.504359171936
249.56806468595488 7150.884435821614
249.5985284867469 7636.713004172262
249.62899228753892 5962.057476221314
249.65945608833096 3271.805416647844
249.689919889123 1306.3251373447667
249.72038368991505 755.064233919738
249.7508474907071 921.6547356166349
249.78131129149912 852.4542014486813
249.81177509229116 444.409139243959
249.8422388930832 415.5678650197793
249.8727026938752 1268.3362236318335
249.90316649466723 2496.0846823372776
249.93363029545927 3027.6810806585354
249.96409409625127 2345.91508784345
249.9945578970433 1026.4380910820391
250.02502169783537 259.240398789574
250.0554854986274 855.1625312491942
250.08594929941944 2577.433803868612
250.11641310021147 4314.921374311744
250.1468769010035 4884.071929813896
250.17734070179557 3865.1062771210345
250.2078045025876 1932.8940791913135
250.2382683033796 426.9193136056016
250.26873210417165 385.12404425302645
250.29919590496368 1692.2303413979798
250.3296597057557 3170.324750080421
250.3601235065477 3706.2217839146097
250.39058730733973 3282.128166578623
250.42105110813176 2884.698238531399
250.45151490892383 3426.6842161816985
250.48197870971583 4717.852528153838
250.51244251050787 5580.863048750837
250.54290631129996 5026.077303993004
250.573370112092 3215.309759115908
250.603833912884 1296.9470281306371
250.63429771367603 412.1562912837021
250.66476151446807 846.1321351220809
250.69522531526007 1987.949294517069
250.7256891160521 2956.364168391114
250.75615291684412 3216.58213226267
250.78661671763615 2726.3729948273085
250.8170805184282 1775.3587056550357
250.84754431922025 800.2980664680063
250.87800812001228 183.63766156804283
250.90847192080432 40.72682470835606
250.93893572159635 155.10892741895927
250.9693995223884 205.47615696614577
250.9998633231804 115.0399334132927
251.03032712397243 95.2141101031912
251.0607909247645 316.72229151541814
251.09125472555647 631.1489109096538
251.12171852634853 697.3719422200929
251.15218232714057 406.6157825646126
251.18264612793257 68.94596024171362
251.21310992872463 63.753998017845525
251.24357372951664 388.1710299748428
251.27403753030873 663.0656237336144
251.30450133110077 600.6730469354511
251.3349651318928 346.61515911612787
251.3654289326848 227.54278904087465
251.39589273347684 287.345740453482
251.42635653426888 264.85587440865095
251.45682033506088 66.86238548071547
251.48728413585292 140.82470389661356
251.51774793664495 1090.7238063051889
251.548211737437 2857.137889342931
251.57867553822905 4474.804212766945
251.60913933902108 4768.020406689585
251.6396031398131 3437.8260623415404
251.67006694060512 1477.4830567690847
251.70053074139716 344.5198593780683
251.7309945421892 736.5176740077148
251.7614583429812 2124.6387525998566
251.7919221437733 3284.08169279926
251.82238594456527 3319.9529420250865
251.85284974535733 2326.258962225847
251.88331354614937 1188.3033285196302
251.9137773469414 902.3602441330465
251.94424114773344 1975.732773132788
251.97470494852547 4134.460537745613
252.00516874931753 6389.47403156949
252.03563255010957 7523.266370550398
252.06609635090155 6887.330796662066
252.0965601516936 4899.82164106964
252.1270239524856 2691.389803143227
252.15748775327765 1218.6590787769107
252.18795155406968 652.9265062017529
252.2184153548617 537.6136221983862
252.24887915565373 496.3358796761141
252.27934295644576 701.9563437477764
252.30980675723785 1541.144311124582
252.34027055802983 2856.969664354566
252.3707343588219 3755.748537807192
252.40119815961393 3356.2721285277066
252.431661960406 1774.47347263009
252.462125761198 296.6490092324116
252.49258956199 333.2237657540285
252.52305336278204 2059.7264448580763
252.55351716357407 4208.805676347215
252.58398096436608 5205.173243329657
252.6144447651581 4479.319269803512
252.64490856595015 2781.636171420538
252.6753723667422 1295.350399834048
252.70583616753424 559.9416918160508
252.73629996832628 319.38183149333304
252.7667637691183 180.5108314105917
252.79722756991035 99.96310346577145
252.8276913707024 187.5456051545404
252.8581551714944 316.7809663999734
252.88861897228645 264.72024975694126
252.91908277307843 279.1806982766172
252.9495465738705 1155.8622504503228
252.98001037466247 3336.2027327401174
253.01047417545456 5905.495147700966
253.04093797624657 6947.099397859262
253.07140177703863 5416.352222301326
253.10186557783064 2603.2926558765744
253.13232937862267 1271.449135929476
253.16279317941476 3126.0753760784983
253.1932569802068 7023.7960116590575
253.2237207809988 9744.095692738643
253.25418458179084 8965.639960338849
253.28464838258287 5598.533426180271
253.31511218337488 2801.520762038917
253.34557598416689 2647.5099542111284
253.37603978495892 4171.760576245246
253.40650358575095 4841.956361413057
253.436967386543 3579.8049183141848
253.46743118733505 2117.942521483813
253.4978949881271 3330.020537536109
253.52835878891912 8020.454725713955
253.55882258971116 13594.0312202832
253.5892863905032 16247.64396901711
253.6197501912952 14211.15331166156
253.65021399208723 8937.981728412828
253.6806777928793 3762.7972977090576
253.71114159367127 1360.6707921340787
253.74160539446336 1973.309317511868
253.77206919525537 3883.2217068247105
253.8025329960474 5313.003288793523
253.83299679683944 5586.376372516145
253.86346059763147 4974.1126257087835
253.8939243984235 4014.182139418993
253.92438819921557 2956.0486541221026
253.9548520000076 1788.275056369854
253.9853158007996 720.1388761103372
254.01577960159165 306.37781985483286
254.04624340238368 934.3413419948275
254.0767072031757 2255.1382629965246
254.10717100396772 3235.5314562661133
254.13763480475976 2980.723118152576
254.1680986055518 1676.7698197278555
254.19856240634385 647.5644473140392
254.22902620713583 1223.5379668675112
254.25949000792787 3394.8405964062795
254.28995380871993 5605.212100846137
254.320417609512 6041.2757620648235
254.350881410304 4438.575738088436
254.38134521109603 2630.823834628098
254.41180901188807 2926.241379104156
254.44227281268007 5825.940821381414
254.4727366134721 9450.590496143213
254.50320041426417 11148.11429468476
254.5336642150562 9692.893774086164
254.56412801584824 6102.749596264482
254.59459181664027 2538.973986157232
254.6250556174323 523.4058003564445
254.65551941822432 88.22034590403818
254.68598321901635 446.4967071422156
254.7164470198084 1187.2599347717708
254.7469108206004 2581.081638985248
254.77737462139245 4853.088321610964
254.8078384221845 7414.569206090275
254.83830222297647 9002.322232564631
254.86876602376853 8670.346389700995
254.89922982456056 6570.180320560997
254.92969362535263 3821.5267401350015
254.96015742614463 1789.7128195317152
254.99062122693667 1353.598604300665
255.02108502772876 2530.7599896220777
255.0515488285208 4564.164652936744
255.0820126293128 6376.042116164457
255.1124764301048 7165.598601106603
255.14294023089684 6800.0720144363995
255.17340403168888 5776.051482418196
255.20386783248088 4838.667679641779
255.23433163327292 4499.168672799448
255.26479543406495 4756.49052062668
255.295259234857 5258.025068675447
255.32572303564905 5703.017898273966
255.35618683644108 5999.991846238395
255.38665063723312 6086.6823030005135
255.41711443802515 5778.816220147987
255.4475782388172 4890.6320456803605
255.4780420396092 3510.9697063541767
255.5085058404012 2111.5008257528934
255.5389696411933 1264.5328482630227
255.56943344198527 1178.6763786472764
255.59989724277733 1529.1164461487851
255.63036104356937 1766.6530021305125
255.6608248443614 1594.010949083517
255.69128864515343 1155.5107001787594
255.72175244594544 792.3286955642399
255.75221624673753 661.1220745027283
255.78268004752957 631.1237271626218
255.8131438483216 505.2168169264196
255.8436076491136 264.28566656871004
255.87407144990564 85.9662329743841
255.90453525069768 128.09587522135405
255.93499905148968 313.1462991000979
255.9654628522817 408.530419619626
255.99592665307372 370.011758792067
256.0263904538658 577.0551601426451
256.0568542546578 1664.0559020830487
256.0873180554499 4002.197197815075
256.11778185624195 7183.186826947949
256.14824565703395 9941.519546674761
256.17870945782596 10797.502268512691
256.209173258618 9161.294101295267
256.23963705941 5975.843794219356
256.2701008602021 3169.9312488620276
256.3005646609941 2321.7614953535544
256.33102846178616 3627.283261783372
256.36149226257817 5909.773141766995
256.39195606337023 7634.330809955585
256.42241986416224 8103.519737831851
256.4528836649543 7712.882832219611
256.4833474657463 7132.0529440561195
256.5138112665384 6500.168218905999
256.5442750673304 5474.337100102236
256.57473886812244 3878.047813570772
256.60520266891444 2144.835776739791
256.63566646970645 1006.27645268653
256.66613027049846 737.1481389093796
256.69659407129046 917.1914429313875
256.7270578720826 1085.3522887573642
256.75752167287453 1388.7221260985775
256.78798547366665 2286.307841930525
256.81844927445866 3748.865487774376
256.8489130752507 4981.658187067817
256.8793768760427 4973.978782563997
256.9098406768348 3468.7570463130264
256.9403044776268 1434.1364587427247
256.97076827841886 326.14342952342554
257.00123207921087 800.8512056037208
257.03169588000287 2242.127659812328
257.06215968079493 3462.184298989271
257.09262348158694 3682.0642688375297
257.123087282379 2890.2923595451966
257.153551083171 1578.225080108259
257.1840148839631 398.1424583962173
257.2144786847551 51.83988594785169
257.24494248554714 1134.5564347370023
257.27540628633915 3629.719297848296
257.3058700871312 6504.0159689637885
257.3363338879232 8100.186903995843
257.3667976887153 7314.665503205306
257.3972614895073 4670.9745573959535
257.4277252902993 2037.61670692652
257.4581890910913 961.929771890572
257.48865289188336 1390.6475202774316
257.5191166926754 2055.4893812517184
257.54958049346743 1895.333709459508
257.5800442942595 1048.0555886318955
257.6105080950515 448.70936482983126
257.6409718958436 589.0801302849508
257.6714356966356 991.9984395865096
257.70189949742763 920.7365739551601
257.73236329821964 341.9762967005565
257.7628270990117 3.122952313118928
257.7932908998037 537.4262412211689
257.82375470059577 1697.6534841782175
257.8542185013878 2613.285099328859
257.88468230217984 2656.429431887441
257.91514610297185 1948.0035524123011
257.94560990376385 1087.3089047896103
257.9760737045559 525.2550886542409
258.0065375053479 293.8310805374119
258.03700130614 224.38135722209248
258.067465106932 192.75274225572016
258.09792890772405 136.01952038435655
258.12839270851606 64.13802862774459
258.15885650930807 236.411643908924
258.1893203101001 1197.2436209614648
258.21978411089214 3306.40105720295
258.25024791168414 6078.875934652016
258.28071171247626 8162.36514890529
258.31117551326827 8252.6954349581
258.3416393140603 6244.008645272894
258.37210311485234 3506.672650414273
258.40256691564434 1793.344136999854
258.4330307164364 1702.0438823003624
258.4634945172284 2344.55490317148
258.4939583180205 2483.5393172459135
258.5244221188125 1753.1939910850178
258.55488591960454 776.4003726182892
258.5853497203965 278.68182664284745
258.6158135211886 299.4933222337049
258.6462773219806 394.0520933385977
258.6767411227727 410.3480910230709
258.7072049235647 720.5564584448562
258.73766872435675 1573.4471321225335
258.76813252514876 2451.967473571784
258.7985963259408 2442.081898943109
258.8290601267328 1336.928182383541
258.85952392752483 173.7539567386288
258.8899877283169 437.647728289721
258.9204515291089 2583.6791580810404
258.95091532990097 5436.1049216771635
258.98137913069297 7177.163110447228
259.01184293148503 6878.420343688388
259.04230673227704 5211.218816321912
259.0727705330691 3813.909916063755
259.1032343338611 3734.8014119468185
259.1336981346532 4522.7194372530685
259.1641619354452 4955.616228186032
259.1946257362372 4263.574037188168
259.22508953702925 2647.662087058214
259.25555333782125 1037.42086793663
259.28601713861326 265.07549308751595
259.31648093940527 363.89573081227365
259.3469447401974 746.3525787613081
259.37740854098934 844.8294379707053
259.40787234178146 539.1933665045636
259.43833614257346 183.46633179719063
259.4687999433655 270.1451686409991
259.4992637441576 1022.5690222717636
259.5297275449496 2180.373017721912
259.5601913457416 3125.1791727874347
259.59065514653366 3497.3114140120124
259.62111894732567 3588.894380356275
259.6515827481177 3922.678765803927
259.68204654890974 4853.079019064031
259.71251034970174 6686.460603416956
259.7429741504938 9486.094581495794
259.7734379512858 12525.418174835399
259.8039017520779 14591.493057266423
259.8343655528699 14946.264875674648
259.86482935366195 13632.608077329549
259.89529315445395 11178.755264246049
259.925756955246 8324.666944839939
259.956220756038 5722.966122979545
259.9866845568301 3740.448244100908
260.0171483576221 2490.9647722305385
260.0476121584141 1875.8123555941008
260.07807595920616 1622.4266571890207
260.10853975999817 1428.732268685881
260.13900356079023 1114.5375881448647
260.16946736158224 685.8040920882677
260.1999311623743 283.1293933910168
260.2303949631663 47.8373186683533
260.2608587639584 44.43623596112476
260.2913225647504 314.31369944334455
260.32178636554244 954.9529483239107
260.35225016633444 2072.775439229215
260.3827139671265 3613.285653966088
260.41317776791846 5269.98258895546
260.4436415687106 6648.0753127215185
260.4741053695026 7508.643036080821
260.5045691702946 7762.715291490587
260.53503297108665 7323.302335180839
260.56549677187866 6121.691250785434
260.5959605726707 4260.615677811673
260.6264243734627 2191.845107359177
260.6568881742548 682.6179882362898
260.6873519750468 279.9180524323344
260.71781577583886 761.3271829709901
260.74827957663086 1310.5104346530763
260.77874337742287 1246.1019909739675
260.80920717821493 622.2603459224756
260.83967097900694 114.21921559579272
260.870134779799 242.37169408828396
260.90059858059107 869.8128599887702
260.9310623813831 1477.7913185001212
260.9615261821751 1773.030289477012
260.99198998296714 1955.335508283968
261.02245378375915 2261.8588771247487
261.0529175845512 2445.6755404167184
261.0833813853432 2043.9170264590532
261.1138451861353 1038.3744035066716
261.1443089869273 129.7074568306924
261.17477278771935 262.0746991394927
261.2052365885113 1700.9079865127019
261.2357003893034 3717.622553527215
261.2661641900954 5209.073270889992
261.2966279908875 5516.365218557688
261.3270917916795 4827.828840866129
261.3575555924715 3872.9524900441625
261.3880193932636 3210.4265346884017
261.4184831940556 2922.8680123740337
261.44894699484763 2836.0816451726528
261.47941079563964 2740.330352599693
261.5098745964317 2423.1446651576334
261.5403383972237 1731.877664147327
261.57080219801577 785.1620119956478
261.6012659988078 80.31860314081419
261.63172979959984 161.29169645576744
261.66219360039184 1059.387444902342
261.6926574011839 2168.486679295777
261.7231212019759 2725.36263120566
261.753585002768 2414.7470524644
261.78404880356 1569.8048688989722
261.814512604352 784.4568038731823
261.84497640514405 355.6616247574121
261.87544020593606 186.37562787996427
261.90590400672806 107.73654157488726
261.93636780752007 85.78571319089207
261.96683160831213 128.23769647328484
261.99729540910414 214.78995755963257
262.02775920989626 503.9331397083015
262.05822301068827 1478.3603127051636
262.08868681148033 3549.117266110241
262.11915061227234 6390.909630464103
262.1496144130644 8800.976127205286
262.1800782138564 9387.902606406884
262.21054201464847 7658.891385409256
262.2410058154405 4578.257077521726
262.2714696162325 1843.577608085336
262.30193341702454 441.1558331785032
262.3323972178165 73.47048252194
262.3628610186086 20.055711154403088
262.3933248194006 198.81035099691547
262.4237886201927 1115.1472572918472
262.4542524209847 2823.0997372727347
262.48471622177675 4267.043563080001
262.51518002256876 4115.366934313622
262.5456438233608 2306.0131534558977
262.5761076241528 465.70957160010727
262.6065714249449 685.4540181227819
262.6370352257369 3620.193578914064
262.6674990265289 7542.592612984084
262.69796282732096 9675.995617173316
262.72842662811297 8630.55269185346
262.75889042890503 5326.855857290257
262.78935422969704 1989.409221064892
262.8198180304891 472.8059463570464
262.8502818312811 1121.8024962695226
262.8807456320732 2972.7767412046055
262.9112094328652 4828.107115251286
262.94167323365724 6003.5887449573775
262.97213703444925 6424.8281504451725
263.00260083524125 6321.490839402755
263.03306463603326 5810.782014972144
263.0635284368254 4831.731085665002
263.0939922376174 3448.7857505270567
263.12445603840933 1996.9204508759033
263.15491983920145 872.3564222401498
263.18538363999346 261.0968896663358
263.2158474407855 73.38631276299756
263.24631124157753 125.13544748807692
263.2767750423696 401.12481804582507
263.3072388431616 1131.694911122206
263.33770264395366 2569.5137421588383
263.36816644474567 4614.804359706658
263.39863024553773 6654.68547064226
263.42909404632974 7886.295258049689
263.4595578471218 7844.918886281141
263.4900216479138 6664.560946006245
263.5204854487058 4981.250444569254
263.5509492494979 3514.112926343033
263.5814130502899 2559.817847087321
263.61187685108195 1937.3109609588369
263.64234065187395 1395.1790657758615
263.672804452666 926.4638039992952
263.703268253458 745.668728021857
263.7337320542501 1050.8451769260366
263.7641958550421 1773.8800026362367
263.7946596558341 2543.6772851720725
263.8251234566261 2904.80614154112
263.8555872574182 2616.77626499704
263.8860510582102 1817.5488867580505
263.9165148590023 929.1369265275816
263.9469786597943 394.4467806976899
263.9774424605863 476.33345481082057
264.0079062613784 1220.0730650779835
264.0383700621704 2455.564700738384
264.06883386296244 3776.256873154472
264.09929766375444 4647.19283060786
264.1297614645465 4671.371618676971
264.16022526533845 3820.59779830534
264.1906890661306 2486.877664489963
264.2211528669226 1275.3863469337764
264.25161666771464 604.89030208401
264.28208046850665 477.50709040594654
264.3125442692987 675.4519587426929
264.3430080700907 1124.262386027084
264.3734718708828 1942.8375272467297
264.4039356716748 3100.0669731246862
264.4343994724668 4129.821248950162
264.46486327325886 4326.905562405885
264.49532707405086 3350.9756183579048
264.52579087484287 1681.389215022886
264.55625467563493 336.4921754922743
264.58671847642694 31.7011937412632
264.617182277219 608.0515536888881
264.64764607801106 1261.8643629938363
264.67810987880307 1336.0685808182159
264.70857367959513 871.334454476796
264.73903748038714 410.5461051931444
264.7695012811792 391.7099599963374
264.7999650819712 787.3005966043085
264.8304288827632 1297.136425436899
264.8608926835553 1751.3796920779591
264.8913564843473 2256.038357702196
264.92182028513935 3047.872712733115
264.9522840859313 4201.268055258875
264.9827478867234 5570.763057921841
265.0132116875154 7084.613353555582
265.0436754883075 8714.907684118509
265.0741392890995 10168.47511663933
265.10460308989155 10976.735761123644
265.1350668906836 10687.43560127942
265.1655306914756 9012.02244555924
265.19599449226763 6296.945063061555
265.2264582930597 3640.474841677297
265.2569220938517 2106.455248531131
265.2873858946437 1994.4876575304916
265.31784969543577 2831.472825873453
265.3483134962278 3725.0033172387375
265.37877729701984 3908.8085404388503
265.40924109781184 3261.2171935060005
265.4397048986039 2288.4889479500985
265.4701686993959 1613.6070974198
265.500632500188 1491.7690866364208
265.53109630098 1692.7736631709408
265.56156010177205 1779.643607474923
265.59202390256405 1491.6479588226407
265.62248770335606 954.4345681603795
265.65295150414806 609.4542088971472
265.6834153049402 868.8275089430573
265.71387910573213 1838.6229878970244
265.74434290652414 3253.936752478211
265.77480670731626 4495.349695941672
265.80527050810826 4937.425605559306
265.8357343089003 4443.270266931939
265.86619810969233 3406.2822482923607
265.8966619104844 2442.5033568554
265.9271257112764 1925.5570025137072
265.95758951206847 1675.9738011185184
265.9880533128605 1307.2643120004464
266.01851711365254 805.0390478808358
266.04898091444454 637.6674474802012
266.0794447152366 1297.1256986733872
266.1099085160286 2642.4383824134925
266.1403723168206 3833.398662437972
266.1708361176127 4038.444366310448
266.2012999184047 3145.621539003444
266.23176371919675 1795.6054851029144
266.26222751998876 732.9456333351005
266.2926913207808 202.04658501371503
266.3231551215728 67.83226129528387
266.3536189223649 340.48944068771783
266.3840827231569 1293.325239590374
266.4145465239489 2972.3392124477905
266.44501032474096 4721.321178637361
266.475474125533 5490.082270539454
266.50593792632503 4857.261023395957
266.5364017271171 3553.5465748238607
266.5668655279091 2724.296120022111
266.5973293287011 2822.48425342177
266.6277931294932 3226.9035016095413
266.6582569302852 2928.026229987953
266.68872073107724 1726.6975633586108
266.71918453186925 514.0807293307879
266.74964833266125 268.5716978442054
266.78011213345326 1038.6317247009756
266.8105759342454 1911.982355362612
266.8410397350374 1960.1180826938992
266.87150353582945 1179.7677870919167
266.90196733662145 372.87016214192977
266.9324311374135 244.29379402143428
266.9628949382055 751.6594419903947
266.99335873899753 1255.3032719266107
267.0238225397896 1220.8640308612619
267.0542863405816 705.5134053489162
267.08475014137366 216.1505646755726
267.11521394216567 258.90541591386886
267.14567774295773 999.8296018460354
267.17614154374974 2171.319274963064
267.20660534454174 3211.3274718798966
267.2370691453338 3571.4468882967603
267.26753294612587 3057.806596281556
267.2979967469179 1989.8215195974556
267.32846054770994 1045.7080551997724
267.35892434850194 812.4727859735417
267.389388149294 1264.7838585284624
267.419851950086 1749.4205236209655
267.450315750878 1654.3498043526627
267.4807795516701 988.131844400696
267.5112433524621 292.9445801793563
267.5417071532541 125.05656550795052
267.5721709540461 604.6808736706606
267.6026347548382 1478.8030408107948
267.6330985556302 2563.0121523615653
267.6635623564223 3865.213533406947
267.6940261572143 5206.317044168814
267.72448995800636 5954.0804875105005
267.7549537587984 5404.20674672952
267.7854175595904 3567.7472685570447
267.81588136038243 1566.964327686426
267.8463451611745 978.871748864152
267.8768089619665 2448.3626072773695
267.90727276275845 4964.866721388496
267.9377365635506 6631.100940912122
267.9682003643426 6168.079937634226
267.99866416513464 3884.5114734183367
268.02912796592665 1346.9814819618791
268.0595917667187 74.23272589220613
268.0900555675107 474.72031493366853
268.1205193683028 1822.3296889191192
268.1509831690948 3015.5636398984066
268.18144696988685 3374.46574317205
268.21191077067886 2888.351302025676
268.24237457147086 1933.483507110498
268.27283837226287 947.4737300460392
268.30330217305493 309.7396161576105
268.33376597384694 268.0605401254874
268.364229774639 806.9103472633926
268.39469357543106 1601.451923788856
268.425157376223 2193.6949011026254
268.45562117701513 2289.210084011885
268.48608497780714 1918.6988294290363
268.5165487785992 1338.1516148461633
268.5470125793912 816.0769142216396
268.57747638018327 508.0026718396229
268.6079401809753 427.57942398643286
268.63840398176734 479.93644949158
268.66886778255935 535.2098834826415
268.6993315833514 483.1678932029972
268.7297953841434 318.2925352538412
268.7602591849354 216.31902241634535
268.7907229857275 411.8675288724612
268.8211867865195 935.2906600285613
268.85165058731155 1482.7456851903298
268.88211438810356 1624.9868848793767
268.9125781888956 1229.6110234502444
268.9430419896876 625.2664695939263
268.9735057904797 335.4061327376779
269.0039695912717 668.8792902397978
269.03443339206376 1435.245032239568
269.06489719285577 2012.605827064792
269.09536099364783 1855.8921584834072
269.12582479443984 1023.7418002585816
269.1562885952319 270.015095554828
269.1867523960239 699.898891304861
269.2172161968159 3083.5811691166996
269.247679997608 7071.290911676416
269.2781437984 11020.77884753262
269.30860759919204 12903.802620989069
269.33907139998405 11694.215269234406
269.36953520077606 8094.0344477606595
269.39999900156806 4023.5118937489033
269.4304628023602 1261.3149026441868
269.4609266031522 343.4304943564041
269.49139040394425 652.3849029790684
269.52185420473626 1373.148643066002
269.5523180055283 2154.3171770652893
269.5827818063203 2907.163499156509
269.61324560711233 3304.8676177964353
269.6437094079044 2863.9350121540374
269.6741732086964 1668.0397757157295
269.70463700948847 727.4539769489523
269.73510081028047 1157.3429999034295
269.76556461107253 2928.6574513448395
269.79602841186454 4695.273614636027
269.8264922126566 4988.57686155377
269.8569560134486 3591.2290066801424
269.8874198142407 1648.3319409459057
269.9178836150327 396.42165880573674
269.94834741582474 60.64311888367102
269.97881121661675 134.04658808885327
270.0092750174088 403.85566648951215
270.0397388182008 1213.9546222107433
270.0702026189928 2601.464737264336
270.1006664197849 3648.978243844834
270.1311302205769 3278.234103451369
270.1615940213689 1836.8467562970525
270.19205782216096 1366.1767151751947
270.222521622953 3690.295853033049
270.25298542374503 8256.927779353186
270.2834492245371 12118.183957679395
270.3139130253291 12589.53394243757
270.3443768261212 10138.052911527948
270.3748406269132 7809.561688678322
270.40530442770523 7854.023896204074
270.43576822849724 9635.222346634599
270.46623202928924 10540.774183870684
270.4966958300813 8705.182488281747
270.52715963087326 4888.219792931963
270.5576234316654 1490.7293209738075
270.5880872324574 81.24601516796211
270.61855103324945 301.07426699839493
270.64901483404145 919.4605901024106
270.6794786348335 1365.1843551468817
270.7099424356255 1877.481597490664
270.7404062364176 2488.163810974884
270.7708700372096 2603.493705379207
270.80133383800165 1834.193374577516
270.83179763879366 762.5736104294531
270.86226143958567 473.8636553228201
270.8927252403777 1253.5013536409735
270.92318904116973 2061.2616643897654
270.95365284196174 1794.161695429233
270.9841166427538 757.2354445030077
271.01458044354587 310.71057140095365
271.0450442443379 1185.906479022284
271.07550804512994 2449.4326140168364
271.10597184592194 2512.9180627167448
271.136435646714 1178.5982439953534
271.166899447506 140.11191478601765
271.1973632482981 1135.30150961175
271.2278270490901 3809.76139856186
271.25829084988214 5916.553213470187
271.2887546506741 5643.129042016413
271.3192184514662 3357.6326234202547
271.3496822522582 1020.4621189460906
271.3801460530502 60.175289707543314
271.4106098538423 319.36811429027614
271.4410736546343 1069.306534735069
271.47153745542636 2308.187961686021
271.5020012562184 4688.708611244835
271.5324650570104 7971.2100336138365
271.56292885780243 10246.498145329759
271.5933926585945 9715.885545586221
271.6238564593865 6763.739671435598
271.65432026017857 3819.968362517227
271.68478406097057 3139.225400241848
271.71524786176263 4630.806466880513
271.74571166255464 6256.12013922001
271.77617546334665 6356.999069221276
271.8066392641387 5071.528421932252
271.8371030649307 3726.05708104882
271.8675668657228 3128.749786843787
271.8980306665148 2763.341110549124
271.92849446730685 1852.6955912783408
271.95895826809885 655.8645057953228
271.98942206889086 172.40074243274637
272.01988586968287 752.0276591897137
272.050349670475 1516.8548747790608
272.08081347126694 1412.9558807789583
272.11127727205906 550.420579495799
272.14174107285106 4.132087773981717
272.1722048736431 347.02695298331236
272.2026686744352 899.8035782125227
272.23313247522714 711.6108302326362
272.2635962760192 119.19677333801438
272.2940600768112 692.0349871411289
272.32452387760327 3302.249948804697
272.3549876783953 6663.151657108066
272.38545147918734 8191.49310269065
272.41591527997934 6657.292006443257
272.4463790807714 3740.3223655639135
272.4768428815634 2345.49098917286
272.5073066823555 3576.1088381313434
272.5377704831475 5667.519789611433
272.56823428393955 6037.033762871801
272.59869808473155 4263.96449868702
272.62916188552356 2416.8415912705846
272.6596256863156 2683.740477593745
272.6900894871076 5118.04573540366
272.7205532878997 7511.276532074409
272.7510170886917 7662.523271903811
272.7814808894837 5569.693703767817
272.81194469027577 3051.4005101657303
272.84240849106783 1717.5204725591143
272.87287229185984 1636.007222036799
272.9033360926519 1789.1605502696423
272.9337998934439 1481.597289247326
272.964263694236 997.407565885796
272.994727495028 1002.2960058773178
273.02519129582004 1606.3271453097802
273.05565509661204 2238.8711395540327
273.08611889740405 2381.876048497233
273.11658269819605 2067.511942178079
273.14704649898806 1620.3625190352443
273.1775102997802 1206.649468847017
273.2079741005722 781.151254678939
273.23843790136425 399.39756386376166
273.26890170215626 399.5079185960996
273.2993655029483 1086.191003871246
273.3298293037403 2257.903277722813
273.3602931045324 3272.753858479766
273.3907569053244 3590.1756058783535
273.42122070611646 3162.1431840009154
273.45168450690846 2397.439317886877
273.48214830770047 1763.8540383162112
273.51261210849253 1396.6502286342463
273.54307590928454 1142.8247856134988
273.5735397100766 875.6476955376877
273.6040035108686 626.8138132423339
273.63446731166067 470.4927612564609
273.6649311124527 389.0041271849594
273.69539491324474 296.55399237006304
273.72585871403675 162.84092447266866
273.7563225148288 49.93618429368043
273.7867863156208 38.1830307841305
273.8172501164129 169.02418417739463
273.8477139172049 447.6945697684879
273.87817771799695 852.2313333028532
273.9086415187889 1305.4795181437398
273.93910531958096 1632.7175525971038
273.969569120373 1616.0817959756855
274.00003292116503 1189.1490951000392
274.0304967219571 585.5930884358323
274.0609605227491 218.15657598082475
274.0914243235412 372.9375470027035
274.1218881243332 1018.0044435416864
274.15235192512523 1849.337406760225
274.18281572591724 2488.558795472013
274.2132795267093 2697.643206298461
274.2437433275013 2468.3024958382503
274.27420712829337 1959.6710576506644
274.3046709290854 1431.0265732068651
274.33513472987744 1238.143882837611
274.36559853066944 1780.107908917793
274.39606233146145 3318.7657554610246
274.4265261322535 5780.206951755126
274.4569899330455 8697.182137812844
274.4874537338376 11314.872355425725
274.5179175346296 12858.335243125692
274.54838133542165 12869.160845406
274.57884513621366 11344.8493805052
274.60930893700566 8715.422456258035
274.63977273779767 5763.5354216336
274.67023653858973 3280.919181821439
274.70070033938174 1649.6227843760416
274.73116414017386 787.9280479079456
274.76162794096587 391.9908528697183
274.7920917417579 247.4069149873876
274.82255554254994 381.4714757313737
274.85301934334194 872.1436294251358
274.883483144134 1549.950396579755
274.913946944926 1962.841766217636
274.9444107457181 1743.5057043244612
274.9748745465101 1054.0705030508643
275.00533834730214 541.5529413291168
275.0358021480941 834.390525070348
275.0662659488862 2036.8513048443567
275.0967297496782 3566.1946636113335
275.1271935504703 4542.688495202488
275.1576573512623 4445.151163078498
275.18812115205435 3406.7161138024085
275.21858495284636 2002.145370209548
275.2490487536384 841.0806050335356
275.2795125544304 247.86734502362867
275.30997635522243 194.36105215326984
275.3404401560145 490.30028074571607
275.3709039568065 1041.6766607992197
275.40136775759856 1976.927132878116
275.43183155839057 3535.8333025889647
275.46229535918263 5718.21033742689
275.49275915997464 7989.4288608622655
275.5232229607667 9535.23077689088
275.5536867615587 9966.976379782638
275.5841505623508 9710.299103566947
275.6146143631428 9681.479900443543
275.64507816393484 10481.073572278809
275.67554196472685 11664.930679854699
275.70600576551885 11941.229568751272
275.73646956631086 10435.345149925828
275.76693336710287 7800.653987371837
275.797397167895 5955.967458711849
275.82786096868693 6535.295173154604
275.85832476947905 9343.482803104647
275.88878857027106 12325.825141559031
275.9192523710631 13232.239564816684
275.94971617185513 11387.845771255752
275.9801799726472 7972.148652194463
276.0106437734392 4885.260256255041
276.04110757423126 3364.705357170753
276.07157137502327 3284.2809406780525
276.1020351758153 3490.8374631687643
276.13249897660734 2903.265303531828
276.16296277739934 1520.6002595520852
276.1934265781914 518.4582013616999
276.2238903789834 1318.1212709415784
276.2543541797755 4260.616611166443
276.2848179805675 7814.448525594151
276.31528178135954 9294.653726014783
276.34574558215155 7181.492875535177
276.3762093829436 2960.015642047501
276.4066731837356 234.22647337820007
276.4371369845277 1717.7437552112483
276.4676007853197 6612.5514866764315
276.4980645861117 10929.74080877127
276.5285283869037 11065.719149261951
276.55899218769576 7105.706380176964
276.5894559884878 2486.17926328274
276.61991978927983 543.3641886607261
276.6503835900719 1289.9949550286112
276.6808473908639 2041.684098059098
276.711311191656 1375.3965790244747
276.741774992448 1461.7766478408591
276.77223879324004 6100.966906005373
276.80270259403204 16181.633023359827
276.8331663948241 27057.696742263048
276.86363019561605 31791.648371640535
276.8940939964082 27298.41289188717
276.9245577972002 16846.192393776884
276.9550215979922 7440.036276471058
276.98548539878425 4366.270303688111
277.01594919957626 7105.345989569073
277.0464130003683 10760.48109853802
277.0768768011603 11206.425323513504
277.1073406019524 8210.641034927
277.1378044027444 4523.977579103946
277.16826820353646 2859.3090360353176
277.19873200432846 3428.4980270922815
277.22919580512047 4251.153077415769
277.25965960591253 3647.2460925382416
277.29012340670454 1907.9044206936217
277.3205872074966 653.9456695343749
277.35105100828866 1107.4769106259707
277.38151480908067 2980.378246874747
277.4119786098727 4789.454764512341
277.44244241066474 5174.349045477215
277.47290621145675 3951.8090795914577
277.5033700122488 2076.1385162075057
277.5338338130408 727.3070288026357
277.5642976138329 382.0008293107248
277.5947614146249 676.870421923088
277.62522521541695 1066.0401239223258
277.6556890162089 1435.9355948408468
277.686152817001 2087.62511091338
277.716616617793 3231.7967432540127
277.7470804185851 4530.029486317288
277.7775442193771 5321.547526881861
277.80800802016915 5397.201485093417
277.8384718209612 5231.722165591459
277.8689356217532 5461.070072828782
277.8993994225452 6339.9562399687375
277.92986322333724 7406.655007130821
277.9603270241293 7697.257822023411
277.9907908249213 6691.587462514284
278.02125462571337 4822.46352651501
278.0517184265054 2916.8541965782774
278.08218222729744 1531.447576157778
278.11264602808944 789.2457398091601
278.1431098288815 532.2212435259403
278.1735736296735 555.5309048751478
278.2040374304656 710.5757716332873
278.2345012312576 866.2516857986544
278.2649650320496 895.6359645511648
278.29542883284165 737.1516989475219
278.32589263363366 444.2886724254213
278.35635643442566 152.754294391342
278.38682023521767 3.3395476159256408
278.41728403600973 95.3038045788989
278.44774783680174 456.0527668563254
278.47821163759386 968.7854575193354
278.50867543838586 1336.5931299743108
278.5391392391779 1250.2031952195484
278.56960303996993 727.6931748034388
278.600066840762 268.9136044822516
278.630530641554 507.42183262727053
278.66099444234607 1584.915505096622
278.6914582431381 2825.7634221573408
278.7219220439301 3152.0639567130324
278.75238584472214 2135.518237156228
278.78284964551415 620.5279601449392
278.8133134463062 17.13163762220917
278.8437772470982 1011.1260756632252
278.8742410478903 2941.19467323858
278.9047048486823 4296.083795534444
278.93516864947435 3998.633289375192
278.96563245026636 2372.0517290696503
278.9960962510584 835.6057245472643
279.0265600518504 739.5205488371845
279.0570238526425 2457.8817394485204
279.0874876534345 5332.199493673932
279.1179514542265 8244.668099043176
279.14841525501856 10195.0015570121
279.17887905581057 10538.001409795856
279.20934285660263 9058.009017179034
279.23980665739464 6139.930415735711
279.2702704581867 2860.0288843388057
279.3007342589787 598.6056434390383
279.3311980597708 305.56222020085687
279.3616618605628 1904.979055270201
279.39212566135484 4186.763222842018
279.42258946214685 5523.8840408939295
279.45305326293885 5091.717767503501
279.48351706373086 3339.1663612394686
279.513980864523 1386.4905562532072
279.544444665315 197.93201161525604
279.57490846610693 62.02039665929534
279.60537226689905 557.6063492640534
279.63583606769106 1028.628350315951
279.6662998684831 1103.795775796844
279.69676366927513 813.1078161470216
279.7272274700672 407.2046358325359
279.7576912708592 111.29403916205338
279.78815507165126 0.2648174426063378
279.81861887244327 119.73213852521371
279.8490826732353 578.864789713481
279.87954647402734 1385.9440083223246
279.91001027481934 2270.34253591216
279.9404740756114 2695.5916596340608
279.97093787640347 2331.2767980624462
