ID,DR,Gaia,RAhRAmRAs,DEdDEmDEs,Gmag,GBPmag,GRPmag,N,RMS,Mm,n_
V6,DR2,6045478696063803648,162325.76,-262616.7,13.25,13.68,12.63,3773,120.82,1.000,
V7,DR2,6045478391137284224,162325.92,-262742.3,13.28,13.80,12.61,3762,285.46,1.000,
V8,DR2,6045477910100852736,162326.12,-262942.0,13.23,13.64,12.49,3773,255.69,1.000,
V9,DR2,6045477910100361600,162326.76,-262948.4,13.10,13.59,12.44,3773,256.94,1.000,
V10,DR2,6045478322417726848,162329.17,-262854.7,13.19,13.64,12.53,3087,155.06,1.000,
V13,DR2,6045478425497018240,162330.88,-262704.4,10.04,11.15,9.05,3600,0.97,1.000,
V15,DR2,6045502305516138368,162331.93,-262418.5,13.38,13.92,12.68,2855,151.47,1.000,
V19,DR2,6045478562936001920,162335.02,-262536.8,13.21,13.67,12.57,2987,163.62,1.000,
V27,DR2,6045466674465916416,162343.14,-262716.7,12.96,13.43,12.31,3773,219.03,0.999,
V29,DR2,6045502679159938560,162358.22,-262135.4,13.05,13.52,12.42,3666,202.49,1.000,
V61,DR2,6045466193429560704,162329.72,-262950.7,13.08,13.41,12.55,3773,46.05,1.000,
V66,DR2,6045477944460616704,162325.53,-262912.1,16.59,17.06,15.86,3773,79.09,1.000,
SC3,DR2,6045478459856719104,162335.57,-262708.3,16.32,17.06,15.42,3612,2.32,0.000,
SC4,DR2,6045502099357410688,162344.77,-262429.4,14.88,15.44,14.15,3724,13.19,0.000,
SC5,DR2,6045478562928331520,162334.58,-262541.6,18.73,18.90,17.86,1875,948.89,0.000,
W1,DR2,6045480761959390976,162253.33,-262607.8,18.31,18.85,17.45,3625,7.13,1.000,
W2,DR2,6045480654568827264,162253.45,-262705.5,17.56,18.11,16.77,3637,3.65,1.000,
W3,DR2,6045480761959397888,162253.69,-262534.5,17.27,17.80,16.51,3623,2.92,1.000,
W4,DR2,6045480757648152064,162253.77,-262553.8,18.95,19.47,18.00,3621,12.95,1.000,
W5,DR2,6045480693232431360,162253.98,-262650.8,18.47,19.01,17.56,3629,7.83,1.000,
W6,DR2,6045480658880155392,162254.01,-262726.5,17.83,18.38,17.03,3611,4.48,1.000,
W7,DR2,6045480761951939712,162254.07,-262546.0,18.01,18.53,17.14,3615,5.74,1.000,
W8,DR2,6045477493472700416,162254.10,-262926.0,18.01,18.60,17.16,3610,9.03,1.000,
W9,DR2,6045477532143925248,162254.18,-262919.5,16.37,16.93,15.61,3622,2.02,1.000,
W10,DR2,6045477596551963392,162254.21,-262837.2,17.99,18.55,17.14,3597,4.93,1.000,
W11,DR2,6045477527839378176,162254.29,-262856.5,18.42,18.93,17.52,3616,8.13,1.000,
W12,DR2,6045477497784179200,162254.32,-262935.9,18.27,18.83,17.39,3603,7.16,1.000,
W13,DR2,6045480658880161024,162254.37,-262701.4,17.36,17.91,16.59,3605,2.93,1.000,
W14,DR2,6045477703942649984,162254.61,-262738.9,16.93,17.48,16.18,3627,2.03,1.000,
W15,DR2,6045477527832452096,162254.72,-262905.9,17.19,17.86,16.33,3599,2.69,0.000,
W16,DR2,6045480757648151936,162254.82,-262552.9,18.38,18.86,17.31,3615,7.37,1.000,
W17,DR2,6045480693239907712,162254.85,-262625.2,17.34,17.89,16.57,3623,3.09,1.000,
W18,DR2,6045477527832424576,162254.89,-262926.1,19.10,19.61,18.10,3610,14.59,1.000,
W19,DR2,6045477600863417856,162255.09,-262830.2,17.51,18.05,16.72,3609,3.52,1.000,
W20,DR2,6045477699631303552,162255.17,-262719.9,18.30,18.93,17.43,3631,6.28,0.000,
W21,DR2,6045477497776605440,162255.25,-262943.0,16.74,17.21,15.89,3609,2.03,1.000,
W22,DR2,6045480688928554880,162255.29,-262710.8,19.11,19.65,18.17,3630,13.23,1.000,
W23,DR2,6045477527838088576,162255.31,-262840.1,17.91,18.45,17.06,3628,5.32,1.000,
W24,DR2,6045477527842292864,162255.32,-262843.2,17.21,17.74,16.42,3617,2.77,1.000,
W25,DR2,6045477527832499840,162255.42,-262831.6,18.52,19.01,17.53,3619,8.21,1.000,
W26,DR2,6045477703935136000,162255.42,-262757.9,18.22,18.59,17.01,3618,6.94,0.000,
W27,DR2,6045477703935133696,162255.46,-262800.4,17.81,18.40,16.89,3623,4.73,0.000,
W28,DR2,6045477287314206080,162255.53,-263011.5,18.83,19.32,17.94,3597,11.29,0.000,
W29,DR2,6045477703942649472,162255.57,-262730.5,17.83,18.39,17.03,3626,4.62,1.000,
W30,DR2,6045482239428139520,162255.66,-262550.3,17.79,18.44,16.92,3609,4.52,0.012,
W31,DR2,6045482235116911488,162255.71,-262544.0,18.42,19.07,17.47,3606,7.71,0.000,
W32,DR2,6045477527832420224,162255.74,-262929.2,18.61,19.22,17.63,3610,8.96,0.646,
W33,DR2,6045477703942636928,162255.79,-262812.0,17.32,17.88,16.54,3638,3.03,1.000,
W34,DR2,6045477527832450048,162255.85,-262910.4,18.69,19.23,17.75,3558,46.49,1.000,
W35,DR2,6045480688928590464,162255.91,-262648.1,17.92,18.47,17.12,3619,5.11,1.000,
W36,DR2,6045482239428144128,162255.99,-262534.9,17.15,17.70,16.38,3620,3.08,1.000,
W37,DR2,6045477630911717376,162255.00,-262831.4,19.00,19.53,18.02,3629,12.94,1.000,
W38,DR2,6045480688935318528,162256.04,-262659.2,18.80,19.35,17.89,3629,10.22,1.000,
W39,DR2,6045482166397417088,162256.18,-262555.4,18.37,19.02,17.44,3623,7.36,0.002,
W40,DR2,6045477291625720192,162256.34,-263023.7,18.06,18.60,17.19,3626,6.29,1.000,
W41,DR2,6045477738302393344,162256.35,-262707.3,17.93,18.47,17.11,3636,4.65,1.000,
W42,DR2,6045477635223151360,162256.41,-262829.7,17.19,17.74,16.41,3618,3.68,1.000,
W43,DR2,6045482239428140928,162256.42,-262538.6,17.62,18.11,16.80,3628,4.14,1.000,
W44,DR2,6045477532143919360,162256.57,-262911.0,14.87,15.61,14.01,3638,0.69,1.000,
W45,DR2,6045482239428139904,162256.58,-262540.0,17.46,18.05,16.41,3637,3.42,0.000,
W46,DR2,6045477738302390656,162256.59,-262716.1,16.88,17.41,16.12,3631,1.92,1.000,
W47,DR2,6045477532143920768,162256.75,-262906.5,18.86,19.35,17.87,3562,28.47,1.000,
W48,DR2,6045477532136379136,162256.82,-262855.9,18.52,19.14,17.60,3611,17.16,0.000,
W49,DR2,6045477291618115328,162256.83,-263022.7,18.49,18.95,17.46,3627,8.73,1.000,
W50,DR2,6045480693239904640,162256.92,-262620.4,16.16,16.88,15.30,3629,1.92,0.000,
W51,DR2,6045477738302386432,162256.97,-262723.0,16.97,17.50,16.22,3634,2.12,1.000,
W52,DR2,6045477635223143168,162257.01,-262847.4,16.80,17.34,16.03,3596,7.17,1.000,
W53,DR2,6045482235116946560,162257.01,-262523.4,18.95,19.35,18.01,3515,55.04,0.065,
W54,DR2,6045477738302382208,162257.15,-262736.2,16.82,17.35,16.08,3637,1.80,1.000,
W55,DR2,6045477532136361856,162257.19,-262909.1,18.22,18.57,17.49,3584,21.08,0.000,
W56,DR2,6045482170708653440,162257.20,-262621.5,17.82,18.32,17.01,3619,7.40,1.000,
W57,DR2,6045477325985475328,162257.23,-262934.0,17.95,18.51,17.10,3626,5.08,1.000,
W58,DR2,6045477635215605888,162257.25,-262844.3,18.78,19.07,17.64,2717,108.83,1.000,
W59,DR2,6045480688928613632,162257.26,-262631.0,18.84,19.43,17.93,3625,10.99,1.000,
W60,DR2,6045477532143916800,162257.37,-262909.1,17.58,18.28,16.67,3571,7.01,0.000,
W61,DR2,6045482170708660608,162257.42,-262545.4,14.88,15.57,14.06,3641,0.61,1.000,
W62,DR2,6045477635223141504,162257.42,-262847.2,17.82,18.30,16.96,2747,53.99,1.000,
W63,DR2,6045482239428143872,162257.43,-262521.9,16.50,17.04,15.64,3619,1.65,0.000,
W64,DR2,6045482166397396608,162257.47,-262608.6,18.50,19.00,17.64,3621,11.07,1.000,
W65,DR2,6045477635223142912,162257.49,-262843.6,18.34,18.73,17.26,3041,53.63,1.000,
W66,DR2,6045477733991035136,162257.50,-262720.2,19.03,19.34,18.24,3624,14.94,0.000,
W67,DR2,6045482170708653312,162257.55,-262618.7,15.79,16.57,14.90,3666,1.21,0.000,
W68,DR2,6045482170701199872,162257.56,-262540.0,18.69,19.17,17.70,2624,113.69,1.000,
W69,DR2,6045477325985474944,162257.67,-262931.4,18.25,18.80,17.34,3620,6.50,0.000,
W70,DR2,6045482239428143616,162257.90,-262518.4,18.98,19.40,18.05,3629,20.45,0.000,
W71,DR2,6045477325985477632,162257.90,-262923.2,16.98,17.54,16.19,3617,2.23,1.000,
W72,DR2,6045477325977885184,162257.98,-262944.8,18.96,19.43,17.94,3624,12.49,0.000,
W73,DR2,6045477321680973824,162257.98,-262951.2,19.12,19.62,18.11,3615,14.88,1.000,
W74,DR2,6045477635223138432,162257.99,-262846.8,12.30,13.12,11.40,3671,0.21,1.000,
W75,DR2,6045477733991055104,162257.99,-262711.6,18.97,19.38,18.05,3601,12.18,0.001,
W76,DR2,6045477635223284352,162258.03,-262850.7,18.66,18.56,17.25,1210,233.54,1.000,
W77,DR2,6045479211459857280,162258.25,-262636.5,17.66,18.21,16.88,3625,3.87,1.000,
W78,DR2,6045477321673949696,162258.27,-263006.4,19.05,19.56,18.06,3631,16.18,1.000,
W79,DR2,6045477321673966464,162258.27,-262953.4,18.63,19.15,17.62,3620,9.22,1.000,
W80,DR2,6045477733991090688,162258.29,-262647.6,18.36,18.91,17.51,3628,7.90,1.000,
W81,DR2,6045477635223141760,162258.29,-262838.6,17.87,18.16,16.82,3603,48.38,1.000,
W82,DR2,6045477738302391168,162258.32,-262657.5,17.60,18.27,16.73,3618,4.16,0.000,
W83,DR2,6045477635223144192,162258.40,-262832.0,18.01,18.54,17.16,3613,6.76,1.000,
W84,DR2,6045477738302388992,162258.41,-262702.5,17.79,18.32,17.00,3616,4.83,1.000,
W85,DR2,6045477733991037568,162258.47,-262726.6,18.16,18.69,17.30,3625,5.76,1.000,
W86,DR2,6045482166397392512,162258.49,-262611.8,19.01,19.51,18.09,3615,12.02,0.000,
W87,DR2,6045477630912972160,162258.51,-262844.5,18.24,18.71,17.31,1312,126.46,1.000,
W88,DR2,6045477635223146624,162258.52,-262825.6,16.28,16.84,15.51,3634,1.26,1.000,
W89,DR2,6045477252964726912,162258.53,-263017.4,18.47,19.04,17.58,3620,9.64,1.000,
W90,DR2,6045477257265973632,162258.57,-263022.2,18.52,18.98,17.49,3614,10.40,1.000,
W91,DR2,6045477738302382976,162258.61,-262719.8,17.95,18.66,17.04,3617,4.97,0.000,
W92,DR2,6045477429064700800,162258.62,-262859.7,19.09,19.54,18.06,3600,32.66,0.000,
W93,DR2,6045477429064696576,162258.65,-262908.8,18.58,19.09,17.66,3621,10.71,1.000,
W94,DR2,6045477738294903552,162258.67,-262652.1,18.47,18.76,17.33,3632,12.85,1.000,
W95,DR2,6045482170708655872,162258.68,-262557.9,19.16,19.71,18.18,3629,13.61,1.000,
W96,DR2,6045477257265973376,162258.71,-263021.2,17.35,18.07,16.38,3631,3.61,0.000,
W97,DR2,6045477325985475456,162258.74,-262920.8,17.82,18.38,16.99,3603,4.32,1.000,
W98,DR2,6045477325985458048,162258.75,-263002.6,17.69,18.27,16.86,3634,4.31,1.000,
W99,DR2,6045477630911699328,162258.77,-262835.1,18.78,19.33,17.78,3603,10.14,0.000,
W100,DR2,6045477738302377216,162258.81,-262738.4,19.00,19.46,17.97,3617,12.61,0.000,
W101,DR2,6045482166397449344,162258.83,-262535.3,18.01,18.56,17.19,3608,5.25,1.000,
W102,DR2,6045477325985468032,162258.94,-262935.7,17.62,17.97,16.91,3636,4.57,0.002,
W103,DR2,6045477252955832064,162259.08,-263021.3,18.76,19.28,17.81,3611,15.11,1.000,
W104,DR2,6045477665271530496,162259.16,-262737.9,18.83,19.22,18.00,3609,11.13,0.000,
W105,DR2,6045477669582897152,162259.25,-262744.9,17.99,18.52,17.18,3635,4.97,1.000,
W106,DR2,6045477738302387328,162259.31,-262658.2,15.23,15.83,14.48,3649,0.62,0.031,
W107,DR2,6045477424753243136,162259.32,-262858.3,17.94,18.32,17.03,3625,8.23,0.400,
W108,DR2,6045482166397398528,162259.37,-262606.9,19.12,19.62,18.18,3611,14.02,1.000,
W109,DR2,6045477321673966208,162259.37,-262951.1,18.23,18.79,17.28,3613,6.65,1.000,
W110,DR2,6045482205068492032,162259.43,-262525.6,17.79,18.32,17.00,3619,4.39,1.000,
W111,DR2,6045477424753234560,162259.62,-262906.1,18.60,19.15,17.67,3618,9.62,1.000,
W112,DR2,6045477630911741952,162259.63,-262813.1,14.80,15.33,14.05,3639,0.52,0.063,
W113,DR2,6045477669582890240,162259.68,-262757.3,18.06,18.58,17.23,3632,5.42,1.000,
W114,DR2,6045477321679659008,162259.68,-262929.0,18.53,19.08,17.62,3631,8.37,1.000,
W115,DR2,6045477630911708288,162259.77,-262829.6,18.50,19.21,17.48,3624,8.17,0.000,
W116,DR2,6045479215771147136,162259.82,-262622.7,17.79,18.32,16.99,3628,4.17,1.000,
W117,DR2,6045477669575363712,162259.92,-262758.2,19.10,19.53,18.10,3628,13.08,1.000,
W118,DR2,6045477738302381184,162300.03,-262714.5,18.57,19.11,17.69,3631,8.86,1.000,
W119,DR2,6045477424753242368,162300.05,-262858.1,19.11,19.63,18.12,3629,15.66,1.000,
W120,DR2,6045479215763630080,162300.20,-262702.3,17.62,18.03,16.73,3626,4.43,1.000,
W121,DR2,6045477252954458880,162300.24,-263021.0,18.21,18.68,17.16,3616,7.05,1.000,
W122,DR2,6045477429064697216,162300.24,-262852.9,17.62,18.09,16.72,3607,3.62,1.000,
W123,DR2,6045477424753196032,162300.28,-262936.6,18.57,19.15,17.66,3638,8.71,1.000,
W124,DR2,6045479215771133184,162300.33,-262703.5,16.24,16.91,15.38,3632,1.23,0.000,
W125,DR2,6045477429064684544,162300.34,-262919.4,18.83,19.23,17.92,3630,12.29,0.000,
W126,DR2,6045477669582898176,162300.36,-262732.7,18.92,19.12,18.26,3632,13.17,0.000,
W127,DR2,6045477669582900096,162300.36,-262725.1,17.28,17.80,16.53,3629,2.74,1.000,
W128,DR2,6045477665277042816,162300.43,-262755.0,18.83,19.29,17.85,3624,11.61,1.000,
W129,DR2,6045477635223137792,162300.43,-262825.0,17.79,18.31,16.98,3644,4.44,1.000,
W130,DR2,6045477424753242240,162300.46,-262858.0,18.47,19.05,17.57,3633,8.06,1.000,
W131,DR2,6045477665271477632,162300.50,-262810.3,18.31,18.83,17.45,3625,7.52,1.000,
W132,DR2,6045477429064685184,162300.51,-262915.6,16.67,17.17,15.85,3622,1.59,1.000,
W133,DR2,6045477669575384832,162300.68,-262724.4,19.04,19.50,17.99,3641,12.71,0.000,
W134,DR2,6045477669582889088,162300.71,-262753.0,17.33,17.85,16.57,3610,2.92,1.000,
W135,DR2,6045482205068491264,162300.72,-262555.4,17.33,17.83,16.55,3630,3.01,1.000,
W136,DR2,6045479211459848960,162300.79,-262641.6,18.38,18.88,17.52,3611,7.07,1.000,
W137,DR2,6045482205068397568,162300.83,-262522.2,15.10,15.86,14.22,3663,0.82,0.000,
W138,DR2,6045477463424443264,162300.86,-262829.3,17.22,17.75,16.46,3634,3.14,1.000,
W139,DR2,6045482205061172352,162300.87,-262554.7,18.22,18.88,17.27,3623,6.60,0.000,
W140,DR2,6045477665271505664,162301.01,-262758.5,18.80,19.34,17.88,3606,10.91,1.000,
W141,DR2,6045482205068395520,162301.07,-262528.7,19.16,19.62,18.17,3608,36.25,1.000,
W142,DR2,6045477665271486464,162301.10,-262803.4,19.04,19.43,18.16,3619,14.44,0.000,
W143,DR2,6045477459118612864,162301.30,-262827.2,19.12,19.61,18.01,3604,17.59,0.000,
W144,DR2,6045477257265961472,162301.36,-263020.3,17.94,18.48,17.09,3615,10.83,1.000,
W145,DR2,6045477257265965440,162301.51,-263011.2,17.65,18.20,16.84,3631,4.97,1.000,
W146,DR2,6045477463424440320,162301.52,-262830.3,18.70,19.24,17.77,3616,12.77,1.000,
W147,DR2,6045477669582892672,162301.57,-262734.0,17.21,17.73,16.45,3624,2.46,1.000,
W148,DR2,6045479147044141440,162301.57,-262708.4,18.08,18.59,17.25,3623,5.46,1.000,
W149,DR2,6045482200766720896,162301.59,-262520.8,18.70,19.25,17.82,3604,15.95,1.000,
W150,DR2,6045477429064678400,162301.68,-262922.7,17.81,18.34,16.96,3618,8.36,1.000,
W151,DR2,6045477665272719488,162301.78,-262740.0,19.08,19.54,18.06,3625,20.92,1.000,
W152,DR2,6045477669582881024,162301.78,-262804.2,17.58,18.21,16.68,3628,3.51,0.000,
W153,DR2,6045477257265963904,162301.82,-263012.1,17.66,18.19,16.83,3625,4.87,1.000,
W154,DR2,6045482205068392960,162301.83,-262533.3,17.43,17.94,16.68,3607,4.80,1.000,
W155,DR2,6045477459113031296,162301.92,-262821.2,17.99,18.53,17.16,3619,4.97,1.000,
W156,DR2,6045477669582887168,162301.93,-262747.1,17.79,18.26,16.88,3646,6.78,1.000,
W157,DR2,6045477360337557248,162302.01,-263000.6,17.79,18.30,16.85,3631,4.64,1.000,
W158,DR2,6045477429057117184,162302.07,-262851.7,18.76,19.04,17.70,1332,108.46,1.000,
W159,DR2,6045479215771251584,162302.10,-262628.0,17.30,17.76,16.51,3593,3.41,1.000,
W160,DR2,6045477463424432896,162302.12,-262839.3,15.27,16.15,14.30,3630,1.13,0.001,
W161,DR2,6045479250130887424,162302.13,-262553.0,17.19,17.71,16.44,3602,3.82,1.000,
W162,DR2,6045477257265965312,162302.13,-263005.4,17.74,18.27,16.91,3642,4.22,1.000,
W163,DR2,6045477665277043200,162302.17,-262747.3,18.28,18.75,17.44,3619,20.38,0.000,
W164,DR2,6045479245825008256,162302.19,-262543.6,18.58,18.98,17.76,2792,77.30,0.000,
W165,DR2,6045482205068393600,162302.22,-262528.5,16.58,17.10,15.85,3630,1.82,1.000,
W166,DR2,6045477429064680448,162302.26,-262912.9,17.10,18.16,15.99,3637,5.67,1.000,
W167,DR2,6045479147051648768,162302.28,-262711.3,17.17,17.69,16.42,3569,3.08,1.000,
W168,DR2,6045477424753216000,162302.29,-262920.6,18.71,19.18,17.71,1710,198.71,1.000,
W169,DR2,6045477429064687232,162302.32,-262856.1,18.65,19.00,17.58,3475,47.13,1.000,
W170,DR2,6045477463424427904,162302.35,-262848.3,13.32,13.68,12.76,3641,0.26,1.000,
W171,DR2,6045477360345189760,162302.38,-262944.8,18.56,19.01,17.62,3623,9.41,0.000,
W172,DR2,6045479250130882688,162302.41,-262606.3,17.91,18.45,17.10,3605,5.14,1.000,
W173,DR2,6045477459113040256,162302.44,-262814.3,18.30,18.83,17.43,3568,7.29,1.000,
W174,DR2,6045479215771251200,162302.52,-262629.5,18.16,18.68,17.34,3621,7.97,1.000,
W175,DR2,6045479147051644672,162302.55,-262720.3,18.69,19.20,17.67,3563,10.22,1.000,
W176,DR2,6045477669582887040,162302.58,-262742.5,15.70,16.37,14.88,3592,0.88,1.000,
W177,DR2,6045479142740293120,162302.58,-262728.2,19.07,19.56,18.05,3575,14.93,1.000,
W178,DR2,6045479215771132416,162302.62,-262643.5,15.52,16.19,14.70,3633,0.86,1.000,
W179,DR2,6045477669582885632,162302.64,-262746.2,17.28,17.85,16.46,3611,4.21,0.000,
W180,DR2,6045479250130888704,162302.65,-262543.8,14.98,15.57,14.23,3631,0.57,0.000,
W181,DR2,6045477257265956096,162302.66,-263017.0,19.06,19.50,18.03,3602,20.51,1.000,
W182,DR2,6045477356033739136,162302.66,-262928.6,12.45,13.33,11.52,3662,0.29,1.000,
W183,DR2,6045479142740340096,162302.74,-262701.6,17.80,18.29,17.00,3589,4.48,1.000,
W184,DR2,6045479250130880000,162302.75,-262613.1,17.38,17.94,16.61,3640,2.99,0.000,
W185,DR2,6045479215771250944,162302.80,-262635.5,15.90,16.67,15.01,3654,1.19,0.000,
W186,DR2,6045479250130890240,162302.85,-262535.8,17.87,18.43,17.03,3603,7.29,0.000,
W187,DR2,6045477360345171968,162302.95,-263013.0,18.01,18.53,17.15,3585,6.87,1.000,
W188,DR2,6045477459113009664,162302.98,-262833.3,19.04,19.52,18.00,3573,13.86,1.000,
W189,DR2,6045477463416852224,162302.99,-262845.7,18.45,18.45,17.38,2501,103.62,1.000,
W190,DR2,6045477669575337088,162302.99,-262755.8,18.84,19.28,17.80,3516,60.24,1.000,
W191,DR2,6045479147051634560,162303.02,-262744.5,18.10,18.61,17.19,3607,9.15,1.000,
W192,DR2,6045477463424427136,162303.05,-262843.4,17.40,17.90,16.55,3590,10.67,1.000,
W193,DR2,6045477429064679936,162303.10,-262906.9,16.58,17.14,15.80,3596,1.71,1.000,
W194,DR2,6045477360345201280,162303.19,-262909.9,17.89,18.38,17.02,3606,6.01,1.000,
W195,DR2,6045479245826368000,162303.19,-262614.8,19.18,19.63,18.11,3605,14.79,1.000,
W196,DR2,6045477257265952896,162303.19,-263018.4,17.46,17.99,16.56,3587,4.17,1.000,
W197,DR2,6045477360337539072,162303.22,-263003.3,17.02,17.21,15.62,3586,2.82,0.347,
W198,DR2,6045477463424442880,162303.22,-262803.4,17.88,18.39,17.04,3643,6.61,1.000,
W199,DR2,6045477463424446976,162303.24,-262757.5,15.73,16.46,14.86,3653,0.77,0.000,
W200,DR2,6045479250130881792,162303.25,-262601.7,16.85,17.36,16.12,3635,1.83,1.000,
W201,DR2,6045477356033760128,162303.26,-262913.9,17.80,18.33,16.97,3581,5.13,1.000,
W202,DR2,6045477463424441600,162303.26,-262809.9,18.81,19.27,17.82,3615,11.25,1.000,
W203,DR2,6045477429057092096,162303.30,-262905.2,18.66,19.18,17.65,3642,11.14,0.000,
W204,DR2,6045479147044133760,162303.37,-262701.5,18.96,19.39,18.04,3632,12.94,0.000,
W205,DR2,6045479147051788288,162303.38,-262654.2,18.25,18.68,17.21,3628,6.44,1.000,
W206,DR2,6045477356033681280,162303.39,-263012.1,17.75,18.28,16.91,3597,5.85,1.000,
W207,DR2,6045479250130886144,162303.40,-262546.5,17.16,17.69,16.40,3604,4.56,1.000,
W208,DR2,6045477463424442752,162303.43,-262806.8,17.50,17.98,16.65,3627,3.62,1.000,
W209,DR2,6045479147051636352,162303.44,-262735.9,17.24,17.83,16.44,3646,2.63,0.000,
W210,DR2,6045479250130892800,162303.44,-262521.0,16.71,17.23,15.98,3608,1.70,1.000,
W211,DR2,6045479250123371264,162303.48,-262630.2,19.01,19.40,17.95,3634,13.58,1.000,
W212,DR2,6045477356033703424,162303.49,-262950.9,18.17,18.69,17.29,3594,6.95,1.000,
W213,DR2,6045477394704940416,162303.63,-262903.8,17.58,18.11,16.76,3638,3.80,1.000,
W214,DR2,6045479250130872704,162303.64,-262629.1,17.14,17.84,16.24,3636,2.35,0.000,
W215,DR2,6045477356033681408,162303.84,-263012.9,18.31,18.80,17.44,3634,9.96,1.000,
W216,DR2,6045479348898920960,162303.86,-262520.8,18.52,18.96,17.72,3633,11.55,0.000,
W217,DR2,6045479142740359808,162303.89,-262651.0,18.12,18.64,17.28,3627,6.21,1.000,
W218,DR2,6045478936581829632,162303.91,-262747.1,19.09,19.56,18.09,3617,12.41,1.000,
W219,DR2,6045477463424438016,162303.91,-262812.4,17.46,17.99,16.65,3602,2.97,1.000,
W220,DR2,6045479147044449280,162303.94,-262706.0,18.21,18.66,17.28,3648,9.84,1.000,
W221,DR2,6045477459113058048,162303.97,-262802.7,18.58,18.76,17.41,3612,9.88,1.000,
W222,DR2,6045477360345172096,162303.99,-263004.1,16.30,16.89,15.52,3609,1.42,1.000,
W223,DR2,6045477463416884608,162304.01,-262806.4,18.48,18.99,17.56,3623,8.46,1.000,
W224,DR2,6045479147044450176,162304.03,-262648.0,19.07,19.38,18.17,3632,16.48,0.017,
W225,DR2,6045479147051773440,162304.09,-262707.9,16.02,16.66,15.22,3636,0.91,1.000,
W226,DR2,6045479353210105216,162304.12,-262524.1,18.22,18.73,17.41,3598,6.81,0.000,
W227,DR2,6045477360345187328,162304.13,-262932.8,17.05,17.59,16.27,3626,4.86,1.000,
W228,DR2,6045477463424422784,162304.13,-262844.9,17.38,17.92,16.59,3604,3.88,1.000,
W229,DR2,6045477360345173760,162304.21,-262958.7,17.86,18.38,16.99,3620,5.91,1.000,
W230,DR2,6045479250130875264,162304.25,-262612.7,16.03,16.64,15.25,3635,0.98,1.000,
W231,DR2,6045477360345191296,162304.28,-262923.0,17.38,17.90,16.59,3633,3.42,1.000,
W232,DR2,6045476604430923136,162304.30,-263009.7,17.91,18.45,17.06,3612,7.38,0.000,
W233,DR2,6045479142740359680,162304.33,-262652.3,17.69,18.34,16.79,3623,4.10,0.000,
W234,DR2,6045479147051634944,162304.38,-262730.7,17.96,18.48,17.12,3598,10.94,1.000,
W235,DR2,6045479181411388160,162304.47,-262647.4,17.09,17.84,16.18,3620,2.43,0.000,
W236,DR2,6045479250130876416,162304.50,-262606.9,17.58,18.12,16.78,3636,5.57,0.000,
W237,DR2,6045479181411390208,162304.52,-262639.6,16.98,17.51,16.22,3642,2.26,1.000,
W238,DR2,6045479147051773312,162304.54,-262704.5,17.69,18.20,16.88,3649,5.36,1.000,
W239,DR2,6045477463416862080,162304.61,-262822.5,19.05,19.43,18.05,3633,12.91,1.000,
W240,DR2,6045477360345184896,162304.62,-262933.8,18.37,18.87,17.47,3627,7.32,1.000,
W241,DR2,6045477459113002496,162304.62,-262837.7,18.83,19.27,17.87,3607,13.83,1.000,
W242,DR2,6045478940893194752,162304.62,-262750.1,19.10,19.37,18.23,3626,14.69,0.811,
W243,DR2,6045477390393489408,162304.69,-262909.1,18.51,19.02,17.59,3625,8.32,1.000,
W244,DR2,6045477360345181440,162304.80,-262939.0,17.08,17.61,16.30,3602,2.33,1.000,
W245,DR2,6045477463424434432,162304.83,-262813.3,17.24,17.76,16.46,3637,2.77,1.000,
W246,DR2,6045477356033724288,162304.90,-262949.3,18.87,19.34,17.88,3629,12.98,1.000,
W247,DR2,6045477394704939520,162304.92,-262851.7,17.27,17.80,16.48,3045,145.19,1.000,
W248,DR2,6045479142745794048,162304.93,-262728.6,18.04,18.58,17.18,3519,58.15,0.000,
W249,DR2,6045478940893191168,162304.95,-262756.1,18.46,18.95,17.57,3609,7.52,1.000,
W250,DR2,6045479177100084992,162304.98,-262656.4,18.66,19.20,17.72,3641,10.98,1.000,
W251,DR2,6045477394697338240,162305.00,-262903.9,18.94,19.24,18.09,3601,11.87,0.000,
W252,DR2,6045479177100105856,162305.01,-262641.7,18.89,19.40,17.92,3620,13.04,1.000,
W253,DR2,6045477360345177600,162305.02,-262945.1,17.72,18.24,16.92,3619,4.65,1.000,
W254,DR2,6045478936588741888,162305.04,-262812.8,17.75,18.29,16.90,3635,4.29,0.000,
W255,DR2,6045477394697349376,162305.09,-262852.3,18.66,19.04,17.62,786,89.99,1.000,
W256,DR2,6045476604430924928,162305.12,-262958.7,18.10,18.62,17.24,3613,5.46,0.000,
W257,DR2,6045479177100096128,162305.12,-262648.8,18.57,19.06,17.62,3628,13.03,1.000,
W258,DR2,6045479147051639936,162305.14,-262707.3,16.72,17.25,15.96,3621,1.65,1.000,
W259,DR2,6045477459119994880,162305.15,-262822.3,18.58,19.45,17.33,3641,8.01,0.254,
W260,DR2,6045478940885619712,162305.18,-262810.0,19.09,19.52,18.10,3647,14.60,1.000,
W261,DR2,6045478936581861888,162305.18,-262732.7,14.77,15.36,13.85,3664,0.52,1.000,
W262,DR2,6045477360345181312,162305.33,-262934.4,16.82,17.30,16.04,3606,1.84,1.000,
W263,DR2,6045478940893181952,162305.40,-262810.0,17.82,18.34,16.99,3622,4.43,1.000,
W264,DR2,6045479348898886656,162305.43,-262544.1,18.73,19.24,17.78,3607,9.99,1.000,
W265,DR2,6045479181411387392,162305.47,-262640.9,19.04,19.17,17.65,3619,12.74,1.000,
W266,DR2,6045478940893189248,162305.49,-262755.1,18.33,18.84,17.44,3619,7.14,1.000,
W267,DR2,6045479181411379328,162305.52,-262701.1,17.82,17.75,16.54,3643,7.76,1.000,
W268,DR2,6045476600126540544,162305.53,-263004.2,18.52,19.02,17.61,3645,23.14,1.000,
W269,DR2,6045477394697283328,162305.65,-262936.2,18.71,18.48,17.25,3620,10.61,1.000,
W270,DR2,6045479353210104832,162305.67,-262511.6,17.01,17.51,16.26,3616,2.16,1.000,
W271,DR2,6045477356033709440,162305.69,-262948.8,18.94,19.37,17.94,3605,13.50,1.000,
W272,DR2,6045479181411391872,162305.78,-262623.5,18.92,19.41,17.88,3634,13.87,1.000,
W273,DR2,6045477394704941440,162305.81,-262841.8,17.04,17.57,16.26,3634,5.72,1.000,
W274,DR2,6045477463424421632,162305.82,-262831.5,17.55,18.09,16.74,3624,3.68,1.000,
W275,DR2,6045477394704931328,162305.84,-262904.1,16.33,16.89,15.57,3624,1.44,1.000,
W276,DR2,6045478940893342464,162305.86,-262731.9,17.86,18.40,17.02,3642,10.95,1.000,
W277,DR2,6045479181411381376,162305.99,-262652.7,14.42,15.17,13.57,3672,0.46,1.000,
W278,DR2,6045479181411394176,162306.00,-262611.9,17.37,17.90,16.59,3638,3.01,1.000,
W279,DR2,6045479353210091392,162306.05,-262552.7,17.66,18.16,16.86,3612,3.96,1.000,
W280,DR2,6045478940893175680,162306.07,-262817.6,18.56,19.07,17.64,3603,7.79,1.000,
W281,DR2,6045479181411393408,162306.08,-262614.9,18.89,19.29,17.95,3627,12.05,0.001,
W282,DR2,6045476604430927616,162306.09,-262945.6,17.00,17.51,16.26,3618,2.19,0.000,
W283,DR2,6045478940893342080,162306.14,-262745.8,18.28,18.81,17.40,3636,6.89,1.000,
W284,DR2,6045478940893179904,162306.20,-262807.8,18.07,18.05,16.74,3577,6.28,1.000,
W285,DR2,6045476604430912128,162306.22,-263009.8,15.97,16.61,15.18,3706,3.88,1.000,
W286,DR2,6045479181411374848,162306.27,-262709.2,17.63,18.17,16.82,3632,3.84,1.000,
W287,DR2,6045478872173693184,162306.29,-262832.2,17.07,17.61,16.30,3615,2.39,1.000,
W288,DR2,6045477394704917248,162306.30,-262931.2,17.70,18.22,16.88,3603,4.58,1.000,
W289,DR2,6045477394704932864,162306.30,-262855.4,17.05,17.56,16.27,3575,4.70,1.000,
W290,DR2,6045479181411390720,162306.32,-262621.4,17.76,18.12,16.54,3637,4.13,0.000,
W291,DR2,6045478940893181312,162306.34,-262803.4,18.48,19.00,17.57,3608,8.57,1.000,
W292,DR2,6045478936581860352,162306.34,-262730.7,18.13,18.65,17.23,3631,5.87,1.000,
W293,DR2,6045478940893341952,162306.46,-262750.9,19.08,19.55,18.09,3638,14.58,1.000,
W294,DR2,6045479284490611840,162306.48,-262559.9,18.02,18.53,17.18,3604,5.15,1.000,
W295,DR2,6045479177100072320,162306.49,-262703.8,18.78,19.29,17.82,3623,12.83,1.000,
W296,DR2,6045478975252941824,162306.58,-262713.2,18.06,18.63,17.21,3605,5.15,1.000,
W297,DR2,6045477394704913152,162306.61,-262934.7,16.53,17.05,15.77,3608,1.54,1.000,
W298,DR2,6045479181411378944,162306.63,-262652.0,17.37,17.89,16.58,3591,14.43,1.000,
W299,DR2,6045478970941613440,162306.64,-262719.7,18.87,19.39,17.87,3626,10.80,1.000,
W300,DR2,6045479284483109760,162306.65,-262600.5,18.70,19.17,17.76,3607,9.71,1.000,
W301,DR2,6045476604430916864,162306.70,-262956.1,17.93,18.46,17.12,3612,5.70,1.000,
W302,DR2,6045477394704919552,162306.72,-262921.8,16.65,17.19,15.89,3617,1.55,1.000,
W303,DR2,6045479353210102272,162306.72,-262510.6,17.20,17.72,16.44,3620,2.81,1.000,
W304,DR2,6045478872173696128,162306.80,-262818.2,17.01,17.49,16.17,3604,2.10,1.000,
W305,DR2,6045476634484893824,162306.81,-262937.8,18.65,18.94,17.84,3636,14.40,0.000,
W306,DR2,6045478940893189632,162307.16,-262738.4,18.48,19.00,17.58,3623,8.21,1.000,
W307,DR2,6045477394704920960,162307.17,-262914.1,17.72,18.22,16.91,3626,4.05,1.000,
W308,DR2,6045476634484893952,162307.25,-262930.3,18.91,19.27,17.92,3631,12.36,1.000,
W309,DR2,6045479177100141312,162307.34,-262618.6,17.41,17.95,16.62,3625,3.10,1.000,
W310,DR2,6045478867862316032,162307.37,-262810.4,18.64,19.09,17.67,3617,9.22,0.000,
W311,DR2,6045476638790658048,162307.40,-262945.9,18.12,18.61,17.29,3615,5.96,1.000,
W312,DR2,6045479353210096384,162307.41,-262526.3,18.11,18.64,17.26,3632,6.03,1.000,
W313,DR2,6045476638790668800,162307.43,-262927.6,16.60,17.13,15.86,3646,1.69,1.000,
W314,DR2,6045479177100115712,162307.44,-262635.1,18.92,19.38,17.94,3631,11.92,1.000,
W315,DR2,6045478872173693952,162307.44,-262818.0,17.94,18.46,17.11,3629,5.05,1.000,
W316,DR2,6045479280179381120,162307.46,-262607.6,18.15,18.65,17.28,3620,5.74,1.000,
W317,DR2,6045478867862315904,162307.46,-262814.7,18.40,18.93,17.50,3625,7.76,1.000,
W318,DR2,6045479284490608256,162307.59,-262601.3,18.50,19.04,17.60,3638,8.23,1.000,
W319,DR2,6045478975252935296,162307.61,-262716.8,17.83,18.37,16.99,3626,4.33,1.000,
W320,DR2,6045478872173686912,162307.70,-262835.1,17.01,17.53,16.23,3643,2.98,1.000,
W321,DR2,6045476638790644480,162307.75,-263004.6,16.06,16.65,15.29,3625,1.20,1.000,
W322,DR2,6045478872173684480,162307.84,-262838.4,15.91,16.41,14.99,3638,0.90,1.000,
W323,DR2,6045482823543718912,162307.89,-262155.3,17.05,17.57,16.32,3591,3.71,1.000,
W324,DR2,6045479348898923136,162307.92,-262518.4,17.51,17.68,17.03,3626,4.03,0.000,
W325,DR2,6045476634479200000,162307.00,-262947.8,18.56,19.03,17.67,3628,9.43,1.000,
W326,DR2,6045477394704917888,162308.04,-262911.6,16.24,16.77,15.44,3619,1.44,1.000,
W327,DR2,6045478872173678592,162308.09,-262849.7,17.82,18.36,17.01,3623,4.50,1.000,
W328,DR2,6045478940893180544,162308.16,-262748.9,17.00,17.51,16.21,3628,2.23,1.000,
W329,DR2,6045479353210096512,162308.17,-262518.2,17.24,17.76,16.45,3634,3.02,1.000,
W330,DR2,6045478872173674368,162308.17,-262856.4,17.64,18.15,16.79,3634,3.91,1.000,
W331,DR2,6045476638790639360,162308.22,-263008.3,17.64,18.15,16.85,3636,5.06,1.000,
W332,DR2,6045476638790671488,162308.22,-262915.7,16.10,16.72,15.31,3640,1.11,0.000,
W333,DR2,6045478970941660288,162308.33,-262650.7,18.94,19.36,18.00,3626,11.62,0.000,
W334,DR2,6045478872173864704,162308.34,-262829.3,16.33,16.88,15.59,3637,1.27,1.000,
W335,DR2,6045476638782998528,162308.40,-262935.2,17.94,18.40,17.10,3628,7.81,1.000,
W336,DR2,6045482716153446144,162308.42,-262300.8,17.59,18.06,16.83,3636,4.18,0.000,
W337,DR2,6045479280179405568,162308.43,-262544.2,18.31,18.84,17.43,3618,6.75,0.000,
W338,DR2,6045476638790660352,162308.52,-262931.7,17.35,17.87,16.60,3628,3.52,1.000,
W339,DR2,6045478975252928768,162308.55,-262724.8,17.41,17.94,16.63,3645,3.04,1.000,
W340,DR2,6045476638790673664,162308.56,-262908.6,16.17,16.74,15.41,3645,1.19,1.000,
W341,DR2,6045482823543712384,162308.57,-262214.1,18.79,19.29,17.85,3616,11.26,1.000,
W342,DR2,6045477394697288448,162308.58,-262905.1,18.85,19.22,17.84,3645,14.46,1.000,
W343,DR2,6045478975252939776,162308.59,-262658.9,18.64,19.15,17.70,3598,8.70,1.000,
W344,DR2,6045478872166533888,162308.60,-262829.7,18.67,19.09,17.72,3645,11.43,1.000,
W345,DR2,6045479280179422592,162308.60,-262532.9,19.06,19.40,18.13,3585,38.19,0.000,
W346,DR2,6045478872166125824,162308.60,-262753.1,18.29,18.59,17.25,3618,6.82,1.000,
W347,DR2,6045478867869313920,162308.60,-262900.2,17.65,18.13,16.76,3636,3.93,1.000,
W348,DR2,6045479284490606720,162308.61,-262557.9,16.84,17.41,16.06,3631,1.89,1.000,
W349,DR2,6045476638790636416,162308.62,-263008.2,18.92,19.35,17.96,3613,16.45,1.000,
W350,DR2,6045478872173676544,162308.69,-262848.4,17.93,18.47,17.12,3606,5.08,1.000,
W351,DR2,6045479387569835904,162308.69,-262508.2,17.74,18.27,16.92,3643,4.27,1.000,
W352,DR2,6045476638790662016,162308.72,-262927.5,17.57,18.11,16.78,3633,3.68,0.000,
W353,DR2,6045482716153424640,162308.73,-262313.6,18.05,18.61,17.21,3612,5.39,1.000,
W354,DR2,6045478867867888768,162308.77,-262756.4,19.09,19.53,18.09,3631,14.51,1.000,
W355,DR2,6045478970941606272,162308.79,-262727.7,18.50,18.98,17.48,3629,8.20,1.000,
W356,DR2,6045476638790647296,162308.79,-262951.1,16.06,16.62,15.30,3661,1.87,1.000,
W357,DR2,6045482823543706496,162308.80,-262241.8,17.00,17.53,16.26,3634,2.43,1.000,
W358,DR2,6045479383258726144,162308.83,-262419.7,18.15,18.68,17.30,3635,6.07,1.000,
W359,DR2,6045482716153446272,162308.86,-262303.9,18.77,19.35,17.84,3614,11.47,1.000,
W360,DR2,6045478867862320384,162308.86,-262806.8,19.01,19.44,17.99,3598,12.73,1.000,
W361,DR2,6045476638790671360,162308.87,-262909.6,17.86,18.37,17.04,3635,6.48,1.000,
W362,DR2,6045478975252933504,162308.94,-262708.4,19.09,19.51,17.99,3619,14.49,1.000,
W363,DR2,6045476638790659584,162308.96,-262928.3,18.00,18.45,17.18,3634,5.30,1.000,
W364,DR2,6045476638790652032,162309.04,-262940.0,14.26,14.97,13.44,3672,0.49,1.000,
W365,DR2,6045476638790645632,162309.05,-262951.5,17.52,18.00,16.73,3659,8.52,1.000,
W366,DR2,6045479280179363968,162309.08,-262613.7,17.63,17.94,16.51,3624,4.48,1.000,
W367,DR2,6045478975252931200,162309.08,-262713.0,17.69,18.22,16.88,3631,4.06,1.000,
W368,DR2,6045476638782924160,162309.09,-263007.3,19.10,19.50,18.11,3596,38.89,1.000,
W369,DR2,6045478867862252416,162309.13,-262856.4,19.03,19.28,18.20,3636,12.57,0.027,
W370,DR2,6045479284490594304,162309.13,-262627.7,18.77,19.22,17.75,3620,9.89,1.000,
W371,DR2,6045476634479188480,162309.14,-263000.4,15.70,16.35,14.89,3651,0.93,1.000,
W372,DR2,6045479318850354944,162309.17,-262520.0,17.41,18.04,16.54,3531,52.53,0.024,
W373,DR2,6045482720464476544,162309.18,-262344.6,18.04,18.58,17.19,3622,6.12,1.000,
W374,DR2,6045479318850352512,162309.25,-262525.1,13.47,15.19,12.20,3677,0.26,0.000,
W375,DR2,6045479078332160384,162309.26,-262638.3,18.50,18.97,17.53,3622,8.08,1.000,
W376,DR2,6045478906533433600,162309.27,-262758.6,18.64,19.14,17.70,3622,9.55,1.000,
W377,DR2,6045478975252922880,162309.28,-262731.2,17.39,17.90,16.62,3618,2.90,1.000,
W378,DR2,6045482823543709568,162309.29,-262221.6,16.74,17.27,16.01,3594,2.12,1.000,
W379,DR2,6045476638790635264,162309.29,-263003.1,17.60,17.71,16.63,3608,6.99,1.000,
W380,DR2,6045482754824225664,162309.31,-262255.2,17.46,18.00,16.67,3628,3.33,1.000,
W381,DR2,6045478872173693696,162309.31,-262802.6,18.40,18.87,17.48,3627,7.10,1.000,
W382,DR2,6045478872173690112,162309.32,-262810.0,19.06,19.56,18.09,3620,12.73,1.000,
W383,DR2,6045476638790635648,162309.42,-263001.5,17.38,17.86,16.53,3610,7.27,1.000,
W384,DR2,6045478975252939392,162309.44,-262652.3,18.68,19.18,17.71,3617,10.27,1.000,
W385,DR2,6045476565761065344,162309.50,-263010.9,18.47,18.92,17.56,3622,11.52,1.000,
W386,DR2,6045479284483088384,162309.51,-262602.2,17.47,17.93,16.59,3622,3.52,1.000,
W387,DR2,6045478975252922496,162309.51,-262729.8,18.56,19.04,17.65,3632,9.06,1.000,
W388,DR2,6045482716153379840,162309.56,-262353.7,18.38,18.93,17.48,3621,7.55,1.000,
W389,DR2,6045478116251774464,162309.56,-262909.2,18.94,19.34,17.92,3628,11.18,1.000,
W390,DR2,6045479765526969856,162309.56,-262418.1,18.75,19.31,17.81,3633,10.32,1.000,
W391,DR2,6045479280179418624,162309.59,-262536.7,18.65,19.22,17.67,3639,16.26,1.000,
W392,DR2,6045482716153388672,162309.61,-262346.9,17.96,18.51,17.12,3636,5.32,1.000,
W393,DR2,6045479280179364608,162309.62,-262612.2,17.94,18.48,17.08,3639,5.04,1.000,
W394,DR2,6045479284490595840,162309.63,-262620.5,17.27,17.81,16.48,3629,2.56,1.000,
W395,DR2,6045482720464481152,162309.64,-262328.1,16.26,16.81,15.51,3648,1.31,1.000,
W396,DR2,6045476638790655616,162309.66,-262927.4,17.77,18.28,16.95,3633,4.44,1.000,
W397,DR2,6045482819232706560,162309.72,-262208.3,19.03,19.58,18.07,3590,25.59,1.000,
W398,DR2,6045479387569846400,162309.75,-262422.8,18.60,19.13,17.70,3649,8.50,1.000,
W399,DR2,6045476565765181952,162309.76,-263011.0,18.61,19.02,17.69,3623,11.65,1.000,
W400,DR2,6045479078332157696,162309.76,-262642.1,18.70,19.67,17.36,3621,9.75,0.000,
W401,DR2,6045478116259412864,162309.77,-262915.7,17.01,17.52,16.27,3634,2.34,1.000,
W402,DR2,6045482754824227200,162309.78,-262246.4,17.39,17.91,16.61,3634,3.56,1.000,
W403,DR2,6045478867862303360,162309.78,-262818.8,18.64,19.13,17.74,3609,9.02,1.000,
W404,DR2,6045479387569840000,162309.80,-262444.0,18.84,19.49,17.81,3593,10.29,1.000,
W405,DR2,6045479074027760768,162309.80,-262650.0,18.12,18.63,17.26,3631,6.19,1.000,
W406,DR2,6045479078332158848,162309.83,-262639.3,18.83,19.22,17.85,3609,11.33,1.000,
W407,DR2,6045476638790653184,162309.83,-262931.5,18.08,18.56,17.24,3633,6.84,1.000,
W408,DR2,6045482819232687488,162309.86,-262228.3,18.48,18.97,17.63,3617,8.59,0.000,
W409,DR2,6045478975252934016,162309.89,-262658.1,17.12,17.64,16.35,3639,2.35,1.000,
W410,DR2,6045478116259619584,162309.89,-262849.8,17.68,18.20,16.90,3639,4.34,1.000,
W411,DR2,6045478872173678208,162309.91,-262833.9,13.99,14.72,13.15,3681,0.43,1.000,
W412,DR2,6045479318850356480,162309.92,-262508.3,18.99,19.51,17.97,3630,13.47,1.000,
W413,DR2,6045476638790639744,162309.94,-262951.9,18.85,19.26,17.60,3633,12.64,,N.D.
W414,DR2,6045478872173688448,162309.95,-262809.2,17.46,17.97,16.69,3623,3.26,1.000,
W415,DR2,6045478116259618560,162309.98,-262906.1,16.83,17.34,16.09,3637,1.86,1.000,
W416,DR2,6045478867867889280,162309.99,-262827.9,18.58,18.95,17.64,2462,71.92,0.000,
W417,DR2,6045476570071150592,162310.07,-263009.0,16.74,17.21,15.94,3636,2.04,1.000,
W418,DR2,6045478116251765376,162310.11,-262908.9,18.42,18.93,17.55,3634,8.29,1.000,
W419,DR2,6045478906533431680,162310.12,-262756.2,16.53,17.05,15.79,3625,1.46,1.000,
W420,DR2,6045479284490599296,162310.13,-262607.2,16.82,17.38,16.03,3622,1.85,1.000,
W421,DR2,6045479078332149760,162310.13,-262654.0,18.39,18.87,17.48,3651,9.67,1.000,
W422,DR2,6045478906533433472,162310.14,-262750.7,17.14,17.42,16.20,3652,2.71,1.000,
W423,DR2,6045478906533441152,162310.15,-262731.8,16.98,17.49,16.23,3627,2.17,1.000,
W424,DR2,6045476638790636032,162310.16,-262954.2,18.09,18.57,17.23,3634,5.89,1.000,
W425,DR2,6045478867867889408,162310.17,-262839.0,18.86,19.17,17.80,3354,54.81,1.000,
W426,DR2,6045476638790653568,162310.18,-262927.6,17.41,17.91,16.64,3635,3.52,1.000,
W427,DR2,6045479387569836032,162310.19,-262454.0,17.29,17.84,16.50,3624,2.78,1.000,
W428,DR2,6045479318850350080,162310.19,-262526.1,16.81,17.38,16.02,3637,4.08,1.000,
W429,DR2,6045479387569841024,162310.20,-262436.8,18.12,18.67,17.23,3634,5.69,1.000,
W430,DR2,6045478975252924544,162310.22,-262718.6,18.67,19.18,17.72,3618,9.52,1.000,
W431,DR2,6045482922311945088,162310.24,-262142.0,18.84,19.27,18.02,3617,15.48,0.003,
W432,DR2,6045478902222105728,162310.27,-262739.4,18.48,18.99,17.57,3607,11.85,1.000,
W433,DR2,6045478116259411584,162310.33,-262913.5,16.36,16.89,15.63,3639,1.33,1.000,
W434,DR2,6045479284490601600,162310.34,-262559.1,16.38,17.02,15.56,3644,1.40,1.000,
W435,DR2,6045476634489100416,162310.35,-262931.1,16.58,17.09,15.84,3633,1.72,1.000,
W436,DR2,6045482754824227072,162310.37,-262241.2,17.12,17.65,16.35,3583,6.16,1.000,
W437,DR2,6045478906533429504,162310.41,-262759.2,17.76,18.26,16.96,3622,4.80,1.000,
W438,DR2,6045478111953645696,162310.44,-262925.0,18.48,18.87,17.56,3620,8.30,0.000,
W439,DR2,6045478116259423744,162310.47,-262850.5,16.36,16.89,15.63,3652,1.37,1.000,
W440,DR2,6045476570071147520,162310.49,-263011.5,18.17,18.72,17.33,3635,7.94,1.000,
W441,DR2,6045478872173680896,162310.49,-262821.5,18.59,19.04,17.69,3611,9.16,1.000,
W442,DR2,6045479078332153088,162310.51,-262645.5,18.09,18.60,17.23,3619,9.64,1.000,
W443,DR2,6045478906533439616,162310.55,-262731.9,18.49,18.98,17.59,3636,11.05,1.000,
W444,DR2,6045482720464477696,162310.58,-262328.5,17.08,17.62,16.31,3634,2.61,1.000,
W445,DR2,6045476638790637696,162310.59,-262947.7,18.69,19.27,17.69,3633,12.00,0.034,
W446,DR2,6045478116259399808,162310.59,-262930.3,17.85,18.32,17.00,3636,6.00,1.000,
W447,DR2,6045482926622932352,162310.60,-262135.4,16.89,17.50,16.11,3629,3.12,0.000,
W448,DR2,6045482922311940352,162310.63,-262147.7,18.38,18.95,17.50,3616,11.11,1.000,
W449,DR2,6045478116259618816,162310.64,-262857.8,16.03,16.64,15.24,3651,0.97,1.000,
W450,DR2,6045479765526963328,162310.64,-262430.1,17.22,17.77,16.43,3633,2.75,1.000,
W451,DR2,6045478872173674624,162310.65,-262833.9,17.71,18.18,16.90,3613,7.89,1.000,
W452,DR2,6045478116259422464,162310.66,-262850.0,17.47,17.96,16.68,3656,3.86,1.000,
W453,DR2,6045476638790645376,162310.66,-262937.0,17.17,17.69,16.42,3633,3.04,1.000,
W454,DR2,6045478111947976576,162310.66,-262922.0,18.61,19.07,17.72,3635,9.62,1.000,
W455,DR2,6045478872166067456,162310.67,-262824.4,18.37,18.85,17.28,3605,7.31,0.000,
W456,DR2,6045476570064046720,162310.73,-263005.5,18.92,19.33,17.97,3621,11.01,1.000,
W457,DR2,6045479765526975104,162310.79,-262338.0,16.83,17.28,15.88,3651,1.98,1.000,
W458,DR2,6045479765519513600,162310.80,-262339.6,18.55,,,3634,8.68,1.000,
W459,DR2,6045476570071155968,162310.83,-262952.3,18.90,19.36,17.90,3627,15.13,1.000,
W460,DR2,6045479078332161024,162310.90,-262621.8,16.58,17.13,15.82,3631,1.76,1.000,
W461,DR2,6045479078332156672,162310.94,-262633.3,17.64,18.12,16.80,3527,31.02,1.000,
W462,DR2,6045478111948017664,162310.94,-262901.7,18.50,19.00,17.62,3638,8.99,1.000,
W463,DR2,6045479074020937984,162310.97,-262609.6,18.44,18.96,17.52,3620,7.68,1.000,
W464,DR2,6045478111949300096,162310.99,-262937.0,18.20,18.68,17.35,3615,7.44,1.000,
W465,DR2,6045479765526966528,162310.99,-262415.5,18.27,18.83,17.33,3618,6.15,1.000,
W466,DR2,6045478116259424384,162311.03,-262842.9,17.26,17.77,16.50,3634,2.86,1.000,
W467,DR2,6045482926615494528,162311.04,-262202.1,18.26,17.78,16.92,3595,16.46,1.000,
W468,DR2,6045478116259427200,162311.05,-262837.2,17.45,17.90,16.65,3625,3.43,1.000,
W469,DR2,6045478906533419904,162311.05,-262814.9,16.27,16.78,15.50,3617,1.22,1.000,
W470,DR2,6045476570071152128,162311.06,-262957.1,19.15,19.66,18.10,3621,16.13,0.686,
W471,DR2,6045478116259618048,162311.06,-262911.8,17.18,17.67,16.44,3628,2.74,1.000,
W472,DR2,6045478906525813248,162311.06,-262813.3,19.55,,,3631,7.60,1.000,
W473,DR2,6045478906533441664,162311.09,-262722.0,16.88,17.48,16.08,3641,1.97,0.000,
W474,DR2,6045478906533433856,162311.10,-262741.4,14.68,15.38,13.83,3643,0.44,1.000,
W475,DR2,6045482754824230016,162311.17,-262219.6,17.25,17.78,16.48,3633,3.15,1.000,
W476,DR2,6045482926622925440,162311.17,-262201.4,17.03,17.56,16.22,3573,4.23,0.000,
W477,DR2,6045482754824225536,162311.17,-262238.5,14.80,15.58,13.92,3623,1.16,0.000,
W478,DR2,6045479078332147968,162311.18,-262650.5,17.28,17.79,16.50,3627,12.16,1.000,
W479,DR2,6045476570071143168,162311.20,-263010.1,17.70,18.19,16.89,3637,4.67,1.000,
W480,DR2,6045478872173674240,162311.26,-262828.7,16.40,16.92,15.66,3620,1.34,1.000,
W481,DR2,6045478116259426048,162311.29,-262836.8,17.00,17.48,16.21,3636,2.38,1.000,
W482,DR2,6045479314539156864,162311.31,-262535.7,18.57,19.14,17.58,3631,8.49,1.000,
W483,DR2,6045478116259617792,162311.36,-262926.2,18.18,18.37,17.00,3630,7.05,1.000,
W484,DR2,6045482754824224896,162311.39,-262241.7,17.30,17.82,16.51,3533,11.88,1.000,
W485,DR2,6045479078332142080,162311.39,-262701.5,18.47,18.98,17.54,3651,9.94,0.004,
W486,DR2,6045478902222031232,162311.43,-262823.4,18.92,19.33,18.00,3630,16.90,0.000,
W487,DR2,6045478906525809664,162311.45,-262812.2,17.43,17.88,16.59,3628,4.00,1.000,
W488,DR2,6045479078324617600,162311.47,-262631.6,18.43,18.84,17.35,1711,143.52,1.000,
W489,DR2,6045482754816772864,162311.49,-262253.9,19.06,18.94,17.81,3629,13.42,0.001,
W490,DR2,6045478906525806720,162311.50,-262814.6,18.86,19.20,17.81,3592,12.58,1.000,
W491,DR2,6045479078332149632,162311.52,-262641.1,13.37,14.16,12.48,3681,0.47,1.000,
W492,DR2,6045476570071151744,162311.54,-262953.1,18.13,18.63,17.29,3655,13.83,1.000,
W493,DR2,6045478906533426688,162311.57,-262754.4,17.89,18.40,17.08,3641,4.54,1.000,
W494,DR2,6045479074020862208,162311.58,-262659.6,18.33,18.84,17.42,3638,9.12,1.000,
W495,DR2,6045479078324595968,162311.59,-262648.1,18.36,18.74,17.28,3567,44.16,1.000,
W496,DR2,6045476570071142912,162311.60,-263004.8,18.14,18.28,16.89,3623,6.38,1.000,
W497,DR2,6045478906533431424,162311.61,-262743.3,17.42,17.94,16.64,3614,7.19,1.000,
W498,DR2,6045478906533420544,162311.61,-262808.1,18.65,18.75,17.35,3631,10.29,1.000,
W499,DR2,6045478116252276480,162311.70,-262937.8,18.87,19.29,17.90,2328,152.16,1.000,
W500,DR2,6045478906533416064,162311.76,-262817.7,18.15,18.66,17.31,3624,6.33,1.000,
W501,DR2,6045479318850350464,162311.82,-262508.5,17.58,17.90,16.34,3603,4.61,1.000,
W502,DR2,6045478906533420416,162311.96,-262805.5,18.38,18.88,17.54,3641,7.58,1.000,
W503,DR2,6045478906533424768,162311.98,-262756.4,17.29,17.80,16.52,3636,2.88,1.000,
W504,DR2,6045479318850348672,162311.98,-262513.9,16.34,16.96,15.54,3642,1.19,1.000,
W505,DR2,6045479009612660096,162311.99,-262708.2,18.35,19.12,17.24,3639,6.91,0.000,
W506,DR2,6045478116259617536,162311.00,-262928.6,17.23,17.76,16.46,3632,3.11,0.000,
W507,DR2,6045479009605089920,162312.02,-262712.2,18.29,18.81,17.41,3647,6.67,1.000,
W508,DR2,6045478047540140544,162312.04,-262944.0,13.86,14.59,13.01,3664,0.43,1.000,
W509,DR2,6045478116259406592,162312.07,-262904.0,17.71,18.18,16.88,3635,4.12,1.000,
W510,DR2,6045478906533417216,162312.08,-262812.4,18.39,18.94,17.53,3635,8.31,1.000,
W511,DR2,6045479799886713984,162312.10,-262322.8,16.56,17.10,15.79,3617,2.13,1.000,
W512,DR2,6045482754824216704,162312.13,-262312.5,15.44,16.23,14.54,3595,0.92,0.000,
W513,DR2,6045478906525844736,162312.22,-262739.9,17.49,17.80,16.46,3635,3.76,1.000,
W514,DR2,6045482857903444992,162312.24,-262209.7,18.32,18.89,17.41,3375,112.83,1.000,
W515,DR2,6045478116259407360,162312.28,-262901.2,17.59,18.12,16.80,3640,3.75,1.000,
W516,DR2,6045479005308317440,162312.31,-262722.2,18.53,,,3649,8.60,1.000,
W517,DR2,6045478906533423232,162312.34,-262755.5,18.91,19.39,17.97,3630,16.76,1.000,
W518,DR2,6045479009612651392,162312.36,-262721.1,17.56,17.89,16.43,3646,3.41,1.000,
W519,DR2,6045482754824223616,162312.36,-262239.5,18.03,18.56,17.19,3618,6.58,1.000,
W520,DR2,6045478150619167232,162312.36,-262822.3,16.44,16.96,15.69,3641,1.32,1.000,
W521,DR2,6045482857903447168,162312.36,-262158.8,13.25,13.85,12.49,3678,0.90,1.000,
W522,DR2,6045478902222114048,162312.37,-262733.0,19.01,19.48,17.96,3632,12.51,1.000,
W523,DR2,6045479078332141184,162312.41,-262653.7,16.61,17.21,15.83,3637,1.58,0.000,
W524,DR2,6045479108380694272,162312.42,-262557.0,18.19,18.72,17.31,3619,5.84,1.000,
W525,DR2,6045476570071136896,162312.42,-263007.4,17.58,17.89,16.61,3642,4.18,1.000,
W526,DR2,6045478043228461440,162312.47,-262955.0,18.74,19.13,17.66,3649,15.97,1.000,
W527,DR2,6045482857903441408,162312.54,-262223.3,16.97,17.75,16.06,3615,2.69,0.001,
W528,DR2,6045478047540140672,162312.62,-262935.0,17.59,18.10,16.80,3630,5.60,1.000,
W529,DR2,6045479009612658816,162312.64,-262703.6,17.13,17.74,16.32,3627,2.36,0.000,
W530,DR2,6045479318850341376,162312.65,-262532.2,17.48,18.03,16.66,3627,3.88,1.000,
W531,DR2,6045478146314864256,162312.69,-262812.1,18.42,18.82,17.28,3631,7.90,,N.D.
W532,DR2,6045479112692034560,162312.70,-262616.3,17.28,17.80,16.50,3626,2.76,1.000,
W533,DR2,6045479765526964480,162312.70,-262409.7,18.77,19.26,17.74,3631,9.92,1.000,
W534,DR2,6045479112691908736,162312.70,-262539.7,16.63,17.19,15.85,3627,1.59,1.000,
W535,DR2,6045479318850347008,162312.70,-262511.2,18.51,18.93,17.46,3607,10.91,1.000,
W536,DR2,6045478047539913088,162312.73,-262925.7,15.70,16.14,14.74,3646,0.82,1.000,
W537,DR2,6045479078332145792,162312.74,-262640.7,15.79,16.46,14.97,3645,1.00,1.000,
W538,DR2,6045478047540140416,162312.74,-262940.1,18.77,19.23,17.85,3646,22.44,1.000,
W539,DR2,6045478047532199040,162312.75,-262933.2,19.13,19.40,18.10,3655,19.91,1.000,
W540,DR2,6045478047532124160,162312.79,-263004.7,18.92,19.37,17.93,3643,14.06,1.000,
W541,DR2,6045479078332147840,162312.82,-262635.9,17.52,18.04,16.73,3628,5.37,1.000,
W542,DR2,6045479005301350656,162312.82,-262719.4,18.75,19.26,17.82,3615,11.54,1.000,
W543,DR2,6045479696807477504,162312.85,-262444.8,17.77,18.33,16.94,3612,4.45,1.000,
W544,DR2,6045479692496327040,162312.86,-262458.1,18.76,19.24,17.80,3631,10.38,1.000,
W545,DR2,6045479799886707584,162312.90,-262349.9,16.10,16.74,15.29,3641,1.10,0.000,
W546,DR2,6045479009612647552,162312.93,-262726.0,18.53,19.05,17.64,3638,9.03,1.000,
W547,DR2,6045478043228496768,162312.95,-262951.5,17.45,17.95,16.64,3649,4.03,1.000,
W548,DR2,6045478047540139264,162312.99,-262957.3,17.86,18.35,17.06,3620,5.71,1.000,
W549,DR2,6045482853592433408,162313.03,-262218.3,18.85,19.36,17.91,3616,14.22,1.000,
W550,DR2,6045478116259399296,162313.09,-262908.1,16.29,16.82,15.56,3627,1.14,1.000,
W551,DR2,6045479799886715136,162313.09,-262308.6,15.69,16.34,14.89,3612,1.14,0.000,
W552,DR2,6045479112691909120,162313.13,-262535.2,17.89,18.42,16.95,3603,6.87,1.000,
W553,DR2,6045479692505831808,162313.14,-262444.1,18.98,19.29,18.03,3609,13.39,0.000,
W554,DR2,6045478906533423872,162313.15,-262746.9,18.78,19.30,17.84,3626,16.28,1.000,
W555,DR2,6045479005306844032,162313.16,-262705.3,18.76,19.30,17.63,3611,11.38,0.030,
W556,DR2,6045482857903444224,162313.19,-262204.7,16.52,17.06,15.77,3558,8.93,1.000,
W557,DR2,6045478146314871808,162313.25,-262835.7,18.13,18.62,17.27,3604,7.10,1.000,
W558,DR2,6045479009612652032,162313.25,-262709.2,17.71,18.15,16.65,3620,3.88,1.000,
W559,DR2,6045478111948003584,162313.27,-262900.0,18.96,19.39,17.99,3632,12.10,1.000,
W560,DR2,6045478043228475776,162313.30,-262944.1,18.43,18.98,17.53,3616,8.98,0.000,
W561,DR2,6045478150611526272,162313.32,-262824.2,17.97,17.80,16.35,3644,5.06,1.000,
W562,DR2,6045479696807476352,162313.33,-262442.7,18.08,18.58,17.16,3626,6.39,0.000,
W563,DR2,6045479005306844160,162313.35,-262723.5,18.84,19.20,17.87,3629,12.20,1.000,
W564,DR2,6045478150619160960,162313.35,-262824.9,18.05,17.79,16.26,3645,5.39,1.000,
W565,DR2,6045478047539905408,162313.38,-262928.1,18.91,19.24,17.61,3614,26.18,1.000,
W566,DR2,6045478047539915904,162313.39,-262915.7,17.82,18.33,17.02,3643,4.93,1.000,
W567,DR2,6045479009612648448,162313.40,-262720.5,17.89,18.40,17.06,3634,4.73,1.000,
W568,DR2,6045479009612658560,162313.42,-262656.6,18.03,18.58,17.19,3627,5.74,1.000,
W569,DR2,6045478047540138752,162313.42,-262959.0,17.58,18.05,16.75,3634,4.19,1.000,
W570,DR2,6045479799886710656,162313.43,-262329.9,17.30,17.85,16.47,3622,2.81,1.000,
W571,DR2,6045479005306844288,162313.46,-262713.4,18.80,19.32,17.87,3627,12.61,1.000,
W572,DR2,6045478150619166592,162313.51,-262812.5,17.03,17.53,16.28,3640,2.89,1.000,
W573,DR2,6045479112691899520,162313.59,-262556.7,17.74,18.26,16.90,3627,4.24,1.000,
W574,DR2,6045479112691900800,162313.59,-262553.2,17.30,17.85,16.50,3626,3.09,1.000,
W575,DR2,6045478146314878080,162313.60,-262830.8,18.53,19.02,17.62,3627,9.05,1.000,
W576,DR2,6045479112684335104,162313.64,-262627.8,18.89,18.90,18.39,3620,12.72,0.000,
W577,DR2,6045479795575680000,162313.65,-262258.5,18.23,18.80,17.35,3624,6.38,1.000,
W578,DR2,6045482857903446656,162313.67,-262148.5,16.03,16.66,15.23,3609,1.59,1.000,
W579,DR2,6045479009612664192,162313.70,-262642.3,17.54,18.07,16.75,3630,3.98,1.000,
W580,DR2,6045479005306844544,162313.70,-262721.0,18.62,19.15,17.69,3635,9.24,1.000,
W581,DR2,6045479112691895936,162313.72,-262605.9,17.66,18.18,16.82,3557,26.53,1.000,
W582,DR2,6045478047539890944,162313.73,-262950.4,16.47,16.99,15.75,3639,1.62,1.000,
W583,DR2,6045478047539895424,162313.78,-262943.9,18.01,18.51,17.18,3636,6.18,1.000,
W584,DR2,6045478150619148800,162313.78,-262842.7,15.99,16.58,15.20,3625,1.10,1.000,
W585,DR2,6045478150611530240,162313.78,-262819.0,19.06,19.48,18.06,3620,15.97,1.000,
W586,DR2,6045479112684354048,162313.79,-262610.5,14.90,15.50,13.97,3661,0.50,1.000,
W587,DR2,6045478150619152000,162313.80,-262836.8,16.67,17.17,15.93,3633,2.23,1.000,
W588,DR2,6045478150619140736,162313.81,-262855.0,18.60,19.07,17.69,3625,9.53,1.000,
W589,DR2,6045479009605100928,162313.83,-262645.6,18.47,18.96,17.58,3613,10.05,1.000,
W590,DR2,6045479009612643968,162313.86,-262728.2,18.85,19.36,17.90,3627,11.68,1.000,
W591,DR2,6045478150611534336,162313.90,-262813.6,16.24,16.76,15.49,3646,1.45,1.000,
W592,DR2,6045479795575614336,162313.94,-262355.2,18.37,18.90,17.35,3646,7.81,0.000,
W593,DR2,6045482857903435520,162313.96,-262244.4,18.80,19.33,17.82,3630,11.08,1.000,
W594,DR2,6045479795575652864,162313.97,-262324.2,18.76,19.29,17.78,3627,10.16,1.000,
W595,DR2,6045478043228513664,162314.01,-262909.8,18.96,19.45,17.98,3606,13.37,1.000,
W596,DR2,6045478043228452608,162314.04,-263003.3,19.04,19.43,18.03,3618,17.62,1.000,
W597,DR2,6045478150619148160,162314.04,-262840.0,17.44,17.93,16.66,3631,4.61,1.000,
W598,DR2,6045479902965934080,162314.05,-262250.0,18.12,18.69,17.25,3648,5.61,1.000,
W599,DR2,6045479009612635392,162314.16,-262745.2,17.11,17.12,16.17,3265,77.43,1.000,
W600,DR2,6045479009612661888,162314.17,-262643.4,17.87,18.54,16.98,3639,6.43,0.000,
W601,DR2,6045478150619164160,162314.25,-262809.8,17.98,18.50,17.12,3635,8.73,0.000,
W602,DR2,6045479112691892096,162314.25,-262609.1,17.53,18.05,16.74,3583,18.65,1.000,
W603,DR2,6045478146307789824,162314.28,-262820.5,18.71,19.21,17.77,3628,12.65,1.000,
W604,DR2,6045479799886712704,162314.30,-262310.1,18.28,18.86,17.38,3636,6.46,1.000,
W605,DR2,6045479692496364800,162314.31,-262423.1,18.98,19.43,18.06,3628,11.86,0.001,
W606,DR2,6045479726856130176,162314.32,-262409.9,18.80,19.31,17.80,3553,41.46,1.000,
W607,DR2,6045478150619145472,162314.32,-262842.2,16.88,17.40,16.14,3606,2.87,1.000,
W608,DR2,6045479009612634752,162314.39,-262744.4,13.38,13.66,12.90,3616,0.31,1.000,
W609,DR2,6045479795575638016,162314.45,-262335.3,18.98,19.40,17.96,3623,14.29,1.000,
W610,DR2,6045479043972401792,162314.48,-262638.1,17.44,17.92,16.65,3635,8.40,1.000,
W611,DR2,6045479696807465600,162314.49,-262507.3,18.27,18.82,17.38,3645,6.48,1.000,
W612,DR2,6045479009612656384,162314.49,-262651.2,16.21,16.76,15.45,3640,1.11,1.000,
W613,DR2,6045478047539885824,162314.50,-262949.1,18.43,18.89,17.55,3620,10.52,1.000,
W614,DR2,6045479112691902848,162314.51,-262537.2,16.74,17.28,15.99,3648,1.84,1.000,
W615,DR2,6045479112691898880,162314.52,-262549.0,16.90,17.73,15.94,3615,8.69,0.000,
W616,DR2,6045478043228479872,162314.54,-262939.0,18.77,19.23,17.83,3648,11.67,1.000,
W617,DR2,6045479112691883520,162314.60,-262624.1,17.69,18.23,16.90,3614,3.80,1.000,
W618,DR2,6045478081899651072,162314.64,-262908.2,17.61,18.22,16.71,3639,4.19,0.000,
W619,DR2,6045479795575648512,162314.66,-262325.5,18.46,19.01,17.46,3616,7.61,0.000,
W620,DR2,6045478047539888512,162314.67,-262944.2,17.83,18.31,17.03,3629,5.96,1.000,
W621,DR2,6045479731167222528,162314.67,-262404.6,14.88,15.54,14.05,3640,0.57,1.000,
W622,DR2,6045479795575614208,162314.68,-262355.1,18.06,18.62,17.19,3617,8.23,1.000,
W623,DR2,6045478047532084224,162314.72,-263006.5,16.26,16.60,15.32,3617,2.33,1.000,
W624,DR2,6045479108386060416,162314.72,-262558.8,18.19,18.66,17.29,2864,124.27,1.000,
W625,DR2,6045478081899646976,162314.76,-262911.9,16.70,17.22,15.96,3647,1.80,1.000,
W626,DR2,6045478146307781760,162314.77,-262839.4,18.07,18.55,17.20,3633,7.85,1.000,
W627,DR2,6045479005301338368,162314.78,-262726.8,17.00,17.53,16.25,3641,2.61,1.000,
W628,DR2,6045479112691889792,162314.78,-262608.4,18.37,,,3616,8.60,1.000,
W629,DR2,6045479108387567872,162314.82,-262606.0,18.00,18.43,17.05,3636,9.10,1.000,
W630,DR2,6045479043972400896,162314.82,-262636.7,17.34,17.85,16.55,3604,13.02,1.000,
W631,DR2,6045479112691899648,162314.84,-262544.0,19.06,19.49,18.03,2405,133.09,1.000,
W632,DR2,6045479486337859840,162314.86,-262528.0,17.99,18.51,17.15,3618,6.11,1.000,
W633,DR2,6045479009612650368,162314.91,-262700.7,17.67,18.18,16.88,3620,4.21,1.000,
W634,DR2,6045478081899650304,162314.94,-262906.3,17.34,17.85,16.56,3633,3.41,1.000,
W635,DR2,6045482892263184128,162314.94,-262141.2,19.12,19.65,18.03,3618,14.85,1.000,
W636,DR2,6045478150619154048,162314.98,-262822.9,16.33,16.87,15.50,3645,1.30,0.000,
W637,DR2,6045479799886706304,162314.00,-262335.2,17.21,17.76,16.38,3642,2.52,1.000,
W638,DR2,6045479692496338816,162315.00,-262450.1,18.89,19.37,17.91,3610,12.60,1.000,
W639,DR2,6045478150619147264,162315.01,-262832.2,16.74,17.25,16.01,3647,1.97,1.000,
W640,DR2,6045478047539873408,162315.01,-263002.3,16.07,16.63,15.32,3641,2.14,1.000,
W641,DR2,6045478047539900160,162315.01,-262924.0,17.16,17.66,16.40,3628,2.94,1.000,
W642,DR2,6045479112691895168,162315.01,-262555.1,14.08,14.82,13.22,3662,0.45,1.000,
W643,DR2,6045479009612647936,162315.06,-262705.8,18.17,18.17,16.88,3637,6.27,1.000,
W644,DR2,6045478150619145344,162315.06,-262835.5,16.70,17.21,15.98,3651,1.94,1.000,
W645,DR2,6045478081899640064,162315.07,-262920.3,16.51,17.03,15.77,3609,1.63,1.000,
W646,DR2,6045479799886702720,162315.09,-262347.5,17.03,17.59,16.25,3644,2.37,1.000,
W647,DR2,6045479043972397440,162315.11,-262640.4,14.94,15.61,14.09,3652,0.50,1.000,
W648,DR2,6045479490649027072,162315.11,-262527.4,18.14,18.63,17.28,3609,6.59,1.000,
W649,DR2,6045478047532115968,162315.11,-262946.4,16.60,17.06,15.79,3620,2.04,1.000,
W650,DR2,6045479009612638208,162315.13,-262729.0,17.99,18.51,17.17,3639,6.46,1.000,
W651,DR2,6045479902958471808,162315.18,-262246.0,16.81,17.51,15.83,3641,2.12,0.000,
W652,DR2,6045479043972394880,162315.20,-262644.4,18.03,18.52,17.18,3619,13.09,1.000,
W653,DR2,6045482892263182720,162315.22,-262145.5,19.05,19.58,18.08,3633,13.28,0.000,
W654,DR2,6045479731167223936,162315.23,-262352.7,17.83,18.39,16.99,3638,5.39,1.000,
W655,DR2,6045479112684340224,162315.25,-262606.7,18.29,18.82,17.42,3618,11.64,1.000,
W656,DR2,6045477841381436928,162315.25,-263006.0,16.61,17.01,15.73,3620,3.26,1.000,
W657,DR2,6045479486337859712,162315.25,-262532.7,17.97,18.16,16.96,3632,5.24,1.000,
W658,DR2,6045479731167221632,162315.26,-262402.6,18.15,18.69,17.27,3556,23.42,1.000,
W659,DR2,6045479009612649984,162315.26,-262658.6,18.45,18.92,17.54,3642,10.02,1.000,
W660,DR2,6045479043972399104,162315.27,-262636.5,16.20,16.75,15.43,3631,4.85,1.000,
W661,DR2,6045479490649028608,162315.28,-262521.6,17.53,18.00,16.71,3620,4.16,1.000,
W662,DR2,6045478150619158656,162315.33,-262810.9,17.94,18.06,17.00,3629,6.45,1.000,
W663,DR2,6045478150611499776,162315.38,-262823.0,19.04,19.51,18.05,3599,18.81,1.000,
W664,DR2,6045479043972403968,162315.38,-262623.9,17.63,18.14,16.85,3631,4.56,1.000,
W665,DR2,6045478253698375424,162315.38,-262808.3,16.11,16.66,15.36,3646,1.31,1.000,
W666,DR2,6045479108386061056,162315.42,-262600.7,18.14,18.59,17.15,3607,20.28,1.000,
W667,DR2,6045479112691895552,162315.42,-262550.6,18.05,18.51,17.16,3556,34.41,1.000,
W668,DR2,6045478249392601984,162315.43,-262738.6,18.67,19.56,17.47,2264,201.69,0.001,
W669,DR2,6045478150619156096,162315.44,-262814.3,18.98,19.25,17.69,3638,14.24,1.000,
W670,DR2,6045479696807468800,162315.44,-262448.1,17.17,17.71,16.40,3628,2.63,1.000,
W671,DR2,6045482892263179520,162315.46,-262156.8,17.97,18.52,17.12,3621,5.25,0.000,
W672,DR2,6045479043972389248,162315.47,-262654.6,17.50,18.00,16.72,3640,3.89,1.000,
W673,DR2,6045478146314903296,162315.48,-262828.6,17.34,17.73,16.37,3645,3.86,,N.D.
W674,DR2,6045479490649027712,162315.49,-262521.2,17.20,17.65,16.48,3632,3.17,0.000,
W675,DR2,6045479009612639488,162315.51,-262724.1,17.43,17.97,16.65,3613,3.55,1.000,
W676,DR2,6045478253698385280,162315.54,-262746.3,13.03,13.48,12.40,3692,0.29,0.000,
W677,DR2,6045477841381441920,162315.55,-262958.5,16.20,16.68,15.43,3620,1.53,1.000,
W678,DR2,6045479731167218304,162315.55,-262410.9,17.46,18.01,16.67,3624,4.79,1.000,
W679,DR2,6045482857903437696,162315.61,-262215.4,18.39,18.93,17.46,3556,30.96,1.000,
W680,DR2,6045478047539889792,162315.61,-262933.6,16.76,17.26,16.02,3625,2.94,1.000,
W681,DR2,6045479696807469824,162315.61,-262441.8,17.56,18.10,16.75,3634,3.76,1.000,
W682,DR2,6045479043972391936,162315.63,-262647.2,16.16,16.70,15.39,3650,1.45,1.000,
W683,DR2,6045479108381740160,162315.64,-262608.1,18.21,18.73,17.32,3637,8.37,1.000,
W684,DR2,6045479490649034496,162315.65,-262459.4,18.38,18.92,17.50,3624,7.60,1.000,
W685,DR2,6045479799886706560,162315.67,-262328.3,17.29,17.83,16.48,3618,3.19,1.000,
W686,DR2,6045477841373653120,162315.67,-262957.7,18.70,,,3620,14.05,0.000,
W687,DR2,6045479112691896320,162315.69,-262546.4,17.84,18.40,16.99,3608,7.72,0.000,
W688,DR2,6045478047539875968,162315.71,-262951.5,18.39,18.86,17.49,3631,15.12,1.000,
W689,DR2,6045479112691890944,162315.73,-262558.0,15.47,16.16,14.63,3628,1.68,1.000,
W690,DR2,6045479043972401536,162315.73,-262626.8,17.23,17.75,16.46,3630,2.94,1.000,
W691,DR2,6045478081899660800,162315.74,-262843.6,16.51,17.02,15.78,3649,1.46,1.000,
W692,DR2,6045478081899641600,162315.74,-262911.8,18.60,19.09,17.67,3623,10.12,1.000,
W693,DR2,6045479799886704256,162315.75,-262335.4,17.82,18.35,16.97,3628,5.26,1.000,
W694,DR2,6045479039661187712,162315.75,-262615.1,18.57,19.10,17.65,3614,8.82,1.000,
W695,DR2,6045479731167219200,162315.75,-262404.5,16.08,16.74,15.27,3636,1.39,1.000,
W696,DR2,6045478081899649280,162315.75,-262859.5,17.61,18.11,16.83,3632,3.70,1.000,
W697,DR2,6045477841381435776,162315.76,-263004.3,17.09,17.43,16.21,3631,4.07,0.031,
W698,DR2,6045479039668105728,162315.80,-262631.6,19.02,19.37,17.64,3613,16.30,1.000,
W699,DR2,6045479490641497472,162315.81,-262529.4,18.64,19.10,17.69,3625,10.70,1.000,
W700,DR2,6045478150619146496,162315.83,-262827.4,18.00,18.50,17.18,3642,6.61,1.000,
W701,DR2,6045477841373652736,162315.84,-262956.2,18.29,18.70,17.36,3624,10.18,1.000,
W702,DR2,6045477841381436800,162315.85,-263002.1,16.94,17.39,16.09,3619,3.55,1.000,
W703,DR2,6045482857903436672,162315.86,-262219.2,15.43,16.08,14.64,3615,1.06,0.000,
W704,DR2,6045479902965924096,162315.88,-262313.6,18.03,18.95,16.92,3637,5.56,0.045,
W705,DR2,6045479490649025664,162315.91,-262522.4,18.04,18.54,17.16,3660,7.65,1.000,
W706,DR2,6045478150619150080,162315.96,-262820.9,17.21,17.61,16.42,3631,2.88,1.000,
W707,DR2,6045477841373640448,162315.99,-262959.4,17.27,17.61,16.30,3638,4.92,1.000,
W708,DR2,6045479043972400640,162316.04,-262625.5,17.68,18.20,16.88,3616,4.77,1.000,
W709,DR2,6045479490649024128,162316.05,-262524.7,16.69,17.21,15.94,3645,1.73,1.000,
W710,DR2,6045477837070054912,162316.05,-262951.8,18.50,,,2760,136.65,1.000,
W711,DR2,6045479726862876800,162316.09,-262346.5,18.92,19.38,17.98,3644,12.32,0.025,
W712,DR2,6045478253698364416,162316.12,-262819.9,17.37,17.81,16.54,3636,3.30,1.000,
W713,DR2,6045479043972408576,162316.13,-262606.7,18.24,18.77,17.33,3631,7.27,1.000,
W714,DR2,6045477841381443328,162316.15,-262951.3,15.60,16.24,14.77,3620,7.32,1.000,
W715,DR2,6045479039661131392,162316.17,-262652.0,18.06,18.53,17.20,3627,6.61,1.000,
W716,DR2,6045479039661142528,162316.20,-262645.7,18.32,18.85,17.44,3628,10.90,1.000,
W717,DR2,6045479902965928448,162316.20,-262250.4,18.29,18.86,17.40,3635,7.82,0.000,
W718,DR2,6045478146313387136,162316.20,-262827.7,17.95,18.43,17.13,3635,5.51,1.000,
W719,DR2,6045478077588242560,162316.22,-262917.3,18.89,19.32,17.91,3631,12.97,1.000,
W720,DR2,6045479902965927040,162316.22,-262258.4,16.99,17.65,16.16,3636,2.22,0.010,
W721,DR2,6045479902965921280,162316.26,-262323.6,18.97,19.39,17.95,3632,14.69,1.000,
W722,DR2,6045479009612640640,162316.28,-262714.0,16.54,17.06,15.80,3628,2.35,1.000,
W723,DR2,6045477841373631616,162316.28,-263001.1,18.91,19.27,17.84,3635,23.62,1.000,
W724,DR2,6045478253690730112,162316.29,-262806.1,17.98,18.48,17.15,3617,5.63,1.000,
W725,DR2,6045478253698380288,162316.29,-262744.6,14.94,15.63,14.11,3627,2.03,1.000,
W726,DR2,6045479898661572224,162316.30,-262310.5,18.84,19.37,17.84,3625,10.98,0.000,
W727,DR2,6045479043972406400,162316.30,-262609.3,17.48,18.01,16.69,3632,3.56,1.000,
W728,DR2,6045479490649017856,162316.33,-262542.1,16.97,17.50,16.21,3631,2.33,1.000,
W729,DR2,6045478253698375552,162316.34,-262759.1,18.07,18.58,17.24,3598,6.30,1.000,
W730,DR2,6045478081899640448,162316.38,-262907.4,18.47,18.96,17.54,3637,9.74,1.000,
W731,DR2,6045479731167212544,162316.40,-262419.4,18.09,18.66,17.23,3636,5.57,1.000,
W732,DR2,6045478150611475072,162316.43,-262829.1,17.75,18.24,16.94,3627,4.21,1.000,
W733,DR2,6045479490649012352,162316.43,-262552.3,17.51,17.69,16.32,3600,3.94,,N.D.
W734,DR2,6045479039661176064,162316.44,-262623.0,18.88,19.33,17.93,3624,13.66,1.000,
W735,DR2,6045478081899652864,162316.47,-262849.6,16.04,16.61,15.29,3639,1.12,1.000,
W736,DR2,6045478253698369024,162316.48,-262809.0,17.09,17.62,16.34,3628,2.77,1.000,
W737,DR2,6045478249396832128,162316.49,-262747.2,18.93,19.15,17.84,3403,79.79,1.000,
W738,DR2,6045479731167220736,162316.50,-262352.4,18.79,19.24,17.89,3632,10.87,0.000,
W739,DR2,6045478253698377600,162316.50,-262754.2,17.01,17.53,16.26,3642,3.07,1.000,
W740,DR2,6045479490649022208,162316.50,-262528.2,17.91,18.37,17.03,3627,5.36,1.000,
W741,DR2,6045478081891867648,162316.52,-262927.4,18.35,18.78,17.44,3630,9.97,1.000,
W742,DR2,6045478081899662848,162316.52,-262831.9,17.18,17.64,16.32,3637,2.65,1.000,
W743,DR2,6045478253698393728,162316.59,-262717.3,19.08,19.48,18.07,3599,27.85,1.000,
W744,DR2,6045479898661577856,162316.59,-262255.1,18.70,19.22,17.66,3625,11.91,0.000,
W745,DR2,6045478077588236032,162316.63,-262924.0,16.92,16.94,15.92,3631,2.38,1.000,
W746,DR2,6045482887952193920,162316.63,-262153.3,18.67,19.25,17.69,3622,12.92,1.000,
W747,DR2,6045479902965932928,162316.64,-262227.6,17.87,18.41,17.03,3605,5.39,1.000,
W748,DR2,6045479731167209216,162316.67,-262430.1,18.73,19.27,17.79,3631,10.22,1.000,
W749,DR2,6045479834246442112,162316.68,-262327.7,17.84,18.33,16.91,3637,6.18,1.000,
W750,DR2,6045479490649027200,162316.71,-262512.1,18.16,18.66,17.30,3606,7.19,0.000,
W751,DR2,6045478249392602368,162316.73,-262749.0,19.07,19.50,18.02,3569,38.92,1.000,
W752,DR2,6045479525008774912,162316.73,-262443.3,17.77,18.60,16.76,3634,4.69,0.000,
W753,DR2,6045479490649028864,162316.74,-262507.3,17.03,17.56,16.26,3609,5.34,1.000,
W754,DR2,6045479043964807424,162316.74,-262646.6,17.82,17.89,16.72,3637,5.47,1.000,
W755,DR2,6045478253698359296,162316.79,-262820.8,16.88,17.39,16.14,3616,2.30,1.000,
W756,DR2,6045477875741183616,162316.80,-262942.7,17.72,18.18,16.86,3584,46.71,1.000,
W757,DR2,6045479902958449664,162316.82,-262317.4,18.80,19.29,17.81,3627,10.74,1.000,
W758,DR2,6045479043972387584,162316.85,-262647.3,16.53,17.03,15.76,3622,1.49,0.000,
W759,DR2,6045478081891858688,162316.88,-262927.7,18.37,18.85,17.49,3613,8.77,1.000,
W760,DR2,6045477841381440384,162316.89,-262948.3,12.59,13.39,11.71,3683,0.35,1.000,
W761,DR2,6045478081899645312,162316.89,-262854.6,17.93,18.25,17.00,3644,6.02,1.000,
W762,DR2,6045479834246441728,162316.93,-262328.0,18.08,18.62,17.22,3668,13.63,1.000,
W763,DR2,6045478253698386688,162316.96,-262730.5,17.18,17.68,16.42,3647,3.43,1.000,
W764,DR2,6045478081899635584,162316.96,-262911.6,16.11,16.65,15.37,3647,1.18,1.000,
W765,DR2,6045479421929531136,162316.96,-262558.2,17.67,18.19,16.88,3618,3.84,1.000,
W766,DR2,6045478253698362240,162316.97,-262814.6,16.06,16.66,15.29,3645,1.14,1.000,
W767,DR2,6045478081899656320,162317.04,-262838.1,16.70,17.20,15.95,3633,1.86,1.000,
W768,DR2,6045479902965926528,162317.04,-262252.4,18.73,19.46,17.67,3619,10.49,0.000,
W769,DR2,6045482887952209408,162317.04,-262138.3,18.36,18.90,17.48,3625,7.29,1.000,
W770,DR2,6045478288050537088,162317.05,-262710.1,18.77,19.07,17.77,2119,55.71,1.000,
W771,DR2,6045478081891844608,162317.08,-262934.2,19.02,19.00,17.80,3604,18.10,1.000,
W772,DR2,6045478184971208960,162317.11,-262825.0,18.84,19.19,17.79,3635,14.72,1.000,
W773,DR2,6045478253698368384,162317.11,-262804.7,16.67,17.20,15.91,3652,1.98,1.000,
W774,DR2,6045478081899621632,162317.14,-262929.3,18.42,18.88,17.51,3619,10.32,1.000,
W775,DR2,6045478253698383488,162317.18,-262734.1,16.54,17.06,15.80,3634,1.68,1.000,
W776,DR2,6045479043964809728,162317.18,-262639.2,18.83,19.21,17.68,3622,11.50,1.000,
W777,DR2,6045479490649013120,162317.25,-262543.7,17.47,18.25,16.49,3631,3.33,0.021,
W778,DR2,6045479490649023872,162317.25,-262513.7,17.79,18.33,16.94,3646,5.16,0.000,
W779,DR2,6045479490649030272,162317.28,-262458.2,13.67,14.44,12.80,3687,0.45,1.000,
W780,DR2,6045478249387038592,162317.29,-262759.5,18.73,19.18,17.78,3654,13.24,1.000,
W781,DR2,6045478184978878848,162317.30,-262823.4,16.96,17.46,16.20,3628,2.36,1.000,
W782,DR2,6045478253698384256,162317.32,-262731.4,18.07,18.43,17.18,3635,10.57,1.000,
W783,DR2,6045479043964837120,162317.32,-262614.1,19.12,19.33,17.91,3422,105.82,0.000,
W784,DR2,6045478081891857408,162317.33,-262924.6,18.92,19.32,17.92,3640,13.53,1.000,
W785,DR2,6045477875741179648,162317.35,-262941.1,17.01,17.43,16.16,3627,17.86,1.000,
W786,DR2,6045479043972387200,162317.35,-262643.3,18.73,19.18,17.69,3640,11.66,1.000,
W787,DR2,6045479937318220544,162317.39,-262206.9,14.90,15.69,13.97,3552,5.82,0.000,
W788,DR2,6045477875741176576,162317.42,-262945.5,17.75,18.23,16.91,3377,89.98,1.000,
W789,DR2,6045479043972400384,162317.46,-262612.7,16.69,17.19,15.94,3644,2.57,1.000,
W790,DR2,6045478077588272000,162317.46,-262851.4,19.10,19.50,18.09,3638,14.98,1.000,
W791,DR2,6045478081899625600,162317.46,-262920.2,17.30,17.77,16.53,3647,3.07,1.000,
W792,DR2,6045479043964813824,162317.48,-262634.1,18.55,18.99,17.64,3633,10.86,1.000,
W793,DR2,6045479490649012864,162317.49,-262541.6,17.55,18.07,16.77,3620,4.16,1.000,
W794,DR2,6045478253690740352,162317.51,-262747.0,18.29,18.74,17.40,3626,10.70,0.000,
W795,DR2,6045477841381426432,162317.54,-263000.2,17.20,17.68,16.44,3587,26.42,1.000,
W796,DR2,6045477875741171456,162317.56,-262950.3,16.25,16.74,15.51,3622,12.86,1.000,
W797,DR2,6045478253698377728,162317.59,-262743.7,15.47,16.42,14.48,3640,0.68,0.000,
W798,DR2,6045477875741180032,162317.63,-262939.1,16.63,17.08,15.84,3612,3.18,1.000,
W799,DR2,6045478288058130304,162317.63,-262710.6,13.01,13.62,12.24,3671,0.58,1.000,
W800,DR2,6045479490649014016,162317.63,-262536.1,18.10,18.60,17.26,3613,7.19,1.000,
W801,DR2,6045479043972388864,162317.65,-262635.0,17.56,18.07,16.77,3642,3.89,1.000,
W802,DR2,6045479520697649664,162317.67,-262451.3,18.72,19.26,17.74,3237,109.85,1.000,
W803,DR2,6045479937325669632,162317.70,-262222.8,17.39,17.96,16.57,3623,3.70,1.000,
W804,DR2,6045479043964796288,162317.70,-262650.2,18.25,18.74,17.38,3624,7.73,1.000,
W805,DR2,6045477875733390464,162317.72,-262939.2,18.93,19.12,17.39,3617,32.79,1.000,
W806,DR2,6045478184978872576,162317.72,-262830.1,17.61,18.12,16.82,3646,4.10,1.000,
W807,DR2,6045479902965926272,162317.74,-262246.0,19.09,19.86,17.92,3649,13.72,0.011,
W808,DR2,6045479520697649536,162317.76,-262501.6,18.14,18.60,17.25,2830,175.97,1.000,
W809,DR2,6045478081891934720,162317.79,-262846.5,18.82,18.97,17.69,3610,14.67,1.000,
W810,DR2,6045479829935396224,162317.79,-262318.5,19.09,19.63,18.00,3605,21.38,0.000,
W811,DR2,6045482887958834944,162317.80,-262145.6,18.80,19.25,17.89,3611,14.02,0.000,
W812,DR2,6045478253690708224,162317.81,-262804.0,19.16,19.52,18.10,3653,16.13,1.000,
W813,DR2,6045479043972384640,162317.82,-262646.7,17.48,17.99,16.71,3630,3.40,1.000,
W814,DR2,6045479490649013888,162317.83,-262535.0,18.22,18.71,17.33,3615,8.25,1.000,
W815,DR2,6045479421929519616,162317.84,-262614.6,16.22,16.88,15.40,3645,1.29,0.126,
W816,DR2,6045478077588240000,162317.85,-262917.2,18.96,19.37,17.94,3650,23.07,1.000,
W817,DR2,6045478184978864128,162317.85,-262840.3,17.20,17.67,16.42,3652,3.78,1.000,
W818,DR2,6045479937325675008,162317.88,-262203.1,13.67,13.97,13.20,3541,1.15,1.000,
W819,DR2,6045479520697665536,162317.90,-262431.9,18.19,18.73,17.36,3627,6.10,1.000,
W820,DR2,6045478253691482752,162317.93,-262738.7,20.87,20.36,19.41,3592,47.22,,N.D.
W821,DR2,6045479421929527424,162317.93,-262557.4,17.74,18.25,16.94,3613,5.04,1.000,
W822,DR2,6045478081899640576,162317.95,-262850.4,17.32,17.73,16.24,3633,3.91,1.000,
W823,DR2,6045478081899629440,162317.95,-262910.0,17.31,17.77,16.51,3635,10.63,1.000,
W824,DR2,6045478184978873472,162318.00,-262825.8,18.04,18.53,17.16,3632,6.39,1.000,
W825,DR2,6045479933014660352,162318.04,-262230.2,17.97,18.57,17.00,3628,5.55,0.006,
W826,DR2,6045478253698362752,162318.06,-262803.3,17.77,18.13,16.93,3639,4.73,1.000,
W827,DR2,6045478180674685568,162318.07,-262809.4,19.14,19.30,18.21,3596,16.14,0.000,
W828,DR2,6045478184971151744,162318.10,-262842.3,15.91,16.52,15.07,3644,1.00,1.000,
W829,DR2,6045482887958839040,162318.10,-262144.1,18.17,18.69,17.28,3611,7.67,1.000,
W830,DR2,6045479490641487232,162318.11,-262520.8,18.99,19.45,18.02,3618,14.27,1.000,
W831,DR2,6045477871429769472,162318.13,-262955.5,18.11,18.46,17.20,3637,15.93,1.000,
W832,DR2,6045477875733391744,162318.13,-262934.7,18.49,18.87,17.49,3649,12.86,1.000,
W833,DR2,6045479525008774144,162318.14,-262432.4,18.21,18.73,17.34,3633,6.10,1.000,
W834,DR2,6045479525008768896,162318.16,-262448.0,18.10,18.60,17.24,3614,10.96,1.000,
W835,DR2,6045478184978876416,162318.18,-262820.2,18.51,18.95,17.52,3624,10.39,0.002,
W836,DR2,6045479525008766848,162318.20,-262454.5,16.27,16.87,15.49,3598,2.39,0.000,
W837,DR2,6045478081899629696,162318.22,-262907.6,14.39,15.08,13.56,3647,0.46,1.000,
W838,DR2,6045478288058125568,162318.23,-262717.5,17.70,18.21,16.90,3605,25.50,1.000,
W839,DR2,6045478253698362624,162318.24,-262800.9,17.26,17.45,15.98,3635,3.07,0.000,
W840,DR2,6045479525008763904,162318.24,-262500.8,16.72,17.25,15.97,3632,3.19,1.000,
W841,DR2,6045479834238939392,162318.25,-262343.0,18.64,18.24,16.92,2528,107.80,1.000,
W842,DR2,6045477875733345664,162318.28,-262954.0,18.53,18.98,17.60,3638,16.96,1.000,
W843,DR2,6045477875733369856,162318.29,-262942.5,18.07,18.45,17.07,3626,7.96,1.000,
W844,DR2,6045479421929532032,162318.29,-262541.7,16.58,17.10,15.83,3633,1.60,1.000,
W845,DR2,6045478184978856832,162318.30,-262847.7,17.07,17.56,16.32,3648,3.09,1.000,
W846,DR2,6045477875741186048,162318.31,-262925.5,18.47,18.95,17.57,3644,9.62,1.000,
W847,DR2,6045478184978880256,162318.31,-262811.8,18.05,18.50,17.14,3602,7.56,1.000,
W848,DR2,6045477875741175808,162318.31,-262937.6,16.27,16.76,15.55,3660,1.57,1.000,
W849,DR2,6045478288058135552,162318.32,-262652.3,17.13,17.64,16.37,3613,2.60,1.000,
W850,DR2,6045478184978864512,162318.33,-262835.4,17.49,18.00,16.70,3622,5.44,1.000,
W851,DR2,6045477875741178112,162318.43,-262934.7,17.04,17.26,16.02,3657,3.34,1.000,
W852,DR2,6045478288058127872,162318.45,-262709.6,16.80,17.28,16.04,3576,19.51,1.000,
W853,DR2,6045479834246439296,162318.48,-262322.2,18.40,18.90,17.51,3617,19.44,1.000,
W854,DR2,6045479421929514240,162318.48,-262619.7,17.03,17.55,16.28,3627,2.31,1.000,
W855,DR2,6045479490641474688,162318.48,-262528.3,18.20,18.69,17.35,3614,7.02,1.000,
W856,DR2,6045477875741168384,162318.49,-262946.0,18.25,18.71,17.37,3645,10.04,1.000,
W857,DR2,6045477875733383680,162318.50,-262934.5,18.47,,,3650,11.27,1.000,
W858,DR2,6045479834238953216,162318.52,-262331.3,18.71,19.23,17.76,1180,84.96,0.000,
W859,DR2,6045478288058112640,162318.53,-262740.5,18.34,18.79,17.42,3636,8.55,1.000,
W860,DR2,6045477875733389952,162318.55,-262929.6,19.57,,,3635,17.87,1.000,
W861,DR2,6045479520702923264,162318.56,-262501.6,18.49,19.00,17.58,3627,12.98,1.000,
W862,DR2,6045478288058128128,162318.59,-262706.9,16.46,17.18,15.57,3595,3.58,0.000,
W863,DR2,6045477875733390080,162318.59,-262931.1,17.89,18.25,16.96,3647,6.76,0.000,
W864,DR2,6045479525001229184,162318.60,-262511.2,18.69,19.16,17.76,3623,10.53,1.000,
W865,DR2,6045479421929524352,162318.62,-262557.6,16.71,17.35,15.89,3621,1.73,0.000,
W866,DR2,6045478184978853504,162318.64,-262851.2,18.45,18.52,17.29,3639,8.63,1.000,
W867,DR2,6045478283746872320,162318.65,-262701.4,19.00,19.38,17.97,3619,20.20,1.000,
W868,DR2,6045479933014675840,162318.65,-262215.2,18.33,18.87,17.44,3627,9.58,1.000,
W869,DR2,6045479834246432896,162318.68,-262343.6,10.76,11.82,9.76,3681,0.29,1.000,
W870,DR2,6045479043972386176,162318.68,-262632.0,18.80,19.22,17.70,3622,13.11,0.000,
W871,DR2,6045478184971116800,162318.69,-262856.5,18.42,18.85,17.53,3635,9.49,1.000,
W872,DR2,6045479937325664384,162318.71,-262238.7,17.93,18.49,17.10,3622,5.09,1.000,
W873,DR2,6045479043972384768,162318.71,-262637.5,17.52,17.85,16.50,3634,3.83,1.000,
W874,DR2,6045478081899624448,162318.72,-262909.6,18.12,18.57,17.25,1972,164.63,1.000,
W875,DR2,6045478283746917248,162318.73,-262646.0,18.26,18.75,17.42,3631,6.67,1.000,
W876,DR2,6045479490649014400,162318.73,-262526.5,17.30,17.82,16.53,3632,2.88,1.000,
W877,DR2,6045478184978876160,162318.73,-262815.2,15.85,16.52,15.02,3638,0.91,1.000,
W878,DR2,6045477875741172608,162318.79,-262938.3,17.41,17.87,16.63,3657,4.24,1.000,
W879,DR2,6045478249387053824,162318.81,-262752.0,17.70,18.18,16.89,3629,4.91,1.000,
W880,DR2,6045479520704491776,162318.82,-262508.8,18.86,19.32,17.85,3637,12.80,1.000,
W881,DR2,6045478253698369920,162318.83,-262745.6,17.39,17.89,16.62,3634,3.48,1.000,
W882,DR2,6045478184978882304,162318.84,-262801.9,17.81,18.30,16.98,3641,5.48,1.000,
W883,DR2,6045478288058110848,162318.87,-262740.2,18.15,18.63,17.29,3637,6.97,1.000,
W884,DR2,6045477875733378560,162318.88,-262933.8,18.47,18.86,17.47,3640,13.81,1.000,
W885,DR2,6045478180667503104,162318.88,-262839.0,18.28,18.73,17.38,3637,9.71,0.000,
W886,DR2,6045479834239303424,162318.92,-262336.0,18.03,18.36,16.87,1107,196.66,1.000,
W887,DR2,6045477875741167744,162318.96,-262941.8,16.96,17.49,16.17,3636,2.64,0.000,
W888,DR2,6045477875733301760,162318.00,-263001.2,17.72,18.11,16.86,3632,8.48,1.000,
W889,DR2,6045477875733394432,162319.00,-262925.6,17.14,17.49,16.23,3658,3.09,1.000,
W890,DR2,6045478283753913472,162319.02,-262644.2,17.33,17.83,16.50,3646,3.29,1.000,
W891,DR2,6045479525008775936,162319.04,-262418.3,16.77,17.04,15.88,3623,2.04,1.000,
W892,DR2,6045477875741182464,162319.07,-262922.9,16.37,16.87,15.63,3655,1.62,1.000,
W893,DR2,6045477871429794304,162319.07,-262934.5,18.07,17.90,16.62,3643,9.36,,N.D.
W894,DR2,6045477875741191168,162319.08,-262911.3,14.90,15.55,14.10,3644,0.54,0.000,
W895,DR2,6045478180673127296,162319.14,-262851.7,17.03,17.52,16.29,3637,3.14,1.000,
W896,DR2,6045477875741171072,162319.14,-262936.3,17.82,18.25,16.95,3637,6.84,1.000,
W897,DR2,6045479525008777472,162319.15,-262411.3,17.78,18.08,16.87,3639,6.97,1.000,
W898,DR2,6045479525008763136,162319.15,-262454.1,17.15,17.67,16.40,3635,2.75,1.000,
W899,DR2,6045477875733413120,162319.16,-262915.4,18.27,18.64,17.26,3405,39.76,1.000,
W900,DR2,6045478184978864768,162319.17,-262827.5,17.64,18.08,16.83,3627,4.56,1.000,
W901,DR2,6045478184978887296,162319.17,-262752.4,17.12,17.48,16.24,3641,2.81,1.000,
W902,DR2,6045477871439704064,162319.19,-263000.9,16.91,17.00,15.76,3661,3.76,1.000,
W903,DR2,6045478184971102208,162319.22,-262857.4,18.20,18.64,17.32,3623,7.88,1.000,
W904,DR2,6045479525008754304,162319.26,-262518.0,17.51,18.02,16.74,3627,3.77,1.000,
W905,DR2,6045479525001272448,162319.27,-262409.6,18.56,18.74,17.53,3600,16.49,0.001,
W906,DR2,6045479417618334208,162319.27,-262557.4,18.96,19.36,18.00,3621,12.26,1.000,
W907,DR2,6045506359965291008,162319.29,-262129.2,16.53,17.11,15.76,3612,2.39,1.000,
W908,DR2,6045477974514697344,162319.32,-262906.7,17.57,18.04,16.78,3622,9.14,1.000,
W909,DR2,6045478288050505088,162319.34,-262711.0,16.75,17.21,15.97,3646,2.10,1.000,
W910,DR2,6045503405027790976,162319.36,-262137.6,17.34,17.85,16.41,3610,4.85,1.000,
W911,DR2,6045478184978859136,162319.36,-262832.0,17.58,18.09,16.79,3635,4.09,1.000,
W912,DR2,6045478288050465792,162319.40,-262734.8,17.29,17.71,16.44,3633,3.64,1.000,
W913,DR2,6045478184978844928,162319.41,-262855.4,16.61,16.57,15.69,3637,2.03,0.000,
W914,DR2,6045478184978848384,162319.42,-262851.7,18.45,18.84,17.46,3621,18.31,1.000,
W915,DR2,6045478180667547904,162319.42,-262810.0,18.48,18.94,17.58,3633,8.89,1.000,
W916,DR2,6045478283746839424,162319.45,-262719.7,18.75,19.09,17.75,3635,12.07,1.000,
W917,DR2,6045478288050524160,162319.46,-262653.6,17.68,17.46,16.39,3629,4.30,1.000,
W918,DR2,6045479421929520896,162319.48,-262558.1,18.59,19.05,17.68,3626,9.64,1.000,
W919,DR2,6045477871435482368,162319.48,-262958.9,17.95,18.52,17.04,3652,9.65,0.000,
W920,DR2,6045479421929525248,162319.49,-262547.2,17.17,17.69,16.42,3627,2.83,1.000,
W921,DR2,6045477871429792768,162319.49,-262930.0,18.24,18.70,17.35,3637,7.40,1.000,
W922,DR2,6045478666015260544,162319.50,-262635.1,18.75,19.17,17.84,3626,11.93,1.000,
W923,DR2,6045477871429784320,162319.51,-262945.8,16.68,17.15,15.92,3638,1.96,1.000,
W924,DR2,6045477875741165056,162319.52,-262941.6,18.24,18.66,17.36,3641,7.50,1.000,
W925,DR2,6045479829935383936,162319.54,-262352.3,17.16,17.69,16.38,3489,87.72,1.000,
W926,DR2,6045477978820404096,162319.54,-262909.1,16.94,17.38,16.09,3601,5.81,,N.D.
W927,DR2,6045478288058123904,162319.54,-262708.0,17.26,17.29,15.99,3641,2.94,1.000,
W928,DR2,6045479525008761728,162319.54,-262454.1,19.11,19.34,17.86,3623,13.95,1.000,
W929,DR2,6045477875733280640,162319.56,-263002.8,19.27,,,3590,35.43,0.000,
W930,DR2,6045477875733365888,162319.58,-262932.7,18.22,18.69,17.34,3654,7.69,1.000,
W931,DR2,6045478180667517440,162319.60,-262829.1,19.24,19.32,17.80,3643,18.03,1.000,
W932,DR2,6045478288050465536,162319.61,-262736.3,16.88,17.35,16.10,3629,2.44,1.000,
W933,DR2,6045479421929511168,162319.62,-262616.5,16.69,17.22,15.95,3622,1.84,1.000,
W934,DR2,6045478288058117760,162319.62,-262719.5,18.42,18.84,17.51,3639,9.26,1.000,
W935,DR2,6045478184978863744,162319.65,-262823.7,18.37,18.81,17.48,3614,9.05,1.000,
W936,DR2,6045478661711047168,162319.67,-262637.3,18.52,18.95,17.62,3597,9.24,1.000,
W937,DR2,6045479628087995008,162319.71,-262359.3,16.99,17.51,16.23,3614,6.20,1.000,
W938,DR2,6045479417627941248,162319.72,-262611.9,18.34,18.54,17.31,3637,8.65,1.000,
W939,DR2,6045478184971197696,162319.73,-262807.2,18.30,18.75,17.43,3609,9.87,1.000,
W940,DR2,6045479456289277440,162319.74,-262514.5,17.61,18.11,16.81,3641,4.15,1.000,
W941,DR2,6045478283753926656,162319.80,-262704.3,18.58,19.01,17.65,3629,13.04,1.000,
W942,DR2,6045478283746823296,162319.82,-262724.6,18.64,18.93,17.60,3646,10.67,1.000,
W943,DR2,6045479829935390080,162319.82,-262322.6,19.12,19.53,18.27,3472,56.67,0.000,
W944,DR2,6045478219338625920,162319.83,-262746.1,16.95,17.43,16.16,3646,2.31,1.000,
W945,DR2,6045478184971160832,162319.84,-262822.5,18.92,19.32,17.95,3621,15.02,1.000,
W946,DR2,6045479834246439168,162319.86,-262309.5,18.85,19.34,17.92,3627,11.16,0.000,
W947,DR2,6045479868606181376,162319.86,-262252.1,17.97,18.48,16.95,3634,5.24,0.000,
W948,DR2,6045478180667491712,162319.91,-262846.3,19.14,19.48,18.13,3633,16.34,1.000,
W949,DR2,6045477974509041152,162319.91,-262909.1,17.78,18.21,16.94,3620,7.78,1.000,
W950,DR2,6045479421929515520,162319.93,-262604.1,17.19,17.71,16.42,3604,5.61,1.000,
W951,DR2,6045478219338619520,162319.93,-262754.2,17.13,17.81,16.24,3639,2.96,0.000,
W952,DR2,6045479421921923968,162319.95,-262624.1,19.02,19.39,18.02,3598,28.46,1.000,
W953,DR2,6045478180668947328,162319.97,-262827.1,19.07,19.37,18.02,3630,16.23,1.000,
W954,DR2,6045478288058115200,162320.00,-262722.1,17.66,18.02,16.61,3649,4.39,1.000,
W955,DR2,6045479421929525888,162320.02,-262540.8,17.88,18.39,17.07,3623,5.48,1.000,
W956,DR2,6045477875733343104,162320.02,-262938.6,17.60,17.82,16.57,3629,5.33,1.000,
W957,DR2,6045477978820408576,162320.03,-262859.0,17.04,17.54,16.28,3654,3.12,1.000,
W958,DR2,6045477978812625920,162320.06,-262908.4,18.62,19.13,17.45,3638,12.12,0.000,
W959,DR2,6045478180667516032,162320.06,-262831.3,18.48,18.90,17.57,3638,11.05,1.000,
W960,DR2,6045478288050508288,162320.07,-262702.8,18.81,19.22,17.84,3631,12.82,1.000,
W961,DR2,6045478180667516160,162320.07,-262836.1,18.52,18.89,17.55,3607,12.80,1.000,
W962,DR2,6045478283746882176,162320.09,-262654.4,19.10,19.51,18.06,3646,15.95,1.000,
W963,DR2,6045479868606179200,162320.11,-262301.3,18.45,19.01,17.55,3611,7.65,1.000,
W964,DR2,6045478184971154304,162320.12,-262823.7,19.07,19.44,18.04,3620,16.35,1.000,
W965,DR2,6045477875741140608,162320.13,-263002.1,17.04,17.53,16.31,3635,3.61,1.000,
W966,DR2,6045479628087990912,162320.15,-262409.4,18.75,19.35,17.77,3641,10.51,0.000,
W967,DR2,6045479417618360064,162320.15,-262546.3,17.13,17.55,16.08,3616,2.66,0.000,
W968,DR2,6045478666015260160,162320.17,-262629.6,15.80,16.56,14.70,3644,1.06,0.000,
W969,DR2,6045479421929523200,162320.18,-262546.2,18.29,,,3634,2.51,,N.D.
W970,DR2,6045477871429814016,162320.19,-262943.6,17.73,17.99,16.81,3658,6.43,1.000,
W971,DR2,6045478288058108800,162320.20,-262731.9,17.63,18.10,16.83,3632,4.88,1.000,
W972,DR2,6045477875741163520,162320.21,-262935.3,16.69,16.84,15.62,3654,2.11,1.000,
W973,DR2,6045478180668783616,162320.22,-262841.8,19.03,19.31,17.77,3603,15.72,1.000,
W974,DR2,6045478184978868352,162320.27,-262813.7,16.76,17.27,16.01,3618,2.32,1.000,
W975,DR2,6045478219338613120,162320.28,-262803.5,15.87,16.51,15.06,3646,1.00,1.000,
W976,DR2,6045477875741157632,162320.28,-262941.0,18.89,,17.25,3650,18.82,1.000,
W977,DR2,6045477875733369600,162320.30,-262923.7,18.82,19.23,17.84,3603,14.48,1.000,
W978,DR2,6045478288050510976,162320.33,-262658.8,18.76,19.18,17.80,3624,11.86,1.000,
W979,DR2,6045479829942164096,162320.33,-262335.7,18.67,19.14,17.76,3616,15.45,1.000,
W980,DR2,6045479421929520256,162320.33,-262550.6,17.98,18.47,17.15,3633,8.58,1.000,
W981,DR2,6045478288050498944,162320.36,-262704.0,18.93,19.34,17.96,3649,14.61,1.000,
W982,DR2,6045477875741162112,162320.37,-262937.0,18.22,18.65,17.28,3657,9.82,1.000,
W983,DR2,6045478184971098624,162320.39,-262847.8,18.59,18.85,17.62,3602,13.23,1.000,
W984,DR2,6045477875733314944,162320.39,-262945.0,18.89,18.89,17.50,3654,19.05,1.000,
W985,DR2,6045479834246435968,162320.42,-262315.5,17.72,18.26,16.93,3625,5.25,1.000,
W986,DR2,6045477978820392576,162320.42,-262916.0,18.42,18.87,17.53,3629,11.89,1.000,
W987,DR2,6045477871431126272,162320.42,-262951.4,17.77,18.24,16.93,3650,6.04,1.000,
W988,DR2,6045477974509049856,162320.43,-262900.9,18.25,18.74,17.39,3627,8.86,1.000,
W989,DR2,6045479525008761472,162320.49,-262447.5,17.39,17.99,16.52,3630,3.49,0.000,
W990,DR2,6045479421929514496,162320.49,-262600.4,14.99,15.65,14.15,3627,0.51,1.000,
W991,DR2,6045477875741167488,162320.49,-262927.0,16.26,16.77,15.51,3659,1.50,1.000,
W992,DR2,6045477875733336064,162320.50,-262937.0,17.99,18.37,17.10,3665,9.72,1.000,
W993,DR2,6045478215032866432,162320.51,-262754.3,17.48,17.92,16.67,3634,5.27,1.000,
W994,DR2,6045478184971122560,162320.54,-262835.9,18.76,18.87,17.62,3605,28.64,1.000,
W995,DR2,6045479834246431488,162320.54,-262330.8,17.30,17.81,16.53,3627,3.28,1.000,
W996,DR2,6045478184978845056,162320.55,-262845.7,16.47,16.97,15.73,3642,2.10,1.000,
W997,DR2,6045479834246426368,162320.56,-262346.0,17.12,17.64,16.36,3609,5.50,1.000,
W998,DR2,6045479421929515648,162320.57,-262558.1,17.32,17.82,16.44,3622,7.68,1.000,
W999,DR2,6045478184978859904,162320.57,-262818.8,16.37,16.88,15.63,3637,1.54,1.000,
W1000,DR2,6045478666015261568,162320.58,-262622.6,16.44,16.96,15.70,3647,1.75,1.000,
W1001,DR2,6045477807013778304,162320.60,-263002.3,18.24,18.64,17.28,3659,11.69,1.000,
W1002,DR2,6045479417619388544,162320.63,-262552.9,18.15,18.72,17.16,3615,15.07,0.000,
W1003,DR2,6045478666015250304,162320.64,-262647.5,16.63,17.14,15.89,3625,3.38,1.000,
W1004,DR2,6045479829942169344,162320.64,-262340.2,18.94,19.24,18.02,3615,12.58,0.000,
W1005,DR2,6045477875741152512,162320.66,-262943.6,16.33,16.85,15.59,3651,1.68,1.000,
W1006,DR2,6045478184978852608,162320.68,-262834.3,15.87,16.49,15.05,3597,3.77,1.000,
W1007,DR2,6045477875733271168,162320.68,-262955.8,18.35,18.65,17.23,3660,9.70,1.000,
W1008,DR2,6045477978820388224,162320.68,-262919.5,16.29,16.66,15.48,3633,1.62,1.000,
W1009,DR2,6045478219338613632,162320.71,-262757.2,16.77,16.82,15.50,3636,2.31,1.000,
W1010,DR2,6045478184971130368,162320.73,-262829.3,18.81,18.04,17.22,3568,20.58,1.000,
W1011,DR2,6045479421929520000,162320.74,-262547.4,17.92,18.38,17.08,3648,6.71,1.000,
W1012,DR2,6045478184978854272,162320.74,-262828.2,18.76,18.68,17.16,3616,15.52,1.000,
W1013,DR2,6045478283748011392,162320.75,-262721.0,18.78,19.21,17.85,3623,11.53,1.000,
W1014,DR2,6045478666015263232,162320.77,-262616.9,16.73,17.57,15.77,3638,2.09,0.000,
W1015,DR2,6045479937318194176,162320.78,-262228.4,18.84,19.12,17.75,1292,104.47,1.000,
W1016,DR2,6045477978820388096,162320.78,-262917.6,17.43,17.85,16.63,3655,5.43,1.000,
W1017,DR2,6045478184978860032,162320.78,-262818.6,17.08,17.56,16.32,3649,3.36,1.000,
W1018,DR2,6045479456281716480,162320.79,-262523.5,18.59,18.92,17.56,3621,10.26,1.000,
W1019,DR2,6045477978820413952,162320.80,-262844.7,17.17,17.67,16.40,3643,3.63,1.000,
W1020,DR2,6045478288058118144,162320.84,-262707.5,18.37,18.82,17.49,3627,8.56,1.000,
W1021,DR2,6045478219330959232,162320.85,-262742.1,18.64,18.96,17.54,3626,12.12,1.000,
W1022,DR2,6045477875741155200,162320.90,-262938.4,17.51,18.01,16.72,3665,5.11,1.000,
W1023,DR2,6045477978812558592,162320.93,-262930.1,18.80,19.14,17.75,3649,16.53,1.000,
W1024,DR2,6045478184971118464,162320.94,-262834.8,18.83,19.10,17.77,3403,40.11,1.000,
W1025,DR2,6045477978820397312,162320.94,-262905.9,17.27,17.74,16.50,3639,3.26,1.000,
W1026,DR2,6045478219338606208,162320.95,-262807.8,18.62,19.09,17.70,3630,11.60,1.000,
W1027,DR2,6045477978812645248,162320.95,-262847.2,17.06,17.44,16.02,3652,3.36,1.000,
W1028,DR2,6045479937325662720,162320.96,-262223.9,17.67,17.91,16.48,3418,46.43,1.000,
W1029,DR2,6045479868606172800,162320.97,-262315.6,17.22,17.74,16.44,3625,3.79,1.000,
W1030,DR2,6045479421929517952,162320.97,-262548.6,16.63,17.15,15.88,3639,1.86,1.000,
W1031,DR2,6045479456289262848,162320.98,-262535.3,18.12,18.52,17.21,3635,6.13,1.000,
W1032,DR2,6045479868606281984,162321.01,-262255.3,18.70,19.12,17.84,3640,10.41,0.000,
W1033,DR2,6045477875733264256,162321.04,-262954.3,18.11,18.56,17.23,3641,8.21,1.000,
W1034,DR2,6045477978820382080,162321.04,-262923.6,17.68,18.14,16.84,3643,6.48,1.000,
W1035,DR2,6045478283753951232,162321.06,-262723.1,18.17,18.65,17.30,3624,6.51,1.000,
W1036,DR2,6045479456281704704,162321.09,-262533.1,18.68,19.05,17.59,3634,10.76,1.000,
W1037,DR2,6045479628087996288,162321.11,-262339.3,18.02,18.55,17.20,3629,5.70,1.000,
W1038,DR2,6045478219338617088,162321.12,-262746.5,16.83,17.27,16.02,3649,2.25,1.000,
W1039,DR2,6045478219338628352,162321.13,-262729.7,18.06,18.48,17.08,3634,6.05,1.000,
W1040,DR2,6045479868606185088,162321.13,-262229.3,14.38,14.89,13.70,3554,1.49,0.000,
W1041,DR2,6045478219330939776,162321.13,-262752.1,18.95,19.28,17.91,3617,12.37,1.000,
W1042,DR2,6045477871429813888,162321.14,-262935.9,17.74,18.26,16.90,3645,5.96,0.000,
W1043,DR2,6045478184978845184,162321.15,-262837.8,17.40,17.75,16.30,3606,15.24,1.000,
W1044,DR2,6045479451983448448,162321.15,-262507.5,18.40,18.88,17.51,3627,7.86,1.000,
W1045,DR2,6045479520702925056,162321.16,-262447.2,19.17,19.54,18.09,3555,40.60,1.000,
W1046,DR2,6045479868606182272,162321.16,-262239.3,16.79,17.33,16.04,3618,6.41,1.000,
W1047,DR2,6045477978820385792,162321.16,-262918.1,16.56,17.07,15.82,3639,2.48,1.000,
W1048,DR2,6045477978812671104,162321.17,-262839.7,17.88,17.77,16.70,3603,22.07,1.000,
W1049,DR2,6045478184978857600,162321.17,-262819.8,17.90,18.38,17.04,3620,6.01,1.000,
W1050,DR2,6045477974514698240,162321.18,-262903.4,19.09,19.41,17.90,3632,21.45,1.000,
W1051,DR2,6045477978820406912,162321.20,-262850.0,17.51,17.98,16.71,3654,5.71,1.000,
W1052,DR2,6045478215027293952,162321.20,-262801.4,18.62,18.97,17.55,3617,10.86,1.000,
W1053,DR2,6045477978812545408,162321.23,-262931.7,16.86,17.13,15.93,3652,2.68,1.000,
W1054,DR2,6045479456289280512,162321.24,-262453.4,16.32,16.69,15.48,3635,1.34,1.000,
W1055,DR2,6045479456289267456,162321.28,-262521.5,17.31,17.80,16.54,3637,3.22,1.000,
W1056,DR2,6045477978812648576,162321.29,-262844.9,17.95,18.41,17.11,3601,23.57,1.000,
W1057,DR2,6045478215027327232,162321.31,-262753.8,17.27,17.75,16.47,3632,3.23,1.000,
W1058,DR2,6045478666015254784,162321.32,-262631.7,18.60,18.98,17.63,3577,22.16,1.000,
W1059,DR2,6045478215027329408,162321.32,-262814.0,18.67,19.05,17.63,3615,15.08,1.000,
W1060,DR2,6045477807013786240,162321.32,-262951.0,18.29,18.55,17.23,3623,10.50,1.000,
W1061,DR2,6045478219338619776,162321.32,-262740.6,17.35,17.83,16.58,3640,4.20,1.000,
W1062,DR2,6045478288058114560,162321.32,-262711.5,17.12,17.61,16.36,3628,2.67,1.000,
W1063,DR2,6045479868606170880,162321.33,-262319.0,16.71,17.24,15.96,3619,2.07,1.000,
W1064,DR2,6045477871429814272,162321.34,-262940.6,17.94,18.48,17.04,3645,7.16,1.000,
W1065,DR2,6045479520702925440,162321.34,-262448.4,18.53,19.01,17.61,3597,16.53,1.000,
W1066,DR2,6045479456289280384,162321.37,-262452.4,16.98,17.40,16.17,3645,2.82,1.000,
W1067,DR2,6045478666015256576,162321.39,-262627.8,15.78,16.33,15.03,3616,1.99,0.000,
W1068,DR2,6045478184978847616,162321.40,-262833.9,13.85,14.59,13.00,3673,0.51,1.000,
W1069,DR2,6045479451978145024,162321.40,-262507.7,18.32,18.85,17.43,3635,7.34,1.000,
W1070,DR2,6045477871429776896,162321.40,-262949.0,18.90,19.34,17.54,3596,22.22,1.000,
W1071,DR2,6045477978820373760,162321.41,-262930.1,16.48,16.81,15.48,3656,2.42,1.000,
W1072,DR2,6045478215027286016,162321.47,-262806.7,18.18,18.62,17.31,3631,8.00,1.000,
W1073,DR2,6045479421929511552,162321.47,-262558.1,17.06,17.57,16.30,3632,2.82,1.000,
W1074,DR2,6045478661705134848,162321.48,-262707.6,18.58,18.96,17.60,3628,15.58,1.000,
W1075,DR2,6045478219338615808,162321.48,-262747.7,16.95,17.45,16.21,3628,3.01,1.000,
W1076,DR2,6045478215027341312,162321.48,-262733.9,18.63,19.10,17.68,3629,10.05,1.000,
W1077,DR2,6045503405027565440,162321.49,-262139.5,19.07,19.69,17.87,3651,19.57,0.000,
W1078,DR2,6045478666015258752,162321.52,-262619.6,18.96,19.19,17.91,3547,27.55,0.000,
W1079,DR2,6045478288050474240,162321.53,-262714.1,18.92,19.20,17.89,3630,14.38,1.000,
W1080,DR2,6045503400715998464,162321.53,-262152.9,18.35,18.83,17.50,3587,36.95,0.000,
W1081,DR2,6045479456289266304,162321.54,-262522.1,17.81,18.33,17.00,3655,5.42,1.000,
W1082,DR2,6045503400721177344,162321.57,-262205.0,19.04,19.53,17.92,2825,81.01,1.000,
W1083,DR2,6045479628080489984,162321.60,-262345.1,17.60,18.08,16.69,3623,3.71,1.000,
W1084,DR2,6045503405027787008,162321.60,-262202.1,16.86,17.39,16.10,3608,29.24,1.000,
W1085,DR2,6045479451987710080,162321.63,-262548.9,17.92,18.08,16.56,3634,5.85,1.000,
W1086,DR2,6045478219330868096,162321.64,-262821.8,19.86,19.60,18.35,3618,9.55,1.000,
W1087,DR2,6045479868606171008,162321.64,-262317.0,17.95,18.36,17.05,3609,8.61,1.000,
W1088,DR2,6045478215032867584,162321.66,-262740.4,18.70,19.14,17.73,3618,16.90,1.000,
W1089,DR2,6045479628087983232,162321.66,-262419.0,18.85,19.29,17.90,3613,19.73,1.000,
W1090,DR2,6045479868606184192,162321.68,-262226.8,18.42,18.96,17.52,2882,90.87,1.000,
W1091,DR2,6045478666015246592,162321.68,-262647.2,13.05,13.83,12.18,3693,0.48,1.000,
W1092,DR2,6045479623776909184,162321.74,-262403.4,18.76,19.24,17.73,3633,11.76,0.219,
W1093,DR2,6045479456281674112,162321.76,-262554.3,18.99,19.41,17.97,3632,17.63,1.000,
W1094,DR2,6045479456289259392,162321.78,-262535.9,17.89,18.39,17.06,3626,5.05,1.000,
W1095,DR2,6045479451985065984,162321.78,-262522.0,18.51,18.99,17.59,3632,10.73,0.000,
W1096,DR2,6045478219338595584,162321.78,-262814.8,16.18,16.72,15.43,3640,1.44,1.000,
W1097,DR2,6045478666007662336,162321.79,-262623.9,18.30,18.77,17.40,2664,215.87,1.000,
W1098,DR2,6045478219330864128,162321.83,-262822.6,16.51,16.87,15.65,3626,2.42,1.000,
W1099,DR2,6045479623783764480,162321.83,-262409.0,18.85,19.32,17.89,3623,13.93,1.000,
W1100,DR2,6045477978820384896,162321.85,-262912.8,16.71,17.21,15.95,3637,2.41,1.000,
W1101,DR2,6045477807013764096,162321.88,-262955.4,19.16,19.43,18.07,3606,26.72,1.000,
W1102,DR2,6045477978812533760,162321.88,-262929.6,18.61,19.02,17.66,3636,18.24,1.000,
W1103,DR2,6045479628087987584,162321.89,-262403.5,18.27,18.66,17.19,3622,7.02,0.001,
W1104,DR2,6045479623776938240,162321.89,-262337.9,18.61,19.07,17.68,3636,10.18,1.000,
W1105,DR2,6045478661703993984,162321.89,-262701.2,18.01,18.47,17.16,3613,8.07,1.000,
W1106,DR2,6045477978820407680,162321.91,-262842.4,14.72,15.40,13.88,3649,0.65,1.000,
W1107,DR2,6045478219338616576,162321.91,-262741.9,19.00,18.98,17.70,3636,17.07,0.000,
W1108,DR2,6045477807021661312,162321.93,-262948.1,17.70,18.17,16.87,3570,30.85,1.000,
W1109,DR2,6045479868606173568,162321.96,-262302.9,19.00,19.46,18.02,3644,14.84,1.000,
W1110,DR2,6045478219338607872,162321.97,-262755.7,16.19,16.73,15.43,3632,1.48,1.000,
W1111,DR2,6045479628087989888,162321.98,-262354.4,18.32,19.26,17.17,3628,7.38,0.000,
W1112,DR2,6045479628087996032,162322.02,-262332.7,18.67,19.18,17.76,3641,9.55,1.000,
W1113,DR2,6045477978812642816,162322.05,-262840.6,17.94,18.13,16.86,3573,17.45,1.000,
W1114,DR2,6045478666007653888,162322.07,-262620.7,18.76,18.76,17.49,1095,258.63,1.000,
W1115,DR2,6045478666015249536,162322.08,-262637.2,18.53,18.94,17.56,2839,138.22,1.000,
W1116,DR2,6045477807013778048,162322.09,-262948.6,18.46,18.89,17.54,3113,176.04,1.000,
W1117,DR2,6045477978820402048,162322.10,-262848.4,17.21,17.70,16.45,3645,7.52,1.000,
W1118,DR2,6045478219330977024,162322.11,-262719.0,18.42,18.84,17.50,3621,9.34,1.000,
W1119,DR2,6045478219338604416,162322.12,-262758.9,18.79,19.05,17.75,3645,12.92,1.000,
W1120,DR2,6045478219330863616,162322.12,-262819.0,18.00,18.46,17.12,3623,7.74,1.000,
W1121,DR2,6045478666015255680,162322.15,-262622.8,16.37,16.86,15.58,2053,79.17,1.000,
W1122,DR2,6045479628087980928,162322.18,-262420.1,16.04,16.63,15.28,3636,1.07,1.000,
W1123,DR2,6045477978820395520,162322.18,-262857.0,17.09,17.58,16.32,3621,3.26,1.000,
W1124,DR2,6045479456289262336,162322.19,-262526.2,18.88,19.35,17.86,3629,12.84,1.000,
W1125,DR2,6045478219338594688,162322.20,-262812.3,16.92,17.31,16.09,3642,3.33,1.000,
W1126,DR2,6045503405027566464,162322.20,-262125.6,16.50,17.05,15.75,3601,2.35,1.000,
W1127,DR2,6045503405027564800,162322.22,-262134.0,18.13,18.63,17.30,3609,9.34,0.000,
W1128,DR2,6045479868606172288,162322.23,-262305.5,17.90,18.45,17.08,3643,4.96,1.000,
W1129,DR2,6045478219330897920,162322.23,-262800.3,17.71,17.82,16.52,3650,5.41,1.000,
W1130,DR2,6045477910100877824,162322.24,-262943.2,17.37,17.66,16.45,3537,41.34,1.000,
W1131,DR2,6045479868606282368,162322.24,-262234.8,17.42,18.04,16.55,2771,101.69,0.001,
W1132,DR2,6045479456281728128,162322.24,-262459.0,18.88,18.96,17.88,3611,28.37,0.000,
W1133,DR2,6045477910093018880,162322.25,-262938.6,17.53,17.98,16.66,3538,53.85,1.000,
W1134,DR2,6045478597295751296,162322.29,-262717.2,17.72,18.15,16.69,3627,4.36,1.000,
W1135,DR2,6045478219338589568,162322.29,-262821.2,17.49,17.87,16.66,3665,4.95,1.000,
W1136,DR2,6045478219338599296,162322.29,-262803.7,15.80,15.76,15.67,3655,1.15,1.000,
W1137,DR2,6045477807013742848,162322.31,-263000.2,17.93,18.24,16.98,3485,75.19,1.000,
W1138,DR2,6045477978820378496,162322.32,-262917.0,17.06,17.54,16.27,3648,3.80,1.000,
W1139,DR2,6045477978812499968,162322.33,-262935.9,18.63,18.98,17.62,2597,78.04,1.000,
W1140,DR2,6045478666015261952,162322.34,-262606.0,17.86,18.35,17.00,3610,20.86,1.000,
W1141,DR2,6045479628087982848,162322.34,-262413.6,18.88,19.33,17.91,3548,31.35,1.000,
W1142,DR2,6045477978820395904,162322.34,-262854.7,17.73,18.16,16.90,3631,5.87,1.000,
W1143,DR2,6045477978820400896,162322.35,-262848.3,17.66,18.11,16.84,3622,6.95,1.000,
W1144,DR2,6045479628087991296,162322.35,-262347.2,17.35,17.95,16.53,3634,2.95,1.000,
W1145,DR2,6045478597295754496,162322.36,-262711.6,17.17,17.67,16.40,3625,3.74,1.000,
W1146,DR2,6045478219330898048,162322.38,-262759.3,17.77,18.11,16.67,3613,7.14,1.000,
W1147,DR2,6045478013180156160,162322.39,-262823.2,15.69,16.15,14.71,3656,0.91,1.000,
W1148,DR2,6045479868606282496,162322.41,-262223.4,15.57,16.24,14.72,838,229.45,1.000,
W1149,DR2,6045479559368492288,162322.43,-262449.8,16.49,17.02,15.75,3611,1.73,1.000,
W1150,DR2,6045478013172418688,162322.44,-262823.8,17.24,,,3662,3.83,,N.D.
W1151,DR2,6045478219338604800,162322.45,-262755.4,17.88,18.34,17.03,3616,10.24,1.000,
W1152,DR2,6045477978812617984,162322.50,-262849.9,18.48,18.85,17.58,3644,11.76,0.000,
W1153,DR2,6045503336308081792,162322.50,-262206.2,16.96,17.50,16.20,3428,94.08,1.000,
W1154,DR2,6045479456289271552,162322.50,-262459.4,16.15,16.71,15.41,3635,1.20,1.000,
W1155,DR2,6045478700375001984,162322.51,-262558.8,16.82,17.33,16.06,3634,2.46,1.000,
W1156,DR2,6045477910100876544,162322.51,-262942.6,13.55,14.30,12.69,3669,0.55,1.000,
W1157,DR2,6045479868606174464,162322.53,-262255.8,17.91,18.42,17.10,3622,7.40,0.000,
W1158,DR2,6045478219338619264,162322.53,-262730.6,17.79,18.29,16.97,3627,4.73,1.000,
W1159,DR2,6045477807013744000,162322.54,-262957.5,19.25,18.95,17.35,2822,99.19,1.000,
W1160,DR2,6045477978820371072,162322.54,-262922.5,18.05,18.53,17.20,3613,8.32,1.000,
W1161,DR2,6045478597288109312,162322.57,-262708.9,18.82,19.23,17.82,2806,107.23,1.000,
W1162,DR2,6045479868599047424,162322.61,-262229.1,18.57,18.33,17.32,1432,360.14,1.000,
W1163,DR2,6045478008868816128,162322.62,-262832.1,19.14,19.54,18.08,3610,24.06,1.000,
W1164,DR2,6045478219338609920,162322.64,-262745.8,16.38,16.89,15.64,3641,1.47,1.000,
W1165,DR2,6045478661704076672,162322.64,-262622.5,12.08,12.94,11.16,3709,0.75,1.000,
W1166,DR2,6045477978820366464,162322.64,-262926.0,17.68,17.98,16.82,3623,6.62,1.000,
W1167,DR2,6045477978812498816,162322.64,-262931.5,19.13,18.83,17.55,3560,30.50,1.000,
W1168,DR2,6045477978820399104,162322.66,-262847.4,18.64,18.96,17.69,3607,21.19,1.000,
W1169,DR2,6045479868606176640,162322.67,-262247.8,16.52,17.24,15.57,3551,5.98,0.000,
W1170,DR2,6045477974510350080,162322.70,-262901.3,18.25,18.70,17.37,3609,15.26,1.000,
W1171,DR2,6045478013180158592,162322.70,-262818.9,16.66,17.17,15.92,3616,3.23,1.000,
W1172,DR2,6045479623776884096,162322.71,-262424.2,18.74,19.16,17.82,3620,12.66,0.000,
W1173,DR2,6045478700367416832,162322.74,-262559.3,18.16,18.60,17.25,3620,8.26,1.000,
W1174,DR2,6045477974510352000,162322.75,-262913.8,16.86,17.24,15.92,3614,12.51,1.000,
W1175,DR2,6045479864295229952,162322.75,-262301.4,18.31,18.86,17.43,3616,8.03,1.000,
W1176,DR2,6045477978820367360,162322.76,-262924.3,16.60,17.09,15.81,3652,2.45,1.000,
W1177,DR2,6045477910100868608,162322.77,-262948.2,17.51,17.88,16.61,3638,17.67,0.000,
W1178,DR2,6045503405027562624,162322.78,-262141.1,17.92,18.47,17.10,3629,12.12,1.000,
W1179,DR2,6045477978820361472,162322.78,-262930.2,16.33,16.67,15.42,3651,1.70,1.000,
W1180,DR2,6045478219338605184,162322.79,-262751.8,17.85,18.36,17.03,3620,6.14,1.000,
W1181,DR2,6045479868598692224,162322.80,-262250.6,18.80,19.34,17.75,2974,162.85,0.000,
W1182,DR2,6045477910100881536,162322.81,-262934.7,17.36,17.77,16.51,3651,13.56,1.000,
W1183,DR2,6045503405027560960,162322.88,-262148.7,18.28,18.66,17.01,3627,67.17,1.000,
W1184,DR2,6045478597295755520,162322.89,-262704.2,15.02,15.61,14.26,3633,0.76,0.998,
W1185,DR2,6045478215027329152,162322.90,-262739.8,17.13,17.24,15.92,3641,3.70,,N.D.
W1186,DR2,6045477910092936832,162322.90,-262956.6,17.19,17.51,16.20,2976,208.33,1.000,
W1187,DR2,6045477978812594944,162322.90,-262855.4,18.31,18.76,17.42,3596,17.15,1.000,
W1188,DR2,6045479868606173824,162322.91,-262253.0,18.05,18.55,17.22,3636,12.86,0.000,
W1189,DR2,6045503336308078208,162322.91,-262216.0,9.46,9.79,9.00,3688,4.89,0.000,
W1190,DR2,6045479559360942080,162322.92,-262453.8,18.32,18.81,17.38,3642,8.34,1.000,
W1191,DR2,6045477910093016832,162322.94,-262933.4,19.02,19.03,17.77,3555,58.26,1.000,
W1192,DR2,6045479451983450240,162322.94,-262529.5,18.87,19.35,17.81,3615,16.99,1.000,
W1193,DR2,6045478013172390784,162322.98,-262827.3,17.90,18.32,17.02,3650,6.76,1.000,
W1194,DR2,6045478013172430208,162322.98,-262813.2,18.57,19.03,17.64,3607,10.98,1.000,
W1195,DR2,6045478696063827584,162322.99,-262602.8,17.99,18.45,17.09,3617,6.95,1.000,
W1196,DR2,6045478013172407168,162323.02,-262822.9,19.08,19.42,18.03,3187,97.66,1.000,
W1197,DR2,6045479456289254656,162323.05,-262533.9,16.67,17.20,15.91,3641,1.77,1.000,
W1198,DR2,6045478219338592896,162323.06,-262806.4,18.02,18.48,17.15,3618,8.97,1.000,
W1199,DR2,6045478597295756416,162323.06,-262700.9,17.10,17.59,16.29,3607,10.05,1.000,
W1200,DR2,6045479555057384064,162323.07,-262450.5,16.86,17.53,15.88,3631,2.30,0.028,
W1201,DR2,6045477910100871552,162323.07,-262944.9,17.27,17.75,16.47,3595,25.80,1.000,
W1202,DR2,6045477978820375936,162323.10,-262913.1,17.11,17.57,16.31,3606,26.81,1.000,
W1203,DR2,6045478696064877184,162323.12,-262617.5,18.81,19.13,17.76,1413,132.20,1.000,
W1204,DR2,6045479451978148736,162323.13,-262503.1,18.81,19.31,17.86,3633,11.87,1.000,
W1205,DR2,6045477978813389824,162323.14,-262905.5,18.94,19.21,17.85,3081,90.42,1.000,
W1206,DR2,6045478013180149504,162323.15,-262826.1,17.33,17.79,16.53,3656,4.29,1.000,
W1207,DR2,6045477910092955392,162323.16,-262952.9,18.92,19.23,17.83,755,357.61,1.000,
W1208,DR2,6045478700374997888,162323.17,-262602.9,18.23,18.62,17.20,3620,8.24,1.000,
W1209,DR2,6045503336301801856,162323.18,-262206.1,16.69,17.09,15.84,2301,202.62,1.000,
W1210,DR2,6045478597295748224,162323.19,-262713.9,18.99,19.38,17.99,3571,19.28,1.000,
W1211,DR2,6045478597295753728,162323.20,-262704.6,16.10,16.67,15.30,3598,2.80,1.000,
W1212,DR2,6045477978812584448,162323.21,-262856.8,18.16,18.58,17.27,3601,15.83,1.000,
W1213,DR2,6045478219330879360,162323.24,-262759.6,17.92,18.41,17.10,3632,6.62,1.000,
W1214,DR2,6045503332001700992,162323.24,-262222.9,17.58,17.94,16.58,1892,126.16,1.000,
W1215,DR2,6045478013172344064,162323.25,-262847.5,18.22,18.59,17.25,3630,16.28,1.000,
W1216,DR2,6045477910093003008,162323.27,-262933.3,18.35,18.67,17.45,3636,20.55,1.000,
W1217,DR2,6045478597295751936,162323.28,-262707.5,17.53,17.90,16.59,3613,10.79,1.000,
W1218,DR2,6045478700375005696,162323.28,-262541.6,18.21,18.70,17.32,3629,7.52,1.000,
W1219,DR2,6045478013180140800,162323.30,-262836.5,18.29,18.75,17.39,3611,8.39,1.000,
W1220,DR2,6045478013180160512,162323.31,-262807.0,16.52,16.72,15.26,3640,1.69,1.000,
W1221,DR2,6045477978820389632,162323.32,-262850.0,15.66,15.81,14.54,3623,1.24,1.000,
W1222,DR2,6045477905789540992,162323.35,-262924.2,18.60,18.90,17.31,3612,21.76,1.000,
W1223,DR2,6045477978812576384,162323.38,-262858.6,18.70,19.02,17.62,2793,104.18,1.000,
W1224,DR2,6045477910093009920,162323.38,-262930.0,18.26,18.67,17.33,3642,17.43,1.000,
W1225,DR2,6045477978820371712,162323.40,-262910.1,13.04,13.69,12.24,3699,0.49,1.000,
W1226,DR2,6045479559368491392,162323.43,-262442.6,18.41,18.93,17.51,3608,9.29,1.000,
W1227,DR2,6045479868606281472,162323.44,-262254.2,16.79,17.54,15.90,3617,3.98,0.000,
W1228,DR2,6045478013172432128,162323.44,-262808.7,16.39,17.07,15.49,3649,1.76,0.001,
W1229,DR2,6045479555057383680,162323.46,-262453.2,18.48,18.94,17.56,3604,9.63,1.000,
W1230,DR2,6045477978812538624,162323.47,-262906.8,17.69,17.81,16.47,1399,224.32,1.000,
W1231,DR2,6045478592991643776,162323.47,-262713.9,18.52,19.01,17.60,3606,11.70,1.000,
W1232,DR2,6045478597295734400,162323.51,-262734.1,17.76,18.27,16.94,3612,5.50,1.000,
W1233,DR2,6045477905795224448,162323.51,-262959.3,16.52,17.00,15.72,2950,103.19,1.000,
W1234,DR2,6045478219338595712,162323.58,-262757.9,17.86,18.33,17.01,3632,7.16,1.000,
W1235,DR2,6045477974510351616,162323.59,-262909.2,16.85,16.62,15.59,2468,163.65,1.000,
W1236,DR2,6045478013180136832,162323.59,-262839.9,17.13,17.62,16.37,3635,2.92,1.000,
W1237,DR2,6045478219330889216,162323.59,-262752.3,18.64,19.26,17.60,3632,11.52,0.000,
W1238,DR2,6045503336301809280,162323.60,-262149.0,16.36,,,3571,5.01,1.000,
W1239,DR2,6045478700375007232,162323.60,-262534.4,17.81,18.33,16.98,3599,6.38,1.000,
W1240,DR2,6045477910100877440,162323.61,-262931.5,16.87,17.37,16.12,3640,3.44,1.000,
W1241,DR2,6045477978812561408,162323.61,-262904.0,18.09,18.10,16.99,1348,210.77,1.000,
W1242,DR2,6045503336301788928,162323.63,-262219.8,18.98,19.18,17.92,3472,78.08,1.000,
W1243,DR2,6045477974510351744,162323.64,-262900.0,15.15,15.75,14.27,3649,2.58,1.000,
W1244,DR2,6045479628087985024,162323.65,-262356.2,17.40,17.92,16.62,3562,3.64,1.000,
W1245,DR2,6045503336308083200,162323.65,-262149.8,15.60,16.09,14.58,3568,2.74,1.000,
W1246,DR2,6045478666007606784,162323.66,-262645.7,18.74,18.77,17.41,3564,17.17,1.000,
W1247,DR2,6045477978812538368,162323.67,-262907.7,17.19,16.99,15.50,1605,179.72,1.000,
W1248,DR2,6045479559368478208,162323.68,-262508.0,17.39,17.91,16.61,3606,4.50,1.000,
W1249,DR2,6045477905795224704,162323.68,-262950.9,18.09,18.53,17.19,1957,121.84,1.000,
W1250,DR2,6045477978812518528,162323.68,-262915.4,16.89,17.34,16.03,3410,135.31,1.000,
W1251,DR2,6045478013180159616,162323.71,-262807.7,18.99,19.46,17.93,3593,33.03,0.000,
W1252,DR2,6045477910092958848,162323.72,-262946.7,17.70,17.86,16.50,3585,12.54,1.000,
W1253,DR2,6045478219330912512,162323.73,-262741.2,17.27,16.89,15.85,3639,3.20,1.000,
W1254,DR2,6045477978812542208,162323.75,-262910.4,18.38,18.43,17.27,776,147.52,1.000,
W1255,DR2,6045479868598692096,162323.75,-262241.0,18.37,18.85,17.52,1188,284.97,0.000,
W1256,DR2,6045478597295759488,162323.77,-262649.3,15.64,16.30,14.80,3628,0.78,1.000,
W1257,DR2,6045479559368484224,162323.78,-262455.2,16.45,16.98,15.71,3590,1.86,1.000,
W1258,DR2,6045478013172316416,162323.78,-262854.2,18.45,18.83,17.43,3252,112.47,1.000,
W1259,DR2,6045478219330877824,162323.80,-262754.9,18.95,19.36,17.96,3642,21.18,1.000,
W1260,DR2,6045478597288040320,162323.82,-262737.5,18.80,19.05,17.83,3625,17.34,0.000,
W1261,DR2,6045477905796883072,162323.85,-262945.6,17.68,17.57,16.48,3575,8.44,1.000,
W1262,DR2,6045477910100865024,162323.86,-262943.8,17.92,18.26,16.51,3578,16.18,1.000,
W1263,DR2,6045478700374994688,162323.87,-262604.9,16.33,16.88,15.57,3564,2.24,1.000,
W1264,DR2,6045478219338601856,162323.88,-262745.1,18.09,18.55,17.18,3628,7.33,1.000,
W1265,DR2,6045477905790867840,162323.88,-262935.6,17.45,17.96,16.64,3633,4.55,1.000,
W1266,DR2,6045479662447850624,162323.88,-262300.6,17.82,18.35,17.01,3641,5.03,1.000,
W1267,DR2,6045479559368481152,162323.89,-262501.4,16.76,17.28,16.02,3601,3.36,1.000,
W1268,DR2,6045477910092926848,162323.89,-262957.6,16.86,17.20,15.80,3057,192.09,1.000,
W1269,DR2,6045478013180143616,162323.92,-262827.0,17.28,17.77,16.51,3626,3.56,1.000,
W1270,DR2,6045477910100880512,162323.93,-262923.8,16.99,17.44,16.14,3603,4.68,1.000,
W1271,DR2,6045503332001701248,162323.96,-262220.5,17.40,17.88,16.61,3532,69.72,1.000,
W1272,DR2,6045478592984510720,162323.98,-262714.4,17.31,17.73,16.38,3609,10.06,,N.D.
W1273,DR2,6045478215032870656,162323.99,-262758.2,18.02,18.50,17.17,3627,8.83,1.000,
W1274,DR2,6045478013172361856,162324.00,-262832.9,19.13,19.24,17.63,3606,15.06,1.000,
W1275,DR2,6045478700374998144,162324.01,-262554.9,16.11,16.69,15.32,3570,1.45,1.000,
W1276,DR2,6045503336302373248,162324.01,-262207.5,17.77,18.12,16.71,3210,121.92,,N.D.
W1277,DR2,6045478013180132608,162324.01,-262841.4,18.68,18.98,17.37,3638,10.60,1.000,
W1278,DR2,6045478013180160896,162324.01,-262802.4,16.11,16.66,15.37,3638,1.28,1.000,
W1279,DR2,6045478666015240064,162324.04,-262637.7,16.17,16.74,15.41,3621,1.59,1.000,
W1280,DR2,6045477910092955136,162324.05,-262945.0,18.40,18.78,17.46,3603,14.94,1.000,
W1281,DR2,6045478013172383104,162324.05,-262820.7,16.71,16.59,15.51,3655,1.97,1.000,
W1282,DR2,6045478597295744640,162324.05,-262710.2,17.90,18.36,16.99,3632,9.60,1.000,
W1283,DR2,6045477910100884864,162324.06,-262918.2,17.67,18.11,16.76,3644,9.70,1.000,
W1284,DR2,6045479658136680576,162324.07,-262335.0,18.24,18.77,17.37,3629,6.93,1.000,
W1285,DR2,6045477978820375808,162324.07,-262904.2,17.66,18.14,16.83,3605,51.10,1.000,
W1286,DR2,6045477910092998784,162324.08,-262927.8,19.00,19.46,17.89,3490,26.75,0.001,
W1287,DR2,6045478700367396480,162324.11,-262605.9,17.01,17.50,16.23,3550,3.53,1.000,
W1288,DR2,6045478700374999680,162324.13,-262551.2,18.01,18.29,17.03,3593,9.82,0.000,
W1289,DR2,6045478013172405504,162324.13,-262813.6,17.38,17.03,16.00,3649,3.58,1.000,
W1290,DR2,6045477910100855680,162324.13,-262956.7,17.52,17.72,16.27,2223,138.40,1.000,
W1291,DR2,6045478013180128896,162324.13,-262844.1,17.82,18.29,16.96,3635,5.53,1.000,
W1292,DR2,6045478597295731712,162324.14,-262731.0,17.63,18.16,16.81,3607,5.22,0.000,
W1293,DR2,6045479623776919936,162324.18,-262402.3,17.75,18.41,16.84,3629,5.96,0.000,
W1294,DR2,6045479658136716416,162324.19,-262304.5,18.67,19.21,17.75,3623,10.90,1.000,
W1295,DR2,6045478013180152448,162324.19,-262812.3,17.32,17.41,15.99,3648,3.20,1.000,
W1296,DR2,6045477910092931456,162324.25,-262952.6,17.68,18.12,16.79,2588,99.75,1.000,
W1297,DR2,6045478013172411264,162324.27,-262810.1,18.22,18.52,17.15,3634,7.60,1.000,
W1298,DR2,6045477910100866048,162324.27,-262940.7,17.44,17.95,16.65,3630,10.46,1.000,
W1299,DR2,6045478013180125952,162324.28,-262847.2,18.13,18.58,17.24,3620,7.72,1.000,
W1300,DR2,6045478013172334848,162324.28,-262841.4,19.04,19.29,17.93,3637,16.59,1.000,
W1301,DR2,6045477910100878720,162324.30,-262923.4,17.26,17.55,16.17,3612,16.26,1.000,
W1302,DR2,6045478597288068480,162324.30,-262718.7,18.71,19.02,17.64,1185,88.35,1.000,
W1303,DR2,6045479662447849856,162324.30,-262315.1,17.34,17.87,16.57,3634,3.08,1.000,
W1304,DR2,6045479559360923136,162324.36,-262458.6,19.12,19.43,18.00,3565,56.23,1.000,
W1305,DR2,6045479555057383552,162324.36,-262502.5,15.59,16.26,14.76,3637,0.83,1.000,
W1306,DR2,6045479559368487680,162324.37,-262440.7,18.85,19.35,17.86,3639,11.64,1.000,
W1307,DR2,6045478597295744896,162324.37,-262708.1,18.09,18.54,17.18,3584,12.02,1.000,
W1308,DR2,6045478700367399808,162324.38,-262600.0,17.88,18.25,16.84,3606,12.87,1.000,
W1309,DR2,6045479662447740032,162324.40,-262254.3,17.82,18.34,17.01,3637,7.06,1.000,
W1310,DR2,6045479658136674944,162324.41,-262338.1,19.06,19.63,18.00,3621,12.97,0.001,
W1311,DR2,6045478700374991872,162324.42,-262605.5,15.97,16.62,15.14,3604,1.74,1.000,
W1312,DR2,6045478008868819200,162324.44,-262833.9,17.93,18.40,16.94,3624,6.36,1.000,
W1313,DR2,6045478700375009536,162324.44,-262522.4,17.59,18.10,16.78,3613,4.32,1.000,
W1314,DR2,6045479555057413120,162324.45,-262418.2,18.85,19.34,17.88,3611,10.99,1.000,
W1315,DR2,6045478013180123648,162324.50,-262845.3,18.12,18.57,17.20,3613,7.37,1.000,
W1316,DR2,6045479559368470912,162324.52,-262516.9,16.97,17.57,16.14,3650,2.49,0.000,
W1317,DR2,6045478013180159872,162324.53,-262759.1,16.38,16.82,15.61,3608,3.94,1.000,
W1318,DR2,6045478700367364096,162324.57,-262623.0,18.97,19.31,17.83,3705,96.49,1.000,
W1319,DR2,6045478013180136704,162324.57,-262831.0,17.41,17.91,16.63,3616,4.25,1.000,
W1320,DR2,6045479662447719168,162324.58,-262358.1,16.42,16.96,15.63,3645,1.38,1.000,
W1321,DR2,6045479662447721984,162324.58,-262350.3,19.08,19.52,18.05,3646,18.70,1.000,
W1322,DR2,6045478013180151552,162324.61,-262809.8,16.72,17.22,15.99,3621,2.70,1.000,
W1323,DR2,6045478597288019584,162324.61,-262739.3,18.53,18.94,17.58,3596,38.99,0.000,
W1324,DR2,6045478013172435456,162324.63,-262755.3,18.76,19.10,17.53,3652,44.60,1.000,
W1325,DR2,6045477910100876288,162324.64,-262922.8,18.47,18.75,17.27,2850,91.03,1.000,
W1326,DR2,6045478696063849088,162324.66,-262543.8,18.79,19.08,17.56,3618,13.07,1.000,
W1327,DR2,6045478597295733760,162324.70,-262720.0,13.58,14.06,12.92,3644,0.40,0.002,
W1328,DR2,6045477910092963968,162324.71,-262935.2,19.09,19.30,17.97,3588,50.58,1.000,
W1329,DR2,6045503336308391808,162324.72,-262208.3,17.91,18.45,17.08,3593,18.29,1.000,
W1330,DR2,6045478008874441344,162324.74,-262848.1,19.08,19.39,18.03,3599,18.46,1.000,
W1331,DR2,6045478597295741952,162324.80,-262707.9,15.28,15.97,14.44,3628,0.87,1.000,
W1332,DR2,6045478597288030848,162324.81,-262731.0,18.41,18.81,17.47,3628,25.94,1.000,
W1333,DR2,6045477910092941952,162324.83,-262941.9,17.77,17.99,16.57,3640,19.30,1.000,
W1334,DR2,6045479555057384192,162324.83,-262500.0,18.70,19.16,17.76,3065,105.45,0.000,
W1335,DR2,6045478696070882304,162324.86,-262622.8,18.37,18.71,17.27,3718,152.22,,N.D.
W1336,DR2,6045479662440198400,162324.86,-262354.2,18.58,19.11,17.64,3631,15.15,1.000,
W1337,DR2,6045478696070884096,162324.89,-262539.8,19.06,19.51,18.03,3591,27.12,1.000,
W1338,DR2,6045478597288100224,162324.91,-262653.2,18.50,18.90,17.56,3607,10.93,1.000,
W1339,DR2,6045478597288038656,162324.91,-262728.1,18.83,19.18,17.83,3509,64.96,0.000,
W1340,DR2,6045478597288013568,162324.91,-262739.7,18.62,18.97,17.64,3524,140.50,1.000,
W1341,DR2,6045478386827221632,162324.92,-262757.6,18.65,19.05,17.67,3606,23.39,1.000,
W1342,DR2,6045478008878664832,162324.92,-262839.4,17.73,,,3619,5.75,1.000,
W1343,DR2,6045477944452783616,162324.92,-262904.5,18.78,19.18,17.83,3699,28.34,1.000,
W1344,DR2,6045479559360930688,162324.94,-262445.9,18.74,19.22,17.78,3614,9.98,1.000,
W1345,DR2,6045477944460632576,162324.95,-262900.2,18.65,19.09,17.66,3601,12.21,1.000,
W1346,DR2,6045478696063788800,162324.95,-262628.8,18.00,18.49,17.12,3714,23.37,1.000,
W1347,DR2,6045477940149305728,162324.96,-262908.0,18.17,18.70,17.21,3721,61.26,1.000,
W1348,DR2,6045503336308069888,162324.96,-262233.7,17.82,18.32,17.02,3618,9.03,1.000,
W1349,DR2,6045477910100872576,162324.98,-262925.3,13.23,13.99,12.37,3700,0.56,1.000,
W1350,DR2,6045478597295734528,162325.01,-262720.0,16.14,16.68,15.35,3630,7.66,1.000,
W1351,DR2,6045478008868877696,162325.02,-262816.3,16.98,17.48,16.23,3591,2.89,1.000,
W1352,DR2,6045478013180127232,162325.02,-262838.5,17.37,17.77,16.39,3620,4.29,1.000,
W1353,DR2,6045478700374985216,162325.03,-262615.9,17.76,18.32,16.85,3630,608.07,0.020,
W1354,DR2,6045477910100855424,162325.04,-262949.5,19.25,19.15,17.66,2776,116.94,1.000,
W1355,DR2,6045478597295726080,162325.04,-262731.9,16.58,17.09,15.84,3666,6.32,1.000,
W1356,DR2,6045477910100852992,162325.07,-262953.4,13.53,14.28,12.68,3678,1.60,1.000,
W1357,DR2,6045478013180130432,162325.07,-262833.8,17.42,17.88,16.59,3612,5.42,1.000,
W1358,DR2,6045478008868877824,162325.08,-262810.8,18.14,18.62,17.27,3612,10.33,1.000,
W1359,DR2,6045477910100866304,162325.10,-262932.6,18.65,18.90,17.40,3186,264.64,1.000,
W1360,DR2,6045479658146142592,162325.11,-262354.8,17.47,17.97,16.60,3628,5.15,1.000,
W1361,DR2,6045478597295751040,162325.11,-262651.1,17.30,17.81,16.52,3644,3.43,1.000,
W1362,DR2,6045479559360942208,162325.14,-262432.9,17.89,18.21,16.90,3622,5.88,1.000,
W1363,DR2,6045478700367409152,162325.15,-262543.6,18.89,19.21,17.84,3641,18.71,1.000,
W1364,DR2,6045478013180137344,162325.16,-262824.3,17.58,18.09,16.79,3600,4.72,1.000,
W1365,DR2,6045478597288059776,162325.18,-262715.3,19.01,19.31,17.94,1984,104.91,1.000,
W1366,DR2,6045478592984532352,162325.20,-262657.0,17.09,17.59,16.29,3611,2.97,1.000,
W1367,DR2,6045479662447849472,162325.20,-262328.9,19.01,19.46,18.04,3616,13.45,1.000,
W1368,DR2,6045477910092912768,162325.22,-262952.2,18.50,18.31,16.76,915,299.59,,N.D.
W1369,DR2,6045477910092943488,162325.22,-262938.4,19.11,19.20,17.89,2924,805.62,1.000,
W1370,DR2,6045477910092986752,162325.24,-262921.4,18.04,18.32,16.90,1566,245.66,1.000,
W1371,DR2,6045478013180145920,162325.25,-262811.9,17.85,18.32,17.03,3621,7.27,1.000,
W1372,DR2,6045477910092920832,162325.25,-262949.4,18.63,18.49,17.04,1346,367.80,1.000,
W1373,DR2,6045478013180120704,162325.25,-262843.9,16.53,17.04,15.79,3623,1.92,1.000,
W1374,DR2,6045478803454220032,162325.26,-262524.8,18.06,18.51,17.20,3655,5.62,1.000,
W1375,DR2,6045477910092920960,162325.27,-262948.3,19.15,18.69,17.12,1919,503.55,1.000,
W1376,DR2,6045478700374981376,162325.28,-262621.4,18.46,18.89,17.53,3248,785.88,1.000,
W1377,DR2,6045478391137286016,162325.28,-262742.5,18.80,18.20,16.81,1657,783.29,1.000,
W1378,DR2,6045477910100862848,162325.28,-262935.4,16.52,16.98,15.74,3625,85.44,1.000,
W1379,DR2,6045478597295721472,162325.30,-262735.4,17.01,17.50,16.25,3607,108.30,1.000,
W1380,DR2,6045477940149305472,162325.30,-262907.1,17.78,18.21,16.94,3722,108.34,1.000,
W1381,DR2,6045478631655496576,162325.31,-262637.1,17.10,17.63,16.33,3634,2.93,1.000,
W1382,DR2,6045478391129564544,162325.32,-262741.9,18.74,18.45,16.89,1639,808.65,1.000,
W1383,DR2,6045478597295739776,162325.33,-262707.7,16.78,17.29,16.03,3593,4.83,1.000,
W1384,DR2,6045503130149636352,162325.34,-262247.4,17.47,18.01,16.69,3649,3.66,1.000,
W1385,DR2,6045479559368479744,162325.34,-262450.6,18.33,18.84,17.45,3630,7.94,1.000,
W1386,DR2,6045477910100864384,162325.35,-262932.4,16.84,17.31,16.05,3569,66.60,1.000,
W1387,DR2,6045478700374997376,162325.35,-262543.8,16.58,17.11,15.83,3650,1.71,1.000,
W1388,DR2,6045478013180131712,162325.36,-262830.1,17.38,17.84,16.58,3611,4.15,1.000,
W1389,DR2,6045478803454221696,162325.42,-262518.1,18.20,18.70,17.33,3637,6.57,1.000,
W1390,DR2,6045477910100855552,162325.43,-262945.4,16.72,17.48,15.80,3721,519.44,0.000,
W1391,DR2,6045478391137282432,162325.44,-262748.4,17.79,17.95,16.52,3066,1098.54,1.000,
W1392,DR2,6045477944460634240,162325.45,-262854.6,18.18,18.57,17.17,3606,8.76,1.000,
W1393,DR2,6045478631655490688,162325.47,-262646.6,18.02,18.51,17.11,3625,5.99,1.000,
W1394,DR2,6045478597295735552,162325.47,-262714.7,17.37,17.86,16.55,3610,12.25,1.000,
W1395,DR2,6045479559368484352,162325.47,-262439.3,16.96,17.45,16.19,3607,2.71,1.000,
W1396,DR2,6045479559368471680,162325.49,-262505.0,18.06,18.58,17.22,3623,6.96,1.000,
W1397,DR2,6045478013180113920,162325.51,-262850.0,17.13,17.63,16.37,3633,3.42,1.000,
W1398,DR2,6045503130143324800,162325.53,-262301.8,18.66,18.58,17.11,3620,9.88,1.000,
W1399,DR2,6045478592984474112,162325.55,-262725.7,17.79,18.16,16.77,3624,18.01,1.000,
W1400,DR2,6045478696063836032,162325.56,-262555.4,18.80,19.27,17.82,3706,29.71,1.000,
W1401,DR2,6045479559368488832,162325.56,-262427.7,17.83,18.40,16.97,3624,5.53,0.000,
W1402,DR2,6045503130149631744,162325.58,-262302.6,18.65,18.80,17.26,3629,10.27,0.000,
W1403,DR2,6045478631655488000,162325.64,-262648.5,18.40,18.89,17.51,3628,8.96,1.000,
W1404,DR2,6045479593728232576,162325.66,-262415.4,17.81,18.33,16.99,3623,4.54,1.000,
W1405,DR2,6045478391137281536,162325.67,-262749.5,16.67,16.75,15.67,3677,745.37,1.000,
W1406,DR2,6045477910100860288,162325.68,-262934.0,15.08,15.74,14.23,3700,148.13,1.000,
W1407,DR2,6045477910092926336,162325.68,-262941.2,16.56,16.45,15.31,3286,1074.80,1.000,
W1408,DR2,6045478803454221440,162325.69,-262517.3,18.63,19.10,17.71,3635,10.13,0.000,
W1409,DR2,6045478700374992384,162325.71,-262552.3,18.24,18.70,17.31,3647,7.73,1.000,
W1410,DR2,6045477910092926208,162325.72,-262939.4,17.26,17.25,15.35,3018,1100.38,,N.D.
W1411,DR2,6045503370667821440,162325.73,-262130.7,15.99,16.63,15.20,3626,1.70,1.000,
W1412,DR2,6045477910100864896,162325.73,-262928.3,17.96,18.23,16.85,3525,143.13,1.000,
W1413,DR2,6045477910093826432,162325.74,-262945.5,19.05,18.00,17.06,2667,1194.72,,N.D.
W1414,DR2,6045478803454225536,162325.76,-262508.8,17.46,17.95,16.66,3637,3.55,1.000,
W1415,DR2,6045477944452778880,162325.77,-262857.8,18.19,18.60,17.29,3632,8.23,1.000,
W1416,DR2,6045479589417169792,162325.78,-262405.5,18.53,18.98,17.61,3623,8.76,1.000,
W1417,DR2,6045477910093826560,162325.81,-262944.8,18.15,18.28,16.91,2829,1200.33,1.000,
W1418,DR2,6045478597288049536,162325.81,-262713.6,18.61,19.08,17.68,3625,16.77,1.000,
W1419,DR2,6045478803446656640,162325.81,-262506.1,18.06,18.51,17.23,3638,7.00,1.000,
W1420,DR2,6045477910092951040,162325.82,-262930.1,18.08,18.48,17.13,3697,247.50,1.000,
W1421,DR2,6045479559368482688,162325.82,-262439.1,17.17,17.61,16.36,3631,3.55,1.000,
W1422,DR2,6045479559368483840,162325.84,-262436.4,17.15,17.61,16.32,3637,4.29,1.000,
W1423,DR2,6045478597295721216,162325.84,-262730.8,17.82,18.29,17.00,3705,548.81,1.000,
W1424,DR2,6045477940154966400,162325.86,-262925.1,17.82,18.28,16.98,3640,30.19,1.000,
W1425,DR2,6045503366356263296,162325.88,-262147.6,18.80,19.26,17.86,3615,11.99,1.000,
W1426,DR2,6045477944452725760,162325.88,-262915.2,18.16,18.62,17.30,3723,146.44,1.000,
W1427,DR2,6045479555064361472,162325.92,-262451.8,17.17,17.68,16.41,3634,2.72,1.000,
W1428,DR2,6045479662447849344,162325.95,-262340.7,17.30,17.82,16.53,3621,2.88,1.000,
W1429,DR2,6045477944452776832,162325.96,-262856.8,18.84,19.19,17.87,3638,15.03,1.000,
W1430,DR2,6045477910100850560,162325.97,-262948.9,17.98,18.31,17.06,2825,937.58,1.000,
W1431,DR2,6045477944452757760,162326.01,-262903.2,18.32,18.71,17.28,3706,21.23,1.000,
W1432,DR2,6045477910092899584,162326.06,-262937.9,17.97,18.25,16.97,2656,1260.93,1.000,
W1433,DR2,6045478391129499008,162326.06,-262806.2,18.63,19.07,17.65,3562,16.94,1.000,
W1434,DR2,6045478592984517120,162326.06,-262659.7,19.11,19.50,18.07,3607,16.80,1.000,
W1435,DR2,6045477944460632320,162326.07,-262849.8,16.86,17.34,16.09,3638,2.58,1.000,
W1436,DR2,6045478013180136320,162326.08,-262817.3,17.36,17.87,16.58,3642,3.80,1.000,
W1437,DR2,6045478631655494272,162326.08,-262633.9,16.77,17.29,16.02,3655,2.57,1.000,
W1438,DR2,6045478391129532544,162326.08,-262753.4,19.11,19.43,18.03,2405,616.99,1.000,
W1439,DR2,6045477910092900096,162326.16,-262947.6,18.50,18.63,17.40,2598,808.74,0.000,
W1440,DR2,6045503336308073984,162326.16,-262205.4,13.95,14.69,13.11,3654,0.70,0.000,
W1441,DR2,6045479662440525184,162326.17,-262338.6,19.14,19.60,18.12,3644,16.98,1.000,
W1442,DR2,6045478627353965056,162326.19,-262630.3,18.51,19.37,17.03,3715,58.86,1.000,
W1443,DR2,6045503336308069632,162326.22,-262224.0,16.47,17.02,15.71,3617,1.70,1.000,
W1444,DR2,6045478597295736064,162326.23,-262706.4,18.53,19.00,17.60,3594,16.25,1.000,
W1445,DR2,6045477940149341696,162326.24,-262846.2,16.41,16.85,15.56,3641,2.33,1.000,
W1446,DR2,6045477944452763264,162326.24,-262858.8,18.17,18.23,17.10,3633,8.00,1.000,
W1447,DR2,6045477944460611456,162326.25,-262911.7,16.86,17.26,15.98,3715,14.01,1.000,
W1448,DR2,6045478013172326784,162326.27,-262826.0,18.25,18.59,17.33,3634,8.25,1.000,
W1449,DR2,6045477944460628224,162326.28,-262851.4,18.39,,,3637,11.22,1.000,
W1450,DR2,6045479593728237056,162326.31,-262357.3,18.18,18.63,17.28,3622,6.46,0.001,
W1451,DR2,6045478631655496448,162326.34,-262627.5,18.09,18.56,17.23,3721,103.43,1.000,
W1452,DR2,6045477910092891136,162326.34,-262949.2,19.03,19.04,17.86,2291,854.45,1.000,
W1453,DR2,6045503370667812480,162326.36,-262202.7,17.64,18.21,16.66,3357,126.99,0.000,
W1454,DR2,6045477910092899456,162326.37,-262942.1,18.14,18.11,16.84,2560,965.02,1.000,
W1455,DR2,6045477944452781696,162326.38,-262851.2,18.09,18.35,17.06,3652,9.30,1.000,
W1456,DR2,6045503130149629824,162326.40,-262300.8,16.82,17.34,16.07,3651,2.01,1.000,
W1457,DR2,6045503125838041344,162326.41,-262245.7,18.80,19.32,17.82,3637,11.45,1.000,
W1458,DR2,6045478627344258048,162326.43,-262657.4,18.86,19.25,17.85,3627,12.43,1.000,
W1459,DR2,6045479559368475008,162326.43,-262451.7,18.71,19.14,17.76,3626,11.65,0.000,
W1460,DR2,6045478391137288320,162326.44,-262730.1,16.97,17.47,16.20,3606,48.51,1.000,
W1461,DR2,6045478008868825216,162326.46,-262825.3,16.98,17.43,16.16,3648,2.88,1.000,
W1462,DR2,6045478386831565696,162326.46,-262747.6,17.49,17.95,16.65,2720,1171.99,1.000,
W1463,DR2,6045478391137269376,162326.49,-262757.6,16.26,16.79,15.50,3588,4.84,1.000,
W1464,DR2,6045477944460920192,162326.49,-262928.8,18.52,18.90,17.54,3696,89.46,1.000,
W1465,DR2,6045478592984503680,162326.52,-262711.9,15.26,15.95,14.44,3620,0.62,1.000,
W1466,DR2,6045478391137284992,162326.53,-262733.8,16.78,17.28,16.01,3690,187.94,1.000,
W1467,DR2,6045479662447725184,162326.56,-262322.5,16.81,17.33,16.07,3629,1.95,1.000,
W1468,DR2,6045466159069838208,162326.59,-262955.4,16.97,17.41,16.17,2493,1046.36,1.000,
W1469,DR2,6045478631647883520,162326.61,-262606.2,19.17,19.35,17.99,3708,50.35,1.000,
W1470,DR2,6045478386827220224,162326.61,-262802.9,18.82,19.23,17.82,3535,22.98,1.000,
W1471,DR2,6045477944460594176,162326.67,-262931.5,18.72,,,3714,288.01,,N.D.
W1472,DR2,6045478803454206592,162326.68,-262544.7,17.59,18.10,16.78,3646,4.04,1.000,
W1473,DR2,6045503370668047232,162326.71,-262141.7,17.24,17.77,16.48,3632,3.41,1.000,
W1474,DR2,6045477944460620160,162326.72,-262857.0,17.35,17.82,16.50,3657,5.30,1.000,
W1475,DR2,6045477944460639104,162326.73,-262837.6,17.66,18.15,16.84,3639,5.16,1.000,
W1476,DR2,6045477944460601472,162326.73,-262921.8,18.24,18.53,17.18,3643,14.45,1.000,
W1477,DR2,6045478391137272832,162326.73,-262750.6,15.77,16.41,14.95,3648,24.34,1.000,
W1478,DR2,6045477944452662272,162326.75,-262932.1,16.67,17.13,15.87,3604,53.08,1.000,
W1479,DR2,6045477944452653184,162326.75,-262936.7,17.57,17.81,16.45,2670,954.70,1.000,
W1480,DR2,6045479593728231936,162326.76,-262406.1,16.48,16.98,15.73,3635,2.70,1.000,
W1481,DR2,6045466159069839872,162326.77,-262950.9,17.14,,,1888,923.22,1.000,
W1482,DR2,6045478803454210688,162326.77,-262536.2,16.99,17.50,16.23,3621,2.92,1.000,
W1483,DR2,6045477944460597888,162326.80,-262925.3,17.83,18.28,16.99,3642,16.56,1.000,
W1484,DR2,6045477910100851072,162326.82,-262939.8,16.51,17.00,15.75,2978,833.09,1.000,
W1485,DR2,6045477944460617600,162326.84,-262859.3,16.64,17.11,15.85,3664,3.09,1.000,
W1486,DR2,6045477944460613888,162326.84,-262903.0,18.00,18.21,17.10,3597,11.00,0.000,
W1487,DR2,6045478391129576704,162326.85,-262723.1,18.82,19.23,17.77,3642,14.08,1.000,
W1488,DR2,6045478631655502464,162326.89,-262610.0,16.79,17.30,16.03,3681,9.85,1.000,
W1489,DR2,6045478391137256960,162326.90,-262809.0,16.65,17.09,15.82,3634,1.92,1.000,
W1490,DR2,6045478386827224960,162326.92,-262742.2,18.04,18.48,17.21,3701,448.47,1.000,
W1491,DR2,6045478803454226944,162326.93,-262454.1,17.93,18.43,17.10,3630,4.87,1.000,
W1492,DR2,6045503370667817984,162326.94,-262131.4,17.54,18.11,16.63,3618,4.66,0.000,
W1493,DR2,6045478803454211328,162326.95,-262531.6,16.72,17.24,15.96,3618,2.33,1.000,
W1494,DR2,6045477944460614016,162326.95,-262902.0,17.73,18.06,16.76,3607,8.89,1.000,
W1495,DR2,6045478391129555072,162326.98,-262735.0,18.65,19.06,17.71,3593,138.37,1.000,
W1496,DR2,6045478008870418176,162327.00,-262829.2,19.08,19.43,18.02,3633,21.69,1.000,
W1497,DR2,6045478631655471616,162327.01,-262702.9,18.12,18.57,17.24,3633,9.53,1.000,
W1498,DR2,6045477910092888320,162327.02,-262944.4,18.32,18.57,17.18,1681,869.44,1.000,
W1499,DR2,6045478386826060800,162327.02,-262720.0,18.34,18.77,17.38,3629,10.08,1.000,
W1500,DR2,6045478631655490176,162327.05,-262632.5,16.57,17.09,15.83,3672,4.89,1.000,
W1501,DR2,6045478631655468544,162327.06,-262708.0,18.88,19.24,17.86,2186,143.83,1.000,
W1502,DR2,6045478391129586432,162327.06,-262716.5,18.78,19.05,17.67,3607,23.67,0.000,
W1503,DR2,6045503130149625728,162327.07,-262314.2,16.07,16.63,15.32,3607,7.23,1.000,
W1504,DR2,6045477944460630144,162327.09,-262842.4,18.03,18.47,17.18,3619,10.31,1.000,
W1505,DR2,6045477944460598016,162327.09,-262921.9,18.01,17.81,16.65,3625,10.18,1.000,
W1506,DR2,6045478803454215296,162327.10,-262521.6,18.97,19.39,17.97,3633,14.55,1.000,
W1507,DR2,6045503370668046848,162327.13,-262136.9,17.64,18.04,16.43,3625,5.09,0.000,
W1508,DR2,6045477944460637312,162327.13,-262835.8,17.62,18.10,16.78,3664,6.18,1.000,
W1509,DR2,6045478391137265920,162327.14,-262756.9,17.47,17.96,16.70,3536,19.30,1.000,
W1510,DR2,6045479589424115712,162327.14,-262432.1,17.42,17.95,16.62,3626,3.20,1.000,
W1511,DR2,6045477940149327616,162327.14,-262850.3,18.47,18.79,17.51,3646,13.30,1.000,
W1512,DR2,6045479593728227072,162327.14,-262413.2,14.79,15.51,13.93,3675,0.57,0.000,
W1513,DR2,6045478391137279488,162327.14,-262739.3,16.66,17.16,15.89,3616,15.94,1.000,
W1514,DR2,6045503125838046592,162327.15,-262238.9,18.44,18.92,17.55,3638,10.39,0.000,
W1515,DR2,6045466159069840256,162327.16,-262946.5,17.92,18.19,16.75,1724,855.34,1.000,
W1516,DR2,6045479589417173248,162327.18,-262403.6,18.17,18.61,17.29,3602,13.98,1.000,
W1517,DR2,6045477944452670848,162327.18,-262924.8,18.04,18.33,17.01,3667,10.98,1.000,
W1518,DR2,6045466159060523136,162327.21,-262948.7,16.84,17.16,15.93,2018,945.89,1.000,
W1519,DR2,6045478631647777920,162327.22,-262706.3,18.94,19.19,18.00,3582,35.95,0.001,
W1520,DR2,6045478734734721024,162327.22,-262559.8,16.24,16.79,15.48,3632,1.89,1.000,
W1521,DR2,6045477944460598400,162327.22,-262920.0,16.66,17.14,15.85,3629,4.41,1.000,
W1522,DR2,6045477944452648704,162327.24,-262934.2,18.39,18.75,17.43,3698,103.47,1.000,
W1523,DR2,6045479593721045120,162327.24,-262400.1,18.00,18.37,17.10,3604,8.60,1.000,
W1524,DR2,6045478631655476480,162327.25,-262652.9,17.73,18.24,16.91,3633,4.68,1.000,
W1525,DR2,6045478386827225344,162327.26,-262731.5,19.14,19.30,17.74,3653,47.98,,N.D.
W1526,DR2,6045466159060514816,162327.26,-262951.6,15.91,15.98,14.69,3138,1007.67,,N.D.
W1527,DR2,6045477940154968576,162327.27,-262858.8,16.74,17.19,15.89,3660,5.39,1.000,
W1528,DR2,6045477944452724224,162327.27,-262903.5,18.68,18.68,17.49,3602,26.79,1.000,
W1529,DR2,6045478627344281856,162327.27,-262642.0,18.58,19.01,17.64,3610,10.51,1.000,
W1530,DR2,6045503125838055424,162327.29,-262231.7,17.84,18.23,16.85,3644,5.52,1.000,
W1531,DR2,6045478631655500672,162327.32,-262610.2,17.39,17.91,16.59,3612,17.89,1.000,
W1532,DR2,6045479593728371584,162327.33,-262401.8,17.96,18.42,17.07,3608,9.32,1.000,
W1533,DR2,6045478391129480064,162327.35,-262803.6,18.89,19.22,17.91,3502,32.83,1.000,
W1534,DR2,6045478391137277184,162327.36,-262739.2,16.77,17.28,16.00,3521,6.02,1.000,
W1535,DR2,6045477944460595328,162327.37,-262924.6,17.26,17.70,16.44,3650,6.29,1.000,
W1536,DR2,6045478391137262208,162327.38,-262800.1,17.45,17.93,16.67,3568,16.67,1.000,
W1537,DR2,6045478425489324032,162327.39,-262714.9,17.97,18.02,16.77,3620,7.57,1.000,
W1538,DR2,6045478391137280128,162327.39,-262736.0,16.71,17.21,15.94,3624,7.20,1.000,
W1539,DR2,6045478631647842688,162327.42,-262625.5,17.60,18.06,16.67,3640,5.20,1.000,
W1540,DR2,6045477944452720000,162327.42,-262859.5,18.50,18.47,17.11,3459,59.20,1.000,
W1541,DR2,6045466154764708480,162327.43,-262950.3,16.28,16.42,15.37,3401,871.99,1.000,
W1542,DR2,6045478837813966464,162327.45,-262446.4,18.67,19.14,17.73,3634,10.10,1.000,
W1543,DR2,6045503130149624960,162327.47,-262311.9,14.44,15.09,13.65,3630,0.76,0.001,
W1544,DR2,6045466193420272000,162327.49,-262942.1,18.82,19.11,17.75,2218,933.10,1.000,
W1545,DR2,6045478391137266816,162327.49,-262752.9,17.29,17.77,16.51,3603,6.87,1.000,
W1546,DR2,6045466193422107520,162327.50,-262938.5,17.88,17.88,16.88,3695,276.50,1.000,
W1547,DR2,6045477944460605312,162327.50,-262908.8,16.09,16.64,15.32,3604,7.68,1.000,
W1548,DR2,6045478391137269632,162327.51,-262747.9,17.80,18.08,16.71,3621,12.94,1.000,
W1549,DR2,6045478803454206848,162327.52,-262536.7,16.16,16.73,15.39,3626,1.24,1.000,
W1550,DR2,6045478386827224704,162327.53,-262743.4,18.02,18.49,17.16,3596,21.34,1.000,
W1551,DR2,6045466193420244736,162327.54,-262948.3,16.31,16.60,15.37,3668,568.75,1.000,
W1552,DR2,6045478322409945600,162327.56,-262825.9,18.90,18.67,17.50,3638,17.04,1.000,
W1553,DR2,6045479593728220544,162327.57,-262423.3,18.19,18.73,17.32,3628,8.30,1.000,
W1554,DR2,6045503130149632000,162327.58,-262242.5,17.53,18.01,16.72,3631,3.79,1.000,
W1555,DR2,6045477944452720384,162327.60,-262901.2,17.97,17.07,16.60,3482,28.79,1.000,
W1556,DR2,6045478391129468800,162327.60,-262806.2,18.34,18.84,17.41,3628,9.43,1.000,
W1557,DR2,6045477944460587264,162327.60,-262936.6,16.58,17.03,15.76,3650,14.91,1.000,
W1558,DR2,6045477944453565056,162327.62,-262926.7,18.50,18.90,17.54,3620,18.71,1.000,
W1559,DR2,6045477944460599680,162327.62,-262915.3,15.35,16.01,14.53,3607,3.73,1.000,
W1560,DR2,6045478631647821824,162327.63,-262637.8,17.26,17.63,16.33,3637,3.25,1.000,
W1561,DR2,6045478391137245056,162327.63,-262819.6,19.09,19.21,17.94,3655,20.31,1.000,
W1562,DR2,6045477944460597120,162327.63,-262919.3,17.48,17.91,16.64,3634,25.06,1.000,
W1563,DR2,6045503130149634816,162327.63,-262231.2,18.07,18.61,17.22,3637,6.95,1.000,
W1564,DR2,6045477944452718848,162327.64,-262858.2,16.90,16.95,15.68,3542,14.47,,N.D.
W1565,DR2,6045478391137260800,162327.64,-262759.5,17.75,18.22,16.93,3572,11.59,1.000,
W1566,DR2,6045478627344317568,162327.65,-262617.1,18.32,18.79,17.42,3533,45.24,1.000,
W1567,DR2,6045477944452761088,162327.66,-262846.4,17.63,17.16,16.10,2965,98.40,1.000,
W1568,DR2,6045478391137253248,162327.68,-262808.9,17.57,18.04,16.78,3637,4.79,1.000,
W1569,DR2,6045478803454216832,162327.70,-262512.1,16.63,17.16,15.89,3639,1.70,1.000,
W1570,DR2,6045478391137267712,162327.71,-262749.1,18.64,19.02,17.68,3645,16.61,1.000,
W1571,DR2,6045479593720705408,162327.74,-262347.2,18.81,19.17,17.81,3624,11.42,1.000,
W1572,DR2,6045503130143325056,162327.75,-262242.1,18.75,19.27,17.79,3641,11.69,1.000,
W1573,DR2,6045466193429574912,162327.75,-262949.3,13.60,13.82,13.19,3697,26.72,1.000,
W1574,DR2,6045503164509376512,162327.75,-262217.1,15.54,16.15,14.77,3616,1.18,0.961,
W1575,DR2,6045477944452732288,162327.76,-262855.4,18.61,18.67,17.23,3344,109.33,1.000,
W1576,DR2,6045477944460621952,162327.78,-262845.4,16.73,17.13,15.83,3385,83.81,1.000,
W1577,DR2,6045477940150618368,162327.79,-262850.8,18.33,18.64,17.35,3595,50.07,1.000,
W1578,DR2,6045478318113804288,162327.80,-262827.5,18.59,18.82,17.42,3646,12.84,1.000,
W1579,DR2,6045503164509375616,162327.80,-262222.3,16.91,17.43,16.17,3600,4.64,1.000,
W1580,DR2,6045478730428952576,162327.81,-262606.1,17.19,17.75,16.23,1419,113.26,0.003,
W1581,DR2,6045477944460608512,162327.82,-262902.2,17.94,18.20,16.95,3564,39.32,1.000,
W1582,DR2,6045477944460600960,162327.84,-262911.9,13.78,14.51,12.94,3662,0.61,1.000,
W1583,DR2,6045478631655479808,162327.85,-262640.6,17.48,17.99,16.68,3628,4.16,1.000,
W1584,DR2,6045478391137279744,162327.87,-262732.5,19.10,19.50,18.04,3588,26.85,1.000,
W1585,DR2,6045477944460610432,162327.89,-262859.3,15.70,16.16,15.01,3645,3.93,1.000,
W1586,DR2,6045478425489299328,162327.89,-262722.2,19.08,19.44,17.99,3630,18.04,1.000,
W1587,DR2,6045479589417190272,162327.91,-262346.5,18.18,18.65,17.31,3646,6.74,1.000,
W1588,DR2,6045478391137248768,162327.94,-262811.9,17.47,17.95,16.66,3644,4.08,1.000,
W1589,DR2,6045478391129468672,162327.95,-262803.0,18.63,18.51,17.42,3633,13.88,1.000,
W1590,DR2,6045466193420244864,162327.96,-262950.9,18.75,17.22,,3629,104.51,1.000,
W1591,DR2,6045478837813971840,162327.99,-262431.9,18.99,19.46,17.99,3624,13.53,1.000,
W1592,DR2,6045478803454201344,162327.99,-262545.7,17.81,18.31,16.94,3624,5.38,1.000,
W1593,DR2,6045477940154970496,162327.99,-262927.3,16.49,16.89,15.69,3620,3.21,1.000,
W1594,DR2,6045466189120083072,162328.01,-262934.4,17.26,17.55,16.07,3666,7.45,1.000,
W1595,DR2,6045478425497021056,162328.01,-262726.0,18.85,19.25,17.86,3619,13.86,1.000,
W1596,DR2,6045466193429579648,162328.02,-262936.2,17.39,17.10,16.02,3658,8.71,1.000,
W1597,DR2,6045478391137253120,162328.02,-262805.9,17.18,17.68,16.41,3645,3.37,1.000,
W1598,DR2,6045466193429571328,162328.05,-262952.0,17.25,17.49,16.33,3628,35.13,1.000,
W1599,DR2,6045478391137256832,162328.05,-262800.8,17.05,17.35,16.10,3631,3.77,1.000,
W1600,DR2,6045478799144677120,162328.05,-262531.2,18.09,18.60,17.23,3626,9.78,1.000,
W1601,DR2,6045478799150146688,162328.07,-262502.2,19.11,19.59,18.10,3544,17.77,1.000,
W1602,DR2,6045477944460595584,162328.08,-262917.8,17.10,17.53,16.30,3634,20.03,1.000,
W1603,DR2,6045477944452743552,162328.10,-262848.1,19.12,19.05,17.86,2708,113.98,1.000,
W1604,DR2,6045477944460596864,162328.11,-262915.0,17.30,17.70,16.43,3154,134.43,1.000,
W1605,DR2,6045477944452653952,162328.12,-262922.6,17.17,17.52,16.30,3647,8.40,1.000,
W1606,DR2,6045478421185802368,162328.13,-262710.9,18.69,19.18,17.72,3638,12.41,1.000,
W1607,DR2,6045477944460621056,162328.13,-262843.1,13.38,13.65,12.92,3624,0.81,1.000,
W1608,DR2,6045478734734712832,162328.13,-262608.9,12.90,13.55,12.11,3694,0.54,1.000,
W1609,DR2,6045466193420252416,162328.14,-262941.5,17.99,18.39,17.02,3549,88.25,1.000,
W1610,DR2,6045478391129497728,162328.16,-262746.8,19.07,19.34,18.06,3636,18.57,1.000,
W1611,DR2,6045478322417753600,162328.19,-262830.7,17.65,17.96,16.67,3612,8.25,1.000,
W1612,DR2,6045466193420252544,162328.19,-262944.4,18.78,18.80,17.48,2985,219.05,1.000,
W1613,DR2,6045503370667813376,162328.19,-262142.7,17.61,18.15,16.83,3638,4.17,1.000,
W1614,DR2,6045503061423817600,162328.19,-262333.7,19.07,19.23,18.19,3625,19.65,0.000,
W1615,DR2,6045466193420224896,162328.23,-262951.7,16.52,16.54,15.42,3658,11.63,1.000,
W1616,DR2,6045477944452724352,162328.24,-262854.1,18.24,18.69,17.37,3713,491.34,1.000,
W1617,DR2,6045503057118528896,162328.27,-262317.8,18.92,19.28,17.83,3619,19.76,1.000,
W1618,DR2,6045478322417743488,162328.27,-262840.8,16.05,16.19,15.00,3637,14.47,1.000,
W1619,DR2,6045478803454204928,162328.27,-262534.2,17.62,18.07,16.77,3606,5.38,1.000,
W1620,DR2,6045477944460589568,162328.27,-262925.7,17.03,17.39,16.10,3641,4.61,1.000,
W1621,DR2,6045503125838025856,162328.27,-262258.4,18.71,19.18,17.76,3638,10.12,1.000,
W1622,DR2,6045466193429580160,162328.27,-262932.7,17.85,17.42,16.13,3662,9.71,1.000,
W1623,DR2,6045479593728371200,162328.30,-262415.3,18.04,18.59,17.15,3628,6.24,0.000,
W1624,DR2,6045478734734720512,162328.30,-262550.5,17.60,18.11,16.79,3613,6.67,1.000,
W1625,DR2,6045503164509372032,162328.32,-262227.6,17.77,18.30,16.97,3616,6.00,1.000,
W1626,DR2,6045477944452664832,162328.35,-262916.1,18.52,18.86,17.54,3569,103.30,1.000,
W1627,DR2,6045466189120083328,162328.36,-262933.1,16.82,17.21,15.99,3654,4.75,1.000,
W1628,DR2,6045466189124449792,162328.36,-262949.7,13.53,13.74,13.11,3686,1.44,1.000,
W1629,DR2,6045477944452702848,162328.39,-262900.7,19.12,19.38,17.99,3614,658.99,1.000,
W1630,DR2,6045477944452675712,162328.40,-262910.0,18.63,18.99,17.63,2878,191.37,1.000,
W1631,DR2,6045478318116315520,162328.41,-262833.2,18.52,,,3573,51.34,1.000,
W1632,DR2,6045478803454211456,162328.41,-262517.7,16.93,17.46,16.18,3635,2.36,1.000,
W1633,DR2,6045477944452653440,162328.42,-262920.0,18.55,19.01,17.58,3553,30.70,1.000,
W1634,DR2,6045478386826004864,162328.43,-262748.8,17.82,18.29,16.93,3638,5.23,1.000,
W1635,DR2,6045478631655471488,162328.43,-262649.0,17.79,18.26,16.94,3603,5.76,1.000,
W1636,DR2,6045478322417743360,162328.44,-262839.8,15.91,16.47,15.03,3609,14.02,1.000,
W1637,DR2,6045478627344303104,162328.45,-262628.2,17.26,17.75,16.43,3611,6.31,1.000,
W1638,DR2,6045503130149629056,162328.45,-262246.3,16.89,17.41,16.14,3649,2.09,1.000,
W1639,DR2,6045478322417747072,162328.47,-262834.2,17.73,17.89,16.48,3604,34.34,1.000,
W1640,DR2,6045477944460608640,162328.50,-262855.7,17.72,18.17,16.90,3718,822.32,1.000,
W1641,DR2,6045477940154971520,162328.52,-262849.1,18.00,18.44,17.13,3720,580.02,1.000,
W1642,DR2,6045503057118495488,162328.54,-262344.8,18.65,19.17,17.71,3626,10.68,1.000,
W1643,DR2,6045466193429571584,162328.54,-262948.2,14.10,14.58,13.12,3671,3.00,1.000,
W1644,DR2,6045466193429573760,162328.56,-262944.2,18.80,18.85,17.70,1853,289.28,1.000,
W1645,DR2,6045478734734708608,162328.56,-262612.0,16.97,17.43,16.19,3605,25.10,1.000,
W1646,DR2,6045477944452646272,162328.59,-262921.9,17.83,18.24,16.98,3621,11.84,1.000,
W1647,DR2,6045466193420273536,162328.60,-262930.9,19.06,19.15,17.66,3625,25.41,1.000,
W1648,DR2,6045477944460594560,162328.63,-262914.4,17.50,17.57,16.31,3521,72.69,1.000,
W1649,DR2,6045478391129506048,162328.63,-262737.7,18.32,18.72,17.39,3612,8.55,1.000,
W1650,DR2,6045503125843271296,162328.65,-262305.9,19.01,19.43,17.97,3606,25.24,0.000,
W1651,DR2,6045503160197819008,162328.67,-262204.3,18.77,19.31,17.82,3590,19.37,1.000,
W1652,DR2,6045478318107742976,162328.69,-262814.8,17.44,17.90,16.64,3622,5.33,1.000,
W1653,DR2,6045478391137267840,162328.71,-262739.6,17.87,18.25,16.94,3628,5.29,1.000,
W1654,DR2,6045479593728224256,162328.73,-262403.8,18.83,19.28,17.82,3627,11.14,1.000,
W1655,DR2,6045477944460591872,162328.73,-262917.1,15.59,16.14,14.70,3630,10.58,1.000,
W1656,DR2,6045466193429578368,162328.74,-262932.3,16.82,17.19,15.94,3638,4.39,1.000,
W1657,DR2,6045477944452691584,162328.74,-262902.4,17.16,17.58,16.37,3724,470.00,1.000,
W1658,DR2,6045478322417766400,162328.75,-262810.6,17.60,18.05,16.79,3636,6.01,1.000,
W1659,DR2,6045478322409915648,162328.76,-262825.0,18.60,18.97,17.64,3642,12.39,1.000,
W1660,DR2,6045478631647785728,162328.76,-262646.6,17.17,17.62,16.34,3604,3.64,1.000,
W1661,DR2,6045466193429582336,162328.78,-262923.5,17.30,17.75,16.52,3646,11.86,1.000,
W1662,DR2,6045466189124450304,162328.78,-262950.7,16.10,16.56,15.25,3719,65.58,1.000,
W1663,DR2,6045466193420253568,162328.80,-262937.8,18.67,19.05,17.64,3624,46.10,1.000,
W1664,DR2,6045479593728219904,162328.82,-262414.2,19.06,19.50,18.03,3632,15.15,1.000,
W1665,DR2,6045503164509374848,162328.82,-262214.8,18.24,18.73,17.40,3635,9.36,0.000,
W1666,DR2,6045477944452677632,162328.84,-262906.1,18.93,19.14,17.69,1409,526.40,1.000,
W1667,DR2,6045478421195534464,162328.84,-262707.1,18.81,19.20,17.80,3624,20.77,1.000,
W1668,DR2,6045478631655478400,162328.86,-262634.3,17.30,17.81,16.52,3596,10.37,1.000,
W1669,DR2,6045478631655470848,162328.88,-262647.2,18.33,18.77,17.35,3596,12.01,0.013,
W1670,DR2,6045478799143105152,162328.92,-262514.9,17.15,17.67,16.40,3624,2.81,1.000,
W1671,DR2,6045503061430146688,162328.93,-262303.6,18.24,18.72,17.38,3572,16.60,1.000,
W1672,DR2,6045503061430145920,162328.93,-262306.5,18.26,18.72,17.36,3588,24.88,1.000,
W1673,DR2,6045503130149627264,162328.93,-262249.0,18.91,19.40,17.98,3623,14.91,1.000,
W1674,DR2,6045478425497014144,162328.95,-262726.6,17.11,17.61,16.34,3625,2.80,1.000,
W1675,DR2,6045478833502880512,162328.95,-262442.9,18.08,18.07,16.83,3629,5.83,1.000,
W1676,DR2,6045478421185814528,162328.00,-262704.7,17.75,18.20,16.88,3615,13.00,1.000,
W1677,DR2,6045478425489232768,162329.00,-262738.8,18.15,18.23,17.07,3623,6.74,1.000,
W1678,DR2,6045478322417751680,162329.01,-262824.6,17.95,17.80,16.36,3606,8.30,1.000,
W1679,DR2,6045479593728219008,162329.01,-262414.6,17.87,18.38,17.05,3634,6.24,1.000,
W1680,DR2,6045466193420274048,162329.02,-262926.8,18.15,18.60,17.26,3621,13.38,1.000,
W1681,DR2,6045478425497023488,162329.02,-262710.4,18.24,18.70,17.38,3501,33.06,1.000,
W1682,DR2,6045478322409966848,162329.03,-262803.3,18.93,19.37,17.91,3628,18.28,1.000,
W1683,DR2,6045466193420209152,162329.04,-262952.1,18.70,18.82,17.55,1390,552.71,1.000,
W1684,DR2,6045478318112094592,162329.05,-262812.2,18.52,18.94,17.58,3623,15.65,1.000,
W1685,DR2,6045478391137249920,162329.05,-262759.9,17.31,17.80,16.52,3652,4.94,1.000,
W1686,DR2,6045478730428955136,162329.06,-262552.3,16.87,17.38,16.11,3592,4.85,1.000,
W1687,DR2,6045466193429574144,162329.07,-262939.1,16.86,17.33,16.08,3701,16.42,1.000,
W1688,DR2,6045466193420279936,162329.07,-262920.5,19.03,19.23,17.62,1805,256.07,1.000,
W1689,DR2,6045478734727092736,162329.08,-262547.0,15.58,16.33,14.69,3624,1.08,0.000,
W1690,DR2,6045477944452666752,162329.11,-262908.3,18.16,18.48,16.87,2053,91.13,1.000,
W1691,DR2,6045503061423798400,162329.12,-262354.9,18.94,19.21,17.69,3622,14.58,1.000,
W1692,DR2,6045478837806366208,162329.14,-262503.2,18.51,19.04,17.59,3643,10.39,1.000,
W1693,DR2,6045503164509379072,162329.15,-262150.5,18.57,19.03,17.65,3597,11.68,1.000,
W1694,DR2,6045478734734712448,162329.16,-262600.2,14.47,15.19,13.62,3636,0.68,1.000,
W1695,DR2,6045478734734699648,162329.19,-262618.5,16.20,16.67,15.28,3620,3.48,1.000,
W1696,DR2,6045478322409859456,162329.20,-262840.1,18.09,18.35,17.11,3700,181.79,1.000,
W1697,DR2,6045466193420203008,162329.22,-262952.6,18.84,18.48,17.47,2326,731.93,0.000,
W1698,DR2,6045503061430144512,162329.23,-262312.5,18.89,19.33,17.77,3567,41.18,0.000,
W1699,DR2,6045466193420262912,162329.24,-262928.8,19.19,19.48,18.00,3503,39.66,1.000,
W1700,DR2,6045503370667810816,162329.24,-262143.2,18.37,18.93,17.49,3584,9.17,1.000,
W1701,DR2,6045466193429568256,162329.25,-262946.2,18.06,18.00,16.64,2674,727.15,1.000,
W1702,DR2,6045478833502855424,162329.25,-262507.7,17.61,18.02,16.75,3652,4.17,1.000,
W1703,DR2,6045478734734702592,162329.25,-262616.1,18.39,,,3553,22.21,1.000,
W1704,DR2,6045466193420272896,162329.25,-262925.0,18.62,18.98,17.61,3541,66.62,1.000,
W1705,DR2,6045503164509375744,162329.26,-262207.9,16.36,16.90,15.60,3615,1.77,1.000,
W1706,DR2,6045503057118542848,162329.26,-262333.9,18.35,18.83,17.46,3517,58.70,1.000,
W1707,DR2,6045503061430481536,162329.28,-262339.8,16.79,17.35,16.02,3611,2.61,0.000,
W1708,DR2,6045478322417731712,162329.28,-262847.3,17.57,17.97,16.71,3334,1163.76,1.000,
W1709,DR2,6045478425490003328,162329.29,-262646.5,17.85,18.26,16.94,3624,20.53,1.000,
W1710,DR2,6045466193429572864,162329.31,-262938.5,16.58,17.05,15.84,3712,19.27,1.000,
W1711,DR2,6045478322417736448,162329.33,-262839.6,18.30,18.59,17.31,3702,135.14,1.000,
W1712,DR2,6045478318107742592,162329.34,-262823.4,17.51,17.94,16.66,3594,8.16,1.000,
W1713,DR2,6045503160197830912,162329.35,-262149.7,17.41,17.77,16.43,3607,3.82,1.000,
W1714,DR2,6045478421187031424,162329.36,-262710.9,18.23,18.42,17.06,3449,49.32,1.000,
W1715,DR2,6045478837806371968,162329.36,-262455.1,19.05,19.59,18.07,3616,13.58,1.000,
W1716,DR2,6045478734734713472,162329.37,-262556.5,17.38,17.85,16.55,3503,80.80,1.000,
W1717,DR2,6045478730423545984,162329.37,-262628.0,13.98,14.69,13.12,3663,0.43,1.000,
W1718,DR2,6045478425497039488,162329.37,-262643.7,17.28,17.58,16.34,3635,10.40,1.000,
W1719,DR2,6045478734734720128,162329.38,-262542.4,18.79,19.27,17.80,1966,204.72,1.000,
W1720,DR2,6045478425489299456,162329.41,-262707.0,18.69,19.06,17.65,3392,88.23,1.000,
W1721,DR2,6045478322417728512,162329.42,-262848.9,17.08,17.45,16.15,3307,1124.61,1.000,
W1722,DR2,6045503061423808128,162329.42,-262337.2,18.33,18.81,17.35,3603,22.25,0.000,
W1723,DR2,6045478734734710272,162329.42,-262600.6,17.39,17.82,16.48,3581,17.43,0.000,
W1724,DR2,6045478734734704384,162329.43,-262611.0,16.66,17.07,15.71,3615,2.78,1.000,
W1725,DR2,6045478322417756160,162329.43,-262817.7,16.67,17.17,15.92,3613,3.59,1.000,
W1726,DR2,6045477944452663936,162329.44,-262906.3,18.49,18.83,17.38,3370,180.82,1.000,
W1727,DR2,6045478803454207360,162329.44,-262518.1,17.63,18.20,16.80,3634,4.26,0.000,
W1728,DR2,6045478425497006592,162329.45,-262731.0,17.39,17.88,16.55,3644,4.84,1.000,
W1729,DR2,6045478425496996224,162329.45,-262746.3,17.35,17.85,16.58,3601,5.86,1.000,
W1730,DR2,6045503061430144640,162329.47,-262309.9,14.82,15.54,13.99,3628,0.66,1.000,
W1731,DR2,6045466193429683968,162329.47,-262946.5,17.61,17.86,16.53,2905,736.30,1.000,
W1732,DR2,6045503061430135296,162329.47,-262349.4,18.07,18.59,17.22,3596,7.52,1.000,
W1733,DR2,6045466193420233728,162329.48,-262942.0,18.24,18.49,17.23,2823,590.19,1.000,
W1734,DR2,6045478730428956288,162329.49,-262547.4,18.96,19.40,17.93,1878,122.15,1.000,
W1735,DR2,6045466189124452096,162329.50,-262912.0,11.65,12.53,10.74,3707,1.06,1.000,
W1736,DR2,6045478322409933696,162329.51,-262812.4,17.30,17.48,16.35,3632,5.13,1.000,
W1737,DR2,6045503061430481152,162329.52,-262345.5,17.37,17.92,16.56,3623,4.28,1.000,
W1738,DR2,6045478322417768192,162329.54,-262802.0,16.36,16.92,15.58,3639,1.90,0.000,
W1739,DR2,6045478730428956672,162329.55,-262551.2,18.98,19.31,17.94,1445,147.03,1.000,
W1740,DR2,6045466193429580672,162329.56,-262919.8,17.27,17.72,16.48,3080,83.69,1.000,
W1741,DR2,6045478837813974400,162329.59,-262409.5,16.31,16.85,15.56,3626,1.53,1.000,
W1742,DR2,6045466193420196608,162329.59,-262952.5,16.33,16.36,15.38,3669,605.55,1.000,
W1743,DR2,6045478322417758720,162329.61,-262813.3,16.20,16.70,15.42,3637,1.94,1.000,
W1744,DR2,6045478833502917248,162329.61,-262414.4,17.93,18.31,16.96,3620,7.41,1.000,
W1745,DR2,6045478318112096384,162329.61,-262851.0,16.91,17.02,15.71,3192,1118.98,0.000,
W1746,DR2,6045478322409848448,162329.63,-262839.5,17.97,18.45,17.12,3635,44.08,1.000,
W1747,DR2,6045466193420277376,162329.64,-262916.0,18.27,,,3023,86.32,1.000,
W1748,DR2,6045478322409798272,162329.66,-262859.0,18.86,18.67,17.55,2656,1169.71,1.000,
W1749,DR2,6045478322409817344,162329.66,-262851.9,17.71,17.19,15.79,2818,1254.10,1.000,
W1750,DR2,6045503469435509504,162329.66,-262113.9,17.63,18.41,16.68,3622,4.30,0.005,
W1751,DR2,6045466193420582528,162329.67,-262907.9,17.97,18.09,16.51,2708,219.20,1.000,
W1752,DR2,6045478322417745024,162329.68,-262826.4,16.22,16.74,15.46,3615,2.55,1.000,
W1753,DR2,6045466189124452608,162329.69,-262935.1,17.65,18.04,16.73,3628,22.44,1.000,
W1754,DR2,6045478322409783040,162329.71,-262905.1,18.40,,,2174,304.09,1.000,
W1755,DR2,6045503469435496320,162329.72,-262130.2,18.11,18.59,17.28,3626,6.08,1.000,
W1756,DR2,6045478322417765248,162329.72,-262803.3,17.14,17.61,16.34,3634,4.25,1.000,
W1757,DR2,6045466193420210688,162329.74,-262944.5,17.53,17.65,16.51,3132,595.45,1.000,
W1758,DR2,6045466193420277504,162329.74,-262917.9,17.94,17.89,16.54,3127,122.13,1.000,
W1759,DR2,6045478322409799296,162329.75,-262857.8,18.78,18.93,17.41,2756,1042.51,1.000,
W1760,DR2,6045466189124452992,162329.76,-262923.8,16.56,17.04,15.79,3615,16.11,1.000,
W1761,DR2,6045478322409788416,162329.78,-262902.1,18.73,19.15,17.55,1406,867.49,1.000,
W1762,DR2,6045478322409878272,162329.79,-262828.8,19.12,19.28,18.04,3560,48.90,0.000,
W1763,DR2,6045503057118542208,162329.81,-262325.6,12.51,13.35,11.60,3699,0.63,1.000,
W1764,DR2,6045478734727117312,162329.81,-262521.8,19.12,19.60,18.07,3642,16.91,1.000,
W1765,DR2,6045478425496990720,162329.82,-262749.5,17.92,18.39,17.07,3603,12.23,1.000,
W1766,DR2,6045466189124453120,162329.83,-262942.1,15.15,15.75,14.26,3723,52.38,1.000,
W1767,DR2,6045478734734708096,162329.84,-262558.4,15.11,15.64,14.36,3600,1.68,0.000,
W1768,DR2,6045466193420196352,162329.85,-262947.3,17.72,17.63,16.37,2619,681.35,,N.D.
W1769,DR2,6045466193420280320,162329.85,-262914.1,18.84,18.54,16.92,1852,153.67,1.000,
W1770,DR2,6045478425497036288,162329.87,-262644.8,17.02,17.48,16.16,3600,17.23,1.000,
W1771,DR2,6045466571377414272,162329.88,-262904.8,18.67,19.05,17.65,1254,177.94,1.000,
W1772,DR2,6045466193420210816,162329.89,-262943.6,17.22,,,3383,370.86,1.000,
W1773,DR2,6045478734727111552,162329.89,-262527.7,18.63,19.09,17.67,3612,10.50,1.000,
W1774,DR2,6045466193420277120,162329.91,-262919.8,18.53,18.84,17.47,2240,149.57,1.000,
W1775,DR2,6045478322417743872,162329.92,-262825.6,17.95,18.13,17.01,3630,12.01,1.000,
W1776,DR2,6045478833502877568,162329.92,-262443.9,19.01,19.52,18.01,3624,20.30,1.000,
W1777,DR2,6045503061430480768,162329.92,-262352.8,16.99,17.56,16.18,3599,2.36,0.000,
W1778,DR2,6045466193429573632,162329.92,-262931.0,17.44,,,3601,21.06,1.000,
W1779,DR2,6045478425497028352,162329.93,-262653.5,15.88,16.50,15.04,3584,15.91,0.066,
W1780,DR2,6045478734734909696,162329.93,-262548.9,17.65,18.15,16.82,3572,7.41,1.000,
W1781,DR2,6045478734734692864,162329.94,-262625.2,17.13,17.63,16.36,3611,24.68,1.000,
W1782,DR2,6045466193429575680,162329.96,-262925.8,15.98,16.52,15.22,3620,3.58,1.000,
W1783,DR2,6045478356769708800,162329.96,-262753.1,19.10,19.42,18.01,3582,28.17,1.000,
W1784,DR2,6045466193429574656,162329.97,-262929.6,15.88,16.45,15.05,3601,3.93,1.000,
W1785,DR2,6045478734734690560,162329.98,-262628.0,19.04,18.90,17.46,2938,181.01,1.000,
W1786,DR2,6045466193420186240,162329.98,-262950.3,17.06,17.22,16.02,2865,759.99,1.000,
W1787,DR2,6045478734727063552,162329.99,-262559.7,18.01,18.30,17.01,3588,31.65,1.000,
W1788,DR2,6045478322409927168,162329.99,-262811.8,18.41,18.82,17.49,3645,24.22,1.000,
W1789,DR2,6045478837814126464,162329.99,-262450.7,16.21,16.81,15.41,3586,1.22,0.000,
W1790,DR2,6045466193429566592,162330.00,-262939.3,17.82,17.63,16.44,3402,55.11,1.000,
W1791,DR2,6045466189124453632,162330.01,-262945.4,16.73,17.13,15.90,3494,389.60,1.000,
W1792,DR2,6045478322409803648,162330.01,-262850.0,16.95,17.08,15.80,3708,582.41,,N.D.
W1793,DR2,6045478425489260416,162330.01,-262700.7,18.74,18.93,17.59,3175,105.23,1.000,
W1794,DR2,6045466193420278400,162330.02,-262914.5,18.26,18.33,17.01,1417,116.81,1.000,
W1795,DR2,6045466193420186368,162330.04,-262950.0,18.95,,,1982,535.49,,N.D.
W1796,DR2,6045478322409793920,162330.05,-262856.3,16.83,17.26,16.04,3716,420.47,1.000,
W1797,DR2,6045478318112097792,162330.05,-262842.4,18.44,18.89,17.51,3646,45.95,1.000,
W1798,DR2,6045478322417744384,162330.06,-262823.7,16.05,16.61,15.27,3630,1.66,1.000,
W1799,DR2,6045478425497009792,162330.06,-262721.7,17.52,17.98,16.67,3607,23.43,1.000,
W1800,DR2,6045478837813944448,162330.06,-262514.1,18.22,18.74,17.35,3606,11.53,1.000,
W1801,DR2,6045466193420215296,162330.08,-262938.0,18.22,,,3373,64.26,1.000,
W1802,DR2,6045478356777513856,162330.09,-262747.4,16.15,16.69,15.39,3603,2.89,1.000,
W1803,DR2,6045478837806796928,162330.10,-262448.3,18.24,18.56,17.09,3636,13.87,1.000,
W1804,DR2,6045478322417764224,162330.11,-262801.9,18.29,18.73,17.40,3613,12.83,1.000,
W1805,DR2,6045502301204223360,162330.12,-262406.3,19.10,19.47,18.15,3639,24.97,0.000,
W1806,DR2,6045478425497006848,162330.12,-262725.5,16.80,17.29,16.03,3591,6.90,1.000,
W1807,DR2,6045503061423820416,162330.12,-262308.4,17.65,18.17,16.82,3613,19.73,1.000,
W1808,DR2,6045478322409803776,162330.13,-262852.6,16.99,17.28,16.15,3714,319.95,1.000,
W1809,DR2,6045503267588595200,162330.13,-262136.7,18.56,19.07,17.66,3606,9.26,1.000,
W1810,DR2,6045478322417748736,162330.13,-262817.6,16.32,16.81,15.52,3638,2.65,1.000,
W1811,DR2,6045478322417729408,162330.14,-262839.8,18.20,18.63,17.31,3648,12.90,1.000,
W1812,DR2,6045478734727016448,162330.15,-262627.2,18.30,18.67,17.29,3536,43.35,1.000,
W1813,DR2,6045478322409872512,162330.18,-262827.4,19.05,19.36,17.98,3581,32.66,1.000,
W1814,DR2,6045478734727048832,162330.18,-262607.1,19.11,19.36,18.03,3609,23.54,0.094,
W1815,DR2,6045478528576254208,162330.19,-262637.2,14.93,15.63,14.09,3645,0.76,1.000,
W1816,DR2,6045478322417718784,162330.21,-262855.5,16.80,17.22,16.01,3691,123.47,1.000,
W1817,DR2,6045478425497022976,162330.21,-262700.9,18.89,,,2905,159.60,0.000,
W1818,DR2,6045478322409848064,162330.23,-262834.3,19.09,19.35,17.94,3589,23.31,1.000,
W1819,DR2,6045466193429577600,162330.23,-262919.2,15.64,15.73,14.40,3631,8.04,0.000,
W1820,DR2,6045478734727039104,162330.23,-262611.8,18.20,18.65,17.33,3618,8.16,1.000,
W1821,DR2,6045478322417765504,162330.25,-262758.1,17.52,18.01,16.74,3640,5.28,1.000,
W1822,DR2,6045478425489262080,162330.27,-262717.9,18.79,19.13,17.76,1066,263.03,1.000,
W1823,DR2,6045478528568571264,162330.27,-262633.8,18.83,19.05,17.60,3509,83.21,1.000,
W1824,DR2,6045478425489257856,162330.27,-262703.6,18.83,18.34,17.45,2845,132.31,1.000,
W1825,DR2,6045478322417749504,162330.28,-262815.4,17.36,17.77,16.55,3632,9.17,1.000,
W1826,DR2,6045466193429567360,162330.30,-262937.6,18.00,18.15,16.77,2915,86.48,1.000,
W1827,DR2,6045503061430388096,162330.30,-262348.5,18.07,18.57,17.15,3626,9.95,1.000,
W1828,DR2,6045478425497003392,162330.32,-262728.4,16.92,17.43,16.15,3586,5.62,1.000,
W1829,DR2,6045478356777515008,162330.32,-262744.2,14.92,15.59,14.09,3609,0.80,0.998,
W1830,DR2,6045466193429561088,162330.33,-262944.7,18.31,18.59,17.32,2990,174.40,1.000,
W1831,DR2,6045503061423802368,162330.35,-262335.5,19.00,19.47,18.00,3577,67.97,1.000,
W1832,DR2,6045478734734704000,162330.36,-262603.3,16.54,17.05,15.78,3611,2.71,1.000,
W1833,DR2,6045466193429556736,162330.36,-262950.5,17.59,17.99,16.76,2677,494.74,1.000,
W1834,DR2,6045478322417742464,162330.39,-262823.2,17.53,17.97,16.73,3648,6.74,1.000,
W1835,DR2,6045478837813964160,162330.39,-262424.3,18.16,18.64,17.33,3587,35.23,0.004,
W1836,DR2,6045478734734717952,162330.42,-262536.3,17.97,18.51,17.11,3609,6.66,1.000,
W1837,DR2,6045466571386705408,162330.42,-262905.9,17.19,17.67,16.42,2739,158.52,1.000,
W1838,DR2,6045478734734715648,162330.43,-262541.3,17.34,17.84,16.55,3623,3.86,1.000,
W1839,DR2,6045478425497024640,162330.44,-262655.9,14.74,15.43,13.88,2518,75.48,1.000,
W1840,DR2,6045466193429573248,162330.46,-262927.2,16.17,16.69,15.42,3607,7.15,1.000,
W1841,DR2,6045478734734697472,162330.46,-262612.4,18.69,19.08,17.73,3588,13.60,1.000,
W1842,DR2,6045478734727051648,162330.47,-262600.7,17.99,18.40,17.06,3593,16.40,0.000,
W1843,DR2,6045478425497029120,162330.47,-262647.9,16.78,17.25,15.99,3373,113.17,1.000,
W1844,DR2,6045503095785000320,162330.49,-262244.7,20.65,20.50,19.50,3631,13.55,0.019,
W1845,DR2,6045466571386701952,162330.49,-262913.3,16.81,17.28,16.04,3082,180.00,1.000,
W1846,DR2,6045478322417750528,162330.51,-262811.4,17.81,17.72,16.24,3629,8.83,1.000,
W1847,DR2,6045478322409905408,162330.51,-262812.5,17.62,17.35,16.23,3622,10.16,1.000,
W1848,DR2,6045502305516236544,162330.51,-262357.9,17.59,18.10,16.80,3622,5.38,1.000,
W1849,DR2,6045478356777516544,162330.52,-262740.3,17.91,18.85,16.70,3394,123.35,0.000,
W1850,DR2,6045478730424946048,162330.53,-262551.1,18.14,18.61,17.26,3599,8.47,0.000,
W1851,DR2,6045478769094649472,162330.54,-262512.8,16.07,16.68,15.28,3613,2.66,1.000,
W1852,DR2,6045478322409810176,162330.54,-262847.1,18.94,19.30,17.90,3476,90.63,1.000,
W1853,DR2,6045466571386707584,162330.54,-262858.0,14.94,15.61,14.12,3604,2.01,1.000,
W1854,DR2,6045478322409846656,162330.54,-262832.5,16.73,17.21,15.99,3619,3.68,1.000,
W1855,DR2,6045503164509375232,162330.55,-262157.9,17.07,17.58,16.30,3626,2.82,1.000,
W1856,DR2,6045478322409873408,162330.60,-262821.0,17.29,17.49,16.13,3628,6.32,1.000,
W1857,DR2,6045478837813957248,162330.63,-262439.3,17.52,18.05,16.73,3561,7.11,1.000,
W1858,DR2,6045466571377383424,162330.63,-262916.9,19.19,19.28,17.92,2165,256.98,1.000,
W1859,DR2,6045478322417741184,162330.66,-262822.4,17.50,17.60,16.38,3621,7.08,1.000,
W1860,DR2,6045466193429562880,162330.66,-262939.5,12.08,12.81,11.24,3703,0.73,1.000,
W1861,DR2,6045478764788698112,162330.68,-262509.4,17.06,17.56,16.28,3607,6.92,1.000,
W1862,DR2,6045478356777496064,162330.69,-262804.1,18.03,18.35,17.00,3637,8.63,1.000,
W1863,DR2,6045478769094459904,162330.70,-262526.5,17.68,18.20,16.88,3631,5.16,1.000,
W1864,DR2,6045478425497000960,162330.74,-262727.7,17.48,17.97,16.67,3508,41.38,1.000,
W1865,DR2,6045478528568525824,162330.74,-262647.9,19.11,19.45,18.00,2526,247.98,1.000,
W1866,DR2,6045478730428960000,162330.77,-262614.3,17.86,18.35,16.99,3611,6.79,0.333,
W1867,DR2,6045478322417736576,162330.78,-262825.9,16.62,17.10,15.85,3647,2.89,1.000,
W1868,DR2,6045478425497011328,162330.81,-262712.3,17.31,17.60,16.23,1789,169.87,1.000,
W1869,DR2,6045478322409897600,162330.82,-262812.8,18.20,18.65,17.28,3628,11.77,1.000,
W1870,DR2,6045478352466289280,162330.82,-262759.0,17.50,17.96,16.70,3623,4.69,1.000,
W1871,DR2,6045466571377379072,162330.84,-262916.5,18.94,19.17,17.62,3499,48.65,,N.D.
W1872,DR2,6045503160197818880,162330.86,-262213.4,18.16,18.68,17.32,3621,8.92,0.000,
W1874,DR2,6045478352466258432,162330.88,-262753.1,18.54,18.93,17.62,3617,10.69,1.000,
W1875,DR2,6045466193420163712,162330.88,-262949.3,18.80,18.25,,2534,240.12,1.000,
W1876,DR2,6045478322409875328,162330.88,-262819.9,18.66,19.07,17.65,3605,32.30,1.000,
W1877,DR2,6045478528576258176,162330.90,-262624.7,18.70,19.09,17.78,3547,19.02,0.000,
W1878,DR2,6045502305515885440,162330.91,-262358.0,16.58,17.11,15.72,3647,2.31,1.000,
W1879,DR2,6045478322417735296,162330.91,-262826.4,18.33,18.66,17.30,3633,15.15,1.000,
W1880,DR2,6045466193429564544,162330.92,-262935.3,16.70,17.12,15.91,804,230.52,1.000,
W1881,DR2,6045478734734695168,162330.93,-262611.6,16.88,17.37,16.12,3623,3.02,1.000,
W1882,DR2,6045466193429559168,162330.93,-262942.2,14.68,15.33,13.84,3633,13.64,1.000,
W1883,DR2,6045466193420168832,162330.94,-262947.3,18.06,17.64,16.46,1080,271.91,1.000,
W1884,DR2,6045466571386699264,162330.94,-262913.5,16.79,17.22,16.00,3628,6.32,1.000,
W1885,DR2,6045466571386707840,162330.95,-262854.1,15.06,15.72,14.24,3632,1.75,1.000,
W1886,DR2,6045478322417727616,162330.96,-262835.0,17.60,18.08,16.82,3607,7.24,1.000,
W1887,DR2,6045466193429567488,162330.97,-262931.1,16.44,16.91,15.69,3357,111.61,1.000,
W1888,DR2,6045478528568530688,162330.98,-262644.5,19.01,19.34,17.95,3417,60.77,1.000,
W1889,DR2,6045503160198664064,162330.98,-262210.0,18.97,19.43,18.00,3603,28.04,1.000,
W1890,DR2,6045478322409860736,162330.00,-262822.7,16.84,17.31,16.09,3609,3.77,1.000,
W1891,DR2,6045466193429556224,162331.01,-262945.7,17.56,17.81,16.43,798,284.38,1.000,
W1892,DR2,6045478528576246144,162331.03,-262640.2,18.26,18.69,17.31,3558,38.82,1.000,
W1893,DR2,6045466571386698112,162331.07,-262914.6,16.95,17.38,16.17,3599,5.75,1.000,
W1894,DR2,6045478769094649344,162331.08,-262515.1,18.03,18.22,16.89,3569,18.42,1.000,
W1895,DR2,6045466571386701056,162331.12,-262908.9,17.04,17.50,16.27,3611,7.01,1.000,
W1896,DR2,6045478322417720320,162331.12,-262844.7,17.82,18.29,16.98,3620,9.45,1.000,
W1897,DR2,6045478528568585856,162331.12,-262618.2,19.09,19.29,17.91,3390,57.23,1.000,
W1898,DR2,6045502305515879680,162331.12,-262422.1,14.21,14.94,13.36,3524,28.03,1.000,
W1899,DR2,6045503164509373568,162331.12,-262156.9,18.89,19.35,17.96,3609,16.41,0.000,
W1900,DR2,6045466571377363072,162331.14,-262921.2,17.47,17.86,16.47,3614,7.22,1.000,
W1901,DR2,6045466193429566208,162331.17,-262930.8,18.95,18.94,17.81,701,290.53,0.008,
W1902,DR2,6045478425489997440,162331.18,-262726.2,18.20,18.46,16.94,1912,163.64,1.000,
W1903,DR2,6045478528576248576,162331.18,-262635.5,17.38,17.91,16.54,3619,13.72,1.000,
W1904,DR2,6045478528576254464,162331.21,-262627.1,18.56,19.02,17.60,3475,41.29,1.000,
W1905,DR2,6045466571386704000,162331.21,-262901.3,17.80,18.20,16.93,3641,9.99,1.000,
W1906,DR2,6045478425497005824,162331.21,-262716.6,17.48,18.04,16.62,2627,61.96,0.000,
W1907,DR2,6045478352471838848,162331.22,-262806.2,18.06,18.48,17.18,3605,9.82,1.000,
W1908,DR2,6045466189124456704,162331.23,-262934.8,16.50,16.95,15.69,1202,232.12,1.000,
W1909,DR2,6045503267588595072,162331.25,-262127.9,16.47,17.13,15.65,3610,2.14,1.000,
W1910,DR2,6045478322417727232,162331.26,-262833.0,16.24,16.75,15.49,3647,1.98,1.000,
W1911,DR2,6045503164509371136,162331.27,-262204.4,17.55,18.06,16.76,3627,4.62,1.000,
W1912,DR2,6045478764783374208,162331.28,-262516.1,14.18,14.90,13.34,3648,0.44,1.000,
W1913,DR2,6045478524265156864,162331.28,-262618.8,18.37,18.80,17.46,3595,15.80,1.000,
W1914,DR2,6045466571386705152,162331.30,-262857.8,16.48,16.77,15.55,3634,4.66,1.000,
W1915,DR2,6045466193420147200,162331.31,-262950.0,17.26,17.11,15.92,3656,24.83,1.000,
W1916,DR2,6045478764783330688,162331.31,-262536.1,19.00,19.45,17.98,3615,18.25,1.000,
W1917,DR2,6045478356769688320,162331.33,-262749.9,19.09,19.33,17.98,3582,16.08,1.000,
W1918,DR2,6045503164509369600,162331.35,-262207.5,17.58,18.04,16.76,3641,4.48,1.000,
W1919,DR2,6045466571386692480,162331.35,-262923.6,15.62,16.24,14.80,3591,2.08,1.000,
W1920,DR2,6045478425489261312,162331.37,-262707.9,14.59,15.39,13.67,1470,141.37,0.000,
W1921,DR2,6045466571386700800,162331.37,-262904.7,16.08,16.61,15.32,3654,2.08,1.000,
W1922,DR2,6045478322417741696,162331.39,-262814.9,17.38,17.73,16.45,3610,6.23,1.000,
W1923,DR2,6045478356777484928,162331.40,-262808.5,18.02,18.42,17.16,3605,10.85,1.000,
W1924,DR2,6045478318112101248,162331.41,-262819.2,19.06,19.32,17.78,3613,25.89,1.000,
W1925,DR2,6045478322417721600,162331.41,-262838.5,17.50,17.91,16.64,3613,5.85,1.000,
W1926,DR2,6045466193420206592,162331.42,-262930.9,17.38,17.51,16.25,3621,17.67,1.000,
W1927,DR2,6045466571386699136,162331.42,-262909.7,15.78,16.31,14.90,3643,1.55,1.000,
W1928,DR2,6045503160207200768,162331.45,-262208.0,17.35,17.85,16.56,3622,4.26,1.000,
W1929,DR2,6045478356777489536,162331.46,-262803.2,16.54,17.04,15.80,3638,2.34,1.000,
W1930,DR2,6045466571377328512,162331.46,-262929.2,18.81,18.43,16.87,3627,16.53,1.000,
W1931,DR2,6045503057118522112,162331.47,-262321.3,18.80,19.35,17.79,3588,13.30,0.000,
W1932,DR2,6045478528576253568,162331.48,-262626.8,18.42,18.86,17.46,3562,27.49,1.000,
W1933,DR2,6045478837813952640,162331.48,-262443.1,17.50,18.05,16.69,3635,4.64,1.000,
W1934,DR2,6045466571377704320,162331.49,-262851.6,18.06,18.32,17.05,2430,121.04,1.000,
W1935,DR2,6045466571377339648,162331.49,-262926.8,18.89,18.75,17.41,3515,22.47,1.000,
W1936,DR2,6045478356777504256,162331.51,-262745.8,15.89,16.48,15.05,3627,1.27,1.000,
W1937,DR2,6045466571377398912,162331.52,-262901.5,18.58,18.91,17.58,3567,35.60,1.000,
W1938,DR2,6045478356777502080,162331.53,-262749.8,17.48,18.02,16.64,3593,6.00,1.000,
W1939,DR2,6045478769094464128,162331.54,-262510.1,17.16,17.67,16.38,3562,22.86,1.000,
W1940,DR2,6045478528568524544,162331.55,-262642.2,18.17,18.32,16.99,3419,56.52,1.000,
W1941,DR2,6045502305509522816,162331.56,-262421.2,18.06,18.47,17.16,1634,950.98,1.000,
W1942,DR2,6045466193420195456,162331.58,-262934.1,17.93,18.03,16.75,3598,29.50,1.000,
W1943,DR2,6045466571377408512,162331.58,-262853.9,16.86,17.29,16.01,3604,24.16,1.000,
W1944,DR2,6045478322409804928,162331.58,-262838.6,18.13,18.41,17.20,3632,9.04,1.000,
W1945,DR2,6045478528576234752,162331.61,-262654.6,15.73,16.41,14.90,3611,22.54,0.556,
W1946,DR2,6045478528576245248,162331.63,-262635.3,17.32,17.78,16.53,3624,20.18,1.000,
W1947,DR2,6045466571377348864,162331.63,-262923.6,18.99,19.10,17.77,3453,41.46,1.000,
W1948,DR2,6045478356777480960,162331.64,-262811.0,16.79,17.28,16.05,3629,4.04,1.000,
W1949,DR2,6045466193420181760,162331.66,-262936.5,18.09,18.56,17.15,3596,39.52,1.000,
W1950,DR2,6045478833508177664,162331.66,-262446.9,18.55,19.04,17.57,3632,9.91,1.000,
W1951,DR2,6045478352476059648,162331.67,-262735.8,17.98,18.41,17.11,3639,9.58,1.000,
W1952,DR2,6045503267588590976,162331.67,-262142.8,17.33,18.02,16.43,3611,3.37,0.000,
W1953,DR2,6045478352471840640,162331.68,-262806.8,18.00,18.41,17.02,3632,10.59,1.000,
W1954,DR2,6045466193420142080,162331.69,-262948.3,18.46,18.77,17.37,3559,31.48,1.000,
W1955,DR2,6045503091478311808,162331.71,-262233.7,18.23,18.75,17.37,3626,6.83,1.000,
W1956,DR2,6045503061430133376,162331.72,-262335.3,17.99,18.53,17.14,3609,5.53,0.000,
W1957,DR2,6045503267588589056,162331.72,-262150.4,18.67,18.74,17.76,3623,11.63,0.000,
W1958,DR2,6045466571377400320,162331.73,-262858.8,17.87,18.32,17.03,3544,75.57,1.000,
W1959,DR2,6045478322417232128,162331.74,-262836.0,16.19,16.70,15.44,3639,1.87,1.000,
W1960,DR2,6045478356777485696,162331.74,-262803.2,17.76,17.99,16.71,3627,6.66,1.000,
W1961,DR2,6045503267588593280,162331.74,-262129.9,17.44,17.97,16.68,3626,6.35,1.000,
W1962,DR2,6045478322417727104,162331.75,-262830.0,17.01,17.51,16.20,3616,4.99,,N.D.
W1963,DR2,6045478524270532736,162331.76,-262613.7,18.48,18.77,17.38,2814,161.91,1.000,
W1964,DR2,6045478356777475584,162331.77,-262816.3,16.41,16.91,15.67,3623,3.17,1.000,
W1965,DR2,6045466193429545984,162331.77,-262950.1,17.63,17.81,16.61,3636,12.32,1.000,
W1966,DR2,6045478730423556352,162331.79,-262601.8,18.27,18.78,17.40,3651,10.88,1.000,
W1967,DR2,6045478528576241536,162331.81,-262640.4,16.85,17.31,16.08,3455,48.73,1.000,
W1968,DR2,6045478769087312896,162331.83,-262535.1,19.12,19.42,18.05,3577,29.24,1.000,
W1969,DR2,6045466571386696576,162331.88,-262912.2,16.77,17.22,15.99,3628,4.76,1.000,
W1970,DR2,6045466193429545600,162331.89,-262942.7,17.50,17.83,16.53,3611,12.10,1.000,
W1971,DR2,6045478356769639168,162331.89,-262759.4,18.93,17.68,16.94,3612,20.57,0.775,
W1972,DR2,6045466571386707456,162331.90,-262846.0,17.21,17.68,16.44,3545,36.04,1.000,
W1973,DR2,6045466189124458752,162331.94,-262948.6,15.91,16.49,15.09,3650,2.93,1.000,
W1974,DR2,6045478769094647936,162331.95,-262532.3,18.19,18.68,17.33,3597,12.73,1.000,
W1975,DR2,6045478356777487488,162331.98,-262800.0,17.44,17.88,16.56,3631,5.21,1.000,
W1976,DR2,6045478769094442496,162331.98,-262547.9,18.06,18.53,17.21,3635,8.09,1.000,
W1977,DR2,6045503061430135808,162331.99,-262324.8,16.55,17.10,15.79,3630,1.62,1.000,
W1978,DR2,6045466193420167296,162331.99,-262938.1,18.61,18.78,17.51,3563,34.54,1.000,
W1979,DR2,6045478837806360064,162331.99,-262442.1,18.08,18.56,17.20,3444,81.33,1.000,
W1980,DR2,6045478524270533120,162332.01,-262647.0,16.62,17.02,15.82,3478,73.05,1.000,
W1981,DR2,6045478528568566528,162332.01,-262617.6,19.09,19.03,17.14,722,310.60,0.000,
W1982,DR2,6045478322409831168,162332.02,-262823.7,18.89,19.21,17.77,3643,25.35,1.000,
W1983,DR2,6045478528568506496,162332.03,-262650.3,19.09,18.53,17.37,3041,111.46,1.000,
W1984,DR2,6045466571386678656,162332.03,-262935.2,17.12,17.55,16.33,3620,10.97,1.000,
W1985,DR2,6045466571377307392,162332.03,-262919.8,17.34,17.23,15.85,3579,28.59,1.000,
W1986,DR2,6045478352466290176,162332.04,-262752.6,17.91,18.38,17.06,3551,33.12,1.000,
W1987,DR2,6045466571377304320,162332.04,-262932.8,18.93,18.80,17.31,3552,42.57,1.000,
W1988,DR2,6045478769094456448,162332.04,-262521.2,18.08,18.56,17.22,3618,12.81,1.000,
W1989,DR2,6045478356777505920,162332.04,-262739.1,16.64,17.13,15.89,3633,3.31,1.000,
W1990,DR2,6045478769094647680,162332.05,-262538.8,15.64,16.43,14.74,3656,0.90,0.000,
W1991,DR2,6045466571377307520,162332.06,-262921.0,17.32,16.98,15.82,3549,32.18,1.000,
W1992,DR2,6045478425497003904,162332.07,-262711.2,19.13,19.28,18.02,2501,134.43,1.000,
W1993,DR2,6045466193429545856,162332.08,-262942.7,15.45,16.06,14.59,3636,2.89,1.000,
W1994,DR2,6045478356777500160,162332.08,-262747.1,17.88,18.31,17.00,3601,30.84,1.000,
W1995,DR2,6045478769094467328,162332.09,-262454.0,17.59,18.09,16.71,3601,4.68,1.000,
W1996,DR2,6045478528576257920,162332.10,-262613.9,17.82,18.27,16.97,859,196.03,1.000,
W1997,DR2,6045478356777475840,162332.11,-262812.9,18.04,17.97,16.91,3619,15.80,1.000,
W1998,DR2,6045466571386708608,162332.13,-262840.2,16.95,17.43,16.20,3638,4.94,1.000,
W1999,DR2,6045502305516235648,162332.14,-262430.7,17.78,18.39,16.79,2124,150.74,0.998,
W2000,DR2,6045478769087310208,162332.17,-262541.4,18.61,19.56,17.28,3648,19.14,0.009,
W2001,DR2,6045478356777470720,162332.17,-262816.0,16.04,16.41,15.11,3618,1.88,1.000,
W2002,DR2,6045466571386684544,162332.20,-262925.8,16.35,16.74,15.53,3626,10.78,1.000,
W2003,DR2,6045478528568557312,162332.20,-262624.6,18.79,18.28,17.07,2453,164.95,1.000,
W2004,DR2,6045466193429545728,162332.21,-262945.0,16.77,17.06,15.80,3641,7.33,,N.D.
W2005,DR2,6045478528576225408,162332.21,-262701.4,16.35,16.84,15.60,3616,10.21,1.000,
W2006,DR2,6045503091485234944,162332.23,-262248.3,18.69,19.16,17.76,3655,13.39,1.000,
W2007,DR2,6045478769094464000,162332.26,-262503.6,17.23,17.74,16.47,3606,3.92,1.000,
W2008,DR2,6045466571377421952,162332.26,-262836.5,18.70,19.13,17.70,3633,33.80,0.002,
W2009,DR2,6045478764788702592,162332.26,-262513.6,18.58,18.88,17.60,3620,14.28,1.000,
W2010,DR2,6045502305515885824,162332.26,-262343.3,17.60,18.15,16.78,3639,3.85,0.000,
W2011,DR2,6045478356769730816,162332.27,-262722.5,18.81,19.17,17.84,2933,151.29,1.000,
W2012,DR2,6045466571377393920,162332.27,-262857.6,18.42,18.39,17.32,3543,69.03,1.000,
W2013,DR2,6045503091478302592,162332.29,-262244.2,18.55,19.28,17.50,3675,12.62,0.000,
W2014,DR2,6045478769086829440,162332.29,-262519.7,18.53,18.56,16.99,3620,12.88,1.000,
W2015,DR2,6045466571386703360,162332.30,-262853.5,13.23,13.53,12.75,3689,0.46,1.000,
W2016,DR2,6045478769094457600,162332.31,-262516.9,17.59,18.10,16.78,3617,5.65,1.000,
W2017,DR2,6045466571377284096,162332.32,-262936.5,18.80,18.37,17.39,3306,96.55,1.000,
W2018,DR2,6045466571386706944,162332.33,-262844.1,17.51,17.95,16.72,3101,101.89,1.000,
W2019,DR2,6045478356777470592,162332.33,-262818.1,17.19,17.59,16.38,3625,5.56,1.000,
W2020,DR2,6045478769086821120,162332.34,-262525.4,18.55,19.05,17.62,3613,10.86,1.000,
W2021,DR2,6045466571386686208,162332.35,-262922.6,13.38,14.12,12.53,3683,0.50,1.000,
W2022,DR2,6045478528576252288,162332.36,-262620.9,12.53,13.33,11.64,3700,0.60,1.000,
W2023,DR2,6045478528568538624,162332.36,-262628.9,18.49,18.93,17.55,2483,178.95,1.000,
W2024,DR2,6045466571377702272,162332.42,-262909.7,18.18,18.46,17.14,3574,12.49,1.000,
W2025,DR2,6045478352471842560,162332.44,-262808.9,18.76,19.12,17.63,3614,27.39,1.000,
W2026,DR2,6045478356777472256,162332.45,-262813.6,16.35,16.85,15.62,3652,2.79,1.000,
W2027,DR2,6045478356777485952,162332.45,-262757.8,16.57,17.07,15.82,3595,11.92,1.000,
W2028,DR2,6045478528576235264,162332.46,-262645.0,11.18,11.68,10.54,3628,0.23,0.000,
W2029,DR2,6045466571386672128,162332.46,-262940.5,14.96,15.49,14.07,3643,1.16,1.000,
W2030,DR2,6045466571386674560,162332.46,-262934.1,15.07,15.73,14.26,3651,1.28,1.000,
W2031,DR2,6045503267588584320,162332.47,-262201.3,16.64,17.17,15.91,3626,1.86,1.000,
W2032,DR2,6045478356777497344,162332.48,-262745.2,16.91,17.26,15.93,3578,27.60,1.000,
W2033,DR2,6045466571386688512,162332.49,-262917.9,16.45,16.70,15.53,3596,52.53,1.000,
W2034,DR2,6045502305515873024,162332.49,-262434.4,13.04,13.83,12.16,3622,1.05,1.000,
W2035,DR2,6045478528576256768,162332.52,-262610.9,17.82,18.28,16.96,1759,177.28,1.000,
W2036,DR2,6045466124710064384,162332.54,-262947.0,16.84,17.29,16.07,3647,11.64,1.000,
W2037,DR2,6045478764783337728,162332.54,-262538.4,18.87,19.37,17.90,3568,56.84,1.000,
W2038,DR2,6045466571377249152,162332.54,-262939.3,17.27,,,3648,5.73,0.062,
W2039,DR2,6045478764790476800,162332.55,-262508.2,18.56,18.87,17.40,3632,12.01,1.000,
W2040,DR2,6045478528576259968,162332.55,-262606.4,18.29,18.74,17.39,3639,14.02,1.000,
W2041,DR2,6045503198869104384,162332.59,-262214.0,16.52,17.04,15.78,3620,1.66,1.000,
W2042,DR2,6045478356777480192,162332.61,-262803.5,16.13,16.66,15.37,3604,1.95,1.000,
W2043,DR2,6045503091478322944,162332.61,-262223.0,18.38,18.91,17.53,3624,9.18,1.000,
W2044,DR2,6045478459856738816,162332.62,-262711.4,16.50,16.86,15.62,3597,7.45,,N.D.
W2045,DR2,6045466571386691456,162332.63,-262913.5,16.92,17.36,16.15,3619,10.83,1.000,
W2046,DR2,6045478356769664512,162332.65,-262744.2,17.97,17.39,16.09,3448,63.80,1.000,
W2047,DR2,6045478356777501056,162332.65,-262740.2,17.08,17.57,16.31,3625,9.58,1.000,
W2048,DR2,6045466571386674432,162332.67,-262933.7,19.13,19.07,17.67,1060,147.67,1.000,
W2049,DR2,6045478764790478592,162332.68,-262500.0,16.82,17.36,16.01,3637,2.31,1.000,
W2050,DR2,6045503095789877120,162332.68,-262305.0,15.46,16.15,14.63,3651,0.71,1.000,
W2051,DR2,6045478356769664640,162332.69,-262744.0,17.34,17.42,16.15,3509,57.62,1.000,
W2052,DR2,6045466571386697216,162332.69,-262902.9,16.10,16.64,15.35,3610,4.46,1.000,
W2053,DR2,6045466571386692608,162332.71,-262910.6,16.97,17.41,16.21,3634,5.01,1.000,
W2054,DR2,6045466571386704896,162332.71,-262843.3,17.34,17.67,15.68,3613,7.37,1.000,
W2055,DR2,6045466571386699392,162332.71,-262856.8,16.98,17.42,16.23,3634,14.38,1.000,
W2056,DR2,6045478769094464768,162332.72,-262457.2,16.85,17.35,16.10,3635,3.12,1.000,
W2057,DR2,6045478455545570304,162332.72,-262717.2,18.98,19.23,17.64,3559,42.06,,N.D.
W2058,DR2,6045466571386703232,162332.72,-262845.5,15.88,16.36,15.04,3635,5.22,1.000,
W2059,DR2,6045466571377396864,162332.75,-262851.1,16.41,16.71,15.37,3617,12.55,,N.D.
W2060,DR2,6045466571386682624,162332.76,-262922.4,15.25,15.89,14.43,3638,7.60,1.000,
W2061,DR2,6045466502667190528,162332.77,-262941.3,17.26,15.97,15.59,3594,29.48,1.000,
W2062,DR2,6045466571386694400,162332.78,-262906.5,18.82,,,3602,25.19,1.000,
W2063,DR2,6045478356769555840,162332.79,-262822.6,18.71,18.66,17.58,3594,18.14,1.000,
W2064,DR2,6045466502657772544,162332.80,-262939.5,16.13,16.59,15.24,3628,7.60,1.000,
W2065,DR2,6045478558624861440,162332.80,-262602.1,19.01,19.40,17.98,3627,22.59,1.000,
W2066,DR2,6045466571377417600,162332.81,-262834.4,17.11,17.16,15.94,3620,5.29,1.000,
W2067,DR2,6045466605746448000,162332.82,-262831.0,16.57,17.06,15.79,3613,2.74,1.000,
W2068,DR2,6045502339875627392,162332.83,-262325.0,16.46,16.99,15.71,3631,1.48,1.000,
W2069,DR2,6045466571377268480,162332.83,-262936.3,18.55,18.63,17.18,1290,193.13,1.000,
W2070,DR2,6045478528576248960,162332.85,-262619.5,16.71,17.18,15.93,3019,108.57,1.000,
W2071,DR2,6045478356777466240,162332.85,-262816.0,15.68,16.17,14.93,3624,1.56,0.005,
W2072,DR2,6045478356777509888,162332.87,-262726.1,18.51,18.95,17.59,3623,10.15,1.000,
W2073,DR2,6045478528576235520,162332.89,-262641.0,17.79,18.16,16.93,1204,643.54,1.000,
W2074,DR2,6045466571377364736,162332.89,-262905.4,16.51,16.98,15.75,3648,3.04,1.000,
W2075,DR2,6045466571386705024,162332.90,-262843.2,16.88,17.30,16.12,3627,4.68,1.000,
W2076,DR2,6045478352471844864,162332.91,-262820.9,18.13,18.52,17.18,3633,10.03,1.000,
W2077,DR2,6045478356777488256,162332.92,-262750.5,13.03,13.64,12.27,3640,0.89,1.000,
W2078,DR2,6045466571377339264,162332.93,-262913.6,17.87,17.70,16.59,3624,14.09,1.000,
W2079,DR2,6045466571377338880,162332.93,-262911.1,17.69,17.55,16.14,3658,7.92,0.999,
W2080,DR2,6045466498362108160,162332.94,-262943.4,17.03,17.46,16.22,3620,15.62,1.000,
W2081,DR2,6045478769094458624,162332.94,-262508.8,17.52,18.03,16.73,3640,4.02,1.000,
W2082,DR2,6045503198869105152,162332.95,-262208.9,17.88,18.42,17.07,3622,6.50,1.000,
W2083,DR2,6045502232491790464,162332.96,-262450.3,18.07,18.60,17.20,3609,9.23,1.000,
W2084,DR2,6045478459856738176,162332.96,-262709.3,18.42,18.86,17.51,3567,16.14,1.000,
W2085,DR2,6045478459856729344,162332.98,-262719.0,17.85,18.33,17.00,3616,5.71,1.000,
W2086,DR2,6045502305509509376,162332.98,-262432.2,18.87,19.27,17.86,1283,134.93,1.000,
W2087,DR2,6045478356769570944,162333.01,-262814.2,18.82,19.00,17.60,2068,144.54,1.000,
W2088,DR2,6045502305515885312,162333.02,-262338.0,16.66,17.17,15.91,3619,4.14,1.000,
W2089,DR2,6045466571386700544,162333.02,-262851.9,17.22,17.65,16.37,3552,54.82,1.000,
W2090,DR2,6045478356777471232,162333.02,-262810.6,17.87,18.25,16.95,3599,22.10,1.000,
W2091,DR2,6045478356777484544,162333.04,-262753.5,17.85,17.95,16.82,3267,86.40,1.000,
W2092,DR2,6045503263277045888,162333.04,-262149.8,17.56,17.68,16.31,3604,4.60,,N.D.
W2093,DR2,6045478459848941952,162333.05,-262716.5,18.81,19.21,17.81,3625,13.38,1.000,
W2094,DR2,6045502305509512832,162333.05,-262425.4,19.11,19.44,17.95,795,577.37,1.000,
W2095,DR2,6045478764783310464,162333.06,-262549.0,18.04,18.52,17.19,3641,6.53,1.000,
W2096,DR2,6045478769086826240,162333.07,-262514.0,19.15,19.57,18.10,3639,15.88,1.000,
W2097,DR2,6045478528576252544,162333.07,-262614.1,17.62,18.09,16.81,2820,93.76,1.000,
W2098,DR2,6045466567077206656,162333.10,-262927.4,16.98,17.43,16.22,3624,8.82,1.000,
W2099,DR2,6045503267588583808,162333.11,-262156.2,17.40,18.06,16.55,3613,3.90,0.000,
W2100,DR2,6045466498362108544,162333.11,-262941.2,16.89,17.28,16.01,3610,8.81,1.000,
W2101,DR2,6045466571377904000,162333.13,-262904.5,18.98,18.90,17.58,3590,56.70,1.000,
W2102,DR2,6045466605746449408,162333.14,-262823.5,16.57,17.07,15.83,3650,2.72,1.000,
W2103,DR2,6045466601436954752,162333.14,-262835.1,16.35,16.85,15.62,3618,3.24,1.000,
W2104,DR2,6045478459856740096,162333.15,-262704.3,16.45,16.96,15.71,3631,3.20,1.000,
W2105,DR2,6045466502657748736,162333.15,-262943.3,18.86,18.62,17.01,2986,118.02,1.000,
W2106,DR2,6045466571386690688,162333.16,-262909.5,16.05,16.57,15.28,3639,2.39,1.000,
W2107,DR2,6045466502657776256,162333.17,-262936.6,17.34,17.76,16.51,3587,9.82,1.000,
W2108,DR2,6045478356777478528,162333.18,-262759.9,16.29,16.80,15.55,3643,8.15,1.000,
W2109,DR2,6045478356777470208,162333.19,-262810.7,17.19,17.65,16.42,3617,8.95,1.000,
W2110,DR2,6045503267582276096,162333.23,-262153.2,18.98,19.35,17.93,3586,17.56,1.000,
W2111,DR2,6045466502657787264,162333.25,-262933.7,17.33,17.75,16.31,3619,14.29,,N.D.
W2112,DR2,6045466571377363712,162333.26,-262902.9,19.02,19.25,17.85,3607,31.01,1.000,
W2113,DR2,6045478528576250880,162333.26,-262613.9,18.74,19.10,17.75,2480,140.34,1.000,
W2114,DR2,6045466571377699200,162333.27,-262919.1,17.84,18.25,16.98,3642,15.60,1.000,
W2115,DR2,6045478356777499392,162333.28,-262736.7,18.09,18.53,17.23,3622,12.20,1.000,
W2116,DR2,6045466571386684416,162333.31,-262915.5,16.23,16.70,15.45,3634,2.65,1.000,
W2117,DR2,6045502305515883264,162333.33,-262347.2,17.33,17.86,16.56,3563,22.20,1.000,
W2118,DR2,6045466502667184896,162333.33,-262941.8,17.04,17.47,16.26,3644,7.34,1.000,
W2119,DR2,6045502305515872256,162333.35,-262429.5,17.52,18.02,16.72,3592,26.60,1.000,
W2120,DR2,6045466502657764096,162333.36,-262937.6,18.40,18.10,16.60,3584,23.01,,N.D.
W2121,DR2,6045478769094453888,162333.37,-262514.2,16.68,17.19,15.94,3656,2.64,1.000,
W2122,DR2,6045466605737146368,162333.39,-262838.0,17.74,18.05,16.70,3619,11.89,0.999,
W2123,DR2,6045478558624851712,162333.40,-262608.5,18.77,19.19,17.77,3607,16.08,1.000,
W2124,DR2,6045503263282225280,162333.40,-262156.4,18.37,19.03,17.13,3620,12.99,,N.D.
W2125,DR2,6045466605737169024,162333.41,-262815.5,19.01,19.18,17.61,3598,54.71,,N.D.
W2126,DR2,6045466502667186944,162333.42,-262939.2,17.55,17.63,16.49,3633,16.25,1.000,
W2127,DR2,6045466502657794944,162333.45,-262929.7,17.98,18.15,16.84,3530,28.81,1.000,
W2128,DR2,6045478356769601664,162333.45,-262758.5,19.07,19.20,17.84,3442,102.52,1.000,
W2129,DR2,6045503297636815616,162333.46,-262113.9,18.46,18.94,17.65,3629,8.11,0.000,
W2130,DR2,6045466605737136256,162333.46,-262843.4,18.51,18.54,17.22,3580,15.32,1.000,
W2131,DR2,6045478769094445696,162333.46,-262528.9,18.01,18.47,17.17,3534,12.34,1.000,
W2132,DR2,6045466571386695040,162333.47,-262859.2,17.92,18.35,17.02,3613,11.27,1.000,
W2133,DR2,6045466571386682368,162333.49,-262915.7,16.79,17.24,16.01,3646,4.25,1.000,
W2134,DR2,6045478769094438912,162333.52,-262539.3,17.54,18.01,16.76,3524,21.83,1.000,
W2135,DR2,6045478455545510784,162333.54,-262728.0,18.90,19.21,17.82,3629,13.04,1.000,
W2136,DR2,6045478459848971904,162333.54,-262657.5,19.07,19.26,18.21,3467,75.67,0.000,
W2137,DR2,6045478356777494912,162333.55,-262738.7,17.85,18.10,16.79,3602,12.59,1.000,
W2138,DR2,6045466571386693760,162333.55,-262901.4,16.85,17.29,16.09,3585,4.36,1.000,
W2139,DR2,6045503198869098368,162333.55,-262229.0,17.54,18.07,16.75,3631,3.64,1.000,
W2140,DR2,6045466601435767040,162333.56,-262824.4,17.12,17.59,16.33,3636,3.96,1.000,
W2141,DR2,6045478459856735744,162333.59,-262706.5,16.82,17.32,16.08,3636,3.41,1.000,
W2142,DR2,6045478528576224640,162333.60,-262649.7,17.45,17.90,16.65,3529,33.16,1.000,
W2143,DR2,6045466605746441984,162333.61,-262840.6,14.66,15.34,13.84,3644,0.58,1.000,
W2144,DR2,6045466605746450048,162333.64,-262816.3,18.94,,17.26,3627,18.26,1.000,
W2145,DR2,6045478356769600640,162333.65,-262756.9,17.15,17.60,16.33,3585,34.77,1.000,
W2146,DR2,6045466601435767808,162333.65,-262814.6,18.35,18.66,17.13,3637,11.58,1.000,
W2147,DR2,6045466502667195776,162333.65,-262926.2,15.82,16.42,15.03,3643,5.59,1.000,
W2148,DR2,6045478356769677440,162333.68,-262733.5,19.12,19.23,18.04,3357,119.22,1.000,
W2149,DR2,6045478356777469952,162333.70,-262806.5,17.79,18.26,16.96,3604,10.76,1.000,
W2150,DR2,6045466571386681984,162333.70,-262912.9,17.35,17.14,15.85,3625,6.96,1.000,
W2151,DR2,6045478558632066560,162333.72,-262548.7,17.91,18.37,17.07,3613,15.32,1.000,
W2152,DR2,6045466502657710976,162333.73,-262948.1,18.19,18.54,17.25,3634,15.98,1.000,
W2153,DR2,6045478356777496192,162333.74,-262735.8,18.04,18.47,17.17,3619,10.96,1.000,
W2154,DR2,6045466571386679040,162333.76,-262918.5,16.77,17.23,16.02,3635,4.63,1.000,
W2155,DR2,6045478356777473024,162333.76,-262800.2,15.94,16.54,15.14,3625,5.00,1.000,
W2156,DR2,6045466502657791232,162333.77,-262927.9,17.50,17.84,16.55,3583,23.14,1.000,
W2157,DR2,6045466571377382144,162333.77,-262848.2,18.51,,,3543,30.57,1.000,
W2158,DR2,6045466571377315200,162333.78,-262912.8,17.26,17.29,16.06,3627,6.39,1.000,
W2159,DR2,6045503095789877376,162333.78,-262253.9,16.91,17.43,16.15,3630,2.04,1.000,
W2160,DR2,6045466605746442624,162333.78,-262837.3,16.72,17.19,15.96,3622,8.31,1.000,
W2161,DR2,6045478524265073792,162333.79,-262633.9,18.75,19.05,17.89,3539,26.78,0.000,
W2162,DR2,6045478356777481984,162333.79,-262750.0,13.15,13.92,12.28,3621,0.95,1.000,
W2163,DR2,6045503198869102336,162333.81,-262211.4,17.61,18.14,16.81,3575,6.24,1.000,
W2164,DR2,6045466502657759360,162333.83,-262932.7,16.14,,,3637,4.73,1.000,
W2165,DR2,6045466502667182848,162333.84,-262939.6,16.64,17.12,15.90,3637,14.37,1.000,
W2166,DR2,6045466605746437248,162333.84,-262847.7,16.51,16.90,15.66,3623,4.74,1.000,
W2167,DR2,6045466502657705088,162333.89,-262947.5,18.82,19.10,17.50,3584,24.55,1.000,
W2168,DR2,6045502339875626624,162333.90,-262318.5,17.01,17.53,16.26,3644,2.35,1.000,
W2169,DR2,6045502305515873920,162333.90,-262418.9,18.64,19.18,17.71,3638,14.59,1.000,
W2170,DR2,6045478356769581056,162333.91,-262802.4,17.67,18.06,16.83,3610,15.40,1.000,
W2171,DR2,6045466502667187456,162333.91,-262931.9,13.69,14.25,12.74,3646,0.56,1.000,
W2172,DR2,6045466502657725696,162333.91,-262943.1,17.96,18.39,17.05,3625,24.49,1.000,
W2173,DR2,6045466502657759104,162333.91,-262930.7,16.46,,,3687,4.28,1.000,
W2174,DR2,6045466605737130240,162333.91,-262842.9,18.15,18.52,17.23,3559,41.52,1.000,
W2175,DR2,6045503194557549184,162333.95,-262217.2,16.07,16.68,15.29,3617,1.17,1.000,
W2176,DR2,6045478528568481664,162333.96,-262641.8,18.44,18.78,17.46,3516,19.21,1.000,
W2177,DR2,6045478356777490176,162333.97,-262739.4,16.27,16.79,15.53,3625,3.93,1.000,
W2178,DR2,6045478524265092992,162333.98,-262623.3,18.56,18.95,17.58,3585,12.20,1.000,
W2179,DR2,6045502305515875328,162333.99,-262409.9,17.89,18.41,17.07,3602,9.87,1.000,
W2180,DR2,6045466571377315840,162333.99,-262911.3,17.89,17.92,16.54,3648,9.28,1.000,
W2181,DR2,6045478459848952192,162334.00,-262703.9,18.87,19.23,17.84,3603,24.02,1.000,
W2182,DR2,6045478459856741504,162334.01,-262654.5,17.82,18.29,16.99,3591,13.86,1.000,
W2183,DR2,6045466605746450176,162334.01,-262810.8,16.58,17.07,15.83,3620,3.34,1.000,
W2184,DR2,6045466571386692352,162334.03,-262858.8,14.99,15.66,14.16,3645,0.73,1.000,
W2185,DR2,6045502232484717568,162334.07,-262433.9,18.27,18.79,17.42,3617,8.21,1.000,
W2186,DR2,6045466605746448128,162334.07,-262819.2,16.19,16.52,15.35,3660,2.00,1.000,
W2187,DR2,6045478356769586304,162334.07,-262758.7,17.71,17.86,16.73,3600,22.29,1.000,
W2188,DR2,6045478459848957568,162334.07,-262700.1,17.73,17.44,16.14,3643,6.84,,N.D.
W2189,DR2,6045466502667195648,162334.07,-262925.4,16.25,16.72,15.51,3647,10.38,1.000,
W2190,DR2,6045478459856717440,162334.08,-262725.6,17.33,17.81,16.53,3609,4.12,1.000,
W2191,DR2,6045466502657759616,162334.08,-262932.2,16.13,16.56,15.29,3688,4.77,1.000,
W2192,DR2,6045466571377299840,162334.09,-262914.7,18.54,18.82,17.43,3614,14.91,1.000,
W2193,DR2,6045478769094441344,162334.09,-262530.3,16.14,16.69,15.39,3567,53.37,1.000,
W2194,DR2,6045478356769573248,162334.09,-262803.2,18.33,18.65,17.34,3630,17.16,1.000,
W2195,DR2,6045466502667199616,162334.09,-262919.8,16.23,16.68,15.43,3635,3.42,0.990,
W2196,DR2,6045466605737443456,162334.11,-262825.6,18.49,18.81,17.42,3608,14.92,1.000,
W2197,DR2,6045478528576224128,162334.12,-262644.3,16.46,16.67,15.45,3587,3.92,1.000,
W2198,DR2,6045478459856736640,162334.12,-262659.8,17.55,17.47,16.16,3636,5.07,0.999,
W2199,DR2,6045466502667172352,162334.13,-262947.2,17.04,17.52,16.28,3617,7.48,1.000,
W2200,DR2,6045478562935998848,162334.14,-262550.2,15.65,16.20,14.91,3617,2.05,0.000,
W2201,DR2,6045466605746448512,162334.15,-262817.2,16.81,17.26,15.91,3642,3.36,1.000,
W2202,DR2,6045502301204248960,162334.15,-262353.9,12.02,12.92,11.09,3693,0.57,0.000,
W2203,DR2,6045503263277056000,162334.17,-262139.3,18.23,18.84,17.32,3635,7.77,0.000,
W2204,DR2,6045478356769594880,162334.19,-262752.4,16.96,17.34,16.10,3441,78.34,1.000,
W2205,DR2,6045502236796388480,162334.21,-262447.3,18.33,18.84,17.45,3642,7.70,1.000,
W2206,DR2,6045478562928304000,162334.21,-262559.8,18.42,18.68,17.45,3614,15.83,1.000,
W2207,DR2,6045502335564020992,162334.22,-262320.8,18.29,18.85,17.40,3636,7.82,0.671,
W2208,DR2,6045502236796394880,162334.22,-262423.2,18.63,19.10,17.71,3627,9.45,1.000,
W2209,DR2,6045466605746439296,162334.22,-262840.1,16.68,17.16,15.93,3612,7.65,1.000,
W2210,DR2,6045478455545546880,162334.23,-262721.8,17.03,17.52,16.26,3627,3.22,1.000,
W2211,DR2,6045466502658212224,162334.26,-262941.6,17.60,17.63,16.45,3635,21.15,1.000,
W2212,DR2,6045478356767692160,162334.28,-262801.8,17.63,18.04,16.74,3627,10.67,1.000,
W2213,DR2,6045478356777474688,162334.28,-262753.4,16.85,17.25,16.05,3507,54.23,1.000,
W2214,DR2,6045478356777482880,162334.29,-262743.0,17.30,17.73,16.48,3035,71.27,1.000,
W2215,DR2,6045466605746437120,162334.30,-262843.5,16.83,17.24,16.05,3617,6.14,1.000,
W2216,DR2,6045466571386682880,162334.30,-262907.9,16.06,16.58,15.24,3635,1.82,1.000,
W2217,DR2,6045478562935993216,162334.31,-262557.3,16.86,17.35,16.10,3618,4.70,1.000,
W2218,DR2,6045478356777471488,162334.33,-262757.6,17.07,17.13,15.84,3632,10.88,1.000,
W2219,DR2,6045466605737103872,162334.33,-262851.7,17.31,17.77,16.52,3646,9.29,1.000,
W2220,DR2,6045466502657718272,162334.35,-262940.2,18.44,,,3606,56.50,1.000,
W2221,DR2,6045466571386680832,162334.36,-262910.3,16.24,16.70,15.47,3662,2.23,1.000,
W2222,DR2,6045466502667193216,162334.37,-262924.5,17.91,18.17,16.82,3529,38.77,1.000,
W2223,DR2,6045466605737170432,162334.38,-262803.6,17.78,17.72,16.45,3598,10.91,1.000,
W2224,DR2,6045478459856734976,162334.38,-262659.9,17.72,18.19,16.90,3649,5.37,1.000,
W2225,DR2,6045466605737645952,162334.39,-262823.7,18.60,18.97,17.64,3586,17.81,1.000,
W2226,DR2,6045466601443125120,162334.39,-262841.3,18.34,18.34,17.00,3553,76.85,1.000,
W2227,DR2,6045466605746449920,162334.39,-262809.3,17.06,16.72,15.57,3627,5.33,1.000,
W2228,DR2,6045466502667172736,162334.40,-262943.7,16.02,16.54,15.26,3629,3.56,1.000,
W2229,DR2,6045478459856713344,162334.40,-262727.4,18.56,18.85,17.45,3594,11.26,1.000,
W2230,DR2,6045466571386677248,162334.44,-262913.9,18.67,18.83,17.45,3631,37.80,1.000,
W2231,DR2,6045478524270539904,162334.44,-262644.0,18.63,18.78,17.31,3585,19.19,1.000,
W2232,DR2,6045466571377335296,162334.45,-262858.9,17.65,18.03,16.75,3605,18.04,1.000,
W2233,DR2,6045478524265081344,162334.48,-262629.6,18.91,19.24,17.70,3609,13.34,1.000,
W2234,DR2,6045466502667178368,162334.48,-262937.4,16.01,16.56,15.24,3657,5.40,1.000,
W2235,DR2,6045503091478291968,162334.49,-262252.2,18.67,19.14,17.71,3641,12.54,1.000,
W2236,DR2,6045478562936003968,162334.53,-262536.9,17.45,17.87,16.64,1808,949.06,1.000,
W2237,DR2,6045466605746440832,162334.53,-262835.3,17.19,17.61,16.26,3639,8.59,1.000,
W2238,DR2,6045466605746435456,162334.54,-262843.2,17.53,17.91,16.59,3612,7.93,1.000,
W2239,DR2,6045466502657718144,162334.55,-262940.3,17.57,17.81,16.58,3631,17.74,1.000,
W2240,DR2,6045466502657798016,162334.56,-262917.2,18.87,,,3615,29.32,1.000,
W2241,DR2,6045478558630278656,162334.58,-262603.3,18.94,19.25,17.81,3535,52.25,1.000,
W2242,DR2,6045466601441326848,162334.58,-262837.3,18.32,18.57,,3606,21.99,1.000,
W2243,DR2,6045466567081588352,162334.58,-262901.9,17.09,17.53,16.31,3644,6.19,1.000,
W2244,DR2,6045466571386806400,162334.59,-262905.9,18.28,18.24,16.86,3648,13.89,1.000,
W2245,DR2,6045478459848894208,162334.61,-262723.9,17.49,17.83,16.56,3588,5.84,1.000,
W2246,DR2,6045466571377903616,162334.61,-262906.5,18.73,18.18,16.93,3648,21.23,1.000,
W2247,DR2,6045466605737073536,162334.63,-262858.5,17.69,18.04,16.75,3574,18.86,1.000,
W2248,DR2,6045478769094647296,162334.64,-262516.9,18.52,18.91,17.45,3591,38.51,1.000,
W2249,DR2,6045466502657798144,162334.64,-262917.5,17.44,17.58,16.40,3653,8.40,1.000,
W2250,DR2,6045478528576225536,162334.66,-262638.3,19.09,19.41,18.04,3610,39.16,1.000,
W2251,DR2,6045478562936004992,162334.66,-262533.0,16.02,16.59,15.23,2109,991.59,1.000,
W2252,DR2,6045478459856725120,162334.66,-262709.3,16.64,17.14,15.90,3631,2.79,1.000,
W2253,DR2,6045478562936215168,162334.67,-262624.9,18.40,18.82,17.40,3628,15.61,1.000,
W2254,DR2,6045466601435768064,162334.69,-262828.2,18.17,18.55,17.25,3537,57.21,1.000,
W2255,DR2,6045466502667183104,162334.70,-262929.4,18.12,,,3625,9.21,1.000,
W2256,DR2,6045466498362111872,162334.70,-262931.1,14.87,15.45,14.01,3634,1.57,1.000,
W2257,DR2,6045466605746445440,162334.70,-262821.2,17.30,17.76,16.53,3630,6.56,1.000,
W2258,DR2,6045466605746436864,162334.71,-262839.8,17.70,18.13,16.88,3614,15.56,1.000,
W2259,DR2,6045503198869095296,162334.73,-262234.6,17.38,17.91,16.61,3614,4.52,1.000,
W2260,DR2,6045478562935991168,162334.75,-262557.8,18.61,18.53,17.12,3435,74.07,1.000,
W2261,DR2,6045478562928301824,162334.77,-262555.6,19.17,,,3522,54.46,1.000,
W2262,DR2,6045466502657803264,162334.78,-262915.1,17.38,17.62,16.36,3652,7.65,1.000,
W2263,DR2,6045466601443132672,162334.78,-262814.0,16.67,17.06,15.86,3640,3.45,1.000,
W2264,DR2,6045502236796388608,162334.79,-262439.3,17.55,18.10,16.69,3603,4.15,0.000,
W2265,DR2,6045466502657762304,162334.80,-262924.5,16.44,16.90,15.71,3631,6.36,1.000,
W2266,DR2,6045502236796382208,162334.81,-262505.2,17.62,18.20,16.78,3630,4.64,0.000,
W2267,DR2,6045466605746440192,162334.81,-262833.7,16.65,17.13,15.91,3600,24.92,1.000,
W2268,DR2,6045466502657721088,162334.81,-262932.2,16.63,,,3632,4.68,1.000,
W2269,DR2,6045466502657691008,162334.82,-262942.5,16.83,17.15,15.97,3662,7.59,1.000,
W2270,DR2,6045478455545547520,162334.82,-262738.5,18.67,19.07,17.69,3611,17.14,1.000,
W2271,DR2,6045502339875628544,162334.83,-262303.2,18.54,19.07,17.61,3613,13.06,1.000,
W2272,DR2,6045478562928279168,162334.85,-262604.6,18.74,19.21,17.77,3530,52.95,1.000,
W2273,DR2,6045478459856718848,162334.85,-262715.3,15.91,16.53,15.11,3612,1.55,1.000,
W2274,DR2,6045478562928334464,162334.86,-262539.0,17.66,17.78,16.66,1537,913.05,1.000,
W2275,DR2,6045466605737054976,162334.87,-262902.9,18.88,19.08,17.58,3612,29.40,1.000,
W2276,DR2,6045478459856692992,162334.89,-262744.4,17.34,17.83,16.55,3617,4.76,1.000,
W2277,DR2,6045466502657717632,162334.90,-262933.8,16.50,16.69,15.33,3644,3.80,1.000,
W2278,DR2,6045466502667173632,162334.92,-262938.2,16.59,17.00,15.65,3645,7.54,1.000,
W2279,DR2,6045466502667184384,162334.94,-262927.0,18.87,19.04,17.42,3445,72.36,1.000,
W2280,DR2,6045503297636808320,162334.94,-262122.5,18.17,18.72,17.32,3610,7.62,1.000,
W2281,DR2,6045466605746447616,162334.94,-262811.6,18.66,18.96,17.64,3633,19.83,1.000,
W2282,DR2,6045466502667197056,162334.95,-262914.2,18.32,18.57,17.30,3650,18.74,1.000,
W2283,DR2,6045478459856711040,162334.95,-262724.8,17.85,18.33,17.01,3594,11.32,1.000,
W2284,DR2,6045466601436950656,162334.97,-262853.5,16.77,16.41,15.41,3641,4.06,1.000,
W2285,DR2,6045503198869097600,162334.98,-262220.8,17.29,17.81,16.52,3593,3.02,1.000,
W2286,DR2,6045502335563963904,162334.98,-262404.3,19.15,19.58,18.14,3584,52.70,0.000,
W2287,DR2,6045466502657669632,162334.99,-262944.8,16.42,16.89,15.66,3650,4.16,1.000,
W2288,DR2,6045466605746446464,162334.99,-262816.2,17.35,17.80,16.57,3638,5.84,1.000,
W2289,DR2,6045466502667200640,162334.99,-262910.4,18.86,18.73,17.25,3634,30.77,1.000,
W2290,DR2,6045503198869102976,162335.01,-262157.7,18.34,18.86,17.47,3618,7.67,1.000,
W2291,DR2,6045478459856728448,162335.02,-262701.6,17.03,17.51,16.28,3630,2.79,1.000,
W2292,DR2,6045478459856703232,162335.02,-262731.1,17.71,18.28,16.78,3606,8.54,0.000,
W2293,DR2,6045466502667187968,162335.02,-262922.9,16.34,16.65,15.40,3653,5.45,1.000,
W2294,DR2,6045466605737066240,162335.05,-262857.1,15.87,16.45,15.06,3639,1.70,1.000,
W2295,DR2,6045466502667179776,162335.05,-262930.0,15.34,15.97,14.52,3613,2.26,1.000,
W2296,DR2,6045466605737087104,162335.05,-262851.9,16.81,16.52,15.72,3638,4.45,1.000,
W2297,DR2,6045502339875876608,162335.06,-262349.6,17.65,18.14,16.84,3625,26.85,1.000,
W2298,DR2,6045466605746426752,162335.07,-262854.3,16.32,16.54,15.29,3648,2.70,1.000,
W2299,DR2,6045466502657689600,162335.08,-262940.3,17.27,17.33,16.28,3648,14.21,1.000,
W2300,DR2,6045466502667197440,162335.08,-262912.7,16.97,17.40,16.20,3638,4.54,1.000,
W2301,DR2,6045502339869256832,162335.09,-262354.5,16.47,17.00,15.73,3624,13.51,1.000,
W2302,DR2,6045478562928266880,162335.10,-262600.5,17.01,17.37,16.14,3474,35.94,1.000,
W2303,DR2,6045478489905336576,162335.11,-262636.7,18.45,18.92,17.53,3623,14.35,1.000,
W2304,DR2,6045478459856720512,162335.12,-262711.1,17.67,18.15,16.84,3620,7.94,1.000,
W2305,DR2,6045478562928253312,162335.14,-262613.7,17.73,18.20,16.90,3592,16.49,1.000,
W2306,DR2,6045502339875619840,162335.14,-262337.4,17.51,18.02,16.73,3594,5.55,1.000,
W2307,DR2,6045466502657701888,162335.15,-262936.9,18.15,18.31,16.72,3505,61.07,1.000,
W2308,DR2,6045502236796388992,162335.16,-262433.6,18.37,18.88,17.45,3580,8.67,1.000,
W2309,DR2,6045466605737643776,162335.17,-262844.0,18.06,18.47,17.21,3532,32.52,1.000,
W2310,DR2,6045466537026941184,162335.18,-262904.2,15.68,16.31,14.86,3654,1.46,1.000,
W2311,DR2,6045478455545545984,162335.19,-262731.7,17.18,17.48,16.06,3605,4.37,1.000,
W2312,DR2,6045478459856697600,162335.19,-262736.1,16.54,17.05,15.79,3609,2.81,1.000,
W2313,DR2,6045478459848921728,162335.19,-262705.0,19.09,19.46,18.01,3629,33.81,1.000,
W2314,DR2,6045466502667188096,162335.21,-262921.1,15.81,16.42,15.01,3638,3.03,1.000,
W2315,DR2,6045503198869094656,162335.22,-262232.6,16.77,17.30,16.03,3614,2.10,1.000,
W2316,DR2,6045478558624813440,162335.23,-262632.9,19.02,19.35,18.00,3635,18.84,1.000,
W2317,DR2,6045478459856735232,162335.24,-262651.8,16.12,16.68,15.36,3638,1.28,1.000,
W2318,DR2,6045466605746442880,162335.24,-262823.1,16.42,16.77,15.60,3598,6.40,1.000,
W2319,DR2,6045503301948324736,162335.24,-262125.6,18.29,18.81,17.43,3596,7.95,1.000,
W2320,DR2,6045466502667177088,162335.25,-262928.9,17.23,17.61,16.08,3627,17.83,0.000,
W2321,DR2,6045502339875627264,162335.25,-262303.6,17.07,17.60,16.32,3636,2.59,1.000,
W2322,DR2,6045478562928237952,162335.26,-262622.7,17.50,17.46,16.24,3490,42.49,1.000,
W2323,DR2,6045503194562748672,162335.26,-262222.3,17.91,18.45,17.09,3608,6.24,1.000,
W2324,DR2,6045502339875621248,162335.27,-262331.2,17.76,18.30,16.95,3582,10.39,1.000,
W2325,DR2,6045478562928230144,162335.28,-262625.0,18.58,18.53,17.57,3415,74.82,1.000,
W2326,DR2,6045466601435720704,162335.28,-262759.9,18.41,18.84,17.51,3614,14.88,1.000,
W2327,DR2,6045466502657721344,162335.28,-262930.6,18.00,17.74,16.34,3478,35.23,1.000,
W2328,DR2,6045502335564039168,162335.30,-262309.2,18.81,19.28,17.91,3610,11.42,0.002,
W2329,DR2,6045466502657739008,162335.30,-262926.1,16.76,16.62,15.54,3653,13.21,1.000,
W2330,DR2,6045478459856705024,162335.31,-262722.9,15.46,16.11,14.57,3650,0.78,1.000,
W2331,DR2,6045478562935978624,162335.33,-262609.4,16.40,16.92,15.65,3653,14.94,1.000,
W2332,DR2,6045478558624886400,162335.33,-262552.6,18.68,19.06,17.76,2689,228.07,0.038,
W2333,DR2,6045466605737156992,162335.34,-262809.3,18.58,18.84,17.40,3628,18.00,1.000,
W2334,DR2,6045466605737142656,162335.35,-262821.6,18.12,17.67,16.25,3587,14.74,1.000,
W2335,DR2,6045502339875617920,162335.35,-262343.4,17.41,17.91,16.61,3592,4.37,1.000,
W2336,DR2,6045503194557550848,162335.36,-262209.3,18.26,18.78,17.40,3609,6.46,1.000,
W2337,DR2,6045502339875622528,162335.38,-262322.4,14.85,15.44,14.10,3612,0.66,0.000,
W2338,DR2,6045466502657668480,162335.39,-262941.4,17.42,17.84,16.57,3649,14.59,1.000,
W2339,DR2,6045478459856998912,162335.39,-262641.2,16.25,16.78,15.51,3629,1.52,1.000,
W2340,DR2,6045502232484737408,162335.41,-262415.1,18.34,18.79,17.44,3621,10.20,1.000,
W2341,DR2,6045466605746425088,162335.42,-262853.2,16.05,16.59,15.29,3608,2.42,1.000,
W2342,DR2,6045478562935983232,162335.42,-262601.1,13.12,13.74,12.36,3699,0.65,1.000,
W2343,DR2,6045503228926706688,162335.44,-262137.7,18.88,19.38,17.90,3618,12.71,1.000,
W2344,DR2,6045478459848862208,162335.45,-262725.8,17.07,17.48,16.21,3632,4.56,1.000,
W2345,DR2,6045466704514944512,162335.46,-262754.9,18.62,19.05,17.68,3588,15.35,1.000,
W2346,DR2,6045466605737118848,162335.48,-262830.4,18.34,,,3493,51.61,,N.D.
W2347,DR2,6045478459856713600,162335.49,-262717.1,16.07,16.64,15.29,3615,2.92,1.000,
W2348,DR2,6045466502667169280,162335.51,-262937.3,17.37,17.82,16.58,3515,31.98,1.000,
W2349,DR2,6045478455551065728,162335.52,-262731.8,18.74,19.08,17.68,3600,16.23,1.000,
W2350,DR2,6045466605746436608,162335.54,-262832.5,13.04,13.64,12.29,3670,0.87,1.000,
W2351,DR2,6045466708825666816,162335.54,-262744.3,16.91,17.39,16.16,3624,4.27,1.000,
W2352,DR2,6045478459856691968,162335.57,-262739.1,15.70,16.35,14.88,3628,1.04,1.000,
W2353,DR2,6045466502667182720,162335.58,-262923.4,16.90,17.34,16.10,3609,17.38,1.000,
W2354,DR2,6045466605746447104,162335.59,-262806.5,16.43,16.89,15.70,3637,3.22,1.000,
W2355,DR2,6045478459849652224,162335.60,-262648.6,19.04,19.38,17.98,3617,15.58,1.000,
W2356,DR2,6045502236796393216,162335.61,-262414.9,17.15,17.65,16.40,3632,3.03,1.000,
W2357,DR2,6045466502657697792,162335.61,-262933.8,17.87,18.23,16.96,3433,43.34,1.000,
W2358,DR2,6045466601435720576,162335.62,-262809.0,16.33,16.82,15.56,3637,2.36,1.000,
W2359,DR2,6045466605746429696,162335.62,-262843.8,16.92,17.03,15.92,3572,33.61,1.000,
W2360,DR2,6045466605746444544,162335.64,-262814.0,16.91,17.12,15.73,3624,3.61,1.000,
W2361,DR2,6045466605737643136,162335.65,-262847.1,18.64,18.85,17.42,3307,120.92,1.000,
W2362,DR2,6045466605746433536,162335.68,-262838.5,13.27,13.57,12.79,3666,0.95,1.000,
W2363,DR2,6045466537026927232,162335.71,-262913.5,16.39,16.70,15.41,3651,2.69,,N.D.
W2364,DR2,6045466537026938240,162335.71,-262904.2,17.27,17.75,16.51,3619,7.75,1.000,
W2365,DR2,6045478562928227200,162335.74,-262623.1,18.66,18.27,17.25,1859,114.81,1.000,
W2366,DR2,6045466502657639040,162335.75,-262943.5,17.38,17.76,16.43,3646,12.48,,N.D.
W2367,DR2,6045502339875617536,162335.75,-262341.3,17.00,17.51,16.25,3615,2.90,1.000,
W2368,DR2,6045503198862780288,162335.75,-262201.6,19.04,19.59,18.05,3619,13.37,1.000,
W2369,DR2,6045466605737090560,162335.79,-262842.4,16.48,16.84,15.63,3625,23.49,1.000,
W2370,DR2,6045502339869255424,162335.81,-262350.9,18.62,18.93,17.51,3600,12.70,1.000,
W2371,DR2,6045503198869090816,162335.82,-262239.3,19.04,19.18,17.86,3637,14.00,0.054,
W2372,DR2,6045478455546770944,162335.83,-262646.6,18.60,18.97,17.71,3637,10.65,0.000,
W2373,DR2,6045478459848814976,162335.84,-262736.9,18.93,19.21,17.90,2879,101.08,1.000,
W2374,DR2,6045466704516500224,162335.85,-262802.6,18.78,19.14,17.68,3606,16.38,1.000,
W2375,DR2,6045466502667161344,162335.85,-262940.2,18.35,,,3616,46.85,,N.D.
W2376,DR2,6045478562936216448,162335.86,-262541.1,18.39,18.44,17.02,3636,826.04,1.000,
W2377,DR2,6045502335564003200,162335.87,-262346.2,18.66,19.15,17.74,3591,8.99,1.000,
W2378,DR2,6045466537017501184,162335.88,-262914.3,16.99,17.43,16.18,3629,5.27,1.000,
W2379,DR2,6045478459856701824,162335.88,-262724.8,17.20,17.56,16.36,3589,6.88,1.000,
W2380,DR2,6045466605746422400,162335.89,-262849.7,18.66,18.69,17.06,3386,103.72,1.000,
W2381,DR2,6045502236796386560,162335.89,-262438.2,17.31,17.83,16.54,3610,3.24,1.000,
W2382,DR2,6045466502657742464,162335.90,-262919.8,18.37,,,2327,219.66,1.000,
W2383,DR2,6045466498362114560,162335.91,-262930.7,13.03,13.52,12.32,3706,0.68,1.000,
W2384,DR2,6045466537026921600,162335.91,-262918.3,16.93,17.32,15.98,3596,9.40,1.000,
W2385,DR2,6045466537026938112,162335.92,-262900.9,17.58,17.96,16.66,3640,9.01,1.000,
W2386,DR2,6045478558624847488,162335.93,-262620.9,13.05,13.71,12.25,3693,0.51,1.000,
W2387,DR2,6045502335564028800,162335.93,-262308.0,18.54,19.07,17.63,3614,10.34,1.000,
W2388,DR2,6045466502657651968,162335.94,-262940.9,16.43,16.55,15.35,3622,13.16,1.000,
W2389,DR2,6045503194557536256,162335.95,-262223.2,18.34,18.89,17.46,3611,7.20,1.000,
W2390,DR2,6045466605737059712,162335.95,-262851.3,18.39,18.31,17.24,3575,46.05,1.000,
W2391,DR2,6045466537026941440,162335.95,-262856.6,16.77,17.26,16.03,3627,4.38,1.000,
W2392,DR2,6045503194557544192,162335.97,-262214.5,18.48,19.07,17.61,3617,8.88,0.001,
W2393,DR2,6045466605737123200,162335.97,-262826.1,17.81,18.25,16.98,1214,160.13,1.000,
W2394,DR2,6045502271156132608,162336.00,-262410.1,17.89,17.96,16.73,3612,5.82,1.000,
W2395,DR2,6045478459848850304,162336.01,-262722.0,18.47,18.34,16.96,3579,27.19,1.000,
W2396,DR2,6045466605737098496,162336.03,-262835.6,17.74,17.95,16.70,1049,171.38,1.000,
W2397,DR2,6045478562936235008,162336.04,-262545.0,17.95,18.50,17.11,3559,48.12,0.014,
W2398,DR2,6045502030631545856,162336.06,-262520.3,19.08,19.47,18.05,3576,20.02,1.000,
W2399,DR2,6045466502657718528,162336.06,-262924.1,17.05,17.13,15.85,2572,188.56,1.000,
W2400,DR2,6045503301948325888,162336.07,-262113.0,16.67,17.19,15.93,3571,3.45,1.000,
W2401,DR2,6045466605746440960,162336.08,-262819.6,17.97,18.38,17.11,3620,10.85,1.000,
W2402,DR2,6045466537027041408,162336.08,-262853.1,17.49,17.92,16.68,3639,8.53,1.000,
W2403,DR2,6045478489905371776,162336.09,-262637.5,18.20,18.49,17.19,3626,7.75,0.000,
W2404,DR2,6045466502667158016,162336.09,-262943.1,16.43,16.65,15.37,3661,6.48,1.000,
W2405,DR2,6045466605746422272,162336.10,-262849.9,18.41,18.37,17.09,3589,37.30,1.000,
W2406,DR2,6045502030637947520,162336.10,-262506.7,16.78,17.53,15.88,3647,2.04,0.000,
W2407,DR2,6045466605737109504,162336.10,-262833.0,19.16,19.10,17.88,746,343.92,1.000,
W2408,DR2,6045466605746431360,162336.10,-262838.3,16.29,16.76,15.52,2983,143.34,1.000,
W2409,DR2,6045466537018165376,162336.13,-262900.8,18.75,19.09,17.76,3623,18.16,1.000,
W2410,DR2,6045478494216737152,162336.17,-262644.1,16.87,17.38,16.09,3614,2.47,1.000,
W2411,DR2,6045466605746444032,162336.18,-262809.5,18.18,18.34,16.69,3603,13.88,1.000,
W2412,DR2,6045478494216477056,162336.18,-262638.6,18.50,18.89,,3616,12.49,1.000,
W2413,DR2,6045502236790001536,162336.18,-262450.6,18.77,19.19,17.73,3629,11.98,1.000,
W2414,DR2,6045502271156128512,162336.18,-262418.4,18.50,19.00,17.59,3631,9.69,1.000,
W2415,DR2,6045478494216480896,162336.19,-262632.7,16.27,16.81,15.52,3616,2.80,1.000,
W2416,DR2,6045466708816377216,162336.21,-262758.9,18.80,19.04,17.75,3578,38.75,1.000,
W2417,DR2,6045478459856998016,162336.21,-262656.7,16.75,17.21,15.87,3639,1.94,1.000,
W2418,DR2,6045466605746444160,162336.22,-262811.5,16.76,17.14,15.95,3603,3.83,1.000,
W2419,DR2,6045466502657673344,162336.26,-262932.5,16.64,17.03,15.81,1697,135.29,1.000,
W2420,DR2,6045502236796383104,162336.27,-262447.7,18.02,18.53,17.17,3626,6.20,1.000,
W2421,DR2,6045466708825666176,162336.27,-262742.6,16.03,16.46,15.11,3650,1.44,1.000,
W2422,DR2,6045466605746423552,162336.27,-262847.0,16.91,17.36,16.15,3629,9.05,1.000,
W2423,DR2,6045466502657616512,162336.28,-262943.8,18.01,17.67,16.42,3649,16.14,1.000,
W2424,DR2,6045466708816388608,162336.29,-262738.5,18.28,18.60,17.37,3609,26.77,1.000,
W2425,DR2,6045466537017495296,162336.30,-262911.8,19.04,19.34,18.00,3623,33.44,0.000,
W2426,DR2,6045466708816378624,162336.32,-262754.8,14.84,15.48,13.94,3616,0.62,0.009,
W2427,DR2,6045466502657616640,162336.33,-262944.4,18.03,17.94,16.63,3652,13.80,1.000,
W2428,DR2,6045466502667172992,162336.34,-262925.4,17.80,18.21,16.95,707,242.95,1.000,
W2429,DR2,6045466605737131136,162336.36,-262819.5,18.26,18.59,17.34,3622,11.92,1.000,
W2430,DR2,6045503233228839168,162336.38,-262152.3,16.90,17.40,16.15,3591,3.60,1.000,
W2431,DR2,6045466605746443008,162336.38,-262812.2,17.07,17.53,16.30,3599,5.03,1.000,
W2432,DR2,6045466605737086720,162336.40,-262839.4,18.97,19.17,17.86,766,375.41,1.000,
W2433,DR2,6045466502657654528,162336.41,-262934.0,15.83,16.39,14.95,3616,22.02,1.000,
W2434,DR2,6045502236796381824,162336.41,-262450.4,18.78,19.25,17.78,3632,12.32,1.000,
W2435,DR2,6045466708816386048,162336.44,-262743.9,18.55,18.79,17.48,3620,23.89,1.000,
W2436,DR2,6045502271156132096,162336.45,-262406.1,16.91,17.43,16.17,3622,2.35,1.000,
W2437,DR2,6045503233228842240,162336.45,-262140.6,16.44,16.98,15.70,3586,2.43,1.000,
W2438,DR2,6045478459848870528,162336.45,-262713.7,18.19,18.47,17.09,3645,6.76,,N.D.
W2439,DR2,6045502236796385536,162336.46,-262435.7,18.32,18.74,17.34,3632,8.71,1.000,
W2440,DR2,6045466537026937600,162336.50,-262857.0,18.38,18.78,17.49,3574,14.95,1.000,
W2441,DR2,6045502442954846976,162336.53,-262232.7,17.17,17.78,16.36,3628,2.80,0.000,
W2442,DR2,6045478562936234752,162336.54,-262556.7,17.18,17.88,16.28,3577,8.77,0.000,
W2443,DR2,6045503233228838400,162336.54,-262152.5,17.53,18.06,16.74,3600,6.41,1.000,
W2444,DR2,6045502030631525120,162336.55,-262540.2,18.57,19.03,17.63,3593,39.14,1.000,
W2445,DR2,6045478494216486784,162336.56,-262620.0,17.24,17.74,16.45,3312,101.99,1.000,
W2446,DR2,6045466502667152896,162336.57,-262943.2,16.63,17.07,15.82,3660,3.64,1.000,
W2447,DR2,6045502271149764224,162336.58,-262409.6,19.00,19.43,17.97,3607,15.40,1.000,
W2448,DR2,6045466708825664384,162336.58,-262751.4,17.07,17.24,16.05,3623,16.11,1.000,
W2449,DR2,6045466537026930048,162336.59,-262904.8,17.58,18.02,16.78,3603,6.53,1.000,
W2450,DR2,6045502271156136576,162336.60,-262346.2,17.12,17.63,16.37,3648,2.78,1.000,
W2451,DR2,6045502030637939456,162336.60,-262531.6,17.15,17.65,16.39,3561,6.03,1.000,
W2452,DR2,6045466601441331200,162336.62,-262831.0,18.85,19.05,17.74,3444,76.83,1.000,
W2453,DR2,6045466704520546432,162336.65,-262810.5,18.69,19.04,17.69,3603,25.54,1.000,
W2454,DR2,6045503228917325952,162336.67,-262128.3,18.84,19.27,17.99,3589,32.42,0.000,
W2455,DR2,6045466537018163712,162336.67,-262915.2,17.89,18.35,17.05,3621,9.15,1.000,
W2456,DR2,6045466537026904704,162336.68,-262928.9,16.77,17.23,16.02,2907,194.57,1.000,
W2457,DR2,6045502442954847616,162336.68,-262229.6,17.79,18.22,16.90,3620,5.69,0.000,
W2458,DR2,6045478459849647616,162336.70,-262716.5,19.09,19.33,18.00,3587,15.02,1.000,
W2459,DR2,6045466537017577728,162336.70,-262845.0,18.40,18.80,17.48,3595,19.71,1.000,
W2460,DR2,6045503233228846592,162336.73,-262119.5,16.05,16.63,15.29,3624,1.60,1.000,
W2461,DR2,6045466708825666560,162336.74,-262734.8,17.15,17.58,16.33,3628,3.52,1.000,
W2462,DR2,6045466537017531520,162336.75,-262859.3,17.57,18.01,16.78,3587,9.82,1.000,
W2463,DR2,6045466498362116352,162336.76,-262941.6,16.75,17.20,15.96,3657,4.31,1.000,
W2464,DR2,6045466537017427456,162336.77,-262924.6,18.60,18.93,17.51,3318,87.09,1.000,
W2465,DR2,6045503301948325760,162336.77,-262108.2,17.00,17.72,16.13,3608,3.25,0.004,
W2466,DR2,6045478494216490624,162336.79,-262614.1,18.49,18.94,17.58,3550,37.08,1.000,
W2467,DR2,6045502232484715008,162336.79,-262435.0,19.16,19.51,18.08,3624,19.54,1.000,
W2468,DR2,6045478494216472704,162336.80,-262638.3,16.03,16.64,15.24,3638,1.24,1.000,
W2469,DR2,6045466605746435968,162336.81,-262822.5,16.91,17.42,16.12,3618,4.05,1.000,
W2470,DR2,6045478558624880128,162336.82,-262549.3,18.81,19.03,17.63,3570,21.65,1.000,
W2471,DR2,6045502442948517248,162336.82,-262228.6,18.61,18.98,17.63,3625,13.27,1.000,
W2472,DR2,6045466708825662976,162336.82,-262753.9,17.36,17.80,16.57,3594,35.88,1.000,
W2473,DR2,6045478562936215808,162336.83,-262556.8,18.89,19.33,17.92,3640,17.20,1.000,
W2474,DR2,6045478494216482176,162336.84,-262625.3,18.21,18.65,17.30,3604,17.96,1.000,
W2475,DR2,6045466537026903168,162336.85,-262927.1,17.66,17.82,16.43,3586,25.15,1.000,
W2476,DR2,6045478494216486144,162336.85,-262619.5,17.84,18.02,16.78,3521,51.07,1.000,
W2477,DR2,6045466708816389376,162336.86,-262730.4,17.93,18.18,16.86,3642,6.77,1.000,
W2478,DR2,6045478494216486912,162336.91,-262617.7,18.58,18.94,16.94,3518,58.36,1.000,
W2479,DR2,6045466537017403264,162336.91,-262927.7,18.66,18.09,,3516,63.50,,N.D.
W2480,DR2,6045466537026914432,162336.92,-262916.6,18.27,18.72,17.33,3601,17.44,1.000,
W2481,DR2,6045502442954839680,162336.94,-262256.6,17.50,18.01,16.72,3638,3.87,1.000,
W2482,DR2,6045466708825666048,162336.94,-262737.9,16.82,17.30,16.07,3632,2.39,1.000,
W2483,DR2,6045466537026920064,162336.96,-262909.5,18.49,,,3602,17.24,1.000,
W2484,DR2,6045466537026936960,162336.97,-262854.3,15.36,16.14,14.46,3602,1.12,0.000,
W2485,DR2,6045466605746427264,162336.97,-262836.0,15.92,16.48,15.11,3646,7.38,1.000,
W2486,DR2,6045478459856997376,162336.97,-262709.1,16.43,16.91,15.64,3629,1.65,1.000,
W2487,DR2,6045466708825662464,162337.00,-262752.1,17.25,17.39,16.07,3617,15.46,1.000,
W2488,DR2,6045466708816374016,162337.01,-262753.1,18.03,16.72,16.08,3548,60.87,1.000,
W2489,DR2,6045466537017524480,162337.01,-262858.8,18.49,18.86,17.53,3574,20.33,1.000,
W2490,DR2,6045503228918448000,162337.01,-262122.7,18.67,19.12,17.78,3530,27.38,0.000,
W2491,DR2,6045478562928252672,162337.04,-262557.1,18.74,19.20,17.79,3628,12.56,1.000,
W2492,DR2,6045466537017476096,162337.04,-262910.0,17.44,17.80,16.54,3634,10.15,1.000,
W2493,DR2,6045503233228837632,162337.04,-262151.7,16.98,17.59,16.15,3636,5.55,0.000,
W2494,DR2,6045466537026907904,162337.05,-262922.5,15.98,16.55,15.21,3625,3.09,1.000,
W2495,DR2,6045466708825735296,162337.05,-262723.0,17.35,17.81,16.54,3588,6.29,1.000,
W2496,DR2,6045466537017945728,162337.06,-262929.0,18.11,18.53,17.21,3595,20.31,1.000,
W2497,DR2,6045478489905303296,162337.08,-262656.5,18.84,19.16,17.87,3615,13.31,1.000,
W2498,DR2,6045502442954840448,162337.09,-262252.8,16.99,17.50,16.25,3632,2.70,1.000,
W2499,DR2,6045466537026941696,162337.11,-262845.6,16.72,17.17,15.96,3616,22.31,1.000,
W2500,DR2,6045478459849647104,162337.11,-262715.9,19.15,19.45,18.03,3582,37.17,1.000,
W2501,DR2,6045466502667149312,162337.13,-262941.4,16.84,16.72,15.68,3647,6.89,1.000,
W2502,DR2,6045466537017367552,162337.14,-262933.9,18.72,,,3625,30.72,1.000,
W2503,DR2,6045466532717466368,162337.17,-262932.6,16.97,17.36,16.04,3628,6.10,1.000,
W2504,DR2,6045502236796383616,162337.18,-262436.5,18.04,18.54,17.21,3622,6.31,1.000,
W2505,DR2,6045466537026946944,162337.18,-262838.4,17.14,17.49,16.24,3590,34.99,1.000,
W2506,DR2,6045503233228838272,162337.20,-262145.6,15.89,16.29,14.91,3602,1.48,1.000,
W2507,DR2,6045466708816387712,162337.20,-262732.7,17.79,18.21,16.90,3635,6.13,1.000,
W2508,DR2,6045466537017551360,162337.21,-262848.2,17.97,18.20,16.91,3499,70.15,1.000,
W2509,DR2,6045478494216475392,162337.22,-262630.4,17.55,18.08,16.72,3633,6.24,0.002,
W2510,DR2,6045503233228839936,162337.24,-262141.7,17.74,18.26,16.92,3577,13.87,1.000,
W2511,DR2,6045466537017528448,162337.25,-262855.9,16.93,16.64,15.58,3627,5.01,1.000,
W2512,DR2,6045466537017447808,162337.27,-262915.4,18.29,18.69,17.32,3540,29.79,1.000,
W2513,DR2,6045503233222520960,162337.28,-262145.7,16.76,16.98,15.61,3606,3.31,1.000,
W2514,DR2,6045466537026948480,162337.28,-262835.8,17.39,17.75,16.49,3588,47.84,1.000,
W2515,DR2,6045466708816350976,162337.28,-262808.5,19.11,19.37,18.07,3631,18.47,1.000,
W2516,DR2,6045466537026933632,162337.31,-262854.8,17.02,17.01,15.51,3621,4.56,1.000,
W2517,DR2,6045466708816662272,162337.33,-262720.9,18.51,18.78,17.50,3593,19.72,1.000,
W2518,DR2,6045478489912644480,162337.34,-262636.7,18.13,18.55,17.17,3628,11.59,1.000,
W2519,DR2,6045466708816381312,162337.35,-262743.1,18.56,18.86,17.49,3648,12.68,1.000,
W2520,DR2,6045466537026923648,162337.36,-262903.9,18.13,18.56,17.22,3596,17.41,1.000,
W2521,DR2,6045466537017528192,162337.36,-262852.3,17.46,17.84,16.52,3631,22.58,1.000,
W2522,DR2,6045502030637945472,162337.38,-262502.8,16.80,17.31,16.06,3636,2.18,1.000,
W2523,DR2,6045502030637931648,162337.38,-262547.1,17.80,18.40,16.90,3623,7.45,0.000,
W2524,DR2,6045502030637938816,162337.39,-262525.0,17.98,18.51,17.16,3635,6.95,1.000,
W2525,DR2,6045466537017373568,162337.39,-262930.4,18.28,18.40,17.05,3483,29.54,1.000,
W2526,DR2,6045466704520548096,162337.41,-262730.2,18.70,19.04,17.68,3644,11.67,1.000,
W2527,DR2,6045466704524763648,162337.42,-262735.7,17.84,18.04,16.85,3636,6.48,1.000,
W2528,DR2,6045466704520547968,162337.43,-262824.0,18.71,19.07,17.77,3572,20.38,1.000,
W2529,DR2,6045466537026918656,162337.44,-262908.5,17.03,17.49,16.22,3653,10.12,1.000,
W2530,DR2,6045502030637943936,162337.44,-262507.9,17.66,18.19,16.87,3640,4.84,1.000,
W2531,DR2,6045466537018162176,162337.47,-262923.0,18.17,18.58,17.23,3514,69.20,1.000,
W2532,DR2,6045478494216450304,162337.47,-262700.2,18.18,18.46,17.43,3632,6.92,0.000,
W2533,DR2,6045466532721856512,162337.47,-262834.9,17.01,17.44,16.21,3546,62.16,1.000,
W2534,DR2,6045466537026940800,162337.48,-262843.4,17.25,17.53,16.30,2318,66.81,1.000,
W2535,DR2,6045466502657570688,162337.52,-262941.2,17.18,17.22,15.95,3664,10.82,1.000,
W2536,DR2,6045466502667142784,162337.52,-262943.7,17.23,17.46,16.29,3660,11.54,1.000,
W2537,DR2,6045466537017373184,162337.54,-262929.0,17.02,16.99,15.69,3605,22.69,0.918,
W2538,DR2,6045466537026914304,162337.57,-262911.4,17.25,17.60,16.38,3635,13.17,1.000,
W2539,DR2,6045466532721857024,162337.58,-262918.4,17.20,17.64,16.31,3615,24.65,,N.D.
W2540,DR2,6045502030637947904,162337.58,-262451.7,16.82,17.32,16.09,3611,2.27,1.000,
W2541,DR2,6045466537017373312,162337.59,-262928.8,17.36,17.15,15.76,3556,53.24,,N.D.
W2542,DR2,6045502030637933312,162337.59,-262537.6,17.69,18.18,16.89,3607,6.42,1.000,
W2543,DR2,6045466704515010816,162337.60,-262720.3,16.10,16.33,15.06,3616,1.84,1.000,
W2544,DR2,6045466537017308928,162337.60,-262941.2,17.57,16.62,15.92,3649,14.79,1.000,
W2545,DR2,6045466537026889856,162337.60,-262935.2,16.16,16.66,15.39,3627,2.99,1.000,
W2546,DR2,6045502030637929728,162337.63,-262557.2,18.51,19.00,17.58,3629,10.73,1.000,
W2547,DR2,6045502442954834048,162337.64,-262319.2,18.26,18.76,17.39,3631,7.25,1.000,
W2548,DR2,6045466708825652480,162337.64,-262811.7,17.32,17.79,16.55,3618,5.04,1.000,
W2549,DR2,6045502271149768448,162337.64,-262353.9,18.12,18.73,17.24,3631,5.65,0.000,
W2550,DR2,6045466708816655488,162337.65,-262822.8,18.82,18.92,17.69,3597,20.47,1.000,
W2551,DR2,6045466708825734912,162337.68,-262727.3,18.40,18.81,17.47,3584,15.83,1.000,
W2552,DR2,6045502030631514240,162337.69,-262542.0,19.07,19.48,18.06,3587,23.34,1.000,
W2553,DR2,6045466708816371968,162337.69,-262748.3,17.94,18.36,17.09,3627,6.56,1.000,
W2554,DR2,6045466704520539776,162337.69,-262801.6,18.37,18.75,17.03,3618,12.18,0.000,
W2555,DR2,6045466708825664640,162337.70,-262739.5,17.68,17.95,16.72,3636,4.89,1.000,
W2556,DR2,6045466708825735168,162337.70,-262720.4,16.03,16.12,14.85,3628,1.45,1.000,
W2557,DR2,6045502442954832512,162337.72,-262323.3,18.49,18.99,17.59,3626,8.96,1.000,
W2558,DR2,6045466743185405952,162337.72,-262713.8,15.99,16.60,15.15,3623,2.78,1.000,
W2559,DR2,6045502266844483328,162337.73,-262405.7,19.11,19.31,18.10,3614,16.97,0.002,
W2560,DR2,6045466537017938688,162337.73,-262935.9,18.63,,,3596,11.53,1.000,
W2561,DR2,6045478494216460672,162337.74,-262644.5,17.80,18.28,16.98,3644,5.27,1.000,
W2562,DR2,6045466537026912896,162337.75,-262910.0,17.20,17.60,16.34,3647,16.77,1.000,
W2563,DR2,6045466708816655360,162337.78,-262821.3,19.02,19.27,17.81,3596,22.61,1.000,
W2564,DR2,6045478494216757504,162337.81,-262627.7,17.03,17.54,16.27,3640,2.53,1.000,
W2565,DR2,6045503233228837504,162337.81,-262145.6,17.28,17.80,16.51,3608,7.76,1.000,
W2566,DR2,6045478494216454912,162337.83,-262651.7,17.60,18.09,16.81,3605,5.90,1.000,
W2567,DR2,6045466537017417728,162337.84,-262914.9,16.65,17.06,15.85,3601,28.01,1.000,
W2568,DR2,6045466537017462528,162337.84,-262906.9,18.88,19.24,17.81,3432,90.93,1.000,
W2569,DR2,6045466708816381696,162337.86,-262738.1,16.85,17.28,16.06,3626,2.48,1.000,
W2570,DR2,6045502026326252288,162337.87,-262505.7,18.77,19.27,17.79,3622,17.39,1.000,
W2571,DR2,6045503228917299456,162337.87,-262157.6,18.77,19.27,17.81,3615,17.02,0.000,
W2572,DR2,6045466537026930304,162337.89,-262852.6,17.08,17.55,16.31,3613,24.18,1.000,
W2573,DR2,6045466708816345984,162337.90,-262805.3,18.19,18.60,17.27,3609,12.38,1.000,
W2574,DR2,6045502438643276288,162337.92,-262239.3,18.08,18.64,17.25,3627,6.84,1.000,
W2575,DR2,6045466537017325952,162337.92,-262935.2,16.90,17.06,15.79,3644,12.78,0.999,
W2576,DR2,6045478494216485120,162337.93,-262610.5,18.79,19.19,17.71,3638,13.95,1.000,
W2577,DR2,6045466532721858048,162337.94,-262841.7,13.01,13.78,12.15,3655,0.81,1.000,
W2578,DR2,6045502030637939584,162337.95,-262518.7,17.64,18.24,16.82,3626,4.41,0.000,
W2579,DR2,6045466708825660288,162337.96,-262752.0,16.63,17.13,15.89,3625,2.37,1.000,
W2580,DR2,6045502271156133632,162337.97,-262346.7,17.40,17.90,16.63,3632,3.38,1.000,
W2581,DR2,6045466743185405824,162337.97,-262714.7,18.07,18.49,17.18,3607,34.39,1.000,
W2582,DR2,6045466532726069504,162337.98,-262844.8,14.41,14.88,13.70,3656,2.99,0.000,
W2583,DR2,6045478489905360384,162337.99,-262622.7,18.15,18.62,17.29,3627,7.69,1.000,
W2584,DR2,6045466326563427968,162338.00,-262940.4,16.63,17.11,15.87,3648,4.91,1.000,
W2585,DR2,6045466537026931968,162338.04,-262850.2,17.82,18.12,16.86,3524,51.04,1.000,
W2586,DR2,6045502271156126592,162338.05,-262411.5,17.07,17.55,16.33,3614,3.76,1.000,
W2587,DR2,6045502026326208384,162338.05,-262537.0,18.56,19.00,17.61,3099,117.29,1.000,
W2588,DR2,6045466708816308992,162338.06,-262821.7,18.09,18.47,17.04,3595,11.45,,N.D.
W2589,DR2,6045466537017417984,162338.06,-262914.9,18.98,18.88,17.55,3012,128.24,1.000,
W2590,DR2,6045466640096780032,162338.09,-262831.4,19.22,,,3607,30.87,1.000,
W2591,DR2,6045466635801073664,162338.12,-262833.3,14.46,15.13,13.63,3622,3.07,1.000,
W2592,DR2,6045466537026913280,162338.14,-262907.2,16.85,17.32,16.09,3615,18.95,1.000,
W2593,DR2,6045466708825666688,162338.14,-262721.3,17.45,17.89,16.66,3602,8.93,1.000,
W2594,DR2,6045478494208706176,162338.15,-262617.3,18.77,18.99,17.63,3573,25.62,1.000,
W2595,DR2,6045478494216444544,162338.15,-262659.4,18.72,19.09,17.73,3596,15.21,1.000,
W2596,DR2,6045466330859730176,162338.15,-262942.0,18.47,18.47,17.13,3639,21.37,1.000,
W2597,DR2,6045466537026935552,162338.15,-262844.3,17.80,17.63,16.50,2864,68.15,1.000,
W2598,DR2,6045466537018161024,162338.16,-262935.7,18.12,18.32,17.01,3587,51.95,1.000,
W2599,DR2,6045466537017357824,162338.17,-262922.3,16.41,16.70,15.43,3459,67.38,1.000,
W2600,DR2,6045502060686019840,162338.17,-262437.7,18.85,19.39,17.87,3618,12.21,1.000,
W2601,DR2,6045466537026890240,162338.20,-262929.4,16.53,16.98,15.74,2560,104.97,1.000,
W2602,DR2,6045501961918453120,162338.23,-262551.5,17.08,17.58,16.33,3624,14.07,1.000,
W2603,DR2,6045502442954839936,162338.23,-262244.2,17.58,18.10,16.81,3627,4.10,1.000,
W2604,DR2,6045466708825734784,162338.24,-262725.4,17.48,17.93,16.63,3605,5.61,1.000,
W2605,DR2,6045466708825734656,162338.24,-262728.1,16.61,17.06,15.85,3627,2.02,1.000,
W2606,DR2,6045502030637940096,162338.24,-262513.7,18.76,19.12,17.93,3631,13.00,0.001,
W2607,DR2,6045466704522400384,162338.24,-262801.0,16.79,17.04,15.85,3636,2.84,1.000,
W2608,DR2,6045501957612116352,162338.25,-262555.4,18.36,18.80,17.47,3613,11.61,1.000,
W2609,DR2,6045478489905333120,162338.26,-262638.4,17.81,18.23,16.88,3631,4.92,1.000,
W2610,DR2,6045478494216476928,162338.27,-262619.2,16.46,16.98,15.73,3619,2.33,1.000,
W2611,DR2,6045466708825650304,162338.29,-262811.0,16.77,17.24,16.02,3627,3.46,1.000,
W2612,DR2,6045478494208615552,162338.29,-262650.8,18.27,18.55,17.15,3639,11.14,1.000,
W2613,DR2,6045502030631513216,162338.29,-262537.8,18.77,19.21,17.78,2256,92.71,1.000,
W2614,DR2,6045466326559035648,162338.30,-262943.2,15.97,16.48,15.15,3635,2.43,1.000,
W2615,DR2,6045466537026928000,162338.30,-262850.9,17.20,17.61,16.36,3593,30.07,1.000,
W2616,DR2,6045466537017455104,162338.30,-262903.4,18.45,18.85,17.46,3494,77.21,1.000,
W2617,DR2,6045466640106156672,162338.31,-262833.5,16.23,16.28,15.00,3624,14.20,1.000,
W2618,DR2,6045466704514927744,162338.31,-262807.0,17.52,17.96,16.71,3642,6.20,1.000,
W2619,DR2,6045502030631543936,162338.32,-262502.3,18.87,19.33,17.79,3630,13.43,1.000,
W2620,DR2,6045502271149750272,162338.34,-262415.4,18.25,18.58,17.31,3608,8.29,1.000,
W2621,DR2,6045466537017389824,162338.34,-262917.1,16.69,16.86,15.67,3575,47.19,1.000,
W2622,DR2,6045466708825644544,162338.35,-262818.8,16.27,16.72,15.50,3622,2.04,1.000,
W2623,DR2,6045466537017406336,162338.35,-262909.6,18.82,18.60,17.39,2830,139.86,1.000,
W2624,DR2,6045502271156125696,162338.36,-262412.5,16.15,16.68,15.42,3651,1.36,1.000,
W2625,DR2,6045466537017536256,162338.36,-262842.9,15.96,16.52,15.18,3607,24.05,1.000,
W2626,DR2,6045502030637944960,162338.38,-262455.9,18.92,19.36,17.95,3633,14.21,1.000,
W2627,DR2,6045466330858858368,162338.39,-262937.2,17.93,17.64,16.43,3529,51.35,,N.D.
W2628,DR2,6045466330868447488,162338.39,-262935.7,18.95,,,3419,140.38,,N.D.
W2629,DR2,6045478494216440448,162338.43,-262700.4,18.28,18.70,17.39,3623,9.88,1.000,
W2630,DR2,6045478494216447488,162338.45,-262652.7,16.36,16.66,15.38,3651,1.64,1.000,
W2631,DR2,6045466537026893696,162338.46,-262923.9,11.84,12.63,10.98,3682,0.96,1.000,
W2632,DR2,6045466640096831232,162338.50,-262818.6,16.35,16.74,15.41,3636,2.38,1.000,
W2633,DR2,6045466537026922496,162338.50,-262854.8,17.93,18.34,17.05,3578,18.12,1.000,
W2634,DR2,6045501957612117248,162338.51,-262547.7,18.38,18.80,17.45,3273,95.72,1.000,
W2635,DR2,6045466537027040000,162338.52,-262901.0,19.10,19.05,17.75,3454,65.57,1.000,
W2636,DR2,6045466743176128512,162338.52,-262710.6,18.94,19.12,18.02,3616,13.96,0.000,
W2637,DR2,6045478494208615936,162338.53,-262653.2,17.67,17.75,16.15,3647,4.84,,N.D.
W2638,DR2,6045478494216756992,162338.54,-262634.8,18.69,19.11,17.74,3616,13.15,1.000,
W2639,DR2,6045466708825734400,162338.56,-262740.4,17.41,17.87,16.61,3607,6.76,1.000,
W2640,DR2,6045466330868447360,162338.58,-262935.9,16.58,17.05,15.83,3618,22.31,1.000,
W2641,DR2,6045466537026904064,162338.58,-262911.7,14.43,15.10,13.58,3641,6.06,1.000,
W2642,DR2,6045466708816342784,162338.59,-262800.5,18.80,19.03,17.74,3642,17.22,1.000,
W2643,DR2,6045466537017467520,162338.60,-262858.7,18.33,18.63,17.30,3446,51.04,1.000,
W2644,DR2,6045466532721860224,162338.60,-262916.3,12.70,13.48,11.82,3665,2.29,1.000,
W2645,DR2,6045466537026932992,162338.63,-262843.4,17.10,17.54,16.27,2396,83.92,1.000,
W2646,DR2,6045466537017507584,162338.63,-262846.3,18.40,18.23,16.80,1849,79.87,1.000,
W2647,DR2,6045466537026909440,162338.65,-262905.8,16.09,16.62,15.33,3629,9.16,1.000,
W2648,DR2,6045466738882143232,162338.66,-262713.0,18.73,19.07,17.74,3627,12.05,1.000,
W2649,DR2,6045466330868452480,162338.67,-262931.8,16.71,17.17,15.95,3486,67.70,1.000,
W2650,DR2,6045466708825734272,162338.67,-262742.4,17.32,17.56,16.39,3618,6.45,1.000,
W2651,DR2,6045466330868441344,162338.68,-262939.6,16.04,16.54,15.22,3615,4.08,1.000,
W2652,DR2,6045502477314587648,162338.68,-262206.0,17.49,17.95,16.65,3513,70.94,1.000,
W2653,DR2,6045502271149761664,162338.69,-262353.3,18.59,19.07,17.68,3629,9.07,1.000,
W2654,DR2,6045502369923761280,162338.70,-262316.7,17.88,18.40,17.07,3622,4.98,1.000,
W2655,DR2,6045466708825733888,162338.72,-262754.0,16.26,16.77,15.52,3626,1.92,1.000,
W2656,DR2,6045466640106157440,162338.74,-262828.9,16.29,16.75,15.51,3631,6.48,1.000,
W2657,DR2,6045466708825647744,162338.74,-262811.0,16.90,17.37,16.16,3631,4.19,1.000,
W2658,DR2,6045502064997685632,162338.75,-262442.7,17.34,17.84,16.58,3622,3.93,1.000,
W2659,DR2,6045502477314582400,162338.75,-262225.6,18.00,18.57,17.18,3613,6.67,0.002,
W2660,DR2,6045503233228834304,162338.76,-262153.4,16.73,17.30,15.96,3617,2.12,0.000,
W2661,DR2,6045466537017484800,162338.79,-262851.6,18.61,19.33,17.36,3541,39.22,0.028,
W2662,DR2,6045502369923751424,162338.80,-262324.2,18.75,19.18,17.83,3618,11.32,0.000,
W2663,DR2,6045466743185405696,162338.81,-262707.7,16.69,17.17,15.92,3643,1.95,1.000,
W2664,DR2,6045503228917327616,162338.84,-262126.4,17.18,17.75,16.39,3619,3.02,0.002,
W2665,DR2,6045501961918453504,162338.84,-262543.1,12.56,13.35,11.68,3703,0.65,1.000,
W2666,DR2,6045466704514978688,162338.85,-262747.1,17.86,18.26,17.01,3653,8.91,1.000,
W2667,DR2,6045466708825734144,162338.85,-262740.7,17.06,17.51,16.29,3629,4.82,1.000,
W2668,DR2,6045466635801076096,162338.86,-262828.5,18.50,18.60,17.22,3387,69.62,1.000,
W2669,DR2,6045466537027039488,162338.89,-262859.2,16.18,16.65,15.33,3626,5.37,1.000,
W2670,DR2,6045502266844501632,162338.91,-262354.2,18.25,18.75,17.41,3630,7.13,0.000,
W2671,DR2,6045466330868453632,162338.91,-262928.5,17.76,18.03,16.85,1382,177.92,1.000,
W2672,DR2,6045466743185403904,162338.91,-262723.8,17.23,17.71,16.47,3613,4.51,1.000,
W2673,DR2,6045466537017437056,162338.92,-262901.2,18.04,,,3576,27.19,1.000,
W2674,DR2,6045466330859502208,162338.92,-262939.7,19.04,18.89,17.54,1482,214.15,1.000,
W2675,DR2,6045466708825661952,162338.92,-262737.4,17.78,18.06,16.85,3643,9.19,1.000,
W2676,DR2,6045478494216473216,162338.92,-262617.9,16.11,16.65,15.36,3633,1.61,1.000,
W2677,DR2,6045502438643262848,162338.93,-262251.3,18.35,18.88,17.49,3633,8.12,1.000,
W2678,DR2,6045502477314585728,162338.93,-262209.8,13.05,13.82,12.19,3681,0.54,1.000,
W2679,DR2,6045466537017397376,162338.94,-262909.8,18.26,18.60,17.29,1261,263.81,1.000,
W2680,DR2,6045466640106148480,162338.94,-262839.3,16.14,16.56,15.27,3618,9.84,1.000,
W2681,DR2,6045466708825663360,162338.96,-262733.5,15.71,16.35,14.89,3632,1.36,1.000,
W2682,DR2,6045503228917313024,162338.96,-262141.1,18.66,19.25,17.76,3614,9.40,1.000,
W2683,DR2,6045502442954838528,162338.96,-262243.7,18.35,18.87,17.45,3590,10.69,1.000,
W2684,DR2,6045466537017491840,162338.97,-262848.1,19.09,19.19,17.90,3338,37.61,1.000,
W2685,DR2,6045502477314580480,162338.99,-262230.1,17.65,18.17,16.84,3651,6.47,1.000,
W2686,DR2,6045478494216470144,162338.99,-262621.5,16.89,17.34,16.12,3610,3.23,1.000,
W2687,DR2,6045478494216466176,162338.99,-262625.5,17.74,18.19,16.92,3616,8.96,1.000,
W2688,DR2,6045503233222523392,162339.01,-262125.7,19.00,19.54,17.95,3600,17.65,1.000,
W2689,DR2,6045502369929028480,162339.02,-262315.1,19.13,19.52,18.05,3636,18.07,1.000,
W2690,DR2,6045466537026908160,162339.03,-262903.5,16.52,16.92,15.72,3607,6.00,1.000,
W2691,DR2,6045466708816656768,162339.05,-262757.1,17.94,18.39,17.10,3608,11.26,1.000,
W2692,DR2,6045501961913085440,162339.06,-262547.1,18.97,18.90,17.79,1508,180.73,0.000,
W2693,DR2,6045466738874739072,162339.07,-262718.7,18.77,19.03,17.57,3633,11.11,1.000,
W2694,DR2,6045466330868439040,162339.08,-262938.4,16.32,16.82,15.56,3639,4.62,1.000,
W2695,DR2,6045502026333452800,162339.10,-262511.8,18.64,19.00,17.65,3633,10.80,1.000,
W2696,DR2,6045466708825661696,162339.11,-262737.2,16.33,16.83,15.58,3624,3.05,1.000,
W2697,DR2,6045502369923751296,162339.12,-262322.6,18.23,18.76,17.38,3622,7.01,1.000,
W2698,DR2,6045466640106145024,162339.14,-262841.2,15.95,16.37,15.01,3532,21.21,1.000,
W2699,DR2,6045466640096752640,162339.15,-262835.2,19.06,19.27,17.93,3183,92.85,1.000,
W2700,DR2,6045466537026910080,162339.15,-262900.6,14.57,15.25,13.73,3632,1.21,1.000,
W2701,DR2,6045502060685987456,162339.15,-262503.9,18.39,18.87,17.49,3635,8.12,1.000,
W2702,DR2,6045466330858880896,162339.15,-262925.7,18.66,18.51,17.29,1150,193.30,1.000,
W2703,DR2,6045478494208678912,162339.17,-262620.3,18.84,18.75,17.61,3590,15.12,1.000,
W2704,DR2,6045466330868449408,162339.18,-262929.1,16.24,16.73,15.50,3242,82.30,1.000,
W2705,DR2,6045502271149742976,162339.21,-262415.4,18.90,19.39,17.96,3631,12.25,1.000,
W2706,DR2,6045466640096770688,162339.24,-262828.9,18.12,18.45,17.06,3563,37.53,1.000,
W2707,DR2,6045502064991300096,162339.25,-262432.6,18.97,19.51,17.80,3610,18.31,1.000,
W2708,DR2,6045466330858798592,162339.25,-262940.8,18.59,18.76,17.30,3528,46.06,1.000,
W2709,DR2,6045466640096637568,162339.27,-262846.3,19.08,18.90,17.45,2795,66.25,1.000,
W2710,DR2,6045466640106169600,162339.27,-262808.7,16.04,16.58,15.29,3613,1.57,1.000,
W2711,DR2,6045466537017361920,162339.29,-262913.2,17.19,17.61,16.37,2296,297.16,1.000,
W2712,DR2,6045502064997686144,162339.29,-262435.9,17.15,17.65,16.41,3621,4.57,1.000,
W2713,DR2,6045466640106148352,162339.30,-262836.9,17.78,18.15,16.90,3465,77.65,1.000,
W2714,DR2,6045501961911996800,162339.31,-262619.6,17.04,17.50,16.29,3612,4.49,1.000,
W2715,DR2,6045502442954838016,162339.34,-262240.6,16.29,16.82,15.55,3627,1.38,1.000,
W2716,DR2,6045502030637933056,162339.35,-262522.9,16.84,17.32,16.09,3628,2.28,1.000,
W2717,DR2,6045501961918443648,162339.35,-262614.0,16.75,17.23,16.02,3612,4.27,1.000,
W2718,DR2,6045466326563432448,162339.35,-262943.2,17.20,17.63,16.39,3647,7.01,1.000,
W2719,DR2,6045502374235345536,162339.37,-262344.0,17.68,18.21,16.91,3619,4.46,1.000,
W2720,DR2,6045466640106134144,162339.41,-262849.7,16.46,17.23,15.46,3295,75.53,0.007,
W2721,DR2,6045466743185405440,162339.42,-262706.5,17.59,18.03,16.78,3636,4.14,1.000,
W2722,DR2,6045466537026894592,162339.43,-262913.8,17.27,17.68,16.47,3541,62.84,1.000,
W2723,DR2,6045466743176602240,162339.44,-262702.2,18.31,18.60,17.36,3619,8.98,1.000,
W2724,DR2,6045466330868430720,162339.44,-262940.4,17.98,18.20,16.91,3634,13.85,1.000,
W2725,DR2,6045466708816656640,162339.46,-262758.0,19.10,19.31,17.86,3632,20.97,1.000,
W2726,DR2,6045466640096788736,162339.47,-262822.5,17.92,18.34,17.08,3594,21.52,1.000,
W2727,DR2,6045502438643248896,162339.52,-262302.7,19.11,19.58,18.09,3603,14.84,1.000,
W2728,DR2,6045466537017419520,162339.52,-262900.5,18.10,17.86,16.62,3409,115.21,1.000,
W2729,DR2,6045502374235342592,162339.54,-262351.4,17.08,17.80,16.20,3631,2.47,0.000,
W2730,DR2,6045466640096768000,162339.56,-262826.8,19.13,19.46,17.76,3541,41.35,0.000,
W2731,DR2,6045502442948491520,162339.58,-262243.7,18.88,19.39,17.89,3599,19.93,1.000,
W2732,DR2,6045501961918452864,162339.58,-262539.6,17.49,17.97,16.72,829,250.92,1.000,
W2733,DR2,6045466743185405568,162339.59,-262703.3,16.78,17.22,16.05,3630,2.19,1.000,
W2734,DR2,6045502064997683584,162339.64,-262442.2,15.76,16.58,14.80,3643,1.06,0.000,
W2735,DR2,6045466537026899584,162339.64,-262904.0,17.19,17.59,16.37,3608,15.98,1.000,
W2736,DR2,6045466640096792960,162339.64,-262818.5,18.91,,,3587,35.57,1.000,
W2737,DR2,6045466640106256896,162339.66,-262816.5,18.22,18.58,17.17,3620,8.75,1.000,
W2738,DR2,6045502064997679872,162339.67,-262455.8,17.69,18.14,16.80,3615,4.48,1.000,
W2739,DR2,6045478489905340160,162339.68,-262630.2,18.79,19.20,17.80,3627,11.84,1.000,
W2740,DR2,6045502064991291648,162339.68,-262436.7,18.20,18.44,16.95,3601,14.19,1.000,
W2741,DR2,6045501961912023552,162339.68,-262544.9,18.85,19.23,17.81,1222,272.05,1.000,
W2742,DR2,6045502064997689216,162339.68,-262420.8,18.00,18.52,17.18,3614,6.26,1.000,
W2743,DR2,6045466640106149888,162339.69,-262831.3,17.54,17.76,16.50,3434,40.24,1.000,
W2744,DR2,6045502064997683072,162339.69,-262444.5,16.66,17.10,15.88,3632,2.61,1.000,
W2745,DR2,6045466326563432832,162339.70,-262936.4,16.84,17.06,15.74,3634,5.72,1.000,
W2746,DR2,6045466640106145280,162339.73,-262835.4,17.33,17.77,16.55,3254,76.46,1.000,
W2747,DR2,6045466330858802176,162339.74,-262932.8,17.19,17.45,16.13,3618,9.33,1.000,
W2748,DR2,6045501957606731392,162339.75,-262533.1,18.15,18.66,17.30,3616,9.16,1.000,
W2749,DR2,6045502064997686656,162339.76,-262430.8,18.97,19.44,18.00,3606,17.43,1.000,
W2750,DR2,6045466640106156928,162339.77,-262820.7,18.94,18.92,17.42,1864,209.58,0.000,
W2751,DR2,6045466640096770432,162339.77,-262824.2,18.54,18.80,17.49,3259,133.79,1.000,
W2752,DR2,6045466743176130048,162339.78,-262652.8,19.06,19.32,18.02,3620,15.01,1.000,
W2753,DR2,6045466330859495168,162339.78,-262942.1,18.44,18.82,17.48,3628,16.13,1.000,
W2754,DR2,6045501961912028288,162339.79,-262539.9,18.60,18.98,17.65,3533,58.19,1.000,
W2755,DR2,6045466704514946432,162339.81,-262751.9,18.47,18.83,17.51,3633,10.63,1.000,
W2756,DR2,6045502064991283328,162339.82,-262446.6,18.39,18.82,17.48,3614,12.61,1.000,
W2757,DR2,6045466640106150016,162339.83,-262829.3,14.28,14.97,13.45,3650,0.66,1.000,
W2758,DR2,6045502271156122624,162339.84,-262408.5,17.57,18.06,16.80,3633,4.50,1.000,
W2759,DR2,6045466537026891136,162339.84,-262911.0,18.99,,17.13,3166,143.64,,N.D.
W2760,DR2,6045502374235348224,162339.85,-262331.0,17.98,18.40,16.69,3608,5.54,,N.D.
W2761,DR2,6045466330868446464,162339.86,-262924.5,16.81,17.29,16.06,3594,6.63,1.000,
W2762,DR2,6045502374235343232,162339.87,-262346.1,18.37,18.93,17.51,3594,10.21,1.000,
W2763,DR2,6045502026326221824,162339.88,-262523.7,18.76,19.23,17.83,3600,17.93,1.000,
W2764,DR2,6045466330858802304,162339.89,-262934.2,17.56,17.76,16.42,3634,13.33,1.000,
W2765,DR2,6045466330858876800,162339.89,-262920.3,18.06,18.45,17.18,3572,18.10,1.000,
W2766,DR2,6045466330858917504,162339.89,-262912.5,18.58,18.68,17.21,3496,71.81,1.000,
W2767,DR2,6045478494216448768,162339.90,-262639.1,18.32,18.76,17.43,3626,8.05,1.000,
W2768,DR2,6045466743185406080,162339.90,-262650.4,17.18,17.68,16.40,3624,2.90,1.000,
W2769,DR2,6045466640097178240,162339.91,-262804.0,19.07,19.36,18.01,3587,36.16,1.000,
W2770,DR2,6045466743185400960,162339.93,-262725.8,15.78,16.37,14.97,3597,1.66,1.000,
W2771,DR2,6045466640106120192,162339.94,-262858.1,16.25,16.74,15.50,1988,184.23,1.000,
W2772,DR2,6045466640106128768,162339.97,-262849.3,11.06,12.03,10.12,3694,0.60,1.000,
W2773,DR2,6045502374235357184,162339.98,-262257.4,18.33,18.88,17.47,3639,7.05,1.000,
W2774,DR2,6045501957606694016,162339.98,-262559.4,18.15,18.59,17.29,3631,8.17,1.000,
W2775,DR2,6045466743185397120,162340.02,-262736.5,16.92,17.39,16.17,3612,7.07,1.000,
W2776,DR2,6045501961918444672,162340.11,-262602.5,17.48,17.92,16.71,3625,3.90,1.000,
W2777,DR2,6045501961918453888,162340.14,-262529.3,17.09,17.58,16.35,3617,3.11,1.000,
W2778,DR2,6045501957606648064,162340.14,-262629.3,18.93,19.08,17.79,3604,14.48,1.000,
W2779,DR2,6045466330858826752,162340.17,-262926.1,18.11,17.89,16.75,3561,13.61,1.000,
W2780,DR2,6045502374235350400,162340.17,-262320.5,16.14,16.68,15.41,3642,1.22,1.000,
W2781,DR2,6045466743185403136,162340.19,-262715.8,18.63,19.04,17.61,3612,13.94,1.000,
W2782,DR2,6045502477314588032,162340.19,-262150.8,17.28,17.83,16.51,3633,3.51,0.000,
W2783,DR2,6045466743185499136,162340.21,-262712.8,17.70,18.12,16.84,3582,7.29,1.000,
W2784,DR2,6045466330858886016,162340.22,-262915.6,18.37,18.51,17.26,3518,16.87,1.000,
W2785,DR2,6045478494216448512,162340.23,-262636.5,18.96,19.26,17.97,3642,14.05,1.000,
W2786,DR2,6045466743185499264,162340.23,-262709.2,18.10,18.51,17.19,3580,11.98,1.000,
W2787,DR2,6045502369923743616,162340.24,-262327.7,18.88,19.38,17.97,3626,14.86,0.000,
W2788,DR2,6045502060693210880,162340.25,-262414.8,18.43,18.87,17.45,3536,56.73,1.000,
W2789,DR2,6045466330858777088,162340.25,-262935.2,17.77,18.12,16.78,3619,10.13,1.000,
W2790,DR2,6045466743176092672,162340.27,-262737.8,17.42,17.39,16.03,3602,7.34,1.000,
W2791,DR2,6045502477314581376,162340.27,-262215.2,17.02,17.53,16.27,3607,3.88,1.000,
W2792,DR2,6045466640106115456,162340.28,-262858.4,14.58,15.21,13.74,3614,15.66,1.000,
W2793,DR2,6045466330868440448,162340.28,-262926.2,17.14,17.51,16.28,3604,6.34,1.000,
W2794,DR2,6045466640096637696,162340.28,-262853.3,18.93,18.64,,1345,291.72,1.000,
W2795,DR2,6045466330858904064,162340.28,-262911.5,19.16,19.34,17.85,3163,54.40,1.000,
W2796,DR2,6045466330859511552,162340.32,-262906.1,18.86,19.09,17.71,3210,123.11,1.000,
W2797,DR2,6045502374235338496,162340.33,-262400.7,16.40,16.95,15.66,3623,1.53,0.000,
W2798,DR2,6045466640106168704,162340.34,-262800.5,17.44,17.85,16.58,3605,7.41,1.000,
W2799,DR2,6045466640096718208,162340.36,-262831.0,18.56,18.84,17.50,2079,152.10,1.000,
W2800,DR2,6045466640097175040,162340.40,-262820.6,17.87,18.01,16.73,3613,12.12,1.000,
W2801,DR2,6045501961911993472,162340.40,-262609.3,18.82,19.08,17.81,3619,12.39,0.000,
W2802,DR2,6045466738882175744,162340.43,-262742.1,19.07,19.40,17.92,3624,23.17,0.000,
W2803,DR2,6045466326563434496,162340.44,-262910.7,18.59,18.78,17.42,3086,103.13,1.000,
W2804,DR2,6045466743185404288,162340.46,-262705.6,17.10,17.54,16.28,3619,5.33,1.000,
W2805,DR2,6045466330868606336,162340.46,-262914.3,17.63,18.03,16.75,3593,15.36,1.000,
W2806,DR2,6045466640106171264,162340.48,-262754.7,18.07,18.47,17.22,3617,10.69,1.000,
W2807,DR2,6045466640106255616,162340.48,-262824.7,16.79,17.26,16.03,3625,5.77,1.000,
W2808,DR2,6045501961918432384,162340.51,-262633.1,19.01,18.96,17.73,3635,14.85,1.000,
W2809,DR2,6045466330858862464,162340.51,-262917.4,17.63,18.07,16.78,3615,9.83,1.000,
W2810,DR2,6045501957613999232,162340.51,-262611.6,18.89,19.23,17.85,3608,13.13,1.000,
W2811,DR2,6045502374235354240,162340.52,-262303.2,18.62,19.13,17.64,3630,9.42,1.000,
W2812,DR2,6045502064991303296,162340.54,-262419.7,18.89,19.34,17.76,3380,113.49,0.005,
W2813,DR2,6045466330858825728,162340.55,-262923.5,18.86,18.36,17.32,3579,16.15,0.000,
W2814,DR2,6045501957606725504,162340.56,-262540.1,17.82,18.29,16.96,3607,5.38,1.000,
W2815,DR2,6045466640106126720,162340.58,-262845.8,16.91,17.41,16.10,1873,197.01,1.000,
W2816,DR2,6045466743185397888,162340.59,-262730.5,14.50,15.19,13.68,3616,0.49,1.000,
W2817,DR2,6045466330868443264,162340.60,-262920.8,16.39,16.91,15.63,3617,3.17,1.000,
W2818,DR2,6045501961918439424,162340.60,-262613.7,17.93,18.33,17.07,3617,6.12,1.000,
W2819,DR2,6045466433938150528,162340.61,-262902.1,18.31,18.68,17.37,2461,219.52,1.000,
W2820,DR2,6045502374235338880,162340.62,-262357.5,17.22,17.72,16.47,3611,3.70,1.000,
W2821,DR2,6045502064991291520,162340.64,-262428.1,19.07,19.52,18.07,3565,34.65,1.000,
W2822,DR2,6045466743176084480,162340.64,-262739.7,17.94,18.42,17.12,3634,10.20,1.000,
W2823,DR2,6045502064997688064,162340.65,-262416.8,16.86,17.30,16.06,3618,13.62,1.000,
W2824,DR2,6045466640106255744,162340.65,-262822.9,18.64,18.65,17.57,3552,29.33,1.000,
W2825,DR2,6045466640106256128,162340.66,-262819.1,15.57,16.21,14.76,3622,1.31,1.000,
W2826,DR2,6045466330858780800,162340.66,-262927.8,16.87,17.12,15.83,3641,3.75,1.000,
W2827,DR2,6045501961918432768,162340.67,-262630.6,17.73,18.22,16.91,3627,5.05,0.000,
W2828,DR2,6045466743185389696,162340.67,-262743.4,17.79,18.22,16.96,3654,5.89,1.000,
W2829,DR2,6045466640106118400,162340.68,-262852.5,17.64,17.93,16.62,2104,313.79,1.000,
W2830,DR2,6045466330868429696,162340.69,-262930.4,17.63,17.93,16.58,3625,7.04,1.000,
W2831,DR2,6045466743185403776,162340.71,-262708.1,16.93,17.40,16.15,3606,6.87,1.000,
W2832,DR2,6045502369923736064,162340.74,-262333.8,18.53,19.03,17.64,3621,8.54,1.000,
W2833,DR2,6045466743185404800,162340.75,-262658.8,16.92,17.38,16.18,3624,2.96,1.000,
W2834,DR2,6045503611185958656,162340.76,-262122.8,17.25,17.78,16.49,3615,3.18,1.000,
W2835,DR2,6045501996278193536,162340.76,-262514.7,18.59,18.99,17.73,3627,10.67,0.000,
W2836,DR2,6045501961912020224,162340.76,-262539.3,18.62,19.09,17.57,3622,10.09,0.000,
W2837,DR2,6045466640106166912,162340.77,-262758.0,17.48,17.84,16.62,3613,9.41,1.000,
W2838,DR2,6045466640097172224,162340.79,-262826.1,19.07,18.99,17.77,3586,28.78,1.000,
W2839,DR2,6045466738882178560,162340.80,-262644.8,18.88,19.19,17.82,3633,12.57,1.000,
W2840,DR2,6045466640106253440,162340.80,-262855.3,17.32,17.69,16.47,3521,82.22,1.000,
W2841,DR2,6045466640106255232,162340.80,-262836.1,17.28,17.70,16.42,3588,9.80,0.999,
W2842,DR2,6045466738874740864,162340.81,-262717.4,18.68,18.99,17.73,3592,26.75,1.000,
W2843,DR2,6045466674465906944,162340.81,-262756.4,17.48,17.88,16.66,3612,8.63,1.000,
W2844,DR2,6045501957606673408,162340.85,-262618.2,17.35,17.83,16.59,3635,5.69,1.000,
W2845,DR2,6045502473003026304,162340.85,-262229.5,17.70,18.19,16.89,3603,6.25,1.000,
W2846,DR2,6045466433947673344,162340.86,-262905.0,18.10,18.44,17.08,2132,72.41,1.000,
W2847,DR2,6045466674456592768,162340.88,-262743.7,18.67,18.91,17.63,3657,13.25,1.000,
W2848,DR2,6045502064997687296,162340.89,-262417.3,14.40,15.09,13.59,3657,0.55,1.000,
W2849,DR2,6045501996278192512,162340.89,-262520.9,17.84,18.31,17.02,3633,5.22,1.000,
W2850,DR2,6045466738880296704,162340.93,-262701.6,18.29,18.64,17.36,3629,15.68,1.000,
W2851,DR2,6045502064997677696,162340.93,-262451.2,18.09,18.60,17.23,3605,6.91,0.000,
W2852,DR2,6045502064997683200,162340.94,-262432.5,17.28,17.77,16.54,3625,3.31,1.000,
W2853,DR2,6045466640106255488,162340.95,-262825.5,17.28,17.70,16.50,3617,6.61,1.000,
W2854,DR2,6045466640106116352,162340.96,-262851.5,16.94,17.41,16.13,2944,77.16,1.000,
W2855,DR2,6045502064997673600,162340.99,-262459.6,15.85,16.48,15.04,3611,0.90,1.000,
W2856,DR2,6045502477308231680,162340.00,-262227.5,18.11,18.54,17.21,3594,7.17,1.000,
W2857,DR2,6045502064997679744,162341.01,-262444.2,16.73,17.22,16.01,3630,2.05,1.000,
W2858,DR2,6045502374235338368,162341.03,-262355.4,17.29,17.81,16.54,3606,3.80,1.000,
W2859,DR2,6045466640106253056,162341.04,-262854.8,17.74,18.11,16.80,3596,54.74,1.000,
W2860,DR2,6045466640097164416,162341.04,-262840.6,18.36,18.76,17.45,3586,23.13,1.000,
W2861,DR2,6045466429642651648,162341.05,-262903.1,19.16,18.93,17.45,2225,125.62,1.000,
W2862,DR2,6045466330868420352,162341.05,-262934.6,16.82,17.28,16.03,3608,5.87,1.000,
W2863,DR2,6045466640106160128,162341.10,-262804.2,15.07,15.72,14.24,3615,0.70,1.000,
W2864,DR2,6045466330868434432,162341.10,-262922.9,17.55,17.92,16.59,3629,13.00,1.000,
W2865,DR2,6045466674465903872,162341.11,-262757.4,17.67,18.09,16.85,3637,17.75,1.000,
W2866,DR2,6045466670155255936,162341.11,-262741.8,18.42,18.69,17.39,3637,11.84,1.000,
W2867,DR2,6045466738874761472,162341.12,-262710.6,14.57,15.24,13.74,3655,0.52,1.000,
W2868,DR2,6045466330868603264,162341.13,-262938.2,17.91,18.18,16.71,3604,19.66,1.000,
W2869,DR2,6045501961911993216,162341.15,-262605.7,18.85,19.14,17.96,3633,13.86,0.000,
W2870,DR2,6045466640097171584,162341.15,-262822.4,18.29,18.56,17.30,3617,19.15,1.000,
W2871,DR2,6045466738882185472,162341.16,-262731.6,18.32,18.69,17.41,1600,138.36,1.000,
W2872,DR2,6045466433947660288,162341.17,-262913.8,17.36,17.68,16.46,3535,63.36,1.000,
W2873,DR2,6045466640106255360,162341.19,-262825.8,17.04,17.43,16.24,3606,4.71,1.000,
W2874,DR2,6045501961918445696,162341.21,-262548.2,16.21,17.10,15.11,3633,1.41,,N.D.
W2875,DR2,6045502064997684096,162341.22,-262426.4,16.52,17.09,15.76,3615,3.08,0.000,
W2876,DR2,6045466640106253184,162341.22,-262853.0,16.64,17.11,15.87,3629,10.58,1.000,
W2877,DR2,6045502064991256192,162341.24,-262503.1,18.25,18.69,17.36,3617,14.99,1.000,
W2878,DR2,6045501961918444928,162341.24,-262550.9,16.78,17.27,16.03,3628,2.13,1.000,
W2879,DR2,6045466640097170816,162341.25,-262828.2,18.61,18.75,17.62,3554,23.49,1.000,
W2880,DR2,6045466433938146560,162341.25,-262856.9,18.51,18.18,16.96,3135,90.22,1.000,
W2881,DR2,6045502374235339264,162341.26,-262350.4,17.42,17.95,16.65,3636,3.96,1.000,
W2882,DR2,6045502477308245248,162341.26,-262202.2,19.16,19.65,18.08,3627,15.75,1.000,
W2883,DR2,6045466433938146432,162341.30,-262855.8,18.71,18.53,16.87,3415,47.57,1.000,
W2884,DR2,6045502408588738432,162341.31,-262249.4,18.99,19.47,18.00,3597,23.51,0.000,
W2885,DR2,6045466674465906688,162341.32,-262752.1,17.56,17.99,16.74,3633,5.78,1.000,
W2886,DR2,6045466330868603776,162341.33,-262935.5,17.95,18.40,17.06,3604,24.53,1.000,
W2887,DR2,6045466433947664256,162341.33,-262909.1,13.00,13.60,12.26,3684,0.60,1.000,
W2888,DR2,6045466738874780032,162341.35,-262654.7,17.73,17.84,16.53,3651,5.39,,N.D.
W2889,DR2,6045466433947651968,162341.35,-262918.8,15.17,15.83,14.34,3642,4.80,1.000,
W2890,DR2,6045502408595092480,162341.36,-262255.0,15.48,16.13,14.66,3614,0.83,1.000,
W2891,DR2,6045502855271707008,162341.38,-262148.6,17.35,18.07,16.46,3615,3.56,0.000,
W2892,DR2,6045466640106254336,162341.40,-262838.4,17.77,18.21,16.95,3603,9.59,1.000,
W2893,DR2,6045502374235347968,162341.41,-262318.0,17.83,18.34,17.04,3614,4.82,1.000,
W2894,DR2,6045466429642653312,162341.44,-262859.4,17.16,17.60,16.31,3605,20.66,1.000,
W2895,DR2,6045466670156763264,162341.47,-262805.6,17.80,18.22,16.95,3580,26.88,1.000,
W2896,DR2,6045466674456543872,162341.47,-262757.2,17.96,18.33,17.09,3596,28.56,1.000,
W2897,DR2,6045466330868419968,162341.47,-262930.9,16.31,16.81,15.55,3610,3.82,1.000,
W2898,DR2,6045466640096726656,162341.47,-262820.2,18.43,18.69,17.40,3615,18.96,1.000,
W2899,DR2,6045503606874464640,162341.49,-262106.4,18.32,18.83,17.47,3616,7.83,0.011,
W2900,DR2,6045466330868602880,162341.51,-262939.1,17.44,17.87,16.59,3585,37.88,1.000,
W2901,DR2,6045466433947646080,162341.52,-262921.5,16.70,17.15,15.92,3638,8.49,1.000,
W2902,DR2,6045501961918441728,162341.52,-262558.1,16.78,17.33,16.00,3605,2.34,0.000,
W2903,DR2,6045502408588747904,162341.54,-262237.9,18.09,17.32,16.44,3601,10.77,0.000,
W2904,DR2,6045501996271761408,162341.55,-262528.5,19.05,19.46,18.00,3602,16.93,1.000,
W2905,DR2,6045466674466022144,162341.55,-262736.8,18.28,18.73,17.35,3645,11.43,0.026,
W2906,DR2,6045502408595096960,162341.58,-262235.4,15.63,16.27,14.82,3615,0.95,1.000,
W2907,DR2,6045466433938718208,162341.61,-262911.2,18.55,18.50,17.27,3503,71.36,1.000,
W2908,DR2,6045466635801084032,162341.61,-262842.0,18.35,18.75,17.44,3598,13.26,1.000,
W2909,DR2,6045466433938719872,162341.62,-262905.7,18.85,18.96,17.68,2961,178.33,1.000,
W2910,DR2,6045501961918438400,162341.63,-262609.3,17.59,17.79,16.64,3617,4.82,1.000,
W2911,DR2,6045466674456510080,162341.63,-262806.4,18.86,19.15,17.84,2751,122.67,1.000,
W2912,DR2,6045490210887911424,162341.63,-262619.6,15.48,15.98,14.61,3631,0.87,1.000,
W2913,DR2,6045466640106145920,162341.64,-262817.4,18.01,18.44,17.17,3588,22.23,1.000,
W2914,DR2,6045466640106134528,162341.66,-262827.8,18.32,18.76,17.42,3593,13.09,1.000,
W2915,DR2,6045466433947822464,162341.70,-262853.3,17.65,18.10,16.81,3601,11.23,1.000,
W2916,DR2,6045466326563439488,162341.72,-262936.5,18.08,,,3051,80.57,1.000,
W2917,DR2,6045501961911985408,162341.72,-262607.5,18.09,18.55,17.16,3623,6.44,1.000,
W2918,DR2,6045466635801084416,162341.72,-262844.0,18.12,18.53,17.26,3586,10.40,1.000,
W2919,DR2,6045501961912000000,162341.74,-262554.8,18.88,19.20,17.83,3612,16.81,1.000,
W2920,DR2,6045502404283529856,162341.74,-262246.9,17.97,18.48,17.15,3605,6.14,1.000,
W2921,DR2,6045466330868417024,162341.74,-262930.2,15.98,16.38,15.02,3600,5.12,1.000,
W2922,DR2,6045466330858684416,162341.76,-262934.6,16.40,16.48,15.19,3584,4.19,1.000,
W2923,DR2,6045490210887901056,162341.78,-262649.3,16.79,17.26,16.06,3611,2.27,1.000,
W2924,DR2,6045502168076898560,162341.79,-262424.0,18.43,18.92,17.54,3600,13.18,1.000,
W2925,DR2,6045466640106138112,162341.80,-262823.5,17.07,17.53,16.27,3606,8.47,1.000,
W2926,DR2,6045466330858724736,162341.80,-262931.1,17.51,,,3585,15.26,1.000,
W2927,DR2,6045466743185402240,162341.81,-262705.2,17.91,18.35,17.08,3660,21.68,1.000,
W2928,DR2,6045503606874467840,162341.82,-262102.7,18.64,19.16,17.72,3621,10.21,1.000,
W2929,DR2,6045466743185398528,162341.84,-262717.6,17.59,18.03,16.80,3647,16.13,1.000,
W2930,DR2,6045466429642654720,162341.84,-262914.6,17.83,18.17,16.79,3320,102.15,1.000,
W2931,DR2,6045501961912002688,162341.85,-262552.7,18.40,18.84,17.47,3608,13.43,1.000,
W2932,DR2,6045502850960174976,162341.85,-262157.4,18.79,19.23,17.92,3599,15.29,0.000,
W2933,DR2,6045466433947644928,162341.88,-262919.3,16.59,17.07,15.85,3590,6.54,1.000,
W2934,DR2,6045466640096710016,162341.89,-262820.2,19.09,19.32,17.94,3255,99.95,1.000,
W2935,DR2,6045502855265374592,162341.96,-262145.5,19.03,19.39,18.15,3601,17.32,0.000,
W2936,DR2,6045502855271705984,162341.97,-262149.7,18.08,18.59,17.25,3612,7.06,1.000,
W2937,DR2,6045466433938713728,162341.99,-262916.1,18.71,18.95,17.58,2978,103.65,1.000,
W2938,DR2,6045466635795399936,162342.00,-262839.2,18.36,18.68,17.44,3608,10.77,1.000,
W2939,DR2,6045501991966493056,162342.01,-262522.4,16.95,17.35,16.15,3641,2.42,1.000,
W2940,DR2,6045466433938705408,162342.01,-262929.3,18.76,18.97,17.69,3336,55.40,1.000,
W2941,DR2,6045502060693244672,162342.02,-262444.2,17.45,17.90,16.61,3633,3.47,1.000,
W2942,DR2,6045502168076905984,162342.03,-262354.7,16.85,17.35,16.10,3609,2.94,1.000,
W2943,DR2,6045490206576121472,162342.03,-262629.8,18.74,19.13,17.75,3617,11.93,1.000,
W2944,DR2,6045466433938721920,162342.04,-262859.0,18.79,18.52,17.47,3604,18.16,0.000,
W2945,DR2,6045502064991256576,162342.04,-262455.1,19.11,19.50,18.06,3620,15.66,1.000,
W2946,DR2,6045466640106132096,162342.06,-262826.8,17.72,18.16,16.90,3601,10.92,1.000,
W2947,DR2,6045502168070524160,162342.09,-262357.1,18.41,18.82,17.47,3592,11.10,1.000,
W2948,DR2,6045502408595092736,162342.11,-262246.4,18.12,18.67,17.30,3589,7.69,1.000,
W2949,DR2,6045502168076897536,162342.13,-262423.9,18.05,18.54,17.22,3597,7.10,1.000,
W2950,DR2,6045501961911987072,162342.13,-262557.2,19.01,19.23,17.84,3625,21.69,1.000,
W2951,DR2,6045466433947822592,162342.14,-262847.7,16.67,17.14,15.94,3631,3.44,1.000,
W2952,DR2,6045466330858626048,162342.16,-262939.5,17.00,17.22,15.91,3604,11.37,1.000,
W2953,DR2,6045466674465881344,162342.16,-262815.1,17.71,17.90,16.70,3014,79.67,1.000,
W2954,DR2,6045466433947638016,162342.16,-262922.1,17.15,17.49,16.34,3607,25.60,1.000,
W2955,DR2,6045490210881422464,162342.17,-262641.7,18.56,18.63,17.28,3592,15.61,1.000,
W2956,DR2,6045501991966448128,162342.18,-262546.8,17.92,18.40,17.08,3624,6.59,1.000,
W2957,DR2,6045490210887898880,162342.21,-262650.5,17.94,18.39,17.08,3607,6.66,1.000,
W2958,DR2,6045466433938720640,162342.21,-262858.3,15.83,16.01,14.67,3647,1.34,1.000,
W2959,DR2,6045501996278186240,162342.21,-262533.7,16.51,17.01,15.78,3615,1.72,1.000,
W2960,DR2,6045466330868398208,162342.22,-262940.2,17.98,18.01,16.30,3619,33.25,,N.D.
W2961,DR2,6045466433947641216,162342.23,-262919.3,16.71,17.32,15.77,3639,13.74,0.000,
W2962,DR2,6045466743176104960,162342.24,-262712.7,18.52,18.39,17.23,3087,657.48,1.000,
W2963,DR2,6045466433938720768,162342.24,-262859.6,17.69,,,3644,7.25,1.000,
W2964,DR2,6045502855271704320,162342.24,-262153.2,17.81,18.35,17.03,3550,9.50,1.000,
W2965,DR2,6045502064997678208,162342.25,-262436.0,18.20,18.71,17.34,3626,7.54,1.000,
W2966,DR2,6045466674465907328,162342.25,-262742.2,15.75,16.32,14.90,3634,0.97,1.000,
W2967,DR2,6045490210887913984,162342.26,-262609.9,17.30,17.78,16.53,3597,5.34,1.000,
W2968,DR2,6045501996278191616,162342.26,-262512.5,18.72,19.12,17.78,3629,11.89,0.000,
W2969,DR2,6045502168070512256,162342.27,-262407.6,18.97,19.45,17.97,3634,14.31,1.000,
W2970,DR2,6045466433937936896,162342.28,-262926.1,16.27,16.74,15.45,3582,23.32,1.000,
W2971,DR2,6045501961918438784,162342.30,-262558.4,17.22,17.66,16.42,3637,3.79,1.000,
W2972,DR2,6045466433938720384,162342.31,-262858.1,16.36,16.78,15.38,3645,2.06,1.000,
W2973,DR2,6045502404283543296,162342.32,-262232.5,18.24,18.78,17.39,3616,10.15,1.000,
W2974,DR2,6045466429642655872,162342.32,-262916.3,15.32,15.88,14.43,3600,2.67,1.000,
W2975,DR2,6045466743185396608,162342.35,-262715.6,17.57,17.94,16.73,2527,779.45,1.000,
W2976,DR2,6045466640106131200,162342.37,-262824.5,14.96,15.63,14.14,3615,1.90,1.000,
W2977,DR2,6045466670155207936,162342.37,-262751.2,19.07,19.36,18.04,3626,19.69,1.000,
W2978,DR2,6045502064997672960,162342.38,-262449.6,18.15,18.66,17.29,3617,6.40,1.000,
W2979,DR2,6045466433938005760,162342.38,-262912.8,17.44,17.59,16.36,3610,19.79,1.000,
W2980,DR2,6045466433938724736,162342.41,-262850.3,18.37,18.68,17.42,3634,15.74,1.000,
W2981,DR2,6045502168076904192,162342.41,-262355.3,18.92,19.35,17.92,3484,30.72,1.000,
W2982,DR2,6045502855271700608,162342.42,-262203.9,18.24,18.83,17.33,3593,10.01,0.000,
W2983,DR2,6045466743185398400,162342.43,-262712.1,15.32,15.96,14.51,3709,133.42,1.000,
W2984,DR2,6045501961918438912,162342.46,-262600.1,16.09,16.59,15.35,3631,1.43,1.000,
W2985,DR2,6045466674465916288,162342.47,-262723.1,16.49,16.87,15.69,3709,192.50,1.000,
W2986,DR2,6045490210881405440,162342.48,-262655.4,18.69,19.06,17.77,3666,24.66,0.000,
W2987,DR2,6045466674465882112,162342.48,-262810.9,17.36,17.78,16.48,3494,52.17,1.000,
W2988,DR2,6045466674465888512,162342.50,-262805.1,18.65,18.81,17.58,1798,286.52,0.000,
W2989,DR2,6045502168076899328,162342.51,-262412.4,18.09,18.58,17.26,3625,6.24,1.000,
W2990,DR2,6045466433938715136,162342.52,-262907.9,19.05,19.33,17.97,3592,53.04,1.000,
W2991,DR2,6045466433947684864,162342.53,-262837.9,17.51,17.81,16.61,3619,7.10,1.000,
W2992,DR2,6045466330868397824,162342.56,-262938.2,16.65,17.10,15.86,3635,30.30,1.000,
W2993,DR2,6045466433938186752,162342.56,-262835.4,17.64,17.83,16.39,3608,7.28,1.000,
W2994,DR2,6045466674456609920,162342.57,-262721.3,18.48,18.53,17.06,2053,840.36,1.000,
W2995,DR2,6045466743176093440,162342.57,-262716.6,18.04,18.38,17.12,1783,806.95,1.000,
W2996,DR2,6045502168076907008,162342.58,-262343.9,14.42,15.32,13.48,3657,0.86,0.000,
W2997,DR2,6045466674465877632,162342.59,-262814.7,13.33,14.23,12.40,3652,1.24,0.000,
W2998,DR2,6045490210887901312,162342.61,-262641.1,17.72,18.18,16.88,3122,98.28,1.000,
W2999,DR2,6045466429642656512,162342.63,-262833.9,17.79,18.13,16.51,3600,9.75,0.000,
W3000,DR2,6045502408588713728,162342.63,-262318.3,17.97,18.39,17.05,3628,5.90,1.000,
W3001,DR2,6045466433947816960,162342.65,-262929.9,16.77,16.57,15.26,3589,46.44,1.000,
W3002,DR2,6045466433938105984,162342.67,-262852.5,16.17,16.56,15.31,3639,2.25,1.000,
W3003,DR2,6045502408595084032,162342.69,-262312.7,17.78,18.30,16.96,3630,4.66,1.000,
W3004,DR2,6045466433947635712,162342.69,-262919.2,17.44,17.89,16.63,2993,167.40,1.000,
W3005,DR2,6045466433947677184,162342.72,-262845.3,16.68,,,3655,2.87,1.000,
W3006,DR2,6045490210887911296,162342.72,-262609.3,17.38,17.79,16.55,3605,6.27,1.000,
W3007,DR2,6045490210887902976,162342.73,-262633.5,18.77,19.16,17.79,3536,43.39,1.000,
W3008,DR2,6045466433938137472,162342.75,-262842.9,16.29,16.71,15.42,3635,2.14,1.000,
W3009,DR2,6045466433938106112,162342.75,-262850.2,17.10,17.38,16.13,3656,4.13,1.000,
W3010,DR2,6045490210881384448,162342.77,-262708.8,17.90,,,2448,929.02,1.000,
W3011,DR2,6045490210887891328,162342.77,-262706.7,17.32,17.72,16.32,3653,509.32,1.000,
W3012,DR2,6045466429642657280,162342.79,-262927.9,12.10,12.93,11.21,3709,0.70,1.000,
W3013,DR2,6045466433947819136,162342.82,-262915.4,17.20,17.68,16.42,3554,40.34,1.000,
W3014,DR2,6045501996278184704,162342.83,-262531.6,17.41,17.90,16.62,3609,10.56,1.000,
W3015,DR2,6045490210887912448,162342.85,-262606.7,17.10,17.62,16.31,3635,4.89,0.085,
W3016,DR2,6045466433938693760,162342.87,-262939.6,18.31,18.69,17.28,3404,146.48,1.000,
W3017,DR2,6045466674465878912,162342.89,-262810.8,17.38,17.66,16.44,2201,169.70,1.000,
W3018,DR2,6045501996278179072,162342.92,-262548.6,17.19,17.67,16.44,3630,4.19,1.000,
W3019,DR2,6045490210887905792,162342.92,-262625.2,17.64,18.10,16.78,3595,16.46,1.000,
W3020,DR2,6045490210881460608,162342.93,-262600.4,18.97,19.35,17.91,2611,131.73,1.000,
W3021,DR2,6045501991966519552,162342.95,-262455.2,19.08,19.51,18.01,3605,14.54,1.000,
W3022,DR2,6045490210881417344,162342.96,-262637.9,18.65,19.02,17.61,1541,139.48,1.000,
W3023,DR2,6045466433947683456,162342.96,-262835.3,17.94,18.34,17.06,3617,10.13,1.000,
W3024,DR2,6045466433938711680,162342.00,-262909.2,18.89,19.24,17.87,3622,23.45,1.000,
W3025,DR2,6045490210881394048,162343.00,-262657.1,19.07,19.39,17.93,3704,61.67,1.000,
W3026,DR2,6045466670155202048,162343.03,-262755.7,18.34,18.75,17.42,3472,46.08,1.000,
W3027,DR2,6045466433947628544,162343.04,-262921.7,16.86,17.30,16.05,977,255.33,1.000,
W3028,DR2,6045490210887910400,162343.04,-262610.8,16.46,16.95,15.73,3585,6.23,1.000,
W3029,DR2,6045501996278183168,162343.04,-262534.2,17.82,18.29,16.95,2112,63.65,1.000,
W3030,DR2,6045502855271702400,162343.05,-262152.9,15.86,16.47,15.05,3595,5.13,1.000,
W3031,DR2,6045501996271741440,162343.05,-262541.0,18.99,19.35,17.93,2258,72.11,1.000,
W3032,DR2,6045466674465866880,162343.05,-262821.1,16.42,16.91,15.69,3633,9.39,1.000,
W3033,DR2,6045466674465880064,162343.08,-262807.8,13.06,13.80,12.21,3648,1.05,1.000,
W3034,DR2,6045502168076905728,162343.09,-262347.2,18.50,18.93,17.54,1314,169.42,1.000,
W3035,DR2,6045466468307428864,162343.10,-262828.3,16.41,16.79,15.57,3640,2.88,1.000,
W3036,DR2,6045466433947612544,162343.12,-262933.1,16.68,17.12,15.89,1026,153.97,1.000,
W3037,DR2,6045490210881442048,162343.13,-262613.7,18.27,18.67,17.31,3423,66.28,1.000,
W3038,DR2,6045502855271699072,162343.16,-262204.4,18.20,18.75,17.37,3520,73.75,1.000,
W3039,DR2,6045502099357410176,162343.17,-262445.2,16.68,17.23,15.93,3625,1.83,0.000,
W3040,DR2,6045466433947678976,162343.19,-262839.3,16.81,16.67,15.84,3630,3.64,1.000,
W3041,DR2,6045490210887898368,162343.20,-262642.1,13.67,14.39,12.83,3640,0.64,1.000,
W3042,DR2,6045466433947653376,162343.21,-262859.8,15.66,15.98,15.01,3631,1.12,1.000,
W3043,DR2,6045466433938032256,162343.21,-262858.5,18.77,,,3636,10.75,1.000,
W3044,DR2,6045490142161902464,162343.23,-262712.2,19.22,18.98,17.65,1669,813.91,1.000,
W3045,DR2,6045502855271701120,162343.23,-262155.4,14.72,15.46,13.87,3571,1.13,0.000,
W3046,DR2,6045466433938694144,162343.24,-262935.5,19.09,19.09,17.88,890,236.19,1.000,
W3047,DR2,6045466433938144512,162343.25,-262837.5,16.39,16.81,15.44,3618,2.24,1.000,
W3048,DR2,6045502850960193280,162343.26,-262137.7,19.03,19.52,18.06,3626,13.91,1.000,
W3049,DR2,6045502408595085952,162343.27,-262302.3,17.18,17.71,16.42,3603,3.90,1.000,
W3050,DR2,6045502168076890368,162343.29,-262434.3,17.98,18.47,17.15,3635,7.17,1.000,
W3051,DR2,6045466433938707840,162343.29,-262913.3,16.93,17.40,16.19,3620,5.78,1.000,
W3052,DR2,6045466674456432512,162343.31,-262807.9,15.92,16.24,14.91,3617,13.50,1.000,
W3053,DR2,6045502202436647808,162343.31,-262329.4,17.98,18.33,16.65,3616,7.08,0.000,
W3054,DR2,6045466670160827648,162343.31,-262722.5,19.09,18.95,17.62,1961,800.83,1.000,
W3055,DR2,6045501996278191104,162343.33,-262506.1,18.57,19.05,17.62,3621,9.29,1.000,
W3056,DR2,6045466674456590848,162343.33,-262720.3,18.93,18.69,17.60,1731,803.31,0.000,
W3057,DR2,6045490210881423488,162343.36,-262628.3,18.43,18.64,17.33,2011,138.55,1.000,
W3058,DR2,6045466674456432768,162343.36,-262810.7,18.12,17.99,16.87,2217,213.33,1.000,
W3059,DR2,6045466433938705152,162343.36,-262917.2,17.07,17.55,16.30,3612,17.07,1.000,
W3060,DR2,6045466468297921536,162343.37,-262828.3,16.48,16.92,15.67,3591,4.93,1.000,
W3061,DR2,6045466433938032384,162343.37,-262859.2,18.68,18.66,17.53,3633,21.27,1.000,
W3062,DR2,6045502163765242752,162343.39,-262429.6,18.72,19.23,17.78,3622,14.15,1.000,
W3063,DR2,6045502404292971776,162343.40,-262312.6,18.41,18.89,17.45,3632,9.37,1.000,
W3064,DR2,6045466468307429376,162343.41,-262825.3,17.48,17.90,16.67,3596,16.75,0.000,
W3065,DR2,6045466365228125568,162343.42,-262938.7,17.41,17.18,15.82,3625,20.73,,N.D.
W3066,DR2,6045466674456540544,162343.43,-262739.7,17.87,18.26,16.91,3579,11.36,1.000,
W3067,DR2,6045502198125052672,162343.43,-262334.0,16.96,17.47,16.23,3611,3.43,1.000,
W3068,DR2,6045466433938133888,162343.44,-262837.9,19.02,18.97,17.57,3639,24.48,1.000,
W3069,DR2,6045466433947660544,162343.45,-262852.1,17.84,18.27,16.95,3621,7.96,1.000,
W3070,DR2,6045502202436647552,162343.47,-262328.7,16.24,16.75,15.51,3614,1.60,1.000,
W3071,DR2,6045466674465866240,162343.47,-262817.9,17.13,17.40,16.19,3616,8.61,1.000,
W3072,DR2,6045466433947669248,162343.49,-262843.6,16.33,16.27,15.23,3603,2.19,1.000,
W3073,DR2,6045501996278180992,162343.51,-262537.8,13.70,14.43,12.86,3673,0.48,1.000,
W3074,DR2,6045502168076902528,162343.51,-262352.3,12.71,13.17,12.05,3640,0.29,0.000,
W3075,DR2,6045502850960180736,162343.51,-262203.0,17.92,18.46,17.11,3573,37.21,1.000,
W3076,DR2,6045466433938102272,162343.53,-262841.8,16.73,17.02,15.38,3640,2.94,1.000,
W3077,DR2,6045466433938707456,162343.55,-262912.6,18.60,19.00,17.56,3629,19.67,1.000,
W3078,DR2,6045466433947605760,162343.57,-262934.4,17.68,18.07,16.82,2657,193.42,1.000,
W3079,DR2,6045490210887906176,162343.58,-262618.4,13.12,13.98,12.20,3698,0.64,0.000,
W3080,DR2,6045490206581610624,162343.60,-262639.2,17.80,18.22,16.89,3568,40.71,0.000,
W3081,DR2,6045466433938050944,162343.62,-262853.9,18.68,19.06,17.59,3602,15.60,1.000,
W3082,DR2,6045502786552220928,162343.63,-262208.0,17.93,18.42,17.09,3612,7.05,1.000,
W3083,DR2,6045502163774801024,162343.65,-262427.0,19.00,19.43,17.97,3626,16.42,1.000,
W3084,DR2,6045466674456489344,162343.66,-262753.8,18.64,19.02,17.67,3616,13.94,1.000,
W3085,DR2,6045502168076899072,162343.66,-262403.7,17.93,18.44,17.10,3618,30.15,1.000,
W3086,DR2,6045466674456551424,162343.66,-262732.0,17.73,17.94,16.59,3640,16.26,1.000,
W3087,DR2,6045466468297909632,162343.67,-262828.2,18.51,18.73,17.40,3562,34.52,1.000,
W3088,DR2,6045466433938695936,162343.68,-262926.5,18.93,19.18,17.69,959,274.87,1.000,
W3089,DR2,6045490142161893632,162343.68,-262717.4,19.08,19.38,17.93,1456,750.59,1.000,
W3090,DR2,6045466674456551552,162343.69,-262733.7,18.81,,,3606,33.53,1.000,
W3091,DR2,6045466433947663360,162343.70,-262847.9,17.31,17.65,16.41,3615,6.52,1.000,
W3092,DR2,6045502408595080704,162343.70,-262314.2,17.76,18.28,16.95,3616,5.51,1.000,
W3093,DR2,6045490210887900160,162343.72,-262633.2,13.75,14.47,12.92,3617,0.71,0.000,
W3094,DR2,6045466429642660352,162343.73,-262928.7,18.62,18.94,17.58,1953,256.51,1.000,
W3095,DR2,6045466429642660224,162343.74,-262843.2,18.96,18.85,17.66,3598,29.67,1.000,
W3096,DR2,6045502099357412096,162343.75,-262434.6,16.88,17.38,16.15,3632,2.31,1.000,
W3097,DR2,6045490210881412736,162343.77,-262629.8,18.86,18.86,17.44,1126,160.01,1.000,
W3098,DR2,6045502408595082496,162343.78,-262306.3,16.48,17.01,15.75,3634,1.75,1.000,
W3099,DR2,6045466674465865600,162343.80,-262815.4,16.17,16.65,15.40,3604,3.66,1.000,
W3100,DR2,6045490210887898624,162343.80,-262636.2,17.79,18.02,16.70,3247,70.26,1.000,
W3101,DR2,6045466433947645568,162343.82,-262900.6,17.03,17.43,16.20,3647,5.49,1.000,
W3102,DR2,6045466468297904512,162343.84,-262821.3,18.32,17.54,16.49,3337,68.48,,N.D.
W3103,DR2,6045466433938697728,162343.87,-262919.3,19.04,19.31,17.93,3603,27.17,1.000,
W3104,DR2,6045501996278181376,162343.87,-262534.1,18.19,18.64,17.31,1398,143.02,1.000,
W3105,DR2,6045466674465899776,162343.88,-262736.8,16.83,17.31,16.09,3533,4.89,1.000,
W3106,DR2,6045466670160829312,162343.88,-262741.8,19.15,19.44,17.94,3599,18.36,1.000,
W3107,DR2,6045490210887891712,162343.90,-262654.7,17.07,17.54,16.32,3640,3.56,1.000,
W3108,DR2,6045466433938093056,162343.91,-262842.7,18.91,19.10,17.80,3606,36.79,1.000,
W3109,DR2,6045466468307421696,162343.91,-262822.3,16.56,16.94,15.71,3594,22.85,1.000,
W3110,DR2,6045466433947638528,162343.94,-262905.1,15.69,16.31,14.90,3631,1.21,1.000,
W3111,DR2,6045502850960199040,162343.97,-262132.1,18.15,18.66,17.30,3611,6.62,1.000,
W3112,DR2,6045466468307411328,162343.99,-262837.1,16.81,17.28,16.07,3631,3.82,1.000,
W3113,DR2,6045466433947661312,162344.00,-262846.3,15.92,16.50,15.14,3609,1.59,1.000,
W3114,DR2,6045466360923184896,162344.02,-262931.8,18.81,18.64,17.13,2791,70.61,1.000,
W3115,DR2,6045466365228337408,162344.04,-262932.7,18.99,18.40,17.20,2957,77.11,1.000,
W3116,DR2,6045502408588730496,162344.08,-262235.2,18.28,,,3643,1.42,1.000,
W3117,DR2,6045466468307406720,162344.09,-262840.7,17.30,17.76,16.52,3594,7.31,1.000,
W3118,DR2,6045501996278185984,162344.12,-262516.5,17.89,18.40,17.06,3616,8.34,1.000,
W3119,DR2,6045502408595091456,162344.12,-262233.4,16.86,17.30,16.01,3629,2.29,1.000,
W3120,DR2,6045466365219206400,162344.14,-262936.8,16.52,16.71,15.57,3638,4.62,1.000,
W3121,DR2,6045466433947641472,162344.16,-262901.1,17.22,17.69,16.46,3628,5.88,1.000,
W3122,DR2,6045466674465875328,162344.19,-262802.3,15.92,16.36,15.26,3634,1.39,1.000,
W3123,DR2,6045466433938052608,162344.20,-262848.2,18.31,18.57,17.14,3585,16.08,1.000,
W3124,DR2,6045466670162764800,162344.21,-262752.9,17.08,17.03,15.67,3619,3.56,0.000,
W3125,DR2,6045466468307421568,162344.21,-262824.4,13.00,13.29,12.53,3660,0.28,1.000,
W3126,DR2,6045490245247653888,162344.24,-262548.3,17.91,18.41,17.09,3619,5.99,1.000,
W3127,DR2,6045501996278187520,162344.25,-262511.1,17.76,18.37,16.83,3622,6.60,0.000,
W3128,DR2,6045466429642662272,162344.26,-262912.0,18.13,18.60,17.29,3578,13.55,1.000,
W3129,DR2,6045502168070482432,162344.28,-262422.2,19.02,19.04,17.63,3673,67.53,1.000,
W3130,DR2,6045466468307416320,162344.30,-262830.2,16.36,16.85,15.63,3632,17.66,1.000,
W3131,DR2,6045490137864073728,162344.34,-262712.7,18.36,18.82,17.44,3680,85.22,1.000,
W3132,DR2,6045490245241193344,162344.35,-262552.1,18.94,19.34,17.94,3637,14.35,1.000,
W3133,DR2,6045466674465896704,162344.35,-262735.7,16.48,16.97,15.75,3542,7.09,1.000,
W3134,DR2,6045466670155234688,162344.36,-262740.9,17.42,17.86,16.60,3609,7.30,1.000,
W3135,DR2,6045502163765271808,162344.37,-262401.3,18.99,19.41,18.00,3549,39.80,0.044,
W3136,DR2,6045502095053026048,162344.40,-262443.9,18.16,18.65,17.26,3620,6.86,1.000,
W3137,DR2,6045502095045726976,162344.40,-262502.2,18.87,19.31,17.87,3630,13.16,1.000,
W3138,DR2,6045490240935922688,162344.43,-262557.0,18.41,18.87,17.51,3628,8.81,1.000,
W3139,DR2,6045466674465872768,162344.43,-262802.5,17.54,17.95,16.75,3642,5.60,1.000,
W3140,DR2,6045502202436641792,162344.44,-262339.3,17.55,18.05,16.75,3620,5.19,1.000,
W3141,DR2,6045502786552215680,162344.44,-262221.4,16.89,17.38,16.17,3628,2.09,1.000,
W3142,DR2,6045466468307435904,162344.45,-262808.9,17.88,18.38,16.99,3615,8.58,0.000,
W3143,DR2,6045490240943291008,162344.45,-262601.9,17.70,18.21,16.90,3616,4.76,1.000,
W3144,DR2,6045502168076896512,162344.47,-262406.9,18.65,19.14,17.71,3604,11.03,1.000,
W3145,DR2,6045466365228130816,162344.47,-262925.0,16.01,16.55,15.27,3634,2.11,1.000,
W3146,DR2,6045466433947639552,162344.47,-262859.9,16.36,16.82,15.63,3632,3.65,1.000,
W3147,DR2,6045501996278186368,162344.48,-262511.8,16.20,16.73,15.43,3646,1.45,1.000,
W3148,DR2,6045502095053029120,162344.50,-262448.0,18.25,18.80,17.38,3622,7.38,1.000,
W3149,DR2,6045490210887892480,162344.54,-262647.5,16.76,17.25,16.02,3633,2.88,1.000,
W3150,DR2,6045466365228337152,162344.55,-262929.4,18.17,18.56,17.26,3623,10.81,1.000,
W3151,DR2,6045466468307560320,162344.57,-262831.8,16.92,17.16,15.79,3638,22.43,1.000,
W3152,DR2,6045502099357411712,162344.58,-262428.3,16.80,17.24,16.00,3718,72.19,1.000,
W3153,DR2,6045466674456427904,162344.59,-262800.3,19.09,19.31,18.05,3634,16.60,0.000,
W3154,DR2,6045466433937969024,162344.59,-262857.8,18.55,18.86,17.48,3607,21.34,1.000,
W3155,DR2,6045490245247643008,162344.60,-262610.7,16.75,17.23,15.99,3623,2.64,1.000,
W3156,DR2,6045490137862136960,162344.61,-262651.4,18.42,18.87,17.50,3592,18.92,1.000,
W3157,DR2,6045466433947618176,162344.61,-262915.1,17.72,17.94,16.73,3598,9.13,1.000,
W3158,DR2,6045466468307385216,162344.62,-262852.3,14.75,15.41,13.92,3649,0.69,1.000,
W3159,DR2,6045502095045774336,162344.64,-262420.3,19.07,19.58,18.04,3456,102.35,1.000,
W3160,DR2,6045490210887894016,162344.65,-262640.8,16.30,16.78,15.50,3636,1.82,1.000,
W3161,DR2,6045466365218333568,162344.66,-262924.3,18.43,18.83,17.47,3609,11.70,1.000,
W3162,DR2,6045466468307402496,162344.66,-262838.3,16.38,16.85,15.66,3636,2.76,1.000,
W3163,DR2,6045466360923186816,162344.67,-262935.9,18.15,18.52,17.23,3628,26.37,1.000,
W3164,DR2,6045466468307429248,162344.69,-262813.4,16.53,17.00,15.81,3614,2.83,1.000,
W3165,DR2,6045490210881401088,162344.73,-262638.2,16.39,16.87,15.63,3648,2.02,1.000,
W3166,DR2,6045466674465878016,162344.75,-262754.4,16.51,16.97,15.74,3658,2.13,1.000,
W3167,DR2,6045466464002402048,162344.76,-262842.7,17.96,18.42,17.12,3610,18.96,1.000,
W3168,DR2,6045490142168412416,162344.77,-262655.4,17.61,18.09,16.77,3573,15.40,0.053,
W3169,DR2,6045490142168407936,162344.77,-262709.4,17.64,18.11,16.77,3553,7.13,1.000,
W3170,DR2,6045466468297833600,162344.79,-262833.9,19.29,,,3181,153.96,1.000,
W3171,DR2,6045490142168407296,162344.80,-262713.1,17.42,17.90,16.54,3628,6.67,1.000,
W3172,DR2,6045466365228121472,162344.80,-262929.5,18.62,18.96,17.60,3632,15.57,1.000,
W3173,DR2,6045501991966476288,162344.80,-262527.0,19.13,19.56,18.08,3628,14.52,1.000,
W3174,DR2,6045502782240695808,162344.80,-262200.7,18.44,18.91,17.55,3600,8.49,1.000,
W3175,DR2,6045490137856639616,162344.81,-262706.3,18.70,19.09,17.75,3566,18.19,1.000,
W3176,DR2,6045466433937869440,162344.85,-262910.2,16.34,16.77,15.54,3621,2.23,1.000,
W3177,DR2,6045490137856554112,162344.85,-262727.0,18.98,19.39,17.96,3633,22.02,1.000,
W3178,DR2,6045466468297825024,162344.86,-262835.3,18.94,19.12,17.79,3622,36.01,1.000,
W3179,DR2,6045490142161897984,162344.88,-262702.0,18.45,18.85,17.51,3606,18.45,1.000,
W3180,DR2,6045490245247650560,162344.88,-262547.8,17.52,18.00,16.73,3635,5.38,1.000,
W3181,DR2,6045466365219201536,162344.89,-262937.7,18.58,18.85,17.48,3625,43.10,1.000,
W3182,DR2,6045466468307433728,162344.89,-262806.0,17.55,18.01,16.72,3622,5.55,1.000,
W3183,DR2,6045490210887895296,162344.90,-262634.1,16.70,17.20,15.96,3619,4.07,1.000,
W3184,DR2,6045502786552217088,162344.91,-262212.5,17.10,17.69,16.31,3607,2.61,0.000,
W3185,DR2,6045466468307382144,162344.91,-262852.2,16.74,17.18,15.98,3639,7.48,1.000,
W3186,DR2,6045466674465881216,162344.93,-262749.3,16.10,16.61,15.36,3616,2.35,1.000,
W3187,DR2,6045490245247646208,162344.95,-262600.3,17.88,18.36,17.05,3628,6.17,1.000,
W3188,DR2,6045466433947617536,162344.95,-262912.4,15.97,16.47,15.21,3623,1.59,1.000,
W3189,DR2,6045490245241186432,162344.96,-262550.5,18.69,19.08,17.73,3599,23.27,1.000,
W3190,DR2,6045502855271700224,162344.96,-262141.7,14.69,15.36,13.89,3599,0.92,1.000,
W3191,DR2,6045490245247642624,162344.98,-262610.4,16.30,16.81,15.57,3619,1.66,1.000,
W3192,DR2,6045502782240663552,162344.00,-262232.8,18.63,19.18,17.73,3629,10.60,1.000,
W3193,DR2,6045466468297698560,162345.00,-262856.1,19.04,19.21,17.88,3470,39.37,1.000,
W3194,DR2,6045502202436636288,162345.00,-262355.9,17.99,18.59,17.09,3618,7.68,0.000,
W3195,DR2,6045490245241158016,162345.01,-262616.2,18.49,18.97,17.58,3592,13.07,1.000,
W3196,DR2,6045502408595085184,162345.02,-262246.9,17.32,17.84,16.57,3634,3.21,1.000,
W3197,DR2,6045502404283527552,162345.06,-262251.9,18.52,19.05,17.62,3604,9.35,0.000,
W3198,DR2,6045466468307559296,162345.06,-262839.3,17.45,17.92,16.67,3632,7.08,1.000,
W3199,DR2,6045466468307410048,162345.06,-262828.2,16.33,16.80,15.57,3607,4.62,1.000,
W3200,DR2,6045502885319957120,162345.07,-262107.3,18.69,19.12,17.84,3600,11.96,0.000,
W3201,DR2,6045490142168397440,162345.08,-262743.2,14.88,15.54,14.06,3641,0.64,1.000,
W3202,DR2,6045466468307422208,162345.09,-262814.0,18.89,19.25,17.88,3604,20.25,1.000,
W3203,DR2,6045502099357406848,162345.12,-262444.6,16.95,17.46,16.21,3628,2.32,1.000,
W3204,DR2,6045490142168408704,162345.12,-262702.5,16.61,17.09,15.88,3604,4.27,1.000,
W3205,DR2,6045466433947623424,162345.14,-262906.1,16.99,17.44,16.25,3605,5.30,1.000,
W3206,DR2,6045466365218328832,162345.14,-262918.4,17.66,18.05,16.81,3646,7.13,1.000,
W3207,DR2,6045502099357415424,162345.15,-262412.8,18.80,19.25,17.84,3619,13.21,1.000,
W3208,DR2,6045490142168398336,162345.16,-262736.7,17.96,18.43,17.11,3602,15.53,1.000,
W3209,DR2,6045502202436647680,162345.17,-262312.4,17.96,18.52,17.12,3629,5.07,1.000,
W3210,DR2,6045502198130337152,162345.18,-262354.3,18.49,18.99,17.60,3615,9.97,1.000,
W3211,DR2,6045502099357408256,162345.18,-262434.0,17.49,17.98,16.73,3704,31.26,1.000,
W3212,DR2,6045466433947625344,162345.28,-262902.6,17.59,17.99,16.78,3578,29.34,1.000,
W3213,DR2,6045490245247654784,162345.30,-262535.3,17.56,18.06,16.78,3615,4.82,1.000,
W3214,DR2,6045490142168396800,162345.31,-262742.3,18.61,18.85,17.50,2977,184.75,1.000,
W3215,DR2,6045490245247646592,162345.31,-262555.1,16.44,17.46,15.40,3636,1.52,1.000,
W3216,DR2,6045490245247648640,162345.32,-262549.6,17.33,17.83,16.57,3631,4.35,1.000,
W3217,DR2,6045502202436640512,162345.33,-262336.4,17.51,17.96,16.71,3543,43.52,1.000,
W3218,DR2,6045466365228139520,162345.34,-262909.7,18.51,18.61,17.41,3599,16.85,1.000,
W3219,DR2,6045490137856618624,162345.35,-262645.4,18.72,19.06,17.87,3621,16.22,0.000,
W3220,DR2,6045466365228123264,162345.35,-262922.4,16.36,16.74,15.48,3661,2.15,1.000,
W3221,DR2,6045466365218329344,162345.39,-262917.7,18.21,18.34,16.90,3637,13.51,1.000,
W3222,DR2,6045466468297794176,162345.40,-262835.7,18.57,18.93,17.63,3623,18.17,1.000,
W3223,DR2,6045502095051091072,162345.40,-262442.5,18.03,18.56,17.20,3608,7.88,1.000,
W3224,DR2,6045490142168409856,162345.41,-262654.9,14.76,15.42,13.94,3651,0.53,1.000,
W3225,DR2,6045502168076893184,162345.41,-262408.4,17.11,17.61,16.36,3626,2.81,1.000,
W3226,DR2,6045466468307591168,162345.42,-262852.2,17.36,17.74,16.51,3470,53.69,1.000,
W3227,DR2,6045466463996770560,162345.47,-262759.1,17.65,18.11,16.85,3630,4.64,1.000,
W3228,DR2,6045490142161898752,162345.48,-262655.0,19.00,,,3208,48.08,,N.D.
W3229,DR2,6045490245247638272,162345.50,-262617.1,18.23,18.72,17.35,3611,7.12,1.000,
W3230,DR2,6045466468307423104,162345.52,-262810.1,17.15,17.62,16.38,3621,3.24,1.000,
W3231,DR2,6045490142168415616,162345.57,-262637.0,16.62,17.11,15.90,3630,2.31,1.000,
W3232,DR2,6045466360918985472,162345.58,-262935.8,18.72,18.93,17.45,3588,21.28,1.000,
W3233,DR2,6045466468307638272,162345.59,-262856.6,17.20,16.87,15.83,3505,49.59,1.000,
W3234,DR2,6045466365218248704,162345.59,-262929.0,17.33,17.79,16.55,3627,5.90,1.000,
W3235,DR2,6045502198125076736,162345.60,-262304.2,18.95,19.51,17.97,3629,12.34,1.000,
W3236,DR2,6045502885319955712,162345.60,-262108.3,18.62,19.14,17.73,3611,10.55,1.000,
W3237,DR2,6045466468307431680,162345.60,-262802.2,18.20,18.65,17.33,3635,7.30,1.000,
W3238,DR2,6045466468307397120,162345.61,-262833.0,18.10,18.53,17.18,3628,10.47,1.000,
W3239,DR2,6045466365218327296,162345.61,-262917.6,18.39,18.74,17.46,3621,33.63,1.000,
W3240,DR2,6045466365218347136,162345.62,-262913.4,18.27,18.66,17.23,3623,17.84,1.000,
W3241,DR2,6045490137856534784,162345.63,-262741.9,16.77,17.25,16.02,3607,7.58,1.000,
W3242,DR2,6045502202436638464,162345.64,-262341.7,16.83,17.30,16.08,3578,20.20,0.000,
W3243,DR2,6045502782240654720,162345.65,-262244.3,19.08,19.59,18.01,3645,18.64,0.000,
W3244,DR2,6045490240935954304,162345.66,-262526.4,18.97,19.57,17.89,3631,14.94,0.000,
W3245,DR2,6045490137856554752,162345.66,-262726.8,18.69,19.00,17.63,3625,12.38,1.000,
W3246,DR2,6045466365218292352,162345.67,-262923.3,17.27,17.08,15.93,3658,5.56,1.000,
W3247,DR2,6045502202436632192,162345.67,-262403.5,17.65,18.15,16.86,3597,6.46,1.000,
W3248,DR2,6045466365218195328,162345.67,-262937.0,18.74,19.07,17.68,3587,18.67,1.000,
W3249,DR2,6045502099357403008,162345.69,-262455.0,16.24,16.76,15.51,3634,1.58,1.000,
W3250,DR2,6045466395282927744,162345.70,-262905.6,18.19,18.58,17.28,3196,115.01,1.000,
W3251,DR2,6045490142168401920,162345.72,-262717.9,17.66,18.15,16.87,3620,5.23,1.000,
W3252,DR2,6045490137856572032,162345.72,-262714.0,17.55,18.06,16.76,3630,4.56,1.000,
W3253,DR2,6045502099350968960,162345.73,-262458.8,17.82,18.30,16.98,3628,6.27,1.000,
W3254,DR2,6045490245247644416,162345.76,-262558.4,17.48,17.99,16.71,3626,4.52,1.000,
W3255,DR2,6045466468307416064,162345.78,-262816.4,16.94,17.41,16.19,3628,2.50,1.000,
W3256,DR2,6045490245247652096,162345.79,-262536.3,17.02,17.35,16.16,3625,2.72,1.000,
W3257,DR2,6045502202436640256,162345.80,-262333.0,16.55,16.96,15.77,3598,16.52,1.000,
W3258,DR2,6045489936009961600,162345.80,-262750.7,17.26,17.73,16.48,3616,3.75,1.000,
W3259,DR2,6045466468297774720,162345.81,-262835.4,18.91,19.26,17.89,3623,15.84,1.000,
W3260,DR2,6045466365218283008,162345.81,-262922.7,18.48,18.65,17.36,3609,29.69,1.000,
W3261,DR2,6045490142161906432,162345.81,-262641.7,19.00,19.18,17.78,3635,15.88,0.000,
W3262,DR2,6045466365228110080,162345.84,-262931.2,17.35,17.73,16.53,3633,6.02,1.000,
W3263,DR2,6045490142168409216,162345.86,-262654.5,17.37,17.86,16.61,3569,31.37,1.000,
W3264,DR2,6045466468307366656,162345.88,-262855.3,12.39,12.92,11.68,3667,0.25,0.000,
W3265,DR2,6045502095045774208,162345.88,-262419.9,19.04,19.52,18.08,3601,21.03,0.000,
W3266,DR2,6045502198125048832,162345.88,-262329.1,17.86,18.38,17.03,3156,107.56,1.000,
W3267,DR2,6045502202436638720,162345.90,-262337.3,13.14,13.41,12.69,3613,0.27,1.000,
W3268,DR2,6045490137862140544,162345.93,-262743.6,18.08,18.53,17.21,3580,18.44,1.000,
W3269,DR2,6045489936003416576,162345.94,-262751.3,18.38,18.39,17.35,3637,11.03,0.000,
W3270,DR2,6045502099357401728,162345.95,-262457.5,18.16,18.65,17.27,3622,10.33,1.000,
W3271,DR2,6045466399578128384,162345.99,-262902.0,19.11,19.00,17.55,1972,292.71,1.000,
W3272,DR2,6045502099357399936,162346.01,-262501.6,16.47,16.98,15.74,3628,1.70,1.000,
W3273,DR2,6045466365228122240,162346.01,-262917.0,17.05,17.52,16.31,3635,5.21,1.000,
W3274,DR2,6045490245247636864,162346.05,-262615.3,17.31,17.80,16.56,3637,3.43,1.000,
W3275,DR2,6045502095045737344,162346.06,-262452.9,18.51,19.03,17.60,3557,33.11,1.000,
W3276,DR2,6045466468307399168,162346.07,-262824.0,16.35,16.82,15.62,3626,1.57,1.000,
W3277,DR2,6045502133717153664,162346.07,-262402.3,16.01,16.56,15.28,3633,1.20,1.000,
W3278,DR2,6045502202430247040,162346.08,-262335.8,18.54,18.17,16.98,1262,218.00,0.000,
W3279,DR2,6045490245247637888,162346.10,-262612.2,17.92,18.42,17.01,3617,6.26,0.000,
W3280,DR2,6045466399579207296,162346.10,-262912.0,18.23,18.59,17.27,3603,19.37,1.000,
W3281,DR2,6045489931698076032,162346.10,-262759.0,18.68,19.08,17.69,3637,13.24,1.000,
W3282,DR2,6045490245247651712,162346.11,-262534.7,17.37,17.86,16.59,3644,4.47,1.000,
W3283,DR2,6045466468307554816,162346.11,-262857.8,16.44,16.70,15.56,1682,189.55,1.000,
W3284,DR2,6045502099357407872,162346.14,-262426.4,15.04,15.71,14.23,3632,0.56,1.000,
W3285,DR2,6045466360927378688,162346.15,-262934.4,19.15,18.89,17.78,3639,22.65,1.000,
W3286,DR2,6045490344015215232,162346.15,-262524.4,17.83,18.33,17.02,3609,4.96,1.000,
W3287,DR2,6045490245247632896,162346.16,-262624.9,18.07,18.56,17.22,3620,6.45,1.000,
W3288,DR2,6045490245247648128,162346.18,-262542.0,16.95,17.46,16.22,3633,2.55,1.000,
W3289,DR2,6045502099357396992,162346.19,-262510.7,16.81,17.21,16.03,3614,2.38,1.000,
W3290,DR2,6045502198125026048,162346.21,-262348.3,18.00,18.50,17.13,3581,25.97,0.000,
W3291,DR2,6045466468307421952,162346.21,-262804.9,17.23,17.68,16.47,3629,3.65,1.000,
W3292,DR2,6045466365218272000,162346.21,-262921.4,18.90,19.29,17.87,3548,91.59,1.000,
W3293,DR2,6045490245247635328,162346.21,-262618.7,17.89,18.36,17.08,3635,5.47,1.000,
W3294,DR2,6045466395282929024,162346.22,-262910.0,16.41,16.87,15.65,3602,4.10,1.000,
W3295,DR2,6045502576082209920,162346.24,-262255.6,18.44,18.92,17.47,3618,8.12,1.000,
W3296,DR2,6045466365218193536,162346.25,-262931.8,16.87,17.28,16.01,3646,3.97,1.000,
W3297,DR2,6045490176528153472,162346.28,-262632.5,17.04,17.53,16.31,3627,2.58,1.000,
W3298,DR2,6045466468297803008,162346.30,-262825.4,18.73,,,3625,15.38,1.000,
W3299,DR2,6045466468297877120,162346.32,-262808.8,18.83,19.04,17.57,3619,17.25,0.000,
W3300,DR2,6045466365218236288,162346.32,-262924.0,18.99,19.32,17.95,3605,31.44,1.000,
W3301,DR2,6045466468307415936,162346.35,-262810.0,19.20,,,3614,21.31,1.000,
W3302,DR2,6045490245247650304,162346.36,-262534.6,18.10,18.61,17.23,3607,9.77,1.000,
W3303,DR2,6045490348326871680,162346.36,-262517.0,17.69,18.19,16.88,3619,4.78,1.000,
W3304,DR2,6045502099357397632,162346.36,-262506.0,17.05,17.55,16.31,3599,3.64,1.000,
W3305,DR2,6045466399579207936,162346.38,-262904.0,18.55,18.66,17.18,2493,170.79,1.000,
W3306,DR2,6045466468307375616,162346.39,-262843.1,17.30,17.55,16.43,3632,5.75,1.000,
W3307,DR2,6045490348326872832,162346.41,-262514.0,17.86,18.35,17.03,3611,6.11,1.000,
W3308,DR2,6045490137856608384,162346.41,-262659.4,18.55,18.87,17.54,3624,11.00,0.000,
W3309,DR2,6045490344015215360,162346.44,-262522.2,18.28,18.72,17.46,3637,8.33,0.000,
W3310,DR2,6045490142168398464,162346.45,-262723.3,15.83,16.45,15.05,3606,1.09,1.000,
W3311,DR2,6045466399587865984,162346.50,-262908.7,15.18,15.87,14.25,3656,1.10,0.000,
W3312,DR2,6045466463996714368,162346.50,-262833.4,18.19,18.44,17.25,3639,8.38,0.000,
W3313,DR2,6045466468307375744,162346.53,-262841.7,17.66,18.07,16.82,3619,7.79,1.000,
W3314,DR2,6045466360918969088,162346.54,-262920.3,17.77,17.95,16.57,3645,8.59,,N.D.
W3315,DR2,6045490142168727168,162346.56,-262655.1,16.33,16.82,15.62,3646,1.58,1.000,
W3316,DR2,6045490176528154368,162346.57,-262628.3,18.85,19.32,17.87,3620,20.52,1.000,
W3317,DR2,6045466468297881472,162346.59,-262808.0,17.82,18.20,16.94,3611,6.73,1.000,
W3318,DR2,6045490142168402560,162346.59,-262708.8,16.98,17.47,16.26,3623,2.99,1.000,
W3319,DR2,6045502133717156224,162346.61,-262353.2,17.70,18.22,16.91,3629,4.82,1.000,
W3320,DR2,6045466468307413632,162346.64,-262810.6,17.16,17.59,16.37,3619,3.19,1.000,
W3321,DR2,6045490172221880448,162346.64,-262632.2,18.79,19.27,17.83,3609,19.73,1.000,
W3322,DR2,6045502133717149824,162346.67,-262409.3,16.07,16.62,15.34,3641,1.14,1.000,
W3323,DR2,6045490172216367616,162346.68,-262639.1,17.76,18.17,16.80,3630,4.81,1.000,
W3324,DR2,6045490245247633280,162346.69,-262618.3,17.29,17.79,16.53,3629,4.20,1.000,
W3325,DR2,6045502816600445056,162346.69,-262146.5,18.73,19.25,17.83,3596,11.33,1.000,
W3326,DR2,6045466365218151040,162346.69,-262933.2,19.04,19.40,17.99,3411,89.94,1.000,
W3327,DR2,6045466468297681152,162346.70,-262843.5,18.88,19.17,17.84,3623,29.24,1.000,
W3328,DR2,6045490137862142208,162346.70,-262704.2,18.36,18.77,17.48,3648,8.93,0.000,
W3329,DR2,6045490142168398976,162346.70,-262719.1,18.07,18.54,17.21,3626,8.14,1.000,
W3330,DR2,6045466395282930048,162346.71,-262855.3,18.01,18.45,17.13,2182,229.54,1.000,
W3331,DR2,6045502820911960192,162346.73,-262131.5,17.78,18.29,17.00,3631,4.97,1.000,
W3332,DR2,6045490240935912576,162346.78,-262553.1,18.19,18.71,17.34,3624,6.65,1.000,
W3333,DR2,6045466468307556608,162346.78,-262847.7,16.69,17.17,15.96,3606,3.99,1.000,
W3334,DR2,6045502099357404672,162346.82,-262437.7,15.14,15.80,14.34,3629,0.62,1.000,
W3335,DR2,6045489931703712256,162346.82,-262806.9,18.46,18.82,17.53,3631,16.62,1.000,
W3336,DR2,6045490142161872384,162346.84,-262710.5,18.42,18.86,17.51,3581,18.76,0.000,
W3337,DR2,6045502099357399296,162346.84,-262455.4,18.19,18.68,17.38,3634,7.27,0.000,
W3338,DR2,6045502202436641024,162346.86,-262320.2,17.91,18.49,17.03,3617,5.37,0.000,
W3339,DR2,6045466468297822848,162346.86,-262816.8,18.64,19.05,17.66,3609,13.33,1.000,
W3340,DR2,6045489936009957504,162346.89,-262755.2,18.21,18.63,17.32,3627,7.31,1.000,
W3341,DR2,6045466395282930304,162346.91,-262907.9,16.80,17.23,15.85,3619,12.96,1.000,
W3342,DR2,6045466399587859584,162346.94,-262909.8,17.57,17.05,16.16,3561,42.09,1.000,
W3343,DR2,6045466399578084608,162346.94,-262901.3,18.34,18.72,17.38,3505,90.16,1.000,
W3344,DR2,6045490142168399232,162346.94,-262715.8,17.52,17.98,16.73,3614,5.61,1.000,
W3345,DR2,6045490245241141888,162346.97,-262614.0,18.47,18.94,17.53,3576,19.43,1.000,
W3346,DR2,6045466468294763776,162346.97,-262811.4,16.88,17.33,16.10,3624,2.51,1.000,
W3347,DR2,6045466365219697152,162346.99,-262930.8,17.13,17.61,16.39,3618,4.39,1.000,
W3348,DR2,6045502820905605760,162347.02,-262152.8,18.80,19.33,17.71,3607,16.39,0.000,
W3349,DR2,6045489936009959424,162347.06,-262747.0,17.23,17.45,16.18,3633,3.10,1.000,
W3350,DR2,6045466395282930560,162347.06,-262923.9,17.08,17.56,16.33,3609,3.57,1.000,
W3351,DR2,6045489936009956864,162347.09,-262757.6,18.04,18.44,17.04,3637,6.59,0.998,
W3352,DR2,6045502099357405184,162347.11,-262434.1,17.47,18.03,16.68,3592,20.99,0.007,
W3353,DR2,6045489931698094464,162347.12,-262742.0,18.10,18.58,17.23,3632,6.71,1.000,
W3354,DR2,6045490344015179008,162347.12,-262520.2,18.73,19.23,17.79,3625,11.89,1.000,
W3355,DR2,6045490142168396672,162347.14,-262726.1,16.00,16.54,15.26,3638,1.15,1.000,
W3356,DR2,6045502133717156736,162347.17,-262346.5,18.01,18.51,17.19,3623,7.81,1.000,
W3357,DR2,6045490142168403072,162347.18,-262701.0,17.19,17.67,16.44,3642,3.00,1.000,
W3358,DR2,6045466399588072064,162347.18,-262917.8,17.03,17.51,16.28,3634,3.30,1.000,
W3359,DR2,6045466468294763520,162347.18,-262814.5,18.61,18.54,17.19,3640,10.04,1.000,
W3360,DR2,6045502129405515776,162347.19,-262416.2,18.13,18.65,17.31,3627,7.36,0.000,
W3361,DR2,6045502099350973440,162347.21,-262439.3,19.11,19.54,17.96,1426,187.12,1.000,
W3362,DR2,6045490245247636352,162347.23,-262606.2,16.33,16.82,15.62,3620,2.51,1.000,
W3363,DR2,6045502820911954816,162347.24,-262152.6,17.15,17.63,16.42,3622,2.86,1.000,
W3364,DR2,6045466399587884672,162347.27,-262846.7,18.98,19.15,17.88,3580,14.69,1.000,
W3365,DR2,6045466399588068992,162347.28,-262928.0,17.95,18.36,17.07,3634,8.40,,N.D.
W3366,DR2,6045502133717152384,162347.28,-262356.4,17.31,17.82,16.57,3625,3.23,1.000,
W3367,DR2,6045490176528156800,162347.28,-262612.7,15.26,15.90,14.47,3630,0.69,1.000,
W3368,DR2,6045490142168398848,162347.29,-262714.3,15.92,16.47,15.17,3632,1.07,1.000,
W3369,DR2,6045466399588071296,162347.30,-262921.1,17.47,17.92,16.68,3633,4.91,1.000,
W3370,DR2,6045502885319955072,162347.30,-262108.4,18.77,19.31,17.86,3561,21.63,1.000,
W3371,DR2,6045502580393775360,162347.31,-262230.4,13.91,14.61,13.09,3643,0.48,1.000,
W3372,DR2,6045502786552210304,162347.33,-262215.7,18.91,19.33,17.76,3623,14.84,1.000,
W3373,DR2,6045490176528145152,162347.35,-262649.9,18.87,19.17,17.66,3613,13.10,0.000,
W3374,DR2,6045502576082185856,162347.36,-262316.2,18.06,18.61,17.23,3626,6.43,1.000,
W3375,DR2,6045490137857937792,162347.36,-262709.5,17.85,18.33,17.02,3615,8.55,1.000,
W3376,DR2,6045489936009964288,162347.36,-262731.2,18.56,19.04,17.61,3619,12.37,1.000,
W3377,DR2,6045502820911961088,162347.38,-262122.8,17.83,18.37,17.06,3642,5.38,1.000,
W3378,DR2,6045466468307393664,162347.40,-262819.0,16.93,17.40,16.18,3620,3.06,1.000,
W3379,DR2,6045466399587884160,162347.41,-262845.7,17.82,18.25,16.98,3622,5.98,1.000,
W3380,DR2,6045502820905601792,162347.44,-262150.8,19.03,19.37,18.20,3580,20.36,0.000,
W3381,DR2,6045466399577925504,162347.47,-262922.5,18.12,18.54,17.25,3620,8.52,1.000,
W3382,DR2,6045490245247636096,162347.47,-262605.2,17.94,18.38,17.10,3606,14.65,1.000,
W3383,DR2,6045490348326870912,162347.52,-262509.1,16.78,17.26,16.05,3645,2.18,1.000,
W3384,DR2,6045466468307372032,162347.55,-262835.1,16.49,16.98,15.77,3639,1.67,1.000,
W3385,DR2,6045502133710739072,162347.56,-262359.1,19.10,19.59,18.09,3615,19.02,1.000,
W3386,DR2,6045502576082214656,162347.56,-262248.7,17.91,18.47,17.06,3567,11.62,0.000,
W3387,DR2,6045489936009948928,162347.57,-262817.4,17.27,17.72,16.47,3638,3.90,1.000,
W3388,DR2,6045490176521612288,162347.59,-262700.7,18.88,19.21,17.87,3636,15.81,0.001,
W3389,DR2,6045490348326857984,162347.62,-262545.7,18.29,18.74,17.39,3624,7.68,1.000,
W3390,DR2,6045489936009960064,162347.68,-262738.4,18.42,18.89,17.48,3607,8.49,1.000,
W3391,DR2,6045489936009955968,162347.71,-262754.8,16.57,17.05,15.84,3632,2.14,1.000,
W3392,DR2,6045466399587835136,162347.74,-262921.8,16.88,17.31,16.04,3625,3.58,1.000,
W3393,DR2,6045490176528139520,162347.76,-262701.3,17.06,17.55,16.33,3645,2.87,1.000,
W3394,DR2,6045466468307385344,162347.77,-262822.7,16.46,16.96,15.74,3632,1.70,1.000,
W3395,DR2,6045490172216369152,162347.77,-262637.0,18.64,19.10,17.70,3605,10.92,1.000,
W3396,DR2,6045502133717153152,162347.79,-262349.3,17.57,18.28,16.66,3626,4.22,0.000,
W3397,DR2,6045502576082238592,162347.81,-262236.4,18.30,18.75,17.47,2876,165.18,0.214,
W3398,DR2,6045502816607607936,162347.84,-262205.6,19.11,19.59,18.12,3594,16.59,0.000,
W3399,DR2,6045466399587827584,162347.84,-262925.0,17.11,17.58,16.36,3636,4.10,1.000,
W3400,DR2,6045466399578045312,162347.85,-262859.3,19.08,19.47,18.05,3606,17.47,1.000,
W3401,DR2,6045502095045745536,162347.85,-262444.3,18.70,19.20,17.76,3657,10.83,1.000,
W3402,DR2,6045502820911963264,162347.86,-262109.7,17.35,17.86,16.61,3578,5.78,1.000,
W3403,DR2,6045490348326869760,162347.88,-262511.9,17.17,17.67,16.43,3635,3.27,1.000,
W3404,DR2,6045466399578070912,162347.91,-262854.2,18.76,19.19,17.79,3627,11.77,1.000,
W3405,DR2,6045489936003381248,162347.92,-262806.2,19.10,19.42,17.97,3631,16.39,1.000,
W3406,DR2,6045502580394039424,162347.94,-262250.3,16.32,16.83,15.61,3638,1.49,1.000,
W3407,DR2,6045489936003359232,162347.97,-262821.9,18.54,18.88,17.54,3633,13.57,1.000,
W3408,DR2,6045490348326864256,162347.00,-262522.6,16.89,17.39,16.17,3610,2.35,1.000,
W3409,DR2,6045466468307372800,162348.00,-262830.6,17.74,18.21,16.94,3634,5.65,1.000,
W3410,DR2,6045489936009948032,162348.03,-262814.2,18.42,18.81,17.48,3628,11.29,1.000,
W3411,DR2,6045489936003373952,162348.04,-262810.2,18.52,18.73,17.52,3636,12.60,1.000,
W3412,DR2,6045489936009955584,162348.04,-262753.5,16.44,16.93,15.71,3630,1.65,1.000,
W3413,DR2,6045490176528158464,162348.05,-262601.6,17.50,18.00,16.73,3615,4.30,1.000,
W3414,DR2,6045490348326858880,162348.07,-262538.5,17.77,18.28,16.99,3616,5.01,1.000,
W3415,DR2,6045466399587850112,162348.07,-262907.5,17.17,17.64,16.41,3638,4.72,1.000,
W3416,DR2,6045466399578031616,162348.08,-262900.5,18.69,18.47,17.44,3606,17.09,1.000,
W3417,DR2,6045490176528149120,162348.08,-262627.3,17.09,17.60,16.34,3628,2.77,1.000,
W3418,DR2,6045466399577891840,162348.10,-262919.6,17.42,17.89,16.61,3621,12.19,1.000,
W3419,DR2,6045490172216393216,162348.11,-262621.6,19.14,19.60,18.05,3625,17.13,1.000,
W3420,DR2,6045466399587858944,162348.17,-262859.1,18.64,18.80,17.36,3631,14.11,1.000,
W3421,DR2,6045502816600423296,162348.18,-262213.2,17.83,18.33,17.05,3618,5.17,1.000,
W3422,DR2,6045489936009949824,162348.19,-262810.2,18.35,18.71,17.42,3640,10.88,1.000,
W3423,DR2,6045466399587824640,162348.21,-262925.7,17.17,17.64,16.40,3613,7.45,1.000,
W3424,DR2,6045502580387389696,162348.22,-262250.8,18.19,18.69,17.33,3587,11.06,1.000,
W3425,DR2,6045502820905585024,162348.22,-262209.7,18.48,18.93,17.60,3592,10.34,1.000,
W3426,DR2,6045489936009954304,162348.24,-262756.6,19.06,19.23,18.10,3601,14.33,0.023,
W3427,DR2,6045466399587863808,162348.26,-262854.1,18.28,18.72,17.39,3618,10.13,1.000,
W3428,DR2,6045490344015131136,162348.26,-262549.8,19.15,19.67,18.12,3621,15.32,1.000,
W3429,DR2,6045489936009956352,162348.30,-262748.2,17.91,18.38,17.07,3618,8.43,1.000,
W3430,DR2,6045502576082225280,162348.30,-262242.6,17.50,17.99,16.74,3616,4.45,1.000,
W3431,DR2,6045489936003364736,162348.31,-262813.4,17.41,17.69,16.42,3630,4.41,1.000,
W3432,DR2,6045466399577926784,162348.33,-262913.6,17.99,18.45,17.12,3615,19.33,1.000,
W3433,DR2,6045490344015176576,162348.37,-262525.5,18.73,19.23,17.80,3604,13.65,1.000,
W3434,DR2,6045466399577836544,162348.38,-262926.2,19.10,,17.70,3549,43.89,0.000,
W3435,DR2,6045466395277212672,162348.38,-262906.5,17.23,17.71,16.44,3633,4.38,1.000,
W3436,DR2,6045489936009946752,162348.42,-262813.7,17.51,17.85,16.60,3633,5.10,1.000,
W3437,DR2,6045502576082173568,162348.43,-262325.6,17.86,18.37,17.05,3456,67.29,1.000,
W3438,DR2,6045489936003410816,162348.43,-262732.8,19.04,19.45,17.98,3613,16.08,1.000,
W3439,DR2,6045490172223901184,162348.43,-262708.9,18.20,18.68,17.36,3644,6.83,1.000,
W3440,DR2,6045490172216387712,162348.44,-262631.1,17.92,18.44,17.10,3642,6.52,1.000,
W3441,DR2,6045502816609856256,162348.46,-262209.1,19.09,19.60,18.11,3571,20.66,1.000,
W3442,DR2,6045489931698094208,162348.47,-262741.4,19.06,19.47,17.95,3626,15.80,1.000,
W3443,DR2,6045490176528145792,162348.50,-262637.3,16.66,17.14,15.94,3632,1.82,1.000,
W3444,DR2,6045502129405554176,162348.50,-262343.7,17.84,18.35,17.03,3593,8.80,1.000,
W3445,DR2,6045502820911955840,162348.51,-262138.2,16.84,17.42,16.08,3603,2.52,0.002,
W3446,DR2,6045490176521652992,162348.54,-262608.2,18.89,19.16,17.67,3626,12.17,0.001,
W3447,DR2,6045490176528150912,162348.55,-262619.6,18.23,18.74,17.37,3638,7.77,1.000,
W3448,DR2,6045502133710724864,162348.56,-262407.2,19.07,19.51,18.06,3604,14.24,1.000,
W3449,DR2,6045489867290464256,162348.57,-262831.7,17.03,17.51,16.29,3598,6.78,1.000,
W3450,DR2,6045466399587862016,162348.57,-262853.1,18.28,18.72,17.41,3613,13.35,1.000,
W3451,DR2,6045502923991178496,162348.60,-262102.5,17.03,17.53,16.31,3616,4.96,1.000,
W3452,DR2,6045466399587851648,162348.60,-262901.5,16.29,16.78,15.56,3630,1.95,1.000,
W3453,DR2,6045502820911961216,162348.62,-262110.9,16.52,17.01,15.83,3581,2.91,1.000,
W3454,DR2,6045466399587826944,162348.63,-262919.3,17.01,17.34,16.07,3590,26.69,1.000,
W3455,DR2,6045502133717155584,162348.64,-262335.5,16.29,16.81,15.55,3344,95.73,1.000,
W3456,DR2,6045489936009945472,162348.64,-262814.8,17.87,18.30,17.03,3622,7.03,1.000,
W3457,DR2,6045489936009952000,162348.65,-262759.6,16.98,17.45,16.23,3619,2.82,1.000,
W3458,DR2,6045466399579203968,162348.65,-262921.3,18.18,,,3476,57.71,0.001,
W3459,DR2,6045490176521625344,162348.68,-262637.5,18.15,18.27,17.11,3637,7.55,1.000,
W3460,DR2,6045489936003412224,162348.72,-262728.5,18.46,18.86,17.52,3610,11.08,1.000,
W3461,DR2,6045490176528138624,162348.72,-262655.4,18.13,18.62,17.24,3612,8.89,1.000,
W3462,DR2,6045490344015193088,162348.75,-262510.6,17.86,18.33,17.04,3639,5.52,1.000,
W3463,DR2,6045489936009952512,162348.76,-262756.4,16.73,17.23,15.98,3635,2.15,1.000,
W3464,DR2,6045490348326861824,162348.77,-262519.3,16.94,17.38,16.08,3623,2.23,1.000,
W3465,DR2,6045490176521627392,162348.77,-262635.8,18.66,19.19,17.62,3641,13.69,1.000,
W3466,DR2,6045490348320371456,162348.78,-262543.2,16.46,16.93,15.72,3611,1.52,1.000,
W3467,DR2,6045490348320393472,162348.78,-262521.7,17.17,,,3622,2.79,1.000,
W3468,DR2,6045489936003354496,162348.79,-262817.9,18.39,18.47,17.16,3620,11.36,1.000,
W3469,DR2,6045489936009961216,162348.87,-262724.8,15.93,16.50,15.17,3633,1.05,1.000,
W3470,DR2,6045490176528137472,162348.90,-262658.6,18.24,18.82,17.31,3598,8.75,1.000,
W3471,DR2,6045502133717148288,162348.91,-262352.3,15.19,15.85,14.39,3622,0.72,1.000,
W3472,DR2,6045489867290466688,162348.93,-262820.3,16.82,17.30,16.09,3620,4.58,1.000,
W3473,DR2,6045490348326865536,162348.94,-262510.4,17.22,17.71,16.47,3636,3.08,1.000,
W3474,DR2,6045466399587823744,162348.94,-262918.3,15.74,,,3672,4.86,1.000,
W3475,DR2,6045502576082233216,162348.95,-262232.0,18.02,18.55,17.21,3597,7.51,1.000,
W3476,DR2,6045490348326856704,162348.95,-262534.9,16.77,17.26,16.05,3635,2.07,1.000,
W3477,DR2,6045490176528147968,162348.96,-262624.4,16.89,17.36,16.17,3638,2.52,1.000,
W3478,DR2,6045502580387365888,162348.97,-262311.3,18.36,18.57,17.22,3589,7.64,1.000,
W3479,DR2,6045466399577939584,162348.97,-262905.1,18.06,18.51,17.25,3630,9.70,0.001,
W3480,DR2,6045466399577821440,162348.98,-262919.6,13.31,13.97,12.42,3671,0.52,1.000,
W3481,DR2,6045466399578092800,162348.99,-262840.9,18.55,19.01,17.62,3597,12.16,1.000,
W3482,DR2,6045502507362696704,162349.04,-262331.4,12.92,14.10,11.84,3647,0.34,0.000,
W3483,DR2,6045490348326869248,162349.04,-262502.8,18.75,19.14,17.91,3614,11.42,0.463,
W3484,DR2,6045489867283859968,162349.07,-262834.4,18.81,19.22,17.86,3613,37.83,0.000,
W3485,DR2,6045489867290463744,162349.08,-262827.4,14.71,15.11,14.08,3632,0.55,1.000,
W3486,DR2,6045489867283873920,162349.09,-262822.2,18.09,18.48,17.22,3484,70.53,1.000,
W3487,DR2,6045490275295634688,162349.09,-262603.9,18.02,18.47,17.17,3623,6.26,1.000,
W3488,DR2,6045466399587816832,162349.11,-262925.9,15.93,16.49,15.16,3638,13.81,1.000,
W3489,DR2,6045490176521607552,162349.11,-262651.3,19.11,19.01,17.83,3582,24.81,1.000,
W3490,DR2,6045489970369702400,162349.13,-262714.8,19.00,19.38,17.95,3629,16.33,1.000,
W3491,DR2,6045489936003380992,162349.13,-262754.9,18.78,19.16,17.78,3620,13.48,1.000,
W3492,DR2,6045465643673820800,162349.14,-262933.2,16.95,17.37,16.17,3630,13.79,1.000,
W3493,DR2,6045489966057883136,162349.20,-262710.4,18.76,19.13,17.79,3638,11.92,1.000,
W3494,DR2,6045490348326858496,162349.20,-262528.3,18.91,19.26,17.57,3588,20.71,,N.D.
W3495,DR2,6045489862978533888,162349.22,-262841.5,18.50,18.98,17.60,3599,15.64,1.000,
W3496,DR2,6045490279607367808,162349.24,-262604.8,17.76,17.90,16.57,3637,4.46,1.000,
W3497,DR2,6045466399587823872,162349.26,-262916.8,16.79,17.10,15.90,1292,241.30,1.000,
W3498,DR2,6045489867283866496,162349.30,-262829.1,17.27,17.60,16.40,3616,10.89,1.000,
W3499,DR2,6045502580393767168,162349.31,-262243.9,16.76,17.26,16.05,3616,2.62,1.000,
W3500,DR2,6045490176528138368,162349.32,-262650.7,15.48,16.17,14.66,3659,0.84,0.002,
W3501,DR2,6045502923991177216,162349.32,-262100.5,17.32,17.97,16.50,3618,4.49,0.000,
W3502,DR2,6045466399587820928,162349.32,-262919.8,15.71,16.30,14.87,3622,21.41,1.000,
W3503,DR2,6045502133717143168,162349.33,-262413.0,17.34,17.84,16.59,3587,3.26,1.000,
W3504,DR2,6045489936003359872,162349.36,-262808.4,18.89,19.04,17.94,3597,18.94,0.005,
W3505,DR2,6045490382686608512,162349.38,-262456.6,17.61,18.13,16.82,3602,4.25,1.000,
W3506,DR2,6045489936009956224,162349.38,-262738.0,17.80,18.26,16.87,3638,4.85,1.000,
W3507,DR2,6045489936009950592,162349.39,-262756.8,16.78,17.26,16.06,3641,2.30,1.000,
W3508,DR2,6045490348326862464,162349.40,-262514.9,17.69,18.20,16.90,3595,5.66,1.000,
W3509,DR2,6045465643673557248,162349.40,-262934.2,14.40,15.07,13.60,3639,0.85,0.000,
W3510,DR2,6045489936003385216,162349.42,-262748.9,17.56,17.61,16.25,3625,4.26,1.000,
W3511,DR2,6045490279607365120,162349.43,-262613.0,17.18,17.64,16.45,3614,3.36,1.000,
W3512,DR2,6045466399587825280,162349.44,-262913.6,17.33,17.75,16.53,2070,212.20,1.000,
W3513,DR2,6045489970369697024,162349.44,-262727.0,17.30,17.78,16.38,3623,4.32,,N.D.
W3514,DR2,6045490382686609152,162349.45,-262453.5,17.70,18.14,16.93,3608,4.91,1.000,
W3515,DR2,6045466399587829376,162349.48,-262908.0,15.98,16.52,15.24,3642,2.05,1.000,
W3516,DR2,6045489867290460288,162349.50,-262832.9,17.69,18.13,16.87,3636,8.33,1.000,
W3517,DR2,6045466399587844480,162349.52,-262858.9,17.27,17.68,16.44,3633,27.67,1.000,
W3518,DR2,6045490176521603072,162349.53,-262654.5,18.38,18.83,17.48,3586,29.56,1.000,
W3519,DR2,6045490176528145536,162349.58,-262628.7,16.95,17.42,16.22,3641,2.35,1.000,
W3520,DR2,6045489936009944832,162349.58,-262807.1,16.11,16.63,15.38,3613,1.23,1.000,
W3521,DR2,6045465643673560960,162349.59,-262930.8,18.84,19.09,17.55,3553,57.49,1.000,
W3522,DR2,6045490172216360064,162349.60,-262643.1,18.60,19.06,17.69,3611,18.38,1.000,
W3523,DR2,6045466395277273216,162349.64,-262901.5,15.83,16.40,15.04,3635,4.90,1.000,
W3524,DR2,6045466399587848960,162349.64,-262855.3,18.58,18.67,17.19,3521,58.09,1.000,
W3525,DR2,6045490348326857600,162349.65,-262526.9,16.34,16.84,15.63,3609,1.66,1.000,
W3526,DR2,6045489936009950848,162349.70,-262753.4,18.07,18.61,17.10,3626,7.91,0.000,
W3527,DR2,6045489966063453440,162349.71,-262712.2,18.17,18.63,17.29,3648,7.01,1.000,
W3528,DR2,6045466399587848704,162349.73,-262852.1,13.51,14.22,12.69,3646,0.58,1.000,
W3529,DR2,6045490382686614528,162349.74,-262433.1,17.50,18.02,16.73,3596,6.35,1.000,
W3530,DR2,6045489867290456960,162349.74,-262841.9,17.03,17.50,16.28,3605,9.86,1.000,
W3531,DR2,6045466399577860352,162349.77,-262908.7,18.18,18.60,17.26,3627,25.23,1.000,
W3532,DR2,6045502919679709184,162349.78,-262055.2,18.09,18.61,17.29,3549,16.61,1.000,
W3533,DR2,6045490279607376000,162349.78,-262539.1,16.75,17.23,16.04,3620,2.19,1.000,
W3534,DR2,6045489936009946624,162349.83,-262800.7,17.48,17.97,16.69,3637,4.24,1.000,
W3535,DR2,6045489970369704704,162349.84,-262700.9,16.56,17.04,15.85,3620,1.66,1.000,
W3536,DR2,6045489867290458624,162349.85,-262836.2,17.26,17.74,16.51,3636,3.62,1.000,
W3537,DR2,6045466399575285760,162349.86,-262853.5,18.79,,,1256,183.82,,N.D.
W3538,DR2,6045466399587837056,162349.87,-262901.1,15.58,16.19,14.78,3635,3.80,1.000,
W3539,DR2,6045502614753514496,162349.88,-262203.7,17.82,18.34,17.06,3609,6.02,1.000,
W3540,DR2,6045490279607362048,162349.89,-262618.4,16.56,17.03,15.82,3601,2.29,1.000,
W3541,DR2,6045489970369699712,162349.90,-262715.1,17.90,18.02,16.86,3653,5.59,1.000,
W3542,DR2,6045502923991433088,162349.93,-262101.5,18.84,19.37,17.82,3557,31.97,1.000,
W3543,DR2,6045489867283871616,162349.94,-262818.6,17.88,18.37,17.02,3638,5.91,1.000,
W3544,DR2,6045465643673820672,162349.94,-262925.8,17.66,17.81,16.55,3351,102.33,1.000,
W3545,DR2,6045490279607367168,162349.97,-262602.6,17.38,17.86,16.61,3607,4.43,1.000,
W3546,DR2,6045489936009951104,162350.01,-262747.0,18.69,18.84,17.39,3598,14.55,1.000,
W3547,DR2,6045465643663468800,162350.01,-262921.8,18.63,18.33,17.05,986,475.52,1.000,
W3548,DR2,6045489867283877632,162350.02,-262806.7,19.01,19.46,17.97,3599,18.87,1.000,
W3549,DR2,6045489867283860864,162350.02,-262823.9,19.02,19.44,18.01,3622,22.00,1.000,
W3550,DR2,6045489862984238592,162350.05,-262820.8,17.57,18.01,16.77,3648,4.38,1.000,
W3551,DR2,6045466399577934592,162350.06,-262855.5,18.91,19.17,17.66,1246,120.78,0.000,
W3552,DR2,6045465643673546880,162350.08,-262933.4,14.78,15.44,13.97,3636,5.61,1.000,
W3553,DR2,6045489867290457728,162350.11,-262834.9,16.54,17.01,15.83,3609,2.29,1.000,
W3554,DR2,6045502133717145472,162350.13,-262357.3,17.36,17.88,16.62,3613,3.68,1.000,
W3555,DR2,6045466399577847168,162350.15,-262907.6,18.46,18.81,17.53,3637,27.38,1.000,
W3556,DR2,6045490279600852864,162350.15,-262611.5,17.80,18.20,16.92,3597,8.16,0.000,
W3557,DR2,6045502614753515648,162350.15,-262158.5,17.56,18.07,16.80,3614,4.36,1.000,
W3558,DR2,6045489867290809600,162350.18,-262814.2,17.43,17.91,16.68,3632,4.06,1.000,
W3559,DR2,6045490382686615296,162350.19,-262425.7,15.36,16.00,14.55,3625,0.68,1.000,
W3560,DR2,6045465643673565696,162350.20,-262919.7,17.65,17.43,16.58,2004,188.79,1.000,
W3561,DR2,6045490348326855296,162350.20,-262527.0,17.10,17.53,16.32,3600,3.52,1.000,
W3562,DR2,6045490279600880384,162350.21,-262544.7,18.21,18.70,17.36,3612,12.87,1.000,
W3563,DR2,6045489966057914880,162350.24,-262655.5,19.08,19.48,18.00,3583,19.94,1.000,
W3564,DR2,6045465643673557760,162350.25,-262926.2,12.93,13.67,12.09,3667,0.67,1.000,
W3565,DR2,6045502507362666880,162350.28,-262351.4,18.38,18.91,17.50,3622,9.22,1.000,
W3566,DR2,6045466399587828992,162350.28,-262901.7,15.72,16.21,14.94,3641,2.65,,N.D.
W3567,DR2,6045465643673567360,162350.29,-262917.9,17.57,17.96,16.55,3479,71.47,1.000,
W3568,DR2,6045490279607376128,162350.29,-262533.4,18.03,18.54,17.21,3617,9.16,1.000,
W3569,DR2,6045489966057862784,162350.29,-262724.4,18.90,19.31,17.91,3618,15.07,1.000,
W3570,DR2,6045489936003371648,162350.31,-262751.6,17.92,18.35,17.05,3613,12.07,1.000,
W3571,DR2,6045502511674278144,162350.33,-262318.0,17.17,17.69,16.42,3596,3.53,1.000,
W3572,DR2,6045490279607361152,162350.34,-262618.3,17.46,17.89,16.63,3581,4.50,1.000,
W3573,DR2,6045502133717143808,162350.34,-262403.5,17.63,18.14,16.81,3596,4.53,1.000,
W3574,DR2,6045489867290449792,162350.34,-262854.0,16.31,16.49,15.33,3623,11.65,1.000,
W3575,DR2,6045490279607363456,162350.35,-262610.3,16.95,17.41,16.23,3593,6.48,1.000,
W3576,DR2,6045490279607378304,162350.36,-262528.2,16.78,17.44,15.87,3629,2.59,0.498,
W3577,DR2,6045502511667879680,162350.37,-262314.4,17.14,17.41,16.19,3606,3.57,1.000,
W3578,DR2,6045490382686610944,162350.37,-262438.9,16.39,16.89,15.68,3617,1.61,1.000,
W3579,DR2,6045489970369691392,162350.38,-262740.4,17.73,18.21,16.95,3613,5.21,1.000,
W3580,DR2,6045489867283832192,162350.43,-262848.5,18.34,18.78,17.44,2385,263.99,1.000,
W3581,DR2,6045502610449235712,162350.46,-262202.2,19.04,19.36,18.12,3578,25.80,0.388,
W3582,DR2,6045489966067674496,162350.47,-262655.7,18.11,18.62,17.25,3588,8.32,1.000,
W3583,DR2,6045502919679680384,162350.47,-262124.5,18.90,19.44,17.93,3618,12.53,1.000,
W3584,DR2,6045502614753502080,162350.49,-262242.1,18.55,19.00,17.40,3608,11.06,1.000,
W3585,DR2,6045490348326856960,162350.50,-262519.9,17.81,18.31,17.01,3629,6.59,1.000,
W3586,DR2,6045489867283826560,162350.51,-262851.6,16.57,16.97,15.76,3618,12.46,1.000,
W3587,DR2,6045502580393762688,162350.52,-262247.9,16.86,17.36,16.16,3617,2.22,1.000,
W3588,DR2,6045489936009947008,162350.53,-262753.8,15.11,15.66,14.40,3630,0.68,0.994,
W3589,DR2,6045489867290447744,162350.53,-262857.2,15.75,16.45,14.90,3616,3.54,0.000,
W3590,DR2,6045490176528138752,162350.54,-262638.2,17.22,17.69,16.47,3614,3.76,1.000,
W3591,DR2,6045489867290468992,162350.54,-262756.0,16.98,17.47,16.20,3614,4.23,1.000,
W3592,DR2,6045490279600843520,162350.56,-262617.6,17.72,18.07,16.72,3609,6.74,,N.D.
W3593,DR2,6045490382686601088,162350.56,-262502.6,17.90,18.41,17.10,3621,16.31,1.000,
W3594,DR2,6045502614753507712,162350.56,-262224.0,18.62,19.17,17.75,3557,13.23,1.000,
W3595,DR2,6045490382680165248,162350.56,-262436.7,18.95,19.40,17.93,3595,21.93,1.000,
W3596,DR2,6045490275295665664,162350.57,-262544.7,16.21,16.67,15.47,3620,1.48,1.000,
W3597,DR2,6045489867283846400,162350.61,-262833.9,19.11,19.47,18.17,3573,42.77,0.000,
W3598,DR2,6045490279607359360,162350.64,-262621.2,17.05,17.54,16.33,3622,3.62,1.000,
W3599,DR2,6045502511667873280,162350.68,-262314.4,19.01,19.29,17.86,3581,18.99,1.000,
W3600,DR2,6045490382686615936,162350.73,-262418.9,16.97,17.46,16.24,3605,3.25,1.000,
W3601,DR2,6045489867283820416,162350.73,-262855.2,18.84,19.14,17.79,1684,264.41,1.000,
W3602,DR2,6045489970369704064,162350.75,-262653.6,17.95,18.43,17.13,3598,6.93,1.000,
W3603,DR2,6045490348326855680,162350.79,-262521.0,18.71,19.19,17.75,3623,12.68,1.000,
W3604,DR2,6045489867290454912,162350.83,-262837.7,17.75,18.22,16.97,3589,6.30,1.000,
W3605,DR2,6045489970363144320,162350.83,-262715.3,18.86,19.32,17.88,3600,15.69,1.000,
W3606,DR2,6045489867283887360,162350.86,-262751.2,18.98,19.33,17.96,988,256.81,1.000,
W3607,DR2,6045490279607357056,162350.87,-262626.8,18.00,18.52,17.17,3627,7.29,0.000,
W3608,DR2,6045489867290446592,162350.87,-262858.8,17.43,17.89,16.65,3587,19.77,1.000,
W3609,DR2,6045489970369692928,162350.87,-262731.4,16.01,16.53,15.28,3635,1.46,1.000,
W3610,DR2,6045490279607375872,162350.90,-262528.7,17.00,17.49,16.27,3632,3.00,1.000,
W3611,DR2,6045490279607362304,162350.92,-262607.9,14.64,15.30,13.83,3649,0.49,1.000,
W3612,DR2,6045489867290809344,162350.95,-262807.0,16.60,17.08,15.90,3612,2.11,1.000,
W3613,DR2,6045490378374924416,162350.96,-262514.2,18.98,19.61,17.85,3612,16.98,0.000,
W3614,DR2,6045490382686601216,162350.98,-262458.6,15.29,15.81,14.60,3652,0.72,0.000,
W3615,DR2,6045490378374973056,162351.01,-262435.0,18.91,19.41,17.92,3617,18.77,1.000,
W3616,DR2,6045502511674280704,162351.02,-262302.3,16.98,17.46,16.27,3619,2.42,1.000,
W3617,DR2,6045489111376199040,162351.02,-262906.6,18.76,18.68,17.57,3610,28.79,1.000,
W3618,DR2,6045489970363122944,162351.04,-262733.1,16.54,17.00,15.80,3646,2.11,1.000,
W3619,DR2,6045489970369695488,162351.05,-262719.8,18.17,18.67,17.33,3618,9.15,1.000,
W3620,DR2,6045489862978610048,162351.10,-262755.5,18.48,18.93,17.59,1988,180.31,1.000,
W3621,DR2,6045489111369563904,162351.10,-262908.4,17.97,18.37,17.10,3629,10.56,1.000,
W3622,DR2,6045465643673821056,162351.13,-262914.3,16.00,16.56,15.25,3626,1.37,1.000,
W3623,DR2,6045465643673549312,162351.16,-262923.9,18.23,18.68,17.37,3531,49.40,1.000,
W3624,DR2,6045502511667838080,162351.16,-262357.1,18.20,18.75,17.30,3610,6.91,0.000,
W3625,DR2,6045489970369706368,162351.18,-262643.4,17.08,17.55,16.29,3624,2.69,1.000,
W3626,DR2,6045502511667842816,162351.19,-262351.5,18.77,19.18,17.89,3586,22.91,0.000,
W3627,DR2,6045489970369688064,162351.19,-262742.2,16.19,16.69,15.48,3611,1.41,1.000,
W3628,DR2,6045489867290456576,162351.21,-262829.1,17.58,18.05,16.80,3617,6.08,1.000,
W3629,DR2,6045489867290455040,162351.21,-262833.8,17.08,17.53,16.33,3574,3.50,1.000,
W3630,DR2,6045490309655439616,162351.21,-262523.2,16.53,17.01,15.81,3641,1.77,1.000,
W3631,DR2,6045502614753505408,162351.26,-262225.9,16.92,17.42,16.22,3605,2.53,1.000,
W3632,DR2,6045465643663393152,162351.27,-262927.1,19.11,19.39,17.98,3567,82.98,1.000,
W3633,DR2,6045502511674264960,162351.30,-262355.6,17.78,18.21,16.89,3616,5.24,1.000,
W3634,DR2,6045502614753500416,162351.31,-262243.4,18.63,19.18,17.73,3604,10.57,1.000,
W3635,DR2,6045502541722468992,162351.31,-262255.5,18.99,19.53,18.03,3615,15.37,1.000,
W3636,DR2,6045489862978585856,162351.33,-262802.7,17.08,17.56,16.34,3617,3.69,1.000,
W3637,DR2,6045489111376695296,162351.36,-262911.2,18.25,18.69,17.39,3635,16.31,1.000,
W3638,DR2,6045490279600839424,162351.37,-262613.5,18.91,19.33,17.93,3546,53.35,1.000,
W3639,DR2,6045489867283823872,162351.37,-262845.7,19.11,19.39,18.10,3591,19.09,1.000,
W3640,DR2,6045490275295636736,162351.38,-262603.2,16.85,17.08,15.94,3614,6.81,1.000,
W3641,DR2,6045489970363151872,162351.38,-262701.8,19.05,19.52,18.03,3614,20.88,1.000,
W3642,DR2,6045490382680122880,162351.39,-262506.1,18.94,18.69,17.43,3600,18.95,1.000,
W3643,DR2,6045502507362704512,162351.42,-262324.4,19.10,19.44,17.93,3593,27.02,,N.D.
W3644,DR2,6045490378374993792,162351.43,-262415.1,18.18,18.71,17.32,3615,8.20,1.000,
W3645,DR2,6045489970369698048,162351.44,-262705.9,16.46,16.95,15.75,3633,1.50,1.000,
W3646,DR2,6045465639362931456,162351.45,-262924.3,18.12,18.98,17.04,3619,11.84,0.000,
W3647,DR2,6045489867290455296,162351.46,-262829.8,17.68,18.15,16.90,3625,6.13,1.000,
W3648,DR2,6045489970369692288,162351.46,-262727.1,16.55,17.03,15.83,3618,2.54,1.000,
W3649,DR2,6045490382686597120,162351.51,-262506.4,16.74,17.19,16.02,3612,2.32,1.000,
W3650,DR2,6045489111376196736,162351.54,-262913.7,17.72,18.17,16.91,3631,8.50,0.000,
W3651,DR2,6045490309655459840,162351.56,-262514.7,16.73,17.22,16.02,3625,2.12,1.000,
W3652,DR2,6045490279607367296,162351.57,-262547.5,18.03,18.49,17.20,3615,6.32,1.000,
W3653,DR2,6045490279600854144,162351.57,-262555.8,19.14,19.59,18.12,3595,26.22,1.000,
W3654,DR2,6045489970363125632,162351.60,-262728.1,18.72,18.98,17.70,3616,17.30,1.000,
W3655,DR2,6045489966057872000,162351.65,-262718.1,18.45,18.90,17.57,3629,9.65,1.000,
W3656,DR2,6045490382686612480,162351.66,-262422.0,16.32,16.71,15.50,3603,1.60,1.000,
W3657,DR2,6045465639368690560,162351.68,-262927.1,18.61,19.03,17.68,3590,13.76,1.000,
W3658,DR2,6045502610449262080,162351.71,-262159.1,19.02,19.60,17.99,3596,15.13,0.000,
W3659,DR2,6045502511674266240,162351.75,-262348.6,16.07,16.59,15.35,3626,1.16,1.000,
W3660,DR2,6045490313960637696,162351.75,-262511.6,19.07,19.50,18.01,3609,27.14,1.000,
W3661,DR2,6045490279607361664,162351.76,-262603.6,16.70,16.95,15.74,3617,3.36,1.000,
W3662,DR2,6045502511674272000,162351.81,-262320.9,16.14,16.65,15.44,3630,1.41,1.000,
W3663,DR2,6045489970369700224,162351.81,-262655.5,18.66,19.17,17.75,3627,10.62,1.000,
W3664,DR2,6045489111369553024,162351.82,-262912.6,18.49,18.94,17.61,3630,16.34,1.000,
W3665,DR2,6045489897338359552,162351.84,-262739.1,18.89,19.26,17.76,3626,12.47,1.000,
W3666,DR2,6045489867290456832,162351.85,-262822.5,16.66,17.14,15.95,3610,2.55,1.000,
W3667,DR2,6045489970369690112,162351.86,-262730.2,17.29,17.75,16.51,3628,3.89,1.000,
W3668,DR2,6045490382680168576,162351.87,-262420.0,18.07,18.51,17.20,3624,7.44,1.000,
W3669,DR2,6045490313967115648,162351.87,-262516.6,17.53,18.04,16.74,3607,5.55,0.000,
W3670,DR2,6045490382686600448,162351.87,-262452.6,17.20,17.71,16.42,3605,2.94,0.000,
W3671,DR2,6045490313960633728,162351.87,-262513.1,18.35,18.74,17.43,3612,12.87,1.000,
W3672,DR2,6045489862978533760,162351.88,-262839.9,18.50,18.90,17.67,3605,10.76,0.000,
W3673,DR2,6045502610449266560,162351.94,-262155.2,18.49,19.02,17.59,3631,11.72,1.000,
W3674,DR2,6045489862978544384,162351.95,-262849.3,17.89,18.23,16.77,3610,7.40,1.000,
W3675,DR2,6045489970369690496,162351.99,-262727.8,18.70,19.06,17.72,3614,15.85,1.000,
W3676,DR2,6045490279607359872,162352.02,-262606.6,15.95,16.47,15.23,3645,1.15,1.000,
W3677,DR2,6045489901650202368,162352.03,-262759.6,17.74,18.17,16.90,3551,26.58,0.057,
W3678,DR2,6045489107064238720,162352.06,-262921.5,17.82,18.14,16.83,3612,5.49,1.000,
W3679,DR2,6045502507362685056,162352.12,-262332.9,18.79,19.25,17.86,3594,12.36,0.000,
W3680,DR2,6045489111369540224,162352.15,-262921.3,19.06,19.34,17.71,3601,14.07,1.000,
W3681,DR2,6045490279600855296,162352.26,-262547.7,19.06,,,3619,16.54,1.000,
W3682,DR2,6045490279607364096,162352.27,-262548.8,18.79,18.65,17.30,3606,13.74,1.000,
W3683,DR2,6045489970369693056,162352.29,-262717.2,18.39,18.85,17.53,3620,8.80,0.000,
W3684,DR2,6045490382686606208,162352.30,-262435.4,14.19,14.85,13.39,3647,0.48,1.000,
W3685,DR2,6045490313967118208,162352.31,-262504.1,17.10,17.58,16.38,3613,2.94,1.000,
W3686,DR2,6045489901643611264,162352.31,-262754.1,17.38,17.99,16.40,3549,24.60,0.000,
W3687,DR2,6045489111376200704,162352.31,-262847.6,16.74,16.95,15.78,3631,2.33,1.000,
W3688,DR2,6045489901643594112,162352.31,-262810.3,18.55,,,3548,52.66,1.000,
W3689,DR2,6045490073448918528,162352.32,-262642.6,18.16,18.67,17.32,3599,7.27,1.000,
W3690,DR2,6045489111376558720,162352.32,-262904.7,18.07,18.52,17.14,3637,16.32,1.000,
W3691,DR2,6045489867290454144,162352.35,-262824.4,16.81,17.28,16.10,3620,2.96,1.000,
W3692,DR2,6045490073448919552,162352.36,-262637.7,17.98,18.52,17.16,3617,6.39,0.000,
W3693,DR2,6045490279607358464,162352.39,-262608.9,17.28,18.06,16.34,3602,4.89,0.008,
W3694,DR2,6045490309655405696,162352.39,-262541.3,18.66,19.05,17.55,3619,11.11,1.000,
W3695,DR2,6045489901650197632,162352.40,-262809.7,17.00,17.39,16.15,3584,23.84,1.000,
W3696,DR2,6045490279607359744,162352.41,-262603.6,17.25,17.72,16.51,3603,7.52,1.000,
W3697,DR2,6045490073448925056,162352.41,-262615.7,18.72,19.23,17.79,3614,12.69,1.000,
W3698,DR2,6045489867290450688,162352.41,-262832.7,17.20,17.69,16.47,3633,4.60,1.000,
W3699,DR2,6045489111369569920,162352.42,-262847.3,16.83,17.29,16.08,3622,2.92,1.000,
W3700,DR2,6045490760643731584,162352.43,-262422.9,16.40,16.88,15.70,3628,1.79,1.000,
W3701,DR2,6045489901650210432,162352.48,-262731.6,17.54,18.01,16.78,3642,4.48,1.000,
W3702,DR2,6045489867283817984,162352.49,-262841.7,18.12,18.39,17.10,3639,7.68,0.000,
W3703,DR2,6045489867283823616,162352.49,-262835.8,18.74,19.25,17.76,3620,12.40,1.000,
W3704,DR2,6045490313967107200,162352.49,-262533.7,17.09,17.55,16.36,3614,3.27,1.000,
W3705,DR2,6045490760643739392,162352.50,-262358.8,17.57,18.07,16.79,3624,3.83,1.000,
W3706,DR2,6045489867290455680,162352.51,-262818.9,16.19,16.67,15.47,3637,2.03,1.000,
W3707,DR2,6045489901650201856,162352.51,-262757.7,14.40,14.96,13.68,3611,1.06,0.000,
W3708,DR2,6045489107069996800,162352.52,-262912.5,18.66,19.12,17.72,3631,30.14,1.000,
W3709,DR2,6045490760643734272,162352.52,-262414.3,17.63,18.13,16.84,3605,4.62,1.000,
W3710,DR2,6045489901643619072,162352.57,-262739.6,17.76,17.88,16.73,3621,5.13,1.000,
W3711,DR2,6045490760637287680,162352.58,-262417.2,18.32,18.85,17.41,3637,12.05,0.000,
W3712,DR2,6045490382686604416,162352.59,-262435.5,18.07,18.45,17.12,3574,28.04,1.000,
W3713,DR2,6045502507362704384,162352.60,-262322.8,17.28,17.68,16.35,3602,3.52,0.000,
W3714,DR2,6045490313967107328,162352.61,-262529.8,16.61,17.06,15.90,3617,2.11,1.000,
W3715,DR2,6045502546034019328,162352.61,-262246.3,17.19,17.70,16.46,3619,3.18,1.000,
W3716,DR2,6045502717832994176,162352.62,-262153.7,17.51,18.02,16.77,3628,4.18,1.000,
W3717,DR2,6045502511674269440,162352.62,-262321.4,19.22,,,3607,10.00,0.000,
W3718,DR2,6045502717832995328,162352.62,-262142.0,18.23,18.80,17.39,3635,7.51,0.006,
W3719,DR2,6045489111376695680,162352.62,-262900.7,18.57,19.23,17.51,3627,14.47,0.004,
W3720,DR2,6045490279607358976,162352.63,-262605.2,18.11,18.67,17.20,3578,20.33,0.000,
W3721,DR2,6045490760637273984,162352.63,-262431.0,19.03,19.39,17.98,3481,72.80,1.000,
W3722,DR2,6045489111376195840,162352.64,-262905.4,18.48,,,3534,24.30,1.000,
W3723,DR2,6045489867290454656,162352.64,-262820.8,17.38,17.79,16.61,3634,5.83,1.000,
W3724,DR2,6045489107064264448,162352.65,-262906.3,16.34,16.70,15.48,3624,2.63,1.000,
W3725,DR2,6045490309660840064,162352.66,-262542.2,18.39,18.83,17.51,3602,9.78,1.000,
W3726,DR2,6045502541729806976,162352.69,-262309.8,18.84,19.12,17.55,3564,17.06,1.000,
W3727,DR2,6045490756337438976,162352.72,-262425.1,18.38,18.84,17.49,3584,18.21,1.000,
W3728,DR2,6045489901650198400,162352.78,-262802.6,17.19,17.63,16.40,3558,23.06,1.000,
W3729,DR2,6045502614753502592,162352.80,-262219.1,16.72,17.20,16.02,3548,34.65,1.000,
W3730,DR2,6045489107064264704,162352.80,-262914.8,17.86,18.23,16.97,3622,11.60,1.000,
W3731,DR2,6045489970369692800,162352.81,-262713.9,18.41,18.89,17.51,3608,9.63,1.000,
W3732,DR2,6045502614753506816,162352.82,-262205.6,19.06,,,3605,14.56,0.000,
W3733,DR2,6045489901650196736,162352.83,-262808.2,15.94,16.18,14.97,3626,10.41,1.000,
W3734,DR2,6045489867290448768,162352.86,-262833.4,16.09,16.60,15.38,3636,1.34,1.000,
W3735,DR2,6045489111376190464,162352.88,-262918.3,17.43,17.45,16.15,3616,3.78,,N.D.
W3736,DR2,6045490309655447552,162352.90,-262514.5,18.55,19.01,17.58,3615,9.57,1.000,
W3737,DR2,6045489901643599872,162352.90,-262756.1,16.32,16.79,15.58,3623,7.11,1.000,
W3738,DR2,6045502614747130368,162352.92,-262206.0,17.26,17.70,16.46,3615,4.84,1.000,
W3739,DR2,6045489111376194304,162352.94,-262907.7,15.25,15.88,14.45,3620,0.91,1.000,
W3740,DR2,6045489111371480192,162352.95,-262857.8,18.35,18.79,17.47,3637,11.58,1.000,
W3741,DR2,6045489901650202240,162352.99,-262750.7,17.22,17.69,16.48,3607,9.44,1.000,
W3742,DR2,6045489901650196864,162352.99,-262806.9,13.03,13.78,12.18,3684,0.52,1.000,
W3743,DR2,6045490309656509184,162352.99,-262540.3,18.84,19.16,18.01,3596,22.01,0.000,
W3744,DR2,6045489901650212608,162352.00,-262722.1,17.43,17.86,16.66,3616,4.31,1.000,
W3745,DR2,6045502546034016256,162353.01,-262254.6,19.10,19.65,18.12,3616,15.09,1.000,
W3746,DR2,6045490279607361536,162353.02,-262552.2,16.30,16.71,15.67,3613,3.20,1.000,
W3747,DR2,6045489970369690240,162353.03,-262718.6,16.67,17.19,15.91,3610,1.99,0.000,
W3748,DR2,6045489111376197760,162353.03,-262854.2,17.09,17.57,16.36,3650,3.00,1.000,
W3749,DR2,6045490760643744640,162353.04,-262335.5,17.70,18.20,16.93,3609,4.42,1.000,
W3750,DR2,6045490760643742720,162353.05,-262339.9,18.43,18.97,17.58,3607,8.46,1.000,
W3751,DR2,6045490756332110208,162353.13,-262420.7,18.49,18.98,17.63,3606,11.58,1.000,
W3752,DR2,6045502717832734208,162353.14,-262119.4,17.56,18.08,16.82,3579,5.59,1.000,
W3753,DR2,6045490073448914432,162353.15,-262645.3,17.99,18.52,17.13,3589,18.93,0.000,
W3754,DR2,6045489897343980032,162353.16,-262735.9,17.42,17.88,16.67,3619,3.88,1.000,
W3755,DR2,6045490073448911744,162353.19,-262653.8,17.19,17.67,16.46,3604,3.10,1.000,
W3756,DR2,6045502541722509952,162353.21,-262224.5,12.47,12.84,11.93,3681,0.61,0.000,
W3757,DR2,6045502546034010624,162353.22,-262306.6,16.69,17.22,15.95,3627,1.97,0.000,
W3758,DR2,6045489901650212864,162353.23,-262718.4,18.59,,,3597,14.05,,N.D.
W3759,DR2,6045490073448916224,162353.24,-262639.0,15.37,15.98,14.60,3621,1.33,0.000,
W3760,DR2,6045489901650206848,162353.27,-262732.2,16.91,17.36,16.19,3628,2.36,1.000,
W3761,DR2,6045489901643638400,162353.29,-262719.0,17.50,17.87,16.61,3592,5.56,1.000,
W3762,DR2,6045490313960599808,162353.30,-262529.6,17.36,17.80,16.58,3640,3.64,1.000,
W3763,DR2,6045489901650189440,162353.30,-262823.3,16.91,17.38,16.19,3622,3.12,1.000,
W3764,DR2,6045489111376202624,162353.31,-262834.7,18.87,19.28,17.90,3588,35.55,1.000,
W3765,DR2,6045489111370900608,162353.31,-262854.0,18.70,19.15,17.78,3634,15.33,1.000,
W3766,DR2,6045489901643633408,162353.32,-262723.2,18.47,18.91,17.57,3626,12.04,1.000,
W3767,DR2,6045489901650191488,162353.32,-262817.5,17.28,17.63,16.43,3646,11.45,1.000,
W3768,DR2,6045502546034008320,162353.36,-262313.0,17.93,18.44,17.11,3590,6.94,1.000,
W3769,DR2,6045490313967108608,162353.37,-262521.0,17.27,17.80,16.52,3637,3.50,0.000,
W3770,DR2,6045490313967104640,162353.37,-262531.8,16.89,17.32,16.11,3640,2.66,1.000,
W3771,DR2,6045490760643739264,162353.41,-262350.5,17.32,17.82,16.59,3625,2.94,1.000,
W3772,DR2,6045502717832725888,162353.41,-262144.7,17.70,18.23,16.92,3627,5.00,1.000,
W3773,DR2,6045489111369535360,162353.42,-262913.9,18.29,18.14,16.90,3641,15.57,1.000,
W3774,DR2,6045489111376199296,162353.43,-262846.1,16.83,17.26,16.09,3606,3.31,1.000,
W3775,DR2,6045489901650202752,162353.44,-262745.7,16.16,16.65,15.46,3628,1.38,1.000,
W3776,DR2,6045490073442369664,162353.47,-262640.8,17.77,,,3591,12.73,,N.D.
W3777,DR2,6045490073448926464,162353.49,-262602.8,18.04,18.52,17.19,3603,13.66,1.000,
W3778,DR2,6045490756337439616,162353.50,-262441.5,18.94,19.63,17.76,3571,27.81,0.000,
W3779,DR2,6045489901650192384,162353.52,-262814.3,17.47,17.87,16.58,3605,30.04,1.000,
W3780,DR2,6045489111376199808,162353.52,-262842.6,16.11,16.61,15.37,3631,1.66,1.000,
W3781,DR2,6045490073448914944,162353.53,-262640.5,16.15,16.47,15.26,3625,2.43,1.000,
W3782,DR2,6045490313967106304,162353.61,-262525.5,17.32,17.80,16.59,3620,4.85,1.000,
W3783,DR2,6045490069137093888,162353.64,-262711.7,19.10,19.37,18.14,3585,28.85,0.000,
W3784,DR2,6045489901650195584,162353.66,-262803.6,17.37,17.73,16.43,1390,168.78,1.000,
W3785,DR2,6045502546034017536,162353.67,-262244.9,16.87,17.36,16.16,3616,3.51,1.000,
W3786,DR2,6045490313967102848,162353.68,-262534.5,17.00,17.48,16.30,3629,5.07,1.000,
W3787,DR2,6045489111376191104,162353.69,-262909.6,19.10,19.36,17.97,2862,180.36,1.000,
W3788,DR2,6045490073442358144,162353.70,-262649.7,18.77,19.21,17.82,3572,41.85,1.000,
W3789,DR2,6045489901643615744,162353.71,-262732.7,18.80,19.26,17.88,3611,18.11,1.000,
W3790,DR2,6045490309655442176,162353.71,-262519.9,18.96,19.14,17.82,3609,24.07,1.000,
W3791,DR2,6045489901643573120,162353.74,-262815.1,18.80,19.23,17.83,3430,69.12,1.000,
W3792,DR2,6045502713521258624,162353.80,-262113.1,18.96,19.50,18.01,3617,15.97,1.000,
W3793,DR2,6045502717832732160,162353.81,-262120.3,17.76,18.56,16.77,3607,6.03,0.000,
W3794,DR2,6045490313960621568,162353.81,-262508.8,18.64,19.14,17.53,3618,10.14,0.348,
W3795,DR2,6045490691924243968,162353.83,-262440.1,16.20,16.68,15.51,3637,1.34,1.000,
W3796,DR2,6045489111376185856,162353.83,-262927.0,16.62,17.11,15.92,3639,2.36,1.000,
W3797,DR2,6045489901650196224,162353.85,-262759.6,15.14,15.78,14.35,3611,1.03,1.000,
W3798,DR2,6045490073448912384,162353.87,-262644.4,15.62,16.16,14.89,3610,1.26,0.006,
W3799,DR2,6045489107064267904,162353.89,-262857.1,18.66,19.07,17.76,3624,11.83,1.000,
W3800,DR2,6045489145735940096,162353.90,-262831.7,17.77,18.24,16.99,3639,4.99,1.000,
W3801,DR2,6045489111369562624,162353.92,-262844.7,18.15,17.79,16.92,3633,11.29,0.000,
W3802,DR2,6045502649113513984,162353.94,-262216.2,15.98,16.58,15.23,3519,3.44,0.000,
W3803,DR2,6045490760643729152,162353.94,-262418.2,17.77,18.25,16.99,3616,4.96,1.000,
W3804,DR2,6045490073448908416,162353.97,-262701.0,16.67,17.14,15.97,3636,1.93,1.000,
W3805,DR2,6045490313967112192,162353.99,-262505.3,17.83,18.32,17.04,3609,5.14,1.000,
W3806,DR2,6045489111376198400,162353.00,-262842.8,17.09,17.44,16.30,3650,3.98,1.000,
W3807,DR2,6045489111376190336,162354.02,-262907.9,17.01,17.48,16.29,3643,2.96,1.000,
W3808,DR2,6045490756332104192,162354.03,-262428.0,18.03,18.54,17.23,3629,5.77,1.000,
W3809,DR2,6045489897338385280,162354.04,-262732.7,18.96,19.56,17.90,3592,28.53,0.000,
W3810,DR2,6045490073448912640,162354.06,-262641.9,16.10,16.59,15.40,3604,3.43,1.000,
W3811,DR2,6045489901650188544,162354.08,-262818.6,17.34,17.79,16.57,3644,4.41,1.000,
W3812,DR2,6045489111376198272,162354.15,-262841.7,16.71,17.11,15.97,3655,3.23,1.000,
W3813,DR2,6045490107808666240,162354.18,-262553.4,17.28,17.04,15.53,3481,65.63,0.000,
W3814,DR2,6045489901650205696,162354.19,-262726.7,15.00,15.58,14.27,3648,0.57,0.000,
W3815,DR2,6045489901650547840,162354.22,-262736.0,17.48,17.99,16.70,3638,4.70,1.000,
W3816,DR2,6045490760643728128,162354.23,-262417.4,17.92,18.38,17.19,3628,5.45,0.000,
W3817,DR2,6045490760643738624,162354.24,-262344.1,16.54,17.01,15.85,3599,1.77,1.000,
W3818,DR2,6045490103496970880,162354.26,-262607.8,18.77,19.20,17.74,1931,230.28,1.000,
W3819,DR2,6045490309660841856,162354.26,-262456.0,18.42,18.92,17.51,3626,8.56,1.000,
W3820,DR2,6045490309655467392,162354.28,-262501.2,17.51,17.91,16.64,3627,3.85,1.000,
W3821,DR2,6045490004722833664,162354.34,-262723.7,19.08,19.31,17.93,3294,114.34,1.000,
W3822,DR2,6045489141431878656,162354.37,-262836.6,17.20,17.67,16.48,3637,5.91,1.000,
W3823,DR2,6045490069137116544,162354.37,-262700.2,18.22,18.71,17.39,3626,8.65,1.000,
W3824,DR2,6045490103506631168,162354.38,-262601.7,18.40,18.87,17.47,3261,93.53,1.000,
W3825,DR2,6045490107808665088,162354.39,-262554.1,11.97,12.75,11.11,3715,0.80,1.000,
W3826,DR2,6045489107072142336,162354.40,-262903.6,17.37,17.85,16.63,3623,3.61,1.000,
W3827,DR2,6045490073448914176,162354.41,-262634.3,18.66,19.16,17.75,3608,14.95,1.000,
W3828,DR2,6045489107072142464,162354.43,-262923.6,17.92,18.38,17.07,3631,6.30,1.000,
W3829,DR2,6045489111376196352,162354.43,-262848.3,17.19,17.64,16.45,3621,6.04,1.000,
W3830,DR2,6045489897346125056,162354.44,-262804.2,17.35,17.82,16.58,3626,4.82,1.000,
W3831,DR2,6045502649113513344,162354.44,-262216.1,17.30,17.82,16.56,3585,6.44,1.000,
W3832,DR2,6045490004729426304,162354.46,-262712.1,14.80,15.44,14.01,3617,0.65,1.000,
W3833,DR2,6045502717832720000,162354.49,-262158.4,18.97,19.32,18.09,3618,14.13,0.000,
W3834,DR2,6045489141424032896,162354.52,-262841.8,16.18,16.66,15.45,3619,2.15,1.000,
W3835,DR2,6045489901650200192,162354.57,-262740.6,17.91,18.41,17.11,3639,5.23,1.000,
W3836,DR2,6045502713521251584,162354.59,-262121.4,18.44,19.01,17.59,3604,10.47,1.000,
W3837,DR2,6045490073448908544,162354.63,-262651.2,18.96,18.49,17.56,3619,11.79,0.000,
W3838,DR2,6045490073442345472,162354.64,-262653.0,18.63,18.65,17.44,3632,10.03,1.000,
W3839,DR2,6045490794997042688,162354.65,-262340.1,19.05,19.40,18.02,3596,26.62,1.000,
W3840,DR2,6045490309662990848,162354.65,-262528.4,17.11,17.56,16.37,3623,2.85,1.000,
W3841,DR2,6045489145735942912,162354.66,-262816.8,16.34,16.82,15.65,3643,1.76,1.000,
W3842,DR2,6045490313960592640,162354.68,-262524.8,19.14,19.33,17.99,3621,14.10,0.000,
W3843,DR2,6045490760643728768,162354.69,-262412.1,17.48,17.96,16.73,3638,3.65,1.000,
W3844,DR2,6045490756332138496,162354.69,-262355.8,17.25,17.63,16.35,3622,3.07,1.000,
W3845,DR2,6045502541722479232,162354.72,-262250.2,18.81,19.47,17.67,3592,23.97,0.000,
W3846,DR2,6045490313960589440,162354.73,-262530.7,18.79,19.22,17.74,3607,10.99,0.000,
W3847,DR2,6045489107064271104,162354.76,-262855.8,16.23,16.70,15.54,3626,1.51,1.000,
W3848,DR2,6045489111376188800,162354.76,-262907.2,17.79,18.22,16.94,3623,5.30,1.000,
W3849,DR2,6045490004729422848,162354.77,-262716.1,16.35,16.82,15.65,3594,3.79,1.000,
W3850,DR2,6045490313967107072,162354.79,-262512.4,17.60,18.11,16.85,3622,4.42,1.000,
W3851,DR2,6045490000417598080,162354.80,-262724.2,19.07,19.34,18.24,1680,129.12,0.000,
W3852,DR2,6045489111369537280,162354.84,-262859.9,18.74,19.18,17.85,3624,16.08,0.000,
W3853,DR2,6045490004722851072,162354.87,-262707.1,17.43,17.87,16.66,3600,24.51,1.000,
W3854,DR2,6045489038344757504,162354.88,-262926.3,18.24,18.69,17.30,3636,8.94,1.000,
W3855,DR2,6045490795003476480,162354.91,-262339.7,17.13,17.34,16.08,3610,3.40,1.000,
W3856,DR2,6045502546034012288,162354.92,-262246.6,16.67,17.16,15.97,3588,2.21,1.000,
W3857,DR2,6045489145735933568,162354.94,-262846.8,16.06,16.55,15.36,3633,1.51,1.000,
W3858,DR2,6045502713521243264,162354.94,-262129.6,18.30,19.07,17.31,3621,7.81,0.000,
W3859,DR2,6045490004722840704,162354.95,-262713.1,17.82,18.25,17.01,3370,85.29,1.000,
W3860,DR2,6045489145735942272,162354.97,-262813.4,16.34,16.79,15.61,3608,2.12,1.000,
W3861,DR2,6045490069144831360,162354.97,-262642.4,17.94,18.36,17.10,3626,5.45,1.000,
W3862,DR2,6045490107808658944,162354.98,-262610.8,12.83,13.74,11.90,3667,0.86,0.000,
W3863,DR2,6045490790691921920,162354.98,-262316.1,19.00,19.49,18.03,3638,13.35,1.000,
W3864,DR2,6045490687612614272,162355.03,-262436.2,17.59,18.15,16.79,3620,3.97,0.001,
W3865,DR2,6045489145729281920,162355.03,-262850.1,17.80,18.29,16.95,3648,7.74,1.000,
W3866,DR2,6045490073442351488,162355.07,-262644.0,18.72,19.17,17.51,3634,9.67,0.001,
W3867,DR2,6045502649113236608,162355.08,-262214.0,18.51,18.99,17.45,3620,10.18,0.000,
W3868,DR2,6045490004729425152,162355.09,-262708.0,15.93,16.46,15.20,3611,3.38,1.000,
W3869,DR2,6045489141424048640,162355.10,-262821.0,18.31,18.59,17.14,3629,8.39,1.000,
W3870,DR2,6045490760643725056,162355.15,-262414.7,18.85,19.58,17.73,3622,12.09,0.001,
W3871,DR2,6045489901650198528,162355.19,-262739.8,18.09,18.45,17.14,3638,6.50,1.000,
W3872,DR2,6045489901650193536,162355.19,-262753.9,17.42,17.85,16.57,3641,3.51,1.000,
W3873,DR2,6045489145735937280,162355.20,-262830.0,17.86,18.34,17.06,3623,5.50,1.000,
W3874,DR2,6045490107802125696,162355.21,-262604.4,19.12,19.44,17.92,836,368.15,1.000,
W3875,DR2,6045490069137153920,162355.22,-262636.1,18.40,18.86,17.54,3626,12.82,1.000,
W3876,DR2,6045490107802116992,162355.28,-262614.4,17.81,18.20,16.87,2075,101.16,0.000,
W3877,DR2,6045490073448913408,162355.28,-262627.8,17.53,17.95,16.64,3603,5.49,0.000,
W3878,DR2,6045490107808665856,162355.30,-262544.2,17.80,18.33,17.01,3618,7.36,0.000,
W3879,DR2,6045502546034008064,162355.32,-262256.2,17.17,17.68,16.44,3606,3.56,1.000,
W3880,DR2,6045489038344757376,162355.33,-262926.5,17.63,18.11,16.86,3651,4.72,1.000,
W3881,DR2,6045490691924244096,162355.33,-262425.6,15.76,16.32,15.01,3623,0.90,1.000,
W3882,DR2,6045502717832724096,162355.35,-262135.7,17.66,18.16,16.90,3612,4.59,1.000,
W3883,DR2,6045490691924234496,162355.35,-262451.0,17.43,17.93,16.69,3628,4.81,1.000,
W3884,DR2,6045490313960586240,162355.37,-262527.7,18.69,19.09,17.82,3598,20.32,0.017,
W3885,DR2,6045490004729428224,162355.48,-262658.3,17.42,17.88,16.67,3640,3.62,1.000,
W3886,DR2,6045489145735928320,162355.52,-262854.2,18.09,18.73,17.17,3641,9.27,0.000,
W3887,DR2,6045489145736297216,162355.53,-262834.0,17.26,17.75,16.53,3632,3.27,1.000,
W3888,DR2,6045489111376188288,162355.54,-262902.2,17.52,18.01,16.76,3618,4.03,1.000,
W3889,DR2,6045489145735931392,162355.58,-262844.9,17.59,18.06,16.77,3641,8.49,1.000,
W3890,DR2,6045490691917740544,162355.60,-262454.7,18.77,,,3629,14.79,1.000,
W3891,DR2,6045489042656707072,162355.60,-262917.1,17.18,17.62,16.39,3636,3.63,1.000,
W3892,DR2,6045489145735936896,162355.61,-262827.6,16.98,17.48,16.26,3635,2.47,1.000,
W3893,DR2,6045490107808668672,162355.61,-262532.4,16.38,16.84,15.69,3556,6.63,1.000,
W3894,DR2,6045490691924233344,162355.62,-262452.6,16.83,17.35,16.04,3636,2.51,0.726,
W3895,DR2,6045490103496962304,162355.63,-262547.9,19.03,19.86,17.77,3554,31.09,0.000,
W3896,DR2,6045490073448910464,162355.65,-262636.9,16.75,17.20,16.03,3631,2.05,1.000,
W3897,DR2,6045502546028306176,162355.67,-262253.0,18.98,,,3595,13.67,0.000,
W3898,DR2,6045490691917770368,162355.67,-262425.0,18.73,19.24,17.79,3569,41.36,1.000,
W3899,DR2,6045490107808667008,162355.71,-262537.1,17.36,17.83,16.62,3604,9.10,1.000,
W3900,DR2,6045502546034293504,162355.75,-262251.1,16.98,17.50,16.19,3591,3.25,0.001,
W3901,DR2,6045489042656704128,162355.82,-262920.8,17.11,17.58,16.38,3628,3.49,1.000,
W3902,DR2,6045489145735929600,162355.83,-262849.4,18.09,18.44,17.18,3633,8.71,1.000,
W3903,DR2,6045490107802119168,162355.83,-262605.8,17.70,18.19,16.84,3416,97.80,1.000,
W3904,DR2,6045490107802145664,162355.86,-262532.6,19.00,19.29,17.81,1314,221.36,1.000,
W3905,DR2,6045489145735943936,162355.86,-262802.8,16.10,16.51,15.29,3656,1.12,0.000,
W3906,DR2,6045490073442351744,162355.87,-262636.1,18.59,18.99,17.54,3620,10.70,1.000,
W3907,DR2,6045490004729419776,162355.88,-262716.6,16.99,17.48,16.27,3636,2.25,1.000,
W3908,DR2,6045489145729319552,162355.88,-262801.9,18.63,,,3649,8.80,1.000,
W3909,DR2,6045490107808657024,162355.90,-262607.0,15.38,16.23,14.45,3614,2.62,0.003,
W3910,DR2,6045502747880985088,162355.94,-262129.2,18.89,19.28,18.00,3599,15.28,0.000,
W3911,DR2,6045490795003472256,162355.96,-262342.8,16.72,17.20,16.02,3622,1.97,1.000,
W3912,DR2,6045490107808659584,162355.96,-262559.7,17.55,18.07,16.77,3596,10.52,0.000,
W3913,DR2,6045502747881013120,162355.97,-262056.1,17.73,18.27,16.97,3613,6.13,1.000,
W3914,DR2,6045489038344755968,162355.97,-262927.6,19.04,19.38,18.15,3595,16.46,0.000,
W3915,DR2,6045490795003771136,162355.98,-262259.5,17.27,17.76,16.54,3578,6.48,1.000,
W3916,DR2,6045489145735928064,162356.04,-262849.8,15.76,16.33,15.01,3649,0.98,1.000,
W3917,DR2,6045489145735931904,162356.06,-262839.9,17.96,18.35,17.09,3617,6.92,1.000,
W3918,DR2,6045490687612645632,162356.07,-262408.7,18.35,18.84,17.50,3629,7.39,0.000,
W3919,DR2,6045489141424086912,162356.07,-262755.4,19.17,19.64,18.13,3606,24.07,1.000,
W3920,DR2,6045489145735935872,162356.17,-262825.4,16.67,17.14,15.96,3627,2.04,1.000,
W3921,DR2,6045489145735925504,162356.17,-262859.3,16.90,17.37,16.19,3643,2.48,1.000,
W3922,DR2,6045490004729420544,162356.20,-262708.5,18.60,19.12,17.66,3624,8.79,1.000,
W3923,DR2,6045490000417599744,162356.33,-262723.7,18.40,18.91,17.54,3621,8.30,1.000,
W3924,DR2,6045490004729409280,162356.34,-262743.2,17.36,17.84,16.62,3636,3.42,1.000,
W3925,DR2,6045490004729425792,162356.40,-262654.0,17.38,17.87,16.63,3635,3.26,1.000,
W3926,DR2,6045489042656703104,162356.49,-262917.6,15.61,16.21,14.84,3626,0.91,1.000,
W3927,DR2,6045490004729407744,162356.50,-262745.6,17.20,17.86,16.28,3631,2.79,0.000,
W3928,DR2,6045490691924238848,162356.50,-262429.7,14.98,15.61,14.21,3625,0.53,1.000,
W3929,DR2,6045490103497000320,162356.50,-262528.8,12.88,13.44,12.17,3690,0.61,1.000,
W3930,DR2,6045502644801739904,162356.54,-262158.0,18.51,18.87,17.56,3608,10.11,0.000,
W3931,DR2,6045489244511143168,162356.56,-262752.2,18.85,19.31,17.89,3618,13.48,1.000,
W3932,DR2,6045490691924224256,162356.56,-262509.4,17.69,18.19,16.94,3631,4.90,1.000,
W3933,DR2,6045490795003473152,162356.60,-262335.4,17.68,18.18,16.89,3619,4.50,0.000,
W3934,DR2,6045489145735927936,162356.61,-262844.8,18.82,19.14,17.75,3609,17.58,0.999,
W3935,DR2,6045490103496920960,162356.62,-262623.7,13.06,13.35,12.60,3640,0.22,1.000,
W3936,DR2,6045490107802135424,162356.65,-262536.9,18.86,19.25,17.91,3388,94.59,1.000,
W3937,DR2,6045489038346708608,162356.66,-262924.1,18.59,19.03,17.68,3597,14.18,1.000,
W3938,DR2,6045502649106840064,162356.66,-262203.6,19.13,19.56,18.15,3586,15.91,1.000,
W3939,DR2,6045490004722810368,162356.72,-262727.4,18.44,18.93,17.58,3622,9.52,1.000,
W3940,DR2,6045489077016444416,162356.73,-262908.5,17.91,18.42,17.09,3643,6.44,1.000,
W3941,DR2,6045490000417606528,162356.74,-262719.8,18.45,18.89,17.53,3637,9.78,1.000,
W3942,DR2,6045490107802101248,162356.78,-262616.4,18.36,18.34,17.07,1569,281.33,1.000,
W3943,DR2,6045490000417632256,162356.79,-262701.6,18.84,19.36,17.91,3642,11.76,1.000,
W3944,DR2,6045489141424067328,162356.82,-262807.3,18.21,18.70,17.36,3618,6.93,1.000,
W3945,DR2,6045489141424016768,162356.87,-262849.5,18.35,18.95,17.40,3631,9.13,1.000,
W3946,DR2,6045490004729418880,162356.87,-262709.1,17.72,18.21,16.93,3634,5.10,1.000,
W3947,DR2,6045489145729278464,162356.88,-262837.4,18.86,19.32,17.90,3639,12.76,1.000,
W3948,DR2,6045490004722813312,162356.90,-262721.4,18.97,19.21,17.88,3604,14.79,1.000,
W3949,DR2,6045489042656698624,162356.97,-262925.3,17.94,18.40,17.12,3603,18.38,1.000,
W3950,DR2,6045490795003769344,162356.98,-262311.8,17.81,18.34,17.02,3589,9.15,0.000,
W3951,DR2,6045489141424029056,162357.00,-262841.4,17.96,18.47,17.13,3642,5.62,1.000,
W3952,DR2,6045490795003465472,162357.02,-262353.5,18.71,19.24,17.85,3609,11.03,0.007,
W3953,DR2,6045489248815160960,162357.02,-262747.5,17.71,18.17,16.92,3636,4.75,1.000,
W3954,DR2,6045490039089170944,162357.02,-262628.2,17.10,17.45,16.15,3153,153.72,1.000,
W3955,DR2,6045490687612631936,162357.03,-262420.7,16.65,17.12,15.96,3613,2.06,1.000,
W3956,DR2,6045490691924231936,162357.10,-262441.1,18.05,18.31,17.06,3624,5.56,1.000,
W3957,DR2,6045490107802132096,162357.10,-262536.5,18.61,19.03,17.71,3591,35.81,1.000,
W3958,DR2,6045490898082697088,162357.13,-262300.8,17.76,18.24,16.96,965,133.55,1.000,
W3959,DR2,6045490039082589568,162357.16,-262645.5,18.93,19.37,17.95,2048,88.85,1.000,
W3960,DR2,6045489145735936384,162357.17,-262815.1,16.55,17.02,15.86,3649,1.69,1.000,
W3961,DR2,6045490691924227840,162357.18,-262453.0,18.80,19.13,17.98,3605,12.28,0.000,
W3962,DR2,6045490107808655488,162357.21,-262559.9,18.15,19.32,16.87,3625,6.46,1.000,
W3963,DR2,6045490726277511936,162357.21,-262408.1,18.62,19.09,17.70,3607,16.41,1.000,
W3964,DR2,6045489248815156352,162357.22,-262757.8,17.21,17.69,16.48,3631,2.86,1.000,
W3965,DR2,6045490691924237568,162357.25,-262426.5,16.86,17.32,16.17,3603,3.78,1.000,
W3966,DR2,6045490107802129024,162357.26,-262538.9,18.51,18.85,17.69,3578,23.40,0.000,
W3967,DR2,6045490107808654848,162357.26,-262602.2,18.00,18.50,17.14,3635,5.83,1.000,
W3968,DR2,6045489244503333248,162357.29,-262736.2,17.76,18.26,16.98,3635,4.76,1.000,
W3969,DR2,6045489077009777408,162357.39,-262902.6,18.32,18.77,17.43,3636,12.56,1.000,
W3970,DR2,6045490726283980672,162357.41,-262411.4,16.41,16.89,15.73,3620,1.62,1.000,
W3971,DR2,6045490795003766656,162357.42,-262332.1,17.53,18.32,16.55,3622,30.23,0.000,
W3972,DR2,6045489145729278336,162357.42,-262832.7,19.17,19.51,18.17,3637,15.82,1.000,
W3973,DR2,6045489072704539776,162357.43,-262858.8,18.71,19.00,17.70,3638,17.24,1.000,
W3974,DR2,6045489077016448512,162357.44,-262850.0,16.58,17.04,15.88,3610,1.90,1.000,
W3975,DR2,6045489244503291008,162357.45,-262803.8,18.04,18.54,17.22,3659,8.06,1.000,
W3976,DR2,6045490893771170944,162357.47,-262304.0,19.13,19.15,17.99,889,341.69,0.001,
W3977,DR2,6045489077016446976,162357.47,-262854.2,17.58,18.03,16.82,3604,5.09,1.000,
W3978,DR2,6045490004729412224,162357.49,-262723.0,17.17,17.65,16.45,3601,4.75,1.000,
W3979,DR2,6045490039089161472,162357.51,-262650.2,14.60,15.24,13.81,3641,0.51,1.000,
W3980,DR2,6045490107808654976,162357.53,-262555.1,17.87,18.38,17.09,3635,5.45,1.000,
W3981,DR2,6045490485765783168,162357.53,-262535.7,14.90,15.58,14.09,3615,0.81,0.001,
W3982,DR2,6045490004722817792,162357.54,-262710.5,17.43,17.82,16.55,3625,4.58,1.000,
W3983,DR2,6045490481454149760,162357.56,-262505.8,18.00,18.24,16.86,3636,5.57,,N.D.
W3984,DR2,6045490795003767680,162357.56,-262324.5,14.02,14.94,13.08,3660,0.97,0.000,
W3985,DR2,6045489145729282816,162357.57,-262826.1,19.01,,,3618,16.08,0.000,
W3986,DR2,6045489077016442624,162357.57,-262903.9,16.61,17.09,15.92,3633,2.73,1.000,
W3987,DR2,6045489077009785472,162357.58,-262849.3,18.96,19.33,17.86,3611,21.92,1.000,
W3988,DR2,6045502752192469504,162357.61,-262048.5,18.62,18.85,17.63,3602,22.37,0.993,
W3989,DR2,6045489077009761024,162357.62,-262913.2,18.79,19.15,17.96,3625,16.49,0.000,
W3990,DR2,6045502649113234048,162357.64,-262201.9,17.71,18.20,16.92,3568,6.27,1.000,
W3991,DR2,6045502649113232384,162357.65,-262208.3,16.82,17.56,15.95,3616,2.47,0.000,
W3992,DR2,6045490691924226176,162357.68,-262455.2,17.36,17.83,16.61,3614,3.21,1.000,
W3993,DR2,6045489145735931520,162357.69,-262825.1,17.13,17.55,16.37,3636,2.87,1.000,
W3994,DR2,6045490004722818048,162357.69,-262711.1,17.11,17.47,16.22,3629,3.98,1.000,
W3995,DR2,6045489244503313408,162357.70,-262748.2,17.36,17.82,16.61,3615,6.47,1.000,
W3996,DR2,6045490898082696448,162357.71,-262256.1,11.73,12.48,10.89,3714,0.82,1.000,
W3997,DR2,6045490039089168640,162357.71,-262630.6,18.29,18.67,17.36,3628,11.58,1.000,
W3998,DR2,6045489145735926400,162357.72,-262842.5,18.37,18.80,17.50,3641,10.11,1.000,
W3999,DR2,6045490103502413440,162357.74,-262556.4,18.28,18.73,17.44,3633,7.43,1.000,
W4000,DR2,6045489077016444032,162357.78,-262859.0,16.65,17.12,15.95,3637,2.49,1.000,
W4001,DR2,6045490039089161344,162357.81,-262647.4,17.04,17.51,16.32,3586,8.66,1.000,
W4002,DR2,6045490034787152640,162357.85,-262643.1,18.17,18.65,17.29,3595,18.63,1.000,
W4003,DR2,6045490726283980288,162357.85,-262409.2,17.65,18.14,16.88,3613,6.83,1.000,
W4004,DR2,6045502747880999040,162357.87,-262110.0,17.86,18.41,17.03,3611,6.43,1.000,
W4005,DR2,6045490004729412608,162357.93,-262718.3,15.24,15.87,14.45,3629,0.74,1.000,
W4006,DR2,6045490790691917440,162357.95,-262318.6,19.10,19.53,18.04,3401,85.00,1.000,
W4007,DR2,6045489072710262784,162357.96,-262841.1,18.36,18.84,17.48,3629,8.19,1.000,
W4008,DR2,6045490481454120320,162357.96,-262524.1,18.83,19.36,17.92,3599,13.29,1.000,
W4009,DR2,6045490726283973760,162357.97,-262424.0,16.77,17.22,16.08,3527,11.03,1.000,
W4010,DR2,6045489244508954496,162357.98,-262749.0,18.06,18.41,17.06,3584,23.07,1.000,
W4011,DR2,6045490691924227968,162358.00,-262445.5,16.89,17.36,16.19,3625,2.25,1.000,
W4012,DR2,6045489077016441984,162358.01,-262902.2,16.92,17.38,16.20,3644,2.85,1.000,
W4013,DR2,6045490898076275712,162358.01,-262245.5,18.81,19.86,17.35,3499,35.48,0.002,
W4014,DR2,6045490790691917312,162358.03,-262330.4,18.47,19.01,17.58,3557,37.55,1.000,
W4015,DR2,6045490000417627776,162358.04,-262704.0,18.90,19.30,18.01,3599,17.81,0.000,
W4016,DR2,6045489141424045312,162358.05,-262823.8,18.32,18.83,17.48,3659,9.42,1.000,
W4017,DR2,6045490795003767040,162358.08,-262323.9,18.44,18.95,17.54,3516,36.28,1.000,
W4018,DR2,6045490721972408832,162358.09,-262346.0,18.10,18.64,17.28,3596,8.12,1.000,
W4019,DR2,6045490039089158016,162358.14,-262655.9,17.92,18.43,17.12,3625,9.01,1.000,
W4020,DR2,6045490034777423232,162358.14,-262636.9,18.52,18.91,17.63,3616,10.00,1.000,
W4021,DR2,6045489077016434816,162358.15,-262923.6,17.80,18.13,16.90,1713,331.97,1.000,
W4022,DR2,6045490034785159552,162358.20,-262629.4,17.82,18.45,16.93,3647,6.01,0.000,
W4023,DR2,6045490034777451648,162358.21,-262611.1,17.69,18.19,16.90,3627,4.23,1.000,
W4024,DR2,6045490039089160704,162358.22,-262645.3,17.42,17.89,16.68,3584,8.33,1.000,
W4025,DR2,6045490039082568448,162358.23,-262653.1,19.11,19.39,18.19,3136,119.12,0.000,
W4026,DR2,6045489145735928576,162358.23,-262828.7,17.07,17.57,16.34,3634,2.66,1.000,
W4027,DR2,6045490107808653824,162358.24,-262555.1,17.73,18.25,16.95,3637,4.82,1.000,
W4028,DR2,6045490103504638976,162358.25,-262550.7,18.99,19.58,18.03,3621,16.76,1.000,
W4029,DR2,6045489248808531456,162358.25,-262743.1,18.60,18.96,17.56,3381,87.31,1.000,
W4030,DR2,6045490039089162240,162358.25,-262641.5,17.59,18.06,16.84,3618,6.19,1.000,
W4031,DR2,6045504229661217152,162358.28,-262046.1,18.21,18.42,16.89,3598,11.73,0.000,
W4032,DR2,6045490893776415360,162358.29,-262254.1,18.24,18.86,17.27,3325,90.94,0.000,
W4033,DR2,6045490034785162112,162358.31,-262635.3,17.83,18.30,17.02,3620,5.51,1.000,
W4034,DR2,6045489244503326720,162358.35,-262808.7,18.04,18.52,17.22,3603,27.42,1.000,
W4035,DR2,6045490039089168896,162358.37,-262623.6,18.88,19.08,17.62,3613,16.75,1.000,
W4036,DR2,6045490485765786368,162358.39,-262518.1,18.27,18.79,17.45,3625,8.40,1.000,
W4037,DR2,6045502649113226752,162358.40,-262216.1,16.78,17.27,16.07,3602,2.46,1.000,
W4038,DR2,6045490898082693632,162358.44,-262301.2,17.15,17.71,16.32,3495,75.48,0.219,
W4039,DR2,6045489077016441600,162358.45,-262859.2,15.95,16.48,15.24,3631,1.86,1.000,
W4040,DR2,6045502683466562048,162358.46,-262204.1,17.89,,,3593,6.58,,N.D.
W4041,DR2,6045489077016437760,162358.48,-262908.7,16.96,17.43,16.24,3609,5.29,1.000,
W4042,DR2,6045490726284403840,162358.49,-262349.0,17.27,17.75,16.54,3611,3.27,1.000,
W4043,DR2,6045489077009789056,162358.51,-262836.4,18.04,18.81,16.58,3629,6.27,,N.D.
W4044,DR2,6045502679161510144,162358.53,-262122.7,18.91,19.29,17.91,3687,187.10,1.000,
W4045,DR2,6045502683472968960,162358.53,-262204.7,17.00,17.36,16.15,3598,3.42,1.000,
W4046,DR2,6045489248815144320,162358.54,-262824.0,17.96,18.41,17.13,3623,7.25,0.023,
W4047,DR2,6045490485765782272,162358.58,-262527.7,16.71,17.12,15.92,3604,2.39,1.000,
W4048,DR2,6045490898082701696,162358.59,-262225.1,18.19,18.65,17.41,3612,8.85,0.000,
W4049,DR2,6045490485759249280,162358.65,-262528.8,18.52,,,3596,14.46,1.000,
W4050,DR2,6045489077009752320,162358.71,-262910.2,18.12,18.58,17.25,3618,25.98,1.000,
W4051,DR2,6045489248815161600,162358.71,-262730.6,17.07,17.57,16.33,3616,3.38,1.000,
W4052,DR2,6045490726283969664,162358.73,-262429.3,13.36,14.05,12.55,3681,0.45,1.000,
W4053,DR2,6045490039083462656,162358.75,-262655.8,19.08,19.51,18.05,3609,14.09,1.000,
W4054,DR2,6045490721977704832,162358.75,-262434.5,17.39,17.84,16.62,3021,148.25,1.000,
W4055,DR2,6045490485765793152,162358.80,-262453.4,19.11,19.60,18.15,3629,18.66,0.000,
W4056,DR2,6045490726277531520,162358.80,-262335.9,18.97,19.42,17.99,2727,108.06,1.000,
W4057,DR2,6045489248815148928,162358.82,-262809.4,17.54,18.00,16.77,3605,39.60,1.000,
W4058,DR2,6045490721972380544,162358.82,-262409.2,18.98,19.43,18.00,3625,12.31,1.000,
W4059,DR2,6045489283174905344,162358.87,-262713.7,17.09,17.51,16.31,3592,27.61,1.000,
W4060,DR2,6045489248808499200,162358.89,-262813.3,18.26,18.73,17.37,3587,33.72,1.000,
W4061,DR2,6045489244508955264,162358.89,-262719.0,18.29,18.70,17.39,3518,41.15,1.000,
W4062,DR2,6045489077009760896,162358.92,-262901.2,18.92,19.42,17.93,3626,29.27,1.000,
W4063,DR2,6045490726278287488,162358.94,-262342.3,18.09,18.51,17.27,3597,15.69,0.000,
W4064,DR2,6045490481454111232,162358.96,-262539.7,17.37,17.84,16.58,3539,31.75,1.000,
W4065,DR2,6045490893778637568,162359.01,-262251.0,18.71,19.13,17.88,3487,48.25,0.000,
W4066,DR2,6045490485765784704,162359.04,-262516.3,18.84,19.25,17.92,3599,12.63,0.000,
W4067,DR2,6045489077016436352,162359.04,-262909.8,17.04,17.46,16.28,3645,16.38,1.000,
W4068,DR2,6045489248808533632,162359.05,-262731.7,16.97,17.33,16.11,3617,3.25,1.000,
W4069,DR2,6045490726284287488,162359.09,-262342.7,18.74,19.06,17.74,3594,42.85,1.000,
W4070,DR2,6045490039089633408,162359.13,-262652.5,17.10,17.58,16.38,3605,2.96,1.000,
W4071,DR2,6045490039089167488,162359.17,-262620.2,14.90,15.45,14.19,3642,0.56,0.000,
W4072,DR2,6045490829363205120,162359.18,-262330.8,13.92,14.77,13.02,3633,0.74,0.000,
W4073,DR2,6045490485759237888,162359.20,-262532.0,18.84,19.22,17.49,2384,77.01,0.000,
W4074,DR2,6045490898076267776,162359.23,-262244.9,17.99,,,3494,45.11,0.000,
W4075,DR2,6045490485765778688,162359.26,-262535.6,16.67,17.11,15.81,3587,16.12,0.028,
W4076,DR2,6045490520125534208,162359.27,-262440.4,17.56,18.05,16.80,3592,6.44,1.000,
W4077,DR2,6045490893771135232,162359.27,-262321.9,14.61,15.12,13.93,3559,1.28,0.000,
W4078,DR2,6045490829363206016,162359.29,-262327.0,16.37,16.75,15.60,3560,11.93,1.000,
W4079,DR2,6045489077016442752,162359.29,-262847.7,15.63,16.22,14.86,3619,7.68,1.000,
W4080,DR2,6045490034777369088,162359.30,-262702.8,18.44,19.08,17.15,3587,14.15,0.054,
W4081,DR2,6045489283174903168,162359.30,-262715.8,12.93,13.39,12.28,3708,0.71,1.000,
W4082,DR2,6045490898082695936,162359.31,-262243.5,14.58,15.15,13.82,3569,0.97,0.000,
W4083,DR2,6045489180095665792,162359.35,-262822.4,16.78,17.22,16.00,3633,5.47,1.000,
W4084,DR2,6045489077016435584,162359.36,-262910.5,14.26,14.82,13.55,3686,0.87,0.000,
W4085,DR2,6045489283174901120,162359.36,-262720.2,16.95,17.36,16.18,3610,40.70,1.000,
W4086,DR2,6045489248808539904,162359.37,-262726.4,19.01,19.37,18.00,3481,96.64,1.000,
W4087,DR2,6045490893776415616,162359.39,-262317.9,17.57,18.02,16.74,3552,26.31,1.000,
W4088,DR2,6045490726277514496,162359.44,-262343.6,19.11,19.60,18.11,3590,32.11,1.000,
W4089,DR2,6045489248815150464,162359.45,-262757.5,10.64,11.59,9.70,3701,0.45,1.000,
W4090,DR2,6045490034785184512,162359.47,-262638.8,18.44,18.93,17.57,3602,8.77,1.000,
W4091,DR2,6045490034782937984,162359.50,-262611.5,17.77,18.25,17.00,3617,7.46,1.000,
W4092,DR2,6045490485765778560,162359.54,-262535.9,13.62,14.34,12.73,3691,0.64,0.000,
W4093,DR2,6045489077009744512,162359.54,-262912.1,17.29,17.59,16.45,3599,35.58,1.000,
W4094,DR2,6045490485759238272,162359.61,-262534.2,16.51,,,3655,4.72,1.000,
W4095,DR2,6045490412735724032,162359.68,-262603.0,18.59,19.07,17.61,3626,9.95,1.000,
W4096,DR2,6045489248815154432,162359.69,-262738.9,18.94,19.36,17.94,3584,46.66,1.000,
W4097,DR2,6045490515813916416,162359.69,-262441.1,16.62,17.28,15.81,3628,2.25,0.000,
W4098,DR2,6045490039089162624,162359.76,-262625.3,18.33,18.86,17.47,3597,14.76,1.000,
W4099,DR2,6045490417046290816,162359.80,-262610.4,17.34,17.82,16.60,3621,3.74,1.000,
W4100,DR2,6045490485766105728,162359.83,-262533.3,16.74,17.17,16.01,3495,48.23,1.000,
W4101,DR2,6045489077016440320,162359.87,-262847.8,13.55,13.85,13.04,3634,0.38,0.000,
W4102,DR2,6045489283168275968,162359.90,-262722.9,19.10,19.54,18.09,3114,194.96,1.000,
W4103,DR2,6045489283168288640,162359.92,-262711.7,18.93,19.17,18.02,812,365.12,0.000,
W4104,DR2,6045490520125535104,162359.96,-262431.8,17.92,18.44,17.13,3625,7.58,1.000,
W4105,DR2,6045489077016435712,162400.00,-262903.5,18.17,18.59,17.25,3587,13.17,1.000,
W4106,DR2,6045489175783778560,162400.01,-262828.6,17.63,18.12,16.83,3587,11.60,1.000,
W4107,DR2,6045489283168303232,162400.07,-262658.2,18.99,19.36,18.00,3629,13.74,1.000,
W4108,DR2,6045489248815149184,162400.20,-262755.0,15.44,16.05,14.65,2409,240.33,1.000,
W4109,DR2,6045489248815152896,162400.21,-262742.6,17.55,18.04,16.77,3605,13.89,1.000,
W4110,DR2,6045490039083462528,162400.24,-262641.0,19.08,19.51,18.11,3610,15.26,1.000,
W4111,DR2,6045489283168285312,162400.28,-262710.5,18.32,18.87,17.40,3609,13.51,0.004,
W4112,DR2,6045490485759243392,162400.30,-262521.5,17.90,,,3595,5.76,0.000,
W4113,DR2,6045489283174905856,162400.31,-262659.1,17.87,18.30,17.05,3637,5.87,1.000,
W4114,DR2,6045489283174897664,162400.33,-262720.9,16.17,16.67,15.48,3622,2.17,1.000,
W4115,DR2,6045490485765780864,162400.34,-262520.8,16.62,16.86,15.65,3610,1.91,1.000,
W4116,DR2,6045490412734610688,162400.44,-262545.5,18.33,18.84,17.49,3610,8.83,1.000,
W4117,DR2,6045490485765776256,162400.52,-262532.9,17.17,17.83,16.33,3615,5.37,0.000,
W4118,DR2,6045490039089155072,162400.55,-262642.9,18.84,19.07,17.56,3618,13.95,1.000,
W4119,DR2,6045489248815150720,162400.62,-262743.5,17.80,18.22,16.85,3572,14.52,0.000,
W4120,DR2,6045489077016427648,162400.64,-262916.2,17.59,18.07,16.83,3632,7.57,1.000,
W4121,DR2,6045489283174903808,162400.65,-262702.5,17.57,18.04,16.80,3626,4.50,1.000,
W4122,DR2,6045489175783804416,162400.67,-262808.2,18.23,18.72,17.37,3558,63.05,1.000,
W4123,DR2,6045490520125850112,162400.71,-262434.4,17.70,18.31,16.79,3614,4.61,0.000,
W4124,DR2,6045489283174895232,162400.72,-262722.9,17.37,17.87,16.63,3639,5.34,1.000,
W4125,DR2,6045489072710264064,162400.76,-262904.8,16.58,17.01,15.85,3628,2.92,1.000,
W4126,DR2,6045489283174901248,162400.77,-262706.0,17.29,17.78,16.54,3621,3.18,1.000,
W4127,DR2,6045489278863130496,162400.77,-262712.3,19.09,19.56,18.10,3579,15.57,1.000,
W4128,DR2,6045490417046282112,162400.78,-262622.3,17.99,18.49,17.19,3639,5.92,1.000,
W4129,DR2,6045490485765781760,162400.80,-262514.1,16.25,17.02,15.36,3625,1.33,0.000,
W4130,DR2,6045490485765778048,162400.82,-262525.6,18.11,18.61,17.30,3610,7.84,1.000,
W4131,DR2,6045490039089157632,162400.83,-262631.4,17.14,17.56,16.23,3616,3.33,1.000,
W4132,DR2,6045490520125850496,162400.85,-262432.1,17.53,18.03,16.71,3622,4.05,0.000,
W4133,DR2,6045490039089154688,162400.86,-262637.9,19.08,19.29,18.00,3628,17.53,1.000,
W4134,DR2,6045489077009733504,162400.91,-262908.9,17.77,,,3638,7.35,1.000,
W4135,DR2,6045489283174905216,162400.91,-262654.8,18.83,19.22,17.95,3623,13.92,0.000,
W4136,DR2,6045490039082552832,162400.91,-262642.0,19.01,19.12,18.21,3637,17.35,0.000,
W4137,DR2,6045489077016429824,162400.96,-262907.9,16.34,16.68,15.42,3640,1.86,1.000,
W4138,DR2,6045490520119832192,162400.96,-262438.7,18.98,20.31,17.63,3610,14.63,0.998,
W4139,DR2,6045490034777422592,162401.04,-262638.9,16.51,16.98,15.82,3642,1.83,1.000,
W4140,DR2,6045489072710264320,162401.10,-262904.1,17.55,17.99,16.76,3629,10.65,1.000,
W4141,DR2,6045490417046295680,162401.13,-262537.0,17.98,18.45,17.15,3596,8.89,1.000,
W4142,DR2,6045490417046289920,162401.15,-262600.3,17.44,17.92,16.70,3637,3.24,1.000,
W4143,DR2,6045490520125519104,162401.17,-262513.6,17.27,17.74,16.55,3637,4.25,1.000,
W4144,DR2,6045489180089005824,162401.18,-262810.2,18.46,19.52,17.18,3600,15.91,0.000,
W4145,DR2,6045488870857995776,162401.19,-262919.4,16.90,17.36,16.19,3608,3.31,1.000,
W4146,DR2,6045489180095654656,162401.22,-262838.2,16.60,17.07,15.91,3620,1.78,1.000,
W4147,DR2,6045489278863121920,162401.28,-262704.6,17.64,18.09,16.77,3619,4.96,1.000,
W4148,DR2,6045489175789479680,162401.30,-262814.1,18.71,18.94,17.66,3593,25.43,1.000,
W4149,DR2,6045488870857996928,162401.30,-262912.7,16.14,16.63,15.45,3636,1.63,1.000,
W4150,DR2,6045489283168279808,162401.35,-262706.6,17.76,18.22,16.94,3625,5.38,1.000,
W4151,DR2,6045490417046294528,162401.40,-262540.6,16.12,16.60,15.43,3624,1.44,1.000,
W4152,DR2,6045489283174888064,162401.45,-262743.3,15.88,16.33,15.22,3608,1.93,1.000,
W4153,DR2,6045488969626708480,162401.53,-262905.1,18.20,18.65,17.35,3624,17.91,1.000,
W4154,DR2,6045488870851296512,162401.53,-262908.7,18.78,19.07,17.89,3584,41.68,0.000,
W4155,DR2,6045489180088998272,162401.57,-262815.2,18.59,19.07,17.66,3608,13.31,1.000,
W4156,DR2,6045488870857994240,162401.69,-262919.9,17.48,17.99,16.71,3618,4.92,1.000,
W4157,DR2,6045490417046291968,162401.69,-262549.0,17.38,17.88,16.64,3635,3.70,1.000,
W4158,DR2,6045489180095649536,162401.72,-262851.3,16.92,17.35,16.15,3641,2.88,1.000,
W4159,DR2,6045490417046295552,162401.74,-262533.4,15.64,16.23,14.88,3622,1.04,1.000,
W4160,DR2,6045490412734571392,162401.80,-262611.4,18.43,18.95,17.55,3613,7.89,1.000,
W4161,DR2,6045489283174889472,162401.82,-262732.4,13.37,14.24,12.45,3705,1.07,0.001,
W4162,DR2,6045489180088975872,162401.89,-262833.5,18.81,19.17,17.82,3630,13.51,1.000,
W4163,DR2,6045489180095664896,162401.92,-262802.8,17.89,18.39,17.09,3623,5.23,1.000,
W4164,DR2,6045488870857992320,162401.96,-262921.6,18.54,19.00,17.65,3626,11.36,1.000,
W4165,DR2,6045490451406036352,162402.05,-262522.4,17.57,18.03,16.83,3639,4.17,1.000,
W4166,DR2,6045489283174891520,162402.07,-262725.0,15.86,16.21,15.05,3620,8.26,1.000,
W4167,DR2,6045489180095658752,162402.08,-262820.4,16.80,17.25,16.10,3617,8.71,1.000,
W4168,DR2,6045490417039734144,162402.11,-262539.4,19.08,19.56,18.07,3565,53.23,1.000,
W4169,DR2,6045489283175572864,162402.11,-262733.5,18.23,18.70,17.06,2698,135.15,,N.D.
W4170,DR2,6045488969625320192,162402.14,-262901.5,18.56,19.02,17.54,3612,10.55,1.000,
W4171,DR2,6045488973937215104,162402.15,-262856.3,17.23,17.70,16.50,3616,4.31,1.000,
W4172,DR2,6045489180095653504,162402.20,-262832.6,16.94,17.39,16.23,3603,2.86,1.000,
W4173,DR2,6045490520119822336,162402.23,-262459.6,18.60,19.00,17.68,3570,33.00,1.000,
W4174,DR2,6045490412734584064,162402.26,-262600.5,19.10,19.32,18.38,3641,14.73,0.000,
W4175,DR2,6045489283174895616,162402.30,-262706.8,18.79,19.26,17.85,3616,12.35,1.000,
W4176,DR2,6045489180088984192,162402.31,-262821.3,17.99,18.38,16.98,3600,17.17,0.000,
W4177,DR2,6045489278872986880,162402.33,-262710.5,18.61,19.14,17.71,3621,9.29,1.000,
W4178,DR2,6045490451406039040,162402.35,-262512.3,16.05,16.54,15.37,3627,1.11,1.000,
W4179,DR2,6045490412734607488,162402.35,-262545.0,17.59,18.08,16.83,3635,4.08,1.000,
W4180,DR2,6045489283168282112,162402.36,-262654.8,16.24,16.73,15.54,3623,1.96,1.000,
W4181,DR2,6045490412740061184,162402.37,-262622.2,17.65,18.13,16.87,3620,5.73,1.000,
W4182,DR2,6045489180088972800,162402.39,-262830.8,18.87,19.20,17.86,3618,27.67,1.000,
W4183,DR2,6045489175783801728,162402.41,-262813.7,18.54,19.02,17.63,3623,19.38,1.000,
W4184,DR2,6045488973937215360,162402.42,-262853.4,17.41,17.87,16.65,3632,4.26,1.000,
W4185,DR2,6045490520125845376,162402.44,-262458.8,16.81,17.28,16.12,3577,5.18,1.000,
W4186,DR2,6045489283174899200,162402.48,-262656.9,15.99,16.48,15.28,3626,1.27,1.000,
W4187,DR2,6045488973937210368,162402.52,-262909.1,17.18,17.67,16.42,3635,3.08,0.000,
W4188,DR2,6045489214455407872,162402.53,-262740.6,16.57,17.06,15.87,3585,2.97,1.000,
W4189,DR2,6045489278863118080,162402.53,-262704.4,18.65,19.15,17.75,3625,15.84,1.000,
W4190,DR2,6045489180095656064,162402.57,-262821.4,14.66,15.30,13.87,3652,0.64,1.000,
W4191,DR2,6045490417046281600,162402.61,-262606.4,18.45,18.97,17.57,3642,8.46,1.000,
W4192,DR2,6045489661132033408,162402.63,-262622.6,16.93,17.53,16.11,3625,2.40,0.000,
W4193,DR2,6045489661132030336,162402.65,-262629.4,17.50,17.99,16.75,3611,4.71,1.000,
W4194,DR2,6045489175783801600,162402.65,-262808.5,18.17,18.60,17.37,3643,7.23,0.000,
W4195,DR2,6045489661132024320,162402.66,-262647.3,16.79,17.27,16.09,3606,2.74,1.000,
W4196,DR2,6045488973937214080,162402.71,-262853.7,16.13,16.67,15.40,3638,1.51,0.000,
W4197,DR2,6045490417039713024,162402.72,-262552.2,17.80,18.27,16.95,3626,4.85,1.000,
W4198,DR2,6045489180095653888,162402.80,-262826.3,16.56,17.03,15.87,3602,6.81,1.000,
W4199,DR2,6045488973937204992,162402.88,-262920.2,17.19,17.65,16.46,3650,3.31,1.000,
W4200,DR2,6045490451406367488,162402.88,-262504.5,15.64,16.21,14.89,3617,1.02,1.000,
W4201,DR2,6045490520125844608,162402.91,-262459.1,16.43,16.90,15.75,3615,3.28,1.000,
W4202,DR2,6045489661132030976,162402.96,-262623.4,18.26,18.79,17.41,3628,7.89,0.000,
W4203,DR2,6045489661132028032,162402.96,-262633.9,16.73,17.21,16.03,3643,1.98,1.000,
W4204,DR2,6045489661132020224,162403.05,-262653.7,16.24,16.73,15.55,3593,2.72,1.000,
W4205,DR2,6045489661125414400,162403.06,-262639.7,18.85,19.25,18.03,3635,14.84,0.000,
W4206,DR2,6045489661126340736,162403.12,-262614.7,18.74,18.95,18.00,3633,13.33,0.000,
W4207,DR2,6045488969625336064,162403.22,-262841.7,17.14,17.60,16.41,3622,2.85,1.000,
W4208,DR2,6045489214455401088,162403.32,-262758.0,16.61,17.09,15.92,3630,1.98,1.000,
W4209,DR2,6045488973930526464,162403.33,-262838.9,19.08,18.88,17.63,3617,19.35,1.000,
W4210,DR2,6045489661132379008,162403.34,-262612.3,16.62,17.15,15.89,3616,1.80,0.000,
W4211,DR2,6045489180088964608,162403.36,-262832.3,19.07,19.35,17.95,3631,18.60,1.000,
W4212,DR2,6045490447094342528,162403.40,-262549.2,17.20,17.66,16.49,3598,3.00,1.000,
W4213,DR2,6045488969625301760,162403.43,-262914.8,18.79,19.12,17.90,3545,67.21,0.000,
W4214,DR2,6045490520125522176,162403.45,-262438.4,15.07,15.69,14.29,3622,0.67,1.000,
W4215,DR2,6045489656820330624,162403.48,-262614.0,18.64,19.01,17.76,3635,13.26,0.057,
W4216,DR2,6045488969631050112,162403.52,-262840.2,18.74,19.34,17.67,3622,14.54,0.000,
W4217,DR2,6045489661132029440,162403.57,-262623.6,16.54,17.02,15.85,3601,1.73,1.000,
W4218,DR2,6045490447094424576,162403.63,-262452.2,18.29,18.84,17.46,3615,7.60,1.000,
W4219,DR2,6045488973937209856,162403.70,-262859.4,17.99,18.44,17.18,3617,7.82,1.000,
W4220,DR2,6045490623204742272,162403.75,-262422.6,17.30,17.78,16.57,3562,24.86,1.000,
W4221,DR2,6045489661125409152,162403.75,-262637.1,18.44,18.91,17.57,3586,24.65,1.000,
W4222,DR2,6045489661125430400,162403.76,-262616.2,18.81,19.41,17.81,3576,18.26,1.000,
W4223,DR2,6045489210143534592,162403.78,-262811.7,18.36,18.88,17.50,3623,7.89,1.000,
W4224,DR2,6045489661132014336,162403.80,-262701.2,16.59,17.07,15.90,3622,2.69,1.000,
W4225,DR2,6045489661126340352,162403.85,-262608.3,18.70,19.21,17.80,3599,16.08,1.000,
W4226,DR2,6045490447094418048,162403.91,-262456.5,18.97,19.24,18.19,3623,14.16,0.001,
W4227,DR2,6045490451406364416,162403.93,-262536.2,15.81,16.34,15.09,3620,0.96,1.000,
W4228,DR2,6045489661132025728,162403.94,-262632.3,17.84,16.86,15.72,3631,7.99,,N.D.
W4229,DR2,6045489661125412992,162403.95,-262631.8,16.70,16.90,15.70,3613,2.43,1.000,
W4230,DR2,6045488973931939200,162403.95,-262915.9,18.75,19.10,17.76,3249,56.78,1.000,
W4231,DR2,6045488973937205376,162403.99,-262908.9,15.65,16.24,14.87,3636,10.67,1.000,
W4232,DR2,6045489661125389312,162404.01,-262652.4,18.98,19.37,17.87,3580,15.15,1.000,
W4233,DR2,6045489214455399424,162404.02,-262756.7,16.61,17.07,15.91,3628,2.44,1.000,
W4234,DR2,6045490447094377088,162404.05,-262525.3,18.99,19.50,18.04,3598,25.70,1.000,
W4235,DR2,6045489656820273792,162404.08,-262646.2,18.50,19.01,17.63,3596,14.75,1.000,
W4236,DR2,6045489661125408640,162404.13,-262633.4,19.07,19.00,17.45,3543,46.61,1.000,
W4237,DR2,6045489661132013824,162404.17,-262703.1,15.87,16.39,15.16,3631,1.22,1.000,
W4238,DR2,6045490554485258112,162404.19,-262443.9,17.09,17.57,16.38,3596,3.85,1.000,
W4239,DR2,6045489661132021888,162404.25,-262638.9,15.83,16.36,15.10,3654,1.00,1.000,
W4240,DR2,6045489214455397760,162404.26,-262758.9,16.12,16.61,15.43,3629,1.37,1.000,
W4241,DR2,6045489210149219072,162404.27,-262734.0,18.55,18.97,17.63,3604,16.28,1.000,
W4242,DR2,6045488973937202688,162404.29,-262912.6,13.26,13.47,12.87,3648,0.31,1.000,
W4243,DR2,6045489656820329472,162404.32,-262609.5,18.30,18.78,17.32,3617,8.24,1.000,
W4244,DR2,6045489210143528320,162404.40,-262819.2,18.01,18.47,17.18,3614,7.22,1.000,
W4245,DR2,6045489656821600768,162404.41,-262707.6,18.75,19.24,17.82,3610,17.18,1.000,
W4246,DR2,6045489695491774720,162404.48,-262555.6,17.45,17.89,16.68,3622,3.78,1.000,
W4247,DR2,6045489008296955904,162404.60,-262827.9,16.93,17.40,16.22,3603,2.49,1.000,
W4248,DR2,6045489656820290048,162404.62,-262633.8,18.91,19.41,17.94,3598,27.19,1.000,
W4249,DR2,6045489214455404032,162404.63,-262734.9,16.32,16.80,15.65,3633,1.66,1.000,
W4250,DR2,6045490618893154944,162404.81,-262417.4,19.01,19.55,18.00,3564,44.61,1.000,
W4251,DR2,6045488973937204224,162404.84,-262903.8,17.86,18.40,17.02,3591,26.46,0.000,
W4252,DR2,6045489592412531072,162404.85,-262717.3,17.63,18.09,16.88,3590,8.07,1.000,
W4253,DR2,6045489214455396480,162404.87,-262755.1,17.95,18.31,17.01,3602,8.50,1.000,
W4254,DR2,6045489214455402112,162404.88,-262739.3,16.30,16.77,15.61,3639,1.42,1.000,
W4255,DR2,6045489695491770368,162404.90,-262603.9,16.03,16.52,15.34,3616,1.13,1.000,
W4256,DR2,6045490618893143168,162404.91,-262429.8,19.06,19.28,18.15,3636,17.84,0.000,
W4257,DR2,6045489656820280192,162404.91,-262641.3,18.06,18.54,17.24,3626,7.23,0.000,
W4258,DR2,6045489003985075456,162405.00,-262835.7,17.84,18.25,16.97,3623,6.66,1.000,
W4259,DR2,6045489592412529664,162405.04,-262718.2,17.93,18.41,17.13,3580,15.92,1.000,
W4260,DR2,6045489656820299392,162405.10,-262627.8,17.93,18.34,17.07,3631,5.25,1.000,
W4261,DR2,6045489214448721024,162405.11,-262758.3,17.97,18.44,17.16,3628,11.61,1.000,
W4262,DR2,6045490451406024832,162405.18,-262532.4,17.51,17.96,16.75,3605,19.36,1.000,
W4263,DR2,6045489008290244864,162405.22,-262843.7,18.19,18.93,17.17,3618,7.09,0.228,
W4264,DR2,6045489003985127808,162405.28,-262817.5,18.07,18.55,17.25,3144,47.49,1.000,
W4265,DR2,6045489008290247936,162405.31,-262836.5,18.89,19.15,17.95,3618,24.58,0.059,
W4266,DR2,6045489214455400064,162405.33,-262742.3,17.62,17.84,16.62,3614,4.84,0.003,
W4267,DR2,6045490447094408064,162405.38,-262504.7,18.26,18.80,17.43,3625,14.96,1.000,
W4268,DR2,6045488973937198336,162405.39,-262916.2,17.31,17.77,16.57,3635,5.10,1.000,
W4269,DR2,6045488973937200384,162405.40,-262911.2,17.05,17.51,16.33,3624,4.92,1.000,
W4270,DR2,6045490550173670528,162405.40,-262425.3,18.75,19.11,17.89,3630,11.17,0.000,
W4271,DR2,6045489214455392640,162405.41,-262800.3,18.08,18.47,17.34,3558,28.75,0.061,
W4272,DR2,6045488969625317376,162405.41,-262850.8,17.97,18.57,17.08,3620,5.87,0.000,
W4273,DR2,6045489592405887360,162405.45,-262707.8,17.79,18.09,17.04,3535,48.35,0.000,
W4274,DR2,6045488969633416064,162405.55,-262915.1,18.95,19.29,17.77,3422,54.98,0.010,
W4275,DR2,6045489592412896128,162405.57,-262659.5,17.73,18.20,16.97,3620,4.89,1.000,
W4276,DR2,6045489592412529536,162405.65,-262713.2,14.54,15.18,13.76,3659,0.59,1.000,
W4277,DR2,6045489003985076352,162405.74,-262834.1,18.38,18.86,17.52,3610,17.23,1.000,
W4278,DR2,6045489592412528512,162405.76,-262715.0,17.96,18.30,17.04,3579,14.37,1.000,
W4279,DR2,6045488973937197312,162405.76,-262918.1,16.88,17.33,16.18,3615,3.08,1.000,
W4280,DR2,6045489214455395840,162405.76,-262748.9,18.10,18.66,17.21,3640,8.45,1.000,
W4281,DR2,6045489656820298752,162405.80,-262631.7,16.84,17.31,16.12,3642,1.99,1.000,
W4282,DR2,6045489008296956672,162405.91,-262814.6,19.30,19.17,17.56,2614,129.23,1.000,
W4283,DR2,6045490447094400384,162405.92,-262523.8,11.99,12.44,11.37,3629,0.19,0.662,
W4284,DR2,6045489661132016896,162405.94,-262635.8,18.38,18.79,17.59,3638,8.22,0.000,
W4285,DR2,6045489691180060416,162405.94,-262615.1,16.85,17.38,16.02,3632,2.03,0.000,
W4286,DR2,6045489003985058176,162405.97,-262846.9,18.58,19.08,17.69,3623,12.89,1.000,
W4287,DR2,6045489588100789888,162405.00,-262650.2,17.80,18.31,17.06,3626,4.75,0.000,
W4288,DR2,6045489214455394560,162406.08,-262748.5,16.59,17.06,15.91,3651,1.79,1.000,
W4289,DR2,6045489008290273792,162406.13,-262804.6,18.76,19.24,17.79,2324,96.86,1.000,
W4290,DR2,6045490451406024192,162406.14,-262524.3,15.56,15.95,14.67,3523,37.94,0.027,
W4291,DR2,6045488973937199104,162406.24,-262905.9,17.89,18.36,17.10,3623,6.25,1.000,
W4292,DR2,6045489008296950016,162406.25,-262828.8,16.76,17.19,16.00,1357,246.37,1.000,
W4293,DR2,6045490554485244032,162406.25,-262510.9,18.01,18.46,17.18,3632,14.52,1.000,
W4294,DR2,6045490554485252736,162406.26,-262439.9,18.05,18.44,17.11,3629,7.27,,N.D.
W4295,DR2,6045490554485256064,162406.30,-262430.5,16.52,17.00,15.83,3627,1.66,1.000,
W4296,DR2,6045489592405884032,162406.31,-262703.2,18.71,19.24,17.81,3630,15.02,1.000,
W4297,DR2,6045489588100723328,162406.34,-262728.2,17.89,18.34,17.11,3635,4.98,1.000,
W4298,DR2,6045489003995066880,162406.34,-262849.6,19.08,19.46,18.07,2728,127.78,1.000,
W4299,DR2,6045489588100766976,162406.35,-262707.1,18.45,18.94,17.57,3598,28.87,1.000,
W4300,DR2,6045489008296960128,162406.35,-262758.9,17.08,17.56,16.36,3626,5.71,1.000,
W4301,DR2,6045489008290222080,162406.43,-262853.3,18.70,,,3618,9.51,1.000,
W4302,DR2,6045489008296939648,162406.47,-262855.3,15.28,15.77,14.59,3642,0.74,0.000,
W4303,DR2,6045489588108723456,162406.50,-262711.5,16.81,17.28,16.12,3613,4.16,1.000,
W4304,DR2,6045489008296952320,162406.55,-262817.0,11.06,12.07,10.12,3708,0.53,0.002,
W4305,DR2,6045489695491778304,162406.60,-262523.8,15.90,16.57,15.07,3610,26.87,0.184,
W4306,DR2,6045489695491768064,162406.61,-262554.2,17.75,18.23,16.97,3624,4.61,1.000,
W4307,DR2,6045489003985074304,162406.81,-262836.6,17.50,17.92,16.68,3576,15.84,1.000,
W4308,DR2,6045489691185556736,162406.83,-262605.1,18.80,19.25,17.86,3628,11.70,1.000,
W4309,DR2,6045489695486072192,162406.87,-262618.2,18.63,18.62,17.23,3629,8.98,1.000,
W4310,DR2,6045489695492115072,162406.95,-262617.7,18.56,18.69,17.17,3635,8.59,1.000,
W4311,DR2,6045489626772635520,162406.98,-262639.8,15.49,16.00,14.81,3638,0.77,0.000,
W4312,DR2,6045489695491761408,162407.01,-262608.0,17.43,17.91,16.69,3633,3.34,1.000,
W4313,DR2,6045488939577456640,162407.05,-262911.1,17.61,18.10,16.84,3619,5.99,1.000,
W4314,DR2,6045490550173648512,162407.06,-262456.3,13.72,14.55,12.82,3579,0.96,0.000,
W4315,DR2,6045489695491772800,162407.07,-262537.6,16.93,17.41,16.22,3612,3.13,1.000,
W4316,DR2,6045489691180035968,162407.10,-262629.3,18.55,19.10,17.67,3625,11.09,1.000,
W4317,DR2,6045489588100749696,162407.10,-262713.4,18.31,18.82,17.47,3606,7.20,1.000,
W4318,DR2,6045489008296943872,162407.12,-262839.6,17.50,17.98,16.76,3621,9.37,1.000,
W4319,DR2,6045490550173656832,162407.15,-262435.5,18.72,19.28,17.78,3602,18.42,0.000,
W4320,DR2,6045489695491763712,162407.17,-262602.3,18.20,18.68,17.39,3636,7.16,1.000,
W4321,DR2,6045490550173666304,162407.21,-262427.2,18.78,19.27,17.88,3629,11.78,0.001,
W4322,DR2,6045489592412532736,162407.28,-262650.2,18.27,19.01,17.20,3618,8.22,0.000,
W4323,DR2,6045489592412521344,162407.34,-262726.4,17.59,18.08,16.84,3630,3.93,1.000,
W4324,DR2,6045489592412531328,162407.49,-262652.2,17.55,18.04,16.79,3633,4.55,1.000,
W4325,DR2,6045488939577453568,162407.53,-262913.9,16.92,17.35,16.19,3635,2.43,1.000,
W4326,DR2,6045489798570995968,162407.56,-262509.9,17.36,17.83,16.63,3588,11.38,1.000,
W4327,DR2,6045489794259333760,162407.60,-262533.8,19.01,19.31,18.09,3603,24.84,0.000,
W4328,DR2,6045488939577456256,162407.61,-262907.1,18.01,18.07,16.84,3625,7.08,1.000,
W4329,DR2,6045488939570729728,162407.63,-262902.7,16.92,17.02,15.78,3623,2.58,1.000,
W4330,DR2,6045488939570719488,162407.65,-262914.1,18.82,19.07,17.65,3627,15.46,1.000,
W4331,DR2,6045489588100792320,162407.69,-262648.7,19.00,19.45,17.99,3625,15.53,1.000,
W4332,DR2,6045488935271312896,162407.69,-262906.3,18.60,,,3610,13.29,,N.D.
W4333,DR2,6045489008296940416,162407.73,-262841.4,16.65,17.12,15.97,3607,2.81,1.000,
W4334,DR2,6045489008296939264,162407.74,-262847.4,16.62,17.09,15.94,3632,1.96,1.000,
W4335,DR2,6045489691180095616,162407.74,-262550.5,18.07,18.59,17.23,3617,6.32,1.000,
W4336,DR2,6045489691180073856,162407.75,-262602.2,18.71,19.22,17.79,3614,10.61,1.000,
W4337,DR2,6045489386254084736,162407.75,-262737.3,15.45,16.10,14.65,3664,0.92,0.000,
W4338,DR2,6045490550173658496,162407.76,-262433.1,18.97,19.52,18.00,3558,27.93,1.000,
W4339,DR2,6045489798570991872,162407.82,-262516.2,17.10,17.57,16.38,3603,5.64,1.000,
W4340,DR2,6045489381942228864,162407.98,-262808.5,18.82,19.17,17.87,3559,19.09,0.000,
W4341,DR2,6045489798570994816,162407.98,-262507.9,15.37,15.98,14.60,3572,1.92,1.000,
W4342,DR2,6045488939570717184,162408.01,-262914.9,18.73,19.12,17.91,3611,21.60,0.000,
W4343,DR2,6045489626772633216,162408.03,-262642.7,17.41,17.89,16.68,3626,3.42,1.000,
W4344,DR2,6045490554485245952,162408.06,-262447.1,19.13,,,1871,174.21,1.000,
W4345,DR2,6045490550173648768,162408.10,-262444.3,18.47,18.83,17.62,2618,133.00,0.000,
W4346,DR2,6045489798564403712,162408.11,-262514.5,19.01,19.42,17.94,3546,52.20,0.000,
W4347,DR2,6045489695491756544,162408.11,-262612.1,18.37,18.87,17.49,3626,8.25,1.000,
W4348,DR2,6045489386254085248,162408.11,-262731.5,17.42,17.90,16.69,3615,6.47,1.000,
W4349,DR2,6045489008296949760,162408.14,-262812.1,18.24,18.50,17.63,3592,14.28,0.126,
W4350,DR2,6045488939577458816,162408.17,-262855.6,16.07,16.57,15.38,3649,1.21,1.000,
W4351,DR2,6045489626772632320,162408.25,-262652.9,16.16,16.63,15.47,3630,1.17,1.000,
W4352,DR2,6045489008296940288,162408.28,-262837.1,16.97,17.25,16.05,3628,3.08,,N.D.
W4353,DR2,6045489626765642624,162408.35,-262619.1,17.99,18.49,17.17,3634,5.70,0.002,
W4354,DR2,6045489592412520576,162408.38,-262718.5,17.48,17.95,16.75,3628,3.35,1.000,
W4355,DR2,6045489622468497664,162408.45,-262614.9,18.82,19.12,18.05,3651,12.72,0.000,
W4356,DR2,6045489691180062080,162408.47,-262609.4,18.11,18.58,17.26,3646,6.56,1.000,
W4357,DR2,6045489008296942848,162408.48,-262829.2,16.81,17.26,16.12,3617,2.12,1.000,
W4358,DR2,6045489626765642880,162408.49,-262622.3,17.64,18.01,16.81,3634,4.30,1.000,
W4359,DR2,6045489622460547840,162408.53,-262634.9,19.16,19.64,18.15,3642,14.75,0.000,
W4360,DR2,6045489798570980352,162408.53,-262545.6,16.04,16.52,15.35,3644,1.10,1.000,
W4361,DR2,6045489798570998144,162408.57,-262455.5,11.36,12.14,10.53,3656,0.80,1.000,
W4362,DR2,6045489386254069888,162408.63,-262813.7,18.32,18.95,17.40,3623,8.14,1.000,
W4363,DR2,6045489386254080384,162408.64,-262742.2,18.09,18.66,17.21,3630,6.14,0.000,
W4364,DR2,6045489798570989696,162408.73,-262516.1,18.37,18.89,17.53,3292,119.52,1.000,
W4365,DR2,6045489386254074112,162408.77,-262758.7,18.86,,,3606,13.84,0.000,
W4366,DR2,6045488935273736832,162408.78,-262902.2,19.12,19.59,18.13,3621,18.72,1.000,
W4367,DR2,6045489386247374208,162408.81,-262758.3,18.17,18.24,16.95,3611,8.14,0.000,
W4368,DR2,6045489008296944000,162408.83,-262823.0,17.53,17.95,16.73,3638,4.42,1.000,
W4369,DR2,6045490584533415552,162408.84,-262417.2,18.14,18.63,17.31,3602,13.52,1.000,
W4370,DR2,6045490588844987136,162408.88,-262427.6,14.74,15.54,13.86,3615,0.93,0.000,
W4371,DR2,6045490588838438784,162408.90,-262423.2,19.11,19.35,18.08,3212,85.81,0.000,
W4372,DR2,6045489386254066304,162408.99,-262820.9,16.69,17.15,16.00,3640,2.16,1.000,
W4373,DR2,6045489626772630144,162409.02,-262708.6,15.92,16.42,15.22,3634,1.20,1.000,
W4374,DR2,6045489798570976000,162409.29,-262549.8,18.93,19.20,18.09,3642,15.18,0.000,
W4375,DR2,6045489386254073984,162409.31,-262753.9,16.12,16.61,15.43,3623,1.22,1.000,
W4376,DR2,6045490584534698368,162409.32,-262428.8,18.41,18.91,17.50,3537,31.85,1.000,
W4377,DR2,6045489386254063488,162409.39,-262824.7,17.69,18.14,16.96,3631,5.76,0.000,
W4378,DR2,6045488939577460992,162409.42,-262835.9,18.24,18.74,17.34,3614,7.22,1.000,
W4379,DR2,6045489381943693568,162409.48,-262737.1,18.49,18.98,17.65,3618,14.54,1.000,
W4380,DR2,6045489729851494656,162409.52,-262558.9,17.13,17.60,16.41,3618,2.89,1.000,
W4381,DR2,6045489626772629376,162409.52,-262709.0,16.46,17.10,15.66,3627,2.57,0.000,
W4382,DR2,6045489798570973568,162409.53,-262553.7,17.16,17.63,16.45,3626,3.08,1.000,
W4383,DR2,6045488935265550464,162409.56,-262912.2,19.01,19.30,17.98,3631,18.91,0.007,
W4384,DR2,6045489386254075264,162409.58,-262747.4,16.94,17.40,16.24,3607,3.10,1.000,
W4385,DR2,6045489381942276096,162409.69,-262741.4,16.07,16.56,15.38,3639,1.17,1.000,
W4386,DR2,6045489626772264960,162409.74,-262642.5,16.38,16.96,15.63,3642,1.42,0.001,
W4387,DR2,6045489626772268800,162409.78,-262631.9,16.53,16.99,15.85,3616,1.73,1.000,
W4388,DR2,6045489386254068736,162409.83,-262805.6,16.89,17.34,16.18,3634,2.20,1.000,
W4389,DR2,6045489386254458240,162409.93,-262730.4,16.20,16.70,15.49,3639,1.31,0.000,
W4390,DR2,6045489622466080384,162409.94,-262645.7,18.85,19.53,17.73,3592,16.44,0.000,
W4391,DR2,6045488939577450112,162409.99,-262904.2,17.12,17.57,16.39,3632,3.03,1.000,
W4392,DR2,6045488935265550336,162410.02,-262912.4,17.90,18.37,17.10,3630,6.30,1.000,
W4393,DR2,6045488939577449600,162410.18,-262903.6,17.73,18.17,16.95,3629,5.38,1.000,
W4394,DR2,6045489798570976256,162410.20,-262541.0,18.83,19.23,18.04,3637,12.73,0.000,
W4395,DR2,6045488939577454592,162410.23,-262848.7,16.14,16.62,15.45,3635,1.48,1.000,
W4396,DR2,6045489798564367616,162410.29,-262531.4,18.44,18.88,17.43,3616,9.14,1.000,
W4397,DR2,6045489386254067968,162410.32,-262803.5,18.25,18.71,17.42,3609,9.25,1.000,
W4398,DR2,6045489381942274304,162410.41,-262740.4,18.38,18.84,17.48,3634,11.59,1.000,
W4399,DR2,6045489317534582144,162410.52,-262827.1,16.97,17.43,16.27,3604,2.94,1.000,
W4400,DR2,6045489381942228736,162410.56,-262808.7,17.97,18.41,17.18,3618,5.99,1.000,
W4401,DR2,6045489729851492608,162410.56,-262555.7,17.90,18.37,17.15,3624,5.12,1.000,
W4402,DR2,6045488939570717568,162410.56,-262849.7,18.45,18.90,17.56,3559,16.36,1.000,
W4403,DR2,6045489313222707456,162410.59,-262845.3,16.95,17.43,16.24,3624,4.39,1.000,
W4404,DR2,6045489381947911936,162410.63,-262739.0,18.48,19.34,17.36,3655,10.02,0.000,
W4405,DR2,6045489798570983680,162410.64,-262515.4,19.06,19.54,18.07,3637,14.67,1.000,
W4406,DR2,6045489386254455040,162410.69,-262748.7,18.21,18.68,17.35,3614,6.46,1.000,
W4407,DR2,6045489626772264192,162410.77,-262637.8,17.65,18.13,16.91,3631,3.89,1.000,
W4408,DR2,6045489729844861056,162410.78,-262555.3,19.12,19.43,18.15,3612,14.25,1.000,
W4409,DR2,6045489725539868544,162410.80,-262543.5,19.08,19.30,18.27,3638,16.75,0.000,
W4410,DR2,6045489416302083200,162410.80,-262656.5,16.49,16.96,15.82,3626,1.52,1.000,
W4411,DR2,6045489798564364032,162410.89,-262529.4,19.13,19.51,18.18,3639,19.13,1.000,
W4412,DR2,6045489794259345024,162410.93,-262526.5,17.88,18.39,17.11,3628,6.09,1.000,
W4413,DR2,6045489317534583424,162410.97,-262820.3,16.64,17.25,15.84,3578,2.86,0.000,
W4414,DR2,6045489725539868416,162411.01,-262540.2,17.99,18.49,17.10,3628,5.96,1.000,
W4415,DR2,6045489729851492480,162411.05,-262551.4,17.90,18.38,17.13,3631,5.24,1.000,
W4416,DR2,6045489420613825024,162411.12,-262701.1,18.80,19.32,17.89,3623,13.84,1.000,
W4417,DR2,6045489828619122432,162411.15,-262458.3,18.82,19.26,17.96,3585,12.03,0.013,
W4418,DR2,6045490588844986752,162411.15,-262407.4,19.03,19.49,18.04,3571,17.42,1.000,
W4419,DR2,6045489729851498496,162411.16,-262534.9,17.24,17.72,16.53,3633,3.57,1.000,
W4420,DR2,6045489420613814400,162411.22,-262729.6,17.94,18.45,17.15,3629,5.47,1.000,
W4421,DR2,6045490588838425088,162411.23,-262415.7,19.14,19.60,18.14,3569,20.01,1.000,
W4422,DR2,6045489386254453888,162411.25,-262759.6,16.85,17.28,16.16,3639,1.97,1.000,
W4423,DR2,6045489317534579328,162411.29,-262829.9,17.34,17.82,16.61,3616,11.61,1.000,
W4424,DR2,6045489386254454528,162411.35,-262748.0,18.91,19.38,17.97,3620,14.76,1.000,
W4425,DR2,6045488939577446656,162411.35,-262901.4,17.79,18.15,16.79,3595,11.58,1.000,
W4426,DR2,6045488939577446144,162411.44,-262907.2,16.36,16.89,15.63,3616,2.51,0.000,
W4427,DR2,6045489725547764992,162411.44,-262607.0,19.05,19.29,18.31,3586,16.15,0.003,
W4428,DR2,6045489313222749568,162411.46,-262809.2,19.02,19.49,18.06,3627,15.64,1.000,
W4429,DR2,6045490588844985088,162411.49,-262412.1,17.59,18.06,16.84,3586,4.64,1.000,
W4430,DR2,6045489313222707200,162411.52,-262847.9,18.52,19.02,17.63,3598,11.30,1.000,
W4431,DR2,6045489416311946752,162411.53,-262713.2,18.95,19.28,18.13,3640,13.87,0.000,
W4432,DR2,6045489416302028672,162411.56,-262727.1,19.00,19.28,18.09,3642,17.07,0.000,
W4433,DR2,6045489416302016768,162411.60,-262736.2,17.82,18.31,17.04,3635,4.98,1.000,
W4434,DR2,6045489317534579584,162411.60,-262826.1,15.15,15.95,14.27,3643,1.09,0.000,
W4435,DR2,6045489729851489792,162411.70,-262555.6,18.70,19.15,17.80,3592,12.34,1.000,
W4436,DR2,6045489317534568448,162411.72,-262901.9,16.05,16.56,15.35,3613,1.57,1.000,
W4437,DR2,6045489313222743296,162411.75,-262813.0,18.58,19.07,17.68,3641,9.75,1.000,
W4438,DR2,6045489828619135488,162411.81,-262447.2,18.54,18.97,17.72,3582,12.88,0.000,
W4439,DR2,6045489317534572416,162411.91,-262846.0,16.78,17.25,16.08,3633,2.28,1.000,
W4440,DR2,6045489729851484032,162411.92,-262610.5,18.78,18.83,17.63,3561,14.60,0.000,
W4441,DR2,6045489420613821824,162411.98,-262701.8,17.11,17.61,16.39,3580,2.97,0.000,
W4442,DR2,6045489317534569472,162412.02,-262855.3,16.71,17.19,16.01,3629,2.85,1.000,
W4443,DR2,6045489725539854720,162412.02,-262533.6,18.74,19.39,17.70,3588,15.12,0.000,
W4444,DR2,6045489832930730880,162412.04,-262434.9,14.97,15.47,14.29,3618,0.87,0.000,
W4445,DR2,6045489729851482496,162412.13,-262613.8,17.24,17.70,16.52,3595,3.40,1.000,
W4446,DR2,6045489828619174144,162412.27,-262413.1,18.88,19.24,18.05,3583,17.11,0.000,
W4447,DR2,6045489729844832128,162412.28,-262611.9,19.21,20.20,17.83,3605,20.93,0.000,
W4448,DR2,6045486358295214592,162412.35,-262910.8,18.60,19.10,17.70,3610,11.87,1.000,
W4449,DR2,6045489317527821184,162412.36,-262855.6,18.37,18.75,17.29,3573,21.20,0.001,
W4450,DR2,6045489420613817728,162412.39,-262712.8,18.91,19.17,18.08,3577,15.05,0.000,
W4451,DR2,6045489729851495680,162412.43,-262529.6,17.44,17.93,16.72,3615,4.15,1.000,
W4452,DR2,6045489729851491456,162412.51,-262539.4,17.48,17.96,16.74,3627,3.89,1.000,
W4453,DR2,6045489828619162368,162412.62,-262424.9,18.45,18.88,17.66,3612,12.93,0.030,
W4454,DR2,6045489832930736256,162412.64,-262418.2,17.32,17.89,16.53,3613,4.70,0.000,
W4455,DR2,6045489351887599232,162412.90,-262804.1,19.04,19.40,18.05,3612,15.43,1.000,
W4456,DR2,6045489347582533888,162412.93,-262744.8,18.77,19.28,17.80,3597,12.12,0.000,
W4457,DR2,6045489729851478144,162412.97,-262620.8,17.64,18.16,16.88,3646,4.23,1.000,
W4458,DR2,6045489347582533760,162412.98,-262740.0,18.55,19.03,17.66,3633,10.35,1.000,
W4459,DR2,6045491306097565440,162412.99,-262415.5,18.90,19.36,17.97,3616,24.76,1.000,
W4460,DR2,6045486362597063680,162413.01,-262907.7,18.12,18.61,17.34,3594,8.18,0.000,
W4461,DR2,6045489729851479936,162413.06,-262612.6,18.18,18.68,17.34,3626,6.82,0.000,
W4462,DR2,6045489313222712704,162413.10,-262840.7,18.18,18.67,17.35,3611,15.57,1.000,
W4463,DR2,6045489523693045632,162413.11,-262628.2,18.26,18.76,17.42,3614,7.38,1.000,
W4464,DR2,6045489351894321280,162413.11,-262801.5,17.94,18.43,17.15,3622,5.62,1.000,
W4465,DR2,6045489523693040000,162413.26,-262641.3,17.32,17.79,16.59,3597,4.16,1.000,
W4466,DR2,6045489764211234944,162413.31,-262519.5,19.13,19.67,18.14,3639,16.46,1.000,
W4467,DR2,6045491310399483904,162413.38,-262416.3,16.18,16.66,15.50,3606,1.68,1.000,
W4468,DR2,6045489347588173824,162413.55,-262743.7,18.70,19.19,17.80,3633,11.00,1.000,
W4469,DR2,6045489317534971648,162413.58,-262840.0,15.94,16.48,15.22,3629,1.17,1.000,
W4470,DR2,6045489523693036672,162413.64,-262647.0,15.92,16.44,15.21,3629,1.00,1.000,
W4471,DR2,6045489351894326784,162413.64,-262739.9,17.33,17.81,16.60,3642,3.45,1.000,
W4472,DR2,6045489416302064768,162413.74,-262707.9,17.67,18.15,16.89,3576,7.32,1.000,
W4473,DR2,6045489351887599616,162413.81,-262754.0,18.43,19.93,17.06,3620,9.25,1.000,
W4474,DR2,6045489351894318848,162413.93,-262802.1,17.02,17.52,16.30,3628,2.45,1.000,
W4475,DR2,6045489347582485376,162413.93,-262809.9,18.78,19.86,17.52,3611,12.70,0.000,
W4476,DR2,6045489347582535808,162413.99,-262742.1,18.51,19.00,17.54,3609,11.84,1.000,
W4477,DR2,6045489759899612416,162414.00,-262520.3,18.67,19.08,17.87,3629,11.82,0.000,
W4478,DR2,6045489523693033984,162414.02,-262655.1,17.68,17.81,16.36,3616,5.33,0.000,
W4479,DR2,6045486362597061760,162414.08,-262905.6,16.59,17.08,15.89,3644,1.86,1.000,
W4480,DR2,6045486358285187584,162414.15,-262858.3,18.67,19.15,17.77,3608,13.52,0.000,
W4481,DR2,6045489764211224064,162414.38,-262545.8,17.71,18.23,16.94,3600,5.59,0.000,
W4482,DR2,6045489759899621504,162414.44,-262513.9,18.93,19.36,18.00,3461,113.52,0.000,
W4483,DR2,6045489519381278592,162414.52,-262706.2,19.02,19.46,18.04,1836,107.20,1.000,
W4484,DR2,6045489523693046016,162414.61,-262610.9,16.45,16.89,15.73,3631,1.73,1.000,
W4485,DR2,6045489351887565824,162414.61,-262828.1,18.82,19.23,17.96,3637,13.85,0.000,
W4486,DR2,6045491310399482496,162414.67,-262405.7,17.53,18.02,16.81,3619,4.00,1.000,
W4487,DR2,6045489351894312192,162414.68,-262814.5,15.97,16.50,15.25,3642,1.14,1.000,
W4488,DR2,6045489351894331776,162414.69,-262717.1,12.90,13.63,12.06,3681,0.49,1.000,
W4489,DR2,6045489523693046144,162414.71,-262612.5,17.45,17.87,16.32,3637,4.61,1.000,
W4490,DR2,6045489351894319744,162414.75,-262751.2,15.62,17.00,14.44,3692,5.62,1.000,
W4491,DR2,6045489519381322240,162414.78,-262640.7,19.15,19.67,18.16,3620,15.65,1.000,
W4492,DR2,6045489759899557504,162414.78,-262556.1,18.58,19.21,17.56,3606,14.89,0.001,
W4493,DR2,6045489759899608320,162414.82,-262522.4,18.48,18.95,17.61,3598,20.80,1.000,
W4494,DR2,6045489347582586624,162414.84,-262726.5,18.80,19.28,17.84,2835,206.91,1.000,
W4495,DR2,6045489759899573248,162414.92,-262548.6,18.05,18.53,17.24,3613,9.27,1.000,
W4496,DR2,6045489519381295616,162414.93,-262657.2,16.04,16.54,15.31,3608,2.07,1.000,
W4497,DR2,6045489523693026560,162415.01,-262700.0,16.77,17.24,16.06,3626,3.26,1.000,
W4498,DR2,6045486392644968448,162415.01,-262828.1,18.35,18.97,17.43,3623,8.68,0.000,
W4499,DR2,6045489764211230592,162415.12,-262513.7,15.29,15.80,14.60,3632,0.98,0.000,
W4500,DR2,6045489764211223936,162415.16,-262538.9,15.85,16.36,15.16,3639,1.33,1.000,
W4501,DR2,6045489519381307008,162415.18,-262649.4,17.24,18.05,16.22,3624,4.76,0.003,
W4502,DR2,6045489454973548416,162415.25,-262707.0,16.48,16.96,15.78,3571,4.97,1.000,
W4503,DR2,6045489558052787968,162415.33,-262552.4,16.47,16.86,15.74,3627,1.77,1.000,
W4504,DR2,6045489519381360000,162415.35,-262615.9,18.06,18.57,17.28,3615,7.92,0.000,
W4505,DR2,6045486396956805120,162415.36,-262836.7,17.53,18.38,16.38,3519,26.97,0.010,
W4506,DR2,6045489759899629312,162415.37,-262509.1,18.31,18.77,17.52,3572,21.03,0.001,
W4507,DR2,6045489523693038592,162415.42,-262624.1,18.01,18.56,17.19,3614,5.92,0.000,
W4508,DR2,6045489523693026304,162415.43,-262658.3,16.50,16.99,15.80,3572,4.37,1.000,
W4509,DR2,6045489764204571264,162415.45,-262541.3,18.41,18.80,17.62,3545,26.11,0.000,
W4510,DR2,6045486362597059328,162415.46,-262900.2,14.69,15.39,13.87,3638,1.25,0.000,
W4511,DR2,6045491241679985920,162415.47,-262456.1,16.97,17.69,16.07,3640,2.59,0.000,
W4512,DR2,6045489351894310656,162415.54,-262812.2,18.87,19.48,17.74,3633,16.82,0.000,
W4513,DR2,6045491306087906432,162415.65,-262428.4,18.61,19.08,17.76,3608,12.16,0.000,
W4514,DR2,6045486396956802176,162415.77,-262841.0,14.00,14.74,13.16,3643,0.68,0.000,
W4515,DR2,6045489454973539968,162415.78,-262725.3,17.07,17.48,16.25,3629,5.89,1.000,
W4516,DR2,6045486392644965504,162415.84,-262826.5,19.19,19.55,18.06,3637,23.47,1.000,
W4517,DR2,6045489454973538560,162415.89,-262727.2,15.40,16.02,14.60,3636,1.16,1.000,
W4518,DR2,6045486362597060480,162416.05,-262850.4,16.83,17.32,16.13,3586,17.36,1.000,
W4519,DR2,6045489523693033088,162416.09,-262637.3,17.63,18.14,16.89,3630,4.20,1.000,
W4520,DR2,6045486392644986752,162416.09,-262808.3,18.67,19.20,17.77,3631,10.82,1.000,
W4521,DR2,6045489519381306880,162416.18,-262648.6,18.49,19.04,17.64,3623,8.70,1.000,
W4522,DR2,6045486396956797824,162416.54,-262849.1,18.35,18.87,17.50,3574,28.87,1.000,
W4523,DR2,6045486392644990592,162416.57,-262806.4,18.60,19.10,17.69,3640,10.90,1.000,
W4524,DR2,6045489450661777792,162416.75,-262718.5,19.13,19.81,17.96,3635,14.80,0.000,
W4525,DR2,6045489454973530880,162416.92,-262744.4,16.80,17.28,16.08,3588,17.58,1.000,
W4526,DR2,6045486396956794240,162417.16,-262900.4,17.21,17.70,16.48,3621,3.34,1.000,
W4527,DR2,6045486392644965376,162417.20,-262826.4,18.51,19.05,17.63,3612,10.13,1.000,
W4528,DR2,6045486396956800000,162417.25,-262836.3,16.37,16.85,15.68,3622,1.65,1.000,
W4529,DR2,6045486396956795520,162417.31,-262854.6,18.64,19.01,17.85,3610,12.22,0.791,
W4530,DR1,6045476600119453568,162306.25,-263003.2,15.93,,,3659,2.47,,Dup.
W4531,DR1,6045476634486339584,162310.02,-262932.9,18.37,,,3639,10.43,,Dup.
W4532,DR1,6045479658136706048,162322.98,-262314.7,17.68,,,3588,5.44,,Dup.
W4533,DR1,6045466330858737920,162340.85,-262934.0,18.28,,,3620,19.07,,Dup.
W4534,DR1,6045501996271737856,162342.87,-262544.7,17.16,,,3601,9.71,,Dup.
W4535,DR1,6045490412742334208,162400.83,-262534.1,17.66,,,3609,6.29,,Dup.
W4536,DR1,6045478288050468864,162321.43,-262717.7,17.99,,,3641,6.32,,N.DR2
W4537,DR1,6045466537017560448,162337.55,-262839.2,17.05,,,2155,57.05,,N.DR2
W4538,DR1,6045466330858832000,162338.72,-262940.2,18.92,,,878,371.98,,N.DR2
W4539,DR1,6045466743176125696,162341.39,-262654.8,17.54,,,3651,6.28,,N.DR2
W4540,DR1,6045466365218193408,162346.19,-262931.4,17.98,,,3645,11.54,,N.DR2
-------------------------------------------------------------------------------------------------
